Sample ID,Experiment ID,growth_qc,Growth Well ID,16S Well ID,Media,Protocol,Final OD,observation_relative_abundance_defined,included_in_primary_score,data_use_status,contamination_status,Ai,Ac,Bfi,Bf,Bt,Bu,Bx,Ba,Csp,Dl,Ls,Mf,Pm,Bd,Bv,Rg,Af,Ao,As,Bl.s,Col,Cs,Et,Eu.c,Eu.l,Im,Ld,Lsp,Mi,Pc,Va,Vp
2024930_WZY_DM_assembly_Plate1A10,2024930_WZY_DM_assembly_Plate1,,A10,Plate1_A10,Galactose,cycle 5,0.8905,True,True,explicit_user_selected_validation_only,not_assessable,0.023372474087074706,0.0020354406862617682,0.0,0.0020354406862617682,0.004632382251488896,0.010317578651058408,0.01340583348538434,0.4192305937602387,0.006141415863717408,0.16237903543684057,0.012002081287959187,7.018760987102251e-05,0.005404445960070378,0.06008059404961783,0.0,0.0,4.590775476759256e-24,4.590775476759256e-24,4.590775476759256e-24,4.590775476759256e-24,9.079142083876204e-14,0.047476600938949,0.11193173613909146,9.858340068678767e-17,1.163257976244651e-08,1.8527423994978586e-17,1.4912737969797057e-19,2.8809064331605542e-11,1.513002564514265e-11,4.590775476759256e-24,0.11948414742950478,4.590775476759256e-24
2024930_WZY_DM_assembly_Plate1A11,2024930_WZY_DM_assembly_Plate1,,A11,Plate1_A11,Galactose,cycle 5,0.9725,True,True,explicit_user_selected_validation_only,not_assessable,0.04851359589807314,0.00010341294089641129,0.0,0.0014865610253899304,0.0023914242582308504,0.006708914540653342,0.006786474246333688,0.023978875670375457,0.0022880113173344386,0.008104989242792399,0.05422716088281685,0.01546023466400813,0.0029601954331611125,0.2178781398512002,0.0,0.0,1.0464194571207859e-24,1.0464194571207859e-24,1.0464194571207859e-24,1.0464194571207859e-24,0.000782086488464661,0.048081881311036044,0.01939892854093359,0.10750392686515457,0.2018821767453656,0.008885111952754456,2.6995683619210185e-05,0.06278590261456046,0.05779325471907417,1.0464194571207859e-24,0.10197174510777132,1.0464194571207859e-24
2024930_WZY_DM_assembly_Plate1A12,2024930_WZY_DM_assembly_Plate1,,A12,Plate1_A12,Galactose,cycle 5,0.9375,True,True,explicit_user_selected_validation_only,not_assessable,0.12423643831583255,7.532676791098486e-06,0.0,0.0002561110108981948,0.008632447602615414,0.00509208951081605,0.004112841527951621,0.0995217257640752,0.0013860125295671987,0.005069491480426958,0.0001054574750757549,0.05030321561123476,0.0005498854057537626,0.08990249750207636,0.0,0.0,9.182333008373879e-25,9.182333008373879e-25,9.182333008373879e-25,9.182333008373879e-25,0.027140801970627508,0.026105925525549894,0.012183062188155475,0.05095011310998169,0.1393350408875534,0.011895339589829317,0.025048520747710287,0.05791289582125006,0.1667313210259832,9.182333008373879e-25,0.0935212327202441,9.182333008373879e-25
2024930_WZY_DM_assembly_Plate1A1,2024930_WZY_DM_assembly_Plate1,,A1,Plate1_A1,Glucose,cycle 5,1.2345,True,True,explicit_user_selected_validation_only,not_assessable,0.026749880120133407,0.00019732507234770588,0.0,0.0011962832511104432,0.18407962686623244,0.001689595931979708,7.399690213038972e-05,0.022865042758275566,0.008127326417343423,0.006487061753445688,0.0,0.12244020739196941,0.0006043080340673255,0.0059567506214790395,0.0,0.0,9.672476290396378e-25,9.672476290396378e-25,9.672476290396378e-25,9.672476290396378e-25,0.03398487225866315,0.02393826055384397,0.01968926708818277,0.0003119829672672926,0.05559361578660816,0.020253153080860266,0.0369073078537038,0.06165382997209217,0.2802226440051975,9.672476290396378e-25,0.08697766131306649,9.672476290396378e-25
2024930_WZY_DM_assembly_Plate1A2,2024930_WZY_DM_assembly_Plate1,,A2,Plate1_A2,Glucose,cycle 5,1.0345,True,True,explicit_user_selected_validation_only,not_assessable,0.07035903118894253,0.000344897211709961,0.0,0.003717225503993465,0.014638970541501869,0.026595407214104645,0.001341266934431791,0.3576967304561407,0.01203308049746623,0.002414280481965782,0.0,0.03196047495178446,0.005096814350845146,0.15014525283145375,0.0,0.0,3.8530718446366214e-24,3.8530718446366214e-24,3.8530718446366214e-24,3.8530718446366214e-24,1.1963696977957208e-09,0.04311348784772242,0.026718515314970596,2.8253404816397855e-08,0.094372612327581,1.984389323312202e-09,8.672005104662194e-15,0.001789388266629828,2.1723027009445606e-05,3.8530718446366214e-24,0.15764080961757385,3.8530718446366214e-24
2024930_WZY_DM_assembly_Plate1A3,2024930_WZY_DM_assembly_Plate1,,A3,Plate1_A3,Glucose,cycle 5,1.0485,True,True,explicit_user_selected_validation_only,not_assessable,0.0024861459824285573,0.0,0.0,0.0014967613567718903,0.14287728747983058,0.0080926588611797,0.002942785040430006,0.19123028995438612,0.003982907339200447,0.018214824646775245,0.0,0.00669737285063536,0.0022578264534334636,0.11963943319518582,0.0,0.0,2.199556839890932e-24,2.199556839890932e-24,2.199556839890932e-24,2.199556839890932e-24,4.737723496499629e-07,0.03223247408979291,0.024743086752965673,0.0002810122577430258,0.22679260705841017,1.678963879287512e-07,1.0559180658861282e-08,0.05742270637477966,0.045161649447148726,2.199556839890932e-24,0.11344751863098443,2.199556839890932e-24
2024930_WZY_DM_assembly_Plate1A4,2024930_WZY_DM_assembly_Plate1,,A4,Plate1_A4,Glucose,cycle 5,1.0625,True,True,explicit_user_selected_validation_only,not_assessable,0.13965917674446443,0.003437764350629983,0.0,0.007591729607647146,0.036526246225435474,0.04540713746449495,0.0054431268885115,0.2470893127016784,0.035666805137798484,0.10370589124397642,0.0017188821753171494,0.0,0.013034856496158648,0.0875197507600025,0.0,0.002005362537868569,8.430105962760098e-24,8.430105962760098e-24,8.430105962760098e-24,8.430105962760098e-24,7.522384159578558e-17,0.020935106707592306,0.11460584140854449,5.9712786546387235e-15,3.580249262937616e-12,7.8635312771898425e-19,5.560439197291125e-16,5.29436031760799e-13,8.756970997084617e-13,8.430105962760098e-24,0.1356530095448875,8.430105962760098e-24
2024930_WZY_DM_assembly_Plate1A5,2024930_WZY_DM_assembly_Plate1,,A5,Plate1_A5,Glucose,cycle 5,1.0755,True,True,explicit_user_selected_validation_only,not_assessable,0.013066178690745521,0.00047657794616766483,0.0007545817480988026,0.0006751520904041918,0.0024623193885329347,0.0045076330741871205,0.0012510171086901202,0.028157813652721575,0.011735731924387724,0.00047657794616766483,0.001866596955823354,3.971482884726051e-05,0.0010723003788772458,0.31464073154273214,0.0,7.94296576946108e-05,8.767963561575262e-25,8.767963561575262e-25,8.767963561575262e-25,8.767963561575262e-25,0.0009393336325405879,0.03963783958254244,0.022762520600149584,0.13136543875046544,0.22835770476809492,0.007595643270240927,1.3097541167059635e-10,0.07066239741163116,5.464169017474438e-06,8.767963561575262e-25,0.11741130075026407,8.767963561575262e-25
2024930_WZY_DM_assembly_Plate1A6,2024930_WZY_DM_assembly_Plate1,,A6,Plate1_A6,Glucose,cycle 5,1.0595,True,True,explicit_user_selected_validation_only,not_assessable,0.07019349326019694,5.807514610606535e-05,0.0,0.0010259942478734688,0.00025165896645926427,0.004142693755566699,0.0001161502922121307,0.06417303644718284,0.0024972312825632757,0.01920351497907791,0.0,0.0,0.0012002196861941306,0.24904558488498268,0.0014712370346898068,0.0,1.3760173078786831e-24,1.3760173078786831e-24,1.3760173078786831e-24,1.3760173078786831e-24,4.2601698863914484e-07,0.03686280234656489,0.023326426201869616,0.10888112041442252,0.23081152311054268,0.004520402108051269,1.1215839555888863e-09,0.0696977863917764,3.9809174754005576e-05,1.3760173078786831e-24,0.11248081313034075,1.3760173078786831e-24
2024930_WZY_DM_assembly_Plate1A7,2024930_WZY_DM_assembly_Plate1,,A7,Plate1_A7,Galactose,cycle 5,0.9425,True,True,explicit_user_selected_validation_only,not_assessable,0.024209182413716994,0.0005875031715453922,0.0,0.0007900904720783453,0.00044569206117283907,0.0020056142752752065,0.003221138078474637,0.01405955865696364,0.0002836222207459628,0.0047810602925804305,0.05654211557875505,0.0,0.001661215864368844,0.2988567857458888,0.0,0.0,1.6727222319370504e-24,1.6727222319370504e-24,1.6727222319370504e-24,1.6727222319370504e-24,6.421760585057249e-13,0.05319216205376011,0.016053316861007912,0.11130359760471398,0.2276443283371528,0.0016999818162715934,5.07187203556504e-16,0.06886580792353089,6.903126633156469e-09,1.6727222319370504e-24,0.1137972196682274,1.6727222319370504e-24
2024930_WZY_DM_assembly_Plate1A8,2024930_WZY_DM_assembly_Plate1,,A8,Plate1_A8,Galactose,cycle 5,0.9185,True,True,explicit_user_selected_validation_only,not_assessable,0.011803903149567621,0.0007664872175048455,0.0,0.0009197846610064811,0.0116287060712848,0.005715804679114561,0.00538731015732177,0.14011386335991174,0.0024746587307990253,0.0005474908696463183,0.027856335447535345,0.0,0.003197346678736498,0.33180136664047505,0.0,0.0,3.254778456058648e-24,3.254778456058648e-24,3.254778456058648e-24,3.254778456058648e-24,2.2022832199312282e-14,0.05317388584241503,0.007101518391489901,4.703868782985188e-05,0.19722513107914255,1.0475541759023606e-10,7.079361233502768e-19,0.052293437549647166,1.319560131655984e-11,3.254778456058648e-24,0.14794593066859843,3.254778456058648e-24
2024930_WZY_DM_assembly_Plate1A9,2024930_WZY_DM_assembly_Plate1,,A9,Plate1_A9,Galactose,cycle 5,0.8635,True,True,explicit_user_selected_validation_only,not_assessable,0.0016271873302701626,0.00048530148446691764,0.0,0.0008992351035719402,0.02773355247997189,0.012603565023095049,0.00064231078826481,0.10299810329177579,0.002098215241662116,0.05439658697947227,0.009977227577715277,0.0,0.0017699230609939526,0.2360706250471455,0.0,0.0,1.682854110286575e-24,1.682854110286575e-24,1.682854110286575e-24,1.682854110286575e-24,1.6438384202183955e-09,0.043310059906335935,0.044313616392646964,0.05368054200846461,0.22970950242302285,3.257784982915285e-05,2.2372532317479094e-13,0.06596615393365549,7.878594067703776e-08,1.682854110286575e-24,0.11168563364763638,1.682854110286575e-24
2024930_WZY_DM_assembly_Plate1B10,2024930_WZY_DM_assembly_Plate1,,B10,Plate1_B10,Oligo_xylose,cycle 5,0.8885,True,True,explicit_user_selected_validation_only,not_assessable,0.0,0.0,0.012762295336208951,0.0,0.023746670908366928,0.15302432187260914,0.05025703887572601,0.03288271405247957,0.0014434596104390867,0.012304613020735539,0.0,0.004911283308701186,0.010192233102986944,0.029309271358348415,0.0007569361371799788,0.0,1.196008577792452e-24,1.196008577792452e-24,1.196008577792452e-24,1.196008577792452e-24,0.03306563971211638,0.0395678108649598,0.0243775854456754,0.0029056226220906703,0.08102565125602759,5.714492412463795e-09,0.09124972814829671,0.06500085210308501,0.2338901762627566,1.196008577792452e-24,0.09732609028671774,1.196008577792452e-24
2024930_WZY_DM_assembly_Plate1B11,2024930_WZY_DM_assembly_Plate1,,B11,Plate1_B11,Oligo_xylose,cycle 5,0.8875,True,True,explicit_user_selected_validation_only,not_assessable,0.0,0.0009382504098938348,0.004724760992663058,0.0,0.013202523624913858,0.14282628561033583,0.0022004206041502427,0.016106632036476724,0.0022115902518877384,0.051693129725905854,0.0,0.040177222909260846,0.007472494335919589,0.04993949503121204,0.0,0.0,1.2111103520950718e-24,1.2111103520950718e-24,1.2111103520950718e-24,1.2111103520950718e-24,0.029153194132128475,0.04481779915289538,0.04768767276806529,0.018276774279608124,0.11130915983325976,0.007439335824121065,0.07622695273516773,0.06509770223133897,0.17569392821289806,1.2111103520950718e-24,0.09280467529789767,1.2111103520950718e-24
2024930_WZY_DM_assembly_Plate1B12,2024930_WZY_DM_assembly_Plate1,,B12,Plate1_B12,Oligo_xylose,cycle 5,0.9915,True,True,explicit_user_selected_validation_only,not_assessable,1.1624415032469554e-05,0.0010113241078230832,0.004208038241757514,0.0,0.0003138592058770315,0.002034272630680404,0.05185651545986966,0.27346436363906723,0.005219362349580597,0.09007759208631838,5.8122075162347765e-05,0.000441727771233843,0.008729935689354578,0.06878166374715948,0.00026736154574715334,0.0,1.3812419526105616e-24,1.3812419526105616e-24,1.3812419526105616e-24,1.3812419526105616e-24,0.012530146229818708,0.030034823376224384,0.06500849675412748,6.350268976592287e-08,0.17972743287349652,3.435720564740584e-08,1.0607647638254375e-11,0.04020966617502367,0.072911735193916,1.3812419526105616e-24,0.09310183856222638,1.3812419526105616e-24
2024930_WZY_DM_assembly_Plate1B1,2024930_WZY_DM_assembly_Plate1,,B1,Plate1_B1,Fructose,cycle 5,0.8335,True,False,explicit_user_selected_validation_only,not_assessable,0.1229965396051879,0.017558329541910642,0.0,0.005999831200242952,0.023911091989241344,0.02796980133062608,0.02346992793042313,0.00017646562353682577,0.07932129777994483,0.038028341872212296,0.0,0.3233732551315039,0.0005293968706108921,0.002823449976590042,0.0,8.823281176862026e-05,8.100426787167809e-24,8.100426787167809e-24,8.100426787167809e-24,8.100426787167809e-24,5.270534746372227e-15,0.0271788834314065,0.12052433604209725,2.527420634307884e-10,2.563312633344979e-10,0.03140168900426132,9.525233036204824e-18,3.93786829869266e-11,1.4364353808836796e-07,8.100426787167809e-24,0.15464898566644014,8.100426787167809e-24
2024930_WZY_DM_assembly_Plate1B2,2024930_WZY_DM_assembly_Plate1,,B2,Plate1_B2,Fructose,cycle 5,0.8915,True,False,explicit_user_selected_validation_only,not_assessable,0.12345043826596717,0.00018924441226211684,0.0,0.0011354664735727011,0.08919719964608289,0.030300133118855453,0.0017873083380260764,6.308147075400125e-05,0.013331217486015205,0.03946797353512671,0.0,0.0035956438329802203,0.00014719009842634225,0.11251631666812284,0.0,0.0,2.2092777084641926e-24,2.2092777084641926e-24,2.2092777084641926e-24,2.2092777084641926e-24,2.8939292338566596e-10,0.035564455323250956,0.04799605631292587,0.04919975088759481,0.18865444669641057,3.402936602763179e-08,0.026145019829174734,0.06834400322202563,0.06992277969775083,2.2092777084641926e-24,0.09899224036591582,2.2092777084641926e-24
2024930_WZY_DM_assembly_Plate1B3,2024930_WZY_DM_assembly_Plate1,,B3,Plate1_B3,Fructose,cycle 5,0.9065,True,False,explicit_user_selected_validation_only,not_assessable,0.07060310031723346,0.0004890442124066228,0.0,0.0020305966210784456,0.00365720019712877,0.017382332332282556,0.0009036686533612913,0.0,0.0025090094375660493,0.031383880761376014,0.0,0.0,3.189418776563949e-05,0.2614366571152324,0.0,0.0,1.4703013854664282e-24,1.4703013854664282e-24,1.4703013854664282e-24,1.4703013854664282e-24,9.549604879902992e-10,0.04009457341502113,0.03111364803642024,0.12158071157866736,0.22927204936616793,0.003158774792664575,5.1225242868718695e-06,0.07373051500356619,9.766311725798346e-07,1.4703013854664282e-24,0.11061624386164133,1.4703013854664282e-24
2024930_WZY_DM_assembly_Plate1B4,2024930_WZY_DM_assembly_Plate1,,B4,Plate1_B4,Fructose,cycle 5,0.8665,True,False,explicit_user_selected_validation_only,not_assessable,0.6308790036823845,0.0037704141545449026,0.0,0.0005544726697857193,0.0026614688149720275,0.08117479885632362,0.09226425225198054,0.0005544726697857193,0.006986355639299776,0.019406543442471447,0.0,0.0,0.0,0.026282004547821834,0.0,0.0,1.402829052479092e-23,1.402829052479092e-23,1.402829052479092e-23,1.402829052479092e-23,7.165135049527577e-18,1.3572572468095187e-08,3.9605041571845587e-10,2.3073492995440895e-11,2.1152034590387093e-11,1.5666814968752535e-18,1.380147146891375e-11,3.507410499760588e-12,4.052771563099068e-09,1.402829052479092e-23,0.13546619518770106,1.402829052479092e-23
2024930_WZY_DM_assembly_Plate1B5,2024930_WZY_DM_assembly_Plate1,,B5,Plate1_B5,Fructose,cycle 5,0.8965,True,False,explicit_user_selected_validation_only,not_assessable,0.3155628168024675,0.0017969410637283694,0.0,0.0008984705318641847,0.007686914550383263,0.07627016514946912,0.0013976208273460814,0.0003993202363843063,0.041828794761052716,0.07661957035611387,0.16192435585372825,0.0,0.0,0.0009483855614119706,0.0,0.0,7.884914778103098e-24,7.884914778103098e-24,7.884914778103098e-24,7.884914778103098e-24,1.2966530849215686e-17,0.09378655371144208,0.11639750652503737,6.0108464792235515e-12,2.0450239127511074e-11,1.0364784116983301e-17,6.039030963236656e-11,4.335960308829336e-12,4.4413521855148316e-08,7.884914778103098e-24,0.10448253956486175,7.884914778103098e-24
2024930_WZY_DM_assembly_Plate1B6,2024930_WZY_DM_assembly_Plate1,,B6,Plate1_B6,Fructose,cycle 5,0.7905,True,False,explicit_user_selected_validation_only,not_assessable,0.23587479420051613,0.0013375852231802302,0.0,4.1799538224430665e-05,0.0007941912262630193,0.03958416269850908,0.0018391796818757248,0.00025079722934658397,0.02181935895315513,0.048362065725767484,0.062490309645576184,0.0,0.0,0.2735361781407952,0.0,0.0,7.573543091330545e-24,7.573543091330545e-24,7.573543091330545e-24,7.573543091330545e-24,4.40985712798826e-18,0.07566687877382741,0.07233478048960582,8.515976926401797e-10,3.1301502594361515e-08,4.215765285836378e-16,1.5160293579066597e-14,3.4131036204999186e-08,2.0378239945344597e-11,7.573543091330545e-24,0.16606785216882725,7.573543091330545e-24
2024930_WZY_DM_assembly_Plate1B7,2024930_WZY_DM_assembly_Plate1,,B7,Plate1_B7,Oligo_xylose,cycle 5,0.9945,True,True,explicit_user_selected_validation_only,not_assessable,0.0,0.0017141787661300602,0.00689193791588438,0.0,0.0021955577347005134,0.10524587986035336,0.029176261875595015,0.1774292432453163,0.00024655995951192145,0.03139530151119172,0.0,0.0,0.007420280686280305,0.03457709908396903,0.0022894853383249847,0.00014089140543538367,1.292444408776686e-24,1.292444408776686e-24,1.292444408776686e-24,1.292444408776686e-24,0.029556409547030718,0.03581512047184309,0.03146074958605442,1.0798410098568832e-05,0.13480713670634106,1.2768142532078619e-11,0.06058860635395185,0.053459581718826255,0.15921221929935625,1.292444408776686e-24,0.0963667005110365,1.292444408776686e-24
2024930_WZY_DM_assembly_Plate1B8,2024930_WZY_DM_assembly_Plate1,,B8,Plate1_B8,Oligo_xylose,cycle 5,0.8925,True,True,explicit_user_selected_validation_only,not_assessable,0.0,0.0027571789282215165,0.019300252497550616,0.0,0.000525176938710133,0.04271439101502973,0.0011378833672033792,0.05413698943194744,0.0012691776018818669,0.13072529299433497,0.0003063532142472594,0.07706971575565252,0.020350606374968334,0.09483820218201137,0.05606263820729811,0.00039388270403164523,2.4856145487438455e-24,2.4856145487438455e-24,2.4856145487438455e-24,2.4856145487438455e-24,1.500950887054862e-07,0.04548185526872937,0.08796285435165314,0.0003369585970997621,0.1747306768805479,0.009306199642780478,9.486333204709224e-09,0.057178255553361326,0.01719585897524109,2.4856145487438455e-24,0.10621943993607606,2.4856145487438455e-24
2024930_WZY_DM_assembly_Plate1B9,2024930_WZY_DM_assembly_Plate1,,B9,Plate1_B9,Oligo_xylose,cycle 5,0.8505,True,True,explicit_user_selected_validation_only,not_assessable,0.00013738443068819073,0.0017585207128071262,0.018876620776526368,0.0,0.00038467640592686805,0.02538864279109413,0.04256169662722104,0.40726240633122335,0.005935007405730235,0.10232392397646774,0.0,0.0740502081409386,0.0018684282573586024,0.012172260558968783,0.00019233820296343402,0.00032972263365113,3.221083378236769e-24,3.221083378236769e-24,3.221083378236769e-24,3.221083378236769e-24,7.326557165356486e-07,0.040020623201381535,0.07586694850099973,3.249138422743157e-11,0.04301533806020165,0.0002397724254291216,2.004257519245277e-15,7.5345215667073844e-06,0.019881297329913738,3.221083378236769e-24,0.12772591602073205,3.221083378236769e-24
2024930_WZY_DM_assembly_Plate1C10,2024930_WZY_DM_assembly_Plate1,,C10,Plate1_C10,Xylan,cycle 5,0.8855,True,True,explicit_user_selected_validation_only,not_assessable,0.0,3.585226042050885e-05,0.002688919531545991,0.0,0.04890248321366883,0.177146018738118,0.023734196398378322,0.0019360220627114438,0.0032625556982691234,0.01552402876210131,0.0,0.001254829114717288,0.010648121344954683,0.05001390328664272,0.0,0.00017926130210306606,2.038246427556107e-24,2.038246427556107e-24,2.038246427556107e-24,2.038246427556107e-24,0.0002649089597265587,0.046427025049747425,0.03076538948336185,0.0089920901105112,0.09581359169161377,9.481298653181546e-15,0.10163098060752007,0.07226735540172337,0.20418808189938528,2.038246427556107e-24,0.10432438508276964,2.038246427556107e-24
2024930_WZY_DM_assembly_Plate1C11,2024930_WZY_DM_assembly_Plate1,,C11,Plate1_C11,Xylan,cycle 5,0.9635,True,True,explicit_user_selected_validation_only,not_assessable,6.846550717802323e-05,3.4232753588974575e-05,0.004159279561063596,0.0,0.02298729403504406,0.0970327400479165,0.023398087078069087,0.12886920088550433,1.7116376794487287e-05,0.002156663476107324,0.0,0.005888033617306887,0.008130278977379609,0.08962134889570106,0.0,0.0001026982607673682,1.446824313931067e-24,1.446824313931067e-24,1.446824313931067e-24,1.446824313931067e-24,0.021244313534046343,0.03652374337667821,0.014632669023608219,0.014139453414782259,0.17414038254211545,1.357518591862084e-07,0.05923696625546911,0.06146825608124623,0.13108908118887835,1.446824313931067e-24,0.10505955935889533,1.446824313931067e-24
2024930_WZY_DM_assembly_Plate1C12,2024930_WZY_DM_assembly_Plate1,,C12,Plate1_C12,Xylan,cycle 5,0.8945,True,True,explicit_user_selected_validation_only,not_assessable,0.0007384710839181277,0.0009494628221804499,0.011340805931599817,0.0,0.07131520753275836,0.033336694645455404,0.006487995951579151,0.2944389707452915,0.0006329752147869665,0.06582942233796346,0.0,0.012237520819223182,0.0028483884665371014,0.19047279171650677,0.0019516735789286042,0.0,4.1484590184794164e-24,4.1484590184794164e-24,4.1484590184794164e-24,4.1484590184794164e-24,9.270234962476138e-12,0.05062226654142955,0.052977743573116125,2.2196355503837395e-08,0.045964608397709945,1.2362077567976234e-12,2.019687060392794e-14,0.0021781726071497297,1.2621632377201707e-07,4.1484590184794164e-24,0.15567667961065987,4.1484590184794164e-24
2024930_WZY_DM_assembly_Plate1C1,2024930_WZY_DM_assembly_Plate1,,C1,Plate1_C1,Xylose,cycle 5,0.8155,True,True,explicit_user_selected_validation_only,not_assessable,0.018356262872725494,0.0003311696910026758,0.0103924203033789,0.000126159882287,0.11572015202730854,0.0059610544380548774,0.0018608582637301733,0.10231566453460149,0.002412807748736498,0.0003469396762884109,0.0,0.13473875428259208,3.153997057169406e-05,0.05443798920679183,0.0,0.0,2.185210469716184e-24,2.185210469716184e-24,2.185210469716184e-24,2.185210469716184e-24,0.00039691493803729416,0.028822966222506102,0.0036755995400038098,0.00047735424713123874,0.10748817888889518,0.021922118479633018,4.961982520952317e-10,0.05806753678757872,0.22521469494726182,2.185210469716184e-24,0.1069028625546849,2.185210469716184e-24
2024930_WZY_DM_assembly_Plate1C2,2024930_WZY_DM_assembly_Plate1,,C2,Plate1_C2,Xylose,cycle 5,0.9295,True,True,explicit_user_selected_validation_only,not_assessable,0.11427577549221046,0.000275363314438731,0.0450997219778687,5.986159009549795e-05,0.10196823256831195,0.004202283624700599,0.006931972133028445,0.01690491304296191,0.0009817300775650472,0.019502906053083018,0.0,0.05211550033709687,0.0001316954982100955,0.02350166027147123,0.0,7.183390811459755e-05,1.092971121606735e-24,1.092971121606735e-24,1.092971121606735e-24,1.092971121606735e-24,0.03398378500470613,0.022322817546136946,0.019620434294411664,0.006285594906248502,0.06825172349680106,0.011932729670389079,0.047563181885613724,0.06073234234655005,0.26094448375563517,1.092971121606735e-24,0.08233945720435051,1.092971121606735e-24
2024930_WZY_DM_assembly_Plate1C3,2024930_WZY_DM_assembly_Plate1,,C3,Plate1_C3,Xylose,cycle 5,0.8765,True,True,explicit_user_selected_validation_only,not_assessable,0.09262735257259683,0.0011292193337604835,0.004548244538775805,0.0,0.05486123929872233,0.000564609666882072,0.017157860432443692,0.20071873657712472,0.000219570426009898,0.04491783572085951,0.0,0.04469826529482308,0.000219570426009898,0.01665598517304949,0.0,0.000595976870597641,1.787247305980192e-24,1.787247305980192e-24,1.787247305980192e-24,1.787247305980192e-24,0.003093724615055809,0.02563058906552426,0.03362978247302468,2.4589642770575284e-07,0.11600989769744718,0.008842995079135246,9.974932775923423e-07,0.04633040179369652,0.19520931155710253,1.787247305980192e-24,0.09233758799765314,1.787247305980192e-24
2024930_WZY_DM_assembly_Plate1C4,2024930_WZY_DM_assembly_Plate1,,C4,Plate1_C4,Xylose,cycle 5,0.8405,True,True,explicit_user_selected_validation_only,not_assessable,0.11691084636850621,0.00143441618440127,0.03813650301840526,0.0001541108297289523,0.034354860350402645,0.0011143398457365116,0.0005808792812872772,0.10991658563427055,0.001090630487316162,0.01797169368225315,0.0,0.0,0.0,0.0946121947747883,0.0,0.00021338422577916246,1.29729422598567e-24,1.29729422598567e-24,1.29729422598567e-24,1.29729422598567e-24,0.022391511877863392,0.025106785183717017,0.019428617940580546,0.03785068754952824,0.16263555303169044,0.0007866485717600173,0.025905386476470393,0.05734670566295997,0.14032846833430077,1.29729422598567e-24,0.09172919068825368,1.29729422598567e-24
2024930_WZY_DM_assembly_Plate1C5,2024930_WZY_DM_assembly_Plate1,,C5,Plate1_C5,Xylose,cycle 5,0.7795,True,True,explicit_user_selected_validation_only,not_assessable,0.08395406886087248,0.0009544327862765849,0.11510819565806509,0.00041418781291276867,0.08454833833159775,0.0016927675832115999,0.0011885389414056113,0.11995239225248992,0.0011885389414056113,0.028182779443835942,0.0002341061551245302,0.0,9.004082889411925e-05,0.013704214157663009,0.0,0.00030613881824018526,1.7562636220357468e-24,1.7562636220357468e-24,1.7562636220357468e-24,1.7562636220357468e-24,0.03530173091794233,0.01978859186242762,0.024822003729688187,1.8569261640548055e-05,0.05931256435898065,6.861469053284609e-11,0.041042950353432826,0.047528566032410735,0.23686563872820834,1.7562636220357468e-24,0.08380064411465891,1.7562636220357468e-24
2024930_WZY_DM_assembly_Plate1C6,2024930_WZY_DM_assembly_Plate1,,C6,Plate1_C6,Xylose,cycle 5,0.9555,True,True,explicit_user_selected_validation_only,not_assessable,0.0021789958579727744,0.00016879545378673422,0.027099342853393216,0.00027621074256011055,0.11022343132269953,0.0027927975081063535,0.011677576393754854,0.13469877212167225,0.0007979421451722218,0.0019334751979164812,0.0011201880114916352,0.0,9.207024752003683e-05,0.11939976599232675,0.025257937902935245,7.672520626669737e-05,1.3973505420799629e-24,1.3973505420799629e-24,1.3973505420799629e-24,1.3973505420799629e-24,0.00988598511451684,0.02649982312108739,0.009413635586625497,0.041016879947689364,0.18286526811733417,0.00013918138953789496,0.002047742267095257,0.059465819602918156,0.12764402448679796,1.3973505420799629e-24,0.1032276134088224,1.3973505420799629e-24
2024930_WZY_DM_assembly_Plate1C7,2024930_WZY_DM_assembly_Plate1,,C7,Plate1_C7,Xylan,cycle 5,0.8385,True,True,explicit_user_selected_validation_only,not_assessable,0.0,0.00011254047845006536,0.002881036248327614,0.0,0.015395537451997374,0.14528975767959507,0.003758851980238442,0.01836660608307528,0.000765275253462354,0.017263709394304633,0.0,0.0019807124207239088,0.0072250987165331316,0.10034109058649902,0.0010578804974326302,0.00011254047845006536,1.036035514803645e-24,1.036035514803645e-24,1.036035514803645e-24,1.036035514803645e-24,0.02804473684571119,0.04402743125823492,0.026888134268791723,0.06397804640976712,0.1446310857642138,9.547279703812625e-06,0.07772515196261917,0.06785737697334109,0.13260594501268114,1.036035514803645e-24,0.09968190695584647,1.036035514803645e-24
2024930_WZY_DM_assembly_Plate1C8,2024930_WZY_DM_assembly_Plate1,,C8,Plate1_C8,Xylan,cycle 5,0.7715,True,True,explicit_user_selected_validation_only,not_assessable,0.00013599778229151117,0.0007479878026003318,0.07544476972625085,0.0,0.02655356699238254,0.019787677323389548,0.050795171685821316,0.016761726667435455,0.003331945666137554,0.03348945388921386,0.0,0.043315293659818004,0.009893838661694774,0.08887455072763814,0.0184616989460421,0.00044199279244666633,1.4549746535845998e-24,1.4549746535845998e-24,1.4549746535845998e-24,1.4549746535845998e-24,0.024664566300943748,0.02669733695999923,0.030488239824086362,0.0524271390721557,0.13209619865545183,0.008524746727997903,0.03342369291928726,0.056767056980065636,0.15593740610176496,1.4549746535845998e-24,0.09093794413508469,1.4549746535845998e-24
2024930_WZY_DM_assembly_Plate1C9,2024930_WZY_DM_assembly_Plate1,,C9,Plate1_C9,Xylan,cycle 5,0.8225,True,True,explicit_user_selected_validation_only,not_assessable,0.0,0.0016731177702425503,0.03328309278662294,0.0,0.031012432955639168,0.03244653390155864,0.003943777601292793,0.032984321756242836,0.0011353299155203742,0.10122362509980723,0.0,0.06662593977941686,0.026530867499557728,0.0034657439526466394,0.1324153206735795,0.0,1.8545485217223747e-24,1.8545485217223747e-24,1.8545485217223747e-24,1.8545485217223747e-24,0.004241284609304039,0.03318207165574748,0.06827150971992563,2.340509770012471e-06,0.01051139953772331,0.00893788199561501,0.006001453046655722,0.059629611154776704,0.2488495926751697,1.8545485217223747e-24,0.0936327514031853,1.8545485217223747e-24
2024930_WZY_DM_assembly_Plate1D10,2024930_WZY_DM_assembly_Plate1,,D10,Plate1_D10,Sucrose,cycle 5,1.0385,True,True,explicit_user_selected_validation_only,not_assessable,0.010746304756467586,0.0,0.0,0.0016419667472809965,0.003443228776010883,0.0005023928107348793,0.00047788584435842833,0.006629134405051396,0.002070838658882604,0.004864632825884227,0.0,2.4506966377313094e-05,0.0004411253947917925,0.3404385234304581,0.0,0.0,7.654048378536768e-25,7.654048378536768e-25,7.654048378536768e-25,7.654048378536768e-25,0.0015262404491549226,0.03965705530746676,0.014523644028636984,0.1398675091674474,0.23424034390865614,0.007882027694635028,7.623088271672224e-12,0.07327051272799269,2.268346023096524e-06,7.654048378536768e-25,0.11774985774606565,7.654048378536768e-25
2024930_WZY_DM_assembly_Plate1D11,2024930_WZY_DM_assembly_Plate1,,D11,Plate1_D11,Sucrose,cycle 5,1.0475,True,True,explicit_user_selected_validation_only,not_assessable,0.029816315886991993,0.0,0.0,0.0006404009729340949,0.0014220668663734815,0.004652324715153824,0.00017893556596736238,0.007232763929611428,8.47589523003717e-05,0.0024203389712431017,0.0,0.001676343723274196,0.00030136516373461045,0.32348725028467223,0.0,0.0,7.821652935878419e-25,7.821652935878419e-25,7.821652935878419e-25,7.821652935878419e-25,0.005104488738579573,0.039083625622922565,0.011169944362380793,0.13852669092624872,0.23461651683333293,0.008048902839761611,1.5253346499859828e-06,0.07390670823784974,0.00044103389963641985,7.821652935878419e-25,0.1171876981723809,7.821652935878419e-25
2024930_WZY_DM_assembly_Plate1D12,2024930_WZY_DM_assembly_Plate1,,D12,Plate1_D12,Sucrose,cycle 5,1.0265,True,True,explicit_user_selected_validation_only,not_assessable,0.1619083837856361,0.00011095314975900537,0.0,0.000582504036236647,0.0020248949830994453,0.003772407091804047,0.0014146526594265175,0.011594604149817663,0.014396171181223738,0.014812245492821346,0.0,0.011955201886553387,0.0016920355338267007,0.14290765688970145,0.0,0.0,1.0428352211737538e-24,1.0428352211737538e-24,1.0428352211737538e-24,1.0428352211737538e-24,0.01074689608096212,0.029695468129070035,0.03259887323419319,0.09038571839723444,0.17041156052256862,0.00807482218712529,0.03077553367583259,0.06375689734546972,0.103547982836489,1.0428352211737538e-24,0.09283453675114899,1.0428352211737538e-24
2024930_WZY_DM_assembly_Plate1D1,2024930_WZY_DM_assembly_Plate1,,D1,Plate1_D1,Maltose,cycle 5,0.9025,True,True,explicit_user_selected_validation_only,not_assessable,0.0008355429703062395,0.00015596802112319923,0.0,0.00016710859406051846,0.021445602904449006,0.007553308451554983,0.0032641878706505933,0.10520043024731157,0.001381431044231966,0.0009023864079257786,0.0,0.023941091242391018,0.0007575589597391692,0.25451752932716604,0.0,0.0,1.4246615206073005e-24,1.4246615206073005e-24,1.4246615206073005e-24,1.4246615206073005e-24,5.594518270080654e-06,0.0368345421808084,0.011336670012625812,0.10127757727859224,0.23401018638310606,0.009342574473787987,1.8543533779981784e-14,0.0680977881783887,1.668813959902259e-05,1.4246615206073005e-24,0.11895623279389322,1.4246615206073005e-24
2024930_WZY_DM_assembly_Plate1D2,2024930_WZY_DM_assembly_Plate1,,D2,Plate1_D2,Maltose,cycle 5,0.9905,True,True,explicit_user_selected_validation_only,not_assessable,0.0005098773919289752,0.0001942390064492167,0.0,0.0,0.013523890824029994,0.0007526761499918079,0.0018331306233606566,0.06510648697419519,0.0007769560257968668,0.005025934291868745,0.0,0.0009590550943435541,0.0004370377645103003,0.30761388652608446,0.0,0.0,1.1387176341476855e-24,1.1387176341476855e-24,1.1387176341476855e-24,1.1387176341476855e-24,9.168317822615624e-07,0.03806706392937314,0.013090619618289117,0.124795300856126,0.2325449429616234,0.007036611661594998,5.714872844501457e-16,0.0698026294317039,4.297606409292819e-08,1.1387176341476855e-24,0.1179287010608828,1.1387176341476855e-24
2024930_WZY_DM_assembly_Plate1D3,2024930_WZY_DM_assembly_Plate1,,D3,Plate1_D3,Maltose,cycle 5,0.9495,True,True,explicit_user_selected_validation_only,not_assessable,0.009447090552729912,0.00045985837611179346,0.0,0.0007397721702664987,0.0015595197102924684,0.0039487838818322765,0.0022093195895838674,0.055422931242739545,0.00013995689707735261,0.001629498158830571,0.0007897567763676032,0.0005898183519689252,0.00040987377001298496,0.3141632462545575,0.0,0.0,1.1210920037325252e-24,1.1210920037325252e-24,1.1210920037325252e-24,1.1210920037325252e-24,1.0955319035124576e-06,0.038723025917176454,0.010674945435206582,0.1282824191358842,0.23400335625904528,0.007092345267917347,8.44844759409604e-15,0.07083908152998387,3.935590054862086e-08,1.1210920037325252e-24,0.11887426583460259,1.1210920037325252e-24
2024930_WZY_DM_assembly_Plate1D4,2024930_WZY_DM_assembly_Plate1,,D4,Plate1_D4,Maltose,cycle 5,0.9865,True,True,explicit_user_selected_validation_only,not_assessable,0.0038518734799953313,0.00020635036499979525,0.0,0.00017195863749972352,0.01556798864829594,0.005353645580822271,0.0017769059208275128,0.050131674785756884,0.0005158759124991706,0.00946918897164196,0.0,0.0021896066508283736,0.0005502676399992423,0.30168423362960034,0.002705482563326274,0.0,1.2403604362963619e-24,1.2403604362963619e-24,1.2403604362963619e-24,1.2403604362963619e-24,4.5213408811945296e-08,0.038738893026716924,0.01560398969746368,0.12439329219957694,0.23236761710694526,0.006603561556015402,4.57701177505188e-14,0.07089971800016831,2.4691961046500495e-08,1.2403604362963619e-24,0.11721780572160521,1.2403604362963619e-24
2024930_WZY_DM_assembly_Plate1D5,2024930_WZY_DM_assembly_Plate1,,D5,Plate1_D5,Maltose,cycle 5,0.9975,True,True,explicit_user_selected_validation_only,not_assessable,0.001819910195156423,0.00013847142789257165,0.0,0.00014836224417009744,0.0045003214064982784,0.0010978806068604723,0.0022452152951111487,0.058622868080036604,0.0007220295882959507,0.008347848938658222,0.0005637765278493575,0.0013352601975355125,0.0005044316301790523,0.3132817147900802,0.0,0.0,1.0059497766473237e-24,1.0059497766473237e-24,1.0059497766473237e-24,1.0059497766473237e-24,2.0668321985097513e-05,0.03872243914551156,0.014968430990571985,0.12684083023127482,0.2314640403569296,0.007483796183996396,8.169710649739502e-16,0.06972133235710536,1.549482460425751e-07,1.0059497766473237e-24,0.11745021653605434,1.0059497766473237e-24
2024930_WZY_DM_assembly_Plate1D6,2024930_WZY_DM_assembly_Plate1,,D6,Plate1_D6,Maltose,cycle 5,0.9395,True,True,explicit_user_selected_validation_only,not_assessable,0.006386175142404243,0.0004052496261047175,0.0,0.00018166362549549417,0.0018725327551055134,4.192237511431607e-05,0.0027668767575413393,0.07991802109313052,9.781887526643517e-05,0.0009502405025917335,0.0,0.0002375601256476666,0.0006428097517502499,0.30705344946223795,0.0,0.0,1.0421097769896634e-24,1.0421097769896634e-24,1.0421097769896634e-24,1.0421097769896634e-24,7.647144614155039e-05,0.03754628011907647,0.009922362448732744,0.12395814865154078,0.23278066562898128,0.007216492614969437,2.5369465885832045e-16,0.06904741061784565,6.476537364602309e-07,1.0421097769896634e-24,0.11889720072658531,1.0421097769896634e-24
2024930_WZY_DM_assembly_Plate1D7,2024930_WZY_DM_assembly_Plate1,,D7,Plate1_D7,Sucrose,cycle 5,1.0385,True,True,explicit_user_selected_validation_only,not_assessable,0.11137703980254211,6.160234502333535e-05,0.0,0.0004928187601865376,0.0034189301487965993,0.0058214216047073305,0.002556497318467437,0.1597964829904458,0.021992037173350094,0.03782383984435939,0.015154176875756894,0.0,0.00012320469004681583,0.10524760647262703,0.0,3.080117251163139e-05,1.4173317281591562e-24,1.4173317281591562e-24,1.4173317281591562e-24,1.4173317281591562e-24,0.000998135013501465,0.035675171615720175,0.05535554918512623,0.006064074842091677,0.1885969000215488,0.00035238943058235985,2.0765301468230413e-05,0.054571990124845496,0.09618239008801835,1.4173317281591562e-24,0.09828617517827627,1.4173317281591562e-24
2024930_WZY_DM_assembly_Plate1D8,2024930_WZY_DM_assembly_Plate1,,D8,Plate1_D8,Sucrose,cycle 5,1.0065,True,True,explicit_user_selected_validation_only,not_assessable,0.029046894421550878,4.290530933758915e-05,0.0,0.000626417516328197,0.0011241191046466494,0.0015102668886859596,0.00047195840271348064,0.05146062801968238,0.007705793557035445,0.009936869642567913,0.00015445911361522017,0.002891817849352098,0.00030891822723094417,0.2900313100601668,0.0,0.0,9.840459515550945e-25,9.840459515550945e-25,9.840459515550945e-25,9.840459515550945e-25,0.0002630362201495983,0.0381081334268049,0.023429797900041877,0.12330478865310487,0.2275785275416378,0.007712771743376745,6.390643634753745e-12,0.06918202379925398,2.7985686738698362e-05,9.840459515550945e-25,0.11508057690958726,9.840459515550945e-25
2024930_WZY_DM_assembly_Plate1D9,2024930_WZY_DM_assembly_Plate1,,D9,Plate1_D9,Sucrose,cycle 5,0.9825,True,True,explicit_user_selected_validation_only,not_assessable,0.0029478835530227184,0.00011369247862921403,0.0,0.00019490139193545358,0.001080078546974422,0.00012993426129046196,0.0,0.005319183821585017,8.932980463686352e-05,0.006309932563922096,0.00017053871794358173,0.0,0.00042228634919340305,0.35256849711976423,0.0,2.4362673991919735e-05,9.348452909808962e-25,9.348452909808962e-25,9.348452909808962e-25,9.348452909808962e-25,2.3093886185012493e-07,0.040316786788413043,0.013225660143295272,0.14153273327498075,0.23552856883888723,0.007826064683860347,5.045111293570741e-16,0.0736645295311378,3.5953545133389236e-10,9.348452909808962e-25,0.11853480415813838,9.348452909808962e-25
2024930_WZY_DM_assembly_Plate1E10,2024930_WZY_DM_assembly_Plate1,,E10,Plate1_E10,Rhamonse,cycle 5,0.7445,True,True,explicit_user_selected_validation_only,not_assessable,0.2851065576757781,0.00014857037919572855,0.0,0.0,0.0850119709755352,0.00023771260671243802,0.0,0.0,0.00020799853087383806,0.0026445527496808756,0.0,0.009983929481933312,0.00032685483423005706,0.010073071709440015,0.0,0.01830387071683226,1.7765273158693317e-24,1.7765273158693317e-24,1.7765273158693317e-24,1.7765273158693317e-24,0.003870656655526807,0.02174873331934405,0.008262103374646291,0.00013626458136906393,0.014463164248404084,0.0028164569500975043,0.06016968785716013,0.06899743880583804,0.32425843205293015,1.7765273158693317e-24,0.08323197249447213,1.7765273158693317e-24
2024930_WZY_DM_assembly_Plate1E11,2024930_WZY_DM_assembly_Plate1,,E11,Plate1_E11,Rhamonse,cycle 5,0.7305,True,True,explicit_user_selected_validation_only,not_assessable,0.05214237016214433,0.0,0.0,0.0,0.014220646407851886,0.00010795521772673355,0.0,0.0,0.0005005196458249656,0.0006673595277653751,0.0,0.014848749492818523,0.00017665399264414213,0.2941877824163834,0.0,0.0036214068492033567,1.2163728710077457e-24,1.2163728710077457e-24,1.2163728710077457e-24,1.2163728710077457e-24,6.507932656259275e-07,0.03747254823542694,0.01024645100471292,0.13738848726835728,0.23489744708961338,0.009492892663301045,5.253949141325537e-10,0.07456386970126538,2.9996960960397836e-05,1.2163728710077457e-24,0.11543421204533934,1.2163728710077457e-24
2024930_WZY_DM_assembly_Plate1E12,2024930_WZY_DM_assembly_Plate1,,E12,Plate1_E12,Rhamonse,cycle 5,0.6965,True,True,explicit_user_selected_validation_only,not_assessable,0.059236581858667876,0.0,0.00011223604628796519,0.0,0.009355676144175262,6.413488359337889e-05,0.0,4.810116269482517e-05,0.0002886069761693093,0.007792388356580308,0.0,0.022246787746350666,0.00014430348808435608,0.2202792745610887,0.06622728417021899,0.003070457552021743,1.166285398086746e-24,1.166285398086746e-24,1.166285398086746e-24,1.166285398086746e-24,1.5116010492667656e-07,0.033126030470509486,0.012716934835049808,0.11627691374297403,0.20185496328721256,0.009087209820450885,6.459908059136149e-10,0.0702149947190011,0.05770260834547202,1.166285398086746e-24,0.11015436002730103,1.166285398086746e-24
2024930_WZY_DM_assembly_Plate1E1,2024930_WZY_DM_assembly_Plate1,,E1,Plate1_E1,Lactose,cycle 5,0.8715,True,True,explicit_user_selected_validation_only,not_assessable,0.0059147763219177165,0.0004500373288425094,0.0,0.010125839898948975,0.007682780113802212,0.0017358582683929642,0.012408172066638077,0.48980134139813486,0.0007714925637293743,0.10460153343224965,0.0,0.010833041415687798,0.005657612134015412,0.05451880783690574,0.0,0.0004821828523310462,2.9247435334967712e-24,2.9247435334967712e-24,2.9247435334967712e-24,2.9247435334967712e-24,6.717315072364526e-07,0.03781340251932075,0.07122024022573527,4.536058762864195e-14,0.0612798788897288,1.5622814155665927e-12,6.784296413536522e-20,5.510547106438244e-06,2.1683144862711062e-05,2.9247435334967712e-24,0.1246751373085347,2.9247435334967712e-24
2024930_WZY_DM_assembly_Plate1E2,2024930_WZY_DM_assembly_Plate1,,E2,Plate1_E2,Lactose,cycle 5,0.8545,True,True,explicit_user_selected_validation_only,not_assessable,0.04444235415082558,0.0010335431197879025,0.0,0.012482020754362425,0.03661127743566596,0.001351556387416117,0.015065878553837602,0.2923336962665841,0.005207467257404155,0.049729324725202396,0.04710571526720835,0.008387599933664613,0.033431144759362125,0.16345881956036884,0.0,0.0,4.236170576893526e-24,4.236170576893526e-24,4.236170576893526e-24,4.236170576893526e-24,7.197074005080467e-10,0.056281527732400013,0.05112355402565412,3.6907929619563225e-08,0.032556425671050084,8.342384560534909e-13,4.8840468079475306e-15,0.00011465316630005946,5.376795318331382e-06,4.236170576893526e-24,0.14927802680911098,4.236170576893526e-24
2024930_WZY_DM_assembly_Plate1E3,2024930_WZY_DM_assembly_Plate1,,E3,Plate1_E3,Lactose,cycle 5,0.9325,True,True,explicit_user_selected_validation_only,not_assessable,0.020850287456139767,0.005425329899308497,0.0,0.01850994906822899,0.033828527607400544,0.018722707103495988,0.0012765482116019991,0.46445079098854236,0.002765854458470998,0.10393230022785079,0.01744615889189399,0.0,0.02521182717911327,0.034573180730756395,0.0,0.0,5.120426030985915e-24,5.120426030985915e-24,5.120426030985915e-24,5.120426030985915e-24,2.4433277224881804e-11,0.04343704470786546,0.07724214236875619,1.9724189249995515e-15,2.436042452361567e-08,8.7364799093508e-18,3.7205107734385666e-17,2.3898473440976612e-11,2.112918262933724e-09,5.120426030985915e-24,0.13232732457889823,5.120426030985915e-24
2024930_WZY_DM_assembly_Plate1E4,2024930_WZY_DM_assembly_Plate1,,E4,Plate1_E4,Lactose,cycle 5,0.8065,True,True,explicit_user_selected_validation_only,not_assessable,0.009462072013563728,0.00021026826696833882,0.0,0.03953043419005691,0.13352034952513703,0.00021026826696833882,0.001892414402717353,0.41906465606821947,0.007990194144783053,0.009672340280538977,0.011564754683270152,0.0,0.05656216381468356,0.1364641052625141,0.0,0.0,8.998810479954025e-24,8.998810479954025e-24,8.998810479954025e-24,8.998810479954025e-24,4.6483474303771945e-14,0.00010269550622639886,2.926989494503338e-07,2.8292957631968152e-14,9.454172091396825e-11,2.360086696905947e-18,1.2466774850308997e-17,8.149586262089889e-13,8.02616200637863e-12,8.998810479954025e-24,0.17375299077194553,8.998810479954025e-24
2024930_WZY_DM_assembly_Plate1E5,2024930_WZY_DM_assembly_Plate1,,E5,Plate1_E5,Lactose,cycle 5,0.9085,True,True,explicit_user_selected_validation_only,not_assessable,0.0,0.0016439354550695732,0.0,0.009211707291359835,0.06028708125760368,0.007255990974112956,0.0013888420223934785,0.36271451756186684,0.00637733581709283,0.07307009660646059,0.0018423414582761997,0.0,0.024007126386985992,0.011961047621443802,0.0011904360191868522,0.0,2.0666479542411086e-24,2.0666479542411086e-24,2.0666479542411086e-24,2.0666479542411086e-24,0.018187178704982536,0.029720124314212705,0.05890859640357936,9.718015454114131e-12,0.1359633691003661,7.487558242073788e-13,5.62427426535636e-11,0.009337215564362879,0.08806665423643542,2.0666479542411086e-24,0.0988664031374988,2.0666479542411086e-24
2024930_WZY_DM_assembly_Plate1E6,2024930_WZY_DM_assembly_Plate1,,E6,Plate1_E6,Lactose,cycle 5,0.9105,True,True,explicit_user_selected_validation_only,not_assessable,0.04352535363859716,0.0,0.0,0.029275981911738806,0.0873097867632823,0.044950290811562835,0.014897070441836465,0.0693037624903593,0.006347447405631631,0.019042342216929443,0.016322007614525756,0.0,0.06321539457057382,0.3194450061699399,0.0,0.0,6.747695245138959e-24,6.747695245138959e-24,6.747695245138959e-24,6.747695245138959e-24,8.464525508340364e-13,0.06363658085885027,0.031120158645020834,2.9777367474087644e-06,0.000507594415821182,2.1520770667298578e-15,1.1229841001535021e-11,9.65038891085062e-05,4.854820984701649e-09,6.747695245138959e-24,0.19100173555257485,6.747695245138959e-24
2024930_WZY_DM_assembly_Plate1E7,2024930_WZY_DM_assembly_Plate1,,E7,Plate1_E7,Rhamonse,cycle 5,0.7245,True,True,explicit_user_selected_validation_only,not_assessable,0.05803237842993274,0.00015105222952303094,0.0,0.0,0.0010951286640453577,6.608535041637055e-05,0.00011328917214245127,0.0,0.0005192420389858195,0.00629698981824656,0.0,0.0,0.0009157541414854673,0.30986476733786644,0.0,0.003596931215519445,1.3911322978899363e-24,1.3911322978899363e-24,1.3911322978899363e-24,1.3911322978899363e-24,4.176120849147428e-10,0.03833791649946256,0.013765297898698977,0.13565501757289106,0.23582753568548198,0.005838679337442881,3.2023894472179017e-12,0.0745413820242257,1.5286507932691998e-08,1.3911322978899363e-24,0.1153825368763106,1.3911322978899363e-24
2024930_WZY_DM_assembly_Plate1E8,2024930_WZY_DM_assembly_Plate1,,E8,Plate1_E8,Rhamonse,cycle 5,0.7565,True,True,explicit_user_selected_validation_only,not_assessable,0.19293430137454012,0.0004945624358784619,0.0,0.0,0.005330284031137875,0.00021980552705702736,0.0,0.0,0.001483687307635386,0.017309685255776232,0.0,0.0,0.0010440762535225336,0.12237672718896436,0.007912998974043364,0.026101906338033276,1.1744246174944914e-24,1.1744246174944914e-24,1.1744246174944914e-24,1.1744246174944914e-24,0.010981790237622682,0.027155238430037813,0.02006302162071058,0.07580584684752928,0.14673441877752638,0.005080255227109933,0.03321429404481553,0.06300363560550358,0.15692569119203176,1.1744246174944914e-24,0.08582777333052392,1.1744246174944914e-24
2024930_WZY_DM_assembly_Plate1E9,2024930_WZY_DM_assembly_Plate1,,E9,Plate1_E9,Rhamonse,cycle 5,0.8905,True,True,explicit_user_selected_validation_only,not_assessable,0.1425766043978242,0.0,0.0,0.0,0.026929060128700614,0.0,0.0,0.0,0.001100416489454364,0.014346939513446122,0.00010381287636385909,0.029316756285049973,0.0004360140807271377,0.005066068366541337,0.23847893958257835,0.006560973786180106,1.3066775487683222e-24,1.3066775487683222e-24,1.3066775487683222e-24,1.3066775487683222e-24,3.026809183165588e-07,0.02218711741354448,0.014733452763382475,1.3727247065037912e-05,0.00810740931275871,0.006509281987384545,0.01080870125938806,0.06833510988814202,0.2991324850064705,1.3066775487683222e-24,0.10525682693407976,1.3066775487683222e-24
2024930_WZY_DM_assembly_Plate1F10,2024930_WZY_DM_assembly_Plate1,,F10,Plate1_F10,Ribose,cycle 5,0.9365,True,True,explicit_user_selected_validation_only,not_assessable,0.022954129918868568,0.001357502307028235,0.0,0.0,0.029535959286324028,0.0006581829367425209,0.02834300271348218,0.0,0.027355728308363858,0.038380292498813945,0.0,0.0,0.0018100030760426888,0.2447206431671813,0.0,0.007569103772573781,1.4771738037278901e-24,1.4771738037278901e-24,1.4771738037278901e-24,1.4771738037278901e-24,5.793687735293784e-11,0.03830359697479912,0.060723691599179765,0.10891366161564105,0.21504839257516808,0.0020408423326392744,1.9012705963799785e-10,0.06633760416419317,6.040840184407636e-07,1.4771738037278901e-24,0.10594705842087611,1.4771738037278901e-24
2024930_WZY_DM_assembly_Plate1F11,2024930_WZY_DM_assembly_Plate1,,F11,Plate1_F11,Ribose,cycle 5,0.9335,True,True,explicit_user_selected_validation_only,not_assessable,0.0016107097974102944,0.0005140563183229337,0.0,0.00017135210610764456,0.05191968815065671,0.0010623830578705246,0.0028101745401690205,0.0,0.03927390271988308,0.04982919245614423,0.0,0.005757430765219724,0.0010623830578705246,0.23913899928401278,0.0,0.004283802652691114,1.2730087087557369e-24,1.2730087087557369e-24,1.2730087087557369e-24,1.2730087087557369e-24,8.795610226272621e-10,0.040198556771544394,0.08035271106134916,0.10582484829468984,0.2031719387337047,0.006322302876360417,3.915196755929455e-11,0.06423637169535408,1.2496146704740722e-07,1.2730087087557369e-24,0.10245906978045896,1.2730087087557369e-24
2024930_WZY_DM_assembly_Plate1F12,2024930_WZY_DM_assembly_Plate1,,F12,Plate1_F12,Ribose,cycle 5,0.8465,True,True,explicit_user_selected_validation_only,not_assessable,0.00020209387432542522,2.5909471067348332e-05,0.0,0.0,0.02682148444895465,0.00017100250904466627,6.736462477497775e-05,2.5909471067348332e-05,0.003694690574205712,0.000269458499100895,0.0,0.002243760194432041,0.000269458499100895,0.33615984141648686,0.0,0.00034718691230279237,9.608924481054904e-25,9.608924481054904e-25,9.608924481054904e-25,9.608924481054904e-25,1.4954394416254997e-06,0.03933753325582601,0.013667305176878582,0.14133724709321824,0.23497491233264733,0.008175337930634914,1.7322229182009735e-12,0.07410322736088283,5.709963145759396e-08,9.608924481054904e-25,0.11810472381424313,9.608924481054904e-25
2024930_WZY_DM_assembly_Plate1F1,2024930_WZY_DM_assembly_Plate1,,F1,Plate1_F1,Glucuronic_acid,cycle 5,0.8065,True,False,explicit_user_selected_validation_only,not_assessable,0.01943478181714357,9.210797069750616e-05,0.01528992313577989,0.0,0.4370830236170269,0.0,0.0010745929914687145,0.0,0.0007675664224792181,0.07469956423555965,0.0,0.0069695031161064805,0.0038378321123851366,0.001197403619066704,0.0,6.140531379833745e-05,4.27882293420293e-24,4.27882293420293e-24,4.27882293420293e-24,4.27882293420293e-24,2.3479239031593047e-12,0.026720442113012444,0.05508496028829755,8.430214013616441e-05,0.0004462133582734516,1.1126467212561014e-12,0.00018054736976334985,0.004269666086173757,0.2503225279363191,4.27882293420293e-24,0.10238363635305157,4.27882293420293e-24
2024930_WZY_DM_assembly_Plate1F2,2024930_WZY_DM_assembly_Plate1,,F2,Plate1_F2,Glucuronic_acid,cycle 5,0.8425,True,False,explicit_user_selected_validation_only,not_assessable,0.11296100328071863,0.0002746215638920759,0.012632591939013784,0.0,0.08824506253057654,0.0,0.0016477293833506463,0.0005492431277841518,0.02499056231421147,0.2031284167590571,0.0,0.1167141646540418,0.005767052841729976,0.021786644068665224,0.0,0.0005492431277841518,3.533358864055618e-24,3.533358864055618e-24,3.533358864055618e-24,3.533358864055618e-24,1.162871636748894e-11,0.04802675051598701,0.15397150513802826,8.840534833391582e-05,0.01583946316303696,0.015765043247777735,2.375697561587984e-11,0.0081002335331391,0.07266230152126456,3.533358864055618e-24,0.09629996190622125,3.533358864055618e-24
2024930_WZY_DM_assembly_Plate1F3,2024930_WZY_DM_assembly_Plate1,,F3,Plate1_F3,Glucuronic_acid,cycle 5,0.8805,True,False,explicit_user_selected_validation_only,not_assessable,0.20268971960252885,6.336694026742055e-05,0.00014785619395770092,0.0,0.16583128268009886,0.0,0.00038020164160431263,0.00010561156711219201,0.0007392809697863976,0.045222873037514155,0.0,0.002936001565723363,0.0027036561180809647,0.0014363173127262326,0.0,0.00025346776106989293,2.05761888722177e-24,2.05761888722177e-24,2.05761888722177e-24,2.05761888722177e-24,1.4434990053141862e-06,0.02435115459531056,0.035567551466208706,0.00010777556437655999,0.011523899940859655,1.1274814429628412e-06,0.0569543112205772,0.06652655652377429,0.30293433441745427,2.05761888722177e-24,0.07952220990052013,2.05761888722177e-24
2024930_WZY_DM_assembly_Plate1F4,2024930_WZY_DM_assembly_Plate1,,F4,Plate1_F4,Glucuronic_acid,cycle 5,0.8055,True,False,explicit_user_selected_validation_only,not_assessable,0.13879794982579388,0.0009519749645140352,0.0021529279966734853,0.0,0.25072091411585146,0.0,0.00019039499290260666,4.3937306054501644e-05,0.003646796402517925,0.016857279756252848,0.0,0.0,0.00021968653027200726,0.001435285331115657,0.0,0.0002636238363266091,1.956753618439807e-24,1.956753618439807e-24,1.956753618439807e-24,1.956753618439807e-24,2.1105503782937986e-05,0.022228708631725016,0.02237262971278718,0.0001185974589659417,0.00885539733086383,4.112064799748426e-06,0.062284777117888386,0.06901629378337679,0.3169284677561501,1.956753618439807e-24,0.0828891395813851,1.956753618439807e-24
2024930_WZY_DM_assembly_Plate1F5,2024930_WZY_DM_assembly_Plate1,,F5,Plate1_F5,Glucuronic_acid,cycle 5,0.8725,True,False,explicit_user_selected_validation_only,not_assessable,0.03869398388037393,0.0015798748438460959,0.0006992888653074017,0.0,0.35389196502092707,0.0,0.0,0.0,0.0045583274183020085,0.00303025174966984,0.0,0.0,0.000362594226455936,0.0005697909272875433,0.0,0.0,1.623188471859231e-24,1.623188471859231e-24,1.623188471859231e-24,1.623188471859231e-24,0.007039497307533766,0.02094068158432412,0.01524274512021736,0.00012006839725221073,0.016180680483086036,0.0013531867715660582,0.06489060169738055,0.06998231207136699,0.3175762930224394,1.623188471859231e-24,0.08328785661266372,1.623188471859231e-24
2024930_WZY_DM_assembly_Plate1F6,2024930_WZY_DM_assembly_Plate1,,F6,Plate1_F6,Glucuronic_acid,cycle 5,0.9325,True,False,explicit_user_selected_validation_only,not_assessable,0.032655022153205794,0.0002612401772259338,0.021794894785646533,0.0,0.3488675966719753,0.0,0.0008956806076321834,0.0,0.001231560835493893,0.026907738254215136,0.0,0.0,0.005523363747061779,0.010972087443494967,0.0,0.0,2.8065840923316157e-24,2.8065840923316157e-24,2.8065840923316157e-24,2.8065840923316157e-24,1.2956856999836497e-08,0.022662593685532823,0.02615336484264814,0.00025276442714124007,0.0028018967588048244,7.301879532003116e-11,0.041981774447973914,0.0551614107735363,0.3133701209014097,2.8065840923316157e-24,0.0885068764571257,2.8065840923316157e-24
2024930_WZY_DM_assembly_Plate1F7,2024930_WZY_DM_assembly_Plate1,,F7,Plate1_F7,Ribose,cycle 5,0.9915,True,True,explicit_user_selected_validation_only,not_assessable,0.024637435436026308,0.000104278084520391,0.0,0.00011122995682195741,0.009809091817231906,0.0,0.0004935829333968538,0.0,0.005318182310560514,0.004734225037247567,0.0,0.0,2.085561690411702e-05,0.32592462910506104,0.0,0.0005631016564125181,7.581562543742402e-25,7.581562543742402e-25,7.581562543742402e-25,7.581562543742402e-25,0.0031384656109053758,0.03905951484900707,0.017917590010913514,0.13867501258727424,0.23202430952007508,0.007929661624151397,4.268515850846903e-08,0.07323146894898629,0.00017308478846457322,7.581562543742402e-25,0.11613423742088076,7.581562543742402e-25
2024930_WZY_DM_assembly_Plate1F8,2024930_WZY_DM_assembly_Plate1,,F8,Plate1_F8,Ribose,cycle 5,1.0275,True,True,explicit_user_selected_validation_only,not_assessable,0.03127278456060968,0.00020668629414027554,0.0,0.00013204957681171758,0.015139771045761159,8.611928922494419e-05,0.0013836499135489381,1.1482571896672876e-05,0.014307284583260872,0.0007521084592313157,2.2965143793345752e-05,0.0,0.0002985468693138224,0.30962180990817595,0.0,0.0007119194575947829,7.998490504102448e-25,7.998490504102448e-25,7.998490504102448e-25,7.998490504102448e-25,0.0027194461072205024,0.038488691272258346,0.025363467160599697,0.1357735982242779,0.22767926833684107,0.00788275944558505,2.244177158156701e-06,0.07212494047424729,0.0007231366619303487,7.998490504102448e-25,0.11529527046651801,7.998490504102448e-25
2024930_WZY_DM_assembly_Plate1F9,2024930_WZY_DM_assembly_Plate1,,F9,Plate1_F9,Ribose,cycle 5,1.0255,True,True,explicit_user_selected_validation_only,not_assessable,0.02803724318938341,6.363201142828774e-05,0.0,2.9368620659265238e-05,0.007958896198671109,0.0,0.0001076849424174615,0.0,0.0004552136202186324,0.0007880579876890882,0.0,0.012183082803490283,0.0002545280457135754,0.3214933955870318,0.0,7.342155164805696e-05,8.290669760596613e-25,8.290669760596613e-25,8.290669760596613e-25,8.290669760596613e-25,0.0030860556383212035,0.038607581811542904,0.010326310754884264,0.14026558031888617,0.2349990536096752,0.009354752582948826,3.1136373084448593e-09,0.07430256718378793,0.00038822898461193117,8.290669760596613e-25,0.11722534144335331,8.290669760596613e-25
2024930_WZY_DM_assembly_Plate1G10,2024930_WZY_DM_assembly_Plate1,,G10,Plate1_G10,Acetate,cycle 5,0.2295,True,True,explicit_user_selected_validation_only,not_assessable,0.7299501809717289,0.0012205552830991204,0.0,0.0031385707279685607,0.040045837621686516,0.009996928985381655,0.0,0.0,0.000464973441181627,0.008253278580966457,0.0,0.0,0.0,0.0,0.0,5.812168014759735e-05,8.283170409100977e-24,8.283170409100977e-24,8.283170409100977e-24,8.283170409100977e-24,1.1839159646065704e-14,4.859486475927978e-05,5.686339036227558e-11,1.8833726521712397e-05,1.1974054088964662e-05,4.0923837740224686e-15,5.369110666348665e-07,2.473832919509167e-06,0.04225168147214393,8.283170409100977e-24,0.1645374577894602,8.283170409100977e-24
2024930_WZY_DM_assembly_Plate1G11,2024930_WZY_DM_assembly_Plate1,,G11,Plate1_G11,Acetate,cycle 5,0.3265,True,True,explicit_user_selected_validation_only,not_assessable,0.41957946085422065,0.0003839958458077578,0.0,0.0004479951534441737,0.0018559799214131105,0.0008959903068865578,0.0,0.0,0.0037759591504518994,0.022911752133285695,0.0,0.038207586658006124,0.0,0.0,0.0,0.0,3.495368005273021e-24,3.495368005273021e-24,3.495368005273021e-24,3.495368005273021e-24,4.58019842499107e-11,0.02352101891321414,0.02651009158283244,9.05274018388614e-05,0.0004443399213091403,1.315707713201375e-06,0.001862236561169316,0.03473358364219769,0.32592063878828526,3.495368005273021e-24,0.09885752741212199,3.495368005273021e-24
2024930_WZY_DM_assembly_Plate1G12,2024930_WZY_DM_assembly_Plate1,,G12,Plate1_G12,Acetate,cycle 5,0.0915,True,True,explicit_user_selected_validation_only,not_assessable,0.7450770396064044,0.00044692331985022373,0.0,0.0005027887348316527,0.0412286762562414,0.0010055774696645127,0.0,0.0,0.006424522722852248,0.02329587804726068,0.0,0.1820095220093698,0.0,0.0,0.0,0.0,2.3583724216315256e-23,2.3583724216315256e-23,2.3583724216315256e-23,2.3583724216315256e-23,4.895517734123891e-19,5.0898024377432424e-14,2.7086670280745337e-15,5.245023129063763e-15,3.970068955192203e-15,1.5594307629232955e-15,2.4917303878292654e-17,1.1283390549902898e-15,4.644347955053911e-13,2.3583724216315256e-23,9.071832995106855e-06,2.3583724216315256e-23
2024930_WZY_DM_assembly_Plate1G1,2024930_WZY_DM_assembly_Plate1,,G1,Plate1_G1,Arabinose,cycle 5,0.7565,True,True,explicit_user_selected_validation_only,not_assessable,0.15729294757862256,5.6115928497523625e-05,0.0,0.0,0.045397786154534304,0.016666430763777593,0.00030863760673676457,0.08090513991105219,0.0011363475520750458,0.05945482624311051,0.0,0.0467305394563303,0.0,0.011573910252580595,0.0,0.0,1.5023290868597599e-24,1.5023290868597599e-24,1.5023290868597599e-24,1.5023290868597599e-24,0.009665254624003366,0.028249930829554567,0.04390798780437809,2.818419601197891e-05,0.0842338206723679,0.010816260325475979,0.03697929144504602,0.05804563601769557,0.22630169083118817,1.5023290868597599e-24,0.08224926180696089,1.5023290868597599e-24
2024930_WZY_DM_assembly_Plate1G2,2024930_WZY_DM_assembly_Plate1,,G2,Plate1_G2,Arabinose,cycle 5,0.7425,True,True,explicit_user_selected_validation_only,not_assessable,0.02912526137270858,0.002403540987054976,0.0,0.0,0.01003831824009016,0.0044300559369348114,0.013902835121252108,0.6508883249480742,0.00466569721018704,0.010415344277265303,0.0,0.0060795448496192,0.0,0.06093683326023674,0.0,0.0003298977825389083,3.9656611372687165e-24,3.9656611372687165e-24,3.9656611372687165e-24,3.9656611372687165e-24,2.1768212310592276e-08,0.032988223259848265,0.015483646761124606,3.1603526757459363e-15,0.0007547652659794572,1.321053286084774e-14,4.029522451181962e-20,6.700847641729711e-09,1.8251544209308297e-06,3.9656611372687165e-24,0.15755585710358835,3.9656611372687165e-24
2024930_WZY_DM_assembly_Plate1G3,2024930_WZY_DM_assembly_Plate1,,G3,Plate1_G3,Arabinose,cycle 5,0.6975,True,True,explicit_user_selected_validation_only,not_assessable,0.004623211020260897,0.0028209423174495336,0.0,0.0,0.051443017538892806,0.02460488576876101,0.017513350220794546,0.010891971725683637,0.007561692600915019,0.19413568309690332,0.0,0.0,0.00011753926322672289,0.2663831502266912,0.0,0.0,3.632838283330044e-24,3.632838283330044e-24,3.632838283330044e-24,3.632838283330044e-24,2.8367113823460806e-17,0.06073117146835665,0.13280304392094255,3.447551179321805e-06,0.064910837720684,4.0814223165968714e-13,7.159270672987052e-15,0.038740397613850355,2.371501292898972e-12,3.632838283330044e-24,0.12271565794262146,3.632838283330044e-24
2024930_WZY_DM_assembly_Plate1G4,2024930_WZY_DM_assembly_Plate1,,G4,Plate1_G4,Arabinose,cycle 5,0.6885,True,True,explicit_user_selected_validation_only,not_assessable,0.010748785641594361,0.00032770687931866035,0.0,0.0,0.10067155332626933,0.045289090721675945,0.022021902290130256,0.27212779258512043,0.004981144565633456,0.09903301892978918,0.0,0.0,0.0003932482551806954,0.15834796408616122,0.0027527377862648678,0.0,5.5242526769451226e-24,5.5242526769451226e-24,5.5242526769451226e-24,5.5242526769451226e-24,5.078722421721134e-15,0.052555072881912065,0.07754792615399331,3.62251707803878e-11,3.3718407652231098e-06,2.2244011894558233e-16,1.6572963628516607e-14,1.9321779073495877e-07,7.701739860732913e-10,5.5242526769451226e-24,0.15319849003197938,5.5242526769451226e-24
2024930_WZY_DM_assembly_Plate1G5,2024930_WZY_DM_assembly_Plate1,,G5,Plate1_G5,Arabinose,cycle 5,0.6635,True,True,explicit_user_selected_validation_only,not_assessable,0.0015838671301096085,0.0025242882386133903,0.0,0.0,0.0751346969846768,0.02786616232036417,0.014650770953527932,0.5798438571640642,0.00470210554251891,0.07087805407247376,0.0,0.0,0.0,0.0013363878910304444,0.0,0.0,5.778002651766493e-24,5.778002651766493e-24,5.778002651766493e-24,5.778002651766493e-24,2.6388743491605956e-13,0.021813382607783295,0.058226848294560624,1.9244239614259803e-17,3.106432869169856e-10,1.638868005919155e-18,4.331909509968859e-18,2.2008513785566522e-13,2.623513891489521e-10,5.778002651766493e-24,0.14143957822679834,5.778002651766493e-24
2024930_WZY_DM_assembly_Plate1G6,2024930_WZY_DM_assembly_Plate1,,G6,Plate1_G6,Arabinose,cycle 5,0.8365,True,True,explicit_user_selected_validation_only,not_assessable,0.0033018682952787827,4.0266686527853694e-05,0.0,0.0,0.0045098688911085925,0.0022146677590261527,0.008496270857373069,0.4521546230204727,0.003744801847081113,0.010992805422088978,0.0,0.05049442490590069,0.0,0.11137765493593195,0.0,0.0,2.8322855920557198e-24,2.8322855920557198e-24,2.8322855920557198e-24,2.8322855920557198e-24,1.3770411385559232e-06,0.03488610787723984,0.01922976124277107,5.5687788937254034e-11,0.1564162892709443,0.0003415531659430495,3.639456815767125e-21,0.0015995928999909402,0.00011680298180817335,2.8322855920557198e-24,0.14008126284368622,2.8322855920557198e-24
2024930_WZY_DM_assembly_Plate1G7,2024930_WZY_DM_assembly_Plate1,,G7,Plate1_G7,Acetate,cycle 5,0.2455,True,True,explicit_user_selected_validation_only,not_assessable,0.2079859661190931,9.678267385713959e-05,0.0,0.0,0.0014517401078570937,0.006355395583295645,0.0,0.0,0.000451652477999821,0.03845498241250991,0.0,0.2946064592204573,0.0,0.00012904356514301641,0.0,0.00029034802157043685,4.7943725275055046e-24,4.7943725275055046e-24,4.7943725275055046e-24,4.7943725275055046e-24,5.24987104066963e-11,0.03539831890723127,0.02915361043444545,4.125913944663365e-05,6.59578299743555e-05,0.04170704727989751,5.270679550144039e-15,0.00011896153886886452,0.21632580404320736,4.7943725275055046e-24,0.12736667059264106,4.7943725275055046e-24
2024930_WZY_DM_assembly_Plate1G8,2024930_WZY_DM_assembly_Plate1,,G8,Plate1_G8,Acetate,cycle 5,0.1395,True,True,explicit_user_selected_validation_only,not_assessable,0.011590062425984524,0.00010078315153014883,0.0,0.00040313260612198794,0.07044742291959144,0.00896970048623547,0.0,0.0,0.000907048363774821,0.035979585096384985,0.0,0.6447098203401551,0.00040313260612198794,0.003225060848971726,0.0,0.0,1.3599742585831018e-23,1.3599742585831018e-23,1.3599742585831018e-23,1.3599742585831018e-23,3.635138335535281e-16,9.595523217157687e-07,6.1725602158067335e-12,1.5468807350377345e-12,1.0889296803947929e-12,0.0702226112252789,1.0035051932102439e-21,1.172281894947386e-13,6.86268581016139e-10,1.3599742585831018e-23,0.15304067968233281,1.3599742585831018e-23
2024930_WZY_DM_assembly_Plate1G9,2024930_WZY_DM_assembly_Plate1,,G9,Plate1_G9,Acetate,cycle 5,0.2075,True,True,explicit_user_selected_validation_only,not_assessable,0.7228531772176288,0.00048454017018157174,0.0,0.0007268102552713152,0.004280104836603536,0.007025832467624451,0.0004037834751514835,0.00016151339006069765,0.007429615942772286,0.005975995432240079,0.0,0.07930307451986875,0.0,0.0,0.0,0.0012921071204834962,1.0179721948843513e-23,1.0179721948843513e-23,1.0179721948843513e-23,1.0179721948843513e-23,1.2728712699851912e-15,8.026584018398747e-07,2.0649769924144395e-10,9.820675062065028e-08,5.5758765822284747e-08,2.3161773868922145e-12,1.0306623761583081e-10,6.625545820371435e-09,0.00012588143984729763,1.0179721948843513e-23,0.16993660017092063,1.0179721948843513e-23
2024930_WZY_DM_assembly_Plate1H10,2024930_WZY_DM_assembly_Plate1,,H10,Plate1_H10,Propionate,cycle 5,0.2375,True,True,explicit_user_selected_validation_only,not_assessable,0.5361763041377321,0.0001084937887773084,0.0,0.0,0.031246211167860912,0.01171732918795191,0.0,0.0001627406831657999,0.004990714283738614,0.02663522514480334,0.0,0.06265516301871743,0.0,0.0,0.0,0.0,6.3557196081803695e-24,6.3557196081803695e-24,6.3557196081803695e-24,6.3557196081803695e-24,1.1174349964342159e-13,0.012606247693699458,0.021804487178428103,5.139063893880582e-05,5.230650717051967e-05,1.1776906526438472e-09,2.760763239110388e-07,3.608930680769218e-05,0.15046717518830827,6.3557196081803695e-24,0.14128984481977347,6.3557196081803695e-24
2024930_WZY_DM_assembly_Plate1H11,2024930_WZY_DM_assembly_Plate1,,H11,Plate1_H11,Propionate,cycle 5,0.1145,True,True,explicit_user_selected_validation_only,not_assessable,0.30301904694473836,0.0003481976982997446,0.0,0.005135916049920142,0.0036560758321407707,0.008443794183765532,0.0,0.0,0.004874767776196424,0.25096349104974935,0.0,0.2603648289033143,0.0,0.0,0.0,0.0,1.7050841675646648e-23,1.7050841675646648e-23,1.7050841675646648e-23,1.7050841675646648e-23,2.3477895354927605e-19,7.959798458644793e-09,0.16319323746446043,2.25236688754433e-16,6.871403397713184e-16,3.065966400660202e-12,1.107437323364994e-19,3.098255412624211e-16,1.3415801566116379e-14,1.7050841675646648e-23,6.361345360260315e-07,1.7050841675646648e-23
2024930_WZY_DM_assembly_Plate1H12,2024930_WZY_DM_assembly_Plate1,,H12,Plate1_H12,Propionate,cycle 5,0.1865,True,True,explicit_user_selected_validation_only,not_assessable,0.76186618281685,0.000888603216583068,0.0,0.0013329048248746018,0.0649791102124905,0.0023325834435263724,0.0,0.0,0.015439480888076451,0.06042501872753155,0.0,0.053427268396944075,0.0,0.000222150804145767,0.0,0.0,1.6331880918025734e-23,1.6331880918025734e-23,1.6331880918025734e-23,1.6331880918025734e-23,4.170574492018115e-18,9.519907169806819e-11,0.0008101126101726505,1.5752661762702005e-12,1.443731016773286e-12,1.1411097350004858e-16,2.209205419578512e-14,3.467204267890935e-13,4.2394662024451713e-10,1.6331880918025734e-23,0.03827658353627129,1.6331880918025734e-23
2024930_WZY_DM_assembly_Plate1H1,2024930_WZY_DM_assembly_Plate1,,H1,Plate1_H1,Mannose,cycle 5,0.7865,True,True,explicit_user_selected_validation_only,not_assessable,0.11852946264241507,0.0002553597040773707,0.0,0.0005249060583821681,0.09068106824788555,0.03904166142346116,9.930655158546289e-05,0.0,0.041737124966484664,4.255995067958897e-05,0.0,0.07483457994500714,4.255995067958897e-05,0.01594579485459356,0.0,0.0009505055651813204,1.5930599784293975e-24,1.5930599784293975e-24,1.5930599784293975e-24,1.5930599784293975e-24,0.009904244478706914,0.030810698376944588,0.05532074288759508,0.0007108346582876808,0.02703031297707164,0.014692387766100812,0.05284552009059449,0.06373484051697494,0.26950801797888424,1.5930599784293975e-24,0.09275751040840685,1.5930599784293975e-24
2024930_WZY_DM_assembly_Plate1H2,2024930_WZY_DM_assembly_Plate1,,H2,Plate1_H2,Mannose,cycle 5,0.9825,True,True,explicit_user_selected_validation_only,not_assessable,0.2276143528858271,0.00033131637974673895,0.0,0.00024848728480973947,0.09500497189230027,0.001408094613918919,0.0005383891170879786,0.00024848728480973947,0.0247658993860168,0.0023606292056994496,0.0002070727373412397,0.05706924641137106,0.0013666800664529372,0.021742637420899415,0.0,0.0007868764018977181,2.4590710844695956e-24,2.4590710844695956e-24,2.4590710844695956e-24,2.4590710844695956e-24,9.17308515157954e-08,0.026605638820941836,0.03726958251345715,0.000641905872623871,0.008520290045572462,0.010772763942380144,0.018522027131407534,0.0626329441144374,0.3054483365260993,2.4590710844695956e-24,0.09589327821404964,2.4590710844695956e-24
2024930_WZY_DM_assembly_Plate1H3,2024930_WZY_DM_assembly_Plate1,,H3,Plate1_H3,Mannose,cycle 5,0.0535,True,True,explicit_user_selected_validation_only,not_assessable,0.0,0.0,0.0,0.0,0.0,0.0,0.0,0.0,0.0,0.0,0.0,0.0,0.0,0.9999951518354682,0.0,0.0,3.650683235380652e-23,3.650683235380652e-23,3.650683235380652e-23,3.650683235380652e-23,5.851614750396295e-22,1.1029311634673463e-11,9.206877901963215e-20,1.2187536378448266e-18,1.1961635676975058e-17,2.803529916717464e-20,1.304946811211859e-22,2.9688492337631664e-17,2.905496171700863e-21,3.650683235380652e-23,4.84815350258488e-06,3.650683235380652e-23
2024930_WZY_DM_assembly_Plate1H4,2024930_WZY_DM_assembly_Plate1,,H4,Plate1_H4,Mannose,cycle 5,0.9825,True,True,explicit_user_selected_validation_only,not_assessable,0.023974647378111936,0.0,0.0,6.287607494893174e-06,0.007381651199021531,0.002810560550224879,0.0,0.0,0.0015216010137669301,0.0004149820946641297,1.8862822484721674e-05,0.008136164098398596,2.5150429979657e-05,0.3261004751159519,0.0,0.0,8.232861062087543e-25,8.232861062087543e-25,8.232861062087543e-25,8.232861062087543e-25,0.0020778080824804253,0.03918076804759489,0.011462888038421321,0.1406018036695604,0.23507373372103949,0.008869192332624074,1.7270511335308976e-08,0.07441895556691708,0.00010929482761177019,8.232861062087543e-25,0.11781515613314011,8.232861062087543e-25
2024930_WZY_DM_assembly_Plate1H5,2024930_WZY_DM_assembly_Plate1,,H5,Plate1_H5,Mannose,cycle 5,0.9205,True,True,explicit_user_selected_validation_only,not_assessable,0.003262837452314795,0.0,0.0,0.001727384533580516,0.0168033033123215,0.0015911750004635448,5.572208172837502e-05,1.8574027242806513e-05,0.0013187559342385056,9.287013621380999e-05,8.667879379964502e-05,0.0014983048642510702,0.00035909786002735517,0.34204071167596123,0.0,4.333939689982251e-05,8.694489372826602e-25,8.694489372826602e-25,8.694489372826602e-25,8.694489372826602e-25,4.998231111267594e-05,0.039630246850086925,0.011087283737085446,0.14261663814086478,0.23640216405746944,0.008119334983829534,1.0127803030867758e-11,0.07445609522866435,2.606070136728552e-07,8.694489372826602e-25,0.11873923900470248,8.694489372826602e-25
2024930_WZY_DM_assembly_Plate1H6,2024930_WZY_DM_assembly_Plate1,,H6,Plate1_H6,Mannose,cycle 5,0.9705,True,True,explicit_user_selected_validation_only,not_assessable,0.09726389139464461,8.78427558317634e-05,0.0,0.009179567984380608,0.026923804662386187,0.009706624519398344,0.0004611744681151344,0.0,0.0518711473185149,0.0218948068910046,4.3921377915763626e-05,0.041088449040190884,0.001295680648512459,0.11549126322959236,0.0,0.0,1.1530669896940358e-24,1.1530669896940358e-24,1.1530669896940358e-24,1.1530669896940358e-24,0.004833883955353881,0.032882176432206825,0.07739422092836648,0.07848423195090132,0.1517543723560171,0.010966544536960263,0.019611153418425373,0.058659046238442966,0.09793243762667633,1.1530669896940358e-24,0.09217375826616182,1.1530669896940358e-24
2024930_WZY_DM_assembly_Plate1H7,2024930_WZY_DM_assembly_Plate1,,H7,Plate1_H7,Propionate,cycle 5,0.2025,True,True,explicit_user_selected_validation_only,not_assessable,0.7172206661160141,0.0017400488611646655,0.0,0.001327932025626318,0.03365620823571432,0.006593869368630082,0.0,9.158151900879703e-05,0.0006868613925639127,0.035533629375400035,0.0,4.5790759504398515e-05,0.0,0.0,0.0,0.0,8.066823132207556e-24,8.066823132207556e-24,8.066823132207556e-24,8.066823132207556e-24,1.0669053333753064e-14,0.0004346503880287419,0.005174874171797607,1.6608522398972385e-05,1.481878361650052e-05,4.813741851992406e-15,4.0116053293192746e-07,3.218390017445973e-06,0.037532899038894556,8.066823132207556e-24,0.15992594189107112,8.066823132207556e-24
2024930_WZY_DM_assembly_Plate1H8,2024930_WZY_DM_assembly_Plate1,,H8,Plate1_H8,Propionate,cycle 5,0.2515,True,True,explicit_user_selected_validation_only,not_assessable,0.4928061265820564,0.0003908058101379703,0.0,0.0003908058101379703,0.03589830513119608,0.012673274128741346,0.0,0.0,0.00508047553178181,0.0021215172550303114,0.0,0.0003908058101379703,0.0,0.00011165880289639432,0.0,0.0,4.611405891235345e-24,4.611405891235345e-24,4.611405891235345e-24,4.611405891235345e-24,1.184845855038544e-12,0.014693869780409319,4.745235006031451e-05,0.0001031928612228184,0.00015666272018627605,2.8924904871759087e-13,0.0025869825421304376,0.005636476389054203,0.3118845699313629,4.611405891235345e-24,0.11502701856198337,4.611405891235345e-24
2024930_WZY_DM_assembly_Plate1H9,2024930_WZY_DM_assembly_Plate1,,H9,Plate1_H9,Propionate,cycle 5,0.1155,True,True,explicit_user_selected_validation_only,not_assessable,0.6171122921252696,0.004081604663082087,0.0,0.0023699639979210645,0.09032196125406568,0.020276358648845492,0.0,0.0,0.012508143322322257,0.15957757586032728,0.0,0.0,0.0,0.0,0.0,0.0,2.104906922303807e-23,2.104906922303807e-23,2.104906922303807e-23,2.104906922303807e-23,6.787297996527408e-20,1.0664425025270938e-12,0.09375207652968129,3.1895959821605435e-16,5.175390015922875e-16,5.309472612837761e-20,8.023643694279662e-17,2.798103793056646e-16,1.3277423074287856e-14,2.104906922303807e-23,2.3597404237747814e-08,2.104906922303807e-23
2024930_WZY_DM_assembly_Plate2A10,2024930_WZY_DM_assembly_Plate2,,A10,Plate2_A10,N_acetylglutamic_acid,cycle 5,0.5255,True,True,explicit_user_selected_validation_only,not_assessable,0.16616230868617923,0.0002837528124221288,0.00031713549623571595,0.011266655787337909,0.059304337796205,0.0039057740062826284,0.00025037012860721405,5.007402572157557e-05,0.053328837393466694,0.1078761427460364,0.00018360476097871212,0.0,0.00877964584317256,0.010615693452959681,0.08292258659478258,0.0006008883086578447,2.5928852222296564e-24,2.5928852222296564e-24,2.5928852222296564e-24,2.5928852222296564e-24,1.661576344760263e-12,0.03529986422175103,0.1287245535196169,2.4183247629462304e-05,0.0022713743738992905,4.741124375990971e-13,7.78207310997952e-06,0.03882057615070456,0.19853925839227998,2.5928852222296564e-24,0.09046460017982723,2.5928852222296564e-24
2024930_WZY_DM_assembly_Plate2A11,2024930_WZY_DM_assembly_Plate2,,A11,Plate2_A11,N_acetylglutamic_acid,cycle 5,0.5895,True,True,explicit_user_selected_validation_only,not_assessable,0.008926478224561187,0.00026087547543260706,0.0,0.004247733284765905,0.031509220467481835,0.001463171144820009,3.402723592607248e-05,0.0,0.022537372594990175,0.006312052264280723,0.0,0.003521818918343518,0.0026994940501353292,0.27628981330731245,0.03547906465888772,0.0,1.4419651515651848e-24,1.4419651515651848e-24,1.4419651515651848e-24,1.4419651515651848e-24,2.2734101520210217e-11,0.038039256455280855,0.03719891741872018,0.12203548029082653,0.21786483889851577,0.0043467673356470315,5.797167323273703e-14,0.07110745867856139,1.4011014775612837e-07,1.4419651515651848e-24,0.116126019162571,1.4419651515651848e-24
2024930_WZY_DM_assembly_Plate2A12,2024930_WZY_DM_assembly_Plate2,,A12,Plate2_A12,N_acetylglutamic_acid,cycle 5,0.5715,True,True,explicit_user_selected_validation_only,not_assessable,0.1556663026008288,0.0009166187245877683,0.000354425906840337,0.033890449643727144,0.007980693695412126,0.0024320950159081203,0.00015888057892864474,0.0,0.0006233007327191771,0.11345295493787722,0.0,0.0773503987722055,0.006367444740139086,0.009300624658814472,0.05419049899764536,0.0,2.055976601191349e-24,2.055976601191349e-24,2.055976601191349e-24,2.055976601191349e-24,3.890641139310524e-07,0.031905323192156554,0.07357417648609255,7.52815280922373e-05,0.025701246011207903,0.013253753475262866,3.442439246134987e-07,0.05797888694998913,0.25166600714599485,2.055976601191349e-24,0.08315990289753165,2.055976601191349e-24
2024930_WZY_DM_assembly_Plate2A1,2024930_WZY_DM_assembly_Plate2,,A1,Plate2_A1,Sugar_mix,cycle 5,0.9295,True,True,explicit_user_selected_validation_only,not_assessable,0.003080860904592638,0.00021465014499257192,0.0007070828305627275,0.0027525724475509143,0.06559455901377073,0.03589708013021188,0.0023358986366841185,0.01822000936612267,0.014671968734137696,0.07516543018464084,0.0,0.17959903896315985,0.006856178160635543,0.0014394186193587867,0.0,0.00017677070764089212,1.642702004061395e-24,1.642702004061395e-24,1.642702004061395e-24,1.642702004061395e-24,0.023430078943484912,0.03621110332006245,0.0681736220770971,4.1025437633697443e-05,0.036353950393482486,0.025476024994289987,0.0024779528949622834,0.05956129522593006,0.25292750093275573,1.642702004061395e-24,0.08863592693623949,1.642702004061395e-24
2024930_WZY_DM_assembly_Plate2A2,2024930_WZY_DM_assembly_Plate2,,A2,Plate2_A2,Sugar_mix,cycle 5,0.8055,True,True,explicit_user_selected_validation_only,not_assessable,0.030807545332990873,8.568470256953796e-05,0.00039726543918597204,0.0014566399436862314,0.027380157230183354,0.0013631657226955063,0.0012307439096322773,0.008934577622479909,0.00602908725352566,0.029787118420538976,0.0,0.004315393202140473,0.0004751606233402663,0.2892871349114138,0.0,0.0002960016997853895,1.8138070115340453e-24,1.8138070115340453e-24,1.8138070115340453e-24,1.8138070115340453e-24,4.4614288697094535e-13,0.040085505322209586,0.03330961498795895,0.10491178883080804,0.23247257414176684,0.0006612141020797591,1.3341331810923739e-14,0.07284422635845039,2.17660352743832e-10,1.8138070115340453e-24,0.11386940002443842,1.8138070115340453e-24
2024930_WZY_DM_assembly_Plate2A3,2024930_WZY_DM_assembly_Plate2,,A3,Plate2_A3,Sugar_mix,cycle 5,0.9615,True,True,explicit_user_selected_validation_only,not_assessable,0.001225472130813027,0.000383323036178633,0.0019630785792212166,5.8079247905372165e-06,0.17038128165649818,0.000830533245057074,9.873472143971027e-05,0.10145863816706321,0.0007085668244511718,0.01702883548602897,1.161584958114663e-05,0.0,0.00030782001390078275,0.12518981886116104,0.000842149094637282,0.00013939019497404833,1.4100989396865812e-24,1.4100989396865812e-24,1.4100989396865812e-24,1.4100989396865812e-24,0.001409957448414104,0.02844800486541411,0.01916277494347107,0.05424421017977317,0.19226896711206304,0.0020309910423359306,0.011347543428679883,0.06284691287763502,0.10960422393827111,1.4100989396865812e-24,0.09806134837814648,1.4100989396865812e-24
2024930_WZY_DM_assembly_Plate2A4,2024930_WZY_DM_assembly_Plate2,,A4,Plate2_A4,Sugar_mix,cycle 5,0.9055,True,True,explicit_user_selected_validation_only,not_assessable,0.04409474435699194,0.0006783806824167805,0.0007039799534506305,0.0004223879720697197,0.1774541468115739,0.025573671763514175,1.2799635517254255e-05,0.020927404070699183,0.0011647668320731008,0.12626840437795525,0.0,0.0001663952617246346,0.004377475346900296,0.004262278627247972,0.0004991857851732452,0.003980686645869037,1.2862692805019852e-24,1.2862692805019852e-24,1.2862692805019852e-24,1.2862692805019852e-24,0.009190349479225092,0.03228871865124879,0.08315310686379387,5.779396952373652e-05,0.07916741500480248,5.798352969076329e-05,0.052417070001130196,0.05769077755554143,0.2087877094945499,1.2862692805019852e-24,0.06660236732731661,1.2862692805019852e-24
2024930_WZY_DM_assembly_Plate2A5,2024930_WZY_DM_assembly_Plate2,,A5,Plate2_A5,Sugar_mix,cycle 5,0.9605,True,True,explicit_user_selected_validation_only,not_assessable,0.013913644435685707,7.29991838177324e-05,0.006248730134802992,0.0007591915117047811,0.003182764414452508,0.028352882994784986,0.0013431849822448188,0.18036638337670563,0.009168697487509685,0.06537806902719484,0.0,4.379951029066545e-05,0.010468082959474377,0.20057255745740943,0.0,0.0011825867778483574,2.54081620406948e-24,2.54081620406948e-24,2.54081620406948e-24,2.54081620406948e-24,9.294198913778061e-10,0.04419357018482821,0.059675348093535335,6.710043019936293e-06,0.2012173900748838,1.7126940446952446e-11,7.299471622806874e-13,0.05187843432335009,1.8217102086336936e-08,2.54081620406948e-24,0.12197495386207731,2.54081620406948e-24
2024930_WZY_DM_assembly_Plate2A6,2024930_WZY_DM_assembly_Plate2,,A6,Plate2_A6,Sugar_mix,cycle 5,0.9195,True,True,explicit_user_selected_validation_only,not_assessable,0.01016480524733941,0.00048791065187281623,0.0013010950716630285,0.0,0.002114279491451056,0.0233383928479426,0.0017076872815570423,0.18150276249632047,0.009595576153494347,0.05196248442437625,0.0,0.0,0.003415374563103157,0.2136235470785376,0.0,0.0006505475358304216,2.1342498238880982e-24,2.1342498238880982e-24,2.1342498238880982e-24,2.1342498238880982e-24,1.6238149228733707e-09,0.042523051610995476,0.051511773242100975,0.00013030721008959467,0.22515285652218292,2.6516898583124454e-09,4.3806378807826914e-14,0.060215221520611165,1.8783029387740783e-08,2.1342498238880982e-24,0.12060230399195379,2.1342498238880982e-24
2024930_WZY_DM_assembly_Plate2A7,2024930_WZY_DM_assembly_Plate2,,A7,Plate2_A7,N_acetylglutamic_acid,cycle 5,0.5765,True,True,explicit_user_selected_validation_only,not_assessable,0.2326113295763044,0.0012530415551693806,0.00015146656161412636,0.004392530286800103,0.02641026047052252,0.0024647740480738924,0.00034424218548568495,0.00011015749935563166,0.03161520231500361,0.07465924518821906,0.0,0.0,0.006127510901648379,0.008895218072959024,0.06645251148622079,0.0010051871816184126,2.074913801772878e-24,2.074913801772878e-24,2.074913801772878e-24,2.074913801772878e-24,1.257212572500558e-09,0.02948990231648687,0.08548307519571906,5.275023787638559e-05,0.008832258619350377,3.3816573033742335e-10,0.02110513675982672,0.05869705969149779,0.25460286924929737,2.074913801772878e-24,0.08524426900557218,2.074913801772878e-24
2024930_WZY_DM_assembly_Plate2A8,2024930_WZY_DM_assembly_Plate2,,A8,Plate2_A8,N_acetylglutamic_acid,cycle 5,0.5745,True,True,explicit_user_selected_validation_only,not_assessable,0.06897619147649726,0.0007881191896308595,0.00012609907034026274,0.003972120715736351,0.0016182714027060633,0.001239974191685275,0.0005149045372245469,0.0,0.002952819897143523,0.047844088938518055,0.0,0.0,0.0041612693212527705,0.013408534479623051,0.3697960320301914,4.203302344699524e-05,2.3534829187727992e-24,2.3534829187727992e-24,2.3534829187727992e-24,2.3534829187727992e-24,4.914306168562478e-19,0.024452993403352035,0.03480823650692836,2.64524527670317e-08,7.719882311627761e-07,4.862738601580939e-18,1.0271424483495172e-16,0.058513295325198604,0.25173910544339195,2.3534829187727992e-24,0.11504511260644859,2.3534829187727992e-24
2024930_WZY_DM_assembly_Plate2A9,2024930_WZY_DM_assembly_Plate2,,A9,Plate2_A9,N_acetylglutamic_acid,cycle 5,0.5625,True,True,explicit_user_selected_validation_only,not_assessable,0.05649729103496293,0.0031875270704865514,0.0013335572437725245,0.00035778365076790617,0.07558992767132147,0.005561909480124574,0.0010082993794370033,0.0,0.10918906505721622,0.16864620265757674,0.0,0.0,0.0019840729724455125,0.02754934110908987,0.16698738754935782,0.0009107220201359579,3.7994184277586814e-24,3.7994184277586814e-24,3.7994184277586814e-24,3.7994184277586814e-24,1.2330215802967248e-18,0.04832602286351385,0.22423077762438376,1.0988635464604209e-10,1.0833425730588544e-08,6.10225897996581e-17,2.374787462289895e-15,4.188863454384082e-06,8.708971241093333e-07,3.7994184277586814e-24,0.10863504191151434,3.7994184277586814e-24
2024930_WZY_DM_assembly_Plate2B10,2024930_WZY_DM_assembly_Plate2,,B10,Plate2_B10,N_acetylgalactosamine,cycle 5,0.5345,True,True,explicit_user_selected_validation_only,not_assessable,0.3407969531554468,0.000600846058026032,0.0,0.00021982172854596692,0.0022568364130750407,0.002271491194973045,0.0,0.0,0.0021542529397539784,0.03731107472516397,0.0,0.0,0.0,0.0010697990789233164,0.0552631825564082,0.00013189303712758012,2.2805990254017204e-24,2.2805990254017204e-24,2.2805990254017204e-24,2.2805990254017204e-24,1.235135714125477e-09,0.024195771619523295,0.03204550750426661,3.5347404484163935e-05,0.0019202827839440765,9.139402569568906e-10,0.040060444001005266,0.0650771882173301,0.307203602845415,2.2805990254017204e-24,0.08738570258751169,2.2805990254017204e-24
2024930_WZY_DM_assembly_Plate2B11,2024930_WZY_DM_assembly_Plate2,,B11,Plate2_B11,N_acetylgalactosamine,cycle 5,0.4865,True,True,explicit_user_selected_validation_only,not_assessable,0.1919844026008463,0.0020022135716727613,0.0,0.024609485798758192,0.022657961178283545,0.0015967019622258572,0.0,7.60334267725533e-05,0.10452061733675497,0.012013281430073864,0.0,0.1182066341559563,0.0,0.011024846882027688,0.04904156026841623,0.00010137790236359089,3.642311924808643e-24,3.642311924808643e-24,3.642311924808643e-24,3.642311924808643e-24,2.8014575659178896e-12,0.036691673656315885,0.12963568127389793,4.627183176379539e-05,5.945184889831537e-05,0.014916245055139539,1.4750614201689399e-12,0.00046302847905111083,0.16102255589414755,3.642311924808643e-24,0.1193299754423577,3.642311924808643e-24
2024930_WZY_DM_assembly_Plate2B12,2024930_WZY_DM_assembly_Plate2,,B12,Plate2_B12,N_acetylgalactosamine,cycle 5,0.5855,True,True,explicit_user_selected_validation_only,not_assessable,0.1673012048900884,7.804137837454949e-05,0.0,0.0034273172002860955,0.004337799947990369,0.0012031379166101794,0.0,0.0,0.014912406717718683,0.03730377886306264,0.0,0.001086075849047817,0.0,0.0004747517184449667,0.25102009354219285,0.00014307586035340052,1.7519496646432824e-24,1.7519496646432824e-24,1.7519496646432824e-24,1.7519496646432824e-24,1.1247576815052078e-13,0.024134227992605502,0.04297020639646709,8.744008063738543e-07,0.00014876166776549863,3.8189747361552016e-12,5.342013502896968e-06,0.0658155413598959,0.2821305707217623,1.7519496646432824e-24,0.10350679155909319,1.7519496646432824e-24
2024930_WZY_DM_assembly_Plate2B1,2024930_WZY_DM_assembly_Plate2,,B1,Plate2_B1,Water,cycle 5,0.2605,True,True,explicit_user_selected_validation_only,not_assessable,0.3226377328049372,0.034660021693960326,0.0,0.0,0.034660021693960326,0.14505860931168552,0.0,0.0,0.11467760264184443,0.12109612517813477,0.0,0.0,0.0,0.0,0.0,0.009413833052671908,2.1783913157218395e-23,2.1783913157218395e-23,2.1783913157218395e-23,2.1783913157218395e-23,3.232148731095677e-20,2.1932619798442294e-10,0.21779604727825272,3.2499727885785984e-18,5.672160306630906e-18,3.5546088025613944e-21,6.762240076216928e-17,1.0547056144547472e-17,5.5130479561339197e-17,2.1783913157218395e-23,6.125226523764378e-09,2.1783913157218395e-23
2024930_WZY_DM_assembly_Plate2B2,2024930_WZY_DM_assembly_Plate2,,B2,Plate2_B2,Water,cycle 5,0.2725,True,True,explicit_user_selected_validation_only,not_assessable,0.6171178890284332,0.00040529867106125193,0.0,0.0,0.050358359879454605,0.01124703812197868,0.0,0.0,0.004610272383354296,0.03956728276253196,0.0,0.007143389077487121,0.0,0.0,0.0,0.0002533116694143676,7.064839220360299e-24,7.064839220360299e-24,7.064839220360299e-24,7.064839220360299e-24,2.173541151185776e-14,0.005344684701325952,0.035768841016034496,3.234420632120277e-05,3.443412870061756e-05,2.6804740372108846e-14,1.4858203000400926e-06,1.2517404083162194e-05,0.08100350935505533,7.064839220360299e-24,0.14709934177441508,7.064839220360299e-24
2024930_WZY_DM_assembly_Plate2B3,2024930_WZY_DM_assembly_Plate2,,B3,Plate2_B3,Water,cycle 5,0.1635,True,True,explicit_user_selected_validation_only,not_assessable,0.3204681588282384,0.026027870767801338,0.0,0.0,0.26895466459977224,0.026841241729227503,0.0,0.0,0.00325348384596615,0.2103919553729406,0.0,0.0,0.0,0.0024401128844768667,0.0,0.0018978655768173449,1.7612414343608732e-23,1.7612414343608732e-23,1.7612414343608732e-23,1.7612414343608732e-23,1.3371377208931448e-19,1.715939069843841e-10,0.13972446368121705,4.155644813014782e-16,1.1814579926842129e-15,5.971051350984642e-20,1.4302651295993869e-16,9.85189135759471e-16,1.9754340174476193e-14,1.7612414343608732e-23,1.8254192620871354e-07,1.7612414343608732e-23
2024930_WZY_DM_assembly_Plate2B4,2024930_WZY_DM_assembly_Plate2,,B4,Plate2_B4,Water,cycle 5,0.1775,True,True,explicit_user_selected_validation_only,not_assessable,0.10140369400790304,9.045824621601896e-05,0.0,0.0,0.011397739023196522,0.01564927659534668,0.0,0.0007236659697240512,0.015106527118045096,0.13803928372507634,0.0,0.5010482257893345,0.0,0.0,0.00018091649243135452,0.0,1.3347767184793122e-23,1.3347767184793122e-23,1.3347767184793122e-23,1.3347767184793122e-23,3.456950443443304e-17,2.152225118425972e-05,0.1063954538658683,7.516504401307996e-14,1.2424921129942512e-13,0.02410412035758104,5.282072434377456e-21,2.585865941666189e-14,2.1231044448871054e-11,1.3347767184793122e-23,0.08583911653663635,1.3347767184793122e-23
2024930_WZY_DM_assembly_Plate2B5,2024930_WZY_DM_assembly_Plate2,,B5,Plate2_B5,Water,cycle 5,0.1775,True,True,explicit_user_selected_validation_only,not_assessable,0.6791220856926399,0.0004626172245846263,0.0,0.0,0.04591475954004627,0.005088789470431419,0.0,0.0,0.008327110042522215,0.06372552268677865,0.0,0.010524541859300383,0.0,0.0,0.0,0.0,1.0342457592980623e-23,1.0342457592980623e-23,1.0342457592980623e-23,1.0342457592980623e-23,1.0494739153028955e-16,7.054418080204418e-07,0.04972190738962603,2.889490742968433e-09,3.0400463757943177e-09,2.2709225289315654e-16,5.198648465643681e-11,5.510795264377278e-10,2.148463367515952e-06,1.0342457592980623e-23,0.13710980565629172,1.0342457592980623e-23
2024930_WZY_DM_assembly_Plate2B6,2024930_WZY_DM_assembly_Plate2,,B6,Plate2_B6,Water,cycle 5,0.1835,True,True,explicit_user_selected_validation_only,not_assessable,0.3014754459789678,0.003450362757990547,0.0,0.0,0.3303722340775111,0.006900725515981094,0.0,0.0017251813789952734,0.01983958585845005,0.1902012470337594,0.0,0.0,0.0,0.0,0.0,0.0,1.721931239517883e-23,1.721931239517883e-23,1.721931239517883e-23,1.721931239517883e-23,9.631872382135428e-20,5.905516031260838e-11,0.14603492784181218,8.455740260883066e-16,1.923949650089521e-15,1.0425892277273975e-19,1.3791232947228046e-16,1.0326847082453964e-15,4.773274907301113e-14,1.721931239517883e-23,2.8949742577506164e-07,1.721931239517883e-23
2024930_WZY_DM_assembly_Plate2B7,2024930_WZY_DM_assembly_Plate2,,B7,Plate2_B7,N_acetylgalactosamine,cycle 5,0.5515,True,True,explicit_user_selected_validation_only,not_assessable,0.002916855487603835,0.0,0.0,0.00021408113670532094,0.0003612619181900951,0.001779549448858827,0.0,0.0,0.005726670406862512,0.0017260291646862482,0.0,0.0,0.0,0.001003505328304986,0.5038667153773045,4.014021313222088e-05,2.093431828875145e-24,2.093431828875145e-24,2.093431828875145e-24,2.093431828875145e-24,7.066080468731561e-23,0.01901081045642633,8.250914794284456e-05,6.856454730350894e-10,2.97537155292951e-09,1.106913598586553e-20,2.163261998763597e-22,0.06271506322905494,0.2729883547505698,2.093431828875145e-24,0.12756845027334032,2.093431828875145e-24
2024930_WZY_DM_assembly_Plate2B8,2024930_WZY_DM_assembly_Plate2,,B8,Plate2_B8,N_acetylgalactosamine,cycle 5,0.4855,True,True,explicit_user_selected_validation_only,not_assessable,0.027684650808482345,0.0009399800597867555,0.0012421165075757635,0.0026632768360567646,0.002831130418168113,0.00019023405971815914,0.0,2.2380477613916e-05,0.021093600151210347,0.03800205098851208,0.0,0.0,0.0,0.0,0.4357255186661813,2.2380477613916e-05,2.477891327614036e-24,2.477891327614036e-24,2.477891327614036e-24,2.477891327614036e-24,1.0546264529128934e-21,0.02346826029910012,0.04762108999632839,4.788998798399326e-10,3.673748734276565e-09,6.401143867558063e-20,1.0198495011853619e-20,0.04694596148507119,0.2312362913150182,2.477891327614036e-24,0.12031107330091394,2.477891327614036e-24
2024930_WZY_DM_assembly_Plate2B9,2024930_WZY_DM_assembly_Plate2,,B9,Plate2_B9,N_acetylgalactosamine,cycle 5,0.3785,True,True,explicit_user_selected_validation_only,not_assessable,0.01489805930506843,0.005247494573050422,0.0030761175083212342,0.0872169787655525,0.10790537691007922,0.029373906403030996,0.0009047404436281386,0.0001809480887253699,0.10380388689876081,0.0974103877639784,0.0,0.0,0.0,0.009891828850312659,0.18993517713206473,0.0012666366210778472,5.035258041956669e-24,5.035258041956669e-24,5.035258041956669e-24,5.035258041956669e-24,2.1094391897751694e-17,0.042400356877464476,0.17922297250063357,2.154688205999252e-10,8.315452264334415e-10,4.891186280644123e-19,1.3117407393164492e-15,9.413140946006732e-09,2.3437655021652594e-06,5.035258041956669e-24,0.12726277713259268,5.035258041956669e-24
2024930_WZY_DM_assembly_Plate2C10,2024930_WZY_DM_assembly_Plate2,,C10,Plate2_C10,Urea,cycle 5,0.1715,True,True,explicit_user_selected_validation_only,not_assessable,0.7513042768468153,0.0028138736960605475,0.0,0.0,0.049622439306689956,0.005717076715805282,0.0,0.0,0.005851070701322902,0.03814362121326905,0.0,0.0,0.0,0.00035731729473790233,0.0,0.0001339939855268577,1.1275527959372112e-23,1.1275527959372112e-23,1.1275527959372112e-23,1.1275527959372112e-23,1.0525169344516346e-16,4.129740915400354e-08,7.517000213893604e-05,2.8705927251728615e-09,2.349616709500954e-09,6.230889778839721e-17,7.371727435016044e-11,4.179328707883667e-10,2.0756555715831015e-06,1.1275527959372112e-23,0.14597903757279268,1.1275527959372112e-23
2024930_WZY_DM_assembly_Plate2C11,2024930_WZY_DM_assembly_Plate2,,C11,Plate2_C11,Urea,cycle 5,0.1625,True,True,explicit_user_selected_validation_only,not_assessable,0.06131499312386997,0.021640585808454064,0.0,0.0,0.4380831409171408,0.03856463368423233,0.0,0.0,0.05326913429764347,0.1906036211591274,0.0,0.008878189049634983,0.0,0.0,0.0,0.0024969906702004773,1.625311501946241e-23,1.625311501946241e-23,1.625311501946241e-23,1.625311501946241e-23,1.1600282677186347e-19,3.5900596576433033e-09,0.18514775871788502,2.2565051759873317e-16,6.232350841077855e-16,9.516416665390592e-20,1.3175083669931436e-16,6.008808895132849e-16,1.0243673899551803e-14,1.625311501946241e-23,9.489817399818341e-07,1.625311501946241e-23
2024930_WZY_DM_assembly_Plate2C12,2024930_WZY_DM_assembly_Plate2,,C12,Plate2_C12,Urea,cycle 5,0.1295,True,True,explicit_user_selected_validation_only,not_assessable,0.20086081343924345,0.0008382297900464023,0.0,0.0,0.12856349404780654,0.018545834104691794,0.0,0.00041911489502170914,0.01770760431466777,0.13746968556737127,0.0,0.33990217986309623,0.0,0.0,0.0,0.0,1.4570159161224238e-23,1.4570159161224238e-23,1.4570159161224238e-23,1.4570159161224238e-23,8.835529535947791e-18,5.394380279163515e-07,0.1104276502222597,8.132673712146235e-14,1.3026213691357483e-13,2.597393622811259e-07,1.5529044698865952e-18,3.511033376989232e-14,1.8751151460684715e-11,1.4570159161224238e-23,0.04526459455940712,1.4570159161224238e-23
2024930_WZY_DM_assembly_Plate2C1,2024930_WZY_DM_assembly_Plate2,,C1,Plate2_C1,Butyrate,cycle 5,0.2865,True,True,explicit_user_selected_validation_only,not_assessable,0.49164735996428394,0.004314129596177842,0.0,0.00031593373305421326,0.0023749501312349606,0.00705948479374134,0.0,0.0,0.003987301596476192,0.05743457381590792,0.0,0.0012310521322443668,0.0,0.0,1.0894266656953792e-05,0.0004248763996237512,4.533559115568773e-24,4.533559115568773e-24,4.533559115568773e-24,4.533559115568773e-24,4.495529725504213e-13,0.02593964246954723,0.04939128861857202,7.920256102348576e-05,0.00031030846892887986,1.9998953797438533e-13,0.00021299226402057676,0.003084417535741265,0.2437675316292229,4.533559115568773e-24,0.10841406002289271,4.533559115568773e-24
2024930_WZY_DM_assembly_Plate2C2,2024930_WZY_DM_assembly_Plate2,,C2,Plate2_C2,Butyrate,cycle 5,0.2135,True,True,explicit_user_selected_validation_only,not_assessable,0.46714218202885416,0.002286855363739945,0.0,0.0,0.1738010076442068,0.055300320614019634,0.0,0.0004157918843160898,0.005197398553951123,0.16361410647860186,0.0,0.0,0.0,0.0,0.0,0.0008315837686307287,1.4168844857634338e-23,1.4168844857634338e-23,1.4168844857634338e-23,1.4168844857634338e-23,1.8355271350193374e-18,4.0986523671419757e-07,0.11864548583401549,2.6433004671510324e-13,5.861010779477722e-13,6.721118731571906e-19,2.0275812193568258e-13,3.2081823942469316e-13,4.9634750390945335e-11,1.4168844857634338e-23,0.01276485791341865,1.4168844857634338e-23
2024930_WZY_DM_assembly_Plate2C3,2024930_WZY_DM_assembly_Plate2,,C3,Plate2_C3,Butyrate,cycle 5,0.2735,True,True,explicit_user_selected_validation_only,not_assessable,0.5724345507468179,0.034671561169959515,0.0,0.0,0.019576459708195843,0.04339841670252429,0.0,0.002122748643057046,0.027595732359769365,0.06556934697457069,0.0,0.0,0.0,0.0,0.0,0.0009434438413602299,9.039832139397831e-24,9.039832139397831e-24,9.039832139397831e-24,9.039832139397831e-24,7.91207460804927e-16,0.0017703019259961972,0.08566451807500583,2.7248465371458845e-09,4.816517894696001e-09,4.142270571067178e-17,1.1223523385774188e-09,3.1912567623669124e-09,1.7032839140574732e-06,9.039832139397831e-24,0.14625120471385455,9.039832139397831e-24
2024930_WZY_DM_assembly_Plate2C4,2024930_WZY_DM_assembly_Plate2,,C4,Plate2_C4,Butyrate,cycle 5,0.2265,True,True,explicit_user_selected_validation_only,not_assessable,0.6027052933537409,0.0034161433631456728,0.0,0.0,0.040017679396772345,0.11761293578801948,0.0,0.00780832768716783,0.06978692870406514,0.07954733831311353,0.0,0.0029281228826861638,0.0,0.0,0.0,0.0,2.7690179716390824e-23,2.7690179716390824e-23,2.7690179716390824e-23,2.7690179716390824e-23,3.048924645608323e-20,3.064287729743243e-13,0.07617722861781699,2.0212091841969487e-17,2.33503360726388e-17,1.1102946522073063e-20,6.510276010769011e-17,1.9728950890124736e-17,4.316801804430235e-16,2.7690179716390824e-23,1.8931649567605203e-09,2.7690179716390824e-23
2024930_WZY_DM_assembly_Plate2C5,2024930_WZY_DM_assembly_Plate2,,C5,Plate2_C5,Butyrate,cycle 5,0.3495,True,True,explicit_user_selected_validation_only,not_assessable,0.37808274479650056,2.5901400616382097e-05,0.0,2.5901400616382097e-05,0.025279767001417788,0.0065789557565266565,0.0,0.00023311260554659992,0.003677998887511157,0.18633467603364376,0.0,0.003911111493049368,0.0,0.0,0.0,0.0007511406178721446,4.09630743383924e-24,4.09630743383924e-24,4.09630743383924e-24,4.09630743383924e-24,6.703584375023647e-14,0.0429096674858824,0.12275319065929592,4.0417017078310184e-05,0.0024413662055246467,3.069437436891995e-13,1.3927822896305326e-05,0.004314219268265118,0.12929676512501503,4.09630743383924e-24,0.09332913642236743,4.09630743383924e-24
2024930_WZY_DM_assembly_Plate2C6,2024930_WZY_DM_assembly_Plate2,,C6,Plate2_C6,Butyrate,cycle 5,0.2605,True,True,explicit_user_selected_validation_only,not_assessable,0.5902561523786585,0.0035545186345124044,0.0,0.0,0.0006181771538289844,0.02261498087753445,0.0,0.0003090885769140666,0.006284801063928009,0.13589594431648305,0.0,0.0,0.0,0.0,0.0,0.0004636328653717383,8.312981647024731e-24,8.312981647024731e-24,8.312981647024731e-24,8.312981647024731e-24,2.5316754993284874e-16,0.011597464159961053,0.1013608525479046,1.0293490682282406e-08,3.132182970491232e-08,1.1851378772887454e-16,1.0632792562657455e-09,9.670396497458352e-09,8.765720971858383e-06,8.312981647024731e-24,0.12703556935493485,8.312981647024731e-24
2024930_WZY_DM_assembly_Plate2C7,2024930_WZY_DM_assembly_Plate2,,C7,Plate2_C7,Urea,cycle 5,0.2715,True,True,explicit_user_selected_validation_only,not_assessable,0.45235734345598844,0.017811762335694134,0.0,0.0,0.30187866165457344,0.02241825259489482,0.0,0.0012283974024588865,0.050671392851529766,0.04575780324169422,0.0,0.0,0.0,0.0,0.0,0.0,1.5734069802329915e-23,1.5734069802329915e-23,1.5734069802329915e-23,1.5734069802329915e-23,2.1488194061437903e-18,1.6764270343768938e-10,0.08733014878043845,2.0729195223718227e-13,2.070213238451572e-13,9.378923447184098e-19,3.209705891683965e-14,8.898648928785772e-14,3.604738253599536e-11,1.5734069802329915e-23,0.020546237478502344,1.5734069802329915e-23
2024930_WZY_DM_assembly_Plate2C8,2024930_WZY_DM_assembly_Plate2,,C8,Plate2_C8,Urea,cycle 5,0.1725,True,True,explicit_user_selected_validation_only,not_assessable,0.7323005532450279,0.002639600346408661,0.0,0.0,0.06211141223283177,0.0007003021327217897,0.0,0.0,0.008780711356415252,0.039594005196185014,0.0,0.0,0.0,0.0,0.0,0.0004309551585973887,1.076168027951928e-23,1.076168027951928e-23,1.076168027951928e-23,1.076168027951928e-23,1.6076445843255005e-16,1.0330754136759306e-07,0.004175661080610335,7.381868954352169e-09,6.095787547843356e-09,1.0782108568039264e-16,1.3103089847652505e-10,9.946986310514462e-10,6.190221411626838e-06,1.076168027951928e-23,0.14926049111886272,1.076168027951928e-23
2024930_WZY_DM_assembly_Plate2C9,2024930_WZY_DM_assembly_Plate2,,C9,Plate2_C9,Urea,cycle 5,0.2215,True,True,explicit_user_selected_validation_only,not_assessable,0.5994023356575408,0.0025259596682680576,0.0,0.00027627683871653074,0.04803270181693373,0.005249259935596909,0.0,0.0,0.005446600534716351,0.022615232654924093,0.0,0.11114222540384479,0.0,0.0,0.0,0.0004341493179831796,8.181922764616454e-24,8.181922764616454e-24,8.181922764616454e-24,8.181922764616454e-24,3.8478535711807896e-14,0.0016734047814317315,0.0002608514484685742,1.3040636761133732e-05,9.410900868304716e-06,2.2276036010627182e-08,1.9083623944144895e-09,1.5571917390908075e-06,0.033429697021392625,8.181922764616454e-24,0.1694872720063773,8.181922764616454e-24
2024930_WZY_DM_assembly_Plate2D10,2024930_WZY_DM_assembly_Plate2,,D10,Plate2_D10,Glutamate,cycle 5,0.4235,True,True,explicit_user_selected_validation_only,not_assessable,0.37516686603166716,0.0016929397696527847,0.0,7.608718065836649e-05,0.029426717119595852,0.009948398871079733,0.0,9.510897582295811e-05,0.00429892570720046,0.032565313321844494,0.0,0.0,0.0,0.00015217436131673297,0.0,0.00020923974681096678,2.987946167105286e-24,2.987946167105286e-24,2.987946167105286e-24,2.987946167105286e-24,1.2052238519601649e-10,0.025244594678182353,0.03339988887271605,9.474225306814489e-05,0.0010790436492131952,2.371804783494321e-11,0.03807585670704909,0.04949636597418375,0.30980853055121277,2.987946167105286e-24,0.08916920608448461,2.987946167105286e-24
2024930_WZY_DM_assembly_Plate2D11,2024930_WZY_DM_assembly_Plate2,,D11,Plate2_D11,Glutamate,cycle 5,0.2505,True,True,explicit_user_selected_validation_only,not_assessable,0.564612806703558,0.01599973318748418,0.0,0.002488847384709625,0.3363499465632877,0.0014221985055516153,0.0,0.0,0.0575990394747606,0.02026632870411622,0.0,0.0007110992527758076,0.0,0.0,0.0,0.0,2.2271751016705702e-23,2.2271751016705702e-23,2.2271751016705702e-23,2.2271751016705702e-23,2.835007873441425e-19,6.821267282113441e-14,0.0005405875412322693,4.202906168090828e-15,3.460496977018813e-15,2.05151264117666e-19,4.1326694631928143e-16,1.3839214188436194e-15,3.0557339595227076e-13,2.2271751016705702e-23,9.412682140716978e-06,2.2271751016705702e-23
2024930_WZY_DM_assembly_Plate2D12,2024930_WZY_DM_assembly_Plate2,,D12,Plate2_D12,Glutamate,cycle 5,0.1905,True,True,explicit_user_selected_validation_only,not_assessable,0.42848998083541906,0.011965210213015073,0.0,0.006321243131405589,0.22056623354911511,0.07156550259483743,0.0,0.0,0.004063656298764268,0.16886749508209997,0.0,0.03702442405532261,0.0,0.0,0.0,0.0,2.4148420506251387e-23,2.4148420506251387e-23,2.4148420506251387e-23,2.4148420506251387e-23,7.097444829477734e-20,2.3867077308106865e-12,0.05113624498127906,1.0872114134994725e-16,1.7679787283980827e-16,1.3683224274491238e-19,6.123456426517733e-17,1.2761780781404466e-16,3.4971096574868633e-15,2.4148420506251387e-23,9.256351027653015e-09,2.4148420506251387e-23
2024930_WZY_DM_assembly_Plate2D1,2024930_WZY_DM_assembly_Plate2,,D1,Plate2_D1,Succinate,cycle 5,0.2235,True,True,explicit_user_selected_validation_only,not_assessable,0.8517026997763809,0.002801365648359273,0.0,0.0,0.04867372814022195,0.010942834563894903,0.0,0.0,0.0074411275034458125,0.07738772603580922,0.0,0.0,0.0,0.0004377133825557962,0.0,0.0006127987355775701,2.658747709964939e-23,2.658747709964939e-23,2.658747709964939e-23,2.658747709964939e-23,6.26589907720433e-20,4.747283550285297e-15,2.5004904397347534e-10,2.754486856809841e-16,2.790347941350152e-16,5.005224227159434e-20,4.9454569083087856e-17,1.240149083544014e-16,1.0418440538123587e-14,2.658747709964939e-23,5.963689663916541e-09,2.658747709964939e-23
2024930_WZY_DM_assembly_Plate2D2,2024930_WZY_DM_assembly_Plate2,,D2,Plate2_D2,Succinate,cycle 5,0.2285,True,True,explicit_user_selected_validation_only,not_assessable,0.4544718637528257,0.012832716451144081,0.0,0.0,0.15859300519900668,0.05157299253025721,0.0,0.0014527603529638521,0.03656113554960377,0.1527819637870588,0.0,0.0004842534509883361,0.0,0.0,0.0,0.0012106336274679498,2.25814132749877e-23,2.25814132749877e-23,2.25814132749877e-23,2.25814132749877e-23,3.493604675344884e-20,9.376875378006204e-13,0.1300386733618154,3.5777393528200244e-17,5.91453722148899e-17,1.7881448865363717e-20,2.962038324275571e-17,4.635730605848678e-17,9.285526968651368e-16,2.25814132749877e-23,1.9359294138096626e-09,2.25814132749877e-23
2024930_WZY_DM_assembly_Plate2D3,2024930_WZY_DM_assembly_Plate2,,D3,Plate2_D3,Succinate,cycle 5,0.2515,True,True,explicit_user_selected_validation_only,not_assessable,0.652992090193353,0.01837497283509372,0.0,0.0,0.2667773833828738,0.01259025916474912,0.0,0.0,0.04525687753819309,0.0,0.0,0.0,0.0,0.0,0.0,0.0017013863736112058,1.9679150603125674e-23,1.9679150603125674e-23,1.9679150603125674e-23,1.9679150603125674e-23,1.3121144254770165e-18,8.313791080824389e-13,9.059269457976936e-07,8.71267767005998e-14,6.383613371702744e-14,6.466794643962619e-19,8.693267902708365e-15,2.2875868854385502e-14,1.2669344518965833e-11,1.9679150603125674e-23,0.0023061245714968296,1.9679150603125674e-23
2024930_WZY_DM_assembly_Plate2D4,2024930_WZY_DM_assembly_Plate2,,D4,Plate2_D4,Succinate,cycle 5,0.2165,True,True,explicit_user_selected_validation_only,not_assessable,0.6980154147254137,0.0009322126585316076,0.0,0.0,0.0047881832006256555,0.0014830655931130953,0.0,0.0006355995399066252,0.005381409437870894,0.059280250421923086,0.0,0.15406932847304391,0.0,0.0,0.0,0.0,1.5386163323488283e-23,1.5386163323488283e-23,1.5386163323488283e-23,1.5386163323488283e-23,1.1182157793686993e-17,5.783675752999541e-10,3.6375832739211105e-06,3.159277111788519e-12,2.8455636110453325e-12,3.701060899161647e-13,2.983091160059271e-15,5.748097688743902e-13,1.0707022952068864e-09,1.5386163323488283e-23,0.07541089671027493,1.5386163323488283e-23
2024930_WZY_DM_assembly_Plate2D5,2024930_WZY_DM_assembly_Plate2,,D5,Plate2_D5,Succinate,cycle 5,0.3325,True,True,explicit_user_selected_validation_only,not_assessable,0.5502788513516114,0.0018858082637188242,0.0,0.0,0.23308590139493518,0.0818440786452784,0.0,0.0,0.03243590213596378,0.0,0.0,0.09957067632423534,0.0,0.0007543233054863439,0.0,0.0,2.316052583280334e-23,2.316052583280334e-23,2.316052583280334e-23,2.316052583280334e-23,6.708236969667824e-19,2.6659973743548652e-12,4.394796699459276e-11,9.695030367461107e-15,7.003702692552203e-15,2.1786832328565123e-17,1.6382942858634813e-15,3.0954197124701434e-15,8.63259196144144e-13,2.316052583280334e-23,0.0001444585312720543,2.316052583280334e-23
2024930_WZY_DM_assembly_Plate2D6,2024930_WZY_DM_assembly_Plate2,,D6,Plate2_D6,Succinate,cycle 5,0.2535,True,True,explicit_user_selected_validation_only,not_assessable,0.5788590603995862,0.011409395973084284,0.0,0.0,0.20973154362271496,0.009060402684493147,0.0,0.0013422818791860541,0.004362416107367393,0.1825503355692355,0.0,0.0010067114093881273,0.0,0.0,0.0,0.0016778523489811544,5.519672984224063e-23,5.519672984224063e-23,5.519672984224063e-23,5.519672984224063e-23,1.6674619137838183e-21,1.425183392453735e-18,5.963108503273754e-12,5.51481001741658e-20,6.925608554856748e-20,1.5519033927317752e-21,2.6412206717818822e-20,5.368408424019057e-20,2.6897936808363493e-19,5.519672984224063e-23,1.160418110097247e-16,5.519672984224063e-23
2024930_WZY_DM_assembly_Plate2D7,2024930_WZY_DM_assembly_Plate2,,D7,Plate2_D7,Glutamate,cycle 5,0.2965,True,True,explicit_user_selected_validation_only,not_assessable,0.541241466426403,0.0012103623727780172,0.0,0.0,0.040128167897623676,0.0006051811863890086,0.0,0.0,0.0005819049869114758,0.016270063434078684,0.0,0.0,0.0,0.0,0.0,0.0003025905931945043,5.2430019570723725e-24,5.2430019570723725e-24,5.2430019570723725e-24,5.2430019570723725e-24,2.425204510155913e-13,0.006177696358301835,0.0002155837676040424,8.655707248029772e-05,0.00012147987147184206,1.1210882318559534e-13,8.300003700936107e-05,0.0008288371746449267,0.27127452698631555,5.2430019570723725e-24,0.12087258183443897,5.2430019570723725e-24
2024930_WZY_DM_assembly_Plate2D8,2024930_WZY_DM_assembly_Plate2,,D8,Plate2_D8,Glutamate,cycle 5,0.3835,True,True,explicit_user_selected_validation_only,not_assessable,0.24032745299868274,0.0013407389288630058,0.0,0.0,0.260941314029295,0.0527915953238981,0.0,0.00033518473221575145,0.0038546244204756244,0.26546630791514,0.0,0.0005027770983236272,0.0,0.0,0.0005027770983236272,0.0020111083932945087,2.1549931039605633e-23,2.1549931039605633e-23,2.1549931039605633e-23,2.1549931039605633e-23,1.2650218471574588e-20,9.186789870511183e-12,0.17192611902702037,7.039496345459463e-18,1.990485704500135e-17,8.630973543292735e-21,8.058030145027488e-18,1.8053500299675932e-17,1.29977735170176e-16,2.1549931039605633e-23,2.5280685116278107e-11,2.1549931039605633e-23
2024930_WZY_DM_assembly_Plate2D9,2024930_WZY_DM_assembly_Plate2,,D9,Plate2_D9,Glutamate,cycle 5,0.5655,True,True,explicit_user_selected_validation_only,not_assessable,0.3964867559933002,0.0006691399163953499,0.0,0.0,0.01121877136429544,0.0003986365459373098,0.0,4.2711058493326676e-05,0.0013525168522851268,0.00267655966557937,0.0,0.0,0.0,0.0,0.0,0.0,1.981772894627917e-24,1.981772894627917e-24,1.981772894627917e-24,1.981772894627917e-24,3.252822382188167e-05,0.021048392135944838,0.00915473470741046,0.00010219741804927616,0.00589537416073211,7.203287032597587e-06,0.06520371931923942,0.07088585930827654,0.32991252072136423,1.981772894627917e-24,0.08491237932184265,1.981772894627917e-24
2024930_WZY_DM_assembly_Plate2E10,2024930_WZY_DM_assembly_Plate2,,E10,Plate2_E10,Acid_mix,cycle 5,0.3025,True,True,explicit_user_selected_validation_only,not_assessable,0.11780671892623706,0.0002872965806177797,0.0,0.0009828567231689566,0.008392084328591586,0.003508042458069349,0.0,4.536261799235749e-05,0.0008316479965271595,0.08818492937722143,0.0,0.27940348508722357,0.0,7.560436332071691e-05,0.0,0.00024193396262578554,3.5477620851095945e-24,3.5477620851095945e-24,3.5477620851095945e-24,3.5477620851095945e-24,2.104101993369162e-09,0.038975567839874825,0.05968580015964993,3.999061778332278e-05,0.00047082516784908345,0.03872195518069197,2.5317065586766955e-16,0.006822750167346128,0.24929814838266798,3.5477620851095945e-24,0.1062249979584387,3.5477620851095945e-24
2024930_WZY_DM_assembly_Plate2E11,2024930_WZY_DM_assembly_Plate2,,E11,Plate2_E11,Acid_mix,cycle 5,0.1445,True,True,explicit_user_selected_validation_only,not_assessable,0.36480569239101013,0.02435686918425312,0.0,0.02654625068404941,0.19102353585023635,0.0005473453749289575,0.0,0.001094690749857915,0.02654625068404941,0.05035577449350432,0.0,0.30952380952331615,0.0,0.005199781061830125,0.0,0.0,3.9287921896104165e-23,3.9287921896104165e-23,3.9287921896104165e-23,3.9287921896104165e-23,2.0486055357622758e-20,6.393731451977814e-17,5.369646199752424e-14,1.78630574891482e-18,1.7072297925478596e-18,6.424101112977046e-17,1.6825661997920466e-20,8.508416057569146e-19,2.3156466558199748e-17,3.9287921896104165e-23,2.910152583317612e-12,3.9287921896104165e-23
2024930_WZY_DM_assembly_Plate2E12,2024930_WZY_DM_assembly_Plate2,,E12,Plate2_E12,Acid_mix,cycle 5,0.1185,True,True,explicit_user_selected_validation_only,not_assessable,0.013973640673159341,0.002608412925661239,0.0,0.0238483467489407,0.13489221129888823,0.06800505127621113,0.0,0.0009315760448809111,0.017327314434727244,0.44361651257217805,0.0,0.0,0.0,0.0009315760448809111,0.0,0.004844195433381221,2.3578061948153284e-23,2.3578061948153284e-23,2.3578061948153284e-23,2.3578061948153284e-23,6.39900880714554e-22,1.510573320126557e-11,0.28902116253198507,6.958935313652267e-21,4.281193337897616e-20,3.997965012053669e-22,1.9116120855312682e-20,6.693938575776371e-20,2.7087120061280922e-20,2.3578061948153284e-23,6.809884820405103e-17,2.3578061948153284e-23
2024930_WZY_DM_assembly_Plate2E1,2024930_WZY_DM_assembly_Plate2,,E1,Plate2_E1,Pyruvate,cycle 5,0.1505,True,True,explicit_user_selected_validation_only,not_assessable,0.000514992907556991,0.005458924820099862,0.0,0.0,0.12957221554153,0.08909377300696518,0.01823074892751587,0.0,0.01874574183504141,0.4375379742603809,0.0,0.0,0.0004119943260453002,0.007827892194870944,0.0037079489344106274,0.0,1.4286348099993064e-23,1.4286348099993064e-23,1.4286348099993064e-23,1.4286348099993064e-23,3.0730764348355524e-21,0.0006750463030891909,0.2882227469361676,2.34919964500898e-19,4.947022304533232e-18,1.5919256183550942e-21,4.7238862658142885e-18,1.4396639375365374e-17,2.0074054214359044e-18,1.4286348099993064e-23,6.3262650371099054e-12,1.4286348099993064e-23
2024930_WZY_DM_assembly_Plate2E2,2024930_WZY_DM_assembly_Plate2,low growth,E2,Plate2_E2,Pyruvate,cycle 5,-0.0185,False,False,explicit_user_selected_validation_only,not_assessable,0.0,0.0,0.0,0.0,0.0,0.0,0.0,0.0,0.0,0.0,0.0,0.0,0.0,0.0,0.0,0.0,0.0625,0.0625,0.0625,0.0625,0.0625,0.0625,0.0625,0.0625,0.0625,0.0625,0.0625,0.0625,0.0625,0.0625,0.0625,0.0625
2024930_WZY_DM_assembly_Plate2E3,2024930_WZY_DM_assembly_Plate2,low growth,E3,Plate2_E3,Pyruvate,cycle 5,-0.0085,False,False,explicit_user_selected_validation_only,not_assessable,0.0,0.0,0.0,0.0,0.0,0.0,0.0,0.0,0.0,0.0,0.0,0.0,0.0,0.0,0.0,0.0,0.0625,0.0625,0.0625,0.0625,0.0625,0.0625,0.0625,0.0625,0.0625,0.0625,0.0625,0.0625,0.0625,0.0625,0.0625,0.0625
2024930_WZY_DM_assembly_Plate2E4,2024930_WZY_DM_assembly_Plate2,,E4,Plate2_E4,Pyruvate,cycle 5,0.0595,True,True,explicit_user_selected_validation_only,not_assessable,0.0034522439585780696,0.005178365937856433,0.0,0.0,0.7986191024170296,0.022439585730693427,0.010932105868802099,0.0028768699654781677,0.025891829689335524,0.1098964326807901,0.0,0.0011507479861891329,0.0,0.019562715765247273,0.0,0.0,2.084181989826842e-22,2.084181989826842e-22,2.084181989826842e-22,2.084181989826842e-22,5.324763557462387e-22,3.0721516620882826e-21,7.903723548412577e-20,1.4633306018217769e-21,1.5091019131402126e-21,5.260009752759428e-22,1.2028512000945571e-21,1.3884470929390553e-21,2.2159083600564487e-21,2.084181989826842e-22,1.4821805329164782e-20,2.084181989826842e-22
2024930_WZY_DM_assembly_Plate2E5,2024930_WZY_DM_assembly_Plate2,,E5,Plate2_E5,Pyruvate,cycle 5,0.2005,True,True,explicit_user_selected_validation_only,not_assessable,0.0036968576709804665,0.04066543438077755,0.0,0.0,0.6404805914972653,0.07116451016637966,0.18207024029571783,0.0027726432532372454,0.04528650646949365,0.001848428835486442,0.0,0.0,0.0,0.012014787430661871,0.0,0.0,1.4809974255675573e-22,1.4809974255675573e-22,1.4809974255675573e-22,1.4809974255675573e-22,6.102018263263612e-22,5.0340609467931155e-21,3.182743117528817e-20,2.8185973415775175e-21,2.782411803668194e-21,4.934933250715529e-22,2.4902143124563535e-21,2.1935792484312233e-21,5.391312784507227e-21,1.4809974255675573e-22,1.4780227606034954e-19,1.4809974255675573e-22
2024930_WZY_DM_assembly_Plate2E6,2024930_WZY_DM_assembly_Plate2,,E6,Plate2_E6,Pyruvate,cycle 5,0.1365,True,True,explicit_user_selected_validation_only,not_assessable,0.0032258064516138755,0.0,0.0,0.0,0.5032258064515924,0.15430107526887357,0.3209677419354381,0.000537634408597829,0.010215053763450218,0.0,0.0,0.0,0.0,0.00752688172043417,0.0,0.0,1.0508364843045406e-22,1.0508364843045406e-22,1.0508364843045406e-22,1.0508364843045406e-22,7.25613829438983e-22,2.4099843251353822e-20,4.589724275293056e-21,1.0306403778697112e-20,9.730886240289872e-21,5.121905393603344e-22,1.3219901024958661e-20,5.558273051384544e-21,2.814887094211488e-20,1.0508364843045406e-22,3.5544652857135346e-18,1.0508364843045406e-22
2024930_WZY_DM_assembly_Plate2E7,2024930_WZY_DM_assembly_Plate2,,E7,Plate2_E7,Acid_mix,cycle 5,0.3265,True,True,explicit_user_selected_validation_only,not_assessable,0.1120028886587169,0.0024151566287573412,0.0,0.0,0.05585049704003421,0.019623147608632704,0.0,0.0,0.004528418678899322,0.02264209339457938,0.0,0.4945033197384547,0.0,0.005434102414720573,0.0,0.0,8.083366037691754e-24,8.083366037691754e-24,8.083366037691754e-24,8.083366037691754e-24,9.672453865203967e-13,0.03353030570975652,2.3358479354050533e-06,7.475177245299098e-07,4.6685900721212647e-07,0.06600587568137259,2.5770101160366925e-18,3.149663470837038e-08,0.0017686722132701786,8.083366037691754e-24,0.1816919405105365,8.083366037691754e-24
2024930_WZY_DM_assembly_Plate2E8,2024930_WZY_DM_assembly_Plate2,,E8,Plate2_E8,Acid_mix,cycle 5,0.2605,True,True,explicit_user_selected_validation_only,not_assessable,0.2215518706543034,0.0009406058545372952,0.0,0.0,0.051694130088801665,0.03088322555731228,0.0,0.0005486867484816678,0.004624645451471561,0.19192278623608872,0.0,0.194078341319641,0.0,0.0030569690272452617,0.0,0.0004311110166611901,7.401375392402096e-24,7.401375392402096e-24,7.401375392402096e-24,7.401375392402096e-24,1.1296387487571853e-15,0.048419175360311664,0.12909844842757212,9.429357660592682e-10,7.15434466505366e-09,0.00019269673834930272,1.42923997254153e-14,2.275700877088295e-09,6.989105935299083e-07,7.401375392402096e-24,0.12255659823563256,7.401375392402096e-24
2024930_WZY_DM_assembly_Plate2E9,2024930_WZY_DM_assembly_Plate2,,E9,Plate2_E9,Acid_mix,cycle 5,0.1185,True,True,explicit_user_selected_validation_only,not_assessable,0.7859671675770524,0.01255230120207916,0.0,0.007402639170452536,0.011264885694181097,0.04312841951479996,0.0,0.002574831015813313,0.00836820080138038,0.12133891162005847,0.0,0.0,0.0,0.007402639170452536,0.0,0.0,3.3563579239679164e-23,3.3563579239679164e-23,3.3563579239679164e-23,3.3563579239679164e-23,1.471430158764904e-20,8.665328572710045e-16,4.226560883311756e-09,6.3666007565030254e-18,7.882953674082416e-18,8.634891953214594e-21,2.937159657260207e-18,5.21986154057878e-18,9.249656906650348e-17,3.3563579239679164e-23,7.168214883506663e-12,3.3563579239679164e-23
2024930_WZY_DM_assembly_Plate2F10,2024930_WZY_DM_assembly_Plate2,,F10,Plate2_F10,Host_sugar_mix,cycle 5,0.9255,True,True,explicit_user_selected_validation_only,not_assessable,0.0009183898001161135,3.1237748303335955e-05,0.010339694688417275,0.00043108092658604674,0.0883091144537425,0.017774278784590335,0.0005935172177634357,0.02930725545817603,0.0014681741702574724,0.013538440114675181,9.996079457082207e-05,0.0,0.00489183138430406,0.1944299929897776,0.000406090727943735,0.005366645158510608,1.0254632578410374e-24,1.0254632578410374e-24,1.0254632578410374e-24,1.0254632578410374e-24,0.01578113165277738,0.033022516839653564,0.01904981056670973,0.10427175556408798,0.19901703179025695,0.005774255909311406,0.02792274096891114,0.06533439553043696,0.06255794391517137,1.0254632578410374e-24,0.09936271284494903,1.0254632578410374e-24
2024930_WZY_DM_assembly_Plate2F11,2024930_WZY_DM_assembly_Plate2,,F11,Plate2_F11,Host_sugar_mix,cycle 5,0.8325,True,True,explicit_user_selected_validation_only,not_assessable,0.044072255712610316,0.0006459293396436203,0.0024942809884679956,0.00010931111901674493,0.005872988303530238,0.013842762617323277,0.00018881011466552114,0.11603872152348338,0.0055450549464817235,0.0036867659231953408,0.0,0.0,0.008168521802878442,0.2333891764749201,0.0013216708026560688,0.004183634646003416,1.6791234587894124e-24,1.6791234587894124e-24,1.6791234587894124e-24,1.6791234587894124e-24,9.275385338016912e-06,0.03700344333321945,0.0188382639569834,0.07762118942134698,0.23933493755092233,9.926102602578325e-05,1.2653349887202276e-09,0.06877248383517454,4.1477039112742406e-05,1.6791234587894124e-24,0.11871978287166571,1.6791234587894124e-24
2024930_WZY_DM_assembly_Plate2F12,2024930_WZY_DM_assembly_Plate2,,F12,Plate2_F12,Host_sugar_mix,cycle 5,0.9485,True,True,explicit_user_selected_validation_only,not_assessable,0.001515331777609317,0.0005605851662843022,0.003810227302090151,0.0,0.01680879584532103,0.0023211729541423583,0.00011386886190183503,0.14816966676328389,0.010624840729746766,0.03020152583352154,0.0,2.62774296695679e-05,0.00022773772380273473,0.2569319481657887,0.0,0.0007795637468640347,1.8268175536575868e-24,1.8268175536575868e-24,1.8268175536575868e-24,1.8268175536575868e-24,1.0298713193977626e-09,0.039823463473784876,0.0387427362098625,0.02787778369075648,0.23545836860573624,7.740332556886282e-06,4.8510986678666974e-18,0.06516191960795421,2.4516446282749117e-09,1.8268175536575868e-24,0.12083644229780673,1.8268175536575868e-24
2024930_WZY_DM_assembly_Plate2F1,2024930_WZY_DM_assembly_Plate2,,F1,Plate2_F1,Lactate,cycle 5,0.1955,True,True,explicit_user_selected_validation_only,not_assessable,0.3255867366520834,0.01782210027470398,0.0,0.0009092908303433356,0.041403042475008554,0.050799047721845736,0.0,0.0,0.0009699102190328915,0.15136661355814982,0.0,0.3367407041706334,0.0,0.0023035367702011634,0.0,0.0011517683851005817,1.9079821777738927e-23,1.9079821777738927e-23,1.9079821777738927e-23,1.9079821777738927e-23,2.1127359827807215e-18,5.634031928906652e-09,0.07036213734561388,3.75138195562351e-15,6.172772657813653e-15,9.26102776954747e-11,2.1521594496913307e-18,2.928355982670209e-15,4.03611120475842e-13,1.9079821777738927e-23,0.000585105870224664,1.9079821777738927e-23
2024930_WZY_DM_assembly_Plate2F2,2024930_WZY_DM_assembly_Plate2,,F2,Plate2_F2,Lactate,cycle 5,0.1855,True,True,explicit_user_selected_validation_only,not_assessable,0.09897146630141423,0.09570642823776093,0.0,0.022855266444824062,0.24344940061325748,0.2348786756964351,0.0,0.0,0.0030609731845733135,0.003877232700459887,0.0,0.0,0.0,0.04632272752655637,0.0,0.001632519031773147,1.0448613401689421e-23,1.0448613401689421e-23,1.0448613401689421e-23,1.0448613401689421e-23,1.164568195237787e-14,0.05232675517828521,1.0407742973903907e-07,2.881380131993971e-10,6.993546485403687e-10,3.6726862193268907e-19,1.2466944145857221e-06,7.735997093376761e-09,1.8181918235953935e-08,1.0448613401689421e-23,0.19691717740739637,1.0448613401689421e-23
2024930_WZY_DM_assembly_Plate2F3,2024930_WZY_DM_assembly_Plate2,,F3,Plate2_F3,Lactate,cycle 5,0.2805,True,True,explicit_user_selected_validation_only,not_assessable,0.3795914722839043,0.01588879673171554,0.0,0.0010437895663168051,0.02725450534273744,0.002551485606553708,0.0,0.0,0.00023195323695936589,0.2545686775628341,0.0,0.0,0.0,0.02249946398506327,0.0,0.0010437895663168051,6.667912619672016e-24,6.667912619672016e-24,6.667912619672016e-24,6.667912619672016e-24,5.221029523270686e-17,0.045421224942931354,0.15963600037747425,1.8973541132860422e-10,8.211638075445054e-09,6.965503928891783e-17,2.77838302378388e-12,7.121009422524943e-09,3.757946629806293e-08,6.667912619672016e-24,0.09026878769256541,6.667912619672016e-24
2024930_WZY_DM_assembly_Plate2F4,2024930_WZY_DM_assembly_Plate2,,F4,Plate2_F4,Lactate,cycle 5,0.1965,True,True,explicit_user_selected_validation_only,not_assessable,0.31205211726390414,0.02280130293158053,0.0,0.07491856677527589,0.12508143322461,0.09967426710087705,0.003908794788279706,0.005863192182402529,0.004560260586309294,0.16547231270367063,0.0,0.0,0.0,0.1856677524430306,0.0,0.0,6.652711125477321e-23,6.652711125477321e-23,6.652711125477321e-23,6.652711125477321e-23,1.154249795416812e-21,4.980642413736696e-18,5.944474103417388e-14,1.7980075302569827e-20,2.78005826638656e-20,7.641588435124541e-22,7.423527020734194e-21,2.7016788629607803e-20,2.6277459498009544e-20,6.652711125477321e-23,1.438237463218445e-16,6.652711125477321e-23
2024930_WZY_DM_assembly_Plate2F5,2024930_WZY_DM_assembly_Plate2,,F5,Plate2_F5,Lactate,cycle 5,0.2745,True,True,explicit_user_selected_validation_only,not_assessable,0.05945259175964256,0.028678673117552452,0.0,0.005761925192563666,0.0017023869887116698,0.09140508600933829,0.0,0.0007857170717129692,0.006809547954846679,0.245929443446331,0.0,0.3641798627389322,0.0,0.059583544604979354,0.0,0.001964292679285969,2.7700201627213033e-23,2.7700201627213033e-23,2.7700201627213033e-23,2.7700201627213033e-23,2.94666076024547e-20,1.7504425165103495e-11,0.13374692828042506,8.504556569937853e-19,2.2404013207450493e-18,1.61464483493412e-14,6.6428540036403066e-21,2.450783143704185e-18,6.498470910488806e-18,2.7700201627213033e-23,1.3815764229909381e-10,2.7700201627213033e-23
2024930_WZY_DM_assembly_Plate2F6,2024930_WZY_DM_assembly_Plate2,,F6,Plate2_F6,Lactate,cycle 5,0.2185,True,True,explicit_user_selected_validation_only,not_assessable,0.19841808208650175,0.03413644422997944,0.0,0.009600874939656343,0.0021335277643598737,0.020624101722194657,0.0003555879607278759,0.0014223518429115037,0.022046453565187366,0.4142599742474034,0.0,0.0,0.0,0.026313509093796383,0.0,0.004978231450197646,3.6044474709099704e-23,3.6044474709099704e-23,3.6044474709099704e-23,3.6044474709099704e-23,3.7512636551931224e-22,5.828339923843302e-16,0.2657108610970833,1.5256540474269654e-21,5.269366773396986e-21,3.27779657268166e-22,1.1311675536389528e-21,7.822608466132512e-21,3.1704653731604072e-21,3.6044474709099704e-23,1.3112941910507823e-18,3.6044474709099704e-23
2024930_WZY_DM_assembly_Plate2F7,2024930_WZY_DM_assembly_Plate2,,F7,Plate2_F7,Host_sugar_mix,cycle 5,1.0175,True,True,explicit_user_selected_validation_only,not_assessable,0.04585922434259495,0.00028183895557346115,0.010617851265063769,7.477360045818794e-05,0.09175295957743812,0.0015472383479416308,0.0008972832054993369,0.06860190251266449,0.005136371169938978,0.010422289540773783,0.0,0.0,0.004244839779861207,0.14378388186593505,0.0015012238245853248,1.1503630839725382e-05,1.0561298518463e-24,1.0561298518463e-24,1.0561298518463e-24,1.0561298518463e-24,0.018819400735625793,0.02789061416161724,0.019944861871071137,0.0809895987940075,0.18067218406688035,0.005542408252286897,0.025823316672350414,0.06100731544118622,0.09981631703923302,1.0561298518463e-24,0.09476080134657355,1.0561298518463e-24
2024930_WZY_DM_assembly_Plate2F8,2024930_WZY_DM_assembly_Plate2,,F8,Plate2_F8,Host_sugar_mix,cycle 5,1.1495,True,True,explicit_user_selected_validation_only,not_assessable,0.06332914940146571,0.0006069307695457416,0.001567149598978723,0.00023552537325686332,0.017646285657826433,0.03217638945415319,0.001512797589766584,0.0013044482211135673,0.004819211483561544,0.0020563176818935323,0.001123274857069399,0.0,0.001947613663469254,0.22807914799437234,0.0010598641796561628,0.0022737257187476455,1.0853889671485184e-24,1.0853889671485184e-24,1.0853889671485184e-24,1.0853889671485184e-24,0.0028996522058718304,0.037245881320445554,0.01724129788368197,0.12110364594517176,0.2128713386350713,0.00612207085692522,0.03197883218992898,0.07112417918844176,0.032110967451964706,1.0853889671485184e-24,0.10756430267762014,1.0853889671485184e-24
2024930_WZY_DM_assembly_Plate2F9,2024930_WZY_DM_assembly_Plate2,,F9,Plate2_F9,Host_sugar_mix,cycle 5,0.9225,True,True,explicit_user_selected_validation_only,not_assessable,0.005951724331661537,0.00017961307996791935,0.00017961307996791935,8.164230907607583e-06,0.061533808350844044,0.020916759585347815,0.0005878246253496798,0.0945826150650821,0.0005551677017188351,0.0036902323702516122,8.164230907607583e-06,0.0036575754466159328,0.005094480086364813,0.2136334301602101,0.0013470980997559417,0.0022941488850456047,1.349020234068283e-24,1.349020234068283e-24,1.349020234068283e-24,1.349020234068283e-24,0.0023814579186629973,0.035794505063910506,0.013225316333757836,0.09790310216511557,0.22893133288897793,0.004763849140472153,0.0011794903111955791,0.06861451557666265,0.01959086120715492,1.349020234068283e-24,0.11339515006409073,1.349020234068283e-24
2024930_WZY_DM_assembly_Plate2G10,2024930_WZY_DM_assembly_Plate2,,G10,Plate2_G10,Master_mix,cycle 5,0.7635,True,True,explicit_user_selected_validation_only,not_assessable,0.19162170990644325,0.000710085743431906,0.00040576328196108915,5.072041024513614e-05,0.006137169639671651,0.013922752612267822,0.001546972512481741,0.1362603821242011,0.014861080201889346,0.008698550357042544,0.0,0.00010144082049040799,0.01762534256015937,0.08713766480125923,0.007405179895796662,0.007405179895796662,2.650316336855825e-24,2.650316336855825e-24,2.650316336855825e-24,2.650316336855825e-24,5.244468220811572e-07,0.031355632174218176,0.032463047902763345,0.00028047108472208137,0.16262977774075965,4.311875415304301e-11,5.954564010770414e-05,0.049785748443813616,0.11824224895078585,2.650316336855825e-24,0.11129300880975082,2.650316336855825e-24
2024930_WZY_DM_assembly_Plate2G11,2024930_WZY_DM_assembly_Plate2,,G11,Plate2_G11,Master_mix,cycle 5,0.9235,True,True,explicit_user_selected_validation_only,not_assessable,0.09292707530036871,0.00010087063804645122,0.030740326944739042,0.00015130595706967684,0.047535288179448194,0.02365416462192791,0.0014878419111861159,0.22050321476912121,0.01911498590973109,0.08480698893761734,0.0,0.0,0.014449718900155622,0.08992617381839503,0.0,0.0021435010584927635,3.4103936228307114e-24,3.4103936228307114e-24,3.4103936228307114e-24,3.4103936228307114e-24,1.907266650149051e-08,0.042497614051427005,0.08250988388002269,9.977477398805283e-07,0.11171224930538878,9.202057545649409e-14,9.144398508210777e-09,0.00835520779991807,0.0023530704040625244,3.4103936228307114e-24,0.12502949164798488,3.4103936228307114e-24
2024930_WZY_DM_assembly_Plate2G12,2024930_WZY_DM_assembly_Plate2,,G12,Plate2_G12,Master_mix,cycle 5,0.7395,True,True,explicit_user_selected_validation_only,not_assessable,0.02097468019932559,7.445750869508193e-06,0.016291302902440484,0.0003127215365182648,0.006381008495148891,0.0008264783465158816,0.00037973329434336635,0.00851049324382702,0.0007371293360788152,0.004780172058207665,0.0,0.06474080381015215,0.002613458555189753,0.26026622164246727,0.0,0.00023826402782318288,1.3174957880428302e-24,1.3174957880428302e-24,1.3174957880428302e-24,1.3174957880428302e-24,0.0008752249000431032,0.03688543869486827,0.012425725151176317,0.1304286176013812,0.2291114175315962,0.01475892625712185,4.572999909413915e-13,0.07233209820801383,0.0008695351976828239,1.3174957880428302e-24,0.11525310325875132,1.3174957880428302e-24
2024930_WZY_DM_assembly_Plate2G1,2024930_WZY_DM_assembly_Plate2,,G1,Plate2_G1,Fucose,cycle 5,0.2985,True,True,explicit_user_selected_validation_only,not_assessable,0.4517950814762929,0.001365398164300693,0.0,0.0006321287797703021,0.01701690675138494,0.00945664654536372,0.00290779238694023,0.0,0.006245432344130585,0.16346850244828418,0.0,0.04859806058861445,0.0,0.0008596951404876107,0.0,0.012996567712045815,6.1708991197169666e-24,6.1708991197169666e-24,6.1708991197169666e-24,6.1708991197169666e-24,1.17672076642285e-14,0.042462315009423705,0.11482125166419994,1.7770965024624994e-06,1.3788347030217875e-05,2.206899259948613e-11,2.958938843444686e-09,2.758349263007081e-06,0.006246272612787783,6.1708991197169666e-24,0.1211096216021577,6.1708991197169666e-24
2024930_WZY_DM_assembly_Plate2G2,2024930_WZY_DM_assembly_Plate2,,G2,Plate2_G2,Fucose,cycle 5,0.3035,True,True,explicit_user_selected_validation_only,not_assessable,0.3604946067251573,4.638973191681487e-05,0.0,0.0004175075872501941,0.026326172862760146,0.006656926530052677,0.011295899721734164,4.638973191681487e-05,0.0021571225341307514,0.07350453022211756,0.0,0.035975237101519945,0.0,0.0032240863682114155,0.0,0.0014148868234624735,3.709876946882346e-24,3.709876946882346e-24,3.709876946882346e-24,3.709876946882346e-24,3.5776864585851535e-12,0.03094184215081778,0.05506710246872789,9.09633771853176e-05,0.00100127499079213,4.447022925032131e-08,0.00016593369421646003,0.018287877184116525,0.27470122615189957,3.709876946882346e-24,0.09818397956820714,3.709876946882346e-24
2024930_WZY_DM_assembly_Plate2G3,2024930_WZY_DM_assembly_Plate2,,G3,Plate2_G3,Fucose,cycle 5,0.4515,True,True,explicit_user_selected_validation_only,not_assessable,0.3632830933290847,0.009669577415619154,0.0,0.003867830966247662,0.007559851434027001,0.010021198412528083,0.05749003299817138,0.0,0.0009376559918171951,0.026312971270343186,0.0,0.11029178603746466,0.0,0.02103865631637666,0.0,0.012541148890546323,5.4132082493186344e-24,5.4132082493186344e-24,5.4132082493186344e-24,5.4132082493186344e-24,8.189858547303161e-13,0.02246689453169181,0.012441436981367198,9.773541551309805e-05,0.00019907622064518728,9.493798559037548e-05,5.0642989830076895e-09,8.732670079010479e-05,0.20672868650200307,5.4132082493186344e-24,0.13487009753505527,5.4132082493186344e-24
2024930_WZY_DM_assembly_Plate2G4,2024930_WZY_DM_assembly_Plate2,,G4,Plate2_G4,Fucose,cycle 5,0.5215,True,True,explicit_user_selected_validation_only,not_assessable,0.15427757359950597,0.003250132657626286,0.0,0.011963254250429397,0.011617495457054457,0.008229059282078198,0.05829493256137085,0.0008298211040753185,0.01984655473915719,0.3075870225786906,0.0,0.010718522594304152,0.0,0.0537309164889198,0.0,0.011271736663704053,4.7912704317865814e-24,4.7912704317865814e-24,4.7912704317865814e-24,4.7912704317865814e-24,1.2084321749980802e-17,0.05532404625840401,0.20904592654720183,2.006427744056931e-10,2.0023335961762987e-07,1.049082766101929e-15,9.122205538227381e-14,3.970325832570372e-08,6.073604569849982e-09,4.7912704317865814e-24,0.08401275900652043,4.7912704317865814e-24
2024930_WZY_DM_assembly_Plate2G5,2024930_WZY_DM_assembly_Plate2,,G5,Plate2_G5,Fucose,cycle 5,0.4815,True,True,explicit_user_selected_validation_only,not_assessable,0.1609273569159099,0.0007695513198028563,0.0,0.0011745783302265012,0.19799745404549274,0.0022580255830994896,0.00015188512890873068,4.05027010422556e-05,3.0377025781637263e-05,0.05926557730007696,0.0,0.0,6.07540515633834e-05,0.0017112391190328496,0.004799570073508922,0.0003746499846405921,2.126396733492387e-24,2.126396733492387e-24,2.126396733492387e-24,2.126396733492387e-24,6.756872859597928e-08,0.025708104273439603,0.04283280064076398,9.540275899763818e-05,0.0119760576300082,3.276960294149135e-08,0.052657181701170716,0.0648066556079198,0.29367198239513553,2.126396733492387e-24,0.07869019307514626,2.126396733492387e-24
2024930_WZY_DM_assembly_Plate2G6,2024930_WZY_DM_assembly_Plate2,,G6,Plate2_G6,Fucose,cycle 5,0.3945,True,True,explicit_user_selected_validation_only,not_assessable,0.20321059972782218,0.0004782308424213696,0.0,0.0014815779039704124,0.1833312000029617,0.0022692522326715594,0.013052888875506903,4.688537670795581e-05,0.00014065613012441812,0.0271372560386406,0.0,0.0,6.563952739116566e-05,0.006160738499426935,0.0,0.005795032561107304,2.6888804395888107e-24,2.6888804395888107e-24,2.6888804395888107e-24,2.6888804395888107e-24,1.0470119305906361e-09,0.023109499824224312,0.024829969121344178,0.00011690758669573001,0.0023289652727238367,2.6588601731317954e-10,0.04263115098195942,0.05704242654252647,0.32026550073332755,2.6888804395888107e-24,0.08650562090554792,2.6888804395888107e-24
2024930_WZY_DM_assembly_Plate2G7,2024930_WZY_DM_assembly_Plate2,,G7,Plate2_G7,Master_mix,cycle 5,0.7845,True,True,explicit_user_selected_validation_only,not_assessable,0.05537218476794413,0.0003208121944841631,0.032028722907483265,3.499769394368441e-05,0.00015748962274657983,0.003248952587773983,0.00044913707227747795,0.05723289549594807,0.00046080297025890074,0.0022631842083621523,0.0,0.0,0.0001458237247657411,0.24875194265412862,0.0,0.0016448916153531672,1.140845265453097e-24,1.140845265453097e-24,1.140845265453097e-24,1.140845265453097e-24,0.010730515166452377,0.03397278200814955,0.010897806917154215,0.11857010096925366,0.2245893418557591,0.006037607300260495,2.493365235566764e-05,0.06816173100210095,0.013287899430584239,1.140845265453097e-24,0.1116154441824599,1.140845265453097e-24
2024930_WZY_DM_assembly_Plate2G8,2024930_WZY_DM_assembly_Plate2,,G8,Plate2_G8,Master_mix,cycle 5,0.7775,True,True,explicit_user_selected_validation_only,not_assessable,0.03539048400051372,0.00041635863529979354,0.004417463569645349,0.0,0.014166348688868525,0.00049759934462643,0.0007717867386043863,0.005717314918871532,0.003767537895032257,0.01680667174197304,0.0,0.0,0.00480335693894799,0.3034442044239584,0.0005179095219578658,0.0029957511564269778,1.7449211712033477e-24,1.7449211712033477e-24,1.7449211712033477e-24,1.7449211712033477e-24,1.3563500073879467e-11,0.03926466215954131,0.023618117359835676,0.1182189012641197,0.23536610735169283,0.0004139837005808172,6.382128358392744e-14,0.07390625404381826,2.5520500291033334e-10,1.7449211712033477e-24,0.11549918627685281,1.7449211712033477e-24
2024930_WZY_DM_assembly_Plate2G9,2024930_WZY_DM_assembly_Plate2,,G9,Plate2_G9,Master_mix,cycle 5,0.9205,True,True,explicit_user_selected_validation_only,not_assessable,0.08649459085889985,0.0003709560723048637,0.0026173011768204813,0.0,0.03600334768427502,0.011149290839854192,0.003256169968009795,0.005255211024321236,0.003421039333479992,0.030232919892846113,0.0,0.0,0.0004946080964066716,0.19221707146595685,0.0,0.003317995980061819,1.0940660232720495e-24,1.0940660232720495e-24,1.0940660232720495e-24,1.0940660232720495e-24,0.0010374308661597544,0.033980600785782,0.030339355711709797,0.10759286150245623,0.20111342202301133,0.006079846556700023,0.02560185585012061,0.06719902392688157,0.0546832124294322,1.0940660232720495e-24,0.0975418879545096,1.0940660232720495e-24
2024930_WZY_DM_assembly_Plate2H10,2024930_WZY_DM_assembly_Plate2,low growth,H10,Plate2_H10,blank,cycle 5,0.0055,True,False,explicit_user_selected_validation_only,not_assessable,0.0,0.0,0.0,0.0,0.40000000000050906,0.0,0.0,0.0,0.0,0.0,0.0,0.0,0.0,0.5999999999994908,0.0,0.0,4.971590909092717e-22,4.971590909092717e-22,4.971590909092717e-22,4.971590909092717e-22,6.714286580693136e-22,2.3426646996820055e-21,8.50341206740814e-22,1.147749956249046e-21,1.2605444802980922e-21,7.93968041032467e-22,7.3147294370666535e-22,1.2844508459479763e-21,9.581607212736166e-22,4.971590909092717e-22,6.415656416763365e-21,4.971590909092717e-22
2024930_WZY_DM_assembly_Plate2H11,2024930_WZY_DM_assembly_Plate2,low growth,H11,Plate2_H11,blank,cycle 5,-0.0065,False,False,explicit_user_selected_validation_only,not_assessable,0.0,0.0,0.0,0.0,0.0,0.0,0.0,0.0,0.0,0.0,0.0,0.0,0.0,0.0,0.0,0.0,0.0625,0.0625,0.0625,0.0625,0.0625,0.0625,0.0625,0.0625,0.0625,0.0625,0.0625,0.0625,0.0625,0.0625,0.0625,0.0625
2024930_WZY_DM_assembly_Plate2H12,2024930_WZY_DM_assembly_Plate2,low growth,H12,Plate2_H12,blank,cycle 5,0.0015,True,False,explicit_user_selected_validation_only,not_assessable,0.11111111111111109,0.0,0.0,0.0,0.0,0.0,0.0,0.14814814814814814,0.0,0.07407407407407407,0.0,0.0,0.0,0.0,0.6666666666666666,0.0,1.4467592592592593e-21,1.4467592592592593e-21,1.4467592592592593e-21,1.4467592592592593e-21,1.5100021986386576e-21,1.8878233436028286e-21,2.112374328218923e-21,1.6582872185646935e-21,1.6892410365838912e-21,1.5099152298516178e-21,1.5055199635366155e-21,1.7696379576841083e-21,1.8732051934819128e-21,1.4467592592592593e-21,2.857604771728588e-21,1.4467592592592593e-21
2024930_WZY_DM_assembly_Plate2H1,2024930_WZY_DM_assembly_Plate2,,H1,Plate2_H1,Sialic_acid,cycle 5,0.6325,True,True,explicit_user_selected_validation_only,not_assessable,0.2298135234617764,0.00023630276081639556,0.0,0.09584803521430535,0.0002908341671590702,0.0012542223458750024,0.001726827867504071,0.047842220497697756,0.0013451080231081404,0.040280532151558204,0.0,0.032318946825540734,0.0,0.00045442838618616345,0.0005816683343181404,0.0,1.8176012847682315e-24,1.8176012847682315e-24,1.8176012847682315e-24,1.8176012847682315e-24,0.00930924596263987,0.02320745186132303,0.03286520717967664,9.226815115202248e-05,0.03992644851809163,0.004685724453619419,0.010071811539733778,0.05769252380597341,0.2863140155007623,1.8176012847682315e-24,0.08384265299118246,1.8176012847682315e-24
2024930_WZY_DM_assembly_Plate2H2,2024930_WZY_DM_assembly_Plate2,,H2,Plate2_H2,Sialic_acid,cycle 5,0.5895,True,True,explicit_user_selected_validation_only,not_assessable,0.05558827497494032,0.00025460278614486127,0.0,0.0014427491214861437,0.011287390185756922,0.0012730139307243064,0.016294578313248667,0.018586003388593116,0.004158512173703611,0.0017822195030098187,0.0,0.2882952215112509,0.0,0.03360756777111046,0.013493947665681858,0.0,2.7409659926978316e-24,2.7409659926978316e-24,2.7409659926978316e-24,2.7409659926978316e-24,5.41248620074492e-06,0.03227750588512224,0.0005770457741035137,0.0004119388150813966,0.007821876910727122,0.039399594972986327,1.4889725429390346e-17,0.05111963832003499,0.3067100800428567,2.7409659926978316e-24,0.11561282546723595,2.7409659926978316e-24
2024930_WZY_DM_assembly_Plate2H3,2024930_WZY_DM_assembly_Plate2,,H3,Plate2_H3,Sialic_acid,cycle 5,0.5235,True,True,explicit_user_selected_validation_only,not_assessable,0.22935597223293208,6.701612091891037e-05,0.0,0.0045704994466649485,0.0004289031738811544,0.0035518544086994746,0.004436467204836092,0.05808957361254079,0.0015011611085835068,0.0057767896232100305,0.0,0.12908645211349498,0.0,0.00097843536541575,0.005026209068923613,0.0,2.0843525789027392e-24,2.0843525789027392e-24,2.0843525789027392e-24,2.0843525789027392e-24,0.002479226451706596,0.025914644235804328,0.010734993953486198,2.0026980046736617e-05,0.014053810174233171,0.02160218472573179,0.0007604245291756196,0.0644890127666234,0.31829057937119415,2.0843525789027392e-24,0.09878576333189665,2.0843525789027392e-24
2024930_WZY_DM_assembly_Plate2H4,2024930_WZY_DM_assembly_Plate2,,H4,Plate2_H4,Sialic_acid,cycle 5,0.6175,True,True,explicit_user_selected_validation_only,not_assessable,0.21674114702589742,0.00045887328234188413,0.0,0.1620205081066232,0.0005735916029273552,0.004550493383211515,0.01586936768097495,0.12423994119396929,0.0034797890577486393,0.0011089437656587927,0.0,0.07621120430880948,0.0,0.020190424423010958,0.0003441549617564131,0.0001911972009754808,4.456873518944989e-24,4.456873518944989e-24,4.456873518944989e-24,4.456873518944989e-24,1.0670002839656242e-09,0.014431239377469735,5.083192647079456e-08,4.819920153757299e-05,0.002040976804328188,2.548207596509378e-07,8.175975496472999e-14,1.3255084367375656e-05,0.22856159555323116,4.456873518944989e-24,0.12892479126539239,4.456873518944989e-24
2024930_WZY_DM_assembly_Plate2H5,2024930_WZY_DM_assembly_Plate2,,H5,Plate2_H5,Sialic_acid,cycle 5,0.6445,True,True,explicit_user_selected_validation_only,not_assessable,0.055503732660089164,0.0,0.0,0.31630303386920156,0.00898523541015695,0.0018766630919935133,0.023941671567639395,0.2910533849935318,0.008757761095976061,0.002161005984718436,0.0,0.0016491887778126253,0.0,0.048622634656135116,0.0,0.000682422942542664,4.638632964396771e-24,4.638632964396771e-24,4.638632964396771e-24,4.638632964396771e-24,2.7312170406054537e-08,0.007953078207394307,0.005730875007766211,4.977723764255504e-06,0.019740047862644383,7.120835628549157e-18,1.1627204790593733e-19,1.5918768494589517e-08,0.06173231108129948,4.638632964396771e-24,0.1453019318363951,4.638632964396771e-24
2024930_WZY_DM_assembly_Plate2H6,2024930_WZY_DM_assembly_Plate2,,H6,Plate2_H6,Sialic_acid,cycle 5,0.6825,True,True,explicit_user_selected_validation_only,not_assessable,0.01766861330202108,0.00018309443836322115,0.0,0.28974694871014467,0.001769912904176151,0.008910596000336817,0.010711024644240999,0.001281661068540068,0.0005492833150896635,0.005950569246804688,0.0,0.11690579889487206,0.0,0.02230700574058247,0.0017393971644481209,0.0,2.4218549961475923e-24,2.4218549961475923e-24,2.4218549961475923e-24,2.4218549961475923e-24,0.013208870006574695,0.021415285564534235,0.004706149201675701,0.007115487826807923,0.01813948615093485,0.015789692054016567,4.5527335905360695e-19,0.028198727640338483,0.3160012297687802,2.4218549961475923e-24,0.09770116635671729,2.4218549961475923e-24
2024930_WZY_DM_assembly_Plate2H7,2024930_WZY_DM_assembly_Plate2,,H7,Plate2_H7,blank,cycle 5,0.0945,True,False,explicit_user_selected_validation_only,not_assessable,0.5016676100361556,0.005987507707179751,0.0,0.0,0.12616534097249352,0.007698224194927581,0.0,0.0012830373658212636,0.03635272536500507,0.23137440496908895,0.0,0.06671794302278883,0.0,0.0,0.0017107164877623773,0.0,4.0589916665673897e-23,4.0589916665673897e-23,4.0589916665673897e-23,4.0589916665673897e-23,2.845777072322462e-21,1.2933760640589638e-16,0.021042489878771557,1.669078473650828e-19,2.5693422075534457e-19,1.8222046599978026e-20,3.7641024562599137e-20,1.9503752074867142e-19,1.179110052632141e-18,4.0589916665673897e-23,5.285710530106243e-15,4.0589916665673897e-23
2024930_WZY_DM_assembly_Plate2H8,2024930_WZY_DM_assembly_Plate2,,H8,Plate2_H8,blank,cycle 5,0.1235,True,False,explicit_user_selected_validation_only,not_assessable,0.5612047508049082,0.016937113779380224,0.0,0.0,0.1126969493780913,0.005537133350956148,0.0,0.0,0.040388502089269,0.19021681629099974,0.0,0.0,0.0,0.0,0.0029314235387424936,0.0,3.331725049299257e-23,3.331725049299257e-23,3.331725049299257e-23,3.331725049299257e-23,4.609719578582498e-21,4.2685528871728575e-16,0.07008731076756074,5.923086909112976e-19,9.175776857367341e-19,4.312523535475281e-21,2.0721947167445964e-19,7.184487811704547e-19,5.650819860312617e-18,3.331725049299257e-23,9.17427573397602e-14,3.331725049299257e-23
2024930_WZY_DM_assembly_Plate2H9,2024930_WZY_DM_assembly_Plate2,low growth,H9,Plate2_H9,blank,cycle 5,-0.0005,False,False,explicit_user_selected_validation_only,not_assessable,0.0,0.0,0.0,0.0,0.0,0.0,0.0,0.0,0.0,0.0,0.0,0.0,0.0,0.0,0.0,0.0,0.0625,0.0625,0.0625,0.0625,0.0625,0.0625,0.0625,0.0625,0.0625,0.0625,0.0625,0.0625,0.0625,0.0625,0.0625,0.0625
