Sample ID,Experiment ID,growth_qc,Growth Well ID,16S Well ID,Media,Protocol,Final OD,observation_relative_abundance_defined,included_in_primary_score,data_use_status,contamination_status,Ai,Ac,Bfi,Bf,Bt,Bu,Bx,Ba,Csp,Dl,Ls,Mf,Pm,Bd,Bv,Rg,Af,Ao,As,Bl.s,Col,Cs,Et,Eu.c,Eu.l,Im,Ld,Lsp,Mi,Pc,Va,Vp
2024930_WZY_DM_assembly_Plate1A10,2024930_WZY_DM_assembly_Plate1,,A10,Plate1_A10,Galactose,cycle 5,0.8905,True,True,explicit_user_selected_validation_only,not_assessable,0.00994371510487,0.000865969183307,0.0,0.000865969183307,0.00197082641718,0.00438956792918,0.0057034522073,0.178359790755,0.00261283805308,0.0690834381235,0.00510623208088,2.98610063209e-05,0.00229929748671,0.0255610214107,0.0,0.0,1.9531250000000002e-24,1.9531250000000002e-24,1.9531250000000002e-24,1.9531250000000002e-24,3.862680602077424e-14,0.02019870862304589,0.04762085910178079,4.1941869176818265e-17,4.949029300942176e-09,7.882410101166051e-18,6.344558015244294e-20,1.2256688234378186e-11,6.437002089901796e-12,1.9531250000000002e-24,0.05083399888094539,1.9531250000000002e-24
2024930_WZY_DM_assembly_Plate1A11,2024930_WZY_DM_assembly_Plate1,,A11,Plate1_A11,Galactose,cycle 5,0.9725,True,True,explicit_user_selected_validation_only,not_assessable,0.0905498424591,0.00019301858238,0.0,0.00277464212172,0.00446355471754,0.0125220805319,0.0126668444687,0.0447561837894,0.00427053613516,0.0151278313941,0.101214119136,0.0288562780658,0.00552515692063,0.406666025752,0.0,0.0,1.9531250000000002e-24,1.9531250000000002e-24,1.9531250000000002e-24,1.9531250000000002e-24,0.0014597517872856445,0.08974405416161663,0.03620778651303072,0.20065434155461123,0.37680981921026996,0.01658391782055754,5.03870070553207e-05,0.11718887221523504,0.10787017563088236,1.9531250000000002e-24,0.19032861373928645,1.9531250000000002e-24
2024930_WZY_DM_assembly_Plate1A12,2024930_WZY_DM_assembly_Plate1,,A12,Plate1_A12,Galactose,cycle 5,0.9375,True,True,explicit_user_selected_validation_only,not_assessable,0.264256690935,1.60223543888e-05,0.0,0.000544760049221,0.0183616181296,0.0108311115669,0.00874820549631,0.211687346185,0.00294811320755,0.0107830445037,0.000224312961444,0.106997282609,0.00116963187039,0.191226799631,0.0,0.0,1.9531250000000002e-24,1.9531250000000002e-24,1.9531250000000002e-24,1.9531250000000002e-24,0.05772974994540022,0.05552851954464158,0.0259139407322095,0.10837326371977855,0.29637212186197603,0.025301941364136812,0.05327937033078212,0.12318342685647181,0.3546452857698559,1.9531250000000002e-24,0.1989240179921053,1.9531250000000002e-24
2024930_WZY_DM_assembly_Plate1A1,2024930_WZY_DM_assembly_Plate1,,A1,Plate1_A1,Glucose,cycle 5,1.2345,True,True,explicit_user_selected_validation_only,not_assessable,0.0540149782135,0.00039845073832,0.0,0.00241560760107,0.37170473251,0.00341173444687,0.00014941902687,0.0461704793028,0.0164111897846,0.0130990680223,0.0,0.247238683128,0.00122025538611,0.012028231663,0.0,0.0,1.9531250000000002e-24,1.9531250000000002e-24,1.9531250000000002e-24,1.9531250000000002e-24,0.06862431257247503,0.04833758568180529,0.039757760708898124,0.0006299749047190067,0.11225799637371808,0.04089639346061832,0.07452547154169475,0.12449514793207916,0.5658425362242192,1.9531250000000002e-24,0.17563056207307737,1.9531250000000002e-24
2024930_WZY_DM_assembly_Plate1A2,2024930_WZY_DM_assembly_Plate1,,A2,Plate1_A2,Glucose,cycle 5,1.0345,True,True,explicit_user_selected_validation_only,not_assessable,0.0356650455356,0.000174828654586,0.0,0.00188426438832,0.00742050511689,0.0134812318092,0.000679889212281,0.181316740212,0.00609957750446,0.0012238005821,0.0,0.0162007886583,0.00258357900667,0.0761087409633,0.0,0.0,1.9531250000000002e-24,1.9531250000000002e-24,1.9531250000000002e-24,1.9531250000000002e-24,6.064406946524599e-10,0.021854259237287652,0.013543635397609208,1.4321672033922653e-08,0.04783754777603681,1.0058884322359848e-09,4.395845873888891e-15,0.000907042250750189,1.101141863910009e-05,1.9531250000000002e-24,0.07990824430458054,1.9531250000000002e-24
2024930_WZY_DM_assembly_Plate1A3,2024930_WZY_DM_assembly_Plate1,,A3,Plate1_A3,Glucose,cycle 5,1.0485,True,True,explicit_user_selected_validation_only,not_assessable,0.00220760554302,0.0,0.0,0.00132906864325,0.126869738962,0.00718598130841,0.00261308411215,0.169805414115,0.00353667418627,0.0161740895907,0.0,0.00594701901386,0.00200486625846,0.106235385111,0.0,0.0,1.9531250000000002e-24,1.9531250000000002e-24,1.9531250000000002e-24,1.9531250000000002e-24,4.2069229747932674e-07,0.02862124306810296,0.021970944527526924,0.0002495284758958822,0.20138343443896722,1.4908577342770678e-07,9.376161302274455e-09,0.050989236265339175,0.04010187187562573,1.9531250000000002e-24,0.10073719433280419,1.9531250000000002e-24
2024930_WZY_DM_assembly_Plate1A4,2024930_WZY_DM_assembly_Plate1,,A4,Plate1_A4,Glucose,cycle 5,1.0625,True,True,explicit_user_selected_validation_only,not_assessable,0.0323568684408,0.000796476761619,0.0,0.00175888618191,0.0084625655922,0.0105201305597,0.0012610882059,0.0572467672414,0.0082634464018,0.0240270489755,0.00039823838081,0.0,0.00301997438781,0.0202769708896,0.0,0.000464611444278,1.9531250000000002e-24,1.9531250000000002e-24,1.9531250000000002e-24,1.9531250000000002e-24,1.742819915500388e-17,0.004850340015759281,0.02655239862818714,1.3834527909685718e-15,8.294883092294563e-13,1.8218584195272563e-19,1.2882676511047655e-16,1.2266212952728427e-13,2.0288545665066653e-13,1.9531250000000002e-24,0.03142870154156545,1.9531250000000002e-24
2024930_WZY_DM_assembly_Plate1A5,2024930_WZY_DM_assembly_Plate1,,A5,Plate1_A5,Glucose,cycle 5,1.0755,True,True,explicit_user_selected_validation_only,not_assessable,0.0291058238052,0.00106161059472,0.00168088344164,0.00150394834252,0.00548498807272,0.0100410668751,0.00278672781114,0.062723492638,0.026142160895,0.00106161059472,0.00415797482932,8.84675495599e-05,0.00238862383812,0.700884161389,0.0,0.00017693509912,1.9531250000000002e-24,1.9531250000000002e-24,1.9531250000000002e-24,1.9531250000000002e-24,0.0020924311422733867,0.08829605060624164,0.05070510128714514,0.2926256715800112,0.5086827049325174,0.01691982483504299,2.917568590729569e-10,0.15740541572209343,1.2171817363640346e-05,1.9531250000000002e-24,0.26154185651823103,1.9531250000000002e-24
2024930_WZY_DM_assembly_Plate1A6,2024930_WZY_DM_assembly_Plate1,,A6,Plate1_A6,Glucose,cycle 5,1.0595,True,True,explicit_user_selected_validation_only,not_assessable,0.0996329520994,8.24321170155e-05,0.0,0.00145630073394,0.0003572058404,0.00588015768044,0.000164864234031,0.0910874893021,0.00354458103167,0.0272575533598,0.0,0.0,0.00170359708499,0.353496395135,0.00208828029773,0.0,1.9531250000000002e-24,1.9531250000000002e-24,1.9531250000000002e-24,1.9531250000000002e-24,6.046903815610937e-07,0.052323223276986755,0.03310963162648195,0.15454633970938983,0.3276148879044652,0.00641627857203235,1.5919811841877487e-09,0.09892934359691942,5.650531719058304e-05,1.9531250000000002e-24,0.15965575933334536,1.9531250000000002e-24
2024930_WZY_DM_assembly_Plate1A7,2024930_WZY_DM_assembly_Plate1,,A7,Plate1_A7,Galactose,cycle 5,0.9425,True,True,explicit_user_selected_validation_only,not_assessable,0.0282674304789,0.000685987852625,0.0,0.000922535388013,0.000520404577854,0.00234182060034,0.00376110581267,0.0164163989559,0.000331166549543,0.00558252183516,0.0660204171268,0.0,0.00193968979018,0.348954924204,0.0,0.0,1.9531250000000002e-24,1.9531250000000002e-24,1.9531250000000002e-24,1.9531250000000002e-24,7.498256974898599e-13,0.062108902200063515,0.01874437602102489,0.12996170847802066,0.2658049377801502,0.0019849541791887946,5.922083105209642e-16,0.08040996199643269,8.06031566267311e-09,1.9531250000000002e-24,0.13287334287840744,1.9531250000000002e-24
2024930_WZY_DM_assembly_Plate1A8,2024930_WZY_DM_assembly_Plate1,,A8,Plate1_A8,Galactose,cycle 5,0.9185,True,True,explicit_user_selected_validation_only,not_assessable,0.00708327729529,0.000459953071123,0.0,0.000551943685348,0.00697814516475,0.00342993575895,0.00323281301418,0.0840794214013,0.00148499134391,0.000328537907945,0.0167160087562,0.0,0.0019186613824,0.199107113731,0.0,0.0,1.9531250000000002e-24,1.9531250000000002e-24,1.9531250000000002e-24,1.9531250000000002e-24,1.3215444528709497e-14,0.03190854529365715,0.004261473797873998,2.8226940299626956e-05,0.11835070784062278,6.286155194375021e-11,4.248177747227889e-19,0.0313802065464803,7.91840648122489e-12,1.9531250000000002e-24,0.08877928244216558,1.9531250000000002e-24
2024930_WZY_DM_assembly_Plate1A9,2024930_WZY_DM_assembly_Plate1,,A9,Plate1_A9,Galactose,cycle 5,0.8635,True,True,explicit_user_selected_validation_only,not_assessable,0.00188851798561,0.000563242206235,0.0,0.00104365467626,0.0321876354916,0.0146277314149,0.000745467625899,0.1195398753,0.0024351942446,0.06313282494,0.0115795971223,0.0,0.00205417745803,0.273984201439,0.0,0.0,1.9531250000000002e-24,1.9531250000000002e-24,1.9531250000000002e-24,1.9531250000000002e-24,1.907843285323357e-09,0.050265771844094954,0.0514305021973354,0.0623017812235835,0.266601465437527,3.780994000527401e-05,2.5965621093046064e-13,0.07656049541913681,9.143917434330371e-08,1.9531250000000002e-24,0.12962264636290619,1.9531250000000002e-24
2024930_WZY_DM_assembly_Plate1B10,2024930_WZY_DM_assembly_Plate1,,B10,Plate1_B10,Oligo_xylose,cycle 5,0.8885,True,True,explicit_user_selected_validation_only,not_assessable,0.0,0.0,0.0208412870454,0.0,0.0387791672059,0.249894218325,0.0820715510547,0.0536986540701,0.00235722143134,0.0200938753721,0.0,0.00802030218714,0.0166442830335,0.0478630936974,0.00123610392131,0.0,1.9531250000000002e-24,1.9531250000000002e-24,1.9531250000000002e-24,1.9531250000000002e-24,0.053997378247845944,0.06461565747150975,0.03980947332456937,0.004744986189184048,0.13231780109932556,9.331971526236145e-09,0.1490140861853999,0.10614872804521715,0.3819510653981862,1.9531250000000002e-24,0.15893700398211746,1.9531250000000002e-24
2024930_WZY_DM_assembly_Plate1B11,2024930_WZY_DM_assembly_Plate1,,B11,Plate1_B11,Oligo_xylose,cycle 5,0.8875,True,True,explicit_user_selected_validation_only,not_assessable,0.0,0.00151309113051,0.00761949462147,0.0,0.021291353765,0.23033209864,0.00354855896083,0.0259747310737,0.00356657195048,0.083364116095,0.0,0.064792723767,0.0120506900751,0.0805360767201,0.0,0.0,1.9531250000000002e-24,1.9531250000000002e-24,1.9531250000000002e-24,1.9531250000000002e-24,0.04701456988689308,0.07227645591425624,0.07690462369015906,0.029474460938351748,0.17950527994683477,0.011997216237439823,0.12292915076097657,0.10498130864015864,0.2833368593928749,1.9531250000000002e-24,0.1496635968205956,1.9531250000000002e-24
2024930_WZY_DM_assembly_Plate1B12,2024930_WZY_DM_assembly_Plate1,,B12,Plate1_B12,Oligo_xylose,cycle 5,0.9915,True,True,explicit_user_selected_validation_only,not_assessable,1.64373342175e-05,0.00143004807692,0.00595031498674,0.0,0.000443808023873,0.00287653348806,0.0733269479443,0.386688287467,0.00738036306366,0.127372902851,8.21866710875e-05,0.000624618700265,0.0123444379973,0.097259706565,0.000378058687003,0.0,1.9531250000000002e-24,1.9531250000000002e-24,1.9531250000000002e-24,1.9531250000000002e-24,0.01771807018231712,0.04247030311801413,0.09192431491306151,8.979505054465845e-08,0.25414095022787087,4.858230460873451e-08,1.4999589140996062e-11,0.05685789090004259,0.1030997737445412,1.9531250000000002e-24,0.13164929438913278,1.9531250000000002e-24
2024930_WZY_DM_assembly_Plate1B1,2024930_WZY_DM_assembly_Plate1,,B1,Plate1_B1,Fructose,cycle 5,0.8335,True,False,explicit_user_selected_validation_only,not_assessable,0.029656167845,0.00423355624186,0.0,0.0014466423339,0.00576529518364,0.00674390617423,0.0056589244238,4.25483039383e-05,0.0191254626203,0.00916915949871,0.0,0.077969766967,0.000127644911815,0.000680772863013,0.0,2.12741519692e-05,1.9531250000000002e-24,1.9531250000000002e-24,1.9531250000000002e-24,1.9531250000000002e-24,1.270798866155471e-15,0.0065532049232341445,0.029060085353172477,6.093960918457375e-11,6.180501495221029e-11,0.00757138178615543,2.2966655045026514e-18,9.494745428806221e-12,3.463444491261615e-08,1.9531250000000002e-24,0.0372880106278169,1.9531250000000002e-24
2024930_WZY_DM_assembly_Plate1B2,2024930_WZY_DM_assembly_Plate1,,B2,Plate1_B2,Fructose,cycle 5,0.8915,True,False,explicit_user_selected_validation_only,not_assessable,0.109137088703,0.00016730263981,0.0,0.00100381583886,0.078855310897,0.0267870115518,0.00158008048709,5.57675466033e-05,0.0117855415155,0.0348918949915,0.0,0.00317875015639,0.000130124275408,0.099470713958,0.0,0.0,1.9531250000000002e-24,1.9531250000000002e-24,1.9531250000000002e-24,1.9531250000000002e-24,2.558395222665552e-10,0.03144096667300002,0.04243119691428448,0.043495330208683486,0.1667810772689462,3.008386191925204e-08,0.023113659119547734,0.06041991949749594,0.06181564616071129,1.9531250000000002e-24,0.08751467446755937,1.9531250000000002e-24
2024930_WZY_DM_assembly_Plate1B3,2024930_WZY_DM_assembly_Plate1,,B3,Plate1_B3,Fructose,cycle 5,0.9065,True,False,explicit_user_selected_validation_only,not_assessable,0.0937880367047,0.000649638561725,0.0,0.0026974122889,0.00485816663551,0.0230904140961,0.00120041908145,0.0,0.0033329282732,0.0416898485698,0.0,0.0,4.23677322864e-05,0.347288301552,0.0,0.0,1.9531250000000002e-24,1.9531250000000002e-24,1.9531250000000002e-24,1.9531250000000002e-24,1.268554339635859e-09,0.05326099429360921,0.041330875711482376,0.16150588556151962,0.3045613476561071,0.004196066247306048,6.804679874951438e-06,0.09794244468501068,1.297341332736263e-06,1.9531250000000002e-24,0.14694086085196123,1.9531250000000002e-24
2024930_WZY_DM_assembly_Plate1B4,2024930_WZY_DM_assembly_Plate1,,B4,Plate1_B4,Fructose,cycle 5,0.8665,True,False,explicit_user_selected_validation_only,not_assessable,0.0878357595952,0.000524945654111,0.0,7.71978903104e-05,0.00037054987349,0.0113017711414,0.0128457289476,7.71978903104e-05,0.000972693417911,0.00270192616086,0.0,0.0,0.0,0.00365918000071,0.0,0.0,1.9531250000000002e-24,1.9531250000000002e-24,1.9531250000000002e-24,1.9531250000000002e-24,9.975844432988834e-19,1.889676475897159e-09,5.514114259560775e-11,3.2124666884450745e-12,2.9449466765991093e-12,2.1812527999594487e-19,1.9215455308032927e-12,4.883282906237785e-13,5.642575939804928e-10,1.9531250000000002e-24,0.018860631094601746,1.9531250000000002e-24
2024930_WZY_DM_assembly_Plate1B5,2024930_WZY_DM_assembly_Plate1,,B5,Plate1_B5,Fructose,cycle 5,0.8965,True,False,explicit_user_selected_validation_only,not_assessable,0.0781661747669,0.000445109505158,0.0,0.000222554752579,0.00190407954984,0.0188924256634,0.00034619628179,9.89132233685e-05,0.0103611601478,0.0189789747338,0.0401093120759,0.0,0.0,0.0002349189055,0.0,0.0,1.9531250000000002e-24,1.9531250000000002e-24,1.9531250000000002e-24,1.9531250000000002e-24,3.2118616722661618e-18,0.023231305330826648,0.028832128986739074,1.4889107695033093e-12,5.065606213885932e-12,2.567398576672139e-18,1.4958921791808072e-11,1.0740347507242983e-12,1.1001407410798313e-08,1.9531250000000002e-24,0.025880743905353134,1.9531250000000002e-24
2024930_WZY_DM_assembly_Plate1B6,2024930_WZY_DM_assembly_Plate1,,B6,Plate1_B6,Fructose,cycle 5,0.7905,True,False,explicit_user_selected_validation_only,not_assessable,0.0608292514966,0.000344947022486,0.0,1.07795944527e-05,0.000204812294601,0.0102082759467,0.000474302155919,6.46775667162e-05,0.00562694830431,0.0124719907818,0.0161154937068,0.0,0.0,0.0705416660985,0.0,0.0,1.9531250000000002e-24,1.9531250000000002e-24,1.9531250000000002e-24,1.9531250000000002e-24,1.1372487221946883e-18,0.019513571233826306,0.018654263458998958,2.1961672672620145e-10,8.072278260962772e-09,1.0871947877770133e-16,3.909656027508319e-15,8.801980695692802e-09,5.255301173213337e-12,1.9531250000000002e-24,0.04282688694787074,1.9531250000000002e-24
2024930_WZY_DM_assembly_Plate1B7,2024930_WZY_DM_assembly_Plate1,,B7,Plate1_B7,Oligo_xylose,cycle 5,0.9945,True,True,explicit_user_selected_validation_only,not_assessable,0.0,0.00259044441669,0.0104150059767,0.0,0.00331789798576,0.159046190077,0.0440907833937,0.268128739898,0.000372598169524,0.0474441669194,0.0,0.0,0.0112134306257,0.0522524575833,0.00345984014558,0.000212913239728,1.9531250000000002e-24,1.9531250000000002e-24,1.9531250000000002e-24,1.9531250000000002e-24,0.044665257557332014,0.054123339229559884,0.04754307118974862,1.631841538448048e-05,0.20371877280879297,1.9295049143792543e-11,0.09156070542103216,0.08078741711096953,0.24059941279283636,1.9531250000000002e-24,0.14562809097047902,1.9531250000000002e-24
2024930_WZY_DM_assembly_Plate1B8,2024930_WZY_DM_assembly_Plate1,,B8,Plate1_B8,Oligo_xylose,cycle 5,0.8925,True,True,explicit_user_selected_validation_only,not_assessable,0.0,0.0021665125419,0.0151655877933,0.0,0.000412669055601,0.0335637498555,0.000894116287134,0.0425393018148,0.000997283551035,0.102720205757,0.000240723615767,0.0605591839094,0.0159909259045,0.0745211536239,0.0440524216854,0.0003095017917,1.9531250000000002e-24,1.9531250000000002e-24,1.9531250000000002e-24,1.9531250000000002e-24,1.1794043862354047e-07,0.035738344312729396,0.06911870144644765,0.0002647724524677682,0.1372983809797815,0.007312546181583669,7.454089995494753e-09,0.04492904196835212,0.013512015399970576,1.9531250000000002e-24,0.08346420555431353,1.9531250000000002e-24
2024930_WZY_DM_assembly_Plate1B9,2024930_WZY_DM_assembly_Plate1,,B9,Plate1_B9,Oligo_xylose,cycle 5,0.8505,True,True,explicit_user_selected_validation_only,not_assessable,8.33039492243e-05,0.00106629055007,0.0114459626234,0.0,0.000233251057828,0.0153945698166,0.0258075634697,0.24694622708,0.00359873060649,0.0620447813822,0.0,0.0449008286319,0.00113293370945,0.00738072990127,0.000116625528914,0.000199929478138,1.9531250000000002e-24,1.9531250000000002e-24,1.9531250000000002e-24,1.9531250000000002e-24,4.442505915950568e-07,0.024266766957453372,0.04600242104634001,1.9701363599578832e-11,0.02608263192330683,0.00014538758033410642,1.215294671887313e-15,4.5686064925866245e-06,0.0120551548307774,1.9531250000000002e-24,0.07744744560587874,1.9531250000000002e-24
2024930_WZY_DM_assembly_Plate1C10,2024930_WZY_DM_assembly_Plate1,,C10,Plate1_C10,Xylan,cycle 5,0.8855,True,True,explicit_user_selected_validation_only,not_assessable,0.0,3.43549951503e-05,0.00257662463628,0.0,0.0468602133851,0.169748031038,0.0227430067895,0.00185516973812,0.00312630455868,0.0148757129001,0.0,0.00120242483026,0.0102034335597,0.0479252182347,0.0,0.000171774975752,1.9531250000000002e-24,1.9531250000000002e-24,1.9531250000000002e-24,1.9531250000000002e-24,0.00025384580832373,0.04448813552393279,0.029480562567078043,0.008616561648117369,0.0918122160022929,9.085339820366473e-15,0.09738665860784322,0.06924931971460825,0.19566076116611222,1.9531250000000002e-24,0.09996758088721124,1.9531250000000002e-24
2024930_WZY_DM_assembly_Plate1C11,2024930_WZY_DM_assembly_Plate1,,C11,Plate1_C11,Xylan,cycle 5,0.9635,True,True,explicit_user_selected_validation_only,not_assessable,9.24242787597e-05,4.62121393798e-05,0.00561477493465,0.0,0.0310314515936,0.130988309072,0.0315859972661,0.173965598695,2.31060696899e-05,0.00291136478093,0.0,0.00794848797333,0.0109753831027,0.120983380896,0.0,0.00013863641814,1.9531250000000002e-24,1.9531250000000002e-24,1.9531250000000002e-24,1.9531250000000002e-24,0.028678533718062168,0.04930483652763204,0.01975321496297197,0.019087403829779956,0.23507894592153916,1.8325676961611784e-07,0.07996630869670708,0.08297841451979084,0.17696230235540997,1.9531250000000002e-24,0.14182402790517304,1.9531250000000002e-24
2024930_WZY_DM_assembly_Plate1C12,2024930_WZY_DM_assembly_Plate1,,C12,Plate1_C12,Xylan,cycle 5,0.8945,True,True,explicit_user_selected_validation_only,not_assessable,0.000347677614592,0.000447014075904,0.00533933479552,0.0,0.0335757239235,0.0156951608873,0.00305459618535,0.138624031761,0.000298009383936,0.0309929759294,0.0,0.0057615147561,0.00134104222771,0.0896759904495,0.000918862267137,0.0,1.9531250000000002e-24,1.9531250000000002e-24,1.9531250000000002e-24,1.9531250000000002e-24,4.364494763099477e-12,0.0238333351970704,0.02494231109800605,1.0450207330075742e-08,0.021640475505934585,5.820156988992896e-13,9.508835141574025e-15,0.0010254996745511238,5.942357301087172e-08,1.9531250000000002e-24,0.07329372509409995,1.9531250000000002e-24
2024930_WZY_DM_assembly_Plate1C1,2024930_WZY_DM_assembly_Plate1,,C1,Plate1_C1,Xylose,cycle 5,0.8155,True,True,explicit_user_selected_validation_only,not_assessable,0.0164066923622,0.000295997027153,0.009288668614,0.000112760772249,0.103429818345,0.00532794648876,0.00166322139067,0.0914489862938,0.00215654976926,0.000310092123684,0.0,0.120428504762,2.81901930622e-05,0.0486562732254,0.0,0.0,1.9531250000000002e-24,1.9531250000000002e-24,1.9531250000000002e-24,1.9531250000000002e-24,0.000354759644024027,0.025761754615171616,0.0032852237581043353,0.0004266557051821615,0.09607214147186484,0.019593827802360058,4.434983378280132e-10,0.0519003360820296,0.20129523318914064,1.9531250000000002e-24,0.09554899004956594,1.9531250000000002e-24
2024930_WZY_DM_assembly_Plate1C2,2024930_WZY_DM_assembly_Plate1,,C2,Plate1_C2,Xylose,cycle 5,0.9295,True,True,explicit_user_selected_validation_only,not_assessable,0.204209305805,0.000492070616397,0.080592609216,0.00010697187313,0.182215888689,0.00750942549372,0.0123873429084,0.0302088569719,0.00175433871933,0.0348514362657,0.0,0.0931297127469,0.000235338120886,0.0419971573908,0.0,0.000128366247756,1.9531250000000002e-24,1.9531250000000002e-24,1.9531250000000002e-24,1.9531250000000002e-24,0.06072857624064388,0.03989058096585858,0.03506145768512009,0.011232275316862276,0.12196493102098091,0.021323630768228578,0.08499477962764032,0.1085278959349173,0.4663043558607454,1.9531250000000002e-24,0.14713952562244545,1.9531250000000002e-24
2024930_WZY_DM_assembly_Plate1C3,2024930_WZY_DM_assembly_Plate1,,C3,Plate1_C3,Xylose,cycle 5,0.8765,True,True,explicit_user_selected_validation_only,not_assessable,0.101224266719,0.00123402424716,0.00497037543997,0.0,0.0599530113414,0.000617012123582,0.0187503128666,0.219347809934,0.000239949159171,0.0490867422761,0.0,0.0488467931169,0.000239949159171,0.0182018576457,0.0,0.000651290574892,1.9531250000000002e-24,1.9531250000000002e-24,1.9531250000000002e-24,1.9531250000000002e-24,0.0033808588596344175,0.028009410953425646,0.03675102414357999,2.687185252739283e-07,0.12677698865857892,0.009663729639510475,1.0900724545946724e-06,0.050630411191855726,0.21332704509288064,1.9531250000000002e-24,0.10090760856344246,1.9531250000000002e-24
2024930_WZY_DM_assembly_Plate1C4,2024930_WZY_DM_assembly_Plate1,,C4,Plate1_C4,Xylose,cycle 5,0.8405,True,True,explicit_user_selected_validation_only,not_assessable,0.176013653834,0.00215956723929,0.0574159323042,0.00023201962075,0.0517225277642,0.00167768033466,0.000874535493598,0.165483532584,0.00164198500839,0.0270570573121,0.0,0.0,0.0,0.142442199478,0.0,0.000321257936424,1.9531250000000002e-24,1.9531250000000002e-24,1.9531250000000002e-24,1.9531250000000002e-24,0.033711258988471764,0.037799204551835386,0.029250511298903707,0.056985626421025136,0.24485391066446416,0.0011843288599788736,0.03900152868052242,0.08633761120216835,0.21126975995533234,1.9531250000000002e-24,0.1381017289480902,1.9531250000000002e-24
2024930_WZY_DM_assembly_Plate1C5,2024930_WZY_DM_assembly_Plate1,,C5,Plate1_C5,Xylose,cycle 5,0.7795,True,True,explicit_user_selected_validation_only,not_assessable,0.0933645659379,0.00106141612928,0.128010790535,0.000460614546669,0.0940254476788,0.00188251162552,0.00132176348175,0.133397978059,0.00132176348175,0.0313418158929,0.000260347352465,0.0,0.000100133597102,0.0152403334789,0.0,0.000340454230147,1.9531250000000002e-24,1.9531250000000002e-24,1.9531250000000002e-24,1.9531250000000002e-24,0.039258737887644266,0.022006715276892116,0.027604327406355902,2.0650709088682147e-05,0.06596097010160369,7.630578107153742e-11,0.04564349645648864,0.05285609140184241,0.263416149396059,1.9531250000000002e-24,0.09319394365563637,1.9531250000000002e-24
2024930_WZY_DM_assembly_Plate1C6,2024930_WZY_DM_assembly_Plate1,,C6,Plate1_C6,Xylose,cycle 5,0.9555,True,True,explicit_user_selected_validation_only,not_assessable,0.00304565759052,0.000235931221801,0.0378776852455,0.000386069272038,0.154063087836,0.00390358930616,0.01632215089,0.188273114997,0.00111531123033,0.00270248490426,0.00156572538104,0.0,0.000128689757346,0.166889166985,0.0353038900985,0.000107241464455,1.9531250000000002e-24,1.9531250000000002e-24,1.9531250000000002e-24,1.9531250000000002e-24,0.013817982027651998,0.0370397158585079,0.013157762817167027,0.05733070638709243,0.2555970860826632,0.00019453862381344056,0.0028621999240556737,0.08311742502283527,0.17841245114821797,1.9531250000000002e-24,0.14428479208874764,1.9531250000000002e-24
2024930_WZY_DM_assembly_Plate1C7,2024930_WZY_DM_assembly_Plate1,,C7,Plate1_C7,Xylan,cycle 5,0.8385,True,True,explicit_user_selected_validation_only,not_assessable,0.0,0.000212160315773,0.0054313040838,0.0,0.0290235311978,0.273898967664,0.00708615454683,0.0346245635342,0.00144269014726,0.0325453924397,0.0,0.00373402155761,0.0136206922727,0.189162137544,0.00199430696827,0.000212160315773,1.9531250000000002e-24,1.9531250000000002e-24,1.9531250000000002e-24,1.9531250000000002e-24,0.05286969014972513,0.08300012446246843,0.050689273189333604,0.12061084789912725,0.27265724518793905,1.7998447355391212e-05,0.14652676984317653,0.12792412760693378,0.24998755607521733,1.9531250000000002e-24,0.18791945038683022,1.9531250000000002e-24
2024930_WZY_DM_assembly_Plate1C8,2024930_WZY_DM_assembly_Plate1,,C8,Plate1_C8,Xylan,cycle 5,0.7715,True,True,explicit_user_selected_validation_only,not_assessable,0.000182560340748,0.00100408187411,0.10127534903,0.0,0.035644906531,0.0265625295788,0.0681862872693,0.0225005619972,0.00447272834832,0.0449554839091,0.0,0.0581454685282,0.0132812647894,0.119303182679,0.0247825662565,0.00059332110743,1.9531250000000002e-24,1.9531250000000002e-24,1.9531250000000002e-24,1.9531250000000002e-24,0.033109154814379545,0.03583790007718277,0.04092672216640528,0.0703770033024498,0.17732294329890738,0.011443426806165181,0.04486720787345124,0.07620281074383951,0.20932683984711128,1.9531250000000002e-24,0.12207303522522149,1.9531250000000002e-24
2024930_WZY_DM_assembly_Plate1C9,2024930_WZY_DM_assembly_Plate1,,C9,Plate1_C9,Xylan,cycle 5,0.8225,True,True,explicit_user_selected_validation_only,not_assessable,0.0,0.00176205049732,0.0350522188217,0.0,0.0326608645754,0.0341711935731,0.00415340474369,0.0347375669472,0.00119567712318,0.106604055088,0.0,0.0701673680184,0.0279410864575,0.00364996174445,0.139453710788,0.0,1.9531250000000002e-24,1.9531250000000002e-24,1.9531250000000002e-24,1.9531250000000002e-24,0.004466725408108264,0.03494582802419318,0.07190040641152398,2.464916981686786e-06,0.011070121370051263,0.009412965240981085,0.006320453654597977,0.06279915727333442,0.26207691791331306,1.9531250000000002e-24,0.09860969688434114,1.9531250000000002e-24
2024930_WZY_DM_assembly_Plate1D10,2024930_WZY_DM_assembly_Plate1,,D10,Plate1_D10,Sucrose,cycle 5,1.0385,True,True,explicit_user_selected_validation_only,not_assessable,0.0274219281607,0.0,0.0,0.00418989552284,0.00878627344714,0.00128198295848,0.00121944720441,0.0169159214765,0.0052842712191,0.0124133471833,0.0,6.25357540722e-05,0.0011256435733,0.868715427694,0.0,0.0,1.9531250000000002e-24,1.9531250000000002e-24,1.9531250000000002e-24,1.9531250000000002e-24,0.00389459045701195,0.10119505693822542,0.037060769465445245,0.356907502190226,0.5977237784118304,0.020112997174479633,1.9452247417668048e-11,0.18696833766187737,5.7882614627624765e-06,1.9531250000000002e-24,0.3004686925616873,1.9531250000000002e-24
2024930_WZY_DM_assembly_Plate1D11,2024930_WZY_DM_assembly_Plate1,,D11,Plate1_D11,Sucrose,cycle 5,1.0475,True,True,explicit_user_selected_validation_only,not_assessable,0.0744535617269,0.0,0.0,0.00159912893159,0.00355100689222,0.011617201356,0.000446815436769,0.0180607502862,0.000211649417417,0.00604376669735,0.0,0.00418595514447,0.000752531261927,0.807771759872,0.0,0.0,1.9531250000000002e-24,1.9531250000000002e-24,1.9531250000000002e-24,1.9531250000000002e-24,0.012746288603277912,0.0975947244406821,0.02789218309943445,0.3459114658159453,0.5858549186427701,0.020098709937382168,3.8088742401088067e-06,0.18455055563116599,0.0011012944991155413,1.9531250000000002e-24,0.2926264114111151,1.9531250000000002e-24
2024930_WZY_DM_assembly_Plate1D12,2024930_WZY_DM_assembly_Plate1,,D12,Plate1_D12,Sucrose,cycle 5,1.0265,True,True,explicit_user_selected_validation_only,not_assessable,0.303238043423,0.000207804038666,0.0,0.001090971203,0.00379242370565,0.00706533731464,0.00264950149299,0.0217155220406,0.0269625740169,0.0277418391619,0.0,0.0223908851663,0.00316901158966,0.267651601802,0.0,0.0,1.9531250000000002e-24,1.9531250000000002e-24,1.9531250000000002e-24,1.9531250000000002e-24,0.020127850481022305,0.05561661134182801,0.06105439574036515,0.16928331788209225,0.31916363428061273,0.0151233260672554,0.05763946497986133,0.11941022665854376,0.19393490924662649,1.9531250000000002e-24,0.17386970722757872,1.9531250000000002e-24
2024930_WZY_DM_assembly_Plate1D1,2024930_WZY_DM_assembly_Plate1,,D1,Plate1_D1,Maltose,cycle 5,0.9025,True,True,explicit_user_selected_validation_only,not_assessable,0.00114547900696,0.000213822747965,0.0,0.000229095801391,0.0294006278452,0.0103551302229,0.00447500465384,0.144223443502,0.00189385862483,0.00123711732751,0.0,0.0328217918126,0.00103856763297,0.348928178572,0.0,0.0,1.9531250000000002e-24,1.9531250000000002e-24,1.9531250000000002e-24,1.9531250000000002e-24,7.66974705092999e-06,0.05049793523322227,0.015541890686407527,0.13884544873362592,0.3208138485306135,0.012808105999338562,2.5422066147043888e-14,0.09335795949568365,2.287843265426788e-05,1.9531250000000002e-24,0.16308181895481605,1.9531250000000002e-24
2024930_WZY_DM_assembly_Plate1D2,2024930_WZY_DM_assembly_Plate1,,D2,Plate1_D2,Maltose,cycle 5,0.9905,True,True,explicit_user_selected_validation_only,not_assessable,0.000874540141689,0.000333158149215,0.0,0.0,0.0231961361391,0.00129098782821,0.00314418003321,0.11167044714,0.00133263259686,0.00862046711093,0.0,0.00164496836175,0.000749605835733,0.527618396435,0.0,0.0,1.9531250000000002e-24,1.9531250000000002e-24,1.9531250000000002e-24,1.9531250000000002e-24,1.5725470661301551e-06,0.06529251151248454,0.02245299069343731,0.21404851797790747,0.398860374250615,0.012069174779961552,9.802132407277076e-16,0.11972525630626617,7.371241356451508e-08,1.9531250000000002e-24,0.2022709470306352,1.9531250000000002e-24
2024930_WZY_DM_assembly_Plate1D3,2024930_WZY_DM_assembly_Plate1,,D3,Plate1_D3,Maltose,cycle 5,0.9495,True,True,explicit_user_selected_validation_only,not_assessable,0.016458371547,0.000801148244616,0.0,0.00128880369786,0.00271693752522,0.00687942514399,0.0038489948274,0.0965557797425,0.000243827726622,0.00283885138853,0.0013758850288,0.00102755970505,0.00071406691368,0.547323581203,0.0,0.0,1.9531250000000002e-24,1.9531250000000002e-24,1.9531250000000002e-24,1.9531250000000002e-24,1.90859513931407e-06,0.06746182270739808,0.0185974948833122,0.22348888319655832,0.40767198737641686,0.012356021455225717,1.4718572741827956e-14,0.12341322625851117,6.856439346914151e-08,1.9531250000000002e-24,0.20709834668805807,1.9531250000000002e-24
2024930_WZY_DM_assembly_Plate1D4,2024930_WZY_DM_assembly_Plate1,,D4,Plate1_D4,Maltose,cycle 5,0.9865,True,True,explicit_user_selected_validation_only,not_assessable,0.0060653259895,0.000324928178009,0.0,0.000270773481674,0.0245140258742,0.00843008106278,0.00279799264396,0.0789394956907,0.000812320445022,0.0149105930575,0.0,0.00344784899998,0.000866475141357,0.475044996249,0.004260169445,0.0,1.9531250000000002e-24,1.9531250000000002e-24,1.9531250000000002e-24,1.9531250000000002e-24,7.119498212109306e-08,0.06099993052723301,0.024570714677791393,0.19587503899491426,0.3658960644674778,0.010398252626151112,7.207160000879194e-14,0.11164175159646288,3.8881026037034475e-08,1.9531250000000002e-24,0.1845762087378518,1.9531250000000002e-24
2024930_WZY_DM_assembly_Plate1D5,2024930_WZY_DM_assembly_Plate1,,D5,Plate1_D5,Maltose,cycle 5,0.9975,True,True,explicit_user_selected_validation_only,not_assessable,0.00353348863177,0.000268852395896,0.0,0.000288056138459,0.0087377028666,0.0021316154246,0.00435924956202,0.113820582177,0.00140187320717,0.016207958724,0.00109461332615,0.00259250524614,0.000979390870762,0.608259341971,0.0,0.0,1.9531250000000002e-24,1.9531250000000002e-24,1.9531250000000002e-24,1.9531250000000002e-24,4.012905744825882e-05,0.07518244519934153,0.029062302569316537,0.24627074064385673,0.44940434832525683,0.014530337161148819,1.5862090218810844e-15,0.1353690615786208,3.008433423590339e-07,1.9531250000000002e-24,0.22803817794613895,1.9531250000000002e-24
2024930_WZY_DM_assembly_Plate1D6,2024930_WZY_DM_assembly_Plate1,,D6,Plate1_D6,Maltose,cycle 5,0.9395,True,True,explicit_user_selected_validation_only,not_assessable,0.0119689869536,0.000759519959857,0.0,0.000340474464764,0.00350950602141,7.85710303301e-05,0.00518568800178,0.149782574153,0.000183332404103,0.00178094335415,0.0,0.000445235838537,0.00120475579839,0.575480416481,0.0,0.0,1.9531250000000002e-24,1.9531250000000002e-24,1.9531250000000002e-24,1.9531250000000002e-24,0.00014332299393319777,0.0703693410970643,0.0185965188942598,0.23232270191765222,0.43627816147157567,0.013525170236217817,4.754752248980886e-16,0.12940884620864415,1.2138344078086847e-06,1.9531250000000002e-24,0.22283745944686145,1.9531250000000002e-24
2024930_WZY_DM_assembly_Plate1D7,2024930_WZY_DM_assembly_Plate1,,D7,Plate1_D7,Sucrose,cycle 5,1.0385,True,True,explicit_user_selected_validation_only,not_assessable,0.15348085176,8.48898516369e-05,0.0,0.000679118813095,0.00471138676585,0.00802209097969,0.00352292884293,0.220204275146,0.0303056770344,0.0521223689051,0.0208829035027,0.0,0.000169779703274,0.145034311522,0.0,4.24449258184e-05,1.9531250000000002e-24,1.9531250000000002e-24,1.9531250000000002e-24,1.9531250000000002e-24,0.0013754595409904886,0.049161440598279704,0.07628158239470315,0.008356474310600012,0.25989210079492703,0.00048560304756607053,2.8615198985782702e-05,0.07520181485743191,0.13254217548960842,1.9531250000000002e-24,0.13544125350555516,1.9531250000000002e-24
2024930_WZY_DM_assembly_Plate1D8,2024930_WZY_DM_assembly_Plate1,,D8,Plate1_D8,Sucrose,cycle 5,1.0065,True,True,explicit_user_selected_validation_only,not_assessable,0.0576519984432,8.5158047922e-05,0.0,0.00124330749966,0.00223114085556,0.00299756328686,0.000936738527142,0.102138562678,0.0152943854068,0.0197226038987,0.000306568972519,0.00573965242994,0.000613137945039,0.575651372343,0.0,0.0,1.9531250000000002e-24,1.9531250000000002e-24,1.9531250000000002e-24,1.9531250000000002e-24,0.0005220717758838531,0.07563665902146763,0.0465032389505819,0.2447341660798571,0.4516956864690434,0.015308235644358839,1.2684088410102652e-11,0.13731181965576414,5.5545723576364906e-05,1.9531250000000002e-24,0.2284108292111128,1.9531250000000002e-24
2024930_WZY_DM_assembly_Plate1D9,2024930_WZY_DM_assembly_Plate1,,D9,Plate1_D9,Sucrose,cycle 5,0.9825,True,True,explicit_user_selected_validation_only,not_assessable,0.00615886406023,0.000237531947227,0.0,0.000407197623817,0.00225655349865,0.000271465082545,0.0,0.0111131018167,0.000186632244249,0.0131830230711,0.00035629792084,0.0,0.00088226151827,0.736603534917,0.0,5.08997029771e-05,1.9531250000000002e-24,1.9531250000000002e-24,1.9531250000000002e-24,1.9531250000000002e-24,4.824888876294748e-07,0.08423182419146227,0.027631703038552773,0.29569718363521796,0.49207793038222863,0.016350601252562873,1.054049594122277e-15,0.15390357701811827,7.51159240102391e-10,1.9531250000000002e-24,0.24764877312314035,1.9531250000000002e-24
2024930_WZY_DM_assembly_Plate1E10,2024930_WZY_DM_assembly_Plate1,,E10,Plate1_E10,Rhamonse,cycle 5,0.7445,True,True,explicit_user_selected_validation_only,not_assessable,0.313447893813,0.000163339183853,0.0,0.0,0.0934626810004,0.000261342694164,0.0,0.0,0.000228674857394,0.00290743747258,0.0,0.0109763931549,0.000359346204476,0.0110743966652,0.0,0.0201233874506,1.9531250000000002e-24,1.9531250000000002e-24,1.9531250000000002e-24,1.9531250000000002e-24,0.004255423608066742,0.02391069047174067,0.009083406998281671,0.00014981011443453003,0.015900891261467084,0.0030964300022414035,0.06615092295302467,0.07585620635487288,0.3564917040374748,1.9531250000000002e-24,0.09150573978014916,1.9531250000000002e-24
2024930_WZY_DM_assembly_Plate1E11,2024930_WZY_DM_assembly_Plate1,,E11,Plate1_E11,Rhamonse,cycle 5,0.7305,True,True,explicit_user_selected_validation_only,not_assessable,0.0837247929071,0.0,0.0,0.0,0.0228340344292,0.000173343256536,0.0,0.0,0.000803682371214,0.00107157649495,0.0,0.0238425770127,0.000283652601605,0.472376132539,0.0,0.0058148783329,1.9531250000000002e-24,1.9531250000000002e-24,1.9531250000000002e-24,1.9531250000000002e-24,1.0449761148261795e-06,0.06016951916371062,0.016452684941912425,0.22060413841168414,0.3771738808732275,0.015242699360475781,8.4362448894062e-10,0.11972690404516315,4.8165998907257736e-05,1.9531250000000002e-24,0.18535224746854598,1.9531250000000002e-24
2024930_WZY_DM_assembly_Plate1E12,2024930_WZY_DM_assembly_Plate1,,E12,Plate1_E12,Rhamonse,cycle 5,0.6965,True,True,explicit_user_selected_validation_only,not_assessable,0.0992008037934,0.0,0.000187956591299,0.0,0.0156675244319,0.000107403766457,0.0,8.05528248424e-05,0.000483316949055,0.0130495576245,0.0,0.0372556814896,0.000241658474527,0.368891661366,0.110907814337,0.00514195531911,1.9531250000000002e-24,1.9531250000000002e-24,1.9531250000000002e-24,1.9531250000000002e-24,2.531409382465373e-07,0.055474653432899826,0.021296471164306968,0.1947236478539489,0.33803730700657686,0.01521793611553734,1.0818113601266114e-09,0.11758585144384096,0.09663192826526978,1.9531250000000002e-24,0.1844704861959699,1.9531250000000002e-24
2024930_WZY_DM_assembly_Plate1E1,2024930_WZY_DM_assembly_Plate1,,E1,Plate1_E1,Lactose,cycle 5,0.8715,True,True,explicit_user_selected_validation_only,not_assessable,0.00394984974629,0.000300532045914,0.0,0.00676197103306,0.00513051135524,0.00115919503424,0.00828609783733,0.327086198828,0.000515197792995,0.0698522341002,0.0,0.00723423567663,0.00377811714863,0.036407310705,0.0,0.000321998620622,1.9531250000000002e-24,1.9531250000000002e-24,1.9531250000000002e-24,1.9531250000000002e-24,4.485779983938017e-07,0.025251548024537197,0.04756042028908473,3.0291509904209904e-14,0.04092231065245082,1.0432815236043567e-12,4.53050969458726e-20,3.679908065099438e-06,1.4479865268511173e-05,1.9531250000000002e-24,0.08325725820636323,1.9531250000000002e-24
2024930_WZY_DM_assembly_Plate1E2,2024930_WZY_DM_assembly_Plate1,,E2,Plate1_E2,Lactose,cycle 5,0.8545,True,True,explicit_user_selected_validation_only,not_assessable,0.0204905518735,0.000476524462175,0.0,0.00575494927396,0.0168799626794,0.000623147373614,0.0069462604294,0.13478311134,0.00240095017481,0.0229281577762,0.0217185187568,0.00386717928919,0.015413733565,0.0753641764794,0.0,0.0,1.9531250000000002e-24,1.9531250000000002e-24,1.9531250000000002e-24,1.9531250000000002e-24,3.3182764742398375e-10,0.025949110607570016,0.023570979884756753,1.7016736868766858e-08,0.015010436368074495,3.846332329880653e-13,2.251834232975525e-15,5.2861885838888416e-05,2.479020418440514e-06,1.9531250000000002e-24,0.06882599291489132,1.9531250000000002e-24
2024930_WZY_DM_assembly_Plate1E3,2024930_WZY_DM_assembly_Plate1,,E3,Plate1_E3,Lactose,cycle 5,0.9325,True,True,explicit_user_selected_validation_only,not_assessable,0.00795309168443,0.00206942691789,0.0,0.00706039771986,0.012903485488,0.00714155171664,0.00048692398068,0.177159174971,0.00105500195814,0.039643727427,0.00665462773596,0.0,0.00961674861842,0.0131875244767,0.0,0.0,1.9531250000000002e-24,1.9531250000000002e-24,1.9531250000000002e-24,1.9531250000000002e-24,9.31978009077084e-12,0.016568538912906543,0.029463087329264444,7.523555051039358e-16,9.291991303021665e-09,3.3324253137712634e-18,1.4191441416004686e-17,9.115785611772632e-12,8.059472897996019e-10,1.9531250000000002e-24,0.05047466836824843,1.9531250000000002e-24
2024930_WZY_DM_assembly_Plate1E4,2024930_WZY_DM_assembly_Plate1,,E4,Plate1_E4,Lactose,cycle 5,0.8065,True,True,explicit_user_selected_validation_only,not_assessable,0.00205367247623,4.56371661385e-05,0.0,0.00857978723404,0.028979600498,4.56371661385e-05,0.000410734495247,0.0909548721141,0.00173421231326,0.00209930964237,0.00251004413762,0.0,0.0122763976913,0.0296185208239,0.0,0.0,1.9531250000000002e-24,1.9531250000000002e-24,1.9531250000000002e-24,1.9531250000000002e-24,1.00888929655532e-14,2.2289297129353483e-05,6.352813373708299e-08,6.14077638350487e-15,2.0519578567792844e-11,5.122392943114831e-19,2.705820917525775e-18,1.7688071888614367e-13,1.7420188705639185e-12,1.9531250000000002e-24,0.0377117965599371,1.9531250000000002e-24
2024930_WZY_DM_assembly_Plate1E5,2024930_WZY_DM_assembly_Plate1,,E5,Plate1_E5,Lactose,cycle 5,0.9085,True,True,explicit_user_selected_validation_only,not_assessable,0.0,0.00155363250383,0.0,0.00870569937493,0.056975454063,0.00685741243071,0.00131255159807,0.342790261234,0.00602702264418,0.0690562861186,0.00174113987499,0.0,0.0226883919094,0.0113040158038,0.00112504422691,0.0,1.9531250000000002e-24,1.9531250000000002e-24,1.9531250000000002e-24,1.9531250000000002e-24,0.01718813953545995,0.028087569381168315,0.05567269070410712,9.184195544705858e-12,0.12849477083370311,7.076259486546407e-13,5.31532748573905e-11,0.00882431335812245,0.08322906845481566,1.9531250000000002e-24,0.09343557679074316,1.9531250000000002e-24
2024930_WZY_DM_assembly_Plate1E6,2024930_WZY_DM_assembly_Plate1,,E6,Plate1_E6,Lactose,cycle 5,0.9105,True,True,explicit_user_selected_validation_only,not_assessable,0.0125984433554,0.0,0.0,0.00847395297121,0.0252718774451,0.0130108923939,0.00431196721987,0.0200600214142,0.00183727298933,0.005511818968,0.00472441625829,0.0,0.0182977391591,0.0924635753408,0.0,0.0,1.9531250000000002e-24,1.9531250000000002e-24,1.9531250000000002e-24,1.9531250000000002e-24,2.450062692944992e-13,0.01841965181807531,0.009007751186946888,8.619079364872789e-07,0.00014692355054341666,6.229201776687818e-16,3.2504851522338435e-12,2.793311665206505e-05,1.4052312517487058e-09,1.9531250000000002e-24,0.055285582884002996,1.9531250000000002e-24
2024930_WZY_DM_assembly_Plate1E7,2024930_WZY_DM_assembly_Plate1,,E7,Plate1_E7,Rhamonse,cycle 5,0.7245,True,True,explicit_user_selected_validation_only,not_assessable,0.0814764270033,0.000212074643249,0.0,0.0,0.00153754116356,9.27826564215e-05,0.000159055982437,0.0,0.000729006586169,0.00884086169045,0.0,0.0,0.0012857025247,0.435044621295,0.0,0.00505002744237,1.9531250000000002e-24,1.9531250000000002e-24,1.9531250000000002e-24,1.9531250000000002e-24,5.863199385035338e-10,0.053825752788996845,0.01932623338497426,0.19045723156520036,0.3310976650706365,0.008197401928084172,4.496097818003736e-12,0.10465477437832049,2.1461985212567645e-08,1.9531250000000002e-24,0.16199502928539866,1.9531250000000002e-24
2024930_WZY_DM_assembly_Plate1E8,2024930_WZY_DM_assembly_Plate1,,E8,Plate1_E8,Rhamonse,cycle 5,0.7565,True,True,explicit_user_selected_validation_only,not_assessable,0.32085908432,0.00082248127567,0.0,0.0,0.00886452041556,0.000365547233631,0.0,0.0,0.00246744382701,0.0287868446485,0.0,0.0,0.00173634935975,0.203518422324,0.0131597004107,0.0434087339937,1.9531250000000002e-24,1.9531250000000002e-24,1.9531250000000002e-24,1.9531250000000002e-24,0.01826324886105975,0.04516047626097754,0.03336577632930464,0.12606879353393247,0.24402644274118387,0.008448710409031961,0.055236979104437596,0.10477809640479235,0.26097502218857793,1.9531250000000002e-24,0.14273574249814788,1.9531250000000002e-24
2024930_WZY_DM_assembly_Plate1E9,2024930_WZY_DM_assembly_Plate1,,E9,Plate1_E9,Rhamonse,cycle 5,0.8905,True,True,explicit_user_selected_validation_only,not_assessable,0.213112967868,0.0,0.0,0.0,0.0402515682721,0.0,0.0,0.0,0.00164482121698,0.0214447445459,0.000155171812923,0.0438205199693,0.000651721614275,0.00757238447062,0.356460688646,0.00980685857671,1.9531250000000002e-24,1.9531250000000002e-24,1.9531250000000002e-24,1.9531250000000002e-24,4.524250601414794e-07,0.033163662863248865,0.022022475977800333,2.051847408656736e-05,0.01211835607714219,0.00972959349733541,0.016156047578181284,0.10214227039110282,0.4471211243577055,1.9531250000000002e-24,0.15733012348716374,1.9531250000000002e-24
2024930_WZY_DM_assembly_Plate1F10,2024930_WZY_DM_assembly_Plate1,,F10,Plate1_F10,Ribose,cycle 5,0.9365,True,True,explicit_user_selected_validation_only,not_assessable,0.0303500406551,0.00179489487745,0.0,0.0,0.0390525612731,0.000870252061796,0.0374752294111,0.0,0.0361698513184,0.0507465733535,0.0,0.0,0.00239319316994,0.323570594726,0.0,0.0100078987107,1.9531250000000002e-24,1.9531250000000002e-24,1.9531250000000002e-24,1.9531250000000002e-24,7.660436659138151e-11,0.05064516623067977,0.08028910332375178,0.1440060707861256,0.2843378285536848,0.002698409740869157,2.5138674434810746e-10,0.08771184054727324,7.987222597229707e-07,1.9531250000000002e-24,0.14008361640049216,1.9531250000000002e-24
2024930_WZY_DM_assembly_Plate1F11,2024930_WZY_DM_assembly_Plate1,,F11,Plate1_F11,Ribose,cycle 5,0.9335,True,True,explicit_user_selected_validation_only,not_assessable,0.00247124591641,0.000788695505238,0.0,0.000262898501746,0.0796582460291,0.00162997071083,0.00431153542864,0.0,0.0602563366002,0.0764508843078,0.0,0.00883338965867,0.00162997071083,0.366901149037,0.0,0.00657246254365,1.9531250000000002e-24,1.9531250000000002e-24,1.9531250000000002e-24,1.9531250000000002e-24,1.349474367695389e-09,0.06167499535110217,0.1232818657973618,0.1623627202264689,0.31171836461914443,0.009700049748646931,6.006925648921062e-11,0.09855522794507596,1.9172324874785923e-07,1.9531250000000002e-24,0.15719874443007978,1.9531250000000002e-24
2024930_WZY_DM_assembly_Plate1F12,2024930_WZY_DM_assembly_Plate1,,F12,Plate1_F12,Ribose,cycle 5,0.8465,True,True,explicit_user_selected_validation_only,not_assessable,0.000410779165837,5.26639956201e-05,0.0,0.0,0.054517768266,0.000347582371093,0.000136926388612,5.26639956201e-05,0.00750988577543,0.00054770555445,0.0,0.0045607020207,0.00054770555445,0.683283744774,0.0,0.00070569754131,1.9531250000000002e-24,1.9531250000000002e-24,1.9531250000000002e-24,1.9531250000000002e-24,3.039653569120516e-06,0.0799580845824801,0.027780377997788593,0.28728429625313917,0.47761367732106286,0.016617319583740083,3.5209433623729042e-12,0.15062337749097907,1.1606160284690865e-07,1.9531250000000002e-24,0.24006150652395328,1.9531250000000002e-24
2024930_WZY_DM_assembly_Plate1F1,2024930_WZY_DM_assembly_Plate1,,F1,Plate1_F1,Glucuronic_acid,cycle 5,0.8065,True,False,explicit_user_selected_validation_only,not_assessable,0.00887126175126,4.20438945558e-05,0.00697928649626,0.0,0.199512294299,0.0,0.00049051210315,0.0,0.000350365787965,0.0340975984847,0.0,0.00318132135472,0.00175182893982,0.000546570629225,0.0,2.80292630372e-05,1.9531250000000002e-24,1.9531250000000002e-24,1.9531250000000002e-24,1.9531250000000002e-24,1.071740743628661e-12,0.012196897208530835,0.02514425455726947,3.8480820539987604e-05,0.0002036799556278396,5.078822285639032e-13,8.241322134418536e-05,0.0019489452362934866,0.11426300991973601,1.9531250000000002e-24,0.046734357281672474,1.9531250000000002e-24
2024930_WZY_DM_assembly_Plate1F2,2024930_WZY_DM_assembly_Plate1,,F2,Plate1_F2,Glucuronic_acid,cycle 5,0.8425,True,False,explicit_user_selected_validation_only,not_assessable,0.0624411411411,0.000151801801802,0.00698288288288,0.0,0.048778978979,0.0,0.000910810810811,0.000303603603604,0.013813963964,0.112282732733,0.0,0.0645157657658,0.00318783783784,0.0120429429429,0.0,0.000303603603604,1.9531250000000002e-24,1.9531250000000002e-24,1.9531250000000002e-24,1.9531250000000002e-24,6.427973361636534e-12,0.026547613958993726,0.08511040274792134,4.886757971888853e-05,0.008755536213719729,0.008714399323134028,1.3132077658963468e-11,0.004477543671081601,0.04016533930431979,1.9531250000000002e-24,0.05323146341331487,1.9531250000000002e-24
2024930_WZY_DM_assembly_Plate1F3,2024930_WZY_DM_assembly_Plate1,,F3,Plate1_F3,Glucuronic_acid,cycle 5,0.8805,True,False,explicit_user_selected_validation_only,not_assessable,0.192396347573,6.01489206667e-05,0.000140347481556,0.0,0.157409725385,0.0,0.000360893524,0.000100248201111,0.000701737407778,0.0429262797158,0.0,0.00278689999089,0.00256635394845,0.00136337553511,0.0,0.000240595682667,1.9531250000000002e-24,1.9531250000000002e-24,1.9531250000000002e-24,1.9531250000000002e-24,1.370192513425545e-06,0.023114508286412244,0.033761292914275064,0.0001023023021805501,0.010938671496343843,1.0702235515830273e-06,0.05406194985548873,0.06314807932480468,0.2875501510913767,1.9531250000000002e-24,0.07548376289530694,1.9531250000000002e-24
2024930_WZY_DM_assembly_Plate1F4,2024930_WZY_DM_assembly_Plate1,,F4,Plate1_F4,Glucuronic_acid,cycle 5,0.8055,True,False,explicit_user_selected_validation_only,not_assessable,0.138540561877,0.000950209615071,0.00214893559101,0.0,0.250255975391,0.0,0.000190041923014,4.38558283879e-05,0.00364003375619,0.0168260194915,0.0,0.0,0.000219279141939,0.00143262372734,0.0,0.000263134970327,1.9531250000000002e-24,1.9531250000000002e-24,1.9531250000000002e-24,1.9531250000000002e-24,2.1066365580005092e-05,0.02218748754938023,0.022331141742120995,0.00011837753095739602,0.008838975816298186,4.10443935624985e-06,0.06216927576470862,0.06888830945570801,0.3163407532522073,1.9531250000000002e-24,0.0827354293454564,1.9531250000000002e-24
2024930_WZY_DM_assembly_Plate1F5,2024930_WZY_DM_assembly_Plate1,,F5,Plate1_F5,Glucuronic_acid,cycle 5,0.8725,True,False,explicit_user_selected_validation_only,not_assessable,0.0465590956174,0.00190100725078,0.000841429438868,0.0,0.425825624174,0.0,0.0,0.0,0.00548487337929,0.0036461942351,0.0,0.0,0.00043629674608,0.000685609172411,0.0,0.0,1.9531250000000002e-24,1.9531250000000002e-24,1.9531250000000002e-24,1.9531250000000002e-24,0.008470376926117828,0.02519717791769164,0.01834105347533936,0.0001444740351775746,0.019469637763216037,0.0016282415499092847,0.07808055480767838,0.08420722894109023,0.382128266718767,1.9531250000000002e-24,0.10021731780800641,1.9531250000000002e-24
2024930_WZY_DM_assembly_Plate1F6,2024930_WZY_DM_assembly_Plate1,,F6,Plate1_F6,Glucuronic_acid,cycle 5,0.9325,True,False,explicit_user_selected_validation_only,not_assessable,0.0227248990391,0.000181799192313,0.0151672469015,0.0,0.242779835677,0.0,0.000623311516502,0.0,0.00085705333519,0.0187253168082,0.0,0.0,0.00384375435176,0.00763556607715,0.0,0.0,1.9531250000000002e-24,1.9531250000000002e-24,1.9531250000000002e-24,1.9531250000000002e-24,9.016783568662639e-09,0.015771085716973544,0.01820034213400709,0.00017590084797712276,0.0019498630459685753,5.0814381439380375e-11,0.029215462826406826,0.03838728036385281,0.21807684973981825,1.9531250000000002e-24,0.061592664745959286,1.9531250000000002e-24
2024930_WZY_DM_assembly_Plate1F7,2024930_WZY_DM_assembly_Plate1,,F7,Plate1_F7,Ribose,cycle 5,0.9915,True,True,explicit_user_selected_validation_only,not_assessable,0.0634697541679,0.000268636092697,0.0,0.000286545165544,0.0252697017864,0.0,0.0012715441721,0.0,0.0137004407276,0.0121960786085,0.0,0.0,5.37272185395e-05,0.839631062262,0.0,0.00145063490057,1.9531250000000002e-24,1.9531250000000002e-24,1.9531250000000002e-24,1.9531250000000002e-24,0.008085161351546103,0.10062320860550429,0.04615841759288729,0.357247773657254,0.5977296591788086,0.02042800579737184,1.0996341417860396e-07,0.18865532265382653,0.00044589255251727925,1.9531250000000002e-24,0.29917933295936755,1.9531250000000002e-24
2024930_WZY_DM_assembly_Plate1F8,2024930_WZY_DM_assembly_Plate1,,F8,Plate1_F8,Ribose,cycle 5,1.0275,True,True,explicit_user_selected_validation_only,not_assessable,0.0763639805706,0.000504700440709,0.0,0.000322447503786,0.0369693072819,0.000210291850295,0.00337868906141,2.80389133727e-05,0.0349364860624,0.00183654882591,5.60778267454e-05,0.0,0.000729011747691,0.756055279639,0.0,0.00173841262911,1.9531250000000002e-24,1.9531250000000002e-24,1.9531250000000002e-24,1.9531250000000002e-24,0.006640525703494682,0.09398426503422494,0.061934213427693764,0.3315410687751392,0.5559624916005239,0.01924865014750176,5.479982141351137e-06,0.1761195119147946,0.001765803550192753,1.9531250000000002e-24,0.2815357160384443,1.9531250000000002e-24
2024930_WZY_DM_assembly_Plate1F9,2024930_WZY_DM_assembly_Plate1,,F9,Plate1_F9,Ribose,cycle 5,1.0255,True,True,explicit_user_selected_validation_only,not_assessable,0.0660504424679,0.000149904984651,0.0,6.91869159929e-05,0.0187496542341,0.0,0.000253685358641,0.0,0.00107239719789,0.00185651557914,0.0,0.0287010389844,0.000599619938605,0.757377638222,0.0,0.000172967289982,1.9531250000000002e-24,1.9531250000000002e-24,1.9531250000000002e-24,1.9531250000000002e-24,0.00727016343992256,0.09095216116803019,0.024326835196101168,0.3304391797902347,0.5536133265889096,0.02203802788697389,7.33514063840693e-09,0.17504279596392047,0.0009145940647328502,1.9531250000000002e-24,0.27616073443754363,1.9531250000000002e-24
2024930_WZY_DM_assembly_Plate1G10,2024930_WZY_DM_assembly_Plate1,,G10,Plate1_G10,Acetate,cycle 5,0.2295,True,True,explicit_user_selected_validation_only,not_assessable,0.172118147617,0.000287800071659,0.0,0.000740057327123,0.00944258330348,0.00235721963454,0.0,0.0,0.000109638122537,0.00194607667503,0.0,0.0,0.0,0.0,0.0,1.37047653171e-05,1.9531250000000002e-24,1.9531250000000002e-24,1.9531250000000002e-24,1.9531250000000002e-24,2.7916072640876407e-15,1.145839582494714e-05,1.3408067662026245e-11,4.440886797681129e-06,2.8234146151108128e-06,9.649610793779573e-16,1.2660061005977064e-07,5.833158902064357e-07,0.00996270887830712,1.9531250000000002e-24,0.03879700722949619,1.9531250000000002e-24
2024930_WZY_DM_assembly_Plate1G11,2024930_WZY_DM_assembly_Plate1,,G11,Plate1_G11,Acetate,cycle 5,0.3265,True,True,explicit_user_selected_validation_only,not_assessable,0.23445060241,0.00021456736035,0.0,0.000250328587076,0.00103707557503,0.000500657174151,0.0,0.0,0.00210991237678,0.0128025191676,0.0,0.0213494523549,0.0,0.0,0.0,0.0,1.9531250000000002e-24,1.9531250000000002e-24,1.9531250000000002e-24,1.9531250000000002e-24,2.559301348331688e-11,0.013142962342039023,0.014813182058258071,5.0584468201858355e-05,0.000248286133962918,7.351848570650616e-07,0.0010405716302394669,0.019408265581428674,0.18211637420525284,1.9531250000000002e-24,0.055239135889418124,1.9531250000000002e-24
2024930_WZY_DM_assembly_Plate1G12,2024930_WZY_DM_assembly_Plate1,,G12,Plate1_G12,Acetate,cycle 5,0.0915,True,True,explicit_user_selected_validation_only,not_assessable,0.0617047833342,3.70126915103e-05,0.0,4.16392779491e-05,0.00341442079183,8.32785558983e-05,0.0,0.0,0.000532057440461,0.00192928654498,0.0,0.0150734186176,0.0,0.0,0.0,0.0,1.9531250000000002e-24,1.9531250000000002e-24,1.9531250000000002e-24,1.9531250000000002e-24,4.0543037167327556e-20,4.215203796921971e-15,2.2432272531189925e-16,4.3437523713348545e-16,3.287878053944302e-16,1.2914682943618794e-16,2.0635675981837807e-18,9.344525896606806e-17,3.846293323528327e-14,1.9531250000000002e-24,7.512988048897911e-07,1.9531250000000002e-24
2024930_WZY_DM_assembly_Plate1G1,2024930_WZY_DM_assembly_Plate1,,G1,Plate1_G1,Arabinose,cycle 5,0.7565,True,True,explicit_user_selected_validation_only,not_assessable,0.204491007281,7.2954337239e-05,0.0,0.0,0.0590200588264,0.02166743816,0.000401248854815,0.105181915714,0.00147732532909,0.0772951203047,0.0,0.0607527243358,0.0,0.0150468320555,0.0,0.0,1.9531250000000002e-24,1.9531250000000002e-24,1.9531250000000002e-24,1.9531250000000002e-24,0.012565456265620955,0.03672673759302933,0.05708322459473975,3.664127807773377e-05,0.10950941603920113,0.01406183813717727,0.048075471103720714,0.07546308184981886,0.29420683774987316,1.9531250000000002e-24,0.10692936113119156,1.9531250000000002e-24
2024930_WZY_DM_assembly_Plate1G2,2024930_WZY_DM_assembly_Plate1,,G2,Plate1_G2,Arabinose,cycle 5,0.7425,True,True,explicit_user_selected_validation_only,not_assessable,0.0143444621589,0.00118376629466,0.0,0.0,0.00494396511301,0.00218184375879,0.006847275626,0.320568554816,0.00229789927788,0.00512965394354,0.0,0.00299423239238,0.0,0.0300119572353,0.0,0.000162477726719,1.9531250000000002e-24,1.9531250000000002e-24,1.9531250000000002e-24,1.9531250000000002e-24,1.0721047058097294e-08,0.016247006822868965,0.007625840063871374,1.5565030914536316e-15,0.0003717289145717136,6.506310322725613e-15,1.9845772911613958e-20,3.3002297970590613e-09,8.989055305001911e-07,1.9531250000000002e-24,0.0775977252603553,1.9531250000000002e-24
2024930_WZY_DM_assembly_Plate1G3,2024930_WZY_DM_assembly_Plate1,,G3,Plate1_G3,Arabinose,cycle 5,0.6975,True,True,explicit_user_selected_validation_only,not_assessable,0.0024855796817,0.00151662489053,0.0,0.0,0.0276573400175,0.0132283393229,0.00941571286202,0.0058558572162,0.00406539727599,0.104373282397,0.0,0.0,6.31927037719e-05,0.143215730982,0.0,0.0,1.9531250000000002e-24,1.9531250000000002e-24,1.9531250000000002e-24,1.9531250000000002e-24,1.525102822239043e-17,0.032650935721092726,0.0713989792356871,1.8535089844243314e-06,0.034898052166252476,2.1942974997489177e-13,3.849042936301683e-15,0.020828022936433398,1.2749916460491402e-12,1.9531250000000002e-24,0.06597569193184141,1.9531250000000002e-24
2024930_WZY_DM_assembly_Plate1G4,2024930_WZY_DM_assembly_Plate1,,G4,Plate1_G4,Arabinose,cycle 5,0.6885,True,True,explicit_user_selected_validation_only,not_assessable,0.00380028271405,0.000115862277868,0.0,0.0,0.0355928917609,0.0160121668013,0.0077859450727,0.0962120355412,0.00176110662359,0.0350135803716,0.0,0.0,0.000139034733441,0.0559846526656,0.000973243134087,0.0,1.9531250000000002e-24,1.9531250000000002e-24,1.9531250000000002e-24,1.9531250000000002e-24,1.7956057244306657e-15,0.01858108828925752,0.027417426777312993,1.2807576122598814e-11,1.1921298462796234e-06,7.864472947241084e-17,5.859447690007981e-15,6.831304062251989e-08,2.722985631752883e-10,1.9531250000000002e-24,0.05416403237535729,1.9531250000000002e-24
2024930_WZY_DM_assembly_Plate1G5,2024930_WZY_DM_assembly_Plate1,,G5,Plate1_G5,Arabinose,cycle 5,0.6635,True,True,explicit_user_selected_validation_only,not_assessable,0.000535390977633,0.000853279370603,0.0,0.0,0.0253976095015,0.00941953501273,0.00495236654311,0.196003290718,0.00158944196485,0.0239587462491,0.0,0.0,0.0,0.000451736137378,0.0,0.0,1.9531250000000002e-24,1.9531250000000002e-24,1.9531250000000002e-24,1.9531250000000002e-24,8.920126510548683e-14,0.0073735277523283,0.019682288141654816,6.505086231677306e-18,1.0500603864801707e-10,5.5398279768567485e-19,1.4643054480203886e-18,7.439487497343534e-14,8.86820390736392e-11,1.9531250000000002e-24,0.047810496615081785,1.9531250000000002e-24
2024930_WZY_DM_assembly_Plate1G6,2024930_WZY_DM_assembly_Plate1,,G6,Plate1_G6,Arabinose,cycle 5,0.8365,True,True,explicit_user_selected_validation_only,not_assessable,0.00227694605809,2.77676348548e-05,0.0,0.0,0.00310997510373,0.00152721991701,0.00585897095436,0.311802771784,0.00258239004149,0.00758056431535,0.0,0.0348206141079,0.0,0.0768052780083,0.0,0.0,1.9531250000000002e-24,1.9531250000000002e-24,1.9531250000000002e-24,1.9531250000000002e-24,9.495982613073741e-07,0.02405722418630784,0.013260713373197276,3.840192284039079e-11,0.10786361581586686,0.00023553275457236967,2.5097448199550506e-21,0.0011030684516977704,8.054654674795965e-05,1.9531250000000002e-24,0.09659909200505237,1.9531250000000002e-24
2024930_WZY_DM_assembly_Plate1G7,2024930_WZY_DM_assembly_Plate1,,G7,Plate1_G7,Acetate,cycle 5,0.2455,True,True,explicit_user_selected_validation_only,not_assessable,0.0847290417559,3.94271948608e-05,0.0,0.0,0.000591407922912,0.00258905246253,0.0,0.0,0.000183993576017,0.015665738758,0.0,0.120016381156,0.0,5.25695931478e-05,0.0,0.000118281584582,1.9531250000000002e-24,1.9531250000000002e-24,1.9531250000000002e-24,1.9531250000000002e-24,2.1386853686237876e-11,0.014420519310721563,0.011876558413662171,1.6808092460356654e-05,2.686981162385596e-05,0.016990560548062524,2.1471623110879042e-15,4.846239091148393e-05,0.08812651365698539,1.9531250000000002e-24,0.05188646211242217,1.9531250000000002e-24
2024930_WZY_DM_assembly_Plate1G8,2024930_WZY_DM_assembly_Plate1,,G8,Plate1_G8,Acetate,cycle 5,0.1395,True,True,explicit_user_selected_validation_only,not_assessable,0.00166450508404,1.44739572525e-05,0.0,5.78958290102e-05,0.0101172961195,0.00128818219548,0.0,0.0,0.000130265615273,0.00516720273916,0.0,0.0925899045445,5.78958290102e-05,0.000463166632081,0.0,0.0,1.9531250000000002e-24,1.9531250000000002e-24,1.9531250000000002e-24,1.9531250000000002e-24,5.220598490584229e-17,1.3780596334990056e-07,8.864713133657341e-13,2.2215504569684182e-13,1.5638647339082118e-13,0.010085009821602592,1.441182484241111e-22,1.6835708923303904e-14,9.85583597511337e-11,1.9531250000000002e-24,0.02197891435209775,1.9531250000000002e-24
2024930_WZY_DM_assembly_Plate1G9,2024930_WZY_DM_assembly_Plate1,,G9,Plate1_G9,Acetate,cycle 5,0.2075,True,True,explicit_user_selected_validation_only,not_assessable,0.138689702808,9.29659498208e-05,0.0,0.000139448924731,0.000821199223417,0.0013480062724,7.74716248507e-05,3.09886499403e-05,0.00142547789725,0.00114658004779,0.0,0.0152154271207,0.0,0.0,0.0,0.000247909199522,1.9531250000000002e-24,1.9531250000000002e-24,1.9531250000000002e-24,1.9531250000000002e-24,2.442185269581221e-16,1.5400147459544376e-07,3.961953193395078e-11,1.8842367283690745e-08,1.0698115335951994e-08,4.4439170161104356e-13,1.9774729246537898e-11,1.271205563908658e-09,2.4152151545719267e-05,1.9531250000000002e-24,0.03260476306492206,1.9531250000000002e-24
2024930_WZY_DM_assembly_Plate1H10,2024930_WZY_DM_assembly_Plate1,,H10,Plate1_H10,Propionate,cycle 5,0.2375,True,True,explicit_user_selected_validation_only,not_assessable,0.164768021338,3.33403523549e-05,0.0,0.0,0.00960202147821,0.00360075805433,0.0,5.00105285323e-05,0.00153365620832,0.00818505650312,0.0,0.0192540534849,0.0,0.0,0.0,0.0,1.9531250000000002e-24,1.9531250000000002e-24,1.9531250000000002e-24,1.9531250000000002e-24,3.433899482603861e-14,0.003873924440446779,0.006700561328343423,1.5792443321157074e-05,1.607389141049125e-05,3.619066286348574e-10,8.483879141627567e-08,1.1090314190080212e-05,0.04623885565395517,1.9531250000000002e-24,0.04341864417814146,1.9531250000000002e-24
2024930_WZY_DM_assembly_Plate1H11,2024930_WZY_DM_assembly_Plate1,,H11,Plate1_H11,Propionate,cycle 5,0.1145,True,True,explicit_user_selected_validation_only,not_assessable,0.0347099625533,3.98850474615e-05,0.0,0.000588304450057,0.000418792998345,0.000967212400941,0.0,0.0,0.000558390664461,0.0287471479579,0.0,0.0298240442393,0.0,0.0,0.0,0.0,1.9531250000000002e-24,1.9531250000000002e-24,1.9531250000000002e-24,1.9531250000000002e-24,2.689325561598937e-20,9.117720790725139e-10,0.018693317197239552,2.5800216557744697e-17,7.870995471342084e-17,3.5119765582260366e-13,1.2685376847329295e-20,3.548962695152215e-17,1.5367415833346142e-15,1.9531250000000002e-24,7.286738621533318e-08,1.9531250000000002e-24
2024930_WZY_DM_assembly_Plate1H12,2024930_WZY_DM_assembly_Plate1,,H12,Plate1_H12,Propionate,cycle 5,0.1865,True,True,explicit_user_selected_validation_only,not_assessable,0.0911113603989,0.000106267806268,0.0,0.000159401709402,0.00777083333333,0.000278952991453,0.0,0.0,0.0018464031339,0.00722621082621,0.0,0.00638935185185,0.0,2.6566951567e-05,0.0,0.0,1.9531250000000002e-24,1.9531250000000002e-24,1.9531250000000002e-24,1.9531250000000002e-24,4.987578188702323e-19,1.138482994356575e-11,9.688113694223085e-05,1.8838563457390546e-13,1.7265538221155437e-13,1.3646498908236235e-17,2.641982486139679e-15,4.14641973555554e-14,5.0699655895186825e-11,1.9531250000000002e-24,0.00457748575283618,1.9531250000000002e-24
2024930_WZY_DM_assembly_Plate1H1,2024930_WZY_DM_assembly_Plate1,,H1,Plate1_H1,Mannose,cycle 5,0.7865,True,True,explicit_user_selected_validation_only,not_assessable,0.145319611225,0.000313076361706,0.0,0.000643545854619,0.111176894668,0.0478658970787,0.000121751918441,0.0,0.0511705920078,5.21793936177e-05,0.0,0.0917487671112,5.21793936177e-05,0.0195498794754,0.0,0.0011653397908,1.9531250000000002e-24,1.9531250000000002e-24,1.9531250000000002e-24,1.9531250000000002e-24,0.012142811795790623,0.037774563470484475,0.06782439293896474,0.0008714982240260055,0.033139731553229024,0.018013176053771177,0.06478971779122922,0.07814025339299777,0.3304224917720742,1.9531250000000002e-24,0.11372265637796809,1.9531250000000002e-24
2024930_WZY_DM_assembly_Plate1H2,2024930_WZY_DM_assembly_Plate1,,H2,Plate1_H2,Mannose,cycle 5,0.9825,True,True,explicit_user_selected_validation_only,not_assessable,0.180783420938,0.000263149084335,0.0,0.000197361813251,0.075457999933,0.00111838360842,0.000427617262044,0.000197361813251,0.019670394054,0.00187493722589,0.000164468177709,0.0453274297767,0.00108548997288,0.0172691586595,0.0,0.000624979075295,1.9531250000000002e-24,1.9531250000000002e-24,1.9531250000000002e-24,1.9531250000000002e-24,7.28575194504521e-08,0.021131612929099333,0.029601483993821495,0.0005098357731041017,0.006767267363825762,0.008556301892956267,0.014711178733100029,0.04974641430501643,0.24260330904839036,1.9531250000000002e-24,0.0761635400435011,1.9531250000000002e-24
2024930_WZY_DM_assembly_Plate1H3,2024930_WZY_DM_assembly_Plate1,,H3,Plate1_H3,Mannose,cycle 5,0.0535,True,True,explicit_user_selected_validation_only,not_assessable,0.0,0.0,0.0,0.0,0.0,0.0,0.0,0.0,0.0,0.0,0.0,0.0,0.0,0.0535,0.0,0.0,1.9531250000000002e-24,1.9531250000000002e-24,1.9531250000000002e-24,1.9531250000000002e-24,3.130629069266834e-23,5.900710332164847e-13,4.925703558171605e-21,6.520363574265237e-20,6.399506113040214e-19,1.4998957771853515e-21,6.98149928744067e-24,1.5883420406068398e-18,1.554447988079564e-22,1.9531250000000002e-24,2.59377469892941e-07,1.9531250000000002e-24
2024930_WZY_DM_assembly_Plate1H4,2024930_WZY_DM_assembly_Plate1,,H4,Plate1_H4,Mannose,cycle 5,0.9825,True,True,explicit_user_selected_validation_only,not_assessable,0.0568763189458,0.0,0.0,1.49164224877e-05,0.0175118800006,0.00666764085202,0.0,0.0,0.00360977424203,0.000984483884191,4.47492674632e-05,0.0193018506991,5.9665689951e-05,0.773625335904,0.0,0.0,1.9531250000000002e-24,1.9531250000000002e-24,1.9531250000000002e-24,1.9531250000000002e-24,0.00492929357180913,0.09295060005975,0.027194013151929444,0.33355706566786,0.5576778020562,0.021040852194661026,4.097174384140806e-08,0.17654800863939246,0.00025928587713238007,1.9531250000000002e-24,0.27949910132965694,1.9531250000000002e-24
2024930_WZY_DM_assembly_Plate1H5,2024930_WZY_DM_assembly_Plate1,,H5,Plate1_H5,Mannose,cycle 5,0.9205,True,True,explicit_user_selected_validation_only,not_assessable,0.00732961894113,0.0,0.0,0.00388038649825,0.0377468421371,0.00357440620089,0.000125173758008,4.17245860027e-05,0.00296244560619,0.000208622930013,0.000194714734679,0.00336578327088,0.000806675329385,0.768358251239,0.0,9.73573673395e-05,1.9531250000000002e-24,1.9531250000000002e-24,1.9531250000000002e-24,1.9531250000000002e-24,0.0001122799709170363,0.08902515439375616,0.02490640924431306,0.3203731805566861,0.5310524366362388,0.01823922654946734,2.275103740592966e-11,0.1672577362024056,5.854260690347118e-07,1.9531250000000002e-24,0.26673513099673174,1.9531250000000002e-24
2024930_WZY_DM_assembly_Plate1H6,2024930_WZY_DM_assembly_Plate1,,H6,Plate1_H6,Mannose,cycle 5,0.9705,True,True,explicit_user_selected_validation_only,not_assessable,0.164750651591,0.000148792640859,0.0,0.0155488309697,0.0456049444232,0.0164415868149,0.000781161364507,0.0,0.087862054427,0.037086565734,7.43963204293e-05,0.0695977577616,0.00219469145266,0.195625124569,0.0,0.0,1.9531250000000002e-24,1.9531250000000002e-24,1.9531250000000002e-24,1.9531250000000002e-24,0.00818788473235692,0.05569754525814274,0.13109436754479112,0.1329406850592256,0.2570494699414592,0.01857570504592627,0.033218394388799304,0.0993597516089325,0.16588307006374062,1.9531250000000002e-24,0.15612871864571123,1.9531250000000002e-24
2024930_WZY_DM_assembly_Plate1H7,2024930_WZY_DM_assembly_Plate1,,H7,Plate1_H7,Propionate,cycle 5,0.2025,True,True,explicit_user_selected_validation_only,not_assessable,0.173652203668,0.000421297563646,0.0,0.00032151656173,0.00814878182316,0.00159649603066,0.0,2.21735559814e-05,0.00016630166986,0.00860333972078,0.0,1.10867779907e-05,0.0,0.0,0.0,0.0,1.9531250000000002e-24,1.9531250000000002e-24,1.9531250000000002e-24,1.9531250000000002e-24,2.583172390291884e-15,0.00010523678593239723,0.0012529314144050516,4.021226172789022e-06,3.587897772968415e-06,1.1654946935845083e-15,9.7128281238051e-08,7.792309190128445e-07,0.009087399368241758,1.9531250000000002e-24,0.038720987201131256,1.9531250000000002e-24
2024930_WZY_DM_assembly_Plate1H8,2024930_WZY_DM_assembly_Plate1,,H8,Plate1_H8,Propionate,cycle 5,0.2515,True,True,explicit_user_selected_validation_only,not_assessable,0.208724191425,0.000165522752915,0.0,0.000165522752915,0.0152044471606,0.00536766641595,0.0,0.0,0.00215179578789,0.000898552087251,0.0,0.000165522752915,0.0,4.72922151185e-05,0.0,0.0,1.9531250000000002e-24,1.9531250000000002e-24,1.9531250000000002e-24,1.9531250000000002e-24,5.018322210631128e-13,0.0062234739452036855,2.0098072778131384e-05,4.370653155014827e-05,6.635327329250803e-05,1.225091786759208e-13,0.0010956962793498423,0.002387285614631153,0.13209627714727334,1.9531250000000002e-24,0.048718796594304836,1.9531250000000002e-24
2024930_WZY_DM_assembly_Plate1H9,2024930_WZY_DM_assembly_Plate1,,H9,Plate1_H9,Propionate,cycle 5,0.1155,True,True,explicit_user_selected_validation_only,not_assessable,0.0572613179607,0.000378728580495,0.0,0.000219906917707,0.00838089697483,0.00188142585149,0.0,0.0,0.00116061984345,0.0148070657923,0.0,0.0,0.0,0.0,0.0,0.0,1.9531250000000002e-24,1.9531250000000002e-24,1.9531250000000002e-24,1.9531250000000002e-24,6.297875340235237e-21,9.895428109802188e-14,0.008699174416302531,2.959598634337222e-17,4.802199811185012e-17,4.9266138977769074e-21,7.445069862394656e-18,2.596336404667387e-17,1.2320006489211197e-15,1.9531250000000002e-24,2.1895828106929992e-09,1.9531250000000002e-24
2024930_WZY_DM_assembly_Plate2A10,2024930_WZY_DM_assembly_Plate2,,A10,Plate2_A10,N_acetylglutamic_acid,cycle 5,0.5255,True,True,explicit_user_selected_validation_only,not_assessable,0.125163951096,0.000213740549335,0.000238886496315,0.00848675710594,0.044671774811,0.00294207579673,0.000188594602354,3.77189204709e-05,0.0401706503015,0.0812591276677,0.000138302708393,0.0,0.00661338405589,0.00799641113982,0.0624625322997,0.00045262704565,1.9531250000000002e-24,1.9531250000000002e-24,1.9531250000000002e-24,1.9531250000000002e-24,1.2516043018553832e-12,0.02659008841464287,0.09696346812328491,1.8216350311749382e-05,0.0017109427119983498,3.571314482981457e-13,5.861949234242856e-06,0.02924211112173527,0.14955231559149834,1.9531250000000002e-24,0.06814365352982657,1.9531250000000002e-24
2024930_WZY_DM_assembly_Plate2A11,2024930_WZY_DM_assembly_Plate2,,A11,Plate2_A11,N_acetylglutamic_acid,cycle 5,0.5895,True,True,explicit_user_selected_validation_only,not_assessable,0.0120908107685,0.000353352792473,0.0,0.00575350525136,0.0426788720648,0.00198184827083,4.60894946705e-05,0.0,0.0305266086367,0.00854960126137,0.0,0.00477026269839,0.00365643324386,0.374231333559,0.0480559797764,0.0,1.9531250000000002e-24,1.9531250000000002e-24,1.9531250000000002e-24,1.9531250000000002e-24,3.07930756741685e-11,0.05152372974033129,0.050385500304619184,0.16529563643358675,0.295095386328709,0.005887645719607271,7.852195606793143e-14,0.09631422443241133,1.8977756295923746e-07,1.9531250000000002e-24,0.15729134017608296,1.9531250000000002e-24
2024930_WZY_DM_assembly_Plate2A12,2024930_WZY_DM_assembly_Plate2,,A12,Plate2_A12,N_acetylglutamic_acid,cycle 5,0.5715,True,True,explicit_user_selected_validation_only,not_assessable,0.147878991955,0.000870764261336,0.000336695514383,0.0321950572891,0.0075814541687,0.00231042784008,0.000150932471965,0.0,0.000592119697708,0.107777395173,0.0,0.0734808934666,0.00604890906875,0.00883535470502,0.0514795831302,0.0,1.9531250000000002e-24,1.9531250000000002e-24,1.9531250000000002e-24,1.9531250000000002e-24,3.696009220539101e-07,0.030309238112715825,0.06989357921978873,7.15155194227167e-05,0.02441552403201137,0.01259072561495731,3.270228926103251e-07,0.05507845444767215,0.2390762472307311,1.9531250000000002e-24,0.0789997732720427,1.9531250000000002e-24
2024930_WZY_DM_assembly_Plate2A1,2024930_WZY_DM_assembly_Plate2,,A1,Plate2_A1,Sugar_mix,cycle 5,0.9295,True,True,explicit_user_selected_validation_only,not_assessable,0.00366305418719,0.000255212791731,0.000840700960995,0.00327272874102,0.0779900266494,0.0426805862877,0.00277731567472,0.0216630622628,0.0174445449406,0.0893695146572,0.0,0.213538044093,0.00815179681822,0.00171142695631,0.0,0.000210175240249,1.9531250000000002e-24,1.9531250000000002e-24,1.9531250000000002e-24,1.9531250000000002e-24,0.027857683757220066,0.043053950745258654,0.08105645776904635,4.877805449814292e-05,0.04322379176912282,0.030290254223804408,0.0029462140643935855,0.07081665113363853,0.3007234568643198,1.9531250000000002e-24,0.10538554428577457,1.9531250000000002e-24
2024930_WZY_DM_assembly_Plate2A2,2024930_WZY_DM_assembly_Plate2,,A2,Plate2_A2,Sugar_mix,cycle 5,0.8055,True,True,explicit_user_selected_validation_only,not_assessable,0.0331738639204,9.22661196268e-05,0.000427779281906,0.00156852403366,0.0294832191353,0.00146787008497,0.001325276991,0.00962083992836,0.0064921796901,0.0320750583139,0.0,0.00464685729757,0.000511657572476,0.311507195518,0.0,0.000318737504165,1.9531250000000002e-24,1.9531250000000002e-24,1.9531250000000002e-24,1.9531250000000002e-24,4.804109922246665e-13,0.04316446131511222,0.035868116817088506,0.1129700327858314,0.2503287248771978,0.0007120017647479962,1.4366075622991565e-14,0.0784393701764439,2.343787810662664e-10,1.9531250000000002e-24,0.12261567548723572,1.9531250000000002e-24
2024930_WZY_DM_assembly_Plate2A3,2024930_WZY_DM_assembly_Plate2,,A3,Plate2_A3,Sugar_mix,cycle 5,0.9615,True,True,explicit_user_selected_validation_only,not_assessable,0.00169739880524,0.000530939910644,0.00271905590603,8.0445441006e-06,0.235994745737,0.0011503698064,0.000136757249711,0.140530140895,0.000981434380281,0.0235866033032,1.60890882013e-05,0.0,0.000426360837335,0.17340014809,0.0011664588946,0.000193069058416,1.9531250000000002e-24,1.9531250000000002e-24,1.9531250000000002e-24,1.9531250000000002e-24,0.001952929020743666,0.03940327018124818,0.026542318243133915,0.07513353852384128,0.266311331653235,0.0028131213122137722,0.015717457928212147,0.0870491234759837,0.1518125741779628,1.9531250000000002e-24,0.13582456213578695,1.9531250000000002e-24
2024930_WZY_DM_assembly_Plate2A4,2024930_WZY_DM_assembly_Plate2,,A4,Plate2_A4,Sugar_mix,cycle 5,0.9055,True,True,explicit_user_selected_validation_only,not_assessable,0.0669553015669,0.00103008156257,0.00106895256493,0.000641371538957,0.269453788367,0.0388321313587,1.94355011805e-05,0.0317770444301,0.00176863060743,0.191731219146,0.0,0.000252661515347,0.00664694140373,0.00647202189311,0.00075798454604,0.00604444086714,1.9531250000000002e-24,1.9531250000000002e-24,1.9531250000000002e-24,1.9531250000000002e-24,0.013955010508846406,0.04902853902497671,0.12626315057447784,8.775677724496017e-05,0.12021110958267671,8.804461332006231e-05,0.07959226842920736,0.08760008625036347,0.3170319786751009,1.9531250000000002e-24,0.10113181637627122,1.9531250000000002e-24
2024930_WZY_DM_assembly_Plate2A5,2024930_WZY_DM_assembly_Plate2,,A5,Plate2_A5,Sugar_mix,cycle 5,0.9605,True,True,explicit_user_selected_validation_only,not_assessable,0.0106954161993,5.61144606468e-05,0.00480339783137,0.000583590390727,0.0024465904842,0.0217948565152,0.0010325060759,0.138647609366,0.00704797625724,0.0502561109553,0.0,3.36686763881e-05,0.00804681365676,0.154180092073,0.0,0.000909054262479,1.9531250000000002e-24,1.9531250000000002e-24,1.9531250000000002e-24,1.9531250000000002e-24,7.14444918306117e-10,0.033971590164214124,0.045872430307437935,5.158008970630248e-06,0.1546757748004588,1.3165476316971437e-11,5.611102641135714e-13,0.03987894396907049,1.4003483390648225e-08,1.9531250000000002e-24,0.0937621270599214,1.9531250000000002e-24
2024930_WZY_DM_assembly_Plate2A6,2024930_WZY_DM_assembly_Plate2,,A6,Plate2_A6,Sugar_mix,cycle 5,0.9195,True,True,explicit_user_selected_validation_only,not_assessable,0.00930216089349,0.000446503722888,0.00119067659437,0.0,0.00193484946585,0.0213577614115,0.00156276303011,0.166099384914,0.00878123988346,0.0475526464875,0.0,0.0,0.00312552606021,0.195494213338,0.0,0.000595338297184,1.9531250000000002e-24,1.9531250000000002e-24,1.9531250000000002e-24,1.9531250000000002e-24,1.4860085664476265e-09,0.0389142987143009,0.04714018527137222,0.0001192485841430641,0.20604507868425873,2.426652070694064e-09,4.008871531879435e-14,0.05510500842782782,1.7188992526703705e-08,1.9531250000000002e-24,0.11036729268889707,1.9531250000000002e-24
2024930_WZY_DM_assembly_Plate2A7,2024930_WZY_DM_assembly_Plate2,,A7,Plate2_A7,N_acetylglutamic_acid,cycle 5,0.5765,True,True,explicit_user_selected_validation_only,not_assessable,0.21895801295,0.00117949323261,0.000142576105041,0.00413470704618,0.0248600881335,0.00232010207293,0.000324036602365,0.000103691712757,0.0297595215612,0.070277058321,0.0,0.0,0.0057678515221,0.00837310580512,0.0625520257206,0.000946186878906,1.9531250000000002e-24,1.9531250000000002e-24,1.9531250000000002e-24,1.9531250000000002e-24,1.183419428588838e-09,0.027758967824434516,0.0804655745694029,4.965401852562988e-05,0.008313841809322044,3.1831680983612094e-10,0.019866353098049634,0.05525178665831899,0.23965874080053262,1.9531250000000002e-24,0.08024078530840704,1.9531250000000002e-24
2024930_WZY_DM_assembly_Plate2A8,2024930_WZY_DM_assembly_Plate2,,A8,Plate2_A8,N_acetylglutamic_acid,cycle 5,0.5745,True,True,explicit_user_selected_validation_only,not_assessable,0.0572424481618,0.000654049910441,0.00010464798567,0.00329641154862,0.00134298248277,0.00102903852576,0.000427312608154,0.0,0.00245050699778,0.0397051898965,0.0,0.0,0.00345338352713,0.011127569143,0.306888938644,3.48826618902e-05,1.9531250000000002e-24,1.9531250000000002e-24,1.9531250000000002e-24,1.9531250000000002e-24,4.0783190559456057e-19,0.02029322259361279,0.028886904759455184,2.195254802934749e-08,6.406630368815336e-07,4.035523799835e-18,8.52412217837014e-17,0.04855942612560821,0.2089150239405628,1.9531250000000002e-24,0.09547444927989375,1.9531250000000002e-24
2024930_WZY_DM_assembly_Plate2A9,2024930_WZY_DM_assembly_Plate2,,A9,Plate2_A9,N_acetylglutamic_acid,cycle 5,0.5625,True,True,explicit_user_selected_validation_only,not_assessable,0.0290429373997,0.00163857677903,0.000685527019797,0.00018392188336,0.0388576779026,0.00285914927769,0.000518325307651,0.0,0.0561296147673,0.0866940877475,0.0,0.0,0.00101993044409,0.0141619850187,0.0858413590155,0.000468164794007,1.9531250000000002e-24,1.9531250000000002e-24,1.9531250000000002e-24,1.9531250000000002e-24,6.338457634521953e-19,0.024842423965654205,0.11526783529498658,5.648806271244484e-11,5.569019320290474e-09,3.1369207674440226e-17,1.2207807195958434e-15,2.153322696592329e-06,4.47692450270465e-07,1.9531250000000002e-24,0.05584481421768343,1.9531250000000002e-24
2024930_WZY_DM_assembly_Plate2B10,2024930_WZY_DM_assembly_Plate2,,B10,Plate2_B10,N_acetylgalactosamine,cycle 5,0.5345,True,True,explicit_user_selected_validation_only,not_assessable,0.291861498544,0.000514569831878,0.0,0.000188257255565,0.00193277449047,0.00194532497417,0.0,0.0,0.00184492110454,0.0319535315112,0.0,0.0,0.0,0.000916185310416,0.047327874049,0.000112954353339,1.9531250000000002e-24,1.9531250000000002e-24,1.9531250000000002e-24,1.9531250000000002e-24,1.0577810543553968e-09,0.020721470946019192,0.027444053578531146,3.0271827100764406e-05,0.001644547011822969,7.827064488263112e-10,0.03430811546351562,0.05573267453913076,0.26309185881624314,1.9531250000000002e-24,0.07483788183070449,1.9531250000000002e-24
2024930_WZY_DM_assembly_Plate2B11,2024930_WZY_DM_assembly_Plate2,,B11,Plate2_B11,N_acetylgalactosamine,cycle 5,0.4865,True,True,explicit_user_selected_validation_only,not_assessable,0.102948221918,0.0010736514233,0.0,0.0131963991396,0.012149928765,0.000856203033774,0.0,4.07715730368e-05,0.0560473224013,0.00644190853982,0.0,0.063386205548,0.0,0.00591187809034,0.0262976646088,5.43620973825e-05,1.9531250000000002e-24,1.9531250000000002e-24,1.9531250000000002e-24,1.9531250000000002e-24,1.5022318025990705e-12,0.019675257525824608,0.06951482882712855,2.4812446951097114e-05,3.1879996764863205e-05,0.007998571161598137,7.909754561778285e-13,0.0002482907880533085,0.0863454822028401,1.9531250000000002e-24,0.06398857733693403,1.9531250000000002e-24
2024930_WZY_DM_assembly_Plate2B12,2024930_WZY_DM_assembly_Plate2,,B12,Plate2_B12,N_acetylgalactosamine,cycle 5,0.5855,True,True,explicit_user_selected_validation_only,not_assessable,0.186512302491,8.70028233196e-05,0.0,0.00382087399079,0.00483590692952,0.00134129352618,0.0,0.0,0.0166247894893,0.0415873495468,0.0,0.0012107892912,0.0,0.000529267175194,0.279844581208,0.000159505176086,1.9531250000000002e-24,1.9531250000000002e-24,1.9531250000000002e-24,1.9531250000000002e-24,1.2539129354136734e-13,0.026905547002490683,0.04790444957514699,9.748077295911726e-07,0.0001658438813729554,4.257505327969486e-12,5.955433728154541e-06,0.0733731007304483,0.3145274559318686,1.9531250000000002e-24,0.11539241471587393,1.9531250000000002e-24
2024930_WZY_DM_assembly_Plate2B1,2024930_WZY_DM_assembly_Plate2,,B1,Plate2_B1,Water,cycle 5,0.2605,True,True,explicit_user_selected_validation_only,not_assessable,0.0289273932253,0.00310758468336,0.0,0.0,0.00310758468336,0.0130058173785,0.0,0.0,0.0102818851252,0.0108573637703,0.0,0.0,0.0,0.0,0.0,0.000844035346097,1.9531250000000002e-24,1.9531250000000002e-24,1.9531250000000002e-24,1.9531250000000002e-24,2.897913907781723e-21,1.9664578964609918e-11,0.019527387103055033,2.9138947887281724e-19,5.085605152266914e-19,3.1870285505624136e-22,6.0629603384572364e-18,9.456390540876392e-19,4.9429465273809396e-18,1.9531250000000002e-24,5.491820026955574e-10,1.9531250000000002e-24
2024930_WZY_DM_assembly_Plate2B2,2024930_WZY_DM_assembly_Plate2,,B2,Plate2_B2,Water,cycle 5,0.2725,True,True,explicit_user_selected_validation_only,not_assessable,0.170606625206,0.000112047697368,0.0,0.0,0.013921926398,0.00310932360197,0.0,0.0,0.00127454255757,0.0109386564556,0.0,0.00197484066612,0.0,0.0,0.0,7.00298108553e-05,1.9531250000000002e-24,1.9531250000000002e-24,1.9531250000000002e-24,1.9531250000000002e-24,6.008908948239616e-15,0.0014775760610649653,0.009888550245858186,8.941785651546287e-06,9.519559542780904e-06,7.410360930564128e-15,4.107655790881265e-07,3.4605252982217674e-06,0.022393995712336103,1.9531250000000002e-24,0.04066665821285347,1.9531250000000002e-24
2024930_WZY_DM_assembly_Plate2B3,2024930_WZY_DM_assembly_Plate2,,B3,Plate2_B3,Water,cycle 5,0.1635,True,True,explicit_user_selected_validation_only,not_assessable,0.0355382493564,0.00288635527768,0.0,0.0,0.0298256712026,0.0029765538801,0.0,0.0,0.000360794409709,0.0233313718279,0.0,0.0,0.0,0.000270595807282,0.0,0.000210463405664,1.9531250000000002e-24,1.9531250000000002e-24,1.9531250000000002e-24,1.9531250000000002e-24,1.482816075166396e-20,1.9028870377472914e-11,0.015494715136906142,4.608393612068776e-17,1.3101753666150385e-16,6.621584890275939e-21,1.586089520010932e-17,1.0925234287816298e-16,2.1906534164224266e-15,1.9531250000000002e-24,2.0242948676469888e-08,1.9531250000000002e-24
2024930_WZY_DM_assembly_Plate2B4,2024930_WZY_DM_assembly_Plate2,,B4,Plate2_B4,Water,cycle 5,0.1775,True,True,explicit_user_selected_validation_only,not_assessable,0.0148379940343,1.32363907532e-05,0.0,0.0,0.0016677852349,0.0022898956003,0.0,0.000105891126025,0.00221047725578,0.0201987322893,0.0,0.0733163683818,0.0,0.0,2.64727815063e-05,0.0,1.9531250000000002e-24,1.9531250000000002e-24,1.9531250000000002e-24,1.9531250000000002e-24,5.05841631890499e-18,3.14926431232242e-06,0.015568418144760652,1.0998598084277435e-14,1.818088654525412e-14,0.003527058827264835,7.729043802282477e-22,3.783793459531377e-15,3.106653203873962e-12,1.9531250000000002e-24,0.012560492115611948,1.9531250000000002e-24
2024930_WZY_DM_assembly_Plate2B5,2024930_WZY_DM_assembly_Plate2,,B5,Plate2_B5,Water,cycle 5,0.1775,True,True,explicit_user_selected_validation_only,not_assessable,0.128249046389,8.73631106189e-05,0.0,0.0,0.00867078872893,0.000960994216808,0.0,0.0,0.00157253599114,0.0120342684878,0.0,0.00198751076658,0.0,0.0,0.0,0.0,1.9531250000000002e-24,1.9531250000000002e-24,1.9531250000000002e-24,1.9531250000000002e-24,1.9818826641524024e-17,1.3321940350280408e-07,0.009389750888248605,5.456668839706398e-10,5.740986147966506e-10,4.288531545277735e-17,9.817405769545066e-12,1.0406880476881871e-10,4.0572731161378385e-07,1.9531250000000002e-24,0.025892548919339474,1.9531250000000002e-24
2024930_WZY_DM_assembly_Plate2B6,2024930_WZY_DM_assembly_Plate2,,B6,Plate2_B6,Water,cycle 5,0.1835,True,True,explicit_user_selected_validation_only,not_assessable,0.0341952812583,0.000391362303386,0.0,0.0,0.0374729405492,0.000782724606772,0.0,0.000195681151693,0.00225033324447,0.0215738469741,0.0,0.0,0.0,0.0,0.0,0.0,1.9531250000000002e-24,1.9531250000000002e-24,1.9531250000000002e-24,1.9531250000000002e-24,1.0925088246627915e-20,6.698415554494351e-12,0.01656421940058991,9.591043659595401e-17,2.1822672555631225e-16,1.1825716606286854e-20,1.5642902127495226e-17,1.1713373185310882e-16,5.414154955416654e-15,1.9531250000000002e-24,3.2836657279952043e-08,1.9531250000000002e-24
2024930_WZY_DM_assembly_Plate2B7,2024930_WZY_DM_assembly_Plate2,,B7,Plate2_B7,N_acetylgalactosamine,cycle 5,0.5515,True,True,explicit_user_selected_validation_only,not_assessable,0.00272136082754,0.0,0.0,0.000199732904774,0.000337049276806,0.00166027977093,0.0,0.0,0.0053428552027,0.00161034654474,0.0,0.0,0.0,0.000936247991127,0.470096357998,3.74499196451e-05,1.9531250000000002e-24,1.9531250000000002e-24,1.9531250000000002e-24,1.9531250000000002e-24,6.592494785419849e-23,0.01773666028220219,7.697918668909258e-05,6.396918667474449e-10,2.775955005632066e-09,1.032725590783163e-20,2.0182749841944545e-22,0.05851174907141121,0.25469201959095955,1.9531250000000002e-24,0.11901850636043705,1.9531250000000002e-24
2024930_WZY_DM_assembly_Plate2B8,2024930_WZY_DM_assembly_Plate2,,B8,Plate2_B8,N_acetylgalactosamine,cycle 5,0.4855,True,True,explicit_user_selected_validation_only,not_assessable,0.0218216121941,0.000740911650891,0.000979061824392,0.00209924967752,0.00223155532947,0.000149946405537,0.0,1.76407535926e-05,0.0166264102611,0.0299539996003,0.0,0.0,0.0,0.0,0.343447831695,1.76407535926e-05,1.9531250000000002e-24,1.9531250000000002e-24,1.9531250000000002e-24,1.9531250000000002e-24,8.31278300178279e-22,0.018498166318220214,0.03753592434121728,3.774787527558843e-10,2.8957244479091064e-09,5.0455134884235444e-20,8.03866390266863e-21,0.03700377413799634,0.18226520930985426,1.9531250000000002e-24,0.09483166691862653,1.9531250000000002e-24
2024930_WZY_DM_assembly_Plate2B9,2024930_WZY_DM_assembly_Plate2,,B9,Plate2_B9,N_acetylgalactosamine,cycle 5,0.3785,True,True,explicit_user_selected_validation_only,not_assessable,0.00577880454939,0.0020354493757,0.00119319446161,0.0338305723822,0.0418553900359,0.0113938373099,0.000350939547534,7.01879095067e-05,0.040264464087,0.0377844912845,0.0,0.0,0.0,0.00383693905303,0.0736739090122,0.000491315366547,1.9531250000000002e-24,1.9531250000000002e-24,1.9531250000000002e-24,1.9531250000000002e-24,8.18229847050425e-18,0.016446663971588064,0.06951875459976918,8.357814767933803e-11,3.225478727891959e-10,1.897241040038294e-19,5.088107918461048e-16,3.651260919892219e-09,9.091226225692438e-07,1.9531250000000002e-24,0.04936392723390721,1.9531250000000002e-24
2024930_WZY_DM_assembly_Plate2C10,2024930_WZY_DM_assembly_Plate2,,C10,Plate2_C10,Urea,cycle 5,0.1715,True,True,explicit_user_selected_validation_only,not_assessable,0.130139464068,0.000487413723102,0.0,0.0,0.00859550232327,0.000990300897731,0.0,0.0,0.00101351107502,0.00660716380205,0.0,0.0,0.0,6.18938061082e-05,0.0,2.32101772906e-05,1.9531250000000002e-24,1.9531250000000002e-24,1.9531250000000002e-24,1.9531250000000002e-24,1.8231493416609137e-17,7.153456808811348e-09,1.3020801416715663e-05,4.972384828945478e-10,4.069960317848921e-10,1.0793025961308524e-17,1.2769162737562378e-11,7.239351817491159e-11,3.5954101686906706e-07,1.9531250000000002e-24,0.025286204671451824,1.9531250000000002e-24
2024930_WZY_DM_assembly_Plate2C11,2024930_WZY_DM_assembly_Plate2,,C11,Plate2_C11,Urea,cycle 5,0.1625,True,True,explicit_user_selected_validation_only,not_assessable,0.00736817808781,0.00260053344276,0.0,0.0,0.0526441321297,0.00463428395568,0.0,0.0,0.00640131308986,0.0229046983997,0.0,0.00106688551498,0.0,0.0,0.0,0.000300061551087,1.9531250000000002e-24,1.9531250000000002e-24,1.9531250000000002e-24,1.9531250000000002e-24,1.3939975245821515e-20,4.3141485557926613e-10,0.02224907138187656,2.7116258431523925e-17,7.489370635662189e-17,1.1435808629505273e-20,1.583240213461922e-17,7.220741906553323e-17,1.2309748353533693e-15,1.9531250000000002e-24,1.1403844485703551e-07,1.9531250000000002e-24
2024930_WZY_DM_assembly_Plate2C12,2024930_WZY_DM_assembly_Plate2,,C12,Plate2_C12,Urea,cycle 5,0.1295,True,True,explicit_user_selected_validation_only,not_assessable,0.0269253253796,0.000112364425163,0.0,0.0,0.0172338937093,0.00248606290672,0.0,5.61822125813e-05,0.00237369848156,0.0184277657267,0.0,0.0455637744035,0.0,0.0,0.0,0.0,1.9531250000000002e-24,1.9531250000000002e-24,1.9531250000000002e-24,1.9531250000000002e-24,1.1843998019475338e-18,7.231148861283942e-08,0.014802789863431313,1.0901822120315792e-14,1.7461596221708586e-14,3.481797531117008e-08,2.081663288084776e-19,4.706528589393875e-15,2.5135856301498778e-12,1.9531250000000002e-24,0.0060677038782199376,1.9531250000000002e-24
2024930_WZY_DM_assembly_Plate2C1,2024930_WZY_DM_assembly_Plate2,,C1,Plate2_C1,Butyrate,cycle 5,0.2865,True,True,explicit_user_selected_validation_only,not_assessable,0.211809028062,0.00185859148469,0.0,0.000136108972364,0.00102316399915,0.0030413315204,0.0,0.0,0.00171778909949,0.0247436724932,0.0,0.000530355650935,0.0,0.0,4.6934128401e-06,0.000183043100765,1.9531250000000002e-24,1.9531250000000002e-24,1.9531250000000002e-24,1.9531250000000002e-24,1.936741370587345e-13,0.011175185523521798,0.021278505060597593,3.4121646603826886e-05,0.00013368552453532566,8.615848087539866e-14,9.176024952152814e-05,0.0013288131567109533,0.10501869460096237,1.9531250000000002e-24,0.04670639680313224,1.9531250000000002e-24
2024930_WZY_DM_assembly_Plate2C2,2024930_WZY_DM_assembly_Plate2,,C2,Plate2_C2,Butyrate,cycle 5,0.2135,True,True,explicit_user_selected_validation_only,not_assessable,0.0643938926174,0.000315234899329,0.0,0.0,0.023957852349,0.00762295302013,0.0,5.73154362416e-05,0.00071644295302,0.0225536241611,0.0,0.0,0.0,0.0,0.0,0.000114630872483,1.9531250000000002e-24,1.9531250000000002e-24,1.9531250000000002e-24,1.9531250000000002e-24,2.5302090407553556e-19,5.6498468894314185e-08,0.01635485933030758,3.6436959235407535e-14,8.079195441609692e-14,9.264823741455748e-20,2.7949487829436866e-14,4.4223656209965167e-14,6.841974263348728e-12,1.9531250000000002e-24,0.001759590380348649,1.9531250000000002e-24
2024930_WZY_DM_assembly_Plate2C3,2024930_WZY_DM_assembly_Plate2,,C3,Plate2_C3,Butyrate,cycle 5,0.2735,True,True,explicit_user_selected_validation_only,not_assessable,0.123678870878,0.00749105645612,0.0,0.0,0.00422964412148,0.00937656046208,0.0,0.000458636109558,0.00596226942426,0.0141667598286,0.0,0.0,0.0,0.0,0.0,0.000203838270915,1.9531250000000002e-24,1.9531250000000002e-24,1.9531250000000002e-24,1.9531250000000002e-24,1.7094643440885416e-16,0.00038248729576981336,0.01850847552091725,5.887239730557173e-10,1.0406455969551634e-09,8.949692963717472e-18,2.4249282259681903e-10,6.894954760092557e-10,3.6800754077554204e-07,1.9531250000000002e-24,0.03159869340513827,1.9531250000000002e-24
2024930_WZY_DM_assembly_Plate2C4,2024930_WZY_DM_assembly_Plate2,,C4,Plate2_C4,Butyrate,cycle 5,0.2265,True,True,explicit_user_selected_validation_only,not_assessable,0.0425117781155,0.000240957446809,0.0,0.0,0.0028226443769,0.00829582066869,0.0,0.000550759878419,0.00492241641337,0.0056108662614,0.0,0.000206534954407,0.0,0.0,0.0,0.0,1.9531250000000002e-24,1.9531250000000002e-24,1.9531250000000002e-24,1.9531250000000002e-24,2.1505569878727864e-21,2.1613933291346862e-14,0.005373155796316605,1.4256585649922286e-18,1.6470144148207439e-18,7.831456006436663e-22,4.592018890367306e-18,1.3915802498192432e-18,3.0448533056241016e-17,1.9531250000000002e-24,1.3353426536210436e-10,1.9531250000000002e-24
2024930_WZY_DM_assembly_Plate2C5,2024930_WZY_DM_assembly_Plate2,,C5,Plate2_C5,Butyrate,cycle 5,0.3495,True,True,explicit_user_selected_validation_only,not_assessable,0.180270371025,1.23498233216e-05,0.0,1.23498233216e-05,0.0120534275618,0.00313685512367,0.0,0.000111148409894,0.00175367491166,0.0888446289753,0.0,0.00186482332155,0.0,0.0,0.0,0.000358144876325,1.9531250000000002e-24,1.9531250000000002e-24,1.9531250000000002e-24,1.9531250000000002e-24,3.196278219820231e-14,0.02045938828126862,0.0585288895862318,1.9270889149813893e-05,0.001164046753613967,1.463511977740134e-13,6.6408050503305854e-06,0.002057025661385209,0.06164887486194127,1.9531250000000002e-24,0.0444994601892203,1.9531250000000002e-24
2024930_WZY_DM_assembly_Plate2C6,2024930_WZY_DM_assembly_Plate2,,C6,Plate2_C6,Butyrate,cycle 5,0.2605,True,True,explicit_user_selected_validation_only,not_assessable,0.138679970264,0.000835129861079,0.0,0.0,0.00014523997584,0.00531336244947,0.0,7.26199879199e-05,0.00147660642104,0.0319285880221,0.0,0.0,0.0,0.0,0.0,0.00010892998188,1.9531250000000002e-24,1.9531250000000002e-24,1.9531250000000002e-24,1.9531250000000002e-24,5.948141015559301e-17,0.0027248102003847173,0.023814609912374947,2.4184432063588574e-09,7.3590260678973065e-09,2.7844671320885627e-17,2.498161773444195e-10,2.2720479800239063e-09,2.0594955576845833e-06,1.9531250000000002e-24,0.02984685362383298,1.9531250000000002e-24
2024930_WZY_DM_assembly_Plate2C7,2024930_WZY_DM_assembly_Plate2,,C7,Plate2_C7,Urea,cycle 5,0.2715,True,True,explicit_user_selected_validation_only,not_assessable,0.0561526958719,0.00221103622578,0.0,0.0,0.0374732518955,0.00278285593934,0.0,0.00015248525695,0.0062900168492,0.0056800758214,0.0,0.0,0.0,0.0,0.0,0.0,1.9531250000000002e-24,1.9531250000000002e-24,1.9531250000000002e-24,1.9531250000000002e-24,2.6674045274688613e-19,2.081007388840053e-11,0.010840596169945566,2.5731873526663364e-14,2.5698279479807434e-14,1.164238502047885e-19,3.984319949290508e-15,1.104620349813183e-14,4.474687407652805e-12,1.9531250000000002e-24,0.002550476169189074,1.9531250000000002e-24
2024930_WZY_DM_assembly_Plate2C8,2024930_WZY_DM_assembly_Plate2,,C8,Plate2_C8,Urea,cycle 5,0.1725,True,True,explicit_user_selected_validation_only,not_assessable,0.13290438676,0.000479058036726,0.0,0.0,0.011272528905,0.000127097030152,0.0,0.0,0.00159360122421,0.0071858705509,0.0,0.0,0.0,0.0,0.0,7.82135570165e-05,1.9531250000000002e-24,1.9531250000000002e-24,1.9531250000000002e-24,1.9531250000000002e-24,2.9176957010480925e-17,1.8749167090345237e-08,0.0007578359360469097,1.3397269224683858e-09,1.106317484365312e-09,1.956832506632726e-17,2.3780647346865323e-11,1.80526712679773e-10,1.1234561778975037e-06,1.9531250000000002e-24,0.02708911518876224,1.9531250000000002e-24
2024930_WZY_DM_assembly_Plate2C9,2024930_WZY_DM_assembly_Plate2,,C9,Plate2_C9,Urea,cycle 5,0.2215,True,True,explicit_user_selected_validation_only,not_assessable,0.1430846661,0.000602977456402,0.0,6.59506592939e-05,0.0114659931944,0.00125306252658,0.0,0.0,0.00130017014037,0.00539853253934,0.0,0.0265310080817,0.0,0.0,0.0,0.000103636750319,1.9531250000000002e-24,1.9531250000000002e-24,1.9531250000000002e-24,1.9531250000000002e-24,9.185296931319514e-15,0.00039946218117191705,6.226843004354207e-05,3.112959435920963e-06,2.246497099422239e-06,5.317562153166542e-09,4.5554943609462486e-10,3.717207070891124e-07,0.007980077406410007,1.9531250000000002e-24,0.040458684060063164,1.9531250000000002e-24
2024930_WZY_DM_assembly_Plate2D10,2024930_WZY_DM_assembly_Plate2,,D10,Plate2_D10,Glutamate,cycle 5,0.4235,True,True,explicit_user_selected_validation_only,not_assessable,0.245234600705,0.00110662066941,0.0,4.97357604228e-05,0.0192353053435,0.00650295067528,0.0,6.21697005285e-05,0.00281007046389,0.021286905461,0.0,0.0,0.0,9.94715208456e-05,0.0,0.000136773341163,1.9531250000000002e-24,1.9531250000000002e-24,1.9531250000000002e-24,1.9531250000000002e-24,7.87816347488014e-11,0.016501585444757955,0.021832440849401984,6.192998557366583e-05,0.0007053363780684406,1.5503730518178085e-11,0.024888971712298858,0.03235419394686879,0.2025119437874785,1.9531250000000002e-24,0.05828706271588668,1.9531250000000002e-24
2024930_WZY_DM_assembly_Plate2D11,2024930_WZY_DM_assembly_Plate2,,D11,Plate2_D11,Glutamate,cycle 5,0.2505,True,True,explicit_user_selected_validation_only,not_assessable,0.0495138162808,0.00140309932786,0.0,0.000218259895444,0.0294962658701,0.000124719940254,0.0,0.0,0.00505115758028,0.00177725914862,0.0,6.2359970127e-05,0.0,0.0,0.0,0.0,1.9531250000000002e-24,1.9531250000000002e-24,1.9531250000000002e-24,1.9531250000000002e-24,2.4861649848105657e-20,5.981921964907293e-15,4.7406916531947145e-05,3.6857457248849013e-16,3.0346887198811667e-16,1.799077505981761e-20,3.624151526857528e-17,1.213632246136142e-16,2.6797311020656214e-14,1.9531250000000002e-24,8.254467640329753e-07,1.9531250000000002e-24
2024930_WZY_DM_assembly_Plate2D12,2024930_WZY_DM_assembly_Plate2,,D12,Plate2_D12,Glutamate,cycle 5,0.1905,True,True,explicit_user_selected_validation_only,not_assessable,0.0346562829483,0.000967746573373,0.0,0.00051126234065,0.0178394038148,0.00578822007093,0.0,0.0,0.000328668647561,0.0136580082431,0.0,0.00299453656666,0.0,0.0,0.0,0.0,1.9531250000000002e-24,1.9531250000000002e-24,1.9531250000000002e-24,1.9531250000000002e-24,5.7404155807975694e-21,1.9303699534024898e-13,0.004135901081116488,8.793369286581082e-18,1.42994174422654e-17,1.106699603984339e-20,4.952653458202929e-18,1.0321732256661707e-17,2.828463376315171e-16,1.9531250000000002e-24,7.486539583905568e-10,1.9531250000000002e-24
2024930_WZY_DM_assembly_Plate2D1,2024930_WZY_DM_assembly_Plate2,,D1,Plate2_D1,Succinate,cycle 5,0.2235,True,True,explicit_user_selected_validation_only,not_assessable,0.0625663664614,0.000205789261668,0.0,0.0,0.00357558842148,0.00080386430339,0.0,0.0,0.000546627726305,0.00568492835357,0.0,0.0,0.0,3.21545721356e-05,0.0,4.50164009898e-05,1.9531250000000002e-24,1.9531250000000002e-24,1.9531250000000002e-24,1.9531250000000002e-24,4.6029505128661085e-21,3.487370444890103e-16,1.836868677611891e-11,2.0234552989150163e-17,2.0497989720962973e-17,3.676854532692643e-21,3.6329492594722246e-18,9.110176831440858e-18,7.653421420827841e-16,1.9531250000000002e-24,4.380946462570003e-10,1.9531250000000002e-24
2024930_WZY_DM_assembly_Plate2D2,2024930_WZY_DM_assembly_Plate2,,D2,Plate2_D2,Succinate,cycle 5,0.2285,True,True,explicit_user_selected_validation_only,not_assessable,0.0393084501879,0.00110993492805,0.0,0.0,0.0137171203373,0.00446068188067,0.0,0.000125653010723,0.00316226743653,0.0132145082944,0.0,4.18843369077e-05,0.0,0.0,0.0,0.000104710842269,1.9531250000000002e-24,1.9531250000000002e-24,1.9531250000000002e-24,1.9531250000000002e-24,3.0217092918143293e-21,8.110302707649438e-14,0.01124738211983918,3.094479556430871e-18,5.115636638879493e-18,1.5466128886559931e-21,2.5619437683773033e-18,4.009563630624059e-18,8.031293099238974e-17,1.9531250000000002e-24,1.6744355591486148e-10,1.9531250000000002e-24
2024930_WZY_DM_assembly_Plate2D3,2024930_WZY_DM_assembly_Plate2,,D3,Plate2_D3,Succinate,cycle 5,0.2515,True,True,explicit_user_selected_validation_only,not_assessable,0.0648084463542,0.0018236873909,0.0,0.0,0.0264772391567,0.00124956358265,0.0,0.0,0.0044916744998,0.0,0.0,0.0,0.0,0.0,0.0,0.000168859943601,1.9531250000000002e-24,1.9531250000000002e-24,1.9531250000000002e-24,1.9531250000000002e-24,1.302253099710897e-19,8.25130796151133e-14,8.991183622173638e-08,8.647196679125505e-15,6.3356366939061934e-15,6.418192809085659e-20,8.62793278780054e-16,2.270394299900585e-15,1.2574126806913547e-12,1.9531250000000002e-24,0.0002288792664145445,1.9531250000000002e-24
2024930_WZY_DM_assembly_Plate2D4,2024930_WZY_DM_assembly_Plate2,,D4,Plate2_D4,Succinate,cycle 5,0.2165,True,True,explicit_user_selected_validation_only,not_assessable,0.0886063229814,0.000118335403727,0.0,0.0,0.000607813664596,0.000188260869565,0.0,8.06832298137e-05,0.000683118012422,0.00752505590062,0.0,0.0195576149068,0.0,0.0,0.0,0.0,1.9531250000000002e-24,1.9531250000000002e-24,1.9531250000000002e-24,1.9531250000000002e-24,1.4194670550165073e-18,7.341818403703383e-11,4.6175610400750855e-07,4.010397510562114e-13,3.612168486043919e-13,4.698139761482948e-14,3.7867464419127454e-16,7.296655483429935e-14,1.3591532706100501e-10,1.9531250000000002e-24,0.00957268583080811,1.9531250000000002e-24
2024930_WZY_DM_assembly_Plate2D5,2024930_WZY_DM_assembly_Plate2,,D5,Plate2_D5,Succinate,cycle 5,0.3325,True,True,explicit_user_selected_validation_only,not_assessable,0.0464049646068,0.00015903003635,0.0,0.0,0.0196561124928,0.00690190357758,0.0,0.0,0.00273531662522,0.0,0.0,0.00839678591927,0.0,6.36120145399e-05,0.0,0.0,1.9531250000000002e-24,1.9531250000000002e-24,1.9531250000000002e-24,1.9531250000000002e-24,5.657050028123911e-20,2.2482331184432311e-13,3.706127989319682e-12,8.175810136239692e-16,5.906215998782145e-16,1.837281553921362e-18,1.3815720550459586e-16,2.610364578750359e-16,7.279856811717959e-14,1.9531250000000002e-24,1.2182174572699686e-05,1.9531250000000002e-24
2024930_WZY_DM_assembly_Plate2D6,2024930_WZY_DM_assembly_Plate2,,D6,Plate2_D6,Succinate,cycle 5,0.2535,True,True,explicit_user_selected_validation_only,not_assessable,0.0204828094993,0.000403719143754,0.0,0.0,0.00742130778959,0.00032060049651,0.0,4.74963698534e-05,0.000154363202024,0.00645950630006,0.0,3.562227739e-05,0.0,0.0,0.0,5.93704623167e-05,1.9531250000000002e-24,1.9531250000000002e-24,1.9531250000000002e-24,1.9531250000000002e-24,5.900279889166016e-23,5.042982295041715e-20,2.1100337517719458e-13,1.951404249137945e-21,2.4506124271066954e-21,5.491378425121222e-23,9.345905344968861e-22,1.8996003446454523e-21,9.517779944389251e-21,1.9531250000000002e-24,4.106115756787528e-18,1.9531250000000002e-24
2024930_WZY_DM_assembly_Plate2D7,2024930_WZY_DM_assembly_Plate2,,D7,Plate2_D7,Glutamate,cycle 5,0.2965,True,True,explicit_user_selected_validation_only,not_assessable,0.201623468343,0.000450884632256,0.0,0.0,0.014948559731,0.000225442316128,0.0,0.0,0.000216771457815,0.00606092996052,0.0,0.0,0.0,0.0,0.0,0.000112721158064,1.9531250000000002e-24,1.9531250000000002e-24,1.9531250000000002e-24,1.9531250000000002e-24,9.034380680535161e-14,0.0023013176990202143,8.030934368309128e-05,3.224427218838589e-05,4.525372599725818e-05,4.176281967413796e-14,3.0919204038296465e-05,0.00030875872639046336,0.10105528566615296,1.9531250000000002e-24,0.045027498240189937,1.9531250000000002e-24
2024930_WZY_DM_assembly_Plate2D8,2024930_WZY_DM_assembly_Plate2,,D8,Plate2_D8,Glutamate,cycle 5,0.3835,True,True,explicit_user_selected_validation_only,not_assessable,0.0217814876426,0.000121514575412,0.0,0.0,0.0236497742395,0.00478463640684,0.0,3.0378643853e-05,0.000349354404309,0.0240598859316,0.0,4.55679657795e-05,0.0,0.0,4.55679657795e-05,0.000182271863118,1.9531250000000002e-24,1.9531250000000002e-24,1.9531250000000002e-24,1.9531250000000002e-24,1.146521439297667e-21,8.326221059763778e-13,0.015582100963920036,6.380074383744814e-19,1.8040277643844246e-18,7.822470601303658e-22,7.303197443222458e-19,1.636234598987832e-18,1.1780212360665434e-17,1.9531250000000002e-24,2.2912527203444025e-12,1.9531250000000002e-24
2024930_WZY_DM_assembly_Plate2D9,2024930_WZY_DM_assembly_Plate2,,D9,Plate2_D9,Glutamate,cycle 5,0.5655,True,True,explicit_user_selected_validation_only,not_assessable,0.390755266357,0.000659467037193,0.0,0.0,0.0110565962832,0.000392873979604,0.0,4.20936406719e-05,0.00133296528794,0.00263786814877,0.0,0.0,0.0,0.0,0.0,0.0,1.9531250000000002e-24,1.9531250000000002e-24,1.9531250000000002e-24,1.9531250000000002e-24,3.205800590185228e-05,0.02074412310409352,0.00902239670038889,0.00010072008385449674,0.0058101524593925594,7.0991585482269105e-06,0.06426115456549324,0.0698611553002756,0.32514340759257127,1.9531250000000002e-24,0.0836849122886564,1.9531250000000002e-24
2024930_WZY_DM_assembly_Plate2E10,2024930_WZY_DM_assembly_Plate2,,E10,Plate2_E10,Acid_mix,cycle 5,0.3025,True,True,explicit_user_selected_validation_only,not_assessable,0.0648553207298,0.000158163405707,0.0,0.000541085335315,0.00462003632461,0.00193125842758,0.0,2.49731693222e-05,0.000457841437574,0.0485478411624,0.0,0.153818074245,0.0,4.16219488704e-05,0.0,0.000133190236385,1.9531250000000002e-24,1.9531250000000002e-24,1.9531250000000002e-24,1.9531250000000002e-24,1.1583567632811529e-09,0.02145695063847664,0.032858412046876354,2.20157590853896e-05,0.0002592001334629614,0.021317331009797054,1.3937629564195177e-16,0.0037560816088901467,0.1372443907959677,1.9531250000000002e-24,0.0584793157377594,1.9531250000000002e-24
2024930_WZY_DM_assembly_Plate2E11,2024930_WZY_DM_assembly_Plate2,,E11,Plate2_E11,Acid_mix,cycle 5,0.1445,True,True,explicit_user_selected_validation_only,not_assessable,0.0181356275304,0.00121085585161,0.0,0.00131969682704,0.00949637510592,2.72102438565e-05,0.0,5.4420487713e-05,0.00131969682704,0.0025033424348,0.0,0.0153873929009,0.0,0.000258497316637,0.0,0.0,1.9531250000000002e-24,1.9531250000000002e-24,1.9531250000000002e-24,1.9531250000000002e-24,1.0184256366668395e-21,3.1785231031480103e-18,2.66941841862382e-15,8.880282406067445e-20,8.487171190646977e-20,3.193620807805433e-18,8.364560787051224e-22,4.229798704137517e-20,1.1511800971832183e-18,1.9531250000000002e-24,1.4467275157294162e-13,1.9531250000000002e-24
2024930_WZY_DM_assembly_Plate2E12,2024930_WZY_DM_assembly_Plate2,,E12,Plate2_E12,Acid_mix,cycle 5,0.1185,True,True,explicit_user_selected_validation_only,not_assessable,0.00115752800208,0.000216071893722,0.0,0.00197551445689,0.0111740036468,0.00563330294347,0.0,7.71685334723e-05,0.00143533472258,0.0367476556395,0.0,0.0,0.0,7.71685334723e-05,0.0,0.000401276374056,1.9531250000000002e-24,1.9531250000000002e-24,1.9531250000000002e-24,1.9531250000000002e-24,5.300717295568488e-23,1.2513066266259694e-12,0.023941512212139072,5.764541023076594e-22,3.546392301652342e-21,3.3117757648350374e-23,1.5835132517520968e-21,5.5450269023647364e-21,2.243803222080896e-21,1.9531250000000002e-24,5.6410727561496906e-18,1.9531250000000002e-24
2024930_WZY_DM_assembly_Plate2E1,2024930_WZY_DM_assembly_Plate2,,E1,Plate2_E1,Pyruvate,cycle 5,0.1505,True,True,explicit_user_selected_validation_only,not_assessable,7.04060628743e-05,0.000746304266467,0.0,0.0,0.0177141654192,0.0121802488772,0.00249237462575,0.0,0.00256278068862,0.059816991018,0.0,0.0,5.63248502994e-05,0.00107017215569,0.000506923652695,0.0,1.9531250000000002e-24,1.9531250000000002e-24,1.9531250000000002e-24,1.9531250000000002e-24,4.201285289829318e-22,9.22873922357888e-05,0.03940370545849822,3.2116538982137723e-20,6.76320699377762e-19,2.176364247593339e-22,6.458151725228515e-19,1.9682032163295916e-18,2.744377839809114e-19,1.9531250000000002e-24,8.64880675881843e-13,1.9531250000000002e-24
2024930_WZY_DM_assembly_Plate2E2,2024930_WZY_DM_assembly_Plate2,low growth,E2,Plate2_E2,Pyruvate,cycle 5,-0.0185,False,False,explicit_user_selected_validation_only,not_assessable,0.0,0.0,0.0,0.0,0.0,0.0,0.0,0.0,0.0,0.0,0.0,0.0,0.0,0.0,0.0,0.0,1.9531250000000002e-24,1.9531250000000002e-24,1.9531250000000002e-24,1.9531250000000002e-24,1.9531250000000002e-24,1.9531250000000002e-24,1.9531250000000002e-24,1.9531250000000002e-24,1.9531250000000002e-24,1.9531250000000002e-24,1.9531250000000002e-24,1.9531250000000002e-24,1.9531250000000002e-24,1.9531250000000002e-24,1.9531250000000002e-24,1.9531250000000002e-24
2024930_WZY_DM_assembly_Plate2E3,2024930_WZY_DM_assembly_Plate2,low growth,E3,Plate2_E3,Pyruvate,cycle 5,-0.0085,False,False,explicit_user_selected_validation_only,not_assessable,0.0,0.0,0.0,0.0,0.0,0.0,0.0,0.0,0.0,0.0,0.0,0.0,0.0,0.0,0.0,0.0,1.9531250000000002e-24,1.9531250000000002e-24,1.9531250000000002e-24,1.9531250000000002e-24,1.9531250000000002e-24,1.9531250000000002e-24,1.9531250000000002e-24,1.9531250000000002e-24,1.9531250000000002e-24,1.9531250000000002e-24,1.9531250000000002e-24,1.9531250000000002e-24,1.9531250000000002e-24,1.9531250000000002e-24,1.9531250000000002e-24,1.9531250000000002e-24
2024930_WZY_DM_assembly_Plate2E4,2024930_WZY_DM_assembly_Plate2,,E4,Plate2_E4,Pyruvate,cycle 5,0.0595,True,True,explicit_user_selected_validation_only,not_assessable,3.23516085184e-05,4.85274127775e-05,0.0,0.0,0.00748400543725,0.000210285455369,0.000102446760308,2.69596737653e-05,0.000242637063888,0.00102985953783,0.0,1.07838695061e-05,0.0,0.000183325781604,0.0,0.0,1.9531250000000002e-24,1.9531250000000002e-24,1.9531250000000002e-24,1.9531250000000002e-24,4.989933160315224e-24,2.8789694202830596e-23,7.406723659854602e-22,1.3713138275034283e-23,1.4142069591278154e-23,4.9292511875183204e-24,1.1272138237697121e-23,1.301139123950445e-23,2.0765681868764377e-23,1.9531250000000002e-24,1.3889784421335533e-22,1.9531250000000002e-24
2024930_WZY_DM_assembly_Plate2E5,2024930_WZY_DM_assembly_Plate2,,E5,Plate2_E5,Pyruvate,cycle 5,0.2005,True,True,explicit_user_selected_validation_only,not_assessable,4.87537993921e-05,0.000536291793313,0.0,0.0,0.00844659574468,0.000938510638298,0.00240112462006,3.65653495441e-05,0.000597234042553,2.4376899696e-05,0.0,0.0,0.0,0.000158449848024,0.0,0.0,1.9531250000000002e-24,1.9531250000000002e-24,1.9531250000000002e-24,1.9531250000000002e-24,8.047282334653248e-24,6.638870613118969e-23,4.1973706666243676e-22,3.717138759143285e-23,3.6694176237050767e-23,6.508141971691831e-24,3.2840704143374307e-23,2.8928709771054215e-23,7.110010861906353e-23,1.9531250000000002e-24,1.9492020407783075e-21,1.9531250000000002e-24
2024930_WZY_DM_assembly_Plate2E6,2024930_WZY_DM_assembly_Plate2,,E6,Plate2_E6,Pyruvate,cycle 5,0.1365,True,True,explicit_user_selected_validation_only,not_assessable,5.99560761347e-05,0.0,0.0,0.0,0.00935314787701,0.00286789897511,0.0059656295754,9.9926793557e-06,0.00018986090776,0.0,0.0,0.0,0.0,0.000139897510981,0.0,0.0,1.9531250000000002e-24,1.9531250000000002e-24,1.9531250000000002e-24,1.9531250000000002e-24,1.3486536980688748e-23,4.479289314117417e-22,8.530637600686717e-23,1.9155877418540464e-22,1.8086198444703197e-22,9.519769841739123e-24,2.4571015162706813e-22,1.0330819509631039e-22,5.231857132863404e-22,1.9531250000000002e-24,6.606465529938063e-20,1.9531250000000002e-24
2024930_WZY_DM_assembly_Plate2E7,2024930_WZY_DM_assembly_Plate2,,E7,Plate2_E7,Acid_mix,cycle 5,0.3265,True,True,explicit_user_selected_validation_only,not_assessable,0.0270624441466,0.000583556747096,0.0,0.0,0.0134947497766,0.00474139857015,0.0,0.0,0.0010941689008,0.00547084450402,0.0,0.119483243968,0.0,0.00131300268097,0.0,0.0,1.9531250000000002e-24,1.9531250000000002e-24,1.9531250000000002e-24,1.9531250000000002e-24,2.33708474506631e-13,0.00810168412935917,5.64393963797383e-07,1.8061727613406324e-07,1.1280374960250635e-07,0.015948520126275754,6.226642291608296e-19,7.610302982438286e-09,0.0004273514152935415,1.9531250000000002e-24,0.04390090336809437,1.9531250000000002e-24
2024930_WZY_DM_assembly_Plate2E8,2024930_WZY_DM_assembly_Plate2,,E8,Plate2_E8,Acid_mix,cycle 5,0.2605,True,True,explicit_user_selected_validation_only,not_assessable,0.0584646061617,0.000248213434969,0.0,0.0,0.0136413966968,0.00814967444815,0.0,0.000144791170399,0.00122038272193,0.0506458829601,0.0,0.0512147054153,0.0,0.000806693663649,0.0,0.000113764491027,1.9531250000000002e-24,1.9531250000000002e-24,1.9531250000000002e-24,1.9531250000000002e-24,2.980967136772022e-16,0.012777179491893966,0.034067371767677455,2.488282677804833e-10,1.887936860799858e-09,5.085011867859536e-05,3.771575110533891e-15,6.00527339840893e-10,1.844332547149829e-07,1.9531250000000002e-24,0.03234106409123555,1.9531250000000002e-24
2024930_WZY_DM_assembly_Plate2E9,2024930_WZY_DM_assembly_Plate2,,E9,Plate2_E9,Acid_mix,cycle 5,0.1185,True,True,explicit_user_selected_validation_only,not_assessable,0.0457368421053,0.000730440967283,0.0,0.000430772878141,0.000655523944998,0.00250972024656,0.0,0.000149834044571,0.000486960644855,0.0070609293504,0.0,0.0,0.0,0.000430772878141,0.0,0.0,1.9531250000000002e-24,1.9531250000000002e-24,1.9531250000000002e-24,1.9531250000000002e-24,8.56251655496911e-22,5.0425104389838283e-17,2.4595117422575535e-10,3.704839407545808e-19,4.587232423796586e-19,5.0247988230600495e-22,1.7091859943245969e-19,3.037531247379678e-19,5.382541598675504e-18,1.9531250000000002e-24,4.171313075512975e-13,1.9531250000000002e-24
2024930_WZY_DM_assembly_Plate2F10,2024930_WZY_DM_assembly_Plate2,,F10,Plate2_F10,Host_sugar_mix,cycle 5,0.9255,True,True,explicit_user_selected_validation_only,not_assessable,0.00174919000231,5.94962585821e-05,0.0196932615907,0.000821048368433,0.168195923012,0.0338533711332,0.00113042891306,0.0558193898017,0.00279632415336,0.0257856784695,0.000190388027463,0.0,0.00931711409396,0.370316612667,0.000773451361568,0.0102214572244,1.9531250000000002e-24,1.9531250000000002e-24,1.9531250000000002e-24,1.9531250000000002e-24,0.030057169307287645,0.06289557691051513,0.03628278339434425,0.1985988001314418,0.379053210578902,0.010997803662529742,0.05318240613488522,0.12443765322127771,0.11914954853337067,1.9531250000000002e-24,0.1892489048645901,1.9531250000000002e-24
2024930_WZY_DM_assembly_Plate2F11,2024930_WZY_DM_assembly_Plate2,,F11,Plate2_F11,Host_sugar_mix,cycle 5,0.8325,True,True,explicit_user_selected_validation_only,not_assessable,0.0512640234928,0.00075133292605,0.00290130099136,0.000127148649024,0.00683135014301,0.0161016425537,0.000219620393769,0.134974070423,0.00644990419594,0.00428837716253,0.0,0.0,0.00950147177251,0.271473924634,0.00153734275638,0.00486632556719,1.9531250000000002e-24,1.9531250000000002e-24,1.9531250000000002e-24,1.9531250000000002e-24,1.0788954733188741e-05,0.04304171315211092,0.021912316273342988,0.09028751566479172,0.2783899227047668,0.00011545856883947095,1.4718139913463865e-09,0.07999486683809186,4.824531608621572e-05,1.9531250000000002e-24,0.13809263083513545,1.9531250000000002e-24
2024930_WZY_DM_assembly_Plate2F12,2024930_WZY_DM_assembly_Plate2,,F12,Plate2_F12,Host_sugar_mix,cycle 5,0.9485,True,True,explicit_user_selected_validation_only,not_assessable,0.00162010287903,0.000599344417677,0.0040736690889,0.0,0.0179709677738,0.00248166047944,0.000121741834841,0.158414221397,0.0113594496663,0.0322896805023,0.0,2.80942695786e-05,0.000243483669681,0.274696403183,0.0,0.000833463330832,1.9531250000000002e-24,1.9531250000000002e-24,1.9531250000000002e-24,1.9531250000000002e-24,1.1010773444077488e-09,0.04257688565642882,0.04142143615183969,0.02980527319873481,0.2517381252782056,8.27550457619599e-06,5.186507030604696e-18,0.06966726041112947,2.6211530565886796e-09,1.9531250000000002e-24,0.12919115863014122,1.9531250000000002e-24
2024930_WZY_DM_assembly_Plate2F1,2024930_WZY_DM_assembly_Plate2,,F1,Plate2_F1,Lactate,cycle 5,0.1955,True,True,explicit_user_selected_validation_only,not_assessable,0.0333290112681,0.001824377083,0.0,9.30804634185e-05,0.00423826376766,0.00520009522298,0.0,0.0,9.92858276464e-05,0.0154947944771,0.0,0.034470798286,0.0,0.00023580384066,0.0,0.00011790192033,1.9531250000000002e-24,1.9531250000000002e-24,1.9531250000000002e-24,1.9531250000000002e-24,2.1627232761592415e-19,5.767333017745746e-10,0.0072026904183922595,3.8401395817154494e-16,6.318820342105431e-16,9.480143511351464e-12,2.203079501551043e-19,2.9976408298141565e-16,4.131605519497665e-14,1.9531250000000002e-24,5.9894946404366984e-05,1.9531250000000002e-24
2024930_WZY_DM_assembly_Plate2F2,2024930_WZY_DM_assembly_Plate2,,F2,Plate2_F2,Lactate,cycle 5,0.1855,True,True,explicit_user_selected_validation_only,not_assessable,0.0185004112688,0.0178900884228,0.0,0.00427225992186,0.0455071972034,0.0439050997327,0.0,0.0,0.000572177668106,0.000724758379601,0.0,0.0,0.0,0.00865895537734,0.0,0.00030516142299,1.9531250000000002e-24,1.9531250000000002e-24,1.9531250000000002e-24,1.9531250000000002e-24,2.1768890941606038e-15,0.009781268554836532,1.9454852251131548e-08,5.386069283978668e-11,1.3072806844490513e-10,6.865231774163457e-20,2.330404939754049e-07,1.44606453910511e-09,3.3986862839480424e-09,1.9531250000000002e-24,0.03680908148650949,1.9531250000000002e-24
2024930_WZY_DM_assembly_Plate2F3,2024930_WZY_DM_assembly_Plate2,,F3,Plate2_F3,Lactate,cycle 5,0.2805,True,True,explicit_user_selected_validation_only,not_assessable,0.111187658956,0.00465405110815,0.0,0.000305740583747,0.0079832263534,0.000747365871382,0.0,0.0,6.79423519438e-05,0.0745667312583,0.0,0.0,0.0,0.00659040813855,0.0,0.000305740583747,1.9531250000000002e-24,1.9531250000000002e-24,1.9531250000000002e-24,1.9531250000000002e-24,1.5293126753871063e-17,0.013304512975310477,0.04675962044214533,5.557615949523469e-11,2.4053038080892733e-09,2.040293662664396e-17,8.138273029130987e-13,2.085843399827449e-09,1.1007552033130042e-08,1.9531250000000002e-24,0.026440992259240802,1.9531250000000002e-24
2024930_WZY_DM_assembly_Plate2F4,2024930_WZY_DM_assembly_Plate2,,F4,Plate2_F4,Lactate,cycle 5,0.1965,True,True,explicit_user_selected_validation_only,not_assessable,0.00916132956979,0.000669408214911,0.0,0.00219948413471,0.00367218220751,0.00292627019661,0.000114755693985,0.000172133540977,0.000133881642982,0.00485799104536,0.0,0.0,0.0,0.00545089546428,0.0,0.0,1.9531250000000002e-24,1.9531250000000002e-24,1.9531250000000002e-24,1.9531250000000002e-24,3.3886848371335416e-23,1.462233521169391e-19,1.74519842576271e-15,5.2786501492370285e-22,8.16178727608088e-22,2.2434428807821983e-23,2.1794236874115275e-22,7.931678423571532e-22,7.714623724679996e-22,1.9531250000000002e-24,4.222425252452218e-18,1.9531250000000002e-24
2024930_WZY_DM_assembly_Plate2F5,2024930_WZY_DM_assembly_Plate2,,F5,Plate2_F5,Lactate,cycle 5,0.2745,True,True,explicit_user_selected_validation_only,not_assessable,0.0041919674392,0.00202211645195,0.0,0.000406269972081,0.000120034309933,0.00644491910256,0.0,5.54004507383e-05,0.000480137239732,0.0173403410811,0.0,0.0256781089172,0.0,0.00420120084766,0.0,0.000138501126846,1.9531250000000002e-24,1.9531250000000002e-24,1.9531250000000002e-24,1.9531250000000002e-24,2.0776732511941195e-21,1.2342267706458033e-12,0.0094304176125951,5.99651304860595e-20,1.579693855109469e-19,1.138476620376858e-15,4.683837468213167e-22,1.7280328468240226e-19,4.582033794504711e-19,1.9531250000000002e-24,9.741414475854363e-12,1.9531250000000002e-24
2024930_WZY_DM_assembly_Plate2F6,2024930_WZY_DM_assembly_Plate2,,F6,Plate2_F6,Lactate,cycle 5,0.2185,True,True,explicit_user_selected_validation_only,not_assessable,0.0107515873016,0.00184973544974,0.0,0.000520238095238,0.000115608465608,0.00111754850088,1.92680776014e-05,7.70723104056e-05,0.00119462081129,0.0224473104056,0.0,0.0,0.0,0.0014258377425,0.0,0.00026975308642,1.9531250000000002e-24,1.9531250000000002e-24,1.9531250000000002e-24,1.9531250000000002e-24,2.032679595327655e-23,3.1581751449085775e-17,0.01439794947127427,8.266989838052822e-23,2.855286992625464e-22,1.776124213956889e-23,6.12940442614724e-23,4.238800061235983e-22,1.7179651616314506e-22,1.9531250000000002e-24,7.105448165262024e-20,1.9531250000000002e-24
2024930_WZY_DM_assembly_Plate2F7,2024930_WZY_DM_assembly_Plate2,,F7,Plate2_F7,Host_sugar_mix,cycle 5,1.0175,True,True,explicit_user_selected_validation_only,not_assessable,0.0848085085253,0.000521211202526,0.0196358342829,0.000138280523119,0.16968083883,0.00286134313223,0.00165936627743,0.12686706148,0.00949880824195,0.0192741775301,0.0,0.0,0.00785007892784,0.265902808995,0.0027762474257,2.12739266337e-05,1.9531250000000002e-24,1.9531250000000002e-24,1.9531250000000002e-24,1.9531250000000002e-24,0.03480314659936189,0.0515787482847671,0.03688448752190461,0.1497759104792035,0.3341211867922659,0.010249701870299206,0.04775564793241394,0.11282221855841228,0.18459258951580498,1.9531250000000002e-24,0.17524330915036135,1.9531250000000002e-24
2024930_WZY_DM_assembly_Plate2F8,2024930_WZY_DM_assembly_Plate2,,F8,Plate2_F8,Host_sugar_mix,cycle 5,1.1495,True,True,explicit_user_selected_validation_only,not_assessable,0.1139589112,0.00109215377634,0.00282003885533,0.000423820868431,0.031753963527,0.0579004509487,0.00272223403954,0.002347315579,0.0086720270002,0.00370028219745,0.00202129952636,0.0,0.00350467256587,0.410421608667,0.00190719390794,0.00409150146062,1.9531250000000002e-24,1.9531250000000002e-24,1.9531250000000002e-24,1.9531250000000002e-24,0.005217837462888523,0.06702285001579632,0.031025200134044237,0.21792239063205635,0.3830556103439117,0.011016483495170742,0.05754495255746281,0.12798583427872368,0.057782726011473065,1.9531250000000002e-24,0.1935587471643056,1.9531250000000002e-24
2024930_WZY_DM_assembly_Plate2F9,2024930_WZY_DM_assembly_Plate2,,F9,Plate2_F9,Host_sugar_mix,cycle 5,0.9225,True,True,explicit_user_selected_validation_only,not_assessable,0.00861696607042,0.000260045615294,0.000260045615294,1.18202552406e-05,0.0890892637487,0.0302834939265,0.000851058377326,0.136937656963,0.000803777356363,0.00534275536877,1.18202552406e-05,0.0052954743478,0.00737583927016,0.309300618882,0.0019503421147,0.00332149172262,1.9531250000000002e-24,1.9531250000000002e-24,1.9531250000000002e-24,1.9531250000000002e-24,0.00344789861554681,0.05182364277229332,0.019147745387385576,0.14174509142800787,0.3314490756008577,0.006897148476731978,0.001707677880491495,0.0993407825555906,0.02836384498091056,1.9531250000000002e-24,0.16417463346788977,1.9531250000000002e-24
2024930_WZY_DM_assembly_Plate2G10,2024930_WZY_DM_assembly_Plate2,,G10,Plate2_G10,Master_mix,cycle 5,0.7635,True,True,explicit_user_selected_validation_only,not_assessable,0.141213766431,0.000523290823195,0.00029902332754,3.73779159425e-05,0.00452272782905,0.0102602379262,0.00114002643625,0.10041577118,0.0109517293712,0.00641031258414,0.0,7.47558318851e-05,0.01298882579,0.0642152595893,0.00545717572761,0.00545717572761,1.9531250000000002e-24,1.9531250000000002e-24,1.9531250000000002e-24,1.9531250000000002e-24,3.8648601494583845e-07,0.023107229970488374,0.02392332928464826,0.0002066904541658171,0.11984844232849037,3.177594898164922e-11,4.388158376344276e-05,0.03668912596474446,0.08713748214523671,1.9531250000000002e-24,0.08201630681166845,1.9531250000000002e-24
2024930_WZY_DM_assembly_Plate2G11,2024930_WZY_DM_assembly_Plate2,,G11,Plate2_G11,Master_mix,cycle 5,0.9235,True,True,explicit_user_selected_validation_only,not_assessable,0.0532191336305,5.77683947142e-05,0.0176049182892,8.66525920713e-05,0.0272233560091,0.0135466885605,0.000852083822035,0.126281710845,0.0109471107983,0.048568777856,0.0,0.0,0.00827532254281,0.0515005238877,0.0,0.00122757838768,1.9531250000000002e-24,1.9531250000000002e-24,1.9531250000000002e-24,1.9531250000000002e-24,1.0922874565371767e-08,0.024338291007974234,0.04725323079258196,5.714079575473361e-07,0.06397736186929825,5.269998314425846e-14,5.236977109265412e-09,0.004785009309473784,0.0013475982954483585,1.9531250000000002e-24,0.07160411755411385,1.9531250000000002e-24
2024930_WZY_DM_assembly_Plate2G12,2024930_WZY_DM_assembly_Plate2,,G12,Plate2_G12,Master_mix,cycle 5,0.7395,True,True,explicit_user_selected_validation_only,not_assessable,0.0310939682966,1.10379724163e-05,0.0241510836468,0.000463594841483,0.00945954236074,0.00122521493821,0.000562936593229,0.0126164024718,0.00109275926921,0.00708637829124,0.0,0.0959751701594,0.00387432831811,0.38583232581,0.0,0.00035321511732,1.9531250000000002e-24,1.9531250000000002e-24,1.9531250000000002e-24,1.9531250000000002e-24,0.0012974793911379964,0.05468091291429055,0.018420548024630414,0.1933542376868808,0.3396468067887681,0.02187940797045191,6.779255409493345e-13,0.10722890395148223,0.0012890446773246578,1.9531250000000002e-24,0.1708572576437951,1.9531250000000002e-24
2024930_WZY_DM_assembly_Plate2G1,2024930_WZY_DM_assembly_Plate2,,G1,Plate2_G1,Fucose,cycle 5,0.2985,True,True,explicit_user_selected_validation_only,not_assessable,0.142995737151,0.000432156358079,0.0,0.000200072388,0.00538594868495,0.00299308292448,0.000920332984799,0.0,0.00197671519344,0.0517387195367,0.0,0.0153815651894,0.0,0.00027209844768,0.0,0.00411348829727,1.9531250000000002e-24,1.9531250000000002e-24,1.9531250000000002e-24,1.9531250000000002e-24,3.724388784085392e-15,0.013439566486801445,0.03634158536802112,5.624612457659598e-07,4.364090997266128e-06,6.984962861108696e-12,9.36521131926715e-10,8.73033378085397e-07,0.001976981143294187,1.9531250000000002e-24,0.03833189055642243,1.9531250000000002e-24
2024930_WZY_DM_assembly_Plate2G2,2024930_WZY_DM_assembly_Plate2,,G2,Plate2_G2,Fucose,cycle 5,0.3035,True,True,explicit_user_selected_validation_only,not_assessable,0.189788243341,2.44226281484e-05,0.0,0.000219803653335,0.0138598414742,0.00350464713929,0.00594690995413,2.44226281484e-05,0.0011356522089,0.0386976543011,0.0,0.0189397481291,0.0,0.00169737265631,0.0,0.000744890158526,1.9531250000000002e-24,1.9531250000000002e-24,1.9531250000000002e-24,1.9531250000000002e-24,1.883531169489685e-12,0.016289835570315086,0.02899097087293366,4.788914797143749e-05,0.0005271374884911779,2.3412074779872296e-08,8.735848955553015e-05,0.009627950100944508,0.14462092409259203,1.9531250000000002e-24,0.05169055142254996,1.9531250000000002e-24
2024930_WZY_DM_assembly_Plate2G3,2024930_WZY_DM_assembly_Plate2,,G3,Plate2_G3,Fucose,cycle 5,0.4515,True,True,explicit_user_selected_validation_only,not_assessable,0.131075188498,0.0034888540252,0.0,0.00139554161008,0.00272764951061,0.00361572144429,0.0207428230225,0.0,0.000338313117595,0.0094939118625,0.0,0.0397940804571,0.0,0.00759090057603,0.0,0.00452493794783,1.9531250000000002e-24,1.9531250000000002e-24,1.9531250000000002e-24,1.9531250000000002e-24,2.9549606699899077e-13,0.008106219336330515,0.004488961164073345,3.526365043281811e-05,7.182815172436284e-05,3.425431732273404e-05,1.8272359930789492e-09,3.150811027862118e-05,0.07458921719389741,1.9531250000000002e-24,0.04866211442748605,1.9531250000000002e-24
2024930_WZY_DM_assembly_Plate2G4,2024930_WZY_DM_assembly_Plate2,,G4,Plate2_G4,Fucose,cycle 5,0.5215,True,True,explicit_user_selected_validation_only,not_assessable,0.0628900810811,0.00132489189189,0.0,0.00487672972973,0.00473578378378,0.00335451351351,0.0237634864865,0.00033827027027,0.0080902972973,0.125385513514,0.0,0.00436932432432,0.0,0.021903,0.0,0.00459483783784,1.9531250000000002e-24,1.9531250000000002e-24,1.9531250000000002e-24,1.9531250000000002e-24,4.926081976368511e-18,0.02255242725010485,0.08521598417379632,8.179050302844083e-11,8.162360819974759e-08,4.276506214195882e-16,3.7185978010443416e-14,1.6184731695153917e-08,2.475858771566965e-09,1.9531250000000002e-24,0.03424716310021033,1.9531250000000002e-24
2024930_WZY_DM_assembly_Plate2G5,2024930_WZY_DM_assembly_Plate2,,G5,Plate2_G5,Fucose,cycle 5,0.4815,True,True,explicit_user_selected_validation_only,not_assessable,0.1478140175,0.000706843599699,0.0,0.00107886654691,0.181863417744,0.00207402793069,0.000139508605204,3.7202294721e-05,2.79017210407e-05,0.0544362577505,0.0,0.0,5.58034420815e-05,0.00157179695196,0.00440847192444,0.000344121226169,1.9531250000000002e-24,1.9531250000000002e-24,1.9531250000000002e-24,1.9531250000000002e-24,6.206281779895075e-08,0.023613251642178323,0.039342523638141995,8.762876218363472e-05,0.011000175644642238,3.0099336467650495e-08,0.04836635440141268,0.05952581531026489,0.2697418038605883,1.9531250000000002e-24,0.07227803773826917,1.9531250000000002e-24
2024930_WZY_DM_assembly_Plate2G6,2024930_WZY_DM_assembly_Plate2,,G6,Plate2_G6,Fucose,cycle 5,0.3945,True,True,explicit_user_selected_validation_only,not_assessable,0.147606303631,0.000347373055474,0.0,0.00107617534833,0.133166482501,0.00164831920441,0.00948124104353,3.40561819092e-05,0.000102168545728,0.0197117180891,0.0,0.0,4.76786546729e-05,0.00447498230287,0.0,0.00420934408398,1.9531250000000002e-24,1.9531250000000002e-24,1.9531250000000002e-24,1.9531250000000002e-24,7.605191911201353e-10,0.01678607244102321,0.0180357715895845,8.49182904911961e-05,0.001691693030049469,1.9313191465077472e-10,0.030966035356474388,0.04143396920909924,0.23263159897709546,1.9531250000000002e-24,0.06283518164049921,1.9531250000000002e-24
2024930_WZY_DM_assembly_Plate2G7,2024930_WZY_DM_assembly_Plate2,,G7,Plate2_G7,Master_mix,cycle 5,0.7845,True,True,explicit_user_selected_validation_only,not_assessable,0.094797078666,0.000549229887984,0.0548331148167,5.991598778e-05,0.00026962194501,0.00556220086558,0.000768921843177,0.0979826120163,0.000788893839104,0.00387456720978,0.0,0.0,0.000249649949084,0.425862869145,0.0,0.00281605142566,1.9531250000000002e-24,1.9531250000000002e-24,1.9531250000000002e-24,1.9531250000000002e-24,0.01837062226502174,0.058161340427980275,0.018657025435095606,0.20299179517881297,0.38449654093784164,0.010336372613719794,4.2686367057694106e-05,0.11669275833879653,0.022748859430163304,1.9531250000000002e-24,0.1910854355277416,1.9531250000000002e-24
2024930_WZY_DM_assembly_Plate2G8,2024930_WZY_DM_assembly_Plate2,,G8,Plate2_G8,Master_mix,cycle 5,0.7775,True,True,explicit_user_selected_validation_only,not_assessable,0.0396132731978,0.000466038508209,0.00494455490417,0.0,0.015856676072,0.000556972851274,0.000863876259119,0.00639950439321,0.00421708015965,0.0188120422216,0.0,0.0,0.00537649303373,0.339651138141,0.00057970643704,0.00335320390053,1.9531250000000002e-24,1.9531250000000002e-24,1.9531250000000002e-24,1.9531250000000002e-24,1.518189561739728e-11,0.04394971792763987,0.026436228885123262,0.13232476936035517,0.26344996897725365,0.00046338019650440774,7.14364330933617e-14,0.08272474127285986,2.856560396739878e-10,1.9531250000000002e-24,0.12928053823853183,1.9531250000000002e-24
2024930_WZY_DM_assembly_Plate2G9,2024930_WZY_DM_assembly_Plate2,,G9,Plate2_G9,Master_mix,cycle 5,0.9205,True,True,explicit_user_selected_validation_only,not_assessable,0.15441001199,0.000662230215827,0.00467240207834,0.0,0.0642731215028,0.0199036970424,0.00581290967226,0.00938159472422,0.00610723421263,0.0539717625899,0.0,0.0,0.000882973621103,0.343145623501,0.0,0.0059232813749,1.9531250000000002e-24,1.9531250000000002e-24,1.9531250000000002e-24,1.9531250000000002e-24,0.0018520200036999314,0.06066211681744857,0.054161771651781314,0.1920746126394705,0.35902737497864956,0.010853732821846328,0.045704394107514444,0.11996359526334961,0.09762038762232651,1.9531250000000002e-24,0.17413162995536985,1.9531250000000002e-24
2024930_WZY_DM_assembly_Plate2H10,2024930_WZY_DM_assembly_Plate2,low growth,H10,Plate2_H10,blank,cycle 5,0.0055,True,False,explicit_user_selected_validation_only,not_assessable,0.0,0.0,0.0,0.0,0.00157142857143,0.0,0.0,0.0,0.0,0.0,0.0,0.0,0.0,0.00235714285714,0.0,0.0,1.9531250000000002e-24,1.9531250000000002e-24,1.9531250000000002e-24,1.9531250000000002e-24,2.6377554424142013e-24,9.203325605890248e-24,3.3406261693376975e-24,4.50901768526247e-24,4.952139029740705e-24,3.1191601611978434e-24,2.8736437074179976e-24,5.046056894793787e-24,3.764202833573554e-24,1.9531250000000002e-24,2.5204364494418342e-23,1.9531250000000002e-24
2024930_WZY_DM_assembly_Plate2H11,2024930_WZY_DM_assembly_Plate2,low growth,H11,Plate2_H11,blank,cycle 5,-0.0065,False,False,explicit_user_selected_validation_only,not_assessable,0.0,0.0,0.0,0.0,0.0,0.0,0.0,0.0,0.0,0.0,0.0,0.0,0.0,0.0,0.0,0.0,1.9531250000000002e-24,1.9531250000000002e-24,1.9531250000000002e-24,1.9531250000000002e-24,1.9531250000000002e-24,1.9531250000000002e-24,1.9531250000000002e-24,1.9531250000000002e-24,1.9531250000000002e-24,1.9531250000000002e-24,1.9531250000000002e-24,1.9531250000000002e-24,1.9531250000000002e-24,1.9531250000000002e-24,1.9531250000000002e-24,1.9531250000000002e-24
2024930_WZY_DM_assembly_Plate2H12,2024930_WZY_DM_assembly_Plate2,low growth,H12,Plate2_H12,blank,cycle 5,0.0015,True,False,explicit_user_selected_validation_only,not_assessable,0.00015,0.0,0.0,0.0,0.0,0.0,0.0,0.0002,0.0,0.0001,0.0,0.0,0.0,0.0,0.0009,0.0,1.9531250000000002e-24,1.9531250000000002e-24,1.9531250000000002e-24,1.9531250000000002e-24,2.038502968162188e-24,2.5485615138638188e-24,2.8517053430955462e-24,2.2386877450623363e-24,2.280475399388253e-24,2.0383855602996842e-24,2.032451950774431e-24,2.3890112428735465e-24,2.5288270112005824e-24,1.9531250000000002e-24,3.857766441833594e-24,1.9531250000000002e-24
2024930_WZY_DM_assembly_Plate2H1,2024930_WZY_DM_assembly_Plate2,,H1,Plate2_H1,Sialic_acid,cycle 5,0.6325,True,True,explicit_user_selected_validation_only,not_assessable,0.246948845037,0.000253921931937,0.0,0.102994642085,0.000312519300846,0.0013477394849,0.00185558334877,0.0514094249892,0.00144540176641,0.0432839231672,0.0,0.0347287073065,0.0,0.000488311407572,0.000625038601692,0.0,1.9531250000000002e-24,1.9531250000000002e-24,1.9531250000000002e-24,1.9531250000000002e-24,0.01000336056821145,0.024937842417087838,0.035315697843485525,9.914783524252035e-05,0.04290343840279657,0.005035100739732591,0.01082278444584777,0.06199418513995501,0.30766211831558693,1.9531250000000002e-24,0.09009411634757084,1.9531250000000002e-24
2024930_WZY_DM_assembly_Plate2H2,2024930_WZY_DM_assembly_Plate2,,H2,Plate2_H2,Sialic_acid,cycle 5,0.5895,True,True,explicit_user_selected_validation_only,not_assessable,0.0396104329093,0.000181421830119,0.0,0.00102805703734,0.00804303446861,0.000907109150595,0.0116109971276,0.0132437935987,0.00296322322528,0.00126995281083,0.0,0.205429985638,0.0,0.0239476815757,0.00961535699631,0.0,1.9531250000000002e-24,1.9531250000000002e-24,1.9531250000000002e-24,1.9531250000000002e-24,3.856765147394266e-06,0.022999921870548078,0.0004111844256909656,0.00029353446936200263,0.005573620169664062,0.028074895542893104,1.0609943741277205e-17,0.03642622486371913,0.21855182686673486,1.9531250000000002e-24,0.0823820143490516,1.9531250000000002e-24
2024930_WZY_DM_assembly_Plate2H3,2024930_WZY_DM_assembly_Plate2,,H3,Plate2_H3,Sialic_acid,cycle 5,0.5235,True,True,explicit_user_selected_validation_only,not_assessable,0.214916078883,6.27968907442e-05,0.0,0.00428274794875,0.000401900100763,0.00332823520944,0.00415715416727,0.0544323448971,0.00140665035267,0.00541309198215,0.0,0.120959370951,0.0,0.000916834604865,0.00470976680582,0.0,1.9531250000000002e-24,1.9531250000000002e-24,1.9531250000000002e-24,1.9531250000000002e-24,0.0023231382312672525,0.024283098759471985,0.010059135521323474,1.876611270074748e-05,0.013169004262704441,0.020242144956423746,0.0007125493899539706,0.06042888536934457,0.2982515022298307,1.9531250000000002e-24,0.09256636615153667,1.9531250000000002e-24
2024930_WZY_DM_assembly_Plate2H4,2024930_WZY_DM_assembly_Plate2,,H4,Plate2_H4,Sialic_acid,cycle 5,0.6175,True,True,explicit_user_selected_validation_only,not_assessable,0.0949819533773,0.000201090938696,0.0,0.0710018589378,0.00025136367337,0.00199415180873,0.00695439496323,0.0544453716519,0.00152493961844,0.000485969768515,0.0,0.0333978534017,0.0,0.00884800130261,0.000150818204022,8.37878911232e-05,1.9531250000000002e-24,1.9531250000000002e-24,1.9531250000000002e-24,1.9531250000000002e-24,4.675889770624838e-10,0.006324167443682056,2.227595330364502e-08,2.1122220566258392e-05,0.0008944123731599876,1.1166949074898819e-07,3.582938145691168e-14,5.808743852609681e-06,0.10016200020425454,1.9531250000000002e-24,0.05649840227007967,1.9531250000000002e-24
2024930_WZY_DM_assembly_Plate2H5,2024930_WZY_DM_assembly_Plate2,,H5,Plate2_H5,Sialic_acid,cycle 5,0.6445,True,True,explicit_user_selected_validation_only,not_assessable,0.0233701887353,0.0,0.0,0.133181341953,0.00378328875019,0.000790180561748,0.0100807883787,0.122549821667,0.00368750928816,0.000909904889285,0.0,0.000694401099718,0.0,0.0204728600089,0.0,0.00028733838609,1.9531250000000002e-24,1.9531250000000002e-24,1.9531250000000002e-24,1.9531250000000002e-24,1.1499957688776177e-08,0.00334869259823773,0.0024130202444243155,2.0959012712759093e-06,0.008311668820889595,2.9982717308651557e-18,4.8957062416732125e-20,6.702695590410528e-09,0.025992770069563513,1.9531250000000002e-24,0.061180273972132417,1.9531250000000002e-24
2024930_WZY_DM_assembly_Plate2H6,2024930_WZY_DM_assembly_Plate2,,H6,Plate2_H6,Sialic_acid,cycle 5,0.6825,True,True,explicit_user_selected_validation_only,not_assessable,0.014248999387,0.000147658024736,0.0,0.233668824145,0.00142736090578,0.00718602387048,0.00863799444705,0.00103360617315,0.000442974074208,0.00479888580392,0.0,0.0942796487939,0.0,0.017989669347,0.00140275123499,0.0,1.9531250000000002e-24,1.9531250000000002e-24,1.9531250000000002e-24,1.9531250000000002e-24,0.010652402506602833,0.017270534232959475,0.0037953129622309953,0.005738344031265566,0.014628738691994566,0.012733727800407796,3.6715896732712e-19,0.022741097220991383,0.2548418063318834,1.9531250000000002e-24,0.07879191398494215,1.9531250000000002e-24
2024930_WZY_DM_assembly_Plate2H7,2024930_WZY_DM_assembly_Plate2,,H7,Plate2_H7,blank,cycle 5,0.0945,True,False,explicit_user_selected_validation_only,not_assessable,0.0241394817073,0.000288109756098,0.0,0.0,0.00607088414634,0.000370426829268,0.0,6.1737804878e-05,0.00174923780488,0.0111333841463,0.0,0.00321036585366,0.0,0.0,8.23170731707e-05,0.0,1.9531250000000002e-24,1.9531250000000002e-24,1.9531250000000002e-24,1.9531250000000002e-24,1.3693446059918216e-22,6.223528729861766e-18,0.001012532580024536,8.03135153171212e-21,1.2363283572276111e-20,8.768171430043808e-22,1.8112288010928308e-21,9.384908593182608e-21,5.67369807756888e-20,1.9531250000000002e-24,2.543403442817184e-16,1.9531250000000002e-24
2024930_WZY_DM_assembly_Plate2H8,2024930_WZY_DM_assembly_Plate2,,H8,Plate2_H8,blank,cycle 5,0.1235,True,False,explicit_user_selected_validation_only,not_assessable,0.0328989641311,0.000992888064317,0.0,0.0,0.00660652442795,0.000324598021027,0.0,0.0,0.00236765615337,0.0111508967223,0.0,0.0,0.0,0.0,0.000171846011132,0.0,1.9531250000000002e-24,1.9531250000000002e-24,1.9531250000000002e-24,1.9531250000000002e-24,2.7023113908551875e-22,2.5023125361178787e-17,0.004108660733324415,3.472234037377852e-20,5.3790270533623134e-20,2.5280890246320593e-22,1.2147626968777111e-20,4.211692906708121e-20,3.312625554739093e-19,1.9531250000000002e-24,5.3781470642935e-15,1.9531250000000002e-24
2024930_WZY_DM_assembly_Plate2H9,2024930_WZY_DM_assembly_Plate2,low growth,H9,Plate2_H9,blank,cycle 5,-0.0005,False,False,explicit_user_selected_validation_only,not_assessable,0.0,0.0,0.0,0.0,0.0,0.0,0.0,0.0,0.0,0.0,0.0,0.0,0.0,0.0,0.0,0.0,1.9531250000000002e-24,1.9531250000000002e-24,1.9531250000000002e-24,1.9531250000000002e-24,1.9531250000000002e-24,1.9531250000000002e-24,1.9531250000000002e-24,1.9531250000000002e-24,1.9531250000000002e-24,1.9531250000000002e-24,1.9531250000000002e-24,1.9531250000000002e-24,1.9531250000000002e-24,1.9531250000000002e-24,1.9531250000000002e-24,1.9531250000000002e-24
