species,ratio,lag_mode,extinction_mode,max_endpoint_log10_difference,both_initial_conditions_converged,survival_class_differs,relative_composition_l1
Col,0.0,off,hard_extinction,0.0,True,False,0.0
Col,0.0,off,no_extinction_control,2.854688609943423e-07,True,False,3.4359880256017185e-18
Col,0.0,on,hard_extinction,0.0,True,False,0.0
Col,0.0,on,no_extinction_control,3.031104256479011e-10,True,False,3.6483183883316744e-21
Col,0.01,off,hard_extinction,0.0,True,False,0.0
Col,0.01,off,no_extinction_control,0.0001162149425066,True,False,1.399488981792349e-15
Col,0.01,on,hard_extinction,0.0,True,False,0.0
Col,0.01,on,no_extinction_control,2.94784996413e-09,True,False,3.548115645392677e-20
Col,0.0109854114198755,off,hard_extinction,0.0,True,False,0.0
Col,0.0109854114198755,off,no_extinction_control,0.0002092622833274,True,False,2.521020372083211e-15
Col,0.0109854114198755,on,hard_extinction,0.0,True,False,0.0
Col,0.0109854114198755,on,no_extinction_control,3.687555150122534e-09,True,False,4.4384449074813214e-20
Col,0.0120679264063932,off,hard_extinction,0.0,True,False,0.0
Col,0.0120679264063932,off,no_extinction_control,0.000398780709931,True,False,4.808260243309148e-15
Col,0.0120679264063932,on,hard_extinction,0.0,True,False,0.0
Col,0.0120679264063932,on,no_extinction_control,4.71550087866035e-09,True,False,5.675710491939704e-20
Col,0.013257113655901,off,hard_extinction,0.0,True,False,0.0
Col,0.013257113655901,off,no_extinction_control,0.0008081304764075,True,False,9.762180454036744e-15
Col,0.013257113655901,on,hard_extinction,0.0,True,False,0.0
Col,0.013257113655901,on,no_extinction_control,6.1774567683414724e-09,True,False,7.435361486816803e-20
Col,0.0145634847750124,off,hard_extinction,0.0,True,False,0.0
Col,0.0145634847750124,off,no_extinction_control,0.001749120789217,True,False,2.1222453995970256e-14
Col,0.0145634847750124,on,hard_extinction,0.0,True,False,0.0
Col,0.0145634847750124,on,no_extinction_control,8.310191645932719e-09,True,False,1.0002382697099772e-19
Col,0.0159985871960605,off,hard_extinction,0.0,True,False,0.0
Col,0.0159985871960605,off,no_extinction_control,3.545330251597534e-07,True,False,4.267267345180279e-18
Col,0.0159985871960605,on,hard_extinction,0.0,True,False,0.0
Col,0.0159985871960605,on,no_extinction_control,1.15095559749534e-08,True,False,1.3853230208982864e-19
Col,0.0175751062485479,off,hard_extinction,0.0,True,False,0.0
Col,0.0175751062485479,off,no_extinction_control,1.2643444176063667e-06,True,False,1.5218101261798817e-17
Col,0.0175751062485479,on,hard_extinction,0.0,True,False,0.0
Col,0.0175751062485479,on,no_extinction_control,1.64584186279626e-08,True,False,1.9809820297646084e-19
Col,0.0193069772888324,off,hard_extinction,0.0,True,False,0.0
Col,0.0193069772888324,off,no_extinction_control,5.095056975434886e-06,True,False,6.132710372181105e-17
Col,0.0193069772888324,on,hard_extinction,0.0,True,False,0.0
Col,0.0193069772888324,on,no_extinction_control,2.4375548690613872e-08,True,False,2.933910506802748e-19
Col,0.0212095088792019,off,hard_extinction,0.0,True,False,0.0
Col,0.0212095088792019,off,no_extinction_control,2.3457737620802277e-05,True,False,2.823780686176244e-16
Col,0.0212095088792019,on,hard_extinction,0.0,True,False,0.0
Col,0.0212095088792019,on,no_extinction_control,3.7518271156500305e-08,True,False,4.515806358560545e-19
Col,0.0232995181051537,off,hard_extinction,0.0,True,False,0.0
Col,0.0232995181051537,off,no_extinction_control,0.0001248028659226,True,False,1.5031696795285866e-15
Col,0.0232995181051537,on,hard_extinction,0.0,True,False,0.0
Col,0.0232995181051537,on,no_extinction_control,6.023944720823239e-08,True,False,7.250592402460097e-19
Col,0.0255954792269953,off,hard_extinction,2.775557561562891e-16,True,False,0.0
Col,0.0255954792269953,off,no_extinction_control,0.0007747358328771,True,False,9.3658947001624e-15
Col,0.0255954792269953,on,hard_extinction,0.0,True,False,0.0
Col,0.0255954792269953,on,no_extinction_control,1.0130985295120355e-07,True,False,1.219394586091413e-18
Col,0.0281176869797423,off,hard_extinction,2.775557561562891e-16,True,False,0.0
Col,0.0281176869797423,off,no_extinction_control,0.0119036748741692,True,False,1.452645417914664e-13
Col,0.0281176869797423,on,hard_extinction,0.0,True,False,0.0
Col,0.0281176869797423,on,no_extinction_control,1.792696977531705e-07,True,False,2.1577422639702003e-18
Col,0.0308884359647748,off,hard_extinction,0.0,True,False,0.0
Col,0.0308884359647748,off,no_extinction_control,0.0001071491220248,True,False,1.290569208821416e-15
Col,0.0308884359647748,on,hard_extinction,0.0,True,False,0.0
Col,0.0308884359647748,on,no_extinction_control,3.354148372380905e-07,True,False,4.037152638274796e-18
Col,0.0339322177189532,off,hard_extinction,0.0,True,False,0.0
Col,0.0339322177189532,off,no_extinction_control,0.00218502854859,True,False,2.67117967036454e-14
Col,0.0339322177189532,on,hard_extinction,0.0,True,False,0.0
Col,0.0339322177189532,on,no_extinction_control,6.67133575049661e-07,True,False,8.02982658602698e-18
Col,0.0372759372031494,off,hard_extinction,0.0,True,False,0.0
Col,0.0372759372031494,off,no_extinction_control,0.040662709445403,False,False,7.215101668979936e-13
Col,0.0372759372031494,on,hard_extinction,0.0,True,False,0.0
Col,0.0372759372031494,on,no_extinction_control,1.4188898624922786e-06,True,False,1.7078240613434034e-17
Col,0.0409491506238042,off,hard_extinction,0.0,True,False,0.0
Col,0.0409491506238042,off,no_extinction_control,0.1034909135876311,False,False,2.5592567429684318e-11
Col,0.0409491506238042,on,hard_extinction,0.0,True,False,0.0
Col,0.0409491506238042,on,no_extinction_control,3.2476665072778133e-06,True,False,3.909025593937989e-17
Col,0.0449843266896944,off,hard_extinction,0.0,True,False,0.0
Col,0.0449843266896944,off,no_extinction_control,0.0876354949168565,False,False,1.1767014996608007e-09
Col,0.0449843266896944,on,hard_extinction,0.0,True,False,0.0
Col,0.0449843266896944,on,no_extinction_control,8.055800305939442e-06,True,False,9.696451624888168e-17
Col,0.0494171336132383,off,hard_extinction,5.551115123125783e-17,True,False,0.0
Col,0.0494171336132383,off,no_extinction_control,0.0630762851510917,False,False,6.542704021731168e-08
Col,0.0494171336132383,on,hard_extinction,0.0,True,False,0.0
Col,0.0494171336132383,on,no_extinction_control,2.1819510472198544e-05,True,False,2.626453273070049e-16
Col,0.0542867543932385,off,hard_extinction,0.0,True,False,0.0
Col,0.0542867543932385,off,no_extinction_control,0.0341802847342789,False,False,3.2701692894910702e-06
Col,0.0542867543932385,on,hard_extinction,0.0,True,False,0.0
Col,0.0542867543932385,on,no_extinction_control,6.506055090405027e-05,True,False,7.832639920458002e-16
Col,0.0596362331659464,off,hard_extinction,0.0060839392619591,False,False,2.914202618014292e-05
Col,0.0596362331659464,off,no_extinction_control,0.0060839392619591,False,False,2.914202618014292e-05
Col,0.0596362331659464,on,hard_extinction,0.0,True,False,0.0
Col,0.0596362331659464,on,no_extinction_control,0.0002154052478591,True,False,2.5946601684414213e-15
Col,0.0655128556859551,off,hard_extinction,7.42027177178528e-05,True,False,2.0967610539508047e-06
Col,0.0655128556859551,off,no_extinction_control,7.42027177178528e-05,True,False,2.0967610539508047e-06
Col,0.0655128556859551,on,hard_extinction,0.0,True,False,0.0
Col,0.0655128556859551,on,no_extinction_control,0.0007984816734261,True,False,9.638750539262992e-15
Col,0.0719685673001152,off,hard_extinction,3.435888632763451e-05,True,False,1.933470949386229e-06
Col,0.0719685673001152,off,no_extinction_control,3.435888632763451e-05,True,False,1.933470949386229e-06
Col,0.0719685673001152,on,hard_extinction,0.0,True,False,0.0
Col,0.0719685673001152,on,no_extinction_control,0.0037880802384329,True,False,4.5793891913587337e-14
Col,0.0790604321090769,off,hard_extinction,4.144016702190001e-05,True,False,3.492473442029409e-06
Col,0.0790604321090769,off,no_extinction_control,4.144016702190001e-05,True,False,3.492473442029409e-06
Col,0.0790604321090769,on,hard_extinction,0.0,True,False,0.0
Col,0.0790604321090769,on,no_extinction_control,2.1301419810271227e-06,True,False,2.5639206835154768e-17
Col,0.0868511373751352,off,hard_extinction,2.3653860443673125e-06,True,False,2.6499080463954217e-07
Col,0.0868511373751352,off,no_extinction_control,2.3653860443673125e-06,True,False,2.6499080463954217e-07
Col,0.0868511373751352,on,hard_extinction,0.0,True,False,0.0
Col,0.0868511373751352,on,no_extinction_control,2.2165697128428977e-05,True,False,2.6681668236028363e-16
Col,0.0954095476349993,off,hard_extinction,9.417951307710837e-08,True,False,1.3126642606220429e-08
Col,0.0954095476349993,off,no_extinction_control,9.417951307710837e-08,True,False,1.3126642606220429e-08
Col,0.0954095476349993,on,hard_extinction,5.551115123125783e-17,True,False,0.0
Col,0.0954095476349993,on,no_extinction_control,0.0002867068915826,True,False,3.4551395677135297e-15
Col,0.1048113134154685,off,hard_extinction,2.622057460044402e-09,True,False,4.3559288120942336e-10
Col,0.1048113134154685,off,no_extinction_control,2.622057460044402e-09,True,False,4.3559288120942336e-10
Col,0.1048113134154685,on,hard_extinction,4.440892098500626e-16,True,False,0.0
Col,0.1048113134154685,on,no_extinction_control,0.0046008383482369,True,False,5.657338017203683e-14
Col,0.1151395399326447,off,hard_extinction,6.8322746102911225e-06,True,False,1.3125184247092523e-06
Col,0.1151395399326447,off,no_extinction_control,6.8322746102911225e-06,True,False,1.3125184247092523e-06
Col,0.1151395399326447,on,hard_extinction,0.0,True,False,0.0
Col,0.1151395399326447,on,no_extinction_control,0.0002323062027649,True,False,2.799369735713356e-15
Col,0.1264855216855295,off,hard_extinction,9.64008369574998e-07,True,False,2.093563170740831e-07
Col,0.1264855216855295,off,no_extinction_control,9.64008369574998e-07,True,False,2.093563170740831e-07
Col,0.1264855216855295,on,hard_extinction,0.0,True,False,0.0
Col,0.1264855216855295,on,no_extinction_control,0.0143972031485954,False,False,1.8861719709889453e-13
Col,0.1389495494373137,off,hard_extinction,1.150128949856111e-07,True,False,2.774622719081687e-08
Col,0.1389495494373137,off,no_extinction_control,1.150128949856111e-07,True,False,2.774622719081687e-08
Col,0.1389495494373137,on,hard_extinction,0.0,True,False,0.0
Col,0.1389495494373137,on,no_extinction_control,0.1373781451583031,False,False,1.790282957332177e-11
Col,0.1526417967175233,off,hard_extinction,1.1924471632340785e-08,True,False,3.151680708080029e-09
Col,0.1526417967175233,off,no_extinction_control,1.1924471632340785e-08,True,False,3.151680708080029e-09
Col,0.1526417967175233,on,hard_extinction,0.0,True,False,0.0
Col,0.1526417967175233,on,no_extinction_control,0.1173536327807287,False,False,2.3182315840655524e-09
Col,0.1676832936811007,off,hard_extinction,1.1341505512518781e-09,True,False,3.2487348922138887e-10
Col,0.1676832936811007,off,no_extinction_control,1.1341505512518781e-09,True,False,3.2487348922138887e-10
Col,0.1676832936811007,on,hard_extinction,0.0,True,False,0.0
Col,0.1676832936811007,on,no_extinction_control,0.0753968815183974,False,False,3.4959419739856e-07
Col,0.1842069969326715,off,hard_extinction,1.0854117604708335e-10,True,False,3.342401355688196e-11
Col,0.1842069969326715,off,no_extinction_control,1.0854117604708335e-10,True,False,3.342401355688196e-11
Col,0.1842069969326715,on,hard_extinction,5.551115123125783e-17,True,False,0.0
Col,0.1842069969326715,on,no_extinction_control,0.0246411752579698,False,False,2.441626289173608e-05
Col,0.2023589647725156,off,hard_extinction,1.2078338329502003e-11,True,False,3.978123386261245e-12
Col,0.2023589647725156,off,no_extinction_control,1.2078338329502003e-11,True,False,3.978123386261245e-12
Col,0.2023589647725156,on,hard_extinction,0.0004305246336628,False,False,9.132180160607156e-06
Col,0.2023589647725156,on,no_extinction_control,0.0004305246336628,False,False,9.132180160607156e-06
Col,0.2222996482526194,off,hard_extinction,1.9697576902899527e-12,True,False,6.921963002781696e-13
Col,0.2222996482526194,off,no_extinction_control,1.9697576902899527e-12,True,False,6.921963002781696e-13
Col,0.2222996482526194,on,hard_extinction,7.062608301211526e-05,True,False,3.820981599681611e-06
Col,0.2222996482526194,on,no_extinction_control,7.062608301211526e-05,True,False,3.820981599681611e-06
Col,0.2442053094548651,off,hard_extinction,6.856737400084967e-13,True,False,2.575717417130363e-13
Col,0.2442053094548651,off,no_extinction_control,6.856737400084967e-13,True,False,2.575717417130363e-13
Col,0.2442053094548651,on,hard_extinction,5.197570812276453e-05,True,False,4.502996708732887e-06
Col,0.2442053094548651,on,no_extinction_control,5.197570812276453e-05,True,False,4.502996708732887e-06
Col,0.2682695795279725,off,hard_extinction,8.018030683842882e-13,True,False,3.236577672538488e-13
Col,0.2682695795279725,off,no_extinction_control,8.018030683842882e-13,True,False,3.236577672538488e-13
Col,0.2682695795279725,on,hard_extinction,1.916901164689122e-06,True,False,2.270053669831129e-07
Col,0.2682695795279725,on,no_extinction_control,1.916901164689122e-06,True,False,2.270053669831129e-07
Col,0.2947051702551809,off,hard_extinction,4.893196958732915e-12,True,False,2.1415647033506957e-12
Col,0.2947051702551809,off,no_extinction_control,4.893196958732915e-12,True,False,2.1415647033506957e-12
Col,0.2947051702551809,on,hard_extinction,4.676222853383649e-08,True,False,6.980525435462681e-09
Col,0.2947051702551809,on,no_extinction_control,4.676222853383649e-08,True,False,6.980525435462681e-09
Col,0.3237457542817643,off,hard_extinction,1.8973822513146388e-10,True,False,9.157083424859992e-11
Col,0.3237457542817643,off,no_extinction_control,1.8973822513146388e-10,True,False,9.157083424859992e-11
Col,0.3237457542817643,on,hard_extinction,1.9205024255342096e-06,True,False,3.437710875686673e-07
Col,0.3237457542817643,on,no_extinction_control,1.9205024255342096e-06,True,False,3.437710875686673e-07
Col,0.3556480306223128,off,hard_extinction,3.9819662234208415e-08,True,False,2.1873981626008288e-08
Col,0.3556480306223128,off,no_extinction_control,3.9819662234208415e-08,True,False,2.1873981626008288e-08
Col,0.3556480306223128,on,hard_extinction,3.7455013008891314e-06,True,False,7.770175066978968e-07
Col,0.3556480306223128,on,no_extinction_control,3.7455013008891314e-06,True,False,7.770175066978968e-07
Col,0.3906939937054615,off,hard_extinction,3.099952650131854e-08,True,False,2.0892732488508873e-08
Col,0.3906939937054615,off,no_extinction_control,3.099952650131854e-08,True,False,2.0892732488508873e-08
Col,0.3906939937054615,on,hard_extinction,4.071793249238454e-07,True,False,9.55073534147921e-08
Col,0.3906939937054615,on,no_extinction_control,4.071793249238454e-07,True,False,9.55073534147921e-08
Col,0.4291934260128776,off,hard_extinction,2.0319420701575552e-06,True,False,2.049175561624761e-06
Col,0.4291934260128776,off,no_extinction_control,2.0319420701575552e-06,True,False,2.049175561624761e-06
Col,0.4291934260128776,on,hard_extinction,3.8383363376581776e-08,True,False,9.992560140448248e-09
Col,0.4291934260128776,on,no_extinction_control,3.8383363376581776e-08,True,False,9.992560140448248e-09
Col,0.4714866363457392,off,hard_extinction,0.0064558916058096,False,False,0.0108379423589077
Col,0.4714866363457392,off,no_extinction_control,0.0064558916058096,False,False,0.0108379423589077
Col,0.4714866363457392,on,hard_extinction,3.355123290305073e-09,True,False,9.56029005960701e-10
Col,0.4714866363457392,on,no_extinction_control,3.355123290305073e-09,True,False,9.56029005960701e-10
Col,0.517947467923121,off,hard_extinction,4.440892098500626e-16,True,False,0.0
Col,0.517947467923121,off,no_extinction_control,3.117017189957494e-05,True,False,2.220446049250313e-16
Col,0.517947467923121,on,hard_extinction,3.0454549992953156e-10,True,False,9.403375300642836e-11
Col,0.517947467923121,on,no_extinction_control,3.0454549992953156e-10,True,False,9.403375300642836e-11
Col,0.5689866029018296,off,hard_extinction,5.551115123125783e-17,True,False,0.0
Col,0.5689866029018296,off,no_extinction_control,4.840217227908283e-06,True,False,0.0
Col,0.5689866029018296,on,hard_extinction,3.4619640487676406e-11,True,False,1.1511125386221009e-11
Col,0.5689866029018296,on,no_extinction_control,3.4619640487676406e-11,True,False,1.1511125386221009e-11
Col,0.6250551925273969,off,hard_extinction,0.0,True,False,0.0
Col,0.6250551925273969,off,no_extinction_control,7.458687889538851e-09,True,False,0.0
Col,0.6250551925273969,on,hard_extinction,6.720846101870848e-12,True,False,2.4021062916546043e-12
Col,0.6250551925273969,on,no_extinction_control,6.720846101870848e-12,True,False,2.4021062916546043e-12
Col,0.6866488450042998,off,hard_extinction,0.0,True,False,0.0
Col,0.6866488450042998,off,no_extinction_control,7.105427357601002e-15,True,False,0.0
Col,0.6866488450042998,on,hard_extinction,3.459676989336913e-12,True,False,1.3317125180378753e-12
Col,0.6866488450042998,on,no_extinction_control,3.459676989336913e-12,True,False,1.3317125180378753e-12
Col,0.7543120063354615,off,hard_extinction,0.0,True,False,0.0
Col,0.7543120063354615,off,no_extinction_control,5.6231538536621883e-08,True,False,0.0
Col,0.7543120063354615,on,hard_extinction,7.48268114136863e-12,True,False,3.121919389670325e-12
Col,0.7543120063354615,on,no_extinction_control,7.48268114136863e-12,True,False,3.121919389670325e-12
Col,0.8286427728546842,off,hard_extinction,0.0,True,False,0.0
Col,0.8286427728546842,off,no_extinction_control,1.9260326666881156e-10,True,False,0.0
Col,0.8286427728546842,on,hard_extinction,9.312861593002708e-11,True,False,4.2608361283669176e-11
Col,0.8286427728546842,on,no_extinction_control,9.312861593002708e-11,True,False,4.2608361283669176e-11
Col,0.9102981779915218,off,hard_extinction,0.0,True,False,0.0
Col,0.9102981779915218,off,no_extinction_control,7.714390903856838e-09,True,False,0.0
Col,0.9102981779915218,on,hard_extinction,6.328100932151415e-09,True,False,3.243294272037289e-09
Col,0.9102981779915218,on,no_extinction_control,6.328100932151415e-09,True,False,3.243294272037289e-09
Col,0.9999999999999994,off,hard_extinction,0.0,True,False,0.0
Col,0.9999999999999994,off,no_extinction_control,6.149925013687607e-11,True,False,0.0
Col,0.9999999999999994,on,hard_extinction,8.402868845180933e-09,True,False,5.044270612319934e-09
Col,0.9999999999999994,on,no_extinction_control,8.402868845180933e-09,True,False,5.044270612319934e-09
Col,1.0985411419875584,off,hard_extinction,0.0,True,False,0.0
Col,1.0985411419875584,off,no_extinction_control,7.407408020299044e-13,True,False,0.0
Col,1.0985411419875584,on,hard_extinction,2.4953358070956e-06,True,False,1.9410522754115256e-06
Col,1.0985411419875584,on,no_extinction_control,2.4953358070956e-06,True,False,1.9410522754115256e-06
Col,1.2067926406393277,off,hard_extinction,0.0,True,False,0.0
Col,1.2067926406393277,off,no_extinction_control,1.2434497875801752e-14,True,False,0.0
Col,1.2067926406393277,on,hard_extinction,1.4700549882951108e-06,True,False,1.8646827205648364e-06
Col,1.2067926406393277,on,no_extinction_control,1.4700549882951108e-06,True,False,1.8646827205648364e-06
Col,1.325711365590108,off,hard_extinction,0.0,True,False,0.0
Col,1.325711365590108,off,no_extinction_control,0.0,True,False,0.0
Col,1.325711365590108,on,hard_extinction,0.000288031525775,True,False,0.0004999974229613
Col,1.325711365590108,on,no_extinction_control,0.000288031525775,True,False,0.0004999974229613
Col,1.456348477501243,off,hard_extinction,0.0,True,False,0.0
Col,1.456348477501243,off,no_extinction_control,0.0,True,False,0.0
Col,1.456348477501243,on,hard_extinction,7.984163286046742,False,False,0.0004967241501978
Col,1.456348477501243,on,no_extinction_control,0.8337690144077596,False,False,0.0004238868807089
Col,1.5998587196060574,off,hard_extinction,0.0,True,False,0.0
Col,1.5998587196060574,off,no_extinction_control,0.0,True,False,0.0
Col,1.5998587196060574,on,hard_extinction,5.551115123125783e-17,True,False,0.0
Col,1.5998587196060574,on,no_extinction_control,1.1026135602046132,False,False,2.167583890155811e-10
Col,1.7575106248547911,off,hard_extinction,0.0,True,False,0.0
Col,1.7575106248547911,off,no_extinction_control,0.0,True,False,0.0
Col,1.7575106248547911,on,hard_extinction,0.0,True,False,0.0
Col,1.7575106248547911,on,no_extinction_control,0.0013464727221794,True,False,1.5987211554602254e-14
Col,1.9306977288832496,off,hard_extinction,0.0,True,False,0.0
Col,1.9306977288832496,off,no_extinction_control,0.0,True,False,0.0
Col,1.9306977288832496,on,hard_extinction,9.43689570931383e-16,True,False,0.0
Col,1.9306977288832496,on,no_extinction_control,0.001092728491459,True,False,1.2878587085651816e-14
Col,2.1209508879201904,off,hard_extinction,0.0,True,False,0.0
Col,2.1209508879201904,off,no_extinction_control,0.0,True,False,0.0
Col,2.1209508879201904,on,hard_extinction,1.6653345369377348e-15,True,False,0.0
Col,2.1209508879201904,on,no_extinction_control,3.160845456484651e-05,True,False,2.220446049250313e-16
Col,2.329951810515372,off,hard_extinction,0.0,True,False,0.0
Col,2.329951810515372,off,no_extinction_control,0.0,True,False,0.0
Col,2.329951810515372,on,hard_extinction,2.775557561562891e-16,True,False,0.0
Col,2.329951810515372,on,no_extinction_control,5.6811007453916325e-08,True,False,0.0
Col,2.5595479226995357,off,hard_extinction,0.0,True,False,0.0
Col,2.5595479226995357,off,no_extinction_control,0.0,True,False,0.0
Col,2.5595479226995357,on,hard_extinction,0.0,True,False,0.0
Col,2.5595479226995357,on,no_extinction_control,8.120806441702655e-05,True,False,8.881784197001252e-16
Col,2.811768697974228,off,hard_extinction,0.0,True,False,0.0
Col,2.811768697974228,off,no_extinction_control,0.0,True,False,0.0
Col,2.811768697974228,on,hard_extinction,0.0,True,False,0.0
Col,2.811768697974228,on,no_extinction_control,9.310962046527038e-05,True,False,1.1102230246251563e-15
Col,3.0888435964774787,off,hard_extinction,0.0,True,False,0.0
Col,3.0888435964774787,off,no_extinction_control,0.0,True,False,0.0
Col,3.0888435964774787,on,hard_extinction,0.0,True,False,0.0
Col,3.0888435964774787,on,no_extinction_control,3.867092969400687e-06,True,False,0.0
Col,3.3932217718953264,off,hard_extinction,0.0,True,False,0.0
Col,3.3932217718953264,off,no_extinction_control,0.0,True,False,0.0
Col,3.3932217718953264,on,hard_extinction,0.0,True,False,0.0
Col,3.3932217718953264,on,no_extinction_control,2.109941394934367e-07,True,False,0.0
Col,3.727593720314938,off,hard_extinction,0.0,True,False,0.0
Col,3.727593720314938,off,no_extinction_control,0.0,True,False,0.0
Col,3.727593720314938,on,hard_extinction,0.0,True,False,0.0
Col,3.727593720314938,on,no_extinction_control,1.4802546743908353e-08,True,False,0.0
Col,4.094915062380423,off,hard_extinction,0.0,True,False,0.0
Col,4.094915062380423,off,no_extinction_control,0.0,True,False,0.0
Col,4.094915062380423,on,hard_extinction,0.0,True,False,0.0
Col,4.094915062380423,on,no_extinction_control,1.3086367545156463e-09,True,False,0.0
Col,4.498432668969444,off,hard_extinction,0.0,True,False,0.0
Col,4.498432668969444,off,no_extinction_control,0.0,True,False,0.0
Col,4.498432668969444,on,hard_extinction,0.0,True,False,0.0
Col,4.498432668969444,on,no_extinction_control,1.4305356899058094e-10,True,False,0.0
Col,4.941713361323833,off,hard_extinction,0.0,True,False,0.0
Col,4.941713361323833,off,no_extinction_control,0.0,True,False,0.0
Col,4.941713361323833,on,hard_extinction,0.0,True,False,0.0
Col,4.941713361323833,on,no_extinction_control,1.899636004054628e-11,True,False,0.0
Col,5.428675439323859,off,hard_extinction,0.0,True,False,0.0
Col,5.428675439323859,off,no_extinction_control,0.0,True,False,0.0
Col,5.428675439323859,on,hard_extinction,0.0,True,False,0.0
Col,5.428675439323859,on,no_extinction_control,3.014477556462225e-12,True,False,0.0
Col,5.963623316594643,off,hard_extinction,0.0,True,False,0.0
Col,5.963623316594643,off,no_extinction_control,0.0,True,False,0.0
Col,5.963623316594643,on,hard_extinction,0.0,True,False,0.0
Col,5.963623316594643,on,no_extinction_control,5.631051180898794e-13,True,False,0.0
Col,6.551285568595502,off,hard_extinction,0.0,True,False,0.0
Col,6.551285568595502,off,no_extinction_control,0.0,True,False,0.0
Col,6.551285568595502,on,hard_extinction,0.0,True,False,0.0
Col,6.551285568595502,on,no_extinction_control,1.2256862191861728e-13,True,False,0.0
Col,7.196856730011514,off,hard_extinction,0.0,True,False,0.0
Col,7.196856730011514,off,no_extinction_control,0.0,True,False,0.0
Col,7.196856730011514,on,hard_extinction,0.0,True,False,0.0
Col,7.196856730011514,on,no_extinction_control,3.1974423109204515e-14,True,False,0.0
Col,7.906043210907693,off,hard_extinction,0.0,True,False,0.0
Col,7.906043210907693,off,no_extinction_control,0.0,True,False,0.0
Col,7.906043210907693,on,hard_extinction,0.0,True,False,0.0
Col,7.906043210907693,on,no_extinction_control,8.881784197001252e-15,True,False,0.0
Col,8.68511373751352,off,hard_extinction,0.0,True,False,0.0
Col,8.68511373751352,off,no_extinction_control,0.0,True,False,0.0
Col,8.68511373751352,on,hard_extinction,0.0,True,False,0.0
Col,8.68511373751352,on,no_extinction_control,3.552713678800501e-15,True,False,0.0
Col,9.540954763499936,off,hard_extinction,0.0,True,False,0.0
Col,9.540954763499936,off,no_extinction_control,0.0,True,False,0.0
Col,9.540954763499936,on,hard_extinction,0.0,True,False,0.0
Col,9.540954763499936,on,no_extinction_control,1.7763568394002505e-15,True,False,0.0
Col,10.481131341546853,off,hard_extinction,0.0,True,False,0.0
Col,10.481131341546853,off,no_extinction_control,0.0,True,False,0.0
Col,10.481131341546853,on,hard_extinction,0.0,True,False,0.0
Col,10.481131341546853,on,no_extinction_control,0.0,True,False,0.0
Col,11.513953993264469,off,hard_extinction,0.0,True,False,0.0
Col,11.513953993264469,off,no_extinction_control,0.0,True,False,0.0
Col,11.513953993264469,on,hard_extinction,0.0,True,False,0.0
Col,11.513953993264469,on,no_extinction_control,0.0,True,False,0.0
Col,12.64855216855296,off,hard_extinction,0.0,True,False,0.0
Col,12.64855216855296,off,no_extinction_control,0.0,True,False,0.0
Col,12.64855216855296,on,hard_extinction,0.0,True,False,0.0
Col,12.64855216855296,on,no_extinction_control,0.0,True,False,0.0
Col,13.894954943731374,off,hard_extinction,0.0,True,False,0.0
Col,13.894954943731374,off,no_extinction_control,0.0,True,False,0.0
Col,13.894954943731374,on,hard_extinction,0.0,True,False,0.0
Col,13.894954943731374,on,no_extinction_control,0.0,True,False,0.0
Col,15.264179671752318,off,hard_extinction,0.0,True,False,0.0
Col,15.264179671752318,off,no_extinction_control,0.0,True,False,0.0
Col,15.264179671752318,on,hard_extinction,0.0,True,False,0.0
Col,15.264179671752318,on,no_extinction_control,0.0,True,False,0.0
Col,16.768329368110066,off,hard_extinction,0.0,True,False,0.0
Col,16.768329368110066,off,no_extinction_control,0.0,True,False,0.0
Col,16.768329368110066,on,hard_extinction,0.0,True,False,0.0
Col,16.768329368110066,on,no_extinction_control,0.0,True,False,0.0
Col,18.420699693267142,off,hard_extinction,0.0,True,False,0.0
Col,18.420699693267142,off,no_extinction_control,0.0,True,False,0.0
Col,18.420699693267142,on,hard_extinction,0.0,True,False,0.0
Col,18.420699693267142,on,no_extinction_control,0.0,True,False,0.0
Col,20.23589647725155,off,hard_extinction,0.0,True,False,0.0
Col,20.23589647725155,off,no_extinction_control,0.0,True,False,0.0
Col,20.23589647725155,on,hard_extinction,0.0,True,False,0.0
Col,20.23589647725155,on,no_extinction_control,0.0,True,False,0.0
Col,22.229964825261938,off,hard_extinction,0.0,True,False,0.0
Col,22.229964825261938,off,no_extinction_control,0.0,True,False,0.0
Col,22.229964825261938,on,hard_extinction,0.0,True,False,0.0
Col,22.229964825261938,on,no_extinction_control,0.0,True,False,0.0
Col,24.420530945486497,off,hard_extinction,0.0,True,False,0.0
Col,24.420530945486497,off,no_extinction_control,0.0,True,False,0.0
Col,24.420530945486497,on,hard_extinction,0.0,True,False,0.0
Col,24.420530945486497,on,no_extinction_control,0.0,True,False,0.0
Col,26.826957952797247,off,hard_extinction,0.0,True,False,0.0
Col,26.826957952797247,off,no_extinction_control,0.0,True,False,0.0
Col,26.826957952797247,on,hard_extinction,0.0,True,False,0.0
Col,26.826957952797247,on,no_extinction_control,0.0,True,False,0.0
Col,29.4705170255181,off,hard_extinction,0.0,True,False,0.0
Col,29.4705170255181,off,no_extinction_control,0.0,True,False,0.0
Col,29.4705170255181,on,hard_extinction,0.0,True,False,0.0
Col,29.4705170255181,on,no_extinction_control,0.0,True,False,0.0
Col,32.374575428176435,off,hard_extinction,0.0,True,False,0.0
Col,32.374575428176435,off,no_extinction_control,0.0,True,False,0.0
Col,32.374575428176435,on,hard_extinction,0.0,True,False,0.0
Col,32.374575428176435,on,no_extinction_control,0.0,True,False,0.0
Col,35.56480306223125,off,hard_extinction,0.0,True,False,0.0
Col,35.56480306223125,off,no_extinction_control,0.0,True,False,0.0
Col,35.56480306223125,on,hard_extinction,0.0,True,False,0.0
Col,35.56480306223125,on,no_extinction_control,0.0,True,False,0.0
Col,39.06939937054613,off,hard_extinction,0.0,True,False,0.0
Col,39.06939937054613,off,no_extinction_control,0.0,True,False,0.0
Col,39.06939937054613,on,hard_extinction,0.0,True,False,0.0
Col,39.06939937054613,on,no_extinction_control,0.0,True,False,0.0
Col,42.91934260128774,off,hard_extinction,0.0,True,False,0.0
Col,42.91934260128774,off,no_extinction_control,0.0,True,False,0.0
Col,42.91934260128774,on,hard_extinction,0.0,True,False,0.0
Col,42.91934260128774,on,no_extinction_control,0.0,True,False,0.0
Col,47.1486636345739,off,hard_extinction,0.0,True,False,0.0
Col,47.1486636345739,off,no_extinction_control,0.0,True,False,0.0
Col,47.1486636345739,on,hard_extinction,0.0,True,False,0.0
Col,47.1486636345739,on,no_extinction_control,0.0,True,False,0.0
Col,51.794746792312075,off,hard_extinction,0.0,True,False,0.0
Col,51.794746792312075,off,no_extinction_control,0.0,True,False,0.0
Col,51.794746792312075,on,hard_extinction,0.0,True,False,0.0
Col,51.794746792312075,on,no_extinction_control,0.0,True,False,0.0
Col,56.89866029018293,off,hard_extinction,0.0,True,False,0.0
Col,56.89866029018293,off,no_extinction_control,0.0,True,False,0.0
Col,56.89866029018293,on,hard_extinction,0.0,True,False,0.0
Col,56.89866029018293,on,no_extinction_control,0.0,True,False,0.0
Col,62.505519252739695,off,hard_extinction,0.0,True,False,0.0
Col,62.505519252739695,off,no_extinction_control,0.0,True,False,0.0
Col,62.505519252739695,on,hard_extinction,0.0,True,False,0.0
Col,62.505519252739695,on,no_extinction_control,0.0,True,False,0.0
Col,68.66488450042998,off,hard_extinction,0.0,True,False,0.0
Col,68.66488450042998,off,no_extinction_control,0.0,True,False,0.0
Col,68.66488450042998,on,hard_extinction,0.0,True,False,0.0
Col,68.66488450042998,on,no_extinction_control,0.0,True,False,0.0
Col,75.43120063354615,off,hard_extinction,0.0,True,False,0.0
Col,75.43120063354615,off,no_extinction_control,0.0,True,False,0.0
Col,75.43120063354615,on,hard_extinction,0.0,True,False,0.0
Col,75.43120063354615,on,no_extinction_control,0.0,True,False,0.0
Col,82.86427728546842,off,hard_extinction,0.0,True,False,0.0
Col,82.86427728546842,off,no_extinction_control,0.0,True,False,0.0
Col,82.86427728546842,on,hard_extinction,0.0,True,False,0.0
Col,82.86427728546842,on,no_extinction_control,0.0,True,False,0.0
Col,91.02981779915208,off,hard_extinction,0.0,True,False,0.0
Col,91.02981779915208,off,no_extinction_control,0.0,True,False,0.0
Col,91.02981779915208,on,hard_extinction,0.0,True,False,0.0
Col,91.02981779915208,on,no_extinction_control,0.0,True,False,0.0
Col,100.0,off,hard_extinction,0.0,True,False,0.0
Col,100.0,off,no_extinction_control,0.0,True,False,0.0
Col,100.0,on,hard_extinction,0.0,True,False,0.0
Col,100.0,on,no_extinction_control,0.0,True,False,0.0
Cs,0.0,off,hard_extinction,1.9404669277633957e-05,True,False,2.066571234665693e-06
Cs,0.0,off,no_extinction_control,1.9404669277633957e-05,True,False,2.066571234665693e-06
Cs,0.0,on,hard_extinction,5.660307778043715e-10,True,False,5.974278710629832e-11
Cs,0.0,on,no_extinction_control,5.660307778043715e-10,True,False,5.974278710629832e-11
Cs,0.01,off,hard_extinction,3.42035335609836e-07,True,False,4.6417643624618865e-08
Cs,0.01,off,no_extinction_control,3.42035335609836e-07,True,False,4.6417643624618865e-08
Cs,0.01,on,hard_extinction,4.278173069138802e-07,True,False,5.7384284761485826e-08
Cs,0.01,on,no_extinction_control,4.278173069138802e-07,True,False,5.7384284761485826e-08
Cs,0.0109854114198755,off,hard_extinction,2.414284161478264e-07,True,False,3.3374590854839965e-08
Cs,0.0109854114198755,off,no_extinction_control,2.414284161478264e-07,True,False,3.3374590854839965e-08
Cs,0.0109854114198755,on,hard_extinction,3.0540542006463056e-07,True,False,4.1723305185814574e-08
Cs,0.0109854114198755,on,no_extinction_control,3.0540542006463056e-07,True,False,4.1723305185814574e-08
Cs,0.0120679264063932,off,hard_extinction,1.6468437191718976e-07,True,False,2.3212300193087287e-08
Cs,0.0120679264063932,off,no_extinction_control,1.6468437191718976e-07,True,False,2.3212300193087287e-08
Cs,0.0120679264063932,on,hard_extinction,2.109119114912517e-07,True,False,2.93763201819619e-08
Cs,0.0120679264063932,on,no_extinction_control,2.109119114912517e-07,True,False,2.93763201819619e-08
Cs,0.013257113655901,off,hard_extinction,1.0820440765613173e-07,True,False,1.556559998949769e-08
Cs,0.013257113655901,off,no_extinction_control,1.0820440765613173e-07,True,False,1.556559998949769e-08
Cs,0.013257113655901,on,hard_extinction,1.4045992280387054e-07,True,False,1.996481395483141e-08
Cs,0.013257113655901,on,no_extinction_control,1.4045992280387054e-07,True,False,1.996481395483141e-08
Cs,0.0145634847750124,off,hard_extinction,6.82375569382998e-08,True,False,1.0027804836498788e-08
Cs,0.0145634847750124,off,no_extinction_control,6.82375569382998e-08,True,False,1.0027804836498788e-08
Cs,0.0145634847750124,on,hard_extinction,8.989373001533353e-08,True,False,1.3051840386246738e-08
Cs,0.0145634847750124,on,no_extinction_control,8.989373001533353e-08,True,False,1.3051840386246738e-08
Cs,0.0159985871960605,off,hard_extinction,4.114437524016523e-08,True,False,6.182232503704199e-09
Cs,0.0159985871960605,off,no_extinction_control,4.114437524016523e-08,True,False,6.182232503704199e-09
Cs,0.0159985871960605,on,hard_extinction,5.5080632277437764e-08,True,False,8.176539861848298e-09
Cs,0.0159985871960605,on,no_extinction_control,5.5080632277437764e-08,True,False,8.176539861848298e-09
Cs,0.0175751062485479,off,hard_extinction,2.362021600532671e-08,True,False,3.6319628970993283e-09
Cs,0.0175751062485479,off,no_extinction_control,2.362021600532671e-08,True,False,3.6319628970993283e-09
Cs,0.0175751062485479,on,hard_extinction,3.2179994891023966e-08,True,False,4.8883734143911894e-09
Cs,0.0175751062485479,on,no_extinction_control,3.2179994891023966e-08,True,False,4.8883734143911894e-09
Cs,0.0193069772888324,off,hard_extinction,1.2851894437559965e-08,True,False,2.023912842874509e-09
Cs,0.0193069772888324,off,no_extinction_control,1.2851894437559965e-08,True,False,2.023912842874509e-09
Cs,0.0193069772888324,on,hard_extinction,1.7846976341218124e-08,True,False,2.776550225846996e-09
Cs,0.0193069772888324,on,no_extinction_control,1.7846976341218124e-08,True,False,2.776550225846996e-09
Cs,0.0212095088792019,off,hard_extinction,6.595188173363908e-09,True,False,1.0644660708436502e-09
Cs,0.0212095088792019,off,no_extinction_control,6.595188173363908e-09,True,False,1.0644660708436502e-09
Cs,0.0212095088792019,on,hard_extinction,9.350847873790258e-09,True,False,1.4910048196092871e-09
Cs,0.0212095088792019,on,no_extinction_control,9.350847873790258e-09,True,False,1.4910048196092871e-09
Cs,0.0232995181051537,off,hard_extinction,3.175215645967455e-09,True,False,5.255748058985431e-10
Cs,0.0232995181051537,off,no_extinction_control,3.175215645967455e-09,True,False,5.255748058985431e-10
Cs,0.0232995181051537,on,hard_extinction,4.604721715040227e-09,True,False,7.53022658117608e-10
Cs,0.0232995181051537,on,no_extinction_control,4.604721715040227e-09,True,False,7.53022658117608e-10
Cs,0.0255954792269953,off,hard_extinction,1.4261971603701795e-09,True,False,2.4223235917109065e-10
Cs,0.0255954792269953,off,no_extinction_control,1.4261971603701795e-09,True,False,2.4223235917109065e-10
Cs,0.0255954792269953,on,hard_extinction,2.119521447241368e-09,True,False,3.5568625822435246e-10
Cs,0.0255954792269953,on,no_extinction_control,2.119521447241368e-09,True,False,3.5568625822435246e-10
Cs,0.0281176869797423,off,hard_extinction,5.941898084671492e-10,True,False,1.035992402975694e-10
Cs,0.0281176869797423,off,no_extinction_control,5.941898084671492e-10,True,False,1.035992402975694e-10
Cs,0.0281176869797423,on,hard_extinction,9.066625228371096e-10,True,False,1.562080326200643e-10
Cs,0.0281176869797423,on,no_extinction_control,9.066625228371096e-10,True,False,1.562080326200643e-10
Cs,0.0308884359647748,off,hard_extinction,2.2825763501543858e-10,True,False,4.0867559336632546e-11
Cs,0.0308884359647748,off,no_extinction_control,2.2825763501543858e-10,True,False,4.0867559336632546e-11
Cs,0.0308884359647748,on,hard_extinction,3.5830494127253587e-10,True,False,6.340097891133212e-11
Cs,0.0308884359647748,on,no_extinction_control,3.5830494127253587e-10,True,False,6.340097891133212e-11
Cs,0.0339322177189532,off,hard_extinction,8.039990895269966e-11,True,False,1.4784798385569786e-11
Cs,0.0339322177189532,off,no_extinction_control,8.039990895269966e-11,True,False,1.4784798385569786e-11
Cs,0.0339322177189532,on,hard_extinction,1.3005863053194844e-10,True,False,2.3641033575216852e-11
Cs,0.0339322177189532,on,no_extinction_control,1.3005863053194844e-10,True,False,2.3641033575216852e-11
Cs,0.0372759372031494,off,hard_extinction,2.5828006400274717e-11,True,False,4.878916715078674e-12
Cs,0.0372759372031494,off,no_extinction_control,2.5828006400274717e-11,True,False,4.878916715078674e-12
Cs,0.0372759372031494,on,hard_extinction,4.313638335418091e-11,True,False,8.055542344287403e-12
Cs,0.0372759372031494,on,no_extinction_control,4.313638335418091e-11,True,False,8.055542344287403e-12
Cs,0.0409491506238042,off,hard_extinction,7.549960656660915e-12,True,False,1.4649809143563177e-12
Cs,0.0409491506238042,off,no_extinction_control,7.549960656660915e-12,True,False,1.4649809143563177e-12
Cs,0.0409491506238042,on,hard_extinction,1.3009149313347734e-11,True,False,2.496211570779394e-12
Cs,0.0409491506238042,on,no_extinction_control,1.3009149313347734e-11,True,False,2.496211570779394e-12
Cs,0.0449843266896944,off,hard_extinction,2.0017321133991572e-12,True,False,3.987782326575484e-13
Cs,0.0449843266896944,off,no_extinction_control,2.0017321133991572e-12,True,False,3.987782326575484e-13
Cs,0.0449843266896944,on,hard_extinction,3.5644820428615276e-12,True,False,7.025074966193756e-13
Cs,0.0449843266896944,on,no_extinction_control,3.5644820428615276e-12,True,False,7.025074966193756e-13
Cs,0.0494171336132383,off,hard_extinction,4.82502926502093e-13,True,False,9.875433804040769e-14
Cs,0.0494171336132383,off,no_extinction_control,4.82502926502093e-13,True,False,9.875433804040769e-14
Cs,0.0494171336132383,on,hard_extinction,8.888445535149003e-13,True,False,1.7987000777708317e-13
Cs,0.0494171336132383,on,no_extinction_control,8.888445535149003e-13,True,False,1.7987000777708317e-13
Cs,0.0542867543932385,off,hard_extinction,1.0835776720341529e-13,True,False,2.2745694217007895e-14
Cs,0.0542867543932385,off,no_extinction_control,1.0835776720341529e-13,True,False,2.2745694217007895e-14
Cs,0.0542867543932385,on,hard_extinction,2.027267242965536e-13,True,False,4.2091330421101254e-14
Cs,0.0542867543932385,on,no_extinction_control,2.027267242965536e-13,True,False,4.2091330421101254e-14
Cs,0.0596362331659464,off,hard_extinction,2.1760371282653068e-14,True,False,4.6629367034256575e-15
Cs,0.0596362331659464,off,no_extinction_control,2.1760371282653068e-14,True,False,4.6629367034256575e-15
Cs,0.0596362331659464,on,hard_extinction,4.285460875053104e-14,True,False,9.117706589734098e-15
Cs,0.0596362331659464,on,no_extinction_control,4.285460875053104e-14,True,False,9.117706589734098e-15
Cs,0.0655128556859551,off,hard_extinction,5.551115123125783e-15,True,False,1.2490009027033013e-15
Cs,0.0655128556859551,off,no_extinction_control,5.551115123125783e-15,True,False,1.2490009027033013e-15
Cs,0.0655128556859551,on,hard_extinction,9.547918011776346e-15,True,False,2.109423746787798e-15
Cs,0.0655128556859551,on,no_extinction_control,9.547918011776346e-15,True,False,2.109423746787798e-15
Cs,0.0719685673001152,off,hard_extinction,1.1102230246251563e-15,True,False,1.8041124150158791e-16
Cs,0.0719685673001152,off,no_extinction_control,1.1102230246251563e-15,True,False,1.8041124150158791e-16
Cs,0.0719685673001152,on,hard_extinction,1.9984014443252818e-15,True,False,4.579669976578771e-16
Cs,0.0719685673001152,on,no_extinction_control,1.9984014443252818e-15,True,False,4.579669976578771e-16
Cs,0.0790604321090769,off,hard_extinction,4.440892098500626e-16,True,False,6.938893903907227e-17
Cs,0.0790604321090769,off,no_extinction_control,4.440892098500626e-16,True,False,6.938893903907227e-17
Cs,0.0790604321090769,on,hard_extinction,0.0,True,False,1.3877787807814457e-17
Cs,0.0790604321090769,on,no_extinction_control,0.0,True,False,1.3877787807814457e-17
Cs,0.0868511373751352,off,hard_extinction,2.220446049250313e-16,True,False,6.938893903907227e-17
Cs,0.0868511373751352,off,no_extinction_control,2.220446049250313e-16,True,False,6.938893903907227e-17
Cs,0.0868511373751352,on,hard_extinction,1.1102230246251563e-16,True,False,0.0
Cs,0.0868511373751352,on,no_extinction_control,1.1102230246251563e-16,True,False,0.0
Cs,0.0954095476349993,off,hard_extinction,0.0,True,False,0.0
Cs,0.0954095476349993,off,no_extinction_control,0.0,True,False,0.0
Cs,0.0954095476349993,on,hard_extinction,0.0,True,False,0.0
Cs,0.0954095476349993,on,no_extinction_control,0.0,True,False,0.0
Cs,0.1048113134154685,off,hard_extinction,0.0,True,False,0.0
Cs,0.1048113134154685,off,no_extinction_control,0.0,True,False,0.0
Cs,0.1048113134154685,on,hard_extinction,2.220446049250313e-16,True,False,2.7755575615628914e-17
Cs,0.1048113134154685,on,no_extinction_control,2.220446049250313e-16,True,False,2.7755575615628914e-17
Cs,0.1151395399326447,off,hard_extinction,0.0,True,False,1.3877787807814457e-17
Cs,0.1151395399326447,off,no_extinction_control,0.0,True,False,1.3877787807814457e-17
Cs,0.1151395399326447,on,hard_extinction,0.0,True,False,0.0
Cs,0.1151395399326447,on,no_extinction_control,0.0,True,False,0.0
Cs,0.1264855216855295,off,hard_extinction,2.220446049250313e-15,True,False,5.689893001203927e-16
Cs,0.1264855216855295,off,no_extinction_control,2.220446049250313e-15,True,False,5.689893001203927e-16
Cs,0.1264855216855295,on,hard_extinction,6.661338147750939e-16,True,False,1.8041124150158791e-16
Cs,0.1264855216855295,on,no_extinction_control,6.661338147750939e-16,True,False,1.8041124150158791e-16
Cs,0.1389495494373137,off,hard_extinction,3.9745984281580604e-14,True,False,1.1546319456101628e-14
Cs,0.1389495494373137,off,no_extinction_control,3.9745984281580604e-14,True,False,1.1546319456101628e-14
Cs,0.1389495494373137,on,hard_extinction,9.547918011776346e-15,True,False,2.789435349370706e-15
Cs,0.1389495494373137,on,no_extinction_control,9.547918011776346e-15,True,False,2.789435349370706e-15
Cs,0.1526417967175233,off,hard_extinction,4.030331623994243e-12,True,False,1.2460310561124288e-12
Cs,0.1526417967175233,off,no_extinction_control,4.030331623994243e-12,True,False,1.2460310561124288e-12
Cs,0.1526417967175233,on,hard_extinction,7.336353746723034e-13,True,False,2.213507155346406e-13
Cs,0.1526417967175233,on,no_extinction_control,7.336353746723034e-13,True,False,2.213507155346406e-13
Cs,0.1676832936811007,off,hard_extinction,1.1597252047579332e-09,True,False,3.9301811805003695e-10
Cs,0.1676832936811007,off,no_extinction_control,1.1597252047579332e-09,True,False,3.9301811805003695e-10
Cs,0.1676832936811007,on,hard_extinction,1.5256995666845796e-10,True,False,4.9870246821015485e-11
Cs,0.1676832936811007,on,no_extinction_control,1.5256995666845796e-10,True,False,4.9870246821015485e-11
Cs,0.1842069969326715,off,hard_extinction,6.978893833942124e-07,True,False,2.7411125888554544e-07
Cs,0.1842069969326715,off,no_extinction_control,6.978893833942124e-07,True,False,2.7411125888554544e-07
Cs,0.1842069969326715,on,hard_extinction,7.36345315832665e-08,True,False,2.7232916227637464e-08
Cs,0.1842069969326715,on,no_extinction_control,7.36345315832665e-08,True,False,2.7232916227637464e-08
Cs,0.2023589647725156,off,hard_extinction,6.263186649313468e-07,True,False,3.228516572417739e-07
Cs,0.2023589647725156,off,no_extinction_control,6.263186649313468e-07,True,False,3.228516572417739e-07
Cs,0.2023589647725156,on,hard_extinction,5.6397472913971576e-08,True,False,2.5893661464992945e-08
Cs,0.2023589647725156,on,no_extinction_control,5.6397472913971576e-08,True,False,2.5893661464992945e-08
Cs,0.2222996482526194,off,hard_extinction,1.497069859857092e-06,True,False,1.4191331410562391e-06
Cs,0.2222996482526194,off,no_extinction_control,1.497069859857092e-06,True,False,1.4191331410562391e-06
Cs,0.2222996482526194,on,hard_extinction,4.5504904149229475e-06,True,False,3.2675696021167155e-06
Cs,0.2222996482526194,on,no_extinction_control,4.5504904149229475e-06,True,False,3.2675696021167155e-06
Cs,0.2442053094548651,off,hard_extinction,9.197236608368025,False,True,0.0081555046333714
Cs,0.2442053094548651,off,no_extinction_control,2.5341879131827527,False,True,0.0081316621133264
Cs,0.2442053094548651,on,hard_extinction,0.0022165319484472,False,False,0.0047876055671705
Cs,0.2442053094548651,on,no_extinction_control,0.0022165319484472,False,False,0.0047876055671705
Cs,0.2682695795279725,off,hard_extinction,1.8318679906315083e-15,True,False,0.0
Cs,0.2682695795279725,off,no_extinction_control,1.3987281866079115e-05,True,False,2.220446049250313e-16
Cs,0.2682695795279725,on,hard_extinction,6.661338147750939e-16,True,False,0.0
Cs,0.2682695795279725,on,no_extinction_control,0.0009725581955031,True,False,1.1768364061026661e-14
Cs,0.2947051702551809,off,hard_extinction,0.0,True,False,0.0
Cs,0.2947051702551809,off,no_extinction_control,0.0002927439091013,True,False,3.552713678800501e-15
Cs,0.2947051702551809,on,hard_extinction,1.27675647831893e-15,True,False,0.0
Cs,0.2947051702551809,on,no_extinction_control,2.8621371853887467e-05,True,False,2.220446049250313e-16
Cs,0.3237457542817643,off,hard_extinction,0.0,True,False,0.0
Cs,0.3237457542817643,off,no_extinction_control,1.0908429715072998e-10,True,False,0.0
Cs,0.3237457542817643,on,hard_extinction,0.0,True,False,0.0
Cs,0.3237457542817643,on,no_extinction_control,6.87760461914877e-08,True,False,0.0
Cs,0.3556480306223128,off,hard_extinction,0.0,True,False,0.0
Cs,0.3556480306223128,off,no_extinction_control,3.82057191750107e-06,True,False,0.0
Cs,0.3556480306223128,on,hard_extinction,0.0,True,False,0.0
Cs,0.3556480306223128,on,no_extinction_control,8.526512829121202e-14,True,False,0.0
Cs,0.3906939937054615,off,hard_extinction,0.0,True,False,0.0
Cs,0.3906939937054615,off,no_extinction_control,9.044992310691669e-09,True,False,0.0
Cs,0.3906939937054615,on,hard_extinction,0.0,True,False,0.0
Cs,0.3906939937054615,on,no_extinction_control,2.649174497548757e-07,True,False,0.0
Cs,0.4291934260128776,off,hard_extinction,0.0,True,False,0.0
Cs,0.4291934260128776,off,no_extinction_control,3.644018420345674e-11,True,False,0.0
Cs,0.4291934260128776,on,hard_extinction,0.0,True,False,0.0
Cs,0.4291934260128776,on,no_extinction_control,1.0672636108211007e-09,True,False,0.0
Cs,0.4714866363457392,off,hard_extinction,0.0,True,False,0.0
Cs,0.4714866363457392,off,no_extinction_control,1.9756374314283676e-09,True,False,0.0
Cs,0.4714866363457392,on,hard_extinction,0.0,True,False,0.0
Cs,0.4714866363457392,on,no_extinction_control,4.7887873222407507e-08,True,False,0.0
Cs,0.517947467923121,off,hard_extinction,0.0,True,False,0.0
Cs,0.517947467923121,off,no_extinction_control,1.7733370327732697e-11,True,False,0.0
Cs,0.517947467923121,on,hard_extinction,0.0,True,False,0.0
Cs,0.517947467923121,on,no_extinction_control,4.339124615171386e-10,True,False,0.0
Cs,0.5689866029018296,off,hard_extinction,0.0,True,False,0.0
Cs,0.5689866029018296,off,no_extinction_control,2.3803181647963356e-13,True,False,0.0
Cs,0.5689866029018296,on,hard_extinction,0.0,True,False,0.0
Cs,0.5689866029018296,on,no_extinction_control,5.863753926860227e-12,True,False,0.0
Cs,0.6250551925273969,off,hard_extinction,0.0,True,False,0.0
Cs,0.6250551925273969,off,no_extinction_control,5.3290705182007506e-15,True,False,0.0
Cs,0.6250551925273969,on,hard_extinction,0.0,True,False,0.0
Cs,0.6250551925273969,on,no_extinction_control,1.1546319456101628e-13,True,False,0.0
Cs,0.6866488450042998,off,hard_extinction,0.0,True,False,0.0
Cs,0.6866488450042998,off,no_extinction_control,0.0,True,False,0.0
Cs,0.6866488450042998,on,hard_extinction,0.0,True,False,0.0
Cs,0.6866488450042998,on,no_extinction_control,3.552713678800501e-15,True,False,0.0
Cs,0.7543120063354615,off,hard_extinction,0.0,True,False,0.0
Cs,0.7543120063354615,off,no_extinction_control,0.0,True,False,0.0
Cs,0.7543120063354615,on,hard_extinction,0.0,True,False,0.0
Cs,0.7543120063354615,on,no_extinction_control,0.0,True,False,0.0
Cs,0.8286427728546842,off,hard_extinction,0.0,True,False,0.0
Cs,0.8286427728546842,off,no_extinction_control,0.0,True,False,0.0
Cs,0.8286427728546842,on,hard_extinction,0.0,True,False,0.0
Cs,0.8286427728546842,on,no_extinction_control,0.0,True,False,0.0
Cs,0.9102981779915218,off,hard_extinction,0.0,True,False,0.0
Cs,0.9102981779915218,off,no_extinction_control,0.0,True,False,0.0
Cs,0.9102981779915218,on,hard_extinction,0.0,True,False,0.0
Cs,0.9102981779915218,on,no_extinction_control,0.0,True,False,0.0
Cs,0.9999999999999994,off,hard_extinction,0.0,True,False,0.0
Cs,0.9999999999999994,off,no_extinction_control,0.0,True,False,0.0
Cs,0.9999999999999994,on,hard_extinction,0.0,True,False,0.0
Cs,0.9999999999999994,on,no_extinction_control,0.0,True,False,0.0
Cs,1.0985411419875584,off,hard_extinction,0.0,True,False,0.0
Cs,1.0985411419875584,off,no_extinction_control,0.0,True,False,0.0
Cs,1.0985411419875584,on,hard_extinction,0.0,True,False,0.0
Cs,1.0985411419875584,on,no_extinction_control,0.0,True,False,0.0
Cs,1.2067926406393277,off,hard_extinction,0.0,True,False,0.0
Cs,1.2067926406393277,off,no_extinction_control,0.0,True,False,0.0
Cs,1.2067926406393277,on,hard_extinction,0.0,True,False,0.0
Cs,1.2067926406393277,on,no_extinction_control,0.0,True,False,0.0
Cs,1.325711365590108,off,hard_extinction,0.0,True,False,0.0
Cs,1.325711365590108,off,no_extinction_control,0.0,True,False,0.0
Cs,1.325711365590108,on,hard_extinction,0.0,True,False,0.0
Cs,1.325711365590108,on,no_extinction_control,0.0,True,False,0.0
Cs,1.456348477501243,off,hard_extinction,0.0,True,False,0.0
Cs,1.456348477501243,off,no_extinction_control,0.0,True,False,0.0
Cs,1.456348477501243,on,hard_extinction,0.0,True,False,0.0
Cs,1.456348477501243,on,no_extinction_control,0.0,True,False,0.0
Cs,1.5998587196060574,off,hard_extinction,0.0,True,False,0.0
Cs,1.5998587196060574,off,no_extinction_control,0.0,True,False,0.0
Cs,1.5998587196060574,on,hard_extinction,0.0,True,False,0.0
Cs,1.5998587196060574,on,no_extinction_control,0.0,True,False,0.0
Cs,1.7575106248547911,off,hard_extinction,0.0,True,False,0.0
Cs,1.7575106248547911,off,no_extinction_control,0.0,True,False,0.0
Cs,1.7575106248547911,on,hard_extinction,0.0,True,False,0.0
Cs,1.7575106248547911,on,no_extinction_control,0.0,True,False,0.0
Cs,1.9306977288832496,off,hard_extinction,0.0,True,False,0.0
Cs,1.9306977288832496,off,no_extinction_control,0.0,True,False,0.0
Cs,1.9306977288832496,on,hard_extinction,0.0,True,False,0.0
Cs,1.9306977288832496,on,no_extinction_control,0.0,True,False,0.0
Cs,2.1209508879201904,off,hard_extinction,0.0,True,False,0.0
Cs,2.1209508879201904,off,no_extinction_control,0.0,True,False,0.0
Cs,2.1209508879201904,on,hard_extinction,0.0,True,False,0.0
Cs,2.1209508879201904,on,no_extinction_control,0.0,True,False,0.0
Cs,2.329951810515372,off,hard_extinction,0.0,True,False,0.0
Cs,2.329951810515372,off,no_extinction_control,0.0,True,False,0.0
Cs,2.329951810515372,on,hard_extinction,0.0,True,False,0.0
Cs,2.329951810515372,on,no_extinction_control,0.0,True,False,0.0
Cs,2.5595479226995357,off,hard_extinction,0.0,True,False,0.0
Cs,2.5595479226995357,off,no_extinction_control,0.0,True,False,0.0
Cs,2.5595479226995357,on,hard_extinction,0.0,True,False,0.0
Cs,2.5595479226995357,on,no_extinction_control,0.0,True,False,0.0
Cs,2.811768697974228,off,hard_extinction,0.0,True,False,0.0
Cs,2.811768697974228,off,no_extinction_control,0.0,True,False,0.0
Cs,2.811768697974228,on,hard_extinction,0.0,True,False,0.0
Cs,2.811768697974228,on,no_extinction_control,0.0,True,False,0.0
Cs,3.0888435964774787,off,hard_extinction,0.0,True,False,0.0
Cs,3.0888435964774787,off,no_extinction_control,0.0,True,False,0.0
Cs,3.0888435964774787,on,hard_extinction,0.0,True,False,0.0
Cs,3.0888435964774787,on,no_extinction_control,0.0,True,False,0.0
Cs,3.3932217718953264,off,hard_extinction,0.0,True,False,0.0
Cs,3.3932217718953264,off,no_extinction_control,0.0,True,False,0.0
Cs,3.3932217718953264,on,hard_extinction,0.0,True,False,0.0
Cs,3.3932217718953264,on,no_extinction_control,0.0,True,False,0.0
Cs,3.727593720314938,off,hard_extinction,0.0,True,False,0.0
Cs,3.727593720314938,off,no_extinction_control,0.0,True,False,0.0
Cs,3.727593720314938,on,hard_extinction,0.0,True,False,0.0
Cs,3.727593720314938,on,no_extinction_control,0.0,True,False,0.0
Cs,4.094915062380423,off,hard_extinction,0.0,True,False,0.0
Cs,4.094915062380423,off,no_extinction_control,0.0,True,False,0.0
Cs,4.094915062380423,on,hard_extinction,0.0,True,False,0.0
Cs,4.094915062380423,on,no_extinction_control,0.0,True,False,0.0
Cs,4.498432668969444,off,hard_extinction,0.0,True,False,0.0
Cs,4.498432668969444,off,no_extinction_control,0.0,True,False,0.0
Cs,4.498432668969444,on,hard_extinction,0.0,True,False,0.0
Cs,4.498432668969444,on,no_extinction_control,0.0,True,False,0.0
Cs,4.941713361323833,off,hard_extinction,0.0,True,False,0.0
Cs,4.941713361323833,off,no_extinction_control,0.0,True,False,0.0
Cs,4.941713361323833,on,hard_extinction,0.0,True,False,0.0
Cs,4.941713361323833,on,no_extinction_control,0.0,True,False,0.0
Cs,5.428675439323859,off,hard_extinction,0.0,True,False,0.0
Cs,5.428675439323859,off,no_extinction_control,0.0,True,False,0.0
Cs,5.428675439323859,on,hard_extinction,0.0,True,False,0.0
Cs,5.428675439323859,on,no_extinction_control,0.0,True,False,0.0
Cs,5.963623316594643,off,hard_extinction,0.0,True,False,0.0
Cs,5.963623316594643,off,no_extinction_control,0.0,True,False,0.0
Cs,5.963623316594643,on,hard_extinction,0.0,True,False,0.0
Cs,5.963623316594643,on,no_extinction_control,0.0,True,False,0.0
Cs,6.551285568595502,off,hard_extinction,0.0,True,False,0.0
Cs,6.551285568595502,off,no_extinction_control,0.0,True,False,0.0
Cs,6.551285568595502,on,hard_extinction,0.0,True,False,0.0
Cs,6.551285568595502,on,no_extinction_control,0.0,True,False,0.0
Cs,7.196856730011514,off,hard_extinction,0.0,True,False,0.0
Cs,7.196856730011514,off,no_extinction_control,0.0,True,False,0.0
Cs,7.196856730011514,on,hard_extinction,0.0,True,False,0.0
Cs,7.196856730011514,on,no_extinction_control,0.0,True,False,0.0
Cs,7.906043210907693,off,hard_extinction,0.0,True,False,0.0
Cs,7.906043210907693,off,no_extinction_control,0.0,True,False,0.0
Cs,7.906043210907693,on,hard_extinction,0.0,True,False,0.0
Cs,7.906043210907693,on,no_extinction_control,0.0,True,False,0.0
Cs,8.68511373751352,off,hard_extinction,0.0,True,False,0.0
Cs,8.68511373751352,off,no_extinction_control,0.0,True,False,0.0
Cs,8.68511373751352,on,hard_extinction,0.0,True,False,0.0
Cs,8.68511373751352,on,no_extinction_control,0.0,True,False,0.0
Cs,9.540954763499936,off,hard_extinction,0.0,True,False,0.0
Cs,9.540954763499936,off,no_extinction_control,0.0,True,False,0.0
Cs,9.540954763499936,on,hard_extinction,0.0,True,False,0.0
Cs,9.540954763499936,on,no_extinction_control,0.0,True,False,0.0
Cs,10.481131341546853,off,hard_extinction,0.0,True,False,0.0
Cs,10.481131341546853,off,no_extinction_control,0.0,True,False,0.0
Cs,10.481131341546853,on,hard_extinction,0.0,True,False,0.0
Cs,10.481131341546853,on,no_extinction_control,0.0,True,False,0.0
Cs,11.513953993264469,off,hard_extinction,0.0,True,False,0.0
Cs,11.513953993264469,off,no_extinction_control,0.0,True,False,0.0
Cs,11.513953993264469,on,hard_extinction,0.0,True,False,0.0
Cs,11.513953993264469,on,no_extinction_control,0.0,True,False,0.0
Cs,12.64855216855296,off,hard_extinction,0.0,True,False,0.0
Cs,12.64855216855296,off,no_extinction_control,0.0,True,False,0.0
Cs,12.64855216855296,on,hard_extinction,0.0,True,False,0.0
Cs,12.64855216855296,on,no_extinction_control,0.0,True,False,0.0
Cs,13.894954943731374,off,hard_extinction,0.0,True,False,0.0
Cs,13.894954943731374,off,no_extinction_control,0.0,True,False,0.0
Cs,13.894954943731374,on,hard_extinction,0.0,True,False,0.0
Cs,13.894954943731374,on,no_extinction_control,0.0,True,False,0.0
Cs,15.264179671752318,off,hard_extinction,0.0,True,False,0.0
Cs,15.264179671752318,off,no_extinction_control,0.0,True,False,0.0
Cs,15.264179671752318,on,hard_extinction,0.0,True,False,0.0
Cs,15.264179671752318,on,no_extinction_control,0.0,True,False,0.0
Cs,16.768329368110066,off,hard_extinction,0.0,True,False,0.0
Cs,16.768329368110066,off,no_extinction_control,0.0,True,False,0.0
Cs,16.768329368110066,on,hard_extinction,0.0,True,False,0.0
Cs,16.768329368110066,on,no_extinction_control,0.0,True,False,0.0
Cs,18.420699693267142,off,hard_extinction,0.0,True,False,0.0
Cs,18.420699693267142,off,no_extinction_control,0.0,True,False,0.0
Cs,18.420699693267142,on,hard_extinction,0.0,True,False,0.0
Cs,18.420699693267142,on,no_extinction_control,0.0,True,False,0.0
Cs,20.23589647725155,off,hard_extinction,0.0,True,False,0.0
Cs,20.23589647725155,off,no_extinction_control,0.0,True,False,0.0
Cs,20.23589647725155,on,hard_extinction,0.0,True,False,0.0
Cs,20.23589647725155,on,no_extinction_control,0.0,True,False,0.0
Cs,22.229964825261938,off,hard_extinction,0.0,True,False,0.0
Cs,22.229964825261938,off,no_extinction_control,0.0,True,False,0.0
Cs,22.229964825261938,on,hard_extinction,0.0,True,False,0.0
Cs,22.229964825261938,on,no_extinction_control,0.0,True,False,0.0
Cs,24.420530945486497,off,hard_extinction,0.0,True,False,0.0
Cs,24.420530945486497,off,no_extinction_control,0.0,True,False,0.0
Cs,24.420530945486497,on,hard_extinction,0.0,True,False,0.0
Cs,24.420530945486497,on,no_extinction_control,0.0,True,False,0.0
Cs,26.826957952797247,off,hard_extinction,0.0,True,False,0.0
Cs,26.826957952797247,off,no_extinction_control,0.0,True,False,0.0
Cs,26.826957952797247,on,hard_extinction,0.0,True,False,0.0
Cs,26.826957952797247,on,no_extinction_control,0.0,True,False,0.0
Cs,29.4705170255181,off,hard_extinction,0.0,True,False,0.0
Cs,29.4705170255181,off,no_extinction_control,0.0,True,False,0.0
Cs,29.4705170255181,on,hard_extinction,0.0,True,False,0.0
Cs,29.4705170255181,on,no_extinction_control,0.0,True,False,0.0
Cs,32.374575428176435,off,hard_extinction,0.0,True,False,0.0
Cs,32.374575428176435,off,no_extinction_control,0.0,True,False,0.0
Cs,32.374575428176435,on,hard_extinction,0.0,True,False,0.0
Cs,32.374575428176435,on,no_extinction_control,0.0,True,False,0.0
Cs,35.56480306223125,off,hard_extinction,0.0,True,False,0.0
Cs,35.56480306223125,off,no_extinction_control,0.0,True,False,0.0
Cs,35.56480306223125,on,hard_extinction,0.0,True,False,0.0
Cs,35.56480306223125,on,no_extinction_control,0.0,True,False,0.0
Cs,39.06939937054613,off,hard_extinction,0.0,True,False,0.0
Cs,39.06939937054613,off,no_extinction_control,0.0,True,False,0.0
Cs,39.06939937054613,on,hard_extinction,0.0,True,False,0.0
Cs,39.06939937054613,on,no_extinction_control,0.0,True,False,0.0
Cs,42.91934260128774,off,hard_extinction,0.0,True,False,0.0
Cs,42.91934260128774,off,no_extinction_control,0.0,True,False,0.0
Cs,42.91934260128774,on,hard_extinction,0.0,True,False,0.0
Cs,42.91934260128774,on,no_extinction_control,0.0,True,False,0.0
Cs,47.1486636345739,off,hard_extinction,0.0,True,False,0.0
Cs,47.1486636345739,off,no_extinction_control,0.0,True,False,0.0
Cs,47.1486636345739,on,hard_extinction,0.0,True,False,0.0
Cs,47.1486636345739,on,no_extinction_control,0.0,True,False,0.0
Cs,51.794746792312075,off,hard_extinction,0.0,True,False,0.0
Cs,51.794746792312075,off,no_extinction_control,0.0,True,False,0.0
Cs,51.794746792312075,on,hard_extinction,0.0,True,False,0.0
Cs,51.794746792312075,on,no_extinction_control,0.0,True,False,0.0
Cs,56.89866029018293,off,hard_extinction,0.0,True,False,0.0
Cs,56.89866029018293,off,no_extinction_control,0.0,True,False,0.0
Cs,56.89866029018293,on,hard_extinction,0.0,True,False,0.0
Cs,56.89866029018293,on,no_extinction_control,0.0,True,False,0.0
Cs,62.505519252739695,off,hard_extinction,0.0,True,False,0.0
Cs,62.505519252739695,off,no_extinction_control,0.0,True,False,0.0
Cs,62.505519252739695,on,hard_extinction,0.0,True,False,0.0
Cs,62.505519252739695,on,no_extinction_control,0.0,True,False,0.0
Cs,68.66488450042998,off,hard_extinction,0.0,True,False,0.0
Cs,68.66488450042998,off,no_extinction_control,0.0,True,False,0.0
Cs,68.66488450042998,on,hard_extinction,0.0,True,False,0.0
Cs,68.66488450042998,on,no_extinction_control,0.0,True,False,0.0
Cs,75.43120063354615,off,hard_extinction,0.0,True,False,0.0
Cs,75.43120063354615,off,no_extinction_control,0.0,True,False,0.0
Cs,75.43120063354615,on,hard_extinction,0.0,True,False,0.0
Cs,75.43120063354615,on,no_extinction_control,0.0,True,False,0.0
Cs,82.86427728546842,off,hard_extinction,0.0,True,False,0.0
Cs,82.86427728546842,off,no_extinction_control,0.0,True,False,0.0
Cs,82.86427728546842,on,hard_extinction,0.0,True,False,0.0
Cs,82.86427728546842,on,no_extinction_control,0.0,True,False,0.0
Cs,91.02981779915208,off,hard_extinction,0.0,True,False,0.0
Cs,91.02981779915208,off,no_extinction_control,0.0,True,False,0.0
Cs,91.02981779915208,on,hard_extinction,0.0,True,False,0.0
Cs,91.02981779915208,on,no_extinction_control,0.0,True,False,0.0
Cs,100.0,off,hard_extinction,0.0,True,False,0.0
Cs,100.0,off,no_extinction_control,0.0,True,False,0.0
Cs,100.0,on,hard_extinction,0.0,True,False,0.0
Cs,100.0,on,no_extinction_control,0.0,True,False,0.0
Et,0.0,off,hard_extinction,0.0,True,False,0.0
Et,0.0,off,no_extinction_control,0.0,True,False,7.284394058400589e-28
Et,0.0,on,hard_extinction,0.0,True,False,0.0
Et,0.0,on,no_extinction_control,1.1712526237772637e-07,True,False,1.4097531418633985e-18
Et,0.01,off,hard_extinction,0.0,True,False,0.0
Et,0.01,off,no_extinction_control,1.467803656396427e-11,True,False,1.7666567526211786e-22
Et,0.01,on,hard_extinction,0.0,True,False,0.0
Et,0.01,on,no_extinction_control,1.371541458183856e-07,True,False,1.6508265440902993e-18
Et,0.0109854114198755,off,hard_extinction,0.0,True,False,0.0
Et,0.0109854114198755,off,no_extinction_control,4.956390853294579e-11,True,False,5.965565342981604e-22
Et,0.0109854114198755,on,hard_extinction,0.0,True,False,0.0
Et,0.0109854114198755,on,no_extinction_control,1.3930435649456285e-07,True,False,1.676707087788597e-18
Et,0.0120679264063932,off,hard_extinction,0.0,True,False,0.0
Et,0.0120679264063932,off,no_extinction_control,1.8835599746580556e-10,True,False,2.2671098335067777e-21
Et,0.0120679264063932,on,hard_extinction,0.0,True,False,0.0
Et,0.0120679264063932,on,no_extinction_control,1.4170532125490356e-07,True,False,1.7056057983699228e-18
Et,0.013257113655901,off,hard_extinction,0.0,True,False,0.0
Et,0.013257113655901,off,no_extinction_control,8.144933616449633e-10,True,False,9.803472188941744e-21
Et,0.013257113655901,on,hard_extinction,0.0,True,False,0.0
Et,0.013257113655901,on,no_extinction_control,1.4439060080917446e-07,True,False,1.7379266019979316e-18
Et,0.0145634847750124,off,hard_extinction,0.0,True,False,0.0
Et,0.0145634847750124,off,no_extinction_control,4.055140223613307e-09,True,False,4.8808810887427984e-20
Et,0.0145634847750124,on,hard_extinction,0.0,True,False,0.0
Et,0.0145634847750124,on,no_extinction_control,1.4739917553185933e-07,True,False,1.7741386685632945e-18
Et,0.0159985871960605,off,hard_extinction,0.0,True,False,0.0
Et,0.0159985871960605,off,no_extinction_control,2.3540678739664145e-08,True,False,2.8334231826455163e-19
Et,0.0159985871960605,on,hard_extinction,0.0,True,False,0.0
Et,0.0159985871960605,on,no_extinction_control,1.507765166053332e-07,True,False,1.8147893277277596e-18
Et,0.0175751062485479,off,hard_extinction,0.0,True,False,0.0
Et,0.0175751062485479,off,no_extinction_control,1.614947002792633e-07,True,False,1.9437966725366922e-18
Et,0.0175751062485479,on,hard_extinction,0.0,True,False,0.0
Et,0.0175751062485479,on,no_extinction_control,1.545759218402054e-07,True,False,1.8605200545767864e-18
Et,0.0193069772888324,off,hard_extinction,0.0,True,False,0.0
Et,0.0193069772888324,off,no_extinction_control,1.3279159283285935e-06,True,False,1.5983212415873726e-17
Et,0.0193069772888324,on,hard_extinction,0.0,True,False,0.0
Et,0.0193069772888324,on,no_extinction_control,1.5886015880539617e-07,True,False,1.9120863755308833e-18
Et,0.0212095088792019,off,hard_extinction,0.0,True,False,0.0
Et,0.0212095088792019,off,no_extinction_control,1.3281625866667923e-05,True,False,1.5986540498951787e-16
Et,0.0212095088792019,on,hard_extinction,0.0,True,False,0.0
Et,0.0212095088792019,on,no_extinction_control,1.6370354849470917e-07,True,False,1.970382814469481e-18
Et,0.0232995181051537,off,hard_extinction,0.0,True,False,0.0
Et,0.0232995181051537,off,no_extinction_control,0.0001639979317396,True,False,1.9745523550634324e-15
Et,0.0232995181051537,on,hard_extinction,0.0,True,False,0.0
Et,0.0232995181051537,on,no_extinction_control,1.691945730186717e-07,True,False,2.036474364551842e-18
Et,0.0255954792269953,off,hard_extinction,0.0,True,False,0.0
Et,0.0255954792269953,off,no_extinction_control,0.0009575336445131,True,False,1.1537861827946768e-14
Et,0.0255954792269953,on,hard_extinction,0.0,True,False,0.0
Et,0.0255954792269953,on,no_extinction_control,1.7543919739182456e-07,True,False,2.1116364713692813e-18
Et,0.0281176869797423,off,hard_extinction,0.0,True,False,0.0
Et,0.0281176869797423,off,no_extinction_control,1.1570750757528005e-07,True,False,1.3926887929674911e-18
Et,0.0281176869797423,on,hard_extinction,0.0,True,False,0.0
Et,0.0281176869797423,on,no_extinction_control,1.8256512568370908e-07,True,False,2.197406203317318e-18
Et,0.0308884359647748,off,hard_extinction,0.0,True,False,0.0
Et,0.0308884359647748,off,no_extinction_control,1.7728367303959658e-05,True,False,2.1339250112576656e-16
Et,0.0308884359647748,on,hard_extinction,0.0,True,False,0.0
Et,0.0308884359647748,on,no_extinction_control,1.9072727930335986e-07,True,False,2.295648246242914e-18
Et,0.0339322177189532,off,hard_extinction,0.0,True,False,0.0
Et,0.0339322177189532,off,no_extinction_control,0.0026974374185275,True,False,3.2568212971519364e-14
Et,0.0339322177189532,on,hard_extinction,0.0,True,False,0.0
Et,0.0339322177189532,on,no_extinction_control,2.00114929072015e-07,True,False,2.408640710472854e-18
Et,0.0372759372031494,off,hard_extinction,1.6653345369377348e-16,True,False,0.0
Et,0.0372759372031494,off,no_extinction_control,0.0013375914317101,True,False,1.6169053047096437e-14
Et,0.0372759372031494,on,hard_extinction,0.0,True,False,0.0
Et,0.0372759372031494,on,no_extinction_control,2.109610406364482e-07,True,False,2.5391876562227884e-18
Et,0.0409491506238042,off,hard_extinction,2.8310687127941488e-15,True,False,0.0
Et,0.0409491506238042,off,no_extinction_control,0.0547419529724049,False,False,8.715390366283832e-13
Et,0.0409491506238042,on,hard_extinction,0.0,True,False,0.0
Et,0.0409491506238042,on,no_extinction_control,2.2355464857071186e-07,True,False,2.690767994330235e-18
Et,0.0449843266896944,off,hard_extinction,0.0,True,False,0.0
Et,0.0449843266896944,off,no_extinction_control,0.1060597513272139,False,False,7.277335283415898e-08
Et,0.0449843266896944,on,hard_extinction,0.0,True,False,0.0
Et,0.0449843266896944,on,no_extinction_control,2.382573871528848e-07,True,False,2.8677344083081962e-18
Et,0.0494171336132383,off,hard_extinction,0.0006593368480429,False,False,3.7910494850765777e-06
Et,0.0494171336132383,off,no_extinction_control,0.0006593368480429,False,False,3.7910494850765777e-06
Et,0.0494171336132383,on,hard_extinction,0.0,True,False,0.0
Et,0.0494171336132383,on,no_extinction_control,2.555257783143361e-07,True,False,3.0755817948493113e-18
Et,0.0542867543932385,off,hard_extinction,0.0001215710809758,True,False,2.9257675995108395e-06
Et,0.0542867543932385,off,no_extinction_control,0.0001215710809758,True,False,2.9257675995108395e-06
Et,0.0542867543932385,on,hard_extinction,0.0,True,False,0.0
Et,0.0542867543932385,on,no_extinction_control,2.759416677378113e-07,True,False,3.3213134066814914e-18
Et,0.0596362331659464,off,hard_extinction,2.9845955218377185e-07,True,False,1.2289258680131532e-08
Et,0.0596362331659464,off,no_extinction_control,2.9845955218377185e-07,True,False,1.2289258680131532e-08
Et,0.0596362331659464,on,hard_extinction,0.0,True,False,0.0
Et,0.0596362331659464,on,no_extinction_control,3.0025418418233585e-07,True,False,3.6139459436923115e-18
Et,0.0655128556859551,off,hard_extinction,3.6009635397959983e-06,True,False,2.0525541291269159e-07
Et,0.0655128556859551,off,no_extinction_control,3.6009635397959983e-06,True,False,2.0525541291269159e-07
Et,0.0655128556859551,on,hard_extinction,0.0,True,False,0.0
Et,0.0655128556859551,on,no_extinction_control,3.294383184027083e-07,True,False,3.965214745085721e-18
Et,0.0719685673001152,off,hard_extinction,1.6166136918016605e-06,True,False,1.1576715289868257e-07
Et,0.0719685673001152,off,no_extinction_control,1.6166136918016605e-06,True,False,1.1576715289868257e-07
Et,0.0719685673001152,on,hard_extinction,0.0,True,False,0.0
Et,0.0719685673001152,on,no_extinction_control,3.647777901960581e-07,True,False,4.39057100810151e-18
Et,0.0790604321090769,off,hard_extinction,9.671279777023757e-08,True,False,8.24179600955599e-09
Et,0.0790604321090769,off,no_extinction_control,9.671279777023757e-08,True,False,8.24179600955599e-09
Et,0.0790604321090769,on,hard_extinction,0.0,True,False,0.0
Et,0.0790604321090769,on,no_extinction_control,4.079837978565593e-07,True,False,4.910611248710033e-18
Et,0.0868511373751352,off,hard_extinction,9.506009313042796e-09,True,False,9.339887474535402e-10
Et,0.0868511373751352,off,no_extinction_control,9.506009313042796e-09,True,False,9.339887474535402e-10
Et,0.0868511373751352,on,hard_extinction,0.0,True,False,0.0
Et,0.0868511373751352,on,no_extinction_control,4.613677404563532e-07,True,False,5.5531562135624e-18
Et,0.0954095476349993,off,hard_extinction,2.724833692013817e-09,True,False,3.0381185067707145e-10
Et,0.0954095476349993,off,no_extinction_control,2.724833692013817e-09,True,False,3.0381185067707145e-10
Et,0.0954095476349993,on,hard_extinction,0.0,True,False,0.0
Et,0.0954095476349993,on,no_extinction_control,5.280963222276114e-07,True,False,6.3563212998173056e-18
Et,0.1048113134154685,off,hard_extinction,4.687971788541745e-09,True,False,5.925654689153959e-10
Et,0.1048113134154685,off,no_extinction_control,4.687971788541745e-09,True,False,5.925654689153959e-10
Et,0.1048113134154685,on,hard_extinction,0.0,True,False,0.0
Et,0.1048113134154685,on,no_extinction_control,6.125745528606785e-07,True,False,7.373126636980704e-18
Et,0.1151395399326447,off,hard_extinction,8.583863575495344e-08,True,False,1.2528708390191491e-08
Et,0.1151395399326447,off,no_extinction_control,8.583863575495344e-08,True,False,1.2528708390191491e-08
Et,0.1151395399326447,on,hard_extinction,0.0,True,False,0.0
Et,0.1151395399326447,on,no_extinction_control,7.210310393190866e-07,True,False,8.678541737684929e-18
Et,0.1264855216855295,off,hard_extinction,8.342593060817194e-09,True,False,1.487061654370514e-09
Et,0.1264855216855295,off,no_extinction_control,8.342593060817194e-09,True,False,1.487061654370514e-09
Et,0.1264855216855295,on,hard_extinction,0.0,True,False,0.0
Et,0.1264855216855295,on,no_extinction_control,8.624293368342251e-07,True,False,1.0380454936170583e-17
Et,0.1389495494373137,off,hard_extinction,6.523788081080895e-06,True,False,1.6694970461778036e-06
Et,0.1389495494373137,off,no_extinction_control,6.523788081080895e-06,True,False,1.6694970461778036e-06
Et,0.1389495494373137,on,hard_extinction,0.0,True,False,0.0
Et,0.1389495494373137,on,no_extinction_control,1.049915953288405e-06,True,False,1.2637102106606049e-17
Et,0.1526417967175233,off,hard_extinction,5.311924351225627e-05,True,False,3.7097268035413133e-05
Et,0.1526417967175233,off,no_extinction_control,5.311924351225627e-05,True,False,3.7097268035413133e-05
Et,0.1526417967175233,on,hard_extinction,0.0,True,False,0.0
Et,0.1526417967175233,on,no_extinction_control,1.3031712811084617e-06,True,False,1.5685363481054008e-17
Et,0.1676832936811007,off,hard_extinction,4.3298697960381105e-15,True,False,0.0
Et,0.1676832936811007,off,no_extinction_control,2.7330612110009067,False,False,3.167444306839684e-09
Et,0.1676832936811007,on,hard_extinction,0.0,True,False,0.0
Et,0.1676832936811007,on,no_extinction_control,1.6523161718851045e-06,True,False,1.9887784922511475e-17
Et,0.1842069969326715,off,hard_extinction,3.0531133177191805e-15,True,False,0.0
Et,0.1842069969326715,off,no_extinction_control,0.0007635570252215,True,False,9.103828801926284e-15
Et,0.1842069969326715,on,hard_extinction,0.0,True,False,0.0
Et,0.1842069969326715,on,no_extinction_control,2.144567631034988e-06,True,False,2.581268929681694e-17
Et,0.2023589647725156,off,hard_extinction,0.0,True,False,0.0
Et,0.2023589647725156,off,no_extinction_control,1.77045835769718e-06,True,False,0.0
Et,0.2023589647725156,on,hard_extinction,0.0,True,False,0.0
Et,0.2023589647725156,on,no_extinction_control,0.0,True,False,5.884668748704623e-32
Et,0.2222996482526194,off,hard_extinction,0.0,True,False,0.0
Et,0.2222996482526194,off,no_extinction_control,8.810729923425242e-13,True,False,0.0
Et,0.2222996482526194,on,hard_extinction,0.0,True,False,0.0
Et,0.2222996482526194,on,no_extinction_control,0.0,True,False,1.1395722625231548e-31
Et,0.2442053094548651,off,hard_extinction,0.0,True,False,0.0
Et,0.2442053094548651,off,no_extinction_control,3.2542536132496025e-07,True,False,0.0
Et,0.2442053094548651,on,hard_extinction,0.0,True,False,0.0
Et,0.2442053094548651,on,no_extinction_control,0.0,True,False,2.3547660693839654e-31
Et,0.2682695795279725,off,hard_extinction,0.0,True,False,0.0
Et,0.2682695795279725,off,no_extinction_control,9.277467682977657e-10,True,False,0.0
Et,0.2682695795279725,on,hard_extinction,0.0,True,False,0.0
Et,0.2682695795279725,on,no_extinction_control,0.0,True,False,5.2251411406852375e-31
Et,0.2947051702551809,off,hard_extinction,0.0,True,False,0.0
Et,0.2947051702551809,off,no_extinction_control,6.24963085726904e-08,True,False,0.0
Et,0.2947051702551809,on,hard_extinction,0.0,True,False,0.0
Et,0.2947051702551809,on,no_extinction_control,0.0,True,False,1.2537671359351464e-30
Et,0.3237457542817643,off,hard_extinction,0.0,True,False,0.0
Et,0.3237457542817643,off,no_extinction_control,4.0500580666957825e-10,True,False,0.0
Et,0.3237457542817643,on,hard_extinction,0.0,True,False,0.0
Et,0.3237457542817643,on,no_extinction_control,0.0,True,False,3.2780749491035454e-30
Et,0.3556480306223128,off,hard_extinction,0.0,True,False,0.0
Et,0.3556480306223128,off,no_extinction_control,4.0447645233143695e-12,True,False,0.0
Et,0.3556480306223128,on,hard_extinction,0.0,True,False,0.0
Et,0.3556480306223128,on,no_extinction_control,0.0,True,False,9.417487099486213e-30
Et,0.3906939937054615,off,hard_extinction,0.0,True,False,0.0
Et,0.3906939937054615,off,no_extinction_control,6.039613253960853e-14,True,False,0.0
Et,0.3906939937054615,on,hard_extinction,0.0,True,False,0.0
Et,0.3906939937054615,on,no_extinction_control,0.0,True,False,3.000135017974046e-29
Et,0.4291934260128776,off,hard_extinction,0.0,True,False,0.0
Et,0.4291934260128776,off,no_extinction_control,1.7763568394002505e-15,True,False,0.0
Et,0.4291934260128776,on,hard_extinction,0.0,True,False,0.0
Et,0.4291934260128776,on,no_extinction_control,0.0,True,False,1.0704976889118983e-28
Et,0.4714866363457392,off,hard_extinction,0.0,True,False,0.0
Et,0.4714866363457392,off,no_extinction_control,0.0,True,False,0.0
Et,0.4714866363457392,on,hard_extinction,0.0,True,False,0.0
Et,0.4714866363457392,on,no_extinction_control,0.0,True,False,4.325384190729377e-28
Et,0.517947467923121,off,hard_extinction,0.0,True,False,0.0
Et,0.517947467923121,off,no_extinction_control,0.0,True,False,0.0
Et,0.517947467923121,on,hard_extinction,0.0,True,False,0.0
Et,0.517947467923121,on,no_extinction_control,0.0,True,False,2.002817392260197e-27
Et,0.5689866029018296,off,hard_extinction,0.0,True,False,0.0
Et,0.5689866029018296,off,no_extinction_control,0.0,True,False,0.0
Et,0.5689866029018296,on,hard_extinction,0.0,True,False,0.0
Et,0.5689866029018296,on,no_extinction_control,1.7763568394002505e-15,True,False,1.0766814668693115e-26
Et,0.6250551925273969,off,hard_extinction,0.0,True,False,0.0
Et,0.6250551925273969,off,no_extinction_control,0.0,True,False,0.0
Et,0.6250551925273969,on,hard_extinction,0.0,True,False,0.0
Et,0.6250551925273969,on,no_extinction_control,7.105427357601002e-15,True,False,6.816283841499556e-26
Et,0.6866488450042998,off,hard_extinction,0.0,True,False,0.0
Et,0.6866488450042998,off,no_extinction_control,0.0,True,False,0.0
Et,0.6866488450042998,on,hard_extinction,0.0,True,False,0.0
Et,0.6866488450042998,on,no_extinction_control,4.263256414560601e-14,True,False,5.160905387159049e-25
Et,0.7543120063354615,off,hard_extinction,0.0,True,False,0.0
Et,0.7543120063354615,off,no_extinction_control,0.0,True,False,0.0
Et,0.7543120063354615,on,hard_extinction,0.0,True,False,0.0
Et,0.7543120063354615,on,no_extinction_control,3.943512183468556e-13,True,False,4.752153782648405e-24
Et,0.8286427728546842,off,hard_extinction,0.0,True,False,0.0
Et,0.8286427728546842,off,no_extinction_control,0.0,True,False,0.0
Et,0.8286427728546842,on,hard_extinction,0.0,True,False,0.0
Et,0.8286427728546842,on,no_extinction_control,4.501288231040235e-12,True,False,5.418747846243855e-23
Et,0.9102981779915218,off,hard_extinction,0.0,True,False,0.0
Et,0.9102981779915218,off,no_extinction_control,0.0,True,False,0.0
Et,0.9102981779915218,on,hard_extinction,0.0,True,False,0.0
Et,0.9102981779915218,on,no_extinction_control,6.482103742655454e-11,True,False,7.802090337470119e-22
Et,0.9999999999999994,off,hard_extinction,0.0,True,False,0.0
Et,0.9999999999999994,off,no_extinction_control,0.0,True,False,0.0
Et,0.9999999999999994,on,hard_extinction,0.0,True,False,0.0
Et,0.9999999999999994,on,no_extinction_control,1.2033432028601963e-09,True,False,1.4483795338224548e-20
Et,1.0985411419875584,off,hard_extinction,0.0,True,False,0.0
Et,1.0985411419875584,off,no_extinction_control,0.0,True,False,0.0
Et,1.0985411419875584,on,hard_extinction,0.0,True,False,0.0
Et,1.0985411419875584,on,no_extinction_control,2.944619659217551e-08,True,False,3.5442281769843573e-19
Et,1.2067926406393277,off,hard_extinction,0.0,True,False,0.0
Et,1.2067926406393277,off,no_extinction_control,0.0,True,False,0.0
Et,1.2067926406393277,on,hard_extinction,0.0,True,False,0.0
Et,1.2067926406393277,on,no_extinction_control,9.720271947344372e-07,True,False,1.169961200016365e-17
Et,1.325711365590108,off,hard_extinction,0.0,True,False,0.0
Et,1.325711365590108,off,no_extinction_control,0.0,True,False,0.0
Et,1.325711365590108,on,hard_extinction,0.0,True,False,0.0
Et,1.325711365590108,on,no_extinction_control,4.431059296905459e-05,True,False,5.333697433649254e-16
Et,1.456348477501243,off,hard_extinction,0.0,True,False,0.0
Et,1.456348477501243,off,no_extinction_control,0.0,True,False,0.0
Et,1.456348477501243,on,hard_extinction,0.0,True,False,0.0
Et,1.456348477501243,on,no_extinction_control,0.0004617111747649,True,False,5.560242054962607e-15
Et,1.5998587196060574,off,hard_extinction,0.0,True,False,0.0
Et,1.5998587196060574,off,no_extinction_control,0.0,True,False,0.0
Et,1.5998587196060574,on,hard_extinction,0.0,True,False,0.0
Et,1.5998587196060574,on,no_extinction_control,1.3991611211849886e-06,True,False,1.6840738747357685e-17
Et,1.7575106248547911,off,hard_extinction,0.0,True,False,0.0
Et,1.7575106248547911,off,no_extinction_control,0.0,True,False,0.0
Et,1.7575106248547911,on,hard_extinction,0.0,True,False,0.0
Et,1.7575106248547911,on,no_extinction_control,0.0028549765612844,True,False,3.4535558762926575e-14
Et,1.9306977288832496,off,hard_extinction,0.0,True,False,0.0
Et,1.9306977288832496,off,no_extinction_control,0.0,True,False,0.0
Et,1.9306977288832496,on,hard_extinction,1.6653345369377348e-16,True,False,0.0
Et,1.9306977288832496,on,no_extinction_control,0.0067602130822859,True,False,8.201193668626317e-14
Et,2.1209508879201904,off,hard_extinction,0.0,True,False,0.0
Et,2.1209508879201904,off,no_extinction_control,0.0,True,False,0.0
Et,2.1209508879201904,on,hard_extinction,0.0,True,False,0.0
Et,2.1209508879201904,on,no_extinction_control,0.3334345390035818,False,False,1.2664475882315506e-09
Et,2.329951810515372,off,hard_extinction,0.0,True,False,0.0
Et,2.329951810515372,off,no_extinction_control,0.0,True,False,0.0
Et,2.329951810515372,on,hard_extinction,0.006749314565611,False,False,2.561969309222895e-05
Et,2.329951810515372,on,no_extinction_control,0.006749314565611,False,False,2.561969309222895e-05
Et,2.5595479226995357,off,hard_extinction,0.0,True,False,0.0
Et,2.5595479226995357,off,no_extinction_control,0.0,True,False,0.0
Et,2.5595479226995357,on,hard_extinction,1.5181300776490048e-06,True,False,4.24901115802373e-08
Et,2.5595479226995357,on,no_extinction_control,1.5181300776490048e-06,True,False,4.24901115802373e-08
Et,2.811768697974228,off,hard_extinction,0.0,True,False,0.0
Et,2.811768697974228,off,no_extinction_control,0.0,True,False,0.0
Et,2.811768697974228,on,hard_extinction,1.4588774632784407e-11,True,False,7.290695824835325e-13
Et,2.811768697974228,on,no_extinction_control,1.4588774632784407e-11,True,False,7.290695824835325e-13
Et,3.0888435964774787,off,hard_extinction,0.0,True,False,0.0
Et,3.0888435964774787,off,no_extinction_control,0.0,True,False,0.0
Et,3.0888435964774787,on,hard_extinction,1.2216901445150086e-05,True,False,8.521638234539053e-07
Et,3.0888435964774787,on,no_extinction_control,1.2216901445150086e-05,True,False,8.521638234539053e-07
Et,3.3932217718953264,off,hard_extinction,0.0,True,False,0.0
Et,3.3932217718953264,off,no_extinction_control,0.0,True,False,0.0
Et,3.3932217718953264,on,hard_extinction,3.395462817579187e-07,True,False,2.981437541293985e-08
Et,3.3932217718953264,on,no_extinction_control,3.395462817579187e-07,True,False,2.981437541293985e-08
Et,3.727593720314938,off,hard_extinction,0.0,True,False,0.0
Et,3.727593720314938,off,no_extinction_control,0.0,True,False,0.0
Et,3.727593720314938,on,hard_extinction,1.448483333277295e-08,True,False,1.519327899601741e-09
Et,3.727593720314938,on,no_extinction_control,1.448483333277295e-08,True,False,1.519327899601741e-09
Et,4.094915062380423,off,hard_extinction,0.0,True,False,0.0
Et,4.094915062380423,off,no_extinction_control,0.0,True,False,0.0
Et,4.094915062380423,on,hard_extinction,1.5669721076250196e-09,True,False,1.9129372391679667e-10
Et,4.094915062380423,on,no_extinction_control,1.5669721076250196e-09,True,False,1.9129372391679667e-10
Et,4.498432668969444,off,hard_extinction,0.0,True,False,0.0
Et,4.498432668969444,off,no_extinction_control,0.0,True,False,0.0
Et,4.498432668969444,on,hard_extinction,5.854963180951245e-10,True,False,8.240044063745343e-11
Et,4.498432668969444,on,no_extinction_control,5.854963180951245e-10,True,False,8.240044063745343e-11
Et,4.941713361323833,off,hard_extinction,0.0,True,False,0.0
Et,4.941713361323833,off,no_extinction_control,0.0,True,False,0.0
Et,4.941713361323833,on,hard_extinction,6.10584027782579e-10,True,False,9.916767407247562e-11
Et,4.941713361323833,on,no_extinction_control,6.10584027782579e-10,True,False,9.916767407247562e-11
Et,5.428675439323859,off,hard_extinction,0.0,True,False,0.0
Et,5.428675439323859,off,no_extinction_control,0.0,True,False,0.0
Et,5.428675439323859,on,hard_extinction,9.205225470765299e-10,True,False,1.7353778136719455e-10
Et,5.428675439323859,on,no_extinction_control,9.205225470765299e-10,True,False,1.7353778136719455e-10
Et,5.963623316594643,off,hard_extinction,0.0,True,False,0.0
Et,5.963623316594643,off,no_extinction_control,0.0,True,False,0.0
Et,5.963623316594643,on,hard_extinction,1.084948353380355e-09,True,False,2.38245381756208e-10
Et,5.963623316594643,on,no_extinction_control,1.084948353380355e-09,True,False,2.38245381756208e-10
Et,6.551285568595502,off,hard_extinction,0.0,True,False,0.0
Et,6.551285568595502,off,no_extinction_control,0.0,True,False,0.0
Et,6.551285568595502,on,hard_extinction,7.908469434880772e-10,True,False,2.0146904977647037e-10
Et,6.551285568595502,on,no_extinction_control,7.908469434880772e-10,True,False,2.0146904977647037e-10
Et,7.196856730011514,off,hard_extinction,0.0,True,False,0.0
Et,7.196856730011514,off,no_extinction_control,0.0,True,False,0.0
Et,7.196856730011514,on,hard_extinction,3.8615199926539385e-10,True,False,1.1282363931996996e-10
Et,7.196856730011514,on,no_extinction_control,3.8615199926539385e-10,True,False,1.1282363931996996e-10
Et,7.906043210907693,off,hard_extinction,0.0,True,False,0.0
Et,7.906043210907693,off,no_extinction_control,0.0,True,False,0.0
Et,7.906043210907693,on,hard_extinction,1.506914593107922e-10,True,False,4.973127465390803e-11
Et,7.906043210907693,on,no_extinction_control,1.506914593107922e-10,True,False,4.973127465390803e-11
Et,8.68511373751352,off,hard_extinction,0.0,True,False,0.0
Et,8.68511373751352,off,no_extinction_control,0.0,True,False,0.0
Et,8.68511373751352,on,hard_extinction,5.4380722147584486e-11,True,False,1.995464904425148e-11
Et,8.68511373751352,on,no_extinction_control,5.4380722147584486e-11,True,False,1.995464904425148e-11
Et,9.540954763499936,off,hard_extinction,0.0,True,False,0.0
Et,9.540954763499936,off,no_extinction_control,0.0,True,False,0.0
Et,9.540954763499936,on,hard_extinction,1.9848345189643624e-11,True,False,7.981670879786407e-12
Et,9.540954763499936,on,no_extinction_control,1.9848345189643624e-11,True,False,7.981670879786407e-12
Et,10.481131341546853,off,hard_extinction,0.0,True,False,0.0
Et,10.481131341546853,off,no_extinction_control,0.0,True,False,0.0
Et,10.481131341546853,on,hard_extinction,7.686073999479959e-12,True,False,3.3451297287712127e-12
Et,10.481131341546853,on,no_extinction_control,7.686073999479959e-12,True,False,3.3451297287712127e-12
Et,11.513953993264469,off,hard_extinction,1.1102230246251563e-16,True,False,0.0
Et,11.513953993264469,off,no_extinction_control,0.0,True,False,0.0
Et,11.513953993264469,on,hard_extinction,3.2069902289322268e-12,True,False,1.4940548798136888e-12
Et,11.513953993264469,on,no_extinction_control,3.2069902289322268e-12,True,False,1.4940548798136888e-12
Et,12.64855216855296,off,hard_extinction,0.0,True,False,0.0
Et,12.64855216855296,off,no_extinction_control,0.0,True,False,0.0
Et,12.64855216855296,on,hard_extinction,1.4694911953938572e-12,True,False,7.281675262760245e-13
Et,12.64855216855296,on,no_extinction_control,1.4694911953938572e-12,True,False,7.281675262760245e-13
Et,13.894954943731374,off,hard_extinction,0.0,True,False,0.0
Et,13.894954943731374,off,no_extinction_control,0.0,True,False,0.0
Et,13.894954943731374,on,hard_extinction,7.251976796851524e-13,True,False,3.778366508555564e-13
Et,13.894954943731374,on,no_extinction_control,7.251976796851524e-13,True,False,3.778366508555564e-13
Et,15.264179671752318,off,hard_extinction,0.0,True,False,0.0
Et,15.264179671752318,off,no_extinction_control,0.0,True,False,0.0
Et,15.264179671752318,on,hard_extinction,3.8746783559417963e-13,True,False,2.106925744982391e-13
Et,15.264179671752318,on,no_extinction_control,3.8746783559417963e-13,True,False,2.106925744982391e-13
Et,16.768329368110066,off,hard_extinction,0.0,True,False,0.0
Et,16.768329368110066,off,no_extinction_control,0.0,True,False,0.0
Et,16.768329368110066,on,hard_extinction,2.2248869413488137e-13,True,False,1.2739809207573674e-13
Et,16.768329368110066,on,no_extinction_control,2.2248869413488137e-13,True,False,1.2739809207573674e-13
Et,18.420699693267142,off,hard_extinction,0.0,True,False,0.0
Et,18.420699693267142,off,no_extinction_control,0.0,True,False,0.0
Et,18.420699693267142,on,hard_extinction,1.341149413747189e-13,True,False,7.921441280700493e-14
Et,18.420699693267142,on,no_extinction_control,1.341149413747189e-13,True,False,7.921441280700493e-14
Et,20.23589647725155,off,hard_extinction,0.0,True,False,0.0
Et,20.23589647725155,off,no_extinction_control,0.0,True,False,0.0
Et,20.23589647725155,on,hard_extinction,8.881784197001252e-14,True,False,5.35682609381638e-14
Et,20.23589647725155,on,no_extinction_control,8.881784197001252e-14,True,False,5.35682609381638e-14
Et,22.229964825261938,off,hard_extinction,0.0,True,False,0.0
Et,22.229964825261938,off,no_extinction_control,0.0,True,False,0.0
Et,22.229964825261938,on,hard_extinction,5.773159728050814e-14,True,False,3.697042672001771e-14
Et,22.229964825261938,on,no_extinction_control,5.773159728050814e-14,True,False,3.697042672001771e-14
Et,24.420530945486497,off,hard_extinction,0.0,True,False,0.0
Et,24.420530945486497,off,no_extinction_control,0.0,True,False,0.0
Et,24.420530945486497,on,hard_extinction,3.930189507173054e-14,True,False,2.4313884239290928e-14
Et,24.420530945486497,on,no_extinction_control,3.930189507173054e-14,True,False,2.4313884239290928e-14
Et,26.826957952797247,off,hard_extinction,0.0,True,False,0.0
Et,26.826957952797247,off,no_extinction_control,0.0,True,False,0.0
Et,26.826957952797247,on,hard_extinction,2.90878432451791e-14,True,False,1.9095836023552692e-14
Et,26.826957952797247,on,no_extinction_control,2.90878432451791e-14,True,False,1.9095836023552692e-14
Et,29.4705170255181,off,hard_extinction,0.0,True,False,0.0
Et,29.4705170255181,off,no_extinction_control,0.0,True,False,0.0
Et,29.4705170255181,on,hard_extinction,2.398081733190338e-14,True,False,1.5487611193520934e-14
Et,29.4705170255181,on,no_extinction_control,2.398081733190338e-14,True,False,1.5487611193520934e-14
Et,32.374575428176435,off,hard_extinction,0.0,True,False,0.0
Et,32.374575428176435,off,no_extinction_control,0.0,True,False,0.0
Et,32.374575428176435,on,hard_extinction,1.6875389974302383e-14,True,False,1.1157741397482823e-14
Et,32.374575428176435,on,no_extinction_control,1.6875389974302383e-14,True,False,1.1157741397482823e-14
Et,35.56480306223125,off,hard_extinction,0.0,True,False,0.0
Et,35.56480306223125,off,no_extinction_control,0.0,True,False,0.0
Et,35.56480306223125,on,hard_extinction,1.709743457922741e-14,True,False,1.199040866595169e-14
Et,35.56480306223125,on,no_extinction_control,1.709743457922741e-14,True,False,1.199040866595169e-14
Et,39.06939937054613,off,hard_extinction,0.0,True,False,0.0
Et,39.06939937054613,off,no_extinction_control,0.0,True,False,0.0
Et,39.06939937054613,on,hard_extinction,1.4432899320127035e-14,True,False,9.603429163007604e-15
Et,39.06939937054613,on,no_extinction_control,1.4432899320127035e-14,True,False,9.603429163007604e-15
Et,42.91934260128774,off,hard_extinction,2.220446049250313e-16,True,False,0.0
Et,42.91934260128774,off,no_extinction_control,0.0,True,False,0.0
Et,42.91934260128774,on,hard_extinction,7.549516567451064e-15,True,False,5.10702591327572e-15
Et,42.91934260128774,on,no_extinction_control,7.549516567451064e-15,True,False,5.10702591327572e-15
Et,47.1486636345739,off,hard_extinction,0.0,True,False,0.0
Et,47.1486636345739,off,no_extinction_control,0.0,True,False,0.0
Et,47.1486636345739,on,hard_extinction,7.771561172376096e-15,True,False,5.051514762044462e-15
Et,47.1486636345739,on,no_extinction_control,7.771561172376096e-15,True,False,5.051514762044462e-15
Et,51.794746792312075,off,hard_extinction,0.0,True,False,0.0
Et,51.794746792312075,off,no_extinction_control,0.0,True,False,0.0
Et,51.794746792312075,on,hard_extinction,8.659739592076221e-15,True,False,6.494804694057166e-15
Et,51.794746792312075,on,no_extinction_control,8.659739592076221e-15,True,False,6.494804694057166e-15
Et,56.89866029018293,off,hard_extinction,0.0,True,False,0.0
Et,56.89866029018293,off,no_extinction_control,0.0,True,False,0.0
Et,56.89866029018293,on,hard_extinction,3.9968028886505635e-15,True,False,3.219646771412954e-15
Et,56.89866029018293,on,no_extinction_control,3.9968028886505635e-15,True,False,3.219646771412954e-15
Et,62.505519252739695,off,hard_extinction,0.0,True,False,0.0
Et,62.505519252739695,off,no_extinction_control,0.0,True,False,0.0
Et,62.505519252739695,on,hard_extinction,4.6629367034256575e-15,True,False,3.608224830031759e-15
Et,62.505519252739695,on,no_extinction_control,4.6629367034256575e-15,True,False,3.608224830031759e-15
Et,68.66488450042998,off,hard_extinction,0.0,True,False,0.0
Et,68.66488450042998,off,no_extinction_control,0.0,True,False,0.0
Et,68.66488450042998,on,hard_extinction,3.3306690738754696e-15,True,False,2.3314683517128287e-15
Et,68.66488450042998,on,no_extinction_control,3.3306690738754696e-15,True,False,2.3314683517128287e-15
Et,75.43120063354615,off,hard_extinction,0.0,True,False,0.0
Et,75.43120063354615,off,no_extinction_control,0.0,True,False,0.0
Et,75.43120063354615,on,hard_extinction,5.9952043329758445e-15,True,False,4.274358644806853e-15
Et,75.43120063354615,on,no_extinction_control,5.9952043329758445e-15,True,False,4.274358644806853e-15
Et,82.86427728546842,off,hard_extinction,0.0,True,False,0.0
Et,82.86427728546842,off,no_extinction_control,0.0,True,False,0.0
Et,82.86427728546842,on,hard_extinction,5.3290705182007506e-15,True,False,4.218847493575595e-15
Et,82.86427728546842,on,no_extinction_control,5.3290705182007506e-15,True,False,4.218847493575595e-15
Et,91.02981779915208,off,hard_extinction,0.0,True,False,0.0
Et,91.02981779915208,off,no_extinction_control,0.0,True,False,0.0
Et,91.02981779915208,on,hard_extinction,3.9968028886505635e-15,True,False,3.219646771412954e-15
Et,91.02981779915208,on,no_extinction_control,3.9968028886505635e-15,True,False,3.219646771412954e-15
Et,100.0,off,hard_extinction,0.0,True,False,0.0
Et,100.0,off,no_extinction_control,0.0,True,False,0.0
Et,100.0,on,hard_extinction,3.1086244689504387e-15,True,False,2.275957200481571e-15
Et,100.0,on,no_extinction_control,3.1086244689504387e-15,True,False,2.275957200481571e-15
Eu.c,0.0,off,hard_extinction,0.0,True,False,0.0
Eu.c,0.0,off,no_extinction_control,0.0,True,False,0.0
Eu.c,0.0,on,hard_extinction,0.0,True,False,0.0
Eu.c,0.0,on,no_extinction_control,0.0,True,False,0.0
Eu.c,0.01,off,hard_extinction,0.0,True,False,0.0
Eu.c,0.01,off,no_extinction_control,0.0,True,False,0.0
Eu.c,0.01,on,hard_extinction,0.0,True,False,0.0
Eu.c,0.01,on,no_extinction_control,0.0,True,False,0.0
Eu.c,0.0109854114198755,off,hard_extinction,0.0,True,False,0.0
Eu.c,0.0109854114198755,off,no_extinction_control,0.0,True,False,0.0
Eu.c,0.0109854114198755,on,hard_extinction,0.0,True,False,0.0
Eu.c,0.0109854114198755,on,no_extinction_control,0.0,True,False,0.0
Eu.c,0.0120679264063932,off,hard_extinction,0.0,True,False,0.0
Eu.c,0.0120679264063932,off,no_extinction_control,0.0,True,False,0.0
Eu.c,0.0120679264063932,on,hard_extinction,0.0,True,False,0.0
Eu.c,0.0120679264063932,on,no_extinction_control,0.0,True,False,0.0
Eu.c,0.013257113655901,off,hard_extinction,0.0,True,False,0.0
Eu.c,0.013257113655901,off,no_extinction_control,0.0,True,False,0.0
Eu.c,0.013257113655901,on,hard_extinction,0.0,True,False,0.0
Eu.c,0.013257113655901,on,no_extinction_control,0.0,True,False,0.0
Eu.c,0.0145634847750124,off,hard_extinction,0.0,True,False,0.0
Eu.c,0.0145634847750124,off,no_extinction_control,0.0,True,False,0.0
Eu.c,0.0145634847750124,on,hard_extinction,0.0,True,False,0.0
Eu.c,0.0145634847750124,on,no_extinction_control,0.0,True,False,0.0
Eu.c,0.0159985871960605,off,hard_extinction,0.0,True,False,0.0
Eu.c,0.0159985871960605,off,no_extinction_control,0.0,True,False,0.0
Eu.c,0.0159985871960605,on,hard_extinction,0.0,True,False,0.0
Eu.c,0.0159985871960605,on,no_extinction_control,0.0,True,False,0.0
Eu.c,0.0175751062485479,off,hard_extinction,0.0,True,False,0.0
Eu.c,0.0175751062485479,off,no_extinction_control,0.0,True,False,0.0
Eu.c,0.0175751062485479,on,hard_extinction,0.0,True,False,0.0
Eu.c,0.0175751062485479,on,no_extinction_control,0.0,True,False,0.0
Eu.c,0.0193069772888324,off,hard_extinction,0.0,True,False,0.0
Eu.c,0.0193069772888324,off,no_extinction_control,0.0,True,False,0.0
Eu.c,0.0193069772888324,on,hard_extinction,0.0,True,False,0.0
Eu.c,0.0193069772888324,on,no_extinction_control,0.0,True,False,0.0
Eu.c,0.0212095088792019,off,hard_extinction,0.0,True,False,0.0
Eu.c,0.0212095088792019,off,no_extinction_control,0.0,True,False,0.0
Eu.c,0.0212095088792019,on,hard_extinction,0.0,True,False,0.0
Eu.c,0.0212095088792019,on,no_extinction_control,0.0,True,False,0.0
Eu.c,0.0232995181051537,off,hard_extinction,0.0,True,False,0.0
Eu.c,0.0232995181051537,off,no_extinction_control,0.0,True,False,0.0
Eu.c,0.0232995181051537,on,hard_extinction,0.0,True,False,0.0
Eu.c,0.0232995181051537,on,no_extinction_control,0.0,True,False,0.0
Eu.c,0.0255954792269953,off,hard_extinction,0.0,True,False,0.0
Eu.c,0.0255954792269953,off,no_extinction_control,0.0,True,False,0.0
Eu.c,0.0255954792269953,on,hard_extinction,0.0,True,False,0.0
Eu.c,0.0255954792269953,on,no_extinction_control,0.0,True,False,0.0
Eu.c,0.0281176869797423,off,hard_extinction,0.0,True,False,0.0
Eu.c,0.0281176869797423,off,no_extinction_control,0.0,True,False,0.0
Eu.c,0.0281176869797423,on,hard_extinction,0.0,True,False,0.0
Eu.c,0.0281176869797423,on,no_extinction_control,0.0,True,False,0.0
Eu.c,0.0308884359647748,off,hard_extinction,0.0,True,False,0.0
Eu.c,0.0308884359647748,off,no_extinction_control,0.0,True,False,0.0
Eu.c,0.0308884359647748,on,hard_extinction,0.0,True,False,0.0
Eu.c,0.0308884359647748,on,no_extinction_control,0.0,True,False,0.0
Eu.c,0.0339322177189532,off,hard_extinction,0.0,True,False,0.0
Eu.c,0.0339322177189532,off,no_extinction_control,0.0,True,False,0.0
Eu.c,0.0339322177189532,on,hard_extinction,0.0,True,False,0.0
Eu.c,0.0339322177189532,on,no_extinction_control,0.0,True,False,0.0
Eu.c,0.0372759372031494,off,hard_extinction,0.0,True,False,0.0
Eu.c,0.0372759372031494,off,no_extinction_control,0.0,True,False,0.0
Eu.c,0.0372759372031494,on,hard_extinction,0.0,True,False,0.0
Eu.c,0.0372759372031494,on,no_extinction_control,0.0,True,False,0.0
Eu.c,0.0409491506238042,off,hard_extinction,0.0,True,False,0.0
Eu.c,0.0409491506238042,off,no_extinction_control,0.0,True,False,0.0
Eu.c,0.0409491506238042,on,hard_extinction,0.0,True,False,0.0
Eu.c,0.0409491506238042,on,no_extinction_control,0.0,True,False,0.0
Eu.c,0.0449843266896944,off,hard_extinction,0.0,True,False,0.0
Eu.c,0.0449843266896944,off,no_extinction_control,0.0,True,False,0.0
Eu.c,0.0449843266896944,on,hard_extinction,0.0,True,False,0.0
Eu.c,0.0449843266896944,on,no_extinction_control,0.0,True,False,0.0
Eu.c,0.0494171336132383,off,hard_extinction,0.0,True,False,0.0
Eu.c,0.0494171336132383,off,no_extinction_control,0.0,True,False,0.0
Eu.c,0.0494171336132383,on,hard_extinction,0.0,True,False,0.0
Eu.c,0.0494171336132383,on,no_extinction_control,0.0,True,False,0.0
Eu.c,0.0542867543932385,off,hard_extinction,0.0,True,False,0.0
Eu.c,0.0542867543932385,off,no_extinction_control,0.0,True,False,0.0
Eu.c,0.0542867543932385,on,hard_extinction,0.0,True,False,0.0
Eu.c,0.0542867543932385,on,no_extinction_control,0.0,True,False,0.0
Eu.c,0.0596362331659464,off,hard_extinction,0.0,True,False,0.0
Eu.c,0.0596362331659464,off,no_extinction_control,0.0,True,False,0.0
Eu.c,0.0596362331659464,on,hard_extinction,0.0,True,False,0.0
Eu.c,0.0596362331659464,on,no_extinction_control,0.0,True,False,0.0
Eu.c,0.0655128556859551,off,hard_extinction,0.0,True,False,0.0
Eu.c,0.0655128556859551,off,no_extinction_control,0.0,True,False,0.0
Eu.c,0.0655128556859551,on,hard_extinction,0.0,True,False,0.0
Eu.c,0.0655128556859551,on,no_extinction_control,0.0,True,False,0.0
Eu.c,0.0719685673001152,off,hard_extinction,0.0,True,False,0.0
Eu.c,0.0719685673001152,off,no_extinction_control,0.0,True,False,0.0
Eu.c,0.0719685673001152,on,hard_extinction,0.0,True,False,0.0
Eu.c,0.0719685673001152,on,no_extinction_control,0.0,True,False,0.0
Eu.c,0.0790604321090769,off,hard_extinction,0.0,True,False,0.0
Eu.c,0.0790604321090769,off,no_extinction_control,0.0,True,False,0.0
Eu.c,0.0790604321090769,on,hard_extinction,0.0,True,False,0.0
Eu.c,0.0790604321090769,on,no_extinction_control,0.0,True,False,0.0
Eu.c,0.0868511373751352,off,hard_extinction,0.0,True,False,0.0
Eu.c,0.0868511373751352,off,no_extinction_control,0.0,True,False,0.0
Eu.c,0.0868511373751352,on,hard_extinction,0.0,True,False,0.0
Eu.c,0.0868511373751352,on,no_extinction_control,0.0,True,False,0.0
Eu.c,0.0954095476349993,off,hard_extinction,0.0,True,False,0.0
Eu.c,0.0954095476349993,off,no_extinction_control,0.0,True,False,0.0
Eu.c,0.0954095476349993,on,hard_extinction,0.0,True,False,0.0
Eu.c,0.0954095476349993,on,no_extinction_control,0.0,True,False,0.0
Eu.c,0.1048113134154685,off,hard_extinction,0.0,True,False,0.0
Eu.c,0.1048113134154685,off,no_extinction_control,0.0,True,False,0.0
Eu.c,0.1048113134154685,on,hard_extinction,0.0,True,False,0.0
Eu.c,0.1048113134154685,on,no_extinction_control,0.0,True,False,0.0
Eu.c,0.1151395399326447,off,hard_extinction,0.0,True,False,0.0
Eu.c,0.1151395399326447,off,no_extinction_control,0.0,True,False,0.0
Eu.c,0.1151395399326447,on,hard_extinction,0.0,True,False,0.0
Eu.c,0.1151395399326447,on,no_extinction_control,0.0,True,False,0.0
Eu.c,0.1264855216855295,off,hard_extinction,0.0,True,False,0.0
Eu.c,0.1264855216855295,off,no_extinction_control,0.0,True,False,0.0
Eu.c,0.1264855216855295,on,hard_extinction,0.0,True,False,0.0
Eu.c,0.1264855216855295,on,no_extinction_control,0.0,True,False,0.0
Eu.c,0.1389495494373137,off,hard_extinction,0.0,True,False,0.0
Eu.c,0.1389495494373137,off,no_extinction_control,0.0,True,False,0.0
Eu.c,0.1389495494373137,on,hard_extinction,0.0,True,False,0.0
Eu.c,0.1389495494373137,on,no_extinction_control,0.0,True,False,0.0
Eu.c,0.1526417967175233,off,hard_extinction,0.0,True,False,0.0
Eu.c,0.1526417967175233,off,no_extinction_control,0.0,True,False,0.0
Eu.c,0.1526417967175233,on,hard_extinction,0.0,True,False,0.0
Eu.c,0.1526417967175233,on,no_extinction_control,0.0,True,False,0.0
Eu.c,0.1676832936811007,off,hard_extinction,0.0,True,False,0.0
Eu.c,0.1676832936811007,off,no_extinction_control,0.0,True,False,0.0
Eu.c,0.1676832936811007,on,hard_extinction,0.0,True,False,0.0
Eu.c,0.1676832936811007,on,no_extinction_control,0.0,True,False,0.0
Eu.c,0.1842069969326715,off,hard_extinction,0.0,True,False,0.0
Eu.c,0.1842069969326715,off,no_extinction_control,0.0,True,False,0.0
Eu.c,0.1842069969326715,on,hard_extinction,0.0,True,False,0.0
Eu.c,0.1842069969326715,on,no_extinction_control,0.0,True,False,0.0
Eu.c,0.2023589647725156,off,hard_extinction,0.0,True,False,0.0
Eu.c,0.2023589647725156,off,no_extinction_control,0.0,True,False,0.0
Eu.c,0.2023589647725156,on,hard_extinction,0.0,True,False,0.0
Eu.c,0.2023589647725156,on,no_extinction_control,0.0,True,False,0.0
Eu.c,0.2222996482526194,off,hard_extinction,0.0,True,False,0.0
Eu.c,0.2222996482526194,off,no_extinction_control,0.0,True,False,0.0
Eu.c,0.2222996482526194,on,hard_extinction,0.0,True,False,0.0
Eu.c,0.2222996482526194,on,no_extinction_control,0.0,True,False,0.0
Eu.c,0.2442053094548651,off,hard_extinction,0.0,True,False,0.0
Eu.c,0.2442053094548651,off,no_extinction_control,0.0,True,False,0.0
Eu.c,0.2442053094548651,on,hard_extinction,0.0,True,False,0.0
Eu.c,0.2442053094548651,on,no_extinction_control,0.0,True,False,0.0
Eu.c,0.2682695795279725,off,hard_extinction,0.0,True,False,0.0
Eu.c,0.2682695795279725,off,no_extinction_control,0.0,True,False,0.0
Eu.c,0.2682695795279725,on,hard_extinction,0.0,True,False,0.0
Eu.c,0.2682695795279725,on,no_extinction_control,0.0,True,False,0.0
Eu.c,0.2947051702551809,off,hard_extinction,0.0,True,False,0.0
Eu.c,0.2947051702551809,off,no_extinction_control,0.0,True,False,0.0
Eu.c,0.2947051702551809,on,hard_extinction,0.0,True,False,0.0
Eu.c,0.2947051702551809,on,no_extinction_control,0.0,True,False,0.0
Eu.c,0.3237457542817643,off,hard_extinction,0.0,True,False,0.0
Eu.c,0.3237457542817643,off,no_extinction_control,0.0,True,False,0.0
Eu.c,0.3237457542817643,on,hard_extinction,0.0,True,False,0.0
Eu.c,0.3237457542817643,on,no_extinction_control,0.0,True,False,0.0
Eu.c,0.3556480306223128,off,hard_extinction,0.0,True,False,0.0
Eu.c,0.3556480306223128,off,no_extinction_control,0.0,True,False,0.0
Eu.c,0.3556480306223128,on,hard_extinction,0.0,True,False,0.0
Eu.c,0.3556480306223128,on,no_extinction_control,0.0,True,False,0.0
Eu.c,0.3906939937054615,off,hard_extinction,0.0,True,False,0.0
Eu.c,0.3906939937054615,off,no_extinction_control,0.0,True,False,0.0
Eu.c,0.3906939937054615,on,hard_extinction,0.0,True,False,0.0
Eu.c,0.3906939937054615,on,no_extinction_control,0.0,True,False,0.0
Eu.c,0.4291934260128776,off,hard_extinction,0.0,True,False,0.0
Eu.c,0.4291934260128776,off,no_extinction_control,0.0,True,False,0.0
Eu.c,0.4291934260128776,on,hard_extinction,0.0,True,False,0.0
Eu.c,0.4291934260128776,on,no_extinction_control,0.0,True,False,0.0
Eu.c,0.4714866363457392,off,hard_extinction,0.0,True,False,0.0
Eu.c,0.4714866363457392,off,no_extinction_control,0.0,True,False,0.0
Eu.c,0.4714866363457392,on,hard_extinction,0.0,True,False,0.0
Eu.c,0.4714866363457392,on,no_extinction_control,0.0,True,False,0.0
Eu.c,0.517947467923121,off,hard_extinction,0.0,True,False,0.0
Eu.c,0.517947467923121,off,no_extinction_control,0.0,True,False,0.0
Eu.c,0.517947467923121,on,hard_extinction,0.0,True,False,0.0
Eu.c,0.517947467923121,on,no_extinction_control,0.0,True,False,0.0
Eu.c,0.5689866029018296,off,hard_extinction,0.0,True,False,0.0
Eu.c,0.5689866029018296,off,no_extinction_control,0.0,True,False,0.0
Eu.c,0.5689866029018296,on,hard_extinction,0.0,True,False,0.0
Eu.c,0.5689866029018296,on,no_extinction_control,0.0,True,False,0.0
Eu.c,0.6250551925273969,off,hard_extinction,0.0,True,False,0.0
Eu.c,0.6250551925273969,off,no_extinction_control,0.0,True,False,0.0
Eu.c,0.6250551925273969,on,hard_extinction,0.0,True,False,0.0
Eu.c,0.6250551925273969,on,no_extinction_control,0.0,True,False,0.0
Eu.c,0.6866488450042998,off,hard_extinction,0.0,True,False,0.0
Eu.c,0.6866488450042998,off,no_extinction_control,0.0,True,False,0.0
Eu.c,0.6866488450042998,on,hard_extinction,0.0,True,False,0.0
Eu.c,0.6866488450042998,on,no_extinction_control,0.0,True,False,0.0
Eu.c,0.7543120063354615,off,hard_extinction,0.0,True,False,0.0
Eu.c,0.7543120063354615,off,no_extinction_control,0.0,True,False,0.0
Eu.c,0.7543120063354615,on,hard_extinction,0.0,True,False,0.0
Eu.c,0.7543120063354615,on,no_extinction_control,0.0,True,False,0.0
Eu.c,0.8286427728546842,off,hard_extinction,0.0,True,False,0.0
Eu.c,0.8286427728546842,off,no_extinction_control,0.0,True,False,0.0
Eu.c,0.8286427728546842,on,hard_extinction,0.0,True,False,0.0
Eu.c,0.8286427728546842,on,no_extinction_control,0.0,True,False,0.0
Eu.c,0.9102981779915218,off,hard_extinction,1.1102230246251563e-16,True,False,1.1102230246251563e-16
Eu.c,0.9102981779915218,off,no_extinction_control,1.1102230246251563e-16,True,False,1.1102230246251563e-16
Eu.c,0.9102981779915218,on,hard_extinction,0.0,True,False,0.0
Eu.c,0.9102981779915218,on,no_extinction_control,0.0,True,False,0.0
Eu.c,0.9999999999999994,off,hard_extinction,5.10702591327572e-15,True,False,9.214851104388801e-15
Eu.c,0.9999999999999994,off,no_extinction_control,5.10702591327572e-15,True,False,9.214851104388801e-15
Eu.c,0.9999999999999994,on,hard_extinction,0.0,True,False,0.0
Eu.c,0.9999999999999994,on,no_extinction_control,0.0,True,False,0.0
Eu.c,1.0985411419875584,off,hard_extinction,4.2368331065745216e-12,True,False,6.922129536235389e-12
Eu.c,1.0985411419875584,off,no_extinction_control,4.2368331065745216e-12,True,False,6.922129536235389e-12
Eu.c,1.0985411419875584,on,hard_extinction,0.0,True,False,0.0
Eu.c,1.0985411419875584,on,no_extinction_control,0.0,True,False,0.0
Eu.c,1.2067926406393277,off,hard_extinction,4.087867711000115e-09,True,False,6.4073955030607985e-09
Eu.c,1.2067926406393277,off,no_extinction_control,4.087867711000115e-09,True,False,6.4073955030607985e-09
Eu.c,1.2067926406393277,on,hard_extinction,0.0,True,False,0.0
Eu.c,1.2067926406393277,on,no_extinction_control,0.0,True,False,0.0
Eu.c,1.325711365590108,off,hard_extinction,2.448885261241429e-08,True,False,3.5243112650462656e-08
Eu.c,1.325711365590108,off,no_extinction_control,2.448885261241429e-08,True,False,3.5243112650462656e-08
Eu.c,1.325711365590108,on,hard_extinction,0.0,True,False,0.0
Eu.c,1.325711365590108,on,no_extinction_control,0.0,True,False,0.0
Eu.c,1.456348477501243,off,hard_extinction,8.485772363675537e-07,True,False,9.660958870671976e-07
Eu.c,1.456348477501243,off,no_extinction_control,8.485772363675537e-07,True,False,9.660958870671976e-07
Eu.c,1.456348477501243,on,hard_extinction,0.0,True,False,0.0
Eu.c,1.456348477501243,on,no_extinction_control,0.0,True,False,0.0
Eu.c,1.5998587196060574,off,hard_extinction,0.2468210584651917,False,False,0.032632158367855
Eu.c,1.5998587196060574,off,no_extinction_control,0.2468210584651917,False,False,0.032632158367855
Eu.c,1.5998587196060574,on,hard_extinction,0.0,True,False,0.0
Eu.c,1.5998587196060574,on,no_extinction_control,0.0,True,False,0.0
Eu.c,1.7575106248547911,off,hard_extinction,9.43689570931383e-16,True,False,0.0
Eu.c,1.7575106248547911,off,no_extinction_control,0.0034935376253812,True,False,3.7969627442180354e-14
Eu.c,1.7575106248547911,on,hard_extinction,0.0,True,False,0.0
Eu.c,1.7575106248547911,on,no_extinction_control,0.0,True,False,0.0
Eu.c,1.9306977288832496,off,hard_extinction,0.0,True,False,0.0
Eu.c,1.9306977288832496,off,no_extinction_control,1.4229107616614556e-06,True,False,0.0
Eu.c,1.9306977288832496,on,hard_extinction,0.0,True,False,0.0
Eu.c,1.9306977288832496,on,no_extinction_control,0.0,True,False,0.0
Eu.c,2.1209508879201904,off,hard_extinction,0.0,True,False,0.0
Eu.c,2.1209508879201904,off,no_extinction_control,7.385061451259388e-10,True,False,0.0
Eu.c,2.1209508879201904,on,hard_extinction,0.0,True,False,0.0
Eu.c,2.1209508879201904,on,no_extinction_control,0.0,True,False,0.0
Eu.c,2.329951810515372,off,hard_extinction,0.0,True,False,0.0
Eu.c,2.329951810515372,off,no_extinction_control,1.7763568394002505e-15,True,False,0.0
Eu.c,2.329951810515372,on,hard_extinction,0.0,True,False,0.0
Eu.c,2.329951810515372,on,no_extinction_control,0.0,True,False,0.0
Eu.c,2.5595479226995357,off,hard_extinction,0.0,True,False,0.0
Eu.c,2.5595479226995357,off,no_extinction_control,5.6235530010440016e-08,True,False,0.0
Eu.c,2.5595479226995357,on,hard_extinction,0.0,True,False,0.0
Eu.c,2.5595479226995357,on,no_extinction_control,0.0,True,False,0.0
Eu.c,2.811768697974228,off,hard_extinction,0.0,True,False,0.0
Eu.c,2.811768697974228,off,no_extinction_control,2.1533352878577716e-10,True,False,0.0
Eu.c,2.811768697974228,on,hard_extinction,0.0,True,False,0.0
Eu.c,2.811768697974228,on,no_extinction_control,0.0,True,False,0.0
Eu.c,3.0888435964774787,off,hard_extinction,0.0,True,False,0.0
Eu.c,3.0888435964774787,off,no_extinction_control,3.090750766432393e-09,True,False,0.0
Eu.c,3.0888435964774787,on,hard_extinction,0.0,True,False,0.0
Eu.c,3.0888435964774787,on,no_extinction_control,0.0,True,False,0.0
Eu.c,3.3932217718953264,off,hard_extinction,0.0,True,False,0.0
Eu.c,3.3932217718953264,off,no_extinction_control,2.914823937771871e-11,True,False,0.0
Eu.c,3.3932217718953264,on,hard_extinction,0.0,True,False,0.0
Eu.c,3.3932217718953264,on,no_extinction_control,0.0,True,False,0.0
Eu.c,3.727593720314938,off,hard_extinction,0.0,True,False,0.0
Eu.c,3.727593720314938,off,no_extinction_control,4.032330025438569e-13,True,False,0.0
Eu.c,3.727593720314938,on,hard_extinction,0.0,True,False,0.0
Eu.c,3.727593720314938,on,no_extinction_control,0.0,True,False,0.0
Eu.c,4.094915062380423,off,hard_extinction,0.0,True,False,0.0
Eu.c,4.094915062380423,off,no_extinction_control,7.105427357601002e-15,True,False,0.0
Eu.c,4.094915062380423,on,hard_extinction,0.0,True,False,0.0
Eu.c,4.094915062380423,on,no_extinction_control,0.0,True,False,0.0
Eu.c,4.498432668969444,off,hard_extinction,0.0,True,False,0.0
Eu.c,4.498432668969444,off,no_extinction_control,0.0,True,False,0.0
Eu.c,4.498432668969444,on,hard_extinction,0.0,True,False,0.0
Eu.c,4.498432668969444,on,no_extinction_control,0.0,True,False,0.0
Eu.c,4.941713361323833,off,hard_extinction,0.0,True,False,0.0
Eu.c,4.941713361323833,off,no_extinction_control,0.0,True,False,0.0
Eu.c,4.941713361323833,on,hard_extinction,0.0,True,False,0.0
Eu.c,4.941713361323833,on,no_extinction_control,0.0,True,False,0.0
Eu.c,5.428675439323859,off,hard_extinction,0.0,True,False,0.0
Eu.c,5.428675439323859,off,no_extinction_control,0.0,True,False,0.0
Eu.c,5.428675439323859,on,hard_extinction,0.0,True,False,0.0
Eu.c,5.428675439323859,on,no_extinction_control,0.0,True,False,0.0
Eu.c,5.963623316594643,off,hard_extinction,0.0,True,False,0.0
Eu.c,5.963623316594643,off,no_extinction_control,0.0,True,False,0.0
Eu.c,5.963623316594643,on,hard_extinction,0.0,True,False,0.0
Eu.c,5.963623316594643,on,no_extinction_control,0.0,True,False,0.0
Eu.c,6.551285568595502,off,hard_extinction,0.0,True,False,0.0
Eu.c,6.551285568595502,off,no_extinction_control,0.0,True,False,0.0
Eu.c,6.551285568595502,on,hard_extinction,0.0,True,False,0.0
Eu.c,6.551285568595502,on,no_extinction_control,0.0,True,False,0.0
Eu.c,7.196856730011514,off,hard_extinction,0.0,True,False,0.0
Eu.c,7.196856730011514,off,no_extinction_control,0.0,True,False,0.0
Eu.c,7.196856730011514,on,hard_extinction,0.0,True,False,0.0
Eu.c,7.196856730011514,on,no_extinction_control,0.0,True,False,0.0
Eu.c,7.906043210907693,off,hard_extinction,0.0,True,False,0.0
Eu.c,7.906043210907693,off,no_extinction_control,0.0,True,False,0.0
Eu.c,7.906043210907693,on,hard_extinction,0.0,True,False,0.0
Eu.c,7.906043210907693,on,no_extinction_control,0.0,True,False,0.0
Eu.c,8.68511373751352,off,hard_extinction,0.0,True,False,0.0
Eu.c,8.68511373751352,off,no_extinction_control,0.0,True,False,0.0
Eu.c,8.68511373751352,on,hard_extinction,0.0,True,False,0.0
Eu.c,8.68511373751352,on,no_extinction_control,0.0,True,False,0.0
Eu.c,9.540954763499936,off,hard_extinction,0.0,True,False,0.0
Eu.c,9.540954763499936,off,no_extinction_control,0.0,True,False,0.0
Eu.c,9.540954763499936,on,hard_extinction,0.0,True,False,0.0
Eu.c,9.540954763499936,on,no_extinction_control,0.0,True,False,0.0
Eu.c,10.481131341546853,off,hard_extinction,0.0,True,False,0.0
Eu.c,10.481131341546853,off,no_extinction_control,0.0,True,False,0.0
Eu.c,10.481131341546853,on,hard_extinction,0.0,True,False,0.0
Eu.c,10.481131341546853,on,no_extinction_control,0.0,True,False,0.0
Eu.c,11.513953993264469,off,hard_extinction,0.0,True,False,0.0
Eu.c,11.513953993264469,off,no_extinction_control,0.0,True,False,0.0
Eu.c,11.513953993264469,on,hard_extinction,0.0,True,False,0.0
Eu.c,11.513953993264469,on,no_extinction_control,0.0,True,False,0.0
Eu.c,12.64855216855296,off,hard_extinction,0.0,True,False,0.0
Eu.c,12.64855216855296,off,no_extinction_control,0.0,True,False,0.0
Eu.c,12.64855216855296,on,hard_extinction,0.0,True,False,0.0
Eu.c,12.64855216855296,on,no_extinction_control,0.0,True,False,0.0
Eu.c,13.894954943731374,off,hard_extinction,0.0,True,False,0.0
Eu.c,13.894954943731374,off,no_extinction_control,0.0,True,False,0.0
Eu.c,13.894954943731374,on,hard_extinction,0.0,True,False,0.0
Eu.c,13.894954943731374,on,no_extinction_control,0.0,True,False,0.0
Eu.c,15.264179671752318,off,hard_extinction,0.0,True,False,0.0
Eu.c,15.264179671752318,off,no_extinction_control,0.0,True,False,0.0
Eu.c,15.264179671752318,on,hard_extinction,0.0,True,False,0.0
Eu.c,15.264179671752318,on,no_extinction_control,0.0,True,False,0.0
Eu.c,16.768329368110066,off,hard_extinction,0.0,True,False,0.0
Eu.c,16.768329368110066,off,no_extinction_control,0.0,True,False,0.0
Eu.c,16.768329368110066,on,hard_extinction,0.0,True,False,0.0
Eu.c,16.768329368110066,on,no_extinction_control,0.0,True,False,0.0
Eu.c,18.420699693267142,off,hard_extinction,0.0,True,False,0.0
Eu.c,18.420699693267142,off,no_extinction_control,0.0,True,False,0.0
Eu.c,18.420699693267142,on,hard_extinction,0.0,True,False,0.0
Eu.c,18.420699693267142,on,no_extinction_control,0.0,True,False,0.0
Eu.c,20.23589647725155,off,hard_extinction,0.0,True,False,0.0
Eu.c,20.23589647725155,off,no_extinction_control,0.0,True,False,0.0
Eu.c,20.23589647725155,on,hard_extinction,0.0,True,False,0.0
Eu.c,20.23589647725155,on,no_extinction_control,0.0,True,False,0.0
Eu.c,22.229964825261938,off,hard_extinction,0.0,True,False,0.0
Eu.c,22.229964825261938,off,no_extinction_control,0.0,True,False,0.0
Eu.c,22.229964825261938,on,hard_extinction,0.0,True,False,0.0
Eu.c,22.229964825261938,on,no_extinction_control,0.0,True,False,0.0
Eu.c,24.420530945486497,off,hard_extinction,0.0,True,False,0.0
Eu.c,24.420530945486497,off,no_extinction_control,0.0,True,False,0.0
Eu.c,24.420530945486497,on,hard_extinction,0.0,True,False,0.0
Eu.c,24.420530945486497,on,no_extinction_control,0.0,True,False,0.0
Eu.c,26.826957952797247,off,hard_extinction,0.0,True,False,0.0
Eu.c,26.826957952797247,off,no_extinction_control,0.0,True,False,0.0
Eu.c,26.826957952797247,on,hard_extinction,0.0,True,False,0.0
Eu.c,26.826957952797247,on,no_extinction_control,0.0,True,False,0.0
Eu.c,29.4705170255181,off,hard_extinction,0.0,True,False,0.0
Eu.c,29.4705170255181,off,no_extinction_control,0.0,True,False,0.0
Eu.c,29.4705170255181,on,hard_extinction,0.0,True,False,0.0
Eu.c,29.4705170255181,on,no_extinction_control,0.0,True,False,0.0
Eu.c,32.374575428176435,off,hard_extinction,0.0,True,False,0.0
Eu.c,32.374575428176435,off,no_extinction_control,0.0,True,False,0.0
Eu.c,32.374575428176435,on,hard_extinction,0.0,True,False,0.0
Eu.c,32.374575428176435,on,no_extinction_control,0.0,True,False,0.0
Eu.c,35.56480306223125,off,hard_extinction,0.0,True,False,0.0
Eu.c,35.56480306223125,off,no_extinction_control,0.0,True,False,0.0
Eu.c,35.56480306223125,on,hard_extinction,0.0,True,False,0.0
Eu.c,35.56480306223125,on,no_extinction_control,0.0,True,False,0.0
Eu.c,39.06939937054613,off,hard_extinction,0.0,True,False,0.0
Eu.c,39.06939937054613,off,no_extinction_control,0.0,True,False,0.0
Eu.c,39.06939937054613,on,hard_extinction,0.0,True,False,0.0
Eu.c,39.06939937054613,on,no_extinction_control,0.0,True,False,0.0
Eu.c,42.91934260128774,off,hard_extinction,0.0,True,False,0.0
Eu.c,42.91934260128774,off,no_extinction_control,0.0,True,False,0.0
Eu.c,42.91934260128774,on,hard_extinction,0.0,True,False,0.0
Eu.c,42.91934260128774,on,no_extinction_control,0.0,True,False,0.0
Eu.c,47.1486636345739,off,hard_extinction,0.0,True,False,0.0
Eu.c,47.1486636345739,off,no_extinction_control,0.0,True,False,0.0
Eu.c,47.1486636345739,on,hard_extinction,0.0,True,False,0.0
Eu.c,47.1486636345739,on,no_extinction_control,0.0,True,False,0.0
Eu.c,51.794746792312075,off,hard_extinction,0.0,True,False,0.0
Eu.c,51.794746792312075,off,no_extinction_control,0.0,True,False,0.0
Eu.c,51.794746792312075,on,hard_extinction,0.0,True,False,0.0
Eu.c,51.794746792312075,on,no_extinction_control,0.0,True,False,0.0
Eu.c,56.89866029018293,off,hard_extinction,0.0,True,False,0.0
Eu.c,56.89866029018293,off,no_extinction_control,0.0,True,False,0.0
Eu.c,56.89866029018293,on,hard_extinction,0.0,True,False,0.0
Eu.c,56.89866029018293,on,no_extinction_control,0.0,True,False,0.0
Eu.c,62.505519252739695,off,hard_extinction,0.0,True,False,0.0
Eu.c,62.505519252739695,off,no_extinction_control,0.0,True,False,0.0
Eu.c,62.505519252739695,on,hard_extinction,0.0,True,False,0.0
Eu.c,62.505519252739695,on,no_extinction_control,0.0,True,False,0.0
Eu.c,68.66488450042998,off,hard_extinction,0.0,True,False,0.0
Eu.c,68.66488450042998,off,no_extinction_control,0.0,True,False,0.0
Eu.c,68.66488450042998,on,hard_extinction,0.0,True,False,0.0
Eu.c,68.66488450042998,on,no_extinction_control,0.0,True,False,0.0
Eu.c,75.43120063354615,off,hard_extinction,0.0,True,False,0.0
Eu.c,75.43120063354615,off,no_extinction_control,0.0,True,False,0.0
Eu.c,75.43120063354615,on,hard_extinction,2.220446049250313e-16,True,False,3.3306690738754696e-16
Eu.c,75.43120063354615,on,no_extinction_control,2.220446049250313e-16,True,False,3.3306690738754696e-16
Eu.c,82.86427728546842,off,hard_extinction,0.0,True,False,0.0
Eu.c,82.86427728546842,off,no_extinction_control,0.0,True,False,0.0
Eu.c,82.86427728546842,on,hard_extinction,0.0,True,False,0.0
Eu.c,82.86427728546842,on,no_extinction_control,0.0,True,False,0.0
Eu.c,91.02981779915208,off,hard_extinction,0.0,True,False,0.0
Eu.c,91.02981779915208,off,no_extinction_control,0.0,True,False,0.0
Eu.c,91.02981779915208,on,hard_extinction,0.0,True,False,0.0
Eu.c,91.02981779915208,on,no_extinction_control,0.0,True,False,0.0
Eu.c,100.0,off,hard_extinction,0.0,True,False,0.0
Eu.c,100.0,off,no_extinction_control,0.0,True,False,0.0
Eu.c,100.0,on,hard_extinction,0.0,True,False,0.0
Eu.c,100.0,on,no_extinction_control,0.0,True,False,0.0
Eu.l,0.0,off,hard_extinction,0.0,True,False,0.0
Eu.l,0.0,off,no_extinction_control,0.0,True,False,0.0
Eu.l,0.0,on,hard_extinction,0.0,True,False,0.0
Eu.l,0.0,on,no_extinction_control,0.0,True,False,0.0
Eu.l,0.01,off,hard_extinction,0.0,True,False,0.0
Eu.l,0.01,off,no_extinction_control,0.0,True,False,0.0
Eu.l,0.01,on,hard_extinction,0.0,True,False,0.0
Eu.l,0.01,on,no_extinction_control,0.0,True,False,0.0
Eu.l,0.0109854114198755,off,hard_extinction,0.0,True,False,0.0
Eu.l,0.0109854114198755,off,no_extinction_control,0.0,True,False,0.0
Eu.l,0.0109854114198755,on,hard_extinction,0.0,True,False,0.0
Eu.l,0.0109854114198755,on,no_extinction_control,0.0,True,False,0.0
Eu.l,0.0120679264063932,off,hard_extinction,0.0,True,False,0.0
Eu.l,0.0120679264063932,off,no_extinction_control,0.0,True,False,0.0
Eu.l,0.0120679264063932,on,hard_extinction,0.0,True,False,0.0
Eu.l,0.0120679264063932,on,no_extinction_control,0.0,True,False,0.0
Eu.l,0.013257113655901,off,hard_extinction,0.0,True,False,0.0
Eu.l,0.013257113655901,off,no_extinction_control,0.0,True,False,0.0
Eu.l,0.013257113655901,on,hard_extinction,0.0,True,False,0.0
Eu.l,0.013257113655901,on,no_extinction_control,0.0,True,False,0.0
Eu.l,0.0145634847750124,off,hard_extinction,0.0,True,False,0.0
Eu.l,0.0145634847750124,off,no_extinction_control,0.0,True,False,0.0
Eu.l,0.0145634847750124,on,hard_extinction,0.0,True,False,0.0
Eu.l,0.0145634847750124,on,no_extinction_control,0.0,True,False,0.0
Eu.l,0.0159985871960605,off,hard_extinction,0.0,True,False,0.0
Eu.l,0.0159985871960605,off,no_extinction_control,0.0,True,False,0.0
Eu.l,0.0159985871960605,on,hard_extinction,0.0,True,False,0.0
Eu.l,0.0159985871960605,on,no_extinction_control,0.0,True,False,0.0
Eu.l,0.0175751062485479,off,hard_extinction,0.0,True,False,0.0
Eu.l,0.0175751062485479,off,no_extinction_control,0.0,True,False,0.0
Eu.l,0.0175751062485479,on,hard_extinction,0.0,True,False,0.0
Eu.l,0.0175751062485479,on,no_extinction_control,0.0,True,False,0.0
Eu.l,0.0193069772888324,off,hard_extinction,0.0,True,False,0.0
Eu.l,0.0193069772888324,off,no_extinction_control,0.0,True,False,0.0
Eu.l,0.0193069772888324,on,hard_extinction,0.0,True,False,0.0
Eu.l,0.0193069772888324,on,no_extinction_control,0.0,True,False,0.0
Eu.l,0.0212095088792019,off,hard_extinction,0.0,True,False,0.0
Eu.l,0.0212095088792019,off,no_extinction_control,0.0,True,False,0.0
Eu.l,0.0212095088792019,on,hard_extinction,0.0,True,False,0.0
Eu.l,0.0212095088792019,on,no_extinction_control,0.0,True,False,0.0
Eu.l,0.0232995181051537,off,hard_extinction,0.0,True,False,0.0
Eu.l,0.0232995181051537,off,no_extinction_control,0.0,True,False,0.0
Eu.l,0.0232995181051537,on,hard_extinction,0.0,True,False,0.0
Eu.l,0.0232995181051537,on,no_extinction_control,0.0,True,False,0.0
Eu.l,0.0255954792269953,off,hard_extinction,0.0,True,False,0.0
Eu.l,0.0255954792269953,off,no_extinction_control,0.0,True,False,0.0
Eu.l,0.0255954792269953,on,hard_extinction,0.0,True,False,0.0
Eu.l,0.0255954792269953,on,no_extinction_control,0.0,True,False,0.0
Eu.l,0.0281176869797423,off,hard_extinction,0.0,True,False,0.0
Eu.l,0.0281176869797423,off,no_extinction_control,0.0,True,False,0.0
Eu.l,0.0281176869797423,on,hard_extinction,0.0,True,False,0.0
Eu.l,0.0281176869797423,on,no_extinction_control,0.0,True,False,0.0
Eu.l,0.0308884359647748,off,hard_extinction,0.0,True,False,0.0
Eu.l,0.0308884359647748,off,no_extinction_control,0.0,True,False,0.0
Eu.l,0.0308884359647748,on,hard_extinction,0.0,True,False,0.0
Eu.l,0.0308884359647748,on,no_extinction_control,0.0,True,False,0.0
Eu.l,0.0339322177189532,off,hard_extinction,0.0,True,False,0.0
Eu.l,0.0339322177189532,off,no_extinction_control,0.0,True,False,0.0
Eu.l,0.0339322177189532,on,hard_extinction,0.0,True,False,0.0
Eu.l,0.0339322177189532,on,no_extinction_control,0.0,True,False,0.0
Eu.l,0.0372759372031494,off,hard_extinction,0.0,True,False,0.0
Eu.l,0.0372759372031494,off,no_extinction_control,0.0,True,False,0.0
Eu.l,0.0372759372031494,on,hard_extinction,0.0,True,False,0.0
Eu.l,0.0372759372031494,on,no_extinction_control,0.0,True,False,0.0
Eu.l,0.0409491506238042,off,hard_extinction,0.0,True,False,0.0
Eu.l,0.0409491506238042,off,no_extinction_control,0.0,True,False,0.0
Eu.l,0.0409491506238042,on,hard_extinction,0.0,True,False,0.0
Eu.l,0.0409491506238042,on,no_extinction_control,0.0,True,False,0.0
Eu.l,0.0449843266896944,off,hard_extinction,0.0,True,False,0.0
Eu.l,0.0449843266896944,off,no_extinction_control,0.0,True,False,0.0
Eu.l,0.0449843266896944,on,hard_extinction,0.0,True,False,0.0
Eu.l,0.0449843266896944,on,no_extinction_control,0.0,True,False,0.0
Eu.l,0.0494171336132383,off,hard_extinction,0.0,True,False,0.0
Eu.l,0.0494171336132383,off,no_extinction_control,0.0,True,False,0.0
Eu.l,0.0494171336132383,on,hard_extinction,0.0,True,False,0.0
Eu.l,0.0494171336132383,on,no_extinction_control,0.0,True,False,0.0
Eu.l,0.0542867543932385,off,hard_extinction,0.0,True,False,0.0
Eu.l,0.0542867543932385,off,no_extinction_control,0.0,True,False,0.0
Eu.l,0.0542867543932385,on,hard_extinction,0.0,True,False,0.0
Eu.l,0.0542867543932385,on,no_extinction_control,0.0,True,False,0.0
Eu.l,0.0596362331659464,off,hard_extinction,0.0,True,False,0.0
Eu.l,0.0596362331659464,off,no_extinction_control,0.0,True,False,0.0
Eu.l,0.0596362331659464,on,hard_extinction,0.0,True,False,0.0
Eu.l,0.0596362331659464,on,no_extinction_control,0.0,True,False,0.0
Eu.l,0.0655128556859551,off,hard_extinction,0.0,True,False,0.0
Eu.l,0.0655128556859551,off,no_extinction_control,0.0,True,False,0.0
Eu.l,0.0655128556859551,on,hard_extinction,0.0,True,False,0.0
Eu.l,0.0655128556859551,on,no_extinction_control,0.0,True,False,0.0
Eu.l,0.0719685673001152,off,hard_extinction,0.0,True,False,0.0
Eu.l,0.0719685673001152,off,no_extinction_control,0.0,True,False,0.0
Eu.l,0.0719685673001152,on,hard_extinction,0.0,True,False,0.0
Eu.l,0.0719685673001152,on,no_extinction_control,0.0,True,False,0.0
Eu.l,0.0790604321090769,off,hard_extinction,0.0,True,False,0.0
Eu.l,0.0790604321090769,off,no_extinction_control,0.0,True,False,0.0
Eu.l,0.0790604321090769,on,hard_extinction,0.0,True,False,0.0
Eu.l,0.0790604321090769,on,no_extinction_control,0.0,True,False,0.0
Eu.l,0.0868511373751352,off,hard_extinction,0.0,True,False,0.0
Eu.l,0.0868511373751352,off,no_extinction_control,0.0,True,False,0.0
Eu.l,0.0868511373751352,on,hard_extinction,0.0,True,False,0.0
Eu.l,0.0868511373751352,on,no_extinction_control,0.0,True,False,0.0
Eu.l,0.0954095476349993,off,hard_extinction,0.0,True,False,0.0
Eu.l,0.0954095476349993,off,no_extinction_control,0.0,True,False,0.0
Eu.l,0.0954095476349993,on,hard_extinction,0.0,True,False,0.0
Eu.l,0.0954095476349993,on,no_extinction_control,0.0,True,False,0.0
Eu.l,0.1048113134154685,off,hard_extinction,0.0,True,False,0.0
Eu.l,0.1048113134154685,off,no_extinction_control,0.0,True,False,0.0
Eu.l,0.1048113134154685,on,hard_extinction,0.0,True,False,0.0
Eu.l,0.1048113134154685,on,no_extinction_control,0.0,True,False,0.0
Eu.l,0.1151395399326447,off,hard_extinction,0.0,True,False,0.0
Eu.l,0.1151395399326447,off,no_extinction_control,0.0,True,False,0.0
Eu.l,0.1151395399326447,on,hard_extinction,0.0,True,False,0.0
Eu.l,0.1151395399326447,on,no_extinction_control,0.0,True,False,0.0
Eu.l,0.1264855216855295,off,hard_extinction,0.0,True,False,0.0
Eu.l,0.1264855216855295,off,no_extinction_control,0.0,True,False,0.0
Eu.l,0.1264855216855295,on,hard_extinction,0.0,True,False,0.0
Eu.l,0.1264855216855295,on,no_extinction_control,0.0,True,False,0.0
Eu.l,0.1389495494373137,off,hard_extinction,0.0,True,False,0.0
Eu.l,0.1389495494373137,off,no_extinction_control,0.0,True,False,0.0
Eu.l,0.1389495494373137,on,hard_extinction,0.0,True,False,0.0
Eu.l,0.1389495494373137,on,no_extinction_control,0.0,True,False,0.0
Eu.l,0.1526417967175233,off,hard_extinction,0.0,True,False,0.0
Eu.l,0.1526417967175233,off,no_extinction_control,0.0,True,False,0.0
Eu.l,0.1526417967175233,on,hard_extinction,0.0,True,False,0.0
Eu.l,0.1526417967175233,on,no_extinction_control,0.0,True,False,0.0
Eu.l,0.1676832936811007,off,hard_extinction,0.0,True,False,0.0
Eu.l,0.1676832936811007,off,no_extinction_control,0.0,True,False,0.0
Eu.l,0.1676832936811007,on,hard_extinction,0.0,True,False,0.0
Eu.l,0.1676832936811007,on,no_extinction_control,0.0,True,False,0.0
Eu.l,0.1842069969326715,off,hard_extinction,0.0,True,False,0.0
Eu.l,0.1842069969326715,off,no_extinction_control,0.0,True,False,0.0
Eu.l,0.1842069969326715,on,hard_extinction,0.0,True,False,0.0
Eu.l,0.1842069969326715,on,no_extinction_control,0.0,True,False,0.0
Eu.l,0.2023589647725156,off,hard_extinction,0.0,True,False,0.0
Eu.l,0.2023589647725156,off,no_extinction_control,0.0,True,False,0.0
Eu.l,0.2023589647725156,on,hard_extinction,0.0,True,False,0.0
Eu.l,0.2023589647725156,on,no_extinction_control,0.0,True,False,0.0
Eu.l,0.2222996482526194,off,hard_extinction,0.0,True,False,0.0
Eu.l,0.2222996482526194,off,no_extinction_control,0.0,True,False,0.0
Eu.l,0.2222996482526194,on,hard_extinction,0.0,True,False,0.0
Eu.l,0.2222996482526194,on,no_extinction_control,0.0,True,False,0.0
Eu.l,0.2442053094548651,off,hard_extinction,0.0,True,False,0.0
Eu.l,0.2442053094548651,off,no_extinction_control,0.0,True,False,0.0
Eu.l,0.2442053094548651,on,hard_extinction,0.0,True,False,0.0
Eu.l,0.2442053094548651,on,no_extinction_control,0.0,True,False,0.0
Eu.l,0.2682695795279725,off,hard_extinction,0.0,True,False,0.0
Eu.l,0.2682695795279725,off,no_extinction_control,0.0,True,False,0.0
Eu.l,0.2682695795279725,on,hard_extinction,0.0,True,False,0.0
Eu.l,0.2682695795279725,on,no_extinction_control,0.0,True,False,0.0
Eu.l,0.2947051702551809,off,hard_extinction,0.0,True,False,0.0
Eu.l,0.2947051702551809,off,no_extinction_control,0.0,True,False,0.0
Eu.l,0.2947051702551809,on,hard_extinction,0.0,True,False,0.0
Eu.l,0.2947051702551809,on,no_extinction_control,0.0,True,False,0.0
Eu.l,0.3237457542817643,off,hard_extinction,0.0,True,False,0.0
Eu.l,0.3237457542817643,off,no_extinction_control,0.0,True,False,0.0
Eu.l,0.3237457542817643,on,hard_extinction,0.0,True,False,0.0
Eu.l,0.3237457542817643,on,no_extinction_control,0.0,True,False,0.0
Eu.l,0.3556480306223128,off,hard_extinction,0.0,True,False,0.0
Eu.l,0.3556480306223128,off,no_extinction_control,0.0,True,False,0.0
Eu.l,0.3556480306223128,on,hard_extinction,0.0,True,False,0.0
Eu.l,0.3556480306223128,on,no_extinction_control,0.0,True,False,0.0
Eu.l,0.3906939937054615,off,hard_extinction,0.0,True,False,0.0
Eu.l,0.3906939937054615,off,no_extinction_control,0.0,True,False,0.0
Eu.l,0.3906939937054615,on,hard_extinction,0.0,True,False,0.0
Eu.l,0.3906939937054615,on,no_extinction_control,0.0,True,False,0.0
Eu.l,0.4291934260128776,off,hard_extinction,4.996003610813204e-16,True,False,5.551115123125784e-16
Eu.l,0.4291934260128776,off,no_extinction_control,4.996003610813204e-16,True,False,5.551115123125784e-16
Eu.l,0.4291934260128776,on,hard_extinction,0.0,True,False,0.0
Eu.l,0.4291934260128776,on,no_extinction_control,0.0,True,False,0.0
Eu.l,0.4714866363457392,off,hard_extinction,0.0,True,False,0.0
Eu.l,0.4714866363457392,off,no_extinction_control,0.0,True,False,0.0
Eu.l,0.4714866363457392,on,hard_extinction,0.0,True,False,0.0
Eu.l,0.4714866363457392,on,no_extinction_control,0.0,True,False,0.0
Eu.l,0.517947467923121,off,hard_extinction,0.0,True,False,0.0
Eu.l,0.517947467923121,off,no_extinction_control,0.0,True,False,0.0
Eu.l,0.517947467923121,on,hard_extinction,0.0,True,False,0.0
Eu.l,0.517947467923121,on,no_extinction_control,0.0,True,False,0.0
Eu.l,0.5689866029018296,off,hard_extinction,0.0,True,False,0.0
Eu.l,0.5689866029018296,off,no_extinction_control,0.0,True,False,0.0
Eu.l,0.5689866029018296,on,hard_extinction,0.0,True,False,0.0
Eu.l,0.5689866029018296,on,no_extinction_control,0.0,True,False,0.0
Eu.l,0.6250551925273969,off,hard_extinction,0.0,True,False,0.0
Eu.l,0.6250551925273969,off,no_extinction_control,0.0,True,False,0.0
Eu.l,0.6250551925273969,on,hard_extinction,0.0,True,False,0.0
Eu.l,0.6250551925273969,on,no_extinction_control,0.0,True,False,0.0
Eu.l,0.6866488450042998,off,hard_extinction,1.1102230246251563e-16,True,False,1.1102230246251563e-16
Eu.l,0.6866488450042998,off,no_extinction_control,1.1102230246251563e-16,True,False,1.1102230246251563e-16
Eu.l,0.6866488450042998,on,hard_extinction,0.0,True,False,0.0
Eu.l,0.6866488450042998,on,no_extinction_control,0.0,True,False,0.0
Eu.l,0.7543120063354615,off,hard_extinction,0.0,True,False,0.0
Eu.l,0.7543120063354615,off,no_extinction_control,0.0,True,False,0.0
Eu.l,0.7543120063354615,on,hard_extinction,0.0,True,False,0.0
Eu.l,0.7543120063354615,on,no_extinction_control,0.0,True,False,0.0
Eu.l,0.8286427728546842,off,hard_extinction,0.0,True,False,0.0
Eu.l,0.8286427728546842,off,no_extinction_control,0.0,True,False,0.0
Eu.l,0.8286427728546842,on,hard_extinction,0.0,True,False,0.0
Eu.l,0.8286427728546842,on,no_extinction_control,0.0,True,False,0.0
Eu.l,0.9102981779915218,off,hard_extinction,0.0,True,False,0.0
Eu.l,0.9102981779915218,off,no_extinction_control,0.0,True,False,0.0
Eu.l,0.9102981779915218,on,hard_extinction,0.0,True,False,0.0
Eu.l,0.9102981779915218,on,no_extinction_control,0.0,True,False,0.0
Eu.l,0.9999999999999994,off,hard_extinction,2.8310687127941488e-15,True,False,4.218847493575595e-15
Eu.l,0.9999999999999994,off,no_extinction_control,2.8310687127941488e-15,True,False,4.218847493575595e-15
Eu.l,0.9999999999999994,on,hard_extinction,0.0,True,False,0.0
Eu.l,0.9999999999999994,on,no_extinction_control,0.0,True,False,0.0
Eu.l,1.0985411419875584,off,hard_extinction,1.9331203304773226e-12,True,False,2.879918525877656e-12
Eu.l,1.0985411419875584,off,no_extinction_control,1.9331203304773226e-12,True,False,2.879918525877656e-12
Eu.l,1.0985411419875584,on,hard_extinction,0.0,True,False,0.0
Eu.l,1.0985411419875584,on,no_extinction_control,0.0,True,False,0.0
Eu.l,1.2067926406393277,off,hard_extinction,1.7849426381388867e-09,True,False,2.5572723938438453e-09
Eu.l,1.2067926406393277,off,no_extinction_control,1.7849426381388867e-09,True,False,2.5572723938438453e-09
Eu.l,1.2067926406393277,on,hard_extinction,0.0,True,False,0.0
Eu.l,1.2067926406393277,on,no_extinction_control,0.0,True,False,0.0
Eu.l,1.325711365590108,off,hard_extinction,1.1748181094617394e-08,True,False,1.5544763698471797e-08
Eu.l,1.325711365590108,off,no_extinction_control,1.1748181094617394e-08,True,False,1.5544763698471797e-08
Eu.l,1.325711365590108,on,hard_extinction,0.0,True,False,0.0
Eu.l,1.325711365590108,on,no_extinction_control,0.0,True,False,0.0
Eu.l,1.456348477501243,off,hard_extinction,1.3365353412897465e-07,True,False,1.433284253504752e-07
Eu.l,1.456348477501243,off,no_extinction_control,1.3365353412897465e-07,True,False,1.433284253504752e-07
Eu.l,1.456348477501243,on,hard_extinction,0.0,True,False,0.0
Eu.l,1.456348477501243,on,no_extinction_control,0.0,True,False,0.0
Eu.l,1.5998587196060574,off,hard_extinction,0.0039246546863938,False,False,0.0012437623610999
Eu.l,1.5998587196060574,off,no_extinction_control,0.0039246546863938,False,False,0.0012437623610999
Eu.l,1.5998587196060574,on,hard_extinction,0.0,True,False,0.0
Eu.l,1.5998587196060574,on,no_extinction_control,0.0,True,False,0.0
Eu.l,1.7575106248547911,off,hard_extinction,9.992007221626409e-16,True,False,0.0
Eu.l,1.7575106248547911,off,no_extinction_control,4.182804116759087e-05,True,False,2.220446049250313e-16
Eu.l,1.7575106248547911,on,hard_extinction,0.0,True,False,0.0
Eu.l,1.7575106248547911,on,no_extinction_control,0.0,True,False,0.0
Eu.l,1.9306977288832496,off,hard_extinction,0.0,True,False,0.0
Eu.l,1.9306977288832496,off,no_extinction_control,9.838376884729882e-06,True,False,0.0
Eu.l,1.9306977288832496,on,hard_extinction,0.0,True,False,0.0
Eu.l,1.9306977288832496,on,no_extinction_control,0.0,True,False,0.0
Eu.l,2.1209508879201904,off,hard_extinction,0.0,True,False,0.0
Eu.l,2.1209508879201904,off,no_extinction_control,4.044196089125762e-09,True,False,0.0
Eu.l,2.1209508879201904,on,hard_extinction,0.0,True,False,0.0
Eu.l,2.1209508879201904,on,no_extinction_control,0.0,True,False,0.0
Eu.l,2.329951810515372,off,hard_extinction,0.0,True,False,0.0
Eu.l,2.329951810515372,off,no_extinction_control,5.3290705182007506e-15,True,False,0.0
Eu.l,2.329951810515372,on,hard_extinction,0.0,True,False,0.0
Eu.l,2.329951810515372,on,no_extinction_control,0.0,True,False,0.0
Eu.l,2.5595479226995357,off,hard_extinction,0.0,True,False,0.0
Eu.l,2.5595479226995357,off,no_extinction_control,1.257425150669178e-07,True,False,0.0
Eu.l,2.5595479226995357,on,hard_extinction,0.0,True,False,0.0
Eu.l,2.5595479226995357,on,no_extinction_control,0.0,True,False,0.0
Eu.l,2.811768697974228,off,hard_extinction,0.0,True,False,0.0
Eu.l,2.811768697974228,off,no_extinction_control,4.5928594261113176e-10,True,False,0.0
Eu.l,2.811768697974228,on,hard_extinction,0.0,True,False,0.0
Eu.l,2.811768697974228,on,no_extinction_control,0.0,True,False,0.0
Eu.l,3.0888435964774787,off,hard_extinction,5.551115123125783e-17,True,False,0.0
Eu.l,3.0888435964774787,off,no_extinction_control,5.838831640403441e-09,True,False,0.0
Eu.l,3.0888435964774787,on,hard_extinction,0.0,True,False,0.0
Eu.l,3.0888435964774787,on,no_extinction_control,0.0,True,False,0.0
Eu.l,3.3932217718953264,off,hard_extinction,0.0,True,False,0.0
Eu.l,3.3932217718953264,off,no_extinction_control,5.312372763910389e-11,True,False,0.0
Eu.l,3.3932217718953264,on,hard_extinction,0.0,True,False,0.0
Eu.l,3.3932217718953264,on,no_extinction_control,0.0,True,False,0.0
Eu.l,3.727593720314938,off,hard_extinction,0.0,True,False,0.0
Eu.l,3.727593720314938,off,no_extinction_control,7.105427357601002e-13,True,False,0.0
Eu.l,3.727593720314938,on,hard_extinction,0.0,True,False,0.0
Eu.l,3.727593720314938,on,no_extinction_control,0.0,True,False,0.0
Eu.l,4.094915062380423,off,hard_extinction,0.0,True,False,0.0
Eu.l,4.094915062380423,off,no_extinction_control,1.4210854715202004e-14,True,False,0.0
Eu.l,4.094915062380423,on,hard_extinction,0.0,True,False,0.0
Eu.l,4.094915062380423,on,no_extinction_control,0.0,True,False,0.0
Eu.l,4.498432668969444,off,hard_extinction,0.0,True,False,0.0
Eu.l,4.498432668969444,off,no_extinction_control,0.0,True,False,0.0
Eu.l,4.498432668969444,on,hard_extinction,0.0,True,False,0.0
Eu.l,4.498432668969444,on,no_extinction_control,0.0,True,False,0.0
Eu.l,4.941713361323833,off,hard_extinction,0.0,True,False,0.0
Eu.l,4.941713361323833,off,no_extinction_control,0.0,True,False,0.0
Eu.l,4.941713361323833,on,hard_extinction,0.0,True,False,0.0
Eu.l,4.941713361323833,on,no_extinction_control,0.0,True,False,0.0
Eu.l,5.428675439323859,off,hard_extinction,0.0,True,False,0.0
Eu.l,5.428675439323859,off,no_extinction_control,0.0,True,False,0.0
Eu.l,5.428675439323859,on,hard_extinction,0.0,True,False,0.0
Eu.l,5.428675439323859,on,no_extinction_control,0.0,True,False,0.0
Eu.l,5.963623316594643,off,hard_extinction,0.0,True,False,0.0
Eu.l,5.963623316594643,off,no_extinction_control,0.0,True,False,0.0
Eu.l,5.963623316594643,on,hard_extinction,0.0,True,False,0.0
Eu.l,5.963623316594643,on,no_extinction_control,0.0,True,False,0.0
Eu.l,6.551285568595502,off,hard_extinction,2.775557561562891e-16,True,False,0.0
Eu.l,6.551285568595502,off,no_extinction_control,0.0,True,False,0.0
Eu.l,6.551285568595502,on,hard_extinction,0.0,True,False,0.0
Eu.l,6.551285568595502,on,no_extinction_control,0.0,True,False,0.0
Eu.l,7.196856730011514,off,hard_extinction,0.0,True,False,0.0
Eu.l,7.196856730011514,off,no_extinction_control,0.0,True,False,0.0
Eu.l,7.196856730011514,on,hard_extinction,0.0,True,False,0.0
Eu.l,7.196856730011514,on,no_extinction_control,0.0,True,False,0.0
Eu.l,7.906043210907693,off,hard_extinction,0.0,True,False,0.0
Eu.l,7.906043210907693,off,no_extinction_control,0.0,True,False,0.0
Eu.l,7.906043210907693,on,hard_extinction,0.0,True,False,0.0
Eu.l,7.906043210907693,on,no_extinction_control,0.0,True,False,0.0
Eu.l,8.68511373751352,off,hard_extinction,0.0,True,False,0.0
Eu.l,8.68511373751352,off,no_extinction_control,0.0,True,False,0.0
Eu.l,8.68511373751352,on,hard_extinction,0.0,True,False,0.0
Eu.l,8.68511373751352,on,no_extinction_control,0.0,True,False,0.0
Eu.l,9.540954763499936,off,hard_extinction,0.0,True,False,0.0
Eu.l,9.540954763499936,off,no_extinction_control,0.0,True,False,0.0
Eu.l,9.540954763499936,on,hard_extinction,0.0,True,False,0.0
Eu.l,9.540954763499936,on,no_extinction_control,0.0,True,False,0.0
Eu.l,10.481131341546853,off,hard_extinction,0.0,True,False,0.0
Eu.l,10.481131341546853,off,no_extinction_control,0.0,True,False,0.0
Eu.l,10.481131341546853,on,hard_extinction,0.0,True,False,0.0
Eu.l,10.481131341546853,on,no_extinction_control,0.0,True,False,0.0
Eu.l,11.513953993264469,off,hard_extinction,0.0,True,False,0.0
Eu.l,11.513953993264469,off,no_extinction_control,0.0,True,False,0.0
Eu.l,11.513953993264469,on,hard_extinction,0.0,True,False,0.0
Eu.l,11.513953993264469,on,no_extinction_control,0.0,True,False,0.0
Eu.l,12.64855216855296,off,hard_extinction,0.0,True,False,0.0
Eu.l,12.64855216855296,off,no_extinction_control,0.0,True,False,0.0
Eu.l,12.64855216855296,on,hard_extinction,0.0,True,False,0.0
Eu.l,12.64855216855296,on,no_extinction_control,0.0,True,False,0.0
Eu.l,13.894954943731374,off,hard_extinction,0.0,True,False,0.0
Eu.l,13.894954943731374,off,no_extinction_control,0.0,True,False,0.0
Eu.l,13.894954943731374,on,hard_extinction,0.0,True,False,0.0
Eu.l,13.894954943731374,on,no_extinction_control,0.0,True,False,0.0
Eu.l,15.264179671752318,off,hard_extinction,0.0,True,False,0.0
Eu.l,15.264179671752318,off,no_extinction_control,0.0,True,False,0.0
Eu.l,15.264179671752318,on,hard_extinction,0.0,True,False,0.0
Eu.l,15.264179671752318,on,no_extinction_control,0.0,True,False,0.0
Eu.l,16.768329368110066,off,hard_extinction,0.0,True,False,0.0
Eu.l,16.768329368110066,off,no_extinction_control,0.0,True,False,0.0
Eu.l,16.768329368110066,on,hard_extinction,0.0,True,False,0.0
Eu.l,16.768329368110066,on,no_extinction_control,0.0,True,False,0.0
Eu.l,18.420699693267142,off,hard_extinction,0.0,True,False,0.0
Eu.l,18.420699693267142,off,no_extinction_control,0.0,True,False,0.0
Eu.l,18.420699693267142,on,hard_extinction,0.0,True,False,0.0
Eu.l,18.420699693267142,on,no_extinction_control,0.0,True,False,0.0
Eu.l,20.23589647725155,off,hard_extinction,0.0,True,False,0.0
Eu.l,20.23589647725155,off,no_extinction_control,0.0,True,False,0.0
Eu.l,20.23589647725155,on,hard_extinction,0.0,True,False,0.0
Eu.l,20.23589647725155,on,no_extinction_control,0.0,True,False,0.0
Eu.l,22.229964825261938,off,hard_extinction,0.0,True,False,0.0
Eu.l,22.229964825261938,off,no_extinction_control,0.0,True,False,0.0
Eu.l,22.229964825261938,on,hard_extinction,3.3306690738754696e-16,True,False,3.3306690738754696e-16
Eu.l,22.229964825261938,on,no_extinction_control,3.3306690738754696e-16,True,False,3.3306690738754696e-16
Eu.l,24.420530945486497,off,hard_extinction,0.0,True,False,0.0
Eu.l,24.420530945486497,off,no_extinction_control,0.0,True,False,0.0
Eu.l,24.420530945486497,on,hard_extinction,0.0,True,False,0.0
Eu.l,24.420530945486497,on,no_extinction_control,0.0,True,False,0.0
Eu.l,26.826957952797247,off,hard_extinction,0.0,True,False,0.0
Eu.l,26.826957952797247,off,no_extinction_control,0.0,True,False,0.0
Eu.l,26.826957952797247,on,hard_extinction,0.0,True,False,0.0
Eu.l,26.826957952797247,on,no_extinction_control,0.0,True,False,0.0
Eu.l,29.4705170255181,off,hard_extinction,0.0,True,False,0.0
Eu.l,29.4705170255181,off,no_extinction_control,0.0,True,False,0.0
Eu.l,29.4705170255181,on,hard_extinction,0.0,True,False,0.0
Eu.l,29.4705170255181,on,no_extinction_control,0.0,True,False,0.0
Eu.l,32.374575428176435,off,hard_extinction,0.0,True,False,0.0
Eu.l,32.374575428176435,off,no_extinction_control,0.0,True,False,0.0
Eu.l,32.374575428176435,on,hard_extinction,0.0,True,False,0.0
Eu.l,32.374575428176435,on,no_extinction_control,0.0,True,False,0.0
Eu.l,35.56480306223125,off,hard_extinction,0.0,True,False,0.0
Eu.l,35.56480306223125,off,no_extinction_control,0.0,True,False,0.0
Eu.l,35.56480306223125,on,hard_extinction,0.0,True,False,0.0
Eu.l,35.56480306223125,on,no_extinction_control,0.0,True,False,0.0
Eu.l,39.06939937054613,off,hard_extinction,0.0,True,False,0.0
Eu.l,39.06939937054613,off,no_extinction_control,0.0,True,False,0.0
Eu.l,39.06939937054613,on,hard_extinction,0.0,True,False,0.0
Eu.l,39.06939937054613,on,no_extinction_control,0.0,True,False,0.0
Eu.l,42.91934260128774,off,hard_extinction,0.0,True,False,0.0
Eu.l,42.91934260128774,off,no_extinction_control,0.0,True,False,0.0
Eu.l,42.91934260128774,on,hard_extinction,0.0,True,False,0.0
Eu.l,42.91934260128774,on,no_extinction_control,0.0,True,False,0.0
Eu.l,47.1486636345739,off,hard_extinction,0.0,True,False,0.0
Eu.l,47.1486636345739,off,no_extinction_control,0.0,True,False,0.0
Eu.l,47.1486636345739,on,hard_extinction,0.0,True,False,0.0
Eu.l,47.1486636345739,on,no_extinction_control,0.0,True,False,0.0
Eu.l,51.794746792312075,off,hard_extinction,0.0,True,False,0.0
Eu.l,51.794746792312075,off,no_extinction_control,0.0,True,False,0.0
Eu.l,51.794746792312075,on,hard_extinction,0.0,True,False,0.0
Eu.l,51.794746792312075,on,no_extinction_control,0.0,True,False,0.0
Eu.l,56.89866029018293,off,hard_extinction,0.0,True,False,0.0
Eu.l,56.89866029018293,off,no_extinction_control,0.0,True,False,0.0
Eu.l,56.89866029018293,on,hard_extinction,0.0,True,False,0.0
Eu.l,56.89866029018293,on,no_extinction_control,0.0,True,False,0.0
Eu.l,62.505519252739695,off,hard_extinction,0.0,True,False,0.0
Eu.l,62.505519252739695,off,no_extinction_control,0.0,True,False,0.0
Eu.l,62.505519252739695,on,hard_extinction,0.0,True,False,0.0
Eu.l,62.505519252739695,on,no_extinction_control,0.0,True,False,0.0
Eu.l,68.66488450042998,off,hard_extinction,0.0,True,False,0.0
Eu.l,68.66488450042998,off,no_extinction_control,0.0,True,False,0.0
Eu.l,68.66488450042998,on,hard_extinction,0.0,True,False,0.0
Eu.l,68.66488450042998,on,no_extinction_control,0.0,True,False,0.0
Eu.l,75.43120063354615,off,hard_extinction,0.0,True,False,0.0
Eu.l,75.43120063354615,off,no_extinction_control,0.0,True,False,0.0
Eu.l,75.43120063354615,on,hard_extinction,3.3306690738754696e-16,True,False,3.3306690738754696e-16
Eu.l,75.43120063354615,on,no_extinction_control,3.3306690738754696e-16,True,False,3.3306690738754696e-16
Eu.l,82.86427728546842,off,hard_extinction,0.0,True,False,0.0
Eu.l,82.86427728546842,off,no_extinction_control,0.0,True,False,0.0
Eu.l,82.86427728546842,on,hard_extinction,0.0,True,False,0.0
Eu.l,82.86427728546842,on,no_extinction_control,0.0,True,False,0.0
Eu.l,91.02981779915208,off,hard_extinction,0.0,True,False,0.0
Eu.l,91.02981779915208,off,no_extinction_control,0.0,True,False,0.0
Eu.l,91.02981779915208,on,hard_extinction,0.0,True,False,0.0
Eu.l,91.02981779915208,on,no_extinction_control,0.0,True,False,0.0
Eu.l,100.0,off,hard_extinction,0.0,True,False,0.0
Eu.l,100.0,off,no_extinction_control,0.0,True,False,0.0
Eu.l,100.0,on,hard_extinction,0.0,True,False,0.0
Eu.l,100.0,on,no_extinction_control,0.0,True,False,0.0
Im,0.0,off,hard_extinction,0.0,True,False,0.0
Im,0.0,off,no_extinction_control,1.0160761121369433e-12,True,False,1.2243168473569097e-23
Im,0.0,on,hard_extinction,0.0,True,False,0.0
Im,0.0,on,no_extinction_control,1.0160761121369433e-12,True,False,1.2243168473569097e-23
Im,0.01,off,hard_extinction,0.0,True,False,0.0
Im,0.01,off,no_extinction_control,1.803415948131715e-06,True,False,2.1706507029850757e-17
Im,0.01,on,hard_extinction,0.0,True,False,0.0
Im,0.01,on,no_extinction_control,1.803415948131715e-06,True,False,2.1706507029850757e-17
Im,0.0109854114198755,off,hard_extinction,0.0,True,False,0.0
Im,0.0109854114198755,off,no_extinction_control,7.326307070343319e-06,True,False,8.818285565738548e-17
Im,0.0109854114198755,on,hard_extinction,0.0,True,False,0.0
Im,0.0109854114198755,on,no_extinction_control,7.326307070343319e-06,True,False,8.818285565738548e-17
Im,0.0120679264063932,off,hard_extinction,0.0,True,False,0.0
Im,0.0120679264063932,off,no_extinction_control,3.3992575637853406e-05,True,False,4.0917370139902783e-16
Im,0.0120679264063932,on,hard_extinction,0.0,True,False,0.0
Im,0.0120679264063932,on,no_extinction_control,3.3992575637853406e-05,True,False,4.0917370139902783e-16
Im,0.013257113655901,off,hard_extinction,0.0,True,False,0.0
Im,0.013257113655901,off,no_extinction_control,0.0001821353600046,True,False,2.193096270569828e-15
Im,0.013257113655901,on,hard_extinction,0.0,True,False,0.0
Im,0.013257113655901,on,no_extinction_control,0.0001821353600046,True,False,2.193096270569828e-15
Im,0.0145634847750124,off,hard_extinction,0.0,True,False,0.0
Im,0.0145634847750124,off,no_extinction_control,0.0005310629944652,True,False,6.395934888386261e-15
Im,0.0145634847750124,on,hard_extinction,0.0,True,False,0.0
Im,0.0145634847750124,on,no_extinction_control,0.0005310629944652,True,False,6.395934888386261e-15
Im,0.0159985871960605,off,hard_extinction,0.0,True,False,0.0
Im,0.0159985871960605,off,no_extinction_control,8.51620995945268e-09,True,False,1.0250352353744936e-19
Im,0.0159985871960605,on,hard_extinction,0.0,True,False,0.0
Im,0.0159985871960605,on,no_extinction_control,8.51620995945268e-09,True,False,1.0250352353744936e-19
Im,0.0175751062485479,off,hard_extinction,0.0,True,False,0.0
Im,0.0175751062485479,off,no_extinction_control,2.5138430359561426e-07,True,False,3.0257347746162266e-18
Im,0.0175751062485479,on,hard_extinction,0.0,True,False,0.0
Im,0.0175751062485479,on,no_extinction_control,2.5138430359561426e-07,True,False,3.0257347746162266e-18
Im,0.0193069772888324,off,hard_extinction,0.0,True,False,0.0
Im,0.0193069772888324,off,no_extinction_control,1.010071994222983e-05,True,False,1.2157830068276282e-16
Im,0.0193069772888324,on,hard_extinction,0.0,True,False,0.0
Im,0.0193069772888324,on,no_extinction_control,1.010071994222983e-05,True,False,1.2157830068276282e-16
Im,0.0212095088792019,off,hard_extinction,0.0,True,False,0.0
Im,0.0212095088792019,off,no_extinction_control,0.0005622004904122,True,False,6.777515097696971e-15
Im,0.0212095088792019,on,hard_extinction,0.0,True,False,0.0
Im,0.0212095088792019,on,no_extinction_control,0.0005622004904122,True,False,6.777515097696971e-15
Im,0.0232995181051537,off,hard_extinction,0.0,True,False,0.0
Im,0.0232995181051537,off,no_extinction_control,1.1666158199474808e-05,True,False,1.4042240250234083e-16
Im,0.0232995181051537,on,hard_extinction,0.0,True,False,0.0
Im,0.0232995181051537,on,no_extinction_control,1.1666158199474808e-05,True,False,1.4042240250234083e-16
Im,0.0255954792269953,off,hard_extinction,0.0,True,False,0.0
Im,0.0255954792269953,off,no_extinction_control,0.0084114954494385,True,False,1.0223566277313383e-13
Im,0.0255954792269953,on,hard_extinction,0.0,True,False,0.0
Im,0.0255954792269953,on,no_extinction_control,0.0084114954494385,True,False,1.0223566277313383e-13
Im,0.0281176869797423,off,hard_extinction,7.2164496600635185e-16,True,False,0.0
Im,0.0281176869797423,off,no_extinction_control,0.0551857282435399,False,False,9.227187443954158e-13
Im,0.0281176869797423,on,hard_extinction,7.2164496600635185e-16,True,False,0.0
Im,0.0281176869797423,on,no_extinction_control,0.0551857282435399,False,False,9.227187443954158e-13
Im,0.0308884359647748,off,hard_extinction,0.0,True,False,0.0
Im,0.0308884359647748,off,no_extinction_control,0.1126596460674296,False,False,9.3576622988206e-09
Im,0.0308884359647748,on,hard_extinction,0.0,True,False,0.0
Im,0.0308884359647748,on,no_extinction_control,0.1126596460674296,False,False,9.3576622988206e-09
Im,0.0339322177189532,off,hard_extinction,0.0,True,False,0.0
Im,0.0339322177189532,off,no_extinction_control,0.0132331701953978,False,False,1.134058381177896e-05
Im,0.0339322177189532,on,hard_extinction,0.0,True,False,0.0
Im,0.0339322177189532,on,no_extinction_control,0.0132331701953978,False,False,1.134058381177896e-05
Im,0.0372759372031494,off,hard_extinction,0.0001011704164466,True,False,1.3508762377670291e-06
Im,0.0372759372031494,off,no_extinction_control,0.0001011704164466,True,False,1.3508762377670291e-06
Im,0.0372759372031494,on,hard_extinction,0.0001011704164466,True,False,1.3508762377670291e-06
Im,0.0372759372031494,on,no_extinction_control,0.0001011704164466,True,False,1.3508762377670291e-06
Im,0.0409491506238042,off,hard_extinction,1.2120089670997204e-05,True,False,3.251079115865891e-07
Im,0.0409491506238042,off,no_extinction_control,1.2120089670997204e-05,True,False,3.251079115865891e-07
Im,0.0409491506238042,on,hard_extinction,1.2120089670997204e-05,True,False,3.251079115865891e-07
Im,0.0409491506238042,on,no_extinction_control,1.2120089670997204e-05,True,False,3.251079115865891e-07
Im,0.0449843266896944,off,hard_extinction,6.295972543313155e-08,True,False,2.494437306016506e-09
Im,0.0449843266896944,off,no_extinction_control,6.295972543313155e-08,True,False,2.494437306016506e-09
Im,0.0449843266896944,on,hard_extinction,6.295972543313155e-08,True,False,2.494437306016506e-09
Im,0.0449843266896944,on,no_extinction_control,6.295972543313155e-08,True,False,2.494437306016506e-09
Im,0.0494171336132383,off,hard_extinction,3.117526828244621e-06,True,False,1.6108947307677537e-07
Im,0.0494171336132383,off,no_extinction_control,3.117526828244621e-06,True,False,1.6108947307677537e-07
Im,0.0494171336132383,on,hard_extinction,3.117526828244621e-06,True,False,1.6108947307677537e-07
Im,0.0494171336132383,on,no_extinction_control,3.117526828244621e-06,True,False,1.6108947307677537e-07
Im,0.0542867543932385,off,hard_extinction,1.2337823789287938e-06,True,False,7.768466296978471e-08
Im,0.0542867543932385,off,no_extinction_control,1.2337823789287938e-06,True,False,7.768466296978471e-08
Im,0.0542867543932385,on,hard_extinction,1.2337823789287938e-06,True,False,7.768466296978471e-08
Im,0.0542867543932385,on,no_extinction_control,1.2337823789287938e-06,True,False,7.768466296978471e-08
Im,0.0596362331659464,off,hard_extinction,7.985733541104879e-08,True,False,5.873393556232731e-09
Im,0.0596362331659464,off,no_extinction_control,7.985733541104879e-08,True,False,5.873393556232731e-09
Im,0.0596362331659464,on,hard_extinction,7.985733541104879e-08,True,False,5.873393556232731e-09
Im,0.0596362331659464,on,no_extinction_control,7.985733541104879e-08,True,False,5.873393556232731e-09
Im,0.0655128556859551,off,hard_extinction,6.335093338805109e-09,True,False,5.294758381735321e-10
Im,0.0655128556859551,off,no_extinction_control,6.335093338805109e-09,True,False,5.294758381735321e-10
Im,0.0655128556859551,on,hard_extinction,6.335093338805109e-09,True,False,5.294758381735321e-10
Im,0.0655128556859551,on,no_extinction_control,6.335093338805109e-09,True,False,5.294758381735321e-10
Im,0.0719685673001152,off,hard_extinction,8.758171965439486e-10,True,False,8.177423321820143e-11
Im,0.0719685673001152,off,no_extinction_control,8.758171965439486e-10,True,False,8.177423321820143e-11
Im,0.0719685673001152,on,hard_extinction,8.758171965439486e-10,True,False,8.177423321820143e-11
Im,0.0719685673001152,on,no_extinction_control,8.758171965439486e-10,True,False,8.177423321820143e-11
Im,0.0790604321090769,off,hard_extinction,3.5551739330230703e-10,True,False,3.6796232727454026e-11
Im,0.0790604321090769,off,no_extinction_control,3.5551739330230703e-10,True,False,3.6796232727454026e-11
Im,0.0790604321090769,on,hard_extinction,3.5551739330230703e-10,True,False,3.6796232727454026e-11
Im,0.0790604321090769,on,no_extinction_control,3.5551739330230703e-10,True,False,3.6796232727454026e-11
Im,0.0868511373751352,off,hard_extinction,7.98462185258586e-10,True,False,9.184562832498243e-11
Im,0.0868511373751352,off,no_extinction_control,7.98462185258586e-10,True,False,9.184562832498243e-11
Im,0.0868511373751352,on,hard_extinction,7.98462185258586e-10,True,False,9.184562832498243e-11
Im,0.0868511373751352,on,no_extinction_control,7.98462185258586e-10,True,False,9.184562832498243e-11
Im,0.0954095476349993,off,hard_extinction,1.583554842810031e-08,True,False,2.0601317318735823e-09
Im,0.0954095476349993,off,no_extinction_control,1.583554842810031e-08,True,False,2.0601317318735823e-09
Im,0.0954095476349993,on,hard_extinction,1.583554842810031e-08,True,False,2.0601317318735823e-09
Im,0.0954095476349993,on,no_extinction_control,1.583554842810031e-08,True,False,2.0601317318735823e-09
Im,0.1048113134154685,off,hard_extinction,1.712453290281246e-09,True,False,2.6407449837950736e-10
Im,0.1048113134154685,off,no_extinction_control,1.712453290281246e-09,True,False,2.6407449837950736e-10
Im,0.1048113134154685,on,hard_extinction,1.712453290281246e-09,True,False,2.6407449837950736e-10
Im,0.1048113134154685,on,no_extinction_control,1.712453290281246e-09,True,False,2.6407449837950736e-10
Im,0.1151395399326447,off,hard_extinction,8.004746998580003e-07,True,False,1.6557650456272557e-07
Im,0.1151395399326447,off,no_extinction_control,8.004746998580003e-07,True,False,1.6557650456272557e-07
Im,0.1151395399326447,on,hard_extinction,8.004746998580003e-07,True,False,1.6557650456272557e-07
Im,0.1151395399326447,on,no_extinction_control,8.004746998580003e-07,True,False,1.6557650456272557e-07
Im,0.1264855216855295,off,hard_extinction,1.0691232491977232e-05,True,False,4.490252432348685e-06
Im,0.1264855216855295,off,no_extinction_control,1.0691232491977232e-05,True,False,4.490252432348685e-06
Im,0.1264855216855295,on,hard_extinction,1.0691232491977232e-05,True,False,4.490252432348685e-06
Im,0.1264855216855295,on,no_extinction_control,1.0691232491977232e-05,True,False,4.490252432348685e-06
Im,0.1389495494373137,off,hard_extinction,8.471770005426281,False,True,0.0015434957789932
Im,0.1389495494373137,off,no_extinction_control,3.155550714631984,False,True,0.0015424169337217
Im,0.1389495494373137,on,hard_extinction,8.471770005426281,False,True,0.0015434957789932
Im,0.1389495494373137,on,no_extinction_control,3.155550714631984,False,True,0.0015424169337217
Im,0.1526417967175233,off,hard_extinction,1.6653345369377348e-16,True,False,0.0
Im,0.1526417967175233,off,no_extinction_control,1.967491677135058e-06,True,False,0.0
Im,0.1526417967175233,on,hard_extinction,1.6653345369377348e-16,True,False,0.0
Im,0.1526417967175233,on,no_extinction_control,1.967491677135058e-06,True,False,0.0
Im,0.1676832936811007,off,hard_extinction,1.6653345369377348e-16,True,False,0.0
Im,0.1676832936811007,off,no_extinction_control,0.0001887297469735,True,False,2.220446049250313e-15
Im,0.1676832936811007,on,hard_extinction,1.6653345369377348e-16,True,False,0.0
Im,0.1676832936811007,on,no_extinction_control,0.0001887297469735,True,False,2.220446049250313e-15
Im,0.1842069969326715,off,hard_extinction,0.0,True,False,0.0
Im,0.1842069969326715,off,no_extinction_control,6.528289020479859e-11,True,False,0.0
Im,0.1842069969326715,on,hard_extinction,0.0,True,False,0.0
Im,0.1842069969326715,on,no_extinction_control,6.528289020479859e-11,True,False,0.0
Im,0.2023589647725156,off,hard_extinction,0.0,True,False,0.0
Im,0.2023589647725156,off,no_extinction_control,2.136872655711386e-06,True,False,0.0
Im,0.2023589647725156,on,hard_extinction,0.0,True,False,0.0
Im,0.2023589647725156,on,no_extinction_control,2.136872655711386e-06,True,False,0.0
Im,0.2222996482526194,off,hard_extinction,0.0,True,False,0.0
Im,0.2222996482526194,off,no_extinction_control,5.157158255997274e-09,True,False,0.0
Im,0.2222996482526194,on,hard_extinction,0.0,True,False,0.0
Im,0.2222996482526194,on,no_extinction_control,5.157158255997274e-09,True,False,0.0
Im,0.2442053094548651,off,hard_extinction,0.0,True,False,0.0
Im,0.2442053094548651,off,no_extinction_control,2.1247004156066396e-11,True,False,0.0
Im,0.2442053094548651,on,hard_extinction,0.0,True,False,0.0
Im,0.2442053094548651,on,no_extinction_control,2.1247004156066396e-11,True,False,0.0
Im,0.2682695795279725,off,hard_extinction,0.0,True,False,0.0
Im,0.2682695795279725,off,no_extinction_control,1.828889040211834e-09,True,False,0.0
Im,0.2682695795279725,on,hard_extinction,0.0,True,False,0.0
Im,0.2682695795279725,on,no_extinction_control,1.828889040211834e-09,True,False,0.0
Im,0.2947051702551809,off,hard_extinction,0.0,True,False,0.0
Im,0.2947051702551809,off,no_extinction_control,1.6045831330302462e-11,True,False,0.0
Im,0.2947051702551809,on,hard_extinction,0.0,True,False,0.0
Im,0.2947051702551809,on,no_extinction_control,1.6045831330302462e-11,True,False,0.0
Im,0.3237457542817643,off,hard_extinction,0.0,True,False,0.0
Im,0.3237457542817643,off,no_extinction_control,2.113864638886298e-13,True,False,0.0
Im,0.3237457542817643,on,hard_extinction,0.0,True,False,0.0
Im,0.3237457542817643,on,no_extinction_control,2.113864638886298e-13,True,False,0.0
Im,0.3556480306223128,off,hard_extinction,0.0,True,False,0.0
Im,0.3556480306223128,off,no_extinction_control,3.552713678800501e-15,True,False,0.0
Im,0.3556480306223128,on,hard_extinction,0.0,True,False,0.0
Im,0.3556480306223128,on,no_extinction_control,3.552713678800501e-15,True,False,0.0
Im,0.3906939937054615,off,hard_extinction,0.0,True,False,0.0
Im,0.3906939937054615,off,no_extinction_control,0.0,True,False,0.0
Im,0.3906939937054615,on,hard_extinction,0.0,True,False,0.0
Im,0.3906939937054615,on,no_extinction_control,0.0,True,False,0.0
Im,0.4291934260128776,off,hard_extinction,0.0,True,False,0.0
Im,0.4291934260128776,off,no_extinction_control,0.0,True,False,0.0
Im,0.4291934260128776,on,hard_extinction,0.0,True,False,0.0
Im,0.4291934260128776,on,no_extinction_control,0.0,True,False,0.0
Im,0.4714866363457392,off,hard_extinction,0.0,True,False,0.0
Im,0.4714866363457392,off,no_extinction_control,0.0,True,False,0.0
Im,0.4714866363457392,on,hard_extinction,0.0,True,False,0.0
Im,0.4714866363457392,on,no_extinction_control,0.0,True,False,0.0
Im,0.517947467923121,off,hard_extinction,0.0,True,False,0.0
Im,0.517947467923121,off,no_extinction_control,0.0,True,False,0.0
Im,0.517947467923121,on,hard_extinction,0.0,True,False,0.0
Im,0.517947467923121,on,no_extinction_control,0.0,True,False,0.0
Im,0.5689866029018296,off,hard_extinction,0.0,True,False,0.0
Im,0.5689866029018296,off,no_extinction_control,0.0,True,False,0.0
Im,0.5689866029018296,on,hard_extinction,0.0,True,False,0.0
Im,0.5689866029018296,on,no_extinction_control,0.0,True,False,0.0
Im,0.6250551925273969,off,hard_extinction,0.0,True,False,0.0
Im,0.6250551925273969,off,no_extinction_control,0.0,True,False,0.0
Im,0.6250551925273969,on,hard_extinction,0.0,True,False,0.0
Im,0.6250551925273969,on,no_extinction_control,0.0,True,False,0.0
Im,0.6866488450042998,off,hard_extinction,0.0,True,False,0.0
Im,0.6866488450042998,off,no_extinction_control,0.0,True,False,0.0
Im,0.6866488450042998,on,hard_extinction,0.0,True,False,0.0
Im,0.6866488450042998,on,no_extinction_control,0.0,True,False,0.0
Im,0.7543120063354615,off,hard_extinction,0.0,True,False,0.0
Im,0.7543120063354615,off,no_extinction_control,0.0,True,False,0.0
Im,0.7543120063354615,on,hard_extinction,0.0,True,False,0.0
Im,0.7543120063354615,on,no_extinction_control,0.0,True,False,0.0
Im,0.8286427728546842,off,hard_extinction,0.0,True,False,0.0
Im,0.8286427728546842,off,no_extinction_control,0.0,True,False,0.0
Im,0.8286427728546842,on,hard_extinction,0.0,True,False,0.0
Im,0.8286427728546842,on,no_extinction_control,0.0,True,False,0.0
Im,0.9102981779915218,off,hard_extinction,0.0,True,False,0.0
Im,0.9102981779915218,off,no_extinction_control,0.0,True,False,0.0
Im,0.9102981779915218,on,hard_extinction,0.0,True,False,0.0
Im,0.9102981779915218,on,no_extinction_control,0.0,True,False,0.0
Im,0.9999999999999994,off,hard_extinction,0.0,True,False,0.0
Im,0.9999999999999994,off,no_extinction_control,0.0,True,False,0.0
Im,0.9999999999999994,on,hard_extinction,0.0,True,False,0.0
Im,0.9999999999999994,on,no_extinction_control,0.0,True,False,0.0
Im,1.0985411419875584,off,hard_extinction,0.0,True,False,0.0
Im,1.0985411419875584,off,no_extinction_control,0.0,True,False,0.0
Im,1.0985411419875584,on,hard_extinction,0.0,True,False,0.0
Im,1.0985411419875584,on,no_extinction_control,0.0,True,False,0.0
Im,1.2067926406393277,off,hard_extinction,0.0,True,False,0.0
Im,1.2067926406393277,off,no_extinction_control,0.0,True,False,0.0
Im,1.2067926406393277,on,hard_extinction,0.0,True,False,0.0
Im,1.2067926406393277,on,no_extinction_control,0.0,True,False,0.0
Im,1.325711365590108,off,hard_extinction,0.0,True,False,0.0
Im,1.325711365590108,off,no_extinction_control,0.0,True,False,0.0
Im,1.325711365590108,on,hard_extinction,0.0,True,False,0.0
Im,1.325711365590108,on,no_extinction_control,0.0,True,False,0.0
Im,1.456348477501243,off,hard_extinction,0.0,True,False,0.0
Im,1.456348477501243,off,no_extinction_control,0.0,True,False,0.0
Im,1.456348477501243,on,hard_extinction,0.0,True,False,0.0
Im,1.456348477501243,on,no_extinction_control,0.0,True,False,0.0
Im,1.5998587196060574,off,hard_extinction,0.0,True,False,0.0
Im,1.5998587196060574,off,no_extinction_control,0.0,True,False,0.0
Im,1.5998587196060574,on,hard_extinction,0.0,True,False,0.0
Im,1.5998587196060574,on,no_extinction_control,0.0,True,False,0.0
Im,1.7575106248547911,off,hard_extinction,0.0,True,False,0.0
Im,1.7575106248547911,off,no_extinction_control,3.8857805861880484e-16,True,False,0.0
Im,1.7575106248547911,on,hard_extinction,0.0,True,False,0.0
Im,1.7575106248547911,on,no_extinction_control,3.8857805861880484e-16,True,False,0.0
Im,1.9306977288832496,off,hard_extinction,5.551115123125784e-16,True,False,0.0
Im,1.9306977288832496,off,no_extinction_control,5.551115123125784e-16,True,False,0.0
Im,1.9306977288832496,on,hard_extinction,5.551115123125784e-16,True,False,0.0
Im,1.9306977288832496,on,no_extinction_control,5.551115123125784e-16,True,False,0.0
Im,2.1209508879201904,off,hard_extinction,0.0,True,False,0.0
Im,2.1209508879201904,off,no_extinction_control,0.0,True,False,0.0
Im,2.1209508879201904,on,hard_extinction,0.0,True,False,0.0
Im,2.1209508879201904,on,no_extinction_control,0.0,True,False,0.0
Im,2.329951810515372,off,hard_extinction,0.0,True,False,0.0
Im,2.329951810515372,off,no_extinction_control,0.0,True,False,0.0
Im,2.329951810515372,on,hard_extinction,0.0,True,False,0.0
Im,2.329951810515372,on,no_extinction_control,0.0,True,False,0.0
Im,2.5595479226995357,off,hard_extinction,0.0,True,False,0.0
Im,2.5595479226995357,off,no_extinction_control,0.0,True,False,0.0
Im,2.5595479226995357,on,hard_extinction,0.0,True,False,0.0
Im,2.5595479226995357,on,no_extinction_control,0.0,True,False,0.0
Im,2.811768697974228,off,hard_extinction,0.0,True,False,0.0
Im,2.811768697974228,off,no_extinction_control,0.0,True,False,0.0
Im,2.811768697974228,on,hard_extinction,0.0,True,False,0.0
Im,2.811768697974228,on,no_extinction_control,0.0,True,False,0.0
Im,3.0888435964774787,off,hard_extinction,0.0,True,False,0.0
Im,3.0888435964774787,off,no_extinction_control,0.0,True,False,0.0
Im,3.0888435964774787,on,hard_extinction,0.0,True,False,0.0
Im,3.0888435964774787,on,no_extinction_control,0.0,True,False,0.0
Im,3.3932217718953264,off,hard_extinction,0.0,True,False,0.0
Im,3.3932217718953264,off,no_extinction_control,0.0,True,False,0.0
Im,3.3932217718953264,on,hard_extinction,0.0,True,False,0.0
Im,3.3932217718953264,on,no_extinction_control,0.0,True,False,0.0
Im,3.727593720314938,off,hard_extinction,0.0,True,False,0.0
Im,3.727593720314938,off,no_extinction_control,0.0,True,False,0.0
Im,3.727593720314938,on,hard_extinction,0.0,True,False,0.0
Im,3.727593720314938,on,no_extinction_control,0.0,True,False,0.0
Im,4.094915062380423,off,hard_extinction,0.0,True,False,0.0
Im,4.094915062380423,off,no_extinction_control,0.0,True,False,0.0
Im,4.094915062380423,on,hard_extinction,0.0,True,False,0.0
Im,4.094915062380423,on,no_extinction_control,0.0,True,False,0.0
Im,4.498432668969444,off,hard_extinction,0.0,True,False,0.0
Im,4.498432668969444,off,no_extinction_control,0.0,True,False,0.0
Im,4.498432668969444,on,hard_extinction,0.0,True,False,0.0
Im,4.498432668969444,on,no_extinction_control,0.0,True,False,0.0
Im,4.941713361323833,off,hard_extinction,0.0,True,False,0.0
Im,4.941713361323833,off,no_extinction_control,0.0,True,False,0.0
Im,4.941713361323833,on,hard_extinction,0.0,True,False,0.0
Im,4.941713361323833,on,no_extinction_control,0.0,True,False,0.0
Im,5.428675439323859,off,hard_extinction,0.0,True,False,0.0
Im,5.428675439323859,off,no_extinction_control,0.0,True,False,0.0
Im,5.428675439323859,on,hard_extinction,0.0,True,False,0.0
Im,5.428675439323859,on,no_extinction_control,0.0,True,False,0.0
Im,5.963623316594643,off,hard_extinction,0.0,True,False,0.0
Im,5.963623316594643,off,no_extinction_control,0.0,True,False,0.0
Im,5.963623316594643,on,hard_extinction,0.0,True,False,0.0
Im,5.963623316594643,on,no_extinction_control,0.0,True,False,0.0
Im,6.551285568595502,off,hard_extinction,0.0,True,False,0.0
Im,6.551285568595502,off,no_extinction_control,0.0,True,False,0.0
Im,6.551285568595502,on,hard_extinction,0.0,True,False,0.0
Im,6.551285568595502,on,no_extinction_control,0.0,True,False,0.0
Im,7.196856730011514,off,hard_extinction,0.0,True,False,0.0
Im,7.196856730011514,off,no_extinction_control,0.0,True,False,0.0
Im,7.196856730011514,on,hard_extinction,0.0,True,False,0.0
Im,7.196856730011514,on,no_extinction_control,0.0,True,False,0.0
Im,7.906043210907693,off,hard_extinction,0.0,True,False,0.0
Im,7.906043210907693,off,no_extinction_control,0.0,True,False,0.0
Im,7.906043210907693,on,hard_extinction,0.0,True,False,0.0
Im,7.906043210907693,on,no_extinction_control,0.0,True,False,0.0
Im,8.68511373751352,off,hard_extinction,0.0,True,False,0.0
Im,8.68511373751352,off,no_extinction_control,0.0,True,False,0.0
Im,8.68511373751352,on,hard_extinction,0.0,True,False,0.0
Im,8.68511373751352,on,no_extinction_control,0.0,True,False,0.0
Im,9.540954763499936,off,hard_extinction,0.0,True,False,0.0
Im,9.540954763499936,off,no_extinction_control,0.0,True,False,0.0
Im,9.540954763499936,on,hard_extinction,0.0,True,False,0.0
Im,9.540954763499936,on,no_extinction_control,0.0,True,False,0.0
Im,10.481131341546853,off,hard_extinction,0.0,True,False,0.0
Im,10.481131341546853,off,no_extinction_control,0.0,True,False,0.0
Im,10.481131341546853,on,hard_extinction,0.0,True,False,0.0
Im,10.481131341546853,on,no_extinction_control,0.0,True,False,0.0
Im,11.513953993264469,off,hard_extinction,0.0,True,False,0.0
Im,11.513953993264469,off,no_extinction_control,0.0,True,False,0.0
Im,11.513953993264469,on,hard_extinction,0.0,True,False,0.0
Im,11.513953993264469,on,no_extinction_control,0.0,True,False,0.0
Im,12.64855216855296,off,hard_extinction,5.551115123125783e-17,True,False,0.0
Im,12.64855216855296,off,no_extinction_control,5.551115123125783e-17,True,False,0.0
Im,12.64855216855296,on,hard_extinction,5.551115123125783e-17,True,False,0.0
Im,12.64855216855296,on,no_extinction_control,5.551115123125783e-17,True,False,0.0
Im,13.894954943731374,off,hard_extinction,0.0,True,False,0.0
Im,13.894954943731374,off,no_extinction_control,5.551115123125783e-17,True,False,0.0
Im,13.894954943731374,on,hard_extinction,0.0,True,False,0.0
Im,13.894954943731374,on,no_extinction_control,5.551115123125783e-17,True,False,0.0
Im,15.264179671752318,off,hard_extinction,0.0,True,False,0.0
Im,15.264179671752318,off,no_extinction_control,0.0,True,False,0.0
Im,15.264179671752318,on,hard_extinction,0.0,True,False,0.0
Im,15.264179671752318,on,no_extinction_control,0.0,True,False,0.0
Im,16.768329368110066,off,hard_extinction,0.0,True,False,0.0
Im,16.768329368110066,off,no_extinction_control,0.0,True,False,0.0
Im,16.768329368110066,on,hard_extinction,0.0,True,False,0.0
Im,16.768329368110066,on,no_extinction_control,0.0,True,False,0.0
Im,18.420699693267142,off,hard_extinction,1.6653345369377348e-16,True,False,0.0
Im,18.420699693267142,off,no_extinction_control,1.6653345369377348e-16,True,False,0.0
Im,18.420699693267142,on,hard_extinction,1.6653345369377348e-16,True,False,0.0
Im,18.420699693267142,on,no_extinction_control,1.6653345369377348e-16,True,False,0.0
Im,20.23589647725155,off,hard_extinction,0.0,True,False,0.0
Im,20.23589647725155,off,no_extinction_control,0.0,True,False,0.0
Im,20.23589647725155,on,hard_extinction,0.0,True,False,0.0
Im,20.23589647725155,on,no_extinction_control,0.0,True,False,0.0
Im,22.229964825261938,off,hard_extinction,0.0,True,False,0.0
Im,22.229964825261938,off,no_extinction_control,0.0,True,False,0.0
Im,22.229964825261938,on,hard_extinction,0.0,True,False,0.0
Im,22.229964825261938,on,no_extinction_control,0.0,True,False,0.0
Im,24.420530945486497,off,hard_extinction,0.0,True,False,0.0
Im,24.420530945486497,off,no_extinction_control,0.0,True,False,0.0
Im,24.420530945486497,on,hard_extinction,0.0,True,False,0.0
Im,24.420530945486497,on,no_extinction_control,0.0,True,False,0.0
Im,26.826957952797247,off,hard_extinction,0.0,True,False,0.0
Im,26.826957952797247,off,no_extinction_control,0.0,True,False,0.0
Im,26.826957952797247,on,hard_extinction,0.0,True,False,0.0
Im,26.826957952797247,on,no_extinction_control,0.0,True,False,0.0
Im,29.4705170255181,off,hard_extinction,5.551115123125783e-17,True,False,0.0
Im,29.4705170255181,off,no_extinction_control,5.551115123125783e-17,True,False,0.0
Im,29.4705170255181,on,hard_extinction,5.551115123125783e-17,True,False,0.0
Im,29.4705170255181,on,no_extinction_control,5.551115123125783e-17,True,False,0.0
Im,32.374575428176435,off,hard_extinction,1.1102230246251563e-16,True,False,0.0
Im,32.374575428176435,off,no_extinction_control,0.0,True,False,0.0
Im,32.374575428176435,on,hard_extinction,1.1102230246251563e-16,True,False,0.0
Im,32.374575428176435,on,no_extinction_control,0.0,True,False,0.0
Im,35.56480306223125,off,hard_extinction,0.0,True,False,0.0
Im,35.56480306223125,off,no_extinction_control,0.0,True,False,0.0
Im,35.56480306223125,on,hard_extinction,0.0,True,False,0.0
Im,35.56480306223125,on,no_extinction_control,0.0,True,False,0.0
Im,39.06939937054613,off,hard_extinction,0.0,True,False,0.0
Im,39.06939937054613,off,no_extinction_control,0.0,True,False,0.0
Im,39.06939937054613,on,hard_extinction,0.0,True,False,0.0
Im,39.06939937054613,on,no_extinction_control,0.0,True,False,0.0
Im,42.91934260128774,off,hard_extinction,0.0,True,False,0.0
Im,42.91934260128774,off,no_extinction_control,3.3306690738754696e-16,True,False,0.0
Im,42.91934260128774,on,hard_extinction,0.0,True,False,0.0
Im,42.91934260128774,on,no_extinction_control,3.3306690738754696e-16,True,False,0.0
Im,47.1486636345739,off,hard_extinction,0.0,True,False,0.0
Im,47.1486636345739,off,no_extinction_control,0.0,True,False,0.0
Im,47.1486636345739,on,hard_extinction,0.0,True,False,0.0
Im,47.1486636345739,on,no_extinction_control,0.0,True,False,0.0
Im,51.794746792312075,off,hard_extinction,0.0,True,False,0.0
Im,51.794746792312075,off,no_extinction_control,0.0,True,False,0.0
Im,51.794746792312075,on,hard_extinction,0.0,True,False,0.0
Im,51.794746792312075,on,no_extinction_control,0.0,True,False,0.0
Im,56.89866029018293,off,hard_extinction,5.551115123125783e-17,True,False,0.0
Im,56.89866029018293,off,no_extinction_control,5.551115123125783e-17,True,False,0.0
Im,56.89866029018293,on,hard_extinction,5.551115123125783e-17,True,False,0.0
Im,56.89866029018293,on,no_extinction_control,5.551115123125783e-17,True,False,0.0
Im,62.505519252739695,off,hard_extinction,0.0,True,False,0.0
Im,62.505519252739695,off,no_extinction_control,0.0,True,False,0.0
Im,62.505519252739695,on,hard_extinction,0.0,True,False,0.0
Im,62.505519252739695,on,no_extinction_control,0.0,True,False,0.0
Im,68.66488450042998,off,hard_extinction,0.0,True,False,0.0
Im,68.66488450042998,off,no_extinction_control,0.0,True,False,0.0
Im,68.66488450042998,on,hard_extinction,0.0,True,False,0.0
Im,68.66488450042998,on,no_extinction_control,0.0,True,False,0.0
Im,75.43120063354615,off,hard_extinction,0.0,True,False,0.0
Im,75.43120063354615,off,no_extinction_control,0.0,True,False,0.0
Im,75.43120063354615,on,hard_extinction,0.0,True,False,0.0
Im,75.43120063354615,on,no_extinction_control,0.0,True,False,0.0
Im,82.86427728546842,off,hard_extinction,0.0,True,False,0.0
Im,82.86427728546842,off,no_extinction_control,0.0,True,False,0.0
Im,82.86427728546842,on,hard_extinction,0.0,True,False,0.0
Im,82.86427728546842,on,no_extinction_control,0.0,True,False,0.0
Im,91.02981779915208,off,hard_extinction,1.1102230246251563e-16,True,False,0.0
Im,91.02981779915208,off,no_extinction_control,0.0,True,False,0.0
Im,91.02981779915208,on,hard_extinction,1.1102230246251563e-16,True,False,0.0
Im,91.02981779915208,on,no_extinction_control,0.0,True,False,0.0
Im,100.0,off,hard_extinction,0.0,True,False,0.0
Im,100.0,off,no_extinction_control,0.0,True,False,0.0
Im,100.0,on,hard_extinction,0.0,True,False,0.0
Im,100.0,on,no_extinction_control,0.0,True,False,0.0
Ld,0.0,off,hard_extinction,0.0,True,False,0.0
Ld,0.0,off,no_extinction_control,0.0,True,False,0.0
Ld,0.0,on,hard_extinction,0.0,True,False,0.0
Ld,0.0,on,no_extinction_control,0.0,True,False,0.0
Ld,0.01,off,hard_extinction,0.0,True,False,0.0
Ld,0.01,off,no_extinction_control,0.0,True,False,0.0
Ld,0.01,on,hard_extinction,0.0,True,False,0.0
Ld,0.01,on,no_extinction_control,0.0,True,False,0.0
Ld,0.0109854114198755,off,hard_extinction,0.0,True,False,0.0
Ld,0.0109854114198755,off,no_extinction_control,0.0,True,False,0.0
Ld,0.0109854114198755,on,hard_extinction,0.0,True,False,0.0
Ld,0.0109854114198755,on,no_extinction_control,0.0,True,False,0.0
Ld,0.0120679264063932,off,hard_extinction,0.0,True,False,0.0
Ld,0.0120679264063932,off,no_extinction_control,0.0,True,False,0.0
Ld,0.0120679264063932,on,hard_extinction,0.0,True,False,0.0
Ld,0.0120679264063932,on,no_extinction_control,0.0,True,False,0.0
Ld,0.013257113655901,off,hard_extinction,0.0,True,False,0.0
Ld,0.013257113655901,off,no_extinction_control,0.0,True,False,0.0
Ld,0.013257113655901,on,hard_extinction,0.0,True,False,0.0
Ld,0.013257113655901,on,no_extinction_control,0.0,True,False,0.0
Ld,0.0145634847750124,off,hard_extinction,0.0,True,False,0.0
Ld,0.0145634847750124,off,no_extinction_control,0.0,True,False,0.0
Ld,0.0145634847750124,on,hard_extinction,0.0,True,False,0.0
Ld,0.0145634847750124,on,no_extinction_control,0.0,True,False,0.0
Ld,0.0159985871960605,off,hard_extinction,0.0,True,False,0.0
Ld,0.0159985871960605,off,no_extinction_control,0.0,True,False,0.0
Ld,0.0159985871960605,on,hard_extinction,0.0,True,False,0.0
Ld,0.0159985871960605,on,no_extinction_control,0.0,True,False,0.0
Ld,0.0175751062485479,off,hard_extinction,0.0,True,False,0.0
Ld,0.0175751062485479,off,no_extinction_control,0.0,True,False,0.0
Ld,0.0175751062485479,on,hard_extinction,0.0,True,False,0.0
Ld,0.0175751062485479,on,no_extinction_control,0.0,True,False,0.0
Ld,0.0193069772888324,off,hard_extinction,0.0,True,False,0.0
Ld,0.0193069772888324,off,no_extinction_control,0.0,True,False,0.0
Ld,0.0193069772888324,on,hard_extinction,0.0,True,False,0.0
Ld,0.0193069772888324,on,no_extinction_control,0.0,True,False,0.0
Ld,0.0212095088792019,off,hard_extinction,0.0,True,False,0.0
Ld,0.0212095088792019,off,no_extinction_control,0.0,True,False,0.0
Ld,0.0212095088792019,on,hard_extinction,0.0,True,False,0.0
Ld,0.0212095088792019,on,no_extinction_control,0.0,True,False,0.0
Ld,0.0232995181051537,off,hard_extinction,0.0,True,False,0.0
Ld,0.0232995181051537,off,no_extinction_control,0.0,True,False,0.0
Ld,0.0232995181051537,on,hard_extinction,0.0,True,False,0.0
Ld,0.0232995181051537,on,no_extinction_control,0.0,True,False,0.0
Ld,0.0255954792269953,off,hard_extinction,0.0,True,False,0.0
Ld,0.0255954792269953,off,no_extinction_control,0.0,True,False,0.0
Ld,0.0255954792269953,on,hard_extinction,0.0,True,False,0.0
Ld,0.0255954792269953,on,no_extinction_control,0.0,True,False,0.0
Ld,0.0281176869797423,off,hard_extinction,0.0,True,False,0.0
Ld,0.0281176869797423,off,no_extinction_control,0.0,True,False,0.0
Ld,0.0281176869797423,on,hard_extinction,0.0,True,False,0.0
Ld,0.0281176869797423,on,no_extinction_control,0.0,True,False,0.0
Ld,0.0308884359647748,off,hard_extinction,0.0,True,False,0.0
Ld,0.0308884359647748,off,no_extinction_control,0.0,True,False,0.0
Ld,0.0308884359647748,on,hard_extinction,0.0,True,False,0.0
Ld,0.0308884359647748,on,no_extinction_control,0.0,True,False,0.0
Ld,0.0339322177189532,off,hard_extinction,0.0,True,False,0.0
Ld,0.0339322177189532,off,no_extinction_control,0.0,True,False,0.0
Ld,0.0339322177189532,on,hard_extinction,0.0,True,False,0.0
Ld,0.0339322177189532,on,no_extinction_control,0.0,True,False,0.0
Ld,0.0372759372031494,off,hard_extinction,0.0,True,False,0.0
Ld,0.0372759372031494,off,no_extinction_control,0.0,True,False,0.0
Ld,0.0372759372031494,on,hard_extinction,0.0,True,False,0.0
Ld,0.0372759372031494,on,no_extinction_control,0.0,True,False,0.0
Ld,0.0409491506238042,off,hard_extinction,0.0,True,False,0.0
Ld,0.0409491506238042,off,no_extinction_control,0.0,True,False,0.0
Ld,0.0409491506238042,on,hard_extinction,0.0,True,False,0.0
Ld,0.0409491506238042,on,no_extinction_control,0.0,True,False,0.0
Ld,0.0449843266896944,off,hard_extinction,0.0,True,False,0.0
Ld,0.0449843266896944,off,no_extinction_control,0.0,True,False,0.0
Ld,0.0449843266896944,on,hard_extinction,0.0,True,False,0.0
Ld,0.0449843266896944,on,no_extinction_control,0.0,True,False,0.0
Ld,0.0494171336132383,off,hard_extinction,0.0,True,False,0.0
Ld,0.0494171336132383,off,no_extinction_control,0.0,True,False,0.0
Ld,0.0494171336132383,on,hard_extinction,0.0,True,False,0.0
Ld,0.0494171336132383,on,no_extinction_control,0.0,True,False,0.0
Ld,0.0542867543932385,off,hard_extinction,0.0,True,False,0.0
Ld,0.0542867543932385,off,no_extinction_control,0.0,True,False,0.0
Ld,0.0542867543932385,on,hard_extinction,0.0,True,False,0.0
Ld,0.0542867543932385,on,no_extinction_control,0.0,True,False,0.0
Ld,0.0596362331659464,off,hard_extinction,0.0,True,False,0.0
Ld,0.0596362331659464,off,no_extinction_control,0.0,True,False,0.0
Ld,0.0596362331659464,on,hard_extinction,0.0,True,False,0.0
Ld,0.0596362331659464,on,no_extinction_control,0.0,True,False,0.0
Ld,0.0655128556859551,off,hard_extinction,0.0,True,False,0.0
Ld,0.0655128556859551,off,no_extinction_control,0.0,True,False,0.0
Ld,0.0655128556859551,on,hard_extinction,0.0,True,False,0.0
Ld,0.0655128556859551,on,no_extinction_control,0.0,True,False,0.0
Ld,0.0719685673001152,off,hard_extinction,0.0,True,False,0.0
Ld,0.0719685673001152,off,no_extinction_control,0.0,True,False,0.0
Ld,0.0719685673001152,on,hard_extinction,0.0,True,False,0.0
Ld,0.0719685673001152,on,no_extinction_control,0.0,True,False,0.0
Ld,0.0790604321090769,off,hard_extinction,0.0,True,False,0.0
Ld,0.0790604321090769,off,no_extinction_control,0.0,True,False,0.0
Ld,0.0790604321090769,on,hard_extinction,0.0,True,False,0.0
Ld,0.0790604321090769,on,no_extinction_control,0.0,True,False,0.0
Ld,0.0868511373751352,off,hard_extinction,0.0,True,False,0.0
Ld,0.0868511373751352,off,no_extinction_control,0.0,True,False,0.0
Ld,0.0868511373751352,on,hard_extinction,0.0,True,False,0.0
Ld,0.0868511373751352,on,no_extinction_control,0.0,True,False,0.0
Ld,0.0954095476349993,off,hard_extinction,0.0,True,False,0.0
Ld,0.0954095476349993,off,no_extinction_control,0.0,True,False,0.0
Ld,0.0954095476349993,on,hard_extinction,0.0,True,False,0.0
Ld,0.0954095476349993,on,no_extinction_control,0.0,True,False,0.0
Ld,0.1048113134154685,off,hard_extinction,0.0,True,False,0.0
Ld,0.1048113134154685,off,no_extinction_control,0.0,True,False,0.0
Ld,0.1048113134154685,on,hard_extinction,0.0,True,False,0.0
Ld,0.1048113134154685,on,no_extinction_control,0.0,True,False,0.0
Ld,0.1151395399326447,off,hard_extinction,0.0,True,False,0.0
Ld,0.1151395399326447,off,no_extinction_control,0.0,True,False,0.0
Ld,0.1151395399326447,on,hard_extinction,0.0,True,False,0.0
Ld,0.1151395399326447,on,no_extinction_control,0.0,True,False,0.0
Ld,0.1264855216855295,off,hard_extinction,0.0,True,False,0.0
Ld,0.1264855216855295,off,no_extinction_control,0.0,True,False,0.0
Ld,0.1264855216855295,on,hard_extinction,0.0,True,False,0.0
Ld,0.1264855216855295,on,no_extinction_control,0.0,True,False,0.0
Ld,0.1389495494373137,off,hard_extinction,0.0,True,False,0.0
Ld,0.1389495494373137,off,no_extinction_control,0.0,True,False,0.0
Ld,0.1389495494373137,on,hard_extinction,0.0,True,False,0.0
Ld,0.1389495494373137,on,no_extinction_control,0.0,True,False,0.0
Ld,0.1526417967175233,off,hard_extinction,0.0,True,False,0.0
Ld,0.1526417967175233,off,no_extinction_control,0.0,True,False,0.0
Ld,0.1526417967175233,on,hard_extinction,0.0,True,False,0.0
Ld,0.1526417967175233,on,no_extinction_control,0.0,True,False,0.0
Ld,0.1676832936811007,off,hard_extinction,0.0,True,False,0.0
Ld,0.1676832936811007,off,no_extinction_control,0.0,True,False,0.0
Ld,0.1676832936811007,on,hard_extinction,0.0,True,False,0.0
Ld,0.1676832936811007,on,no_extinction_control,0.0,True,False,0.0
Ld,0.1842069969326715,off,hard_extinction,0.0,True,False,0.0
Ld,0.1842069969326715,off,no_extinction_control,0.0,True,False,0.0
Ld,0.1842069969326715,on,hard_extinction,0.0,True,False,0.0
Ld,0.1842069969326715,on,no_extinction_control,0.0,True,False,0.0
Ld,0.2023589647725156,off,hard_extinction,0.0,True,False,0.0
Ld,0.2023589647725156,off,no_extinction_control,0.0,True,False,0.0
Ld,0.2023589647725156,on,hard_extinction,0.0,True,False,0.0
Ld,0.2023589647725156,on,no_extinction_control,0.0,True,False,0.0
Ld,0.2222996482526194,off,hard_extinction,3.9968028886505635e-15,True,False,3.83026943495679e-15
Ld,0.2222996482526194,off,no_extinction_control,3.9968028886505635e-15,True,False,3.83026943495679e-15
Ld,0.2222996482526194,on,hard_extinction,0.0,True,False,0.0
Ld,0.2222996482526194,on,no_extinction_control,0.0,True,False,0.0
Ld,0.2442053094548651,off,hard_extinction,1.2241319069516976e-12,True,False,1.1580736369865008e-12
Ld,0.2442053094548651,off,no_extinction_control,1.2241319069516976e-12,True,False,1.1580736369865008e-12
Ld,0.2442053094548651,on,hard_extinction,0.0,True,False,0.0
Ld,0.2442053094548651,on,no_extinction_control,0.0,True,False,0.0
Ld,0.2682695795279725,off,hard_extinction,4.0166625581150583e-10,True,False,4.1381958970632127e-10
Ld,0.2682695795279725,off,no_extinction_control,4.0166625581150583e-10,True,False,4.1381958970632127e-10
Ld,0.2682695795279725,on,hard_extinction,0.0,True,False,0.0
Ld,0.2682695795279725,on,no_extinction_control,0.0,True,False,0.0
Ld,0.2947051702551809,off,hard_extinction,1.6338434294382864e-07,True,False,1.9253898669857605e-07
Ld,0.2947051702551809,off,no_extinction_control,1.6338434294382864e-07,True,False,1.9253898669857605e-07
Ld,0.2947051702551809,on,hard_extinction,0.0,True,False,0.0
Ld,0.2947051702551809,on,no_extinction_control,0.0,True,False,0.0
Ld,0.3237457542817643,off,hard_extinction,2.646977685927254e-07,True,False,3.912895362168101e-07
Ld,0.3237457542817643,off,no_extinction_control,2.646977685927254e-07,True,False,3.912895362168101e-07
Ld,0.3237457542817643,on,hard_extinction,0.0,True,False,0.0
Ld,0.3237457542817643,on,no_extinction_control,0.0,True,False,0.0
Ld,0.3556480306223128,off,hard_extinction,1.0288081451981236e-05,True,False,2.2995835513794916e-05
Ld,0.3556480306223128,off,no_extinction_control,1.0288081451981236e-05,True,False,2.2995835513794916e-05
Ld,0.3556480306223128,on,hard_extinction,0.0,True,False,0.0
Ld,0.3556480306223128,on,no_extinction_control,0.0,True,False,0.0
Ld,0.3906939937054615,off,hard_extinction,0.9432907093145442,False,False,0.0901717608273393
Ld,0.3906939937054615,off,no_extinction_control,0.9432907093145442,False,False,0.0901717608273393
Ld,0.3906939937054615,on,hard_extinction,0.0,True,False,0.0
Ld,0.3906939937054615,on,no_extinction_control,0.0,True,False,0.0
Ld,0.4291934260128776,off,hard_extinction,1.1102230246251563e-16,True,False,0.0
Ld,0.4291934260128776,off,no_extinction_control,0.0007580908136315,True,False,8.881784197001252e-15
Ld,0.4291934260128776,on,hard_extinction,0.0,True,False,0.0
Ld,0.4291934260128776,on,no_extinction_control,0.0,True,False,0.0
Ld,0.4714866363457392,off,hard_extinction,0.0,True,False,0.0
Ld,0.4714866363457392,off,no_extinction_control,5.229416011331978e-07,True,False,0.0
Ld,0.4714866363457392,on,hard_extinction,0.0,True,False,0.0
Ld,0.4714866363457392,on,no_extinction_control,0.0,True,False,0.0
Ld,0.517947467923121,off,hard_extinction,0.0,True,False,0.0
Ld,0.517947467923121,off,no_extinction_control,6.629274906799765e-10,True,False,0.0
Ld,0.517947467923121,on,hard_extinction,0.0,True,False,0.0
Ld,0.517947467923121,on,no_extinction_control,0.0,True,False,0.0
Ld,0.5689866029018296,off,hard_extinction,0.0,True,False,0.0
Ld,0.5689866029018296,off,no_extinction_control,0.0,True,False,0.0
Ld,0.5689866029018296,on,hard_extinction,0.0,True,False,0.0
Ld,0.5689866029018296,on,no_extinction_control,0.0,True,False,0.0
Ld,0.6250551925273969,off,hard_extinction,0.0,True,False,0.0
Ld,0.6250551925273969,off,no_extinction_control,3.4170509977116126e-08,True,False,0.0
Ld,0.6250551925273969,on,hard_extinction,0.0,True,False,0.0
Ld,0.6250551925273969,on,no_extinction_control,0.0,True,False,0.0
Ld,0.6866488450042998,off,hard_extinction,0.0,True,False,0.0
Ld,0.6866488450042998,off,no_extinction_control,1.3298340206802095e-10,True,False,0.0
Ld,0.6866488450042998,on,hard_extinction,0.0,True,False,0.0
Ld,0.6866488450042998,on,no_extinction_control,0.0,True,False,0.0
Ld,0.7543120063354615,off,hard_extinction,0.0,True,False,0.0
Ld,0.7543120063354615,off,no_extinction_control,3.762524514172583e-09,True,False,0.0
Ld,0.7543120063354615,on,hard_extinction,0.0,True,False,0.0
Ld,0.7543120063354615,on,no_extinction_control,0.0,True,False,0.0
Ld,0.8286427728546842,off,hard_extinction,0.0,True,False,0.0
Ld,0.8286427728546842,off,no_extinction_control,3.432454320773104e-11,True,False,0.0
Ld,0.8286427728546842,on,hard_extinction,0.0,True,False,0.0
Ld,0.8286427728546842,on,no_extinction_control,0.0,True,False,0.0
Ld,0.9102981779915218,off,hard_extinction,0.0,True,False,0.0
Ld,0.9102981779915218,off,no_extinction_control,4.618527782440651e-13,True,False,0.0
Ld,0.9102981779915218,on,hard_extinction,0.0,True,False,0.0
Ld,0.9102981779915218,on,no_extinction_control,0.0,True,False,0.0
Ld,0.9999999999999994,off,hard_extinction,0.0,True,False,0.0
Ld,0.9999999999999994,off,no_extinction_control,8.881784197001252e-15,True,False,0.0
Ld,0.9999999999999994,on,hard_extinction,0.0,True,False,0.0
Ld,0.9999999999999994,on,no_extinction_control,0.0,True,False,0.0
Ld,1.0985411419875584,off,hard_extinction,0.0,True,False,0.0
Ld,1.0985411419875584,off,no_extinction_control,0.0,True,False,0.0
Ld,1.0985411419875584,on,hard_extinction,0.0,True,False,0.0
Ld,1.0985411419875584,on,no_extinction_control,0.0,True,False,0.0
Ld,1.2067926406393277,off,hard_extinction,0.0,True,False,0.0
Ld,1.2067926406393277,off,no_extinction_control,0.0,True,False,0.0
Ld,1.2067926406393277,on,hard_extinction,0.0,True,False,0.0
Ld,1.2067926406393277,on,no_extinction_control,0.0,True,False,0.0
Ld,1.325711365590108,off,hard_extinction,0.0,True,False,0.0
Ld,1.325711365590108,off,no_extinction_control,0.0,True,False,0.0
Ld,1.325711365590108,on,hard_extinction,0.0,True,False,0.0
Ld,1.325711365590108,on,no_extinction_control,0.0,True,False,0.0
Ld,1.456348477501243,off,hard_extinction,0.0,True,False,0.0
Ld,1.456348477501243,off,no_extinction_control,0.0,True,False,0.0
Ld,1.456348477501243,on,hard_extinction,0.0,True,False,0.0
Ld,1.456348477501243,on,no_extinction_control,0.0,True,False,0.0
Ld,1.5998587196060574,off,hard_extinction,0.0,True,False,0.0
Ld,1.5998587196060574,off,no_extinction_control,0.0,True,False,0.0
Ld,1.5998587196060574,on,hard_extinction,0.0,True,False,0.0
Ld,1.5998587196060574,on,no_extinction_control,0.0,True,False,0.0
Ld,1.7575106248547911,off,hard_extinction,0.0,True,False,0.0
Ld,1.7575106248547911,off,no_extinction_control,0.0,True,False,0.0
Ld,1.7575106248547911,on,hard_extinction,0.0,True,False,0.0
Ld,1.7575106248547911,on,no_extinction_control,0.0,True,False,0.0
Ld,1.9306977288832496,off,hard_extinction,0.0,True,False,0.0
Ld,1.9306977288832496,off,no_extinction_control,0.0,True,False,0.0
Ld,1.9306977288832496,on,hard_extinction,0.0,True,False,0.0
Ld,1.9306977288832496,on,no_extinction_control,0.0,True,False,0.0
Ld,2.1209508879201904,off,hard_extinction,0.0,True,False,0.0
Ld,2.1209508879201904,off,no_extinction_control,0.0,True,False,0.0
Ld,2.1209508879201904,on,hard_extinction,0.0,True,False,0.0
Ld,2.1209508879201904,on,no_extinction_control,0.0,True,False,0.0
Ld,2.329951810515372,off,hard_extinction,0.0,True,False,0.0
Ld,2.329951810515372,off,no_extinction_control,0.0,True,False,0.0
Ld,2.329951810515372,on,hard_extinction,0.0,True,False,0.0
Ld,2.329951810515372,on,no_extinction_control,0.0,True,False,0.0
Ld,2.5595479226995357,off,hard_extinction,0.0,True,False,0.0
Ld,2.5595479226995357,off,no_extinction_control,0.0,True,False,0.0
Ld,2.5595479226995357,on,hard_extinction,0.0,True,False,0.0
Ld,2.5595479226995357,on,no_extinction_control,0.0,True,False,0.0
Ld,2.811768697974228,off,hard_extinction,0.0,True,False,0.0
Ld,2.811768697974228,off,no_extinction_control,0.0,True,False,0.0
Ld,2.811768697974228,on,hard_extinction,0.0,True,False,0.0
Ld,2.811768697974228,on,no_extinction_control,0.0,True,False,0.0
Ld,3.0888435964774787,off,hard_extinction,0.0,True,False,0.0
Ld,3.0888435964774787,off,no_extinction_control,0.0,True,False,0.0
Ld,3.0888435964774787,on,hard_extinction,0.0,True,False,0.0
Ld,3.0888435964774787,on,no_extinction_control,0.0,True,False,0.0
Ld,3.3932217718953264,off,hard_extinction,0.0,True,False,0.0
Ld,3.3932217718953264,off,no_extinction_control,0.0,True,False,0.0
Ld,3.3932217718953264,on,hard_extinction,0.0,True,False,0.0
Ld,3.3932217718953264,on,no_extinction_control,0.0,True,False,0.0
Ld,3.727593720314938,off,hard_extinction,0.0,True,False,0.0
Ld,3.727593720314938,off,no_extinction_control,0.0,True,False,0.0
Ld,3.727593720314938,on,hard_extinction,0.0,True,False,0.0
Ld,3.727593720314938,on,no_extinction_control,0.0,True,False,0.0
Ld,4.094915062380423,off,hard_extinction,0.0,True,False,0.0
Ld,4.094915062380423,off,no_extinction_control,0.0,True,False,0.0
Ld,4.094915062380423,on,hard_extinction,0.0,True,False,0.0
Ld,4.094915062380423,on,no_extinction_control,0.0,True,False,0.0
Ld,4.498432668969444,off,hard_extinction,0.0,True,False,0.0
Ld,4.498432668969444,off,no_extinction_control,0.0,True,False,0.0
Ld,4.498432668969444,on,hard_extinction,0.0,True,False,0.0
Ld,4.498432668969444,on,no_extinction_control,0.0,True,False,0.0
Ld,4.941713361323833,off,hard_extinction,0.0,True,False,0.0
Ld,4.941713361323833,off,no_extinction_control,0.0,True,False,0.0
Ld,4.941713361323833,on,hard_extinction,0.0,True,False,0.0
Ld,4.941713361323833,on,no_extinction_control,0.0,True,False,0.0
Ld,5.428675439323859,off,hard_extinction,0.0,True,False,0.0
Ld,5.428675439323859,off,no_extinction_control,0.0,True,False,0.0
Ld,5.428675439323859,on,hard_extinction,0.0,True,False,0.0
Ld,5.428675439323859,on,no_extinction_control,0.0,True,False,0.0
Ld,5.963623316594643,off,hard_extinction,0.0,True,False,0.0
Ld,5.963623316594643,off,no_extinction_control,0.0,True,False,0.0
Ld,5.963623316594643,on,hard_extinction,0.0,True,False,0.0
Ld,5.963623316594643,on,no_extinction_control,0.0,True,False,0.0
Ld,6.551285568595502,off,hard_extinction,0.0,True,False,0.0
Ld,6.551285568595502,off,no_extinction_control,0.0,True,False,0.0
Ld,6.551285568595502,on,hard_extinction,0.0,True,False,0.0
Ld,6.551285568595502,on,no_extinction_control,0.0,True,False,0.0
Ld,7.196856730011514,off,hard_extinction,0.0,True,False,0.0
Ld,7.196856730011514,off,no_extinction_control,0.0,True,False,0.0
Ld,7.196856730011514,on,hard_extinction,0.0,True,False,0.0
Ld,7.196856730011514,on,no_extinction_control,0.0,True,False,0.0
Ld,7.906043210907693,off,hard_extinction,0.0,True,False,0.0
Ld,7.906043210907693,off,no_extinction_control,0.0,True,False,0.0
Ld,7.906043210907693,on,hard_extinction,0.0,True,False,0.0
Ld,7.906043210907693,on,no_extinction_control,0.0,True,False,0.0
Ld,8.68511373751352,off,hard_extinction,0.0,True,False,0.0
Ld,8.68511373751352,off,no_extinction_control,0.0,True,False,0.0
Ld,8.68511373751352,on,hard_extinction,0.0,True,False,0.0
Ld,8.68511373751352,on,no_extinction_control,0.0,True,False,0.0
Ld,9.540954763499936,off,hard_extinction,0.0,True,False,0.0
Ld,9.540954763499936,off,no_extinction_control,0.0,True,False,0.0
Ld,9.540954763499936,on,hard_extinction,0.0,True,False,0.0
Ld,9.540954763499936,on,no_extinction_control,0.0,True,False,0.0
Ld,10.481131341546853,off,hard_extinction,0.0,True,False,0.0
Ld,10.481131341546853,off,no_extinction_control,0.0,True,False,0.0
Ld,10.481131341546853,on,hard_extinction,0.0,True,False,0.0
Ld,10.481131341546853,on,no_extinction_control,0.0,True,False,0.0
Ld,11.513953993264469,off,hard_extinction,0.0,True,False,0.0
Ld,11.513953993264469,off,no_extinction_control,0.0,True,False,0.0
Ld,11.513953993264469,on,hard_extinction,0.0,True,False,0.0
Ld,11.513953993264469,on,no_extinction_control,0.0,True,False,0.0
Ld,12.64855216855296,off,hard_extinction,0.0,True,False,0.0
Ld,12.64855216855296,off,no_extinction_control,0.0,True,False,0.0
Ld,12.64855216855296,on,hard_extinction,0.0,True,False,0.0
Ld,12.64855216855296,on,no_extinction_control,0.0,True,False,0.0
Ld,13.894954943731374,off,hard_extinction,0.0,True,False,0.0
Ld,13.894954943731374,off,no_extinction_control,0.0,True,False,0.0
Ld,13.894954943731374,on,hard_extinction,0.0,True,False,0.0
Ld,13.894954943731374,on,no_extinction_control,0.0,True,False,0.0
Ld,15.264179671752318,off,hard_extinction,0.0,True,False,0.0
Ld,15.264179671752318,off,no_extinction_control,0.0,True,False,0.0
Ld,15.264179671752318,on,hard_extinction,0.0,True,False,0.0
Ld,15.264179671752318,on,no_extinction_control,0.0,True,False,0.0
Ld,16.768329368110066,off,hard_extinction,0.0,True,False,0.0
Ld,16.768329368110066,off,no_extinction_control,0.0,True,False,0.0
Ld,16.768329368110066,on,hard_extinction,0.0,True,False,0.0
Ld,16.768329368110066,on,no_extinction_control,0.0,True,False,0.0
Ld,18.420699693267142,off,hard_extinction,0.0,True,False,0.0
Ld,18.420699693267142,off,no_extinction_control,0.0,True,False,0.0
Ld,18.420699693267142,on,hard_extinction,0.0,True,False,0.0
Ld,18.420699693267142,on,no_extinction_control,0.0,True,False,0.0
Ld,20.23589647725155,off,hard_extinction,0.0,True,False,0.0
Ld,20.23589647725155,off,no_extinction_control,0.0,True,False,0.0
Ld,20.23589647725155,on,hard_extinction,0.0,True,False,0.0
Ld,20.23589647725155,on,no_extinction_control,0.0,True,False,0.0
Ld,22.229964825261938,off,hard_extinction,0.0,True,False,0.0
Ld,22.229964825261938,off,no_extinction_control,0.0,True,False,0.0
Ld,22.229964825261938,on,hard_extinction,0.0,True,False,0.0
Ld,22.229964825261938,on,no_extinction_control,0.0,True,False,0.0
Ld,24.420530945486497,off,hard_extinction,0.0,True,False,0.0
Ld,24.420530945486497,off,no_extinction_control,0.0,True,False,0.0
Ld,24.420530945486497,on,hard_extinction,0.0,True,False,0.0
Ld,24.420530945486497,on,no_extinction_control,0.0,True,False,0.0
Ld,26.826957952797247,off,hard_extinction,0.0,True,False,0.0
Ld,26.826957952797247,off,no_extinction_control,0.0,True,False,0.0
Ld,26.826957952797247,on,hard_extinction,0.0,True,False,0.0
Ld,26.826957952797247,on,no_extinction_control,0.0,True,False,0.0
Ld,29.4705170255181,off,hard_extinction,0.0,True,False,0.0
Ld,29.4705170255181,off,no_extinction_control,0.0,True,False,0.0
Ld,29.4705170255181,on,hard_extinction,0.0,True,False,0.0
Ld,29.4705170255181,on,no_extinction_control,0.0,True,False,0.0
Ld,32.374575428176435,off,hard_extinction,0.0,True,False,0.0
Ld,32.374575428176435,off,no_extinction_control,0.0,True,False,0.0
Ld,32.374575428176435,on,hard_extinction,0.0,True,False,0.0
Ld,32.374575428176435,on,no_extinction_control,0.0,True,False,0.0
Ld,35.56480306223125,off,hard_extinction,0.0,True,False,0.0
Ld,35.56480306223125,off,no_extinction_control,0.0,True,False,0.0
Ld,35.56480306223125,on,hard_extinction,0.0,True,False,0.0
Ld,35.56480306223125,on,no_extinction_control,0.0,True,False,0.0
Ld,39.06939937054613,off,hard_extinction,0.0,True,False,0.0
Ld,39.06939937054613,off,no_extinction_control,0.0,True,False,0.0
Ld,39.06939937054613,on,hard_extinction,0.0,True,False,0.0
Ld,39.06939937054613,on,no_extinction_control,0.0,True,False,0.0
Ld,42.91934260128774,off,hard_extinction,0.0,True,False,0.0
Ld,42.91934260128774,off,no_extinction_control,0.0,True,False,0.0
Ld,42.91934260128774,on,hard_extinction,0.0,True,False,0.0
Ld,42.91934260128774,on,no_extinction_control,0.0,True,False,0.0
Ld,47.1486636345739,off,hard_extinction,0.0,True,False,0.0
Ld,47.1486636345739,off,no_extinction_control,0.0,True,False,0.0
Ld,47.1486636345739,on,hard_extinction,0.0,True,False,0.0
Ld,47.1486636345739,on,no_extinction_control,0.0,True,False,0.0
Ld,51.794746792312075,off,hard_extinction,0.0,True,False,0.0
Ld,51.794746792312075,off,no_extinction_control,0.0,True,False,0.0
Ld,51.794746792312075,on,hard_extinction,0.0,True,False,0.0
Ld,51.794746792312075,on,no_extinction_control,0.0,True,False,0.0
Ld,56.89866029018293,off,hard_extinction,0.0,True,False,0.0
Ld,56.89866029018293,off,no_extinction_control,0.0,True,False,0.0
Ld,56.89866029018293,on,hard_extinction,0.0,True,False,0.0
Ld,56.89866029018293,on,no_extinction_control,0.0,True,False,0.0
Ld,62.505519252739695,off,hard_extinction,0.0,True,False,0.0
Ld,62.505519252739695,off,no_extinction_control,0.0,True,False,0.0
Ld,62.505519252739695,on,hard_extinction,0.0,True,False,0.0
Ld,62.505519252739695,on,no_extinction_control,0.0,True,False,0.0
Ld,68.66488450042998,off,hard_extinction,0.0,True,False,0.0
Ld,68.66488450042998,off,no_extinction_control,0.0,True,False,0.0
Ld,68.66488450042998,on,hard_extinction,0.0,True,False,0.0
Ld,68.66488450042998,on,no_extinction_control,0.0,True,False,0.0
Ld,75.43120063354615,off,hard_extinction,0.0,True,False,0.0
Ld,75.43120063354615,off,no_extinction_control,0.0,True,False,0.0
Ld,75.43120063354615,on,hard_extinction,0.0,True,False,0.0
Ld,75.43120063354615,on,no_extinction_control,0.0,True,False,0.0
Ld,82.86427728546842,off,hard_extinction,0.0,True,False,0.0
Ld,82.86427728546842,off,no_extinction_control,0.0,True,False,0.0
Ld,82.86427728546842,on,hard_extinction,0.0,True,False,0.0
Ld,82.86427728546842,on,no_extinction_control,0.0,True,False,0.0
Ld,91.02981779915208,off,hard_extinction,0.0,True,False,0.0
Ld,91.02981779915208,off,no_extinction_control,0.0,True,False,0.0
Ld,91.02981779915208,on,hard_extinction,0.0,True,False,0.0
Ld,91.02981779915208,on,no_extinction_control,0.0,True,False,0.0
Ld,100.0,off,hard_extinction,0.0,True,False,0.0
Ld,100.0,off,no_extinction_control,0.0,True,False,0.0
Ld,100.0,on,hard_extinction,0.0,True,False,0.0
Ld,100.0,on,no_extinction_control,0.0,True,False,0.0
Lsp,0.0,off,hard_extinction,0.0,True,False,0.0
Lsp,0.0,off,no_extinction_control,0.0,True,False,0.0
Lsp,0.0,on,hard_extinction,0.0,True,False,0.0
Lsp,0.0,on,no_extinction_control,0.0,True,False,0.0
Lsp,0.01,off,hard_extinction,0.0,True,False,0.0
Lsp,0.01,off,no_extinction_control,0.0,True,False,0.0
Lsp,0.01,on,hard_extinction,0.0,True,False,0.0
Lsp,0.01,on,no_extinction_control,0.0,True,False,0.0
Lsp,0.0109854114198755,off,hard_extinction,0.0,True,False,0.0
Lsp,0.0109854114198755,off,no_extinction_control,0.0,True,False,0.0
Lsp,0.0109854114198755,on,hard_extinction,0.0,True,False,0.0
Lsp,0.0109854114198755,on,no_extinction_control,0.0,True,False,0.0
Lsp,0.0120679264063932,off,hard_extinction,0.0,True,False,0.0
Lsp,0.0120679264063932,off,no_extinction_control,0.0,True,False,0.0
Lsp,0.0120679264063932,on,hard_extinction,2.220446049250313e-16,True,False,1.1102230246251563e-16
Lsp,0.0120679264063932,on,no_extinction_control,2.220446049250313e-16,True,False,1.1102230246251563e-16
Lsp,0.013257113655901,off,hard_extinction,0.0,True,False,0.0
Lsp,0.013257113655901,off,no_extinction_control,0.0,True,False,0.0
Lsp,0.013257113655901,on,hard_extinction,0.0,True,False,0.0
Lsp,0.013257113655901,on,no_extinction_control,0.0,True,False,0.0
Lsp,0.0145634847750124,off,hard_extinction,0.0,True,False,0.0
Lsp,0.0145634847750124,off,no_extinction_control,0.0,True,False,0.0
Lsp,0.0145634847750124,on,hard_extinction,0.0,True,False,0.0
Lsp,0.0145634847750124,on,no_extinction_control,0.0,True,False,0.0
Lsp,0.0159985871960605,off,hard_extinction,0.0,True,False,0.0
Lsp,0.0159985871960605,off,no_extinction_control,0.0,True,False,0.0
Lsp,0.0159985871960605,on,hard_extinction,0.0,True,False,0.0
Lsp,0.0159985871960605,on,no_extinction_control,0.0,True,False,0.0
Lsp,0.0175751062485479,off,hard_extinction,0.0,True,False,0.0
Lsp,0.0175751062485479,off,no_extinction_control,0.0,True,False,0.0
Lsp,0.0175751062485479,on,hard_extinction,0.0,True,False,0.0
Lsp,0.0175751062485479,on,no_extinction_control,0.0,True,False,0.0
Lsp,0.0193069772888324,off,hard_extinction,0.0,True,False,0.0
Lsp,0.0193069772888324,off,no_extinction_control,0.0,True,False,0.0
Lsp,0.0193069772888324,on,hard_extinction,0.0,True,False,0.0
Lsp,0.0193069772888324,on,no_extinction_control,0.0,True,False,0.0
Lsp,0.0212095088792019,off,hard_extinction,0.0,True,False,0.0
Lsp,0.0212095088792019,off,no_extinction_control,0.0,True,False,0.0
Lsp,0.0212095088792019,on,hard_extinction,0.0,True,False,0.0
Lsp,0.0212095088792019,on,no_extinction_control,0.0,True,False,0.0
Lsp,0.0232995181051537,off,hard_extinction,0.0,True,False,0.0
Lsp,0.0232995181051537,off,no_extinction_control,0.0,True,False,0.0
Lsp,0.0232995181051537,on,hard_extinction,0.0,True,False,0.0
Lsp,0.0232995181051537,on,no_extinction_control,0.0,True,False,0.0
Lsp,0.0255954792269953,off,hard_extinction,0.0,True,False,0.0
Lsp,0.0255954792269953,off,no_extinction_control,0.0,True,False,0.0
Lsp,0.0255954792269953,on,hard_extinction,0.0,True,False,0.0
Lsp,0.0255954792269953,on,no_extinction_control,0.0,True,False,0.0
Lsp,0.0281176869797423,off,hard_extinction,0.0,True,False,0.0
Lsp,0.0281176869797423,off,no_extinction_control,0.0,True,False,0.0
Lsp,0.0281176869797423,on,hard_extinction,0.0,True,False,0.0
Lsp,0.0281176869797423,on,no_extinction_control,0.0,True,False,0.0
Lsp,0.0308884359647748,off,hard_extinction,0.0,True,False,0.0
Lsp,0.0308884359647748,off,no_extinction_control,0.0,True,False,0.0
Lsp,0.0308884359647748,on,hard_extinction,0.0,True,False,0.0
Lsp,0.0308884359647748,on,no_extinction_control,0.0,True,False,0.0
Lsp,0.0339322177189532,off,hard_extinction,0.0,True,False,0.0
Lsp,0.0339322177189532,off,no_extinction_control,0.0,True,False,0.0
Lsp,0.0339322177189532,on,hard_extinction,0.0,True,False,0.0
Lsp,0.0339322177189532,on,no_extinction_control,0.0,True,False,0.0
Lsp,0.0372759372031494,off,hard_extinction,0.0,True,False,0.0
Lsp,0.0372759372031494,off,no_extinction_control,0.0,True,False,0.0
Lsp,0.0372759372031494,on,hard_extinction,0.0,True,False,0.0
Lsp,0.0372759372031494,on,no_extinction_control,0.0,True,False,0.0
Lsp,0.0409491506238042,off,hard_extinction,0.0,True,False,0.0
Lsp,0.0409491506238042,off,no_extinction_control,0.0,True,False,0.0
Lsp,0.0409491506238042,on,hard_extinction,0.0,True,False,0.0
Lsp,0.0409491506238042,on,no_extinction_control,0.0,True,False,0.0
Lsp,0.0449843266896944,off,hard_extinction,0.0,True,False,0.0
Lsp,0.0449843266896944,off,no_extinction_control,0.0,True,False,0.0
Lsp,0.0449843266896944,on,hard_extinction,0.0,True,False,0.0
Lsp,0.0449843266896944,on,no_extinction_control,0.0,True,False,0.0
Lsp,0.0494171336132383,off,hard_extinction,0.0,True,False,0.0
Lsp,0.0494171336132383,off,no_extinction_control,0.0,True,False,0.0
Lsp,0.0494171336132383,on,hard_extinction,0.0,True,False,0.0
Lsp,0.0494171336132383,on,no_extinction_control,0.0,True,False,0.0
Lsp,0.0542867543932385,off,hard_extinction,0.0,True,False,0.0
Lsp,0.0542867543932385,off,no_extinction_control,0.0,True,False,0.0
Lsp,0.0542867543932385,on,hard_extinction,0.0,True,False,0.0
Lsp,0.0542867543932385,on,no_extinction_control,0.0,True,False,0.0
Lsp,0.0596362331659464,off,hard_extinction,0.0,True,False,0.0
Lsp,0.0596362331659464,off,no_extinction_control,0.0,True,False,0.0
Lsp,0.0596362331659464,on,hard_extinction,0.0,True,False,0.0
Lsp,0.0596362331659464,on,no_extinction_control,0.0,True,False,0.0
Lsp,0.0655128556859551,off,hard_extinction,0.0,True,False,0.0
Lsp,0.0655128556859551,off,no_extinction_control,0.0,True,False,0.0
Lsp,0.0655128556859551,on,hard_extinction,0.0,True,False,0.0
Lsp,0.0655128556859551,on,no_extinction_control,0.0,True,False,0.0
Lsp,0.0719685673001152,off,hard_extinction,0.0,True,False,0.0
Lsp,0.0719685673001152,off,no_extinction_control,0.0,True,False,0.0
Lsp,0.0719685673001152,on,hard_extinction,0.0,True,False,0.0
Lsp,0.0719685673001152,on,no_extinction_control,0.0,True,False,0.0
Lsp,0.0790604321090769,off,hard_extinction,0.0,True,False,0.0
Lsp,0.0790604321090769,off,no_extinction_control,0.0,True,False,0.0
Lsp,0.0790604321090769,on,hard_extinction,0.0,True,False,0.0
Lsp,0.0790604321090769,on,no_extinction_control,0.0,True,False,0.0
Lsp,0.0868511373751352,off,hard_extinction,0.0,True,False,0.0
Lsp,0.0868511373751352,off,no_extinction_control,0.0,True,False,0.0
Lsp,0.0868511373751352,on,hard_extinction,0.0,True,False,0.0
Lsp,0.0868511373751352,on,no_extinction_control,0.0,True,False,0.0
Lsp,0.0954095476349993,off,hard_extinction,0.0,True,False,0.0
Lsp,0.0954095476349993,off,no_extinction_control,0.0,True,False,0.0
Lsp,0.0954095476349993,on,hard_extinction,0.0,True,False,0.0
Lsp,0.0954095476349993,on,no_extinction_control,0.0,True,False,0.0
Lsp,0.1048113134154685,off,hard_extinction,0.0,True,False,0.0
Lsp,0.1048113134154685,off,no_extinction_control,0.0,True,False,0.0
Lsp,0.1048113134154685,on,hard_extinction,0.0,True,False,0.0
Lsp,0.1048113134154685,on,no_extinction_control,0.0,True,False,0.0
Lsp,0.1151395399326447,off,hard_extinction,0.0,True,False,0.0
Lsp,0.1151395399326447,off,no_extinction_control,0.0,True,False,0.0
Lsp,0.1151395399326447,on,hard_extinction,0.0,True,False,0.0
Lsp,0.1151395399326447,on,no_extinction_control,0.0,True,False,0.0
Lsp,0.1264855216855295,off,hard_extinction,0.0,True,False,0.0
Lsp,0.1264855216855295,off,no_extinction_control,0.0,True,False,0.0
Lsp,0.1264855216855295,on,hard_extinction,0.0,True,False,0.0
Lsp,0.1264855216855295,on,no_extinction_control,0.0,True,False,0.0
Lsp,0.1389495494373137,off,hard_extinction,0.0,True,False,0.0
Lsp,0.1389495494373137,off,no_extinction_control,0.0,True,False,0.0
Lsp,0.1389495494373137,on,hard_extinction,0.0,True,False,0.0
Lsp,0.1389495494373137,on,no_extinction_control,0.0,True,False,0.0
Lsp,0.1526417967175233,off,hard_extinction,0.0,True,False,0.0
Lsp,0.1526417967175233,off,no_extinction_control,0.0,True,False,0.0
Lsp,0.1526417967175233,on,hard_extinction,2.220446049250313e-16,True,False,5.551115123125783e-17
Lsp,0.1526417967175233,on,no_extinction_control,2.220446049250313e-16,True,False,5.551115123125783e-17
Lsp,0.1676832936811007,off,hard_extinction,0.0,True,False,0.0
Lsp,0.1676832936811007,off,no_extinction_control,0.0,True,False,0.0
Lsp,0.1676832936811007,on,hard_extinction,0.0,True,False,0.0
Lsp,0.1676832936811007,on,no_extinction_control,0.0,True,False,0.0
Lsp,0.1842069969326715,off,hard_extinction,0.0,True,False,0.0
Lsp,0.1842069969326715,off,no_extinction_control,0.0,True,False,0.0
Lsp,0.1842069969326715,on,hard_extinction,0.0,True,False,5.551115123125783e-17
Lsp,0.1842069969326715,on,no_extinction_control,0.0,True,False,5.551115123125783e-17
Lsp,0.2023589647725156,off,hard_extinction,0.0,True,False,0.0
Lsp,0.2023589647725156,off,no_extinction_control,0.0,True,False,0.0
Lsp,0.2023589647725156,on,hard_extinction,0.0,True,False,0.0
Lsp,0.2023589647725156,on,no_extinction_control,0.0,True,False,0.0
Lsp,0.2222996482526194,off,hard_extinction,0.0,True,False,0.0
Lsp,0.2222996482526194,off,no_extinction_control,0.0,True,False,0.0
Lsp,0.2222996482526194,on,hard_extinction,0.0,True,False,0.0
Lsp,0.2222996482526194,on,no_extinction_control,0.0,True,False,0.0
Lsp,0.2442053094548651,off,hard_extinction,2.220446049250313e-16,True,False,1.6653345369377348e-16
Lsp,0.2442053094548651,off,no_extinction_control,2.220446049250313e-16,True,False,1.6653345369377348e-16
Lsp,0.2442053094548651,on,hard_extinction,0.0,True,False,0.0
Lsp,0.2442053094548651,on,no_extinction_control,0.0,True,False,0.0
Lsp,0.2682695795279725,off,hard_extinction,2.886579864025407e-15,True,False,2.4980018054066026e-15
Lsp,0.2682695795279725,off,no_extinction_control,2.886579864025407e-15,True,False,2.4980018054066026e-15
Lsp,0.2682695795279725,on,hard_extinction,0.0,True,False,0.0
Lsp,0.2682695795279725,on,no_extinction_control,0.0,True,False,0.0
Lsp,0.2947051702551809,off,hard_extinction,6.752376435770202e-13,True,False,6.719069745031447e-13
Lsp,0.2947051702551809,off,no_extinction_control,6.752376435770202e-13,True,False,6.719069745031447e-13
Lsp,0.2947051702551809,on,hard_extinction,0.0,True,False,0.0
Lsp,0.2947051702551809,on,no_extinction_control,0.0,True,False,0.0
Lsp,0.3237457542817643,off,hard_extinction,2.5532165270902846e-10,True,False,2.7515184575221946e-10
Lsp,0.3237457542817643,off,no_extinction_control,2.5532165270902846e-10,True,False,2.7515184575221946e-10
Lsp,0.3237457542817643,on,hard_extinction,0.0,True,False,0.0
Lsp,0.3237457542817643,on,no_extinction_control,0.0,True,False,0.0
Lsp,0.3556480306223128,off,hard_extinction,1.2331096910234154e-07,True,False,1.512350242816041e-07
Lsp,0.3556480306223128,off,no_extinction_control,1.2331096910234154e-07,True,False,1.512350242816041e-07
Lsp,0.3556480306223128,on,hard_extinction,0.0,True,False,0.0
Lsp,0.3556480306223128,on,no_extinction_control,0.0,True,False,0.0
Lsp,0.3906939937054615,off,hard_extinction,2.173383075732005e-07,True,False,3.322776701564223e-07
Lsp,0.3906939937054615,off,no_extinction_control,2.173383075732005e-07,True,False,3.322776701564223e-07
Lsp,0.3906939937054615,on,hard_extinction,0.0,True,False,0.0
Lsp,0.3906939937054615,on,no_extinction_control,0.0,True,False,0.0
Lsp,0.4291934260128776,off,hard_extinction,1.1734177387645596e-05,True,False,2.6610829477968775e-05
Lsp,0.4291934260128776,off,no_extinction_control,1.1734177387645596e-05,True,False,2.6610829477968775e-05
Lsp,0.4291934260128776,on,hard_extinction,0.0,True,False,0.0
Lsp,0.4291934260128776,on,no_extinction_control,0.0,True,False,0.0
Lsp,0.4714866363457392,off,hard_extinction,1.207219356420304,False,False,0.0646338580034173
Lsp,0.4714866363457392,off,no_extinction_control,1.207219356420304,False,False,0.0646338580034173
Lsp,0.4714866363457392,on,hard_extinction,0.0,True,False,0.0
Lsp,0.4714866363457392,on,no_extinction_control,0.0,True,False,0.0
Lsp,0.517947467923121,off,hard_extinction,1.4432899320127037e-15,True,False,0.0
Lsp,0.517947467923121,off,no_extinction_control,0.0004228968363193,True,False,4.884981308350689e-15
Lsp,0.517947467923121,on,hard_extinction,0.0,True,False,0.0
Lsp,0.517947467923121,on,no_extinction_control,0.0,True,False,0.0
Lsp,0.5689866029018296,off,hard_extinction,0.0,True,False,0.0
Lsp,0.5689866029018296,off,no_extinction_control,3.447638228237793e-07,True,False,0.0
Lsp,0.5689866029018296,on,hard_extinction,0.0,True,False,0.0
Lsp,0.5689866029018296,on,no_extinction_control,0.0,True,False,0.0
Lsp,0.6250551925273969,off,hard_extinction,0.0,True,False,0.0
Lsp,0.6250551925273969,off,no_extinction_control,4.323030822206419e-10,True,False,0.0
Lsp,0.6250551925273969,on,hard_extinction,0.0,True,False,0.0
Lsp,0.6250551925273969,on,no_extinction_control,0.0,True,False,0.0
Lsp,0.6866488450042998,off,hard_extinction,0.0,True,False,0.0
Lsp,0.6866488450042998,off,no_extinction_control,0.0,True,False,0.0
Lsp,0.6866488450042998,on,hard_extinction,0.0,True,False,0.0
Lsp,0.6866488450042998,on,no_extinction_control,0.0,True,False,0.0
Lsp,0.7543120063354615,off,hard_extinction,0.0,True,False,0.0
Lsp,0.7543120063354615,off,no_extinction_control,2.8275447760961473e-08,True,False,0.0
Lsp,0.7543120063354615,on,hard_extinction,0.0,True,False,5.551115123125783e-17
Lsp,0.7543120063354615,on,no_extinction_control,0.0,True,False,5.551115123125783e-17
Lsp,0.8286427728546842,off,hard_extinction,0.0,True,False,0.0
Lsp,0.8286427728546842,off,no_extinction_control,1.1078959971655421e-10,True,False,0.0
Lsp,0.8286427728546842,on,hard_extinction,0.0,True,False,0.0
Lsp,0.8286427728546842,on,no_extinction_control,0.0,True,False,0.0
Lsp,0.9102981779915218,off,hard_extinction,0.0,True,False,0.0
Lsp,0.9102981779915218,off,no_extinction_control,3.075959043030707e-09,True,False,0.0
Lsp,0.9102981779915218,on,hard_extinction,0.0,True,False,0.0
Lsp,0.9102981779915218,on,no_extinction_control,0.0,True,False,0.0
Lsp,0.9999999999999994,off,hard_extinction,0.0,True,False,0.0
Lsp,0.9999999999999994,off,no_extinction_control,2.8284929953770188e-11,True,False,0.0
Lsp,0.9999999999999994,on,hard_extinction,0.0,True,False,0.0
Lsp,0.9999999999999994,on,no_extinction_control,0.0,True,False,0.0
Lsp,1.0985411419875584,off,hard_extinction,0.0,True,False,0.0
Lsp,1.0985411419875584,off,no_extinction_control,3.836930773104541e-13,True,False,0.0
Lsp,1.0985411419875584,on,hard_extinction,0.0,True,False,0.0
Lsp,1.0985411419875584,on,no_extinction_control,0.0,True,False,0.0
Lsp,1.2067926406393277,off,hard_extinction,0.0,True,False,0.0
Lsp,1.2067926406393277,off,no_extinction_control,7.105427357601002e-15,True,False,0.0
Lsp,1.2067926406393277,on,hard_extinction,0.0,True,False,0.0
Lsp,1.2067926406393277,on,no_extinction_control,0.0,True,False,0.0
Lsp,1.325711365590108,off,hard_extinction,0.0,True,False,0.0
Lsp,1.325711365590108,off,no_extinction_control,0.0,True,False,0.0
Lsp,1.325711365590108,on,hard_extinction,0.0,True,False,0.0
Lsp,1.325711365590108,on,no_extinction_control,0.0,True,False,0.0
Lsp,1.456348477501243,off,hard_extinction,0.0,True,False,0.0
Lsp,1.456348477501243,off,no_extinction_control,0.0,True,False,0.0
Lsp,1.456348477501243,on,hard_extinction,0.0,True,False,0.0
Lsp,1.456348477501243,on,no_extinction_control,0.0,True,False,0.0
Lsp,1.5998587196060574,off,hard_extinction,0.0,True,False,0.0
Lsp,1.5998587196060574,off,no_extinction_control,0.0,True,False,0.0
Lsp,1.5998587196060574,on,hard_extinction,0.0,True,False,0.0
Lsp,1.5998587196060574,on,no_extinction_control,0.0,True,False,0.0
Lsp,1.7575106248547911,off,hard_extinction,0.0,True,False,0.0
Lsp,1.7575106248547911,off,no_extinction_control,0.0,True,False,0.0
Lsp,1.7575106248547911,on,hard_extinction,0.0,True,False,0.0
Lsp,1.7575106248547911,on,no_extinction_control,0.0,True,False,0.0
Lsp,1.9306977288832496,off,hard_extinction,0.0,True,False,0.0
Lsp,1.9306977288832496,off,no_extinction_control,0.0,True,False,0.0
Lsp,1.9306977288832496,on,hard_extinction,0.0,True,False,0.0
Lsp,1.9306977288832496,on,no_extinction_control,0.0,True,False,0.0
Lsp,2.1209508879201904,off,hard_extinction,0.0,True,False,0.0
Lsp,2.1209508879201904,off,no_extinction_control,0.0,True,False,0.0
Lsp,2.1209508879201904,on,hard_extinction,0.0,True,False,0.0
Lsp,2.1209508879201904,on,no_extinction_control,0.0,True,False,0.0
Lsp,2.329951810515372,off,hard_extinction,0.0,True,False,0.0
Lsp,2.329951810515372,off,no_extinction_control,0.0,True,False,0.0
Lsp,2.329951810515372,on,hard_extinction,0.0,True,False,0.0
Lsp,2.329951810515372,on,no_extinction_control,0.0,True,False,0.0
Lsp,2.5595479226995357,off,hard_extinction,0.0,True,False,0.0
Lsp,2.5595479226995357,off,no_extinction_control,0.0,True,False,0.0
Lsp,2.5595479226995357,on,hard_extinction,0.0,True,False,0.0
Lsp,2.5595479226995357,on,no_extinction_control,0.0,True,False,0.0
Lsp,2.811768697974228,off,hard_extinction,0.0,True,False,0.0
Lsp,2.811768697974228,off,no_extinction_control,0.0,True,False,0.0
Lsp,2.811768697974228,on,hard_extinction,0.0,True,False,0.0
Lsp,2.811768697974228,on,no_extinction_control,0.0,True,False,0.0
Lsp,3.0888435964774787,off,hard_extinction,0.0,True,False,0.0
Lsp,3.0888435964774787,off,no_extinction_control,0.0,True,False,0.0
Lsp,3.0888435964774787,on,hard_extinction,0.0,True,False,0.0
Lsp,3.0888435964774787,on,no_extinction_control,0.0,True,False,0.0
Lsp,3.3932217718953264,off,hard_extinction,0.0,True,False,0.0
Lsp,3.3932217718953264,off,no_extinction_control,0.0,True,False,0.0
Lsp,3.3932217718953264,on,hard_extinction,0.0,True,False,0.0
Lsp,3.3932217718953264,on,no_extinction_control,0.0,True,False,0.0
Lsp,3.727593720314938,off,hard_extinction,0.0,True,False,0.0
Lsp,3.727593720314938,off,no_extinction_control,0.0,True,False,0.0
Lsp,3.727593720314938,on,hard_extinction,0.0,True,False,0.0
Lsp,3.727593720314938,on,no_extinction_control,0.0,True,False,0.0
Lsp,4.094915062380423,off,hard_extinction,0.0,True,False,0.0
Lsp,4.094915062380423,off,no_extinction_control,0.0,True,False,0.0
Lsp,4.094915062380423,on,hard_extinction,0.0,True,False,0.0
Lsp,4.094915062380423,on,no_extinction_control,0.0,True,False,0.0
Lsp,4.498432668969444,off,hard_extinction,0.0,True,False,0.0
Lsp,4.498432668969444,off,no_extinction_control,0.0,True,False,0.0
Lsp,4.498432668969444,on,hard_extinction,4.440892098500626e-16,True,False,2.220446049250313e-16
Lsp,4.498432668969444,on,no_extinction_control,4.440892098500626e-16,True,False,2.220446049250313e-16
Lsp,4.941713361323833,off,hard_extinction,0.0,True,False,0.0
Lsp,4.941713361323833,off,no_extinction_control,0.0,True,False,0.0
Lsp,4.941713361323833,on,hard_extinction,0.0,True,False,0.0
Lsp,4.941713361323833,on,no_extinction_control,0.0,True,False,0.0
Lsp,5.428675439323859,off,hard_extinction,0.0,True,False,0.0
Lsp,5.428675439323859,off,no_extinction_control,0.0,True,False,0.0
Lsp,5.428675439323859,on,hard_extinction,0.0,True,False,0.0
Lsp,5.428675439323859,on,no_extinction_control,0.0,True,False,0.0
Lsp,5.963623316594643,off,hard_extinction,0.0,True,False,0.0
Lsp,5.963623316594643,off,no_extinction_control,0.0,True,False,0.0
Lsp,5.963623316594643,on,hard_extinction,0.0,True,False,0.0
Lsp,5.963623316594643,on,no_extinction_control,0.0,True,False,0.0
Lsp,6.551285568595502,off,hard_extinction,0.0,True,False,0.0
Lsp,6.551285568595502,off,no_extinction_control,0.0,True,False,0.0
Lsp,6.551285568595502,on,hard_extinction,0.0,True,False,0.0
Lsp,6.551285568595502,on,no_extinction_control,0.0,True,False,0.0
Lsp,7.196856730011514,off,hard_extinction,0.0,True,False,0.0
Lsp,7.196856730011514,off,no_extinction_control,0.0,True,False,0.0
Lsp,7.196856730011514,on,hard_extinction,0.0,True,False,0.0
Lsp,7.196856730011514,on,no_extinction_control,0.0,True,False,0.0
Lsp,7.906043210907693,off,hard_extinction,0.0,True,False,0.0
Lsp,7.906043210907693,off,no_extinction_control,0.0,True,False,0.0
Lsp,7.906043210907693,on,hard_extinction,0.0,True,False,0.0
Lsp,7.906043210907693,on,no_extinction_control,0.0,True,False,0.0
Lsp,8.68511373751352,off,hard_extinction,0.0,True,False,0.0
Lsp,8.68511373751352,off,no_extinction_control,0.0,True,False,0.0
Lsp,8.68511373751352,on,hard_extinction,0.0,True,False,0.0
Lsp,8.68511373751352,on,no_extinction_control,0.0,True,False,0.0
Lsp,9.540954763499936,off,hard_extinction,0.0,True,False,0.0
Lsp,9.540954763499936,off,no_extinction_control,0.0,True,False,0.0
Lsp,9.540954763499936,on,hard_extinction,0.0,True,False,0.0
Lsp,9.540954763499936,on,no_extinction_control,0.0,True,False,0.0
Lsp,10.481131341546853,off,hard_extinction,0.0,True,False,0.0
Lsp,10.481131341546853,off,no_extinction_control,0.0,True,False,0.0
Lsp,10.481131341546853,on,hard_extinction,0.0,True,False,0.0
Lsp,10.481131341546853,on,no_extinction_control,0.0,True,False,0.0
Lsp,11.513953993264469,off,hard_extinction,0.0,True,False,0.0
Lsp,11.513953993264469,off,no_extinction_control,0.0,True,False,0.0
Lsp,11.513953993264469,on,hard_extinction,0.0,True,False,0.0
Lsp,11.513953993264469,on,no_extinction_control,0.0,True,False,0.0
Lsp,12.64855216855296,off,hard_extinction,0.0,True,False,0.0
Lsp,12.64855216855296,off,no_extinction_control,0.0,True,False,0.0
Lsp,12.64855216855296,on,hard_extinction,0.0,True,False,0.0
Lsp,12.64855216855296,on,no_extinction_control,0.0,True,False,0.0
Lsp,13.894954943731374,off,hard_extinction,0.0,True,False,0.0
Lsp,13.894954943731374,off,no_extinction_control,0.0,True,False,0.0
Lsp,13.894954943731374,on,hard_extinction,0.0,True,False,0.0
Lsp,13.894954943731374,on,no_extinction_control,0.0,True,False,0.0
Lsp,15.264179671752318,off,hard_extinction,0.0,True,False,0.0
Lsp,15.264179671752318,off,no_extinction_control,0.0,True,False,0.0
Lsp,15.264179671752318,on,hard_extinction,0.0,True,False,0.0
Lsp,15.264179671752318,on,no_extinction_control,0.0,True,False,0.0
Lsp,16.768329368110066,off,hard_extinction,0.0,True,False,0.0
Lsp,16.768329368110066,off,no_extinction_control,0.0,True,False,0.0
Lsp,16.768329368110066,on,hard_extinction,0.0,True,False,0.0
Lsp,16.768329368110066,on,no_extinction_control,0.0,True,False,0.0
Lsp,18.420699693267142,off,hard_extinction,0.0,True,False,0.0
Lsp,18.420699693267142,off,no_extinction_control,0.0,True,False,0.0
Lsp,18.420699693267142,on,hard_extinction,0.0,True,False,0.0
Lsp,18.420699693267142,on,no_extinction_control,0.0,True,False,0.0
Lsp,20.23589647725155,off,hard_extinction,0.0,True,False,0.0
Lsp,20.23589647725155,off,no_extinction_control,0.0,True,False,0.0
Lsp,20.23589647725155,on,hard_extinction,0.0,True,False,0.0
Lsp,20.23589647725155,on,no_extinction_control,0.0,True,False,0.0
Lsp,22.229964825261938,off,hard_extinction,0.0,True,False,0.0
Lsp,22.229964825261938,off,no_extinction_control,0.0,True,False,0.0
Lsp,22.229964825261938,on,hard_extinction,0.0,True,False,0.0
Lsp,22.229964825261938,on,no_extinction_control,0.0,True,False,0.0
Lsp,24.420530945486497,off,hard_extinction,0.0,True,False,0.0
Lsp,24.420530945486497,off,no_extinction_control,0.0,True,False,0.0
Lsp,24.420530945486497,on,hard_extinction,0.0,True,False,0.0
Lsp,24.420530945486497,on,no_extinction_control,0.0,True,False,0.0
Lsp,26.826957952797247,off,hard_extinction,0.0,True,False,0.0
Lsp,26.826957952797247,off,no_extinction_control,0.0,True,False,0.0
Lsp,26.826957952797247,on,hard_extinction,0.0,True,False,0.0
Lsp,26.826957952797247,on,no_extinction_control,0.0,True,False,0.0
Lsp,29.4705170255181,off,hard_extinction,0.0,True,False,0.0
Lsp,29.4705170255181,off,no_extinction_control,0.0,True,False,0.0
Lsp,29.4705170255181,on,hard_extinction,0.0,True,False,0.0
Lsp,29.4705170255181,on,no_extinction_control,0.0,True,False,0.0
Lsp,32.374575428176435,off,hard_extinction,0.0,True,False,0.0
Lsp,32.374575428176435,off,no_extinction_control,0.0,True,False,0.0
Lsp,32.374575428176435,on,hard_extinction,0.0,True,False,0.0
Lsp,32.374575428176435,on,no_extinction_control,0.0,True,False,0.0
Lsp,35.56480306223125,off,hard_extinction,0.0,True,False,0.0
Lsp,35.56480306223125,off,no_extinction_control,0.0,True,False,0.0
Lsp,35.56480306223125,on,hard_extinction,0.0,True,False,0.0
Lsp,35.56480306223125,on,no_extinction_control,0.0,True,False,0.0
Lsp,39.06939937054613,off,hard_extinction,0.0,True,False,0.0
Lsp,39.06939937054613,off,no_extinction_control,0.0,True,False,0.0
Lsp,39.06939937054613,on,hard_extinction,0.0,True,False,0.0
Lsp,39.06939937054613,on,no_extinction_control,0.0,True,False,0.0
Lsp,42.91934260128774,off,hard_extinction,0.0,True,False,0.0
Lsp,42.91934260128774,off,no_extinction_control,0.0,True,False,0.0
Lsp,42.91934260128774,on,hard_extinction,0.0,True,False,0.0
Lsp,42.91934260128774,on,no_extinction_control,0.0,True,False,0.0
Lsp,47.1486636345739,off,hard_extinction,0.0,True,False,0.0
Lsp,47.1486636345739,off,no_extinction_control,0.0,True,False,0.0
Lsp,47.1486636345739,on,hard_extinction,0.0,True,False,0.0
Lsp,47.1486636345739,on,no_extinction_control,0.0,True,False,0.0
Lsp,51.794746792312075,off,hard_extinction,0.0,True,False,0.0
Lsp,51.794746792312075,off,no_extinction_control,0.0,True,False,0.0
Lsp,51.794746792312075,on,hard_extinction,0.0,True,False,0.0
Lsp,51.794746792312075,on,no_extinction_control,0.0,True,False,0.0
Lsp,56.89866029018293,off,hard_extinction,0.0,True,False,0.0
Lsp,56.89866029018293,off,no_extinction_control,0.0,True,False,0.0
Lsp,56.89866029018293,on,hard_extinction,0.0,True,False,0.0
Lsp,56.89866029018293,on,no_extinction_control,0.0,True,False,0.0
Lsp,62.505519252739695,off,hard_extinction,0.0,True,False,0.0
Lsp,62.505519252739695,off,no_extinction_control,0.0,True,False,0.0
Lsp,62.505519252739695,on,hard_extinction,0.0,True,False,0.0
Lsp,62.505519252739695,on,no_extinction_control,0.0,True,False,0.0
Lsp,68.66488450042998,off,hard_extinction,0.0,True,False,0.0
Lsp,68.66488450042998,off,no_extinction_control,0.0,True,False,0.0
Lsp,68.66488450042998,on,hard_extinction,0.0,True,False,0.0
Lsp,68.66488450042998,on,no_extinction_control,0.0,True,False,0.0
Lsp,75.43120063354615,off,hard_extinction,0.0,True,False,0.0
Lsp,75.43120063354615,off,no_extinction_control,0.0,True,False,0.0
Lsp,75.43120063354615,on,hard_extinction,0.0,True,False,0.0
Lsp,75.43120063354615,on,no_extinction_control,0.0,True,False,0.0
Lsp,82.86427728546842,off,hard_extinction,0.0,True,False,0.0
Lsp,82.86427728546842,off,no_extinction_control,0.0,True,False,0.0
Lsp,82.86427728546842,on,hard_extinction,0.0,True,False,0.0
Lsp,82.86427728546842,on,no_extinction_control,0.0,True,False,0.0
Lsp,91.02981779915208,off,hard_extinction,0.0,True,False,0.0
Lsp,91.02981779915208,off,no_extinction_control,0.0,True,False,0.0
Lsp,91.02981779915208,on,hard_extinction,0.0,True,False,0.0
Lsp,91.02981779915208,on,no_extinction_control,0.0,True,False,0.0
Lsp,100.0,off,hard_extinction,0.0,True,False,0.0
Lsp,100.0,off,no_extinction_control,0.0,True,False,0.0
Lsp,100.0,on,hard_extinction,0.0,True,False,0.0
Lsp,100.0,on,no_extinction_control,0.0,True,False,0.0
Mi,0.0,off,hard_extinction,0.0,True,False,0.0
Mi,0.0,off,no_extinction_control,0.0,True,False,0.0
Mi,0.0,on,hard_extinction,0.0,True,False,0.0
Mi,0.0,on,no_extinction_control,0.0,True,False,0.0
Mi,0.01,off,hard_extinction,0.0,True,False,0.0
Mi,0.01,off,no_extinction_control,0.0,True,False,0.0
Mi,0.01,on,hard_extinction,0.0,True,False,0.0
Mi,0.01,on,no_extinction_control,0.0,True,False,0.0
Mi,0.0109854114198755,off,hard_extinction,0.0,True,False,0.0
Mi,0.0109854114198755,off,no_extinction_control,0.0,True,False,0.0
Mi,0.0109854114198755,on,hard_extinction,0.0,True,False,0.0
Mi,0.0109854114198755,on,no_extinction_control,0.0,True,False,0.0
Mi,0.0120679264063932,off,hard_extinction,0.0,True,False,0.0
Mi,0.0120679264063932,off,no_extinction_control,0.0,True,False,0.0
Mi,0.0120679264063932,on,hard_extinction,0.0,True,False,0.0
Mi,0.0120679264063932,on,no_extinction_control,0.0,True,False,0.0
Mi,0.013257113655901,off,hard_extinction,0.0,True,False,0.0
Mi,0.013257113655901,off,no_extinction_control,0.0,True,False,0.0
Mi,0.013257113655901,on,hard_extinction,0.0,True,False,0.0
Mi,0.013257113655901,on,no_extinction_control,0.0,True,False,0.0
Mi,0.0145634847750124,off,hard_extinction,0.0,True,False,0.0
Mi,0.0145634847750124,off,no_extinction_control,0.0,True,False,0.0
Mi,0.0145634847750124,on,hard_extinction,0.0,True,False,0.0
Mi,0.0145634847750124,on,no_extinction_control,0.0,True,False,0.0
Mi,0.0159985871960605,off,hard_extinction,0.0,True,False,0.0
Mi,0.0159985871960605,off,no_extinction_control,0.0,True,False,0.0
Mi,0.0159985871960605,on,hard_extinction,0.0,True,False,0.0
Mi,0.0159985871960605,on,no_extinction_control,0.0,True,False,0.0
Mi,0.0175751062485479,off,hard_extinction,0.0,True,False,0.0
Mi,0.0175751062485479,off,no_extinction_control,0.0,True,False,0.0
Mi,0.0175751062485479,on,hard_extinction,0.0,True,False,0.0
Mi,0.0175751062485479,on,no_extinction_control,0.0,True,False,0.0
Mi,0.0193069772888324,off,hard_extinction,0.0,True,False,0.0
Mi,0.0193069772888324,off,no_extinction_control,0.0,True,False,0.0
Mi,0.0193069772888324,on,hard_extinction,0.0,True,False,0.0
Mi,0.0193069772888324,on,no_extinction_control,0.0,True,False,0.0
Mi,0.0212095088792019,off,hard_extinction,0.0,True,False,0.0
Mi,0.0212095088792019,off,no_extinction_control,0.0,True,False,0.0
Mi,0.0212095088792019,on,hard_extinction,0.0,True,False,0.0
Mi,0.0212095088792019,on,no_extinction_control,0.0,True,False,0.0
Mi,0.0232995181051537,off,hard_extinction,0.0,True,False,0.0
Mi,0.0232995181051537,off,no_extinction_control,0.0,True,False,0.0
Mi,0.0232995181051537,on,hard_extinction,0.0,True,False,0.0
Mi,0.0232995181051537,on,no_extinction_control,0.0,True,False,0.0
Mi,0.0255954792269953,off,hard_extinction,0.0,True,False,0.0
Mi,0.0255954792269953,off,no_extinction_control,0.0,True,False,0.0
Mi,0.0255954792269953,on,hard_extinction,0.0,True,False,0.0
Mi,0.0255954792269953,on,no_extinction_control,0.0,True,False,0.0
Mi,0.0281176869797423,off,hard_extinction,0.0,True,False,0.0
Mi,0.0281176869797423,off,no_extinction_control,0.0,True,False,0.0
Mi,0.0281176869797423,on,hard_extinction,0.0,True,False,0.0
Mi,0.0281176869797423,on,no_extinction_control,0.0,True,False,0.0
Mi,0.0308884359647748,off,hard_extinction,0.0,True,False,0.0
Mi,0.0308884359647748,off,no_extinction_control,0.0,True,False,0.0
Mi,0.0308884359647748,on,hard_extinction,0.0,True,False,0.0
Mi,0.0308884359647748,on,no_extinction_control,0.0,True,False,0.0
Mi,0.0339322177189532,off,hard_extinction,0.0,True,False,0.0
Mi,0.0339322177189532,off,no_extinction_control,0.0,True,False,0.0
Mi,0.0339322177189532,on,hard_extinction,0.0,True,False,0.0
Mi,0.0339322177189532,on,no_extinction_control,0.0,True,False,0.0
Mi,0.0372759372031494,off,hard_extinction,0.0,True,False,0.0
Mi,0.0372759372031494,off,no_extinction_control,0.0,True,False,0.0
Mi,0.0372759372031494,on,hard_extinction,0.0,True,False,0.0
Mi,0.0372759372031494,on,no_extinction_control,0.0,True,False,0.0
Mi,0.0409491506238042,off,hard_extinction,0.0,True,False,0.0
Mi,0.0409491506238042,off,no_extinction_control,0.0,True,False,0.0
Mi,0.0409491506238042,on,hard_extinction,0.0,True,False,0.0
Mi,0.0409491506238042,on,no_extinction_control,0.0,True,False,0.0
Mi,0.0449843266896944,off,hard_extinction,0.0,True,False,0.0
Mi,0.0449843266896944,off,no_extinction_control,0.0,True,False,0.0
Mi,0.0449843266896944,on,hard_extinction,0.0,True,False,0.0
Mi,0.0449843266896944,on,no_extinction_control,0.0,True,False,0.0
Mi,0.0494171336132383,off,hard_extinction,0.0,True,False,0.0
Mi,0.0494171336132383,off,no_extinction_control,0.0,True,False,0.0
Mi,0.0494171336132383,on,hard_extinction,0.0,True,False,0.0
Mi,0.0494171336132383,on,no_extinction_control,0.0,True,False,0.0
Mi,0.0542867543932385,off,hard_extinction,0.0,True,False,0.0
Mi,0.0542867543932385,off,no_extinction_control,0.0,True,False,0.0
Mi,0.0542867543932385,on,hard_extinction,0.0,True,False,0.0
Mi,0.0542867543932385,on,no_extinction_control,0.0,True,False,0.0
Mi,0.0596362331659464,off,hard_extinction,0.0,True,False,0.0
Mi,0.0596362331659464,off,no_extinction_control,0.0,True,False,0.0
Mi,0.0596362331659464,on,hard_extinction,0.0,True,False,0.0
Mi,0.0596362331659464,on,no_extinction_control,0.0,True,False,0.0
Mi,0.0655128556859551,off,hard_extinction,0.0,True,False,0.0
Mi,0.0655128556859551,off,no_extinction_control,0.0,True,False,0.0
Mi,0.0655128556859551,on,hard_extinction,0.0,True,False,0.0
Mi,0.0655128556859551,on,no_extinction_control,0.0,True,False,0.0
Mi,0.0719685673001152,off,hard_extinction,0.0,True,False,0.0
Mi,0.0719685673001152,off,no_extinction_control,0.0,True,False,0.0
Mi,0.0719685673001152,on,hard_extinction,0.0,True,False,0.0
Mi,0.0719685673001152,on,no_extinction_control,0.0,True,False,0.0
Mi,0.0790604321090769,off,hard_extinction,0.0,True,False,0.0
Mi,0.0790604321090769,off,no_extinction_control,0.0,True,False,0.0
Mi,0.0790604321090769,on,hard_extinction,0.0,True,False,0.0
Mi,0.0790604321090769,on,no_extinction_control,0.0,True,False,0.0
Mi,0.0868511373751352,off,hard_extinction,0.0,True,False,0.0
Mi,0.0868511373751352,off,no_extinction_control,0.0,True,False,0.0
Mi,0.0868511373751352,on,hard_extinction,0.0,True,False,0.0
Mi,0.0868511373751352,on,no_extinction_control,0.0,True,False,0.0
Mi,0.0954095476349993,off,hard_extinction,0.0,True,False,0.0
Mi,0.0954095476349993,off,no_extinction_control,0.0,True,False,0.0
Mi,0.0954095476349993,on,hard_extinction,0.0,True,False,0.0
Mi,0.0954095476349993,on,no_extinction_control,0.0,True,False,0.0
Mi,0.1048113134154685,off,hard_extinction,0.0,True,False,0.0
Mi,0.1048113134154685,off,no_extinction_control,0.0,True,False,0.0
Mi,0.1048113134154685,on,hard_extinction,0.0,True,False,0.0
Mi,0.1048113134154685,on,no_extinction_control,0.0,True,False,0.0
Mi,0.1151395399326447,off,hard_extinction,0.0,True,False,0.0
Mi,0.1151395399326447,off,no_extinction_control,0.0,True,False,0.0
Mi,0.1151395399326447,on,hard_extinction,0.0,True,False,0.0
Mi,0.1151395399326447,on,no_extinction_control,0.0,True,False,0.0
Mi,0.1264855216855295,off,hard_extinction,0.0,True,False,0.0
Mi,0.1264855216855295,off,no_extinction_control,0.0,True,False,0.0
Mi,0.1264855216855295,on,hard_extinction,0.0,True,False,0.0
Mi,0.1264855216855295,on,no_extinction_control,0.0,True,False,0.0
Mi,0.1389495494373137,off,hard_extinction,0.0,True,False,0.0
Mi,0.1389495494373137,off,no_extinction_control,0.0,True,False,0.0
Mi,0.1389495494373137,on,hard_extinction,0.0,True,False,0.0
Mi,0.1389495494373137,on,no_extinction_control,0.0,True,False,0.0
Mi,0.1526417967175233,off,hard_extinction,0.0,True,False,0.0
Mi,0.1526417967175233,off,no_extinction_control,0.0,True,False,0.0
Mi,0.1526417967175233,on,hard_extinction,0.0,True,False,0.0
Mi,0.1526417967175233,on,no_extinction_control,0.0,True,False,0.0
Mi,0.1676832936811007,off,hard_extinction,0.0,True,False,0.0
Mi,0.1676832936811007,off,no_extinction_control,0.0,True,False,0.0
Mi,0.1676832936811007,on,hard_extinction,0.0,True,False,0.0
Mi,0.1676832936811007,on,no_extinction_control,0.0,True,False,0.0
Mi,0.1842069969326715,off,hard_extinction,0.0,True,False,0.0
Mi,0.1842069969326715,off,no_extinction_control,0.0,True,False,0.0
Mi,0.1842069969326715,on,hard_extinction,0.0,True,False,0.0
Mi,0.1842069969326715,on,no_extinction_control,0.0,True,False,0.0
Mi,0.2023589647725156,off,hard_extinction,0.0,True,False,0.0
Mi,0.2023589647725156,off,no_extinction_control,0.0,True,False,0.0
Mi,0.2023589647725156,on,hard_extinction,0.0,True,False,0.0
Mi,0.2023589647725156,on,no_extinction_control,0.0,True,False,0.0
Mi,0.2222996482526194,off,hard_extinction,0.0,True,False,0.0
Mi,0.2222996482526194,off,no_extinction_control,0.0,True,False,0.0
Mi,0.2222996482526194,on,hard_extinction,0.0,True,False,0.0
Mi,0.2222996482526194,on,no_extinction_control,0.0,True,False,0.0
Mi,0.2442053094548651,off,hard_extinction,0.0,True,False,0.0
Mi,0.2442053094548651,off,no_extinction_control,0.0,True,False,0.0
Mi,0.2442053094548651,on,hard_extinction,0.0,True,False,0.0
Mi,0.2442053094548651,on,no_extinction_control,0.0,True,False,0.0
Mi,0.2682695795279725,off,hard_extinction,0.0,True,False,0.0
Mi,0.2682695795279725,off,no_extinction_control,0.0,True,False,0.0
Mi,0.2682695795279725,on,hard_extinction,0.0,True,False,0.0
Mi,0.2682695795279725,on,no_extinction_control,0.0,True,False,0.0
Mi,0.2947051702551809,off,hard_extinction,0.0,True,False,0.0
Mi,0.2947051702551809,off,no_extinction_control,0.0,True,False,0.0
Mi,0.2947051702551809,on,hard_extinction,0.0,True,False,0.0
Mi,0.2947051702551809,on,no_extinction_control,0.0,True,False,0.0
Mi,0.3237457542817643,off,hard_extinction,0.0,True,False,0.0
Mi,0.3237457542817643,off,no_extinction_control,0.0,True,False,0.0
Mi,0.3237457542817643,on,hard_extinction,0.0,True,False,0.0
Mi,0.3237457542817643,on,no_extinction_control,0.0,True,False,0.0
Mi,0.3556480306223128,off,hard_extinction,0.0,True,False,0.0
Mi,0.3556480306223128,off,no_extinction_control,0.0,True,False,0.0
Mi,0.3556480306223128,on,hard_extinction,0.0,True,False,0.0
Mi,0.3556480306223128,on,no_extinction_control,0.0,True,False,0.0
Mi,0.3906939937054615,off,hard_extinction,0.0,True,False,0.0
Mi,0.3906939937054615,off,no_extinction_control,0.0,True,False,0.0
Mi,0.3906939937054615,on,hard_extinction,0.0,True,False,0.0
Mi,0.3906939937054615,on,no_extinction_control,0.0,True,False,0.0
Mi,0.4291934260128776,off,hard_extinction,0.0,True,False,0.0
Mi,0.4291934260128776,off,no_extinction_control,0.0,True,False,0.0
Mi,0.4291934260128776,on,hard_extinction,0.0,True,False,0.0
Mi,0.4291934260128776,on,no_extinction_control,0.0,True,False,0.0
Mi,0.4714866363457392,off,hard_extinction,0.0,True,False,0.0
Mi,0.4714866363457392,off,no_extinction_control,0.0,True,False,0.0
Mi,0.4714866363457392,on,hard_extinction,0.0,True,False,0.0
Mi,0.4714866363457392,on,no_extinction_control,0.0,True,False,0.0
Mi,0.517947467923121,off,hard_extinction,0.0,True,False,0.0
Mi,0.517947467923121,off,no_extinction_control,0.0,True,False,0.0
Mi,0.517947467923121,on,hard_extinction,0.0,True,False,0.0
Mi,0.517947467923121,on,no_extinction_control,0.0,True,False,0.0
Mi,0.5689866029018296,off,hard_extinction,0.0,True,False,0.0
Mi,0.5689866029018296,off,no_extinction_control,0.0,True,False,0.0
Mi,0.5689866029018296,on,hard_extinction,0.0,True,False,0.0
Mi,0.5689866029018296,on,no_extinction_control,0.0,True,False,0.0
Mi,0.6250551925273969,off,hard_extinction,0.0,True,False,0.0
Mi,0.6250551925273969,off,no_extinction_control,0.0,True,False,0.0
Mi,0.6250551925273969,on,hard_extinction,0.0,True,False,0.0
Mi,0.6250551925273969,on,no_extinction_control,0.0,True,False,0.0
Mi,0.6866488450042998,off,hard_extinction,0.0,True,False,0.0
Mi,0.6866488450042998,off,no_extinction_control,0.0,True,False,0.0
Mi,0.6866488450042998,on,hard_extinction,0.0,True,False,0.0
Mi,0.6866488450042998,on,no_extinction_control,0.0,True,False,0.0
Mi,0.7543120063354615,off,hard_extinction,0.0,True,False,0.0
Mi,0.7543120063354615,off,no_extinction_control,0.0,True,False,0.0
Mi,0.7543120063354615,on,hard_extinction,0.0,True,False,0.0
Mi,0.7543120063354615,on,no_extinction_control,0.0,True,False,0.0
Mi,0.8286427728546842,off,hard_extinction,0.0,True,False,0.0
Mi,0.8286427728546842,off,no_extinction_control,0.0,True,False,0.0
Mi,0.8286427728546842,on,hard_extinction,0.0,True,False,0.0
Mi,0.8286427728546842,on,no_extinction_control,0.0,True,False,0.0
Mi,0.9102981779915218,off,hard_extinction,0.0,True,False,0.0
Mi,0.9102981779915218,off,no_extinction_control,0.0,True,False,0.0
Mi,0.9102981779915218,on,hard_extinction,0.0,True,False,0.0
Mi,0.9102981779915218,on,no_extinction_control,0.0,True,False,0.0
Mi,0.9999999999999994,off,hard_extinction,0.0,True,False,0.0
Mi,0.9999999999999994,off,no_extinction_control,0.0,True,False,0.0
Mi,0.9999999999999994,on,hard_extinction,0.0,True,False,0.0
Mi,0.9999999999999994,on,no_extinction_control,0.0,True,False,0.0
Mi,1.0985411419875584,off,hard_extinction,0.0,True,False,0.0
Mi,1.0985411419875584,off,no_extinction_control,0.0,True,False,0.0
Mi,1.0985411419875584,on,hard_extinction,0.0,True,False,0.0
Mi,1.0985411419875584,on,no_extinction_control,0.0,True,False,0.0
Mi,1.2067926406393277,off,hard_extinction,2.220446049250313e-16,True,False,0.0
Mi,1.2067926406393277,off,no_extinction_control,2.220446049250313e-16,True,False,0.0
Mi,1.2067926406393277,on,hard_extinction,0.0,True,False,0.0
Mi,1.2067926406393277,on,no_extinction_control,0.0,True,False,0.0
Mi,1.325711365590108,off,hard_extinction,1.9984014443252815e-14,True,False,2.3092638912203256e-14
Mi,1.325711365590108,off,no_extinction_control,1.9984014443252815e-14,True,False,2.3092638912203256e-14
Mi,1.325711365590108,on,hard_extinction,0.0,True,False,0.0
Mi,1.325711365590108,on,no_extinction_control,0.0,True,False,0.0
Mi,1.456348477501243,off,hard_extinction,1.8748891328357328e-11,True,False,2.2485791006943142e-11
Mi,1.456348477501243,off,no_extinction_control,1.8748891328357328e-11,True,False,2.2485791006943142e-11
Mi,1.456348477501243,on,hard_extinction,0.0,True,False,0.0
Mi,1.456348477501243,on,no_extinction_control,0.0,True,False,0.0
Mi,1.5998587196060574,off,hard_extinction,2.6547101072971202e-08,True,False,3.0306495757415064e-08
Mi,1.5998587196060574,off,no_extinction_control,2.6547101072971202e-08,True,False,3.0306495757415064e-08
Mi,1.5998587196060574,on,hard_extinction,0.0,True,False,0.0
Mi,1.5998587196060574,on,no_extinction_control,0.0,True,False,0.0
Mi,1.7575106248547911,off,hard_extinction,2.539299890358393e-07,True,False,2.581305647009202e-07
Mi,1.7575106248547911,off,no_extinction_control,2.539299890358393e-07,True,False,2.581305647009202e-07
Mi,1.7575106248547911,on,hard_extinction,0.0,True,False,0.0
Mi,1.7575106248547911,on,no_extinction_control,0.0,True,False,0.0
Mi,1.9306977288832496,off,hard_extinction,1.1220735169903406e-06,True,False,7.738674365764808e-07
Mi,1.9306977288832496,off,no_extinction_control,1.1220735169903406e-06,True,False,7.738674365764808e-07
Mi,1.9306977288832496,on,hard_extinction,0.0,True,False,0.0
Mi,1.9306977288832496,on,no_extinction_control,0.0,True,False,0.0
Mi,2.1209508879201904,off,hard_extinction,3.1086244689504387e-15,True,False,0.0
Mi,2.1209508879201904,off,no_extinction_control,1.979721118112347,False,False,1.4221528805702377e-06
Mi,2.1209508879201904,on,hard_extinction,0.0,True,False,0.0
Mi,2.1209508879201904,on,no_extinction_control,0.0,True,False,0.0
Mi,2.329951810515372,off,hard_extinction,6.106226635438361e-16,True,False,0.0
Mi,2.329951810515372,off,no_extinction_control,0.0004864171881848,True,False,5.10702591327572e-15
Mi,2.329951810515372,on,hard_extinction,0.0,True,False,0.0
Mi,2.329951810515372,on,no_extinction_control,0.0,True,False,0.0
Mi,2.5595479226995357,off,hard_extinction,0.0,True,False,0.0
Mi,2.5595479226995357,off,no_extinction_control,9.531034539378425e-06,True,False,0.0
Mi,2.5595479226995357,on,hard_extinction,0.0,True,False,0.0
Mi,2.5595479226995357,on,no_extinction_control,0.0,True,False,0.0
Mi,2.811768697974228,off,hard_extinction,0.0,True,False,0.0
Mi,2.811768697974228,off,no_extinction_control,7.204903340607416e-12,True,False,0.0
Mi,2.811768697974228,on,hard_extinction,0.0,True,False,0.0
Mi,2.811768697974228,on,no_extinction_control,0.0,True,False,0.0
Mi,3.0888435964774787,off,hard_extinction,0.0,True,False,0.0
Mi,3.0888435964774787,off,no_extinction_control,3.6190660122059626e-06,True,False,0.0
Mi,3.0888435964774787,on,hard_extinction,0.0,True,False,0.0
Mi,3.0888435964774787,on,no_extinction_control,0.0,True,False,0.0
Mi,3.3932217718953264,off,hard_extinction,0.0,True,False,0.0
Mi,3.3932217718953264,off,no_extinction_control,1.0079242329652516e-08,True,False,0.0
Mi,3.3932217718953264,on,hard_extinction,0.0,True,False,0.0
Mi,3.3932217718953264,on,no_extinction_control,0.0,True,False,0.0
Mi,3.727593720314938,off,hard_extinction,0.0,True,False,0.0
Mi,3.727593720314938,off,no_extinction_control,8.48743262338303e-08,True,False,0.0
Mi,3.727593720314938,on,hard_extinction,0.0,True,False,0.0
Mi,3.727593720314938,on,no_extinction_control,0.0,True,False,0.0
Mi,4.094915062380423,off,hard_extinction,0.0,True,False,0.0
Mi,4.094915062380423,off,no_extinction_control,6.271694275028493e-10,True,False,0.0
Mi,4.094915062380423,on,hard_extinction,0.0,True,False,0.0
Mi,4.094915062380423,on,no_extinction_control,0.0,True,False,0.0
Mi,4.498432668969444,off,hard_extinction,0.0,True,False,0.0
Mi,4.498432668969444,off,no_extinction_control,6.886935466354771e-12,True,False,0.0
Mi,4.498432668969444,on,hard_extinction,0.0,True,False,0.0
Mi,4.498432668969444,on,no_extinction_control,0.0,True,False,0.0
Mi,4.941713361323833,off,hard_extinction,0.0,True,False,0.0
Mi,4.941713361323833,off,no_extinction_control,1.1013412404281553e-13,True,False,0.0
Mi,4.941713361323833,on,hard_extinction,0.0,True,False,0.0
Mi,4.941713361323833,on,no_extinction_control,0.0,True,False,0.0
Mi,5.428675439323859,off,hard_extinction,0.0,True,False,0.0
Mi,5.428675439323859,off,no_extinction_control,1.7763568394002505e-15,True,False,0.0
Mi,5.428675439323859,on,hard_extinction,0.0,True,False,0.0
Mi,5.428675439323859,on,no_extinction_control,0.0,True,False,0.0
Mi,5.963623316594643,off,hard_extinction,0.0,True,False,0.0
Mi,5.963623316594643,off,no_extinction_control,0.0,True,False,0.0
Mi,5.963623316594643,on,hard_extinction,0.0,True,False,0.0
Mi,5.963623316594643,on,no_extinction_control,0.0,True,False,0.0
Mi,6.551285568595502,off,hard_extinction,0.0,True,False,0.0
Mi,6.551285568595502,off,no_extinction_control,0.0,True,False,0.0
Mi,6.551285568595502,on,hard_extinction,0.0,True,False,0.0
Mi,6.551285568595502,on,no_extinction_control,0.0,True,False,0.0
Mi,7.196856730011514,off,hard_extinction,0.0,True,False,0.0
Mi,7.196856730011514,off,no_extinction_control,0.0,True,False,0.0
Mi,7.196856730011514,on,hard_extinction,0.0,True,False,0.0
Mi,7.196856730011514,on,no_extinction_control,0.0,True,False,0.0
Mi,7.906043210907693,off,hard_extinction,0.0,True,False,0.0
Mi,7.906043210907693,off,no_extinction_control,0.0,True,False,0.0
Mi,7.906043210907693,on,hard_extinction,5.551115123125783e-17,True,False,0.0
Mi,7.906043210907693,on,no_extinction_control,5.551115123125783e-17,True,False,0.0
Mi,8.68511373751352,off,hard_extinction,0.0,True,False,0.0
Mi,8.68511373751352,off,no_extinction_control,0.0,True,False,0.0
Mi,8.68511373751352,on,hard_extinction,5.551115123125783e-17,True,False,0.0
Mi,8.68511373751352,on,no_extinction_control,5.551115123125783e-17,True,False,0.0
Mi,9.540954763499936,off,hard_extinction,0.0,True,False,0.0
Mi,9.540954763499936,off,no_extinction_control,0.0,True,False,0.0
Mi,9.540954763499936,on,hard_extinction,8.659739592076221e-15,True,False,1.0658141036401504e-14
Mi,9.540954763499936,on,no_extinction_control,8.659739592076221e-15,True,False,1.0658141036401504e-14
Mi,10.481131341546853,off,hard_extinction,0.0,True,False,0.0
Mi,10.481131341546853,off,no_extinction_control,0.0,True,False,0.0
Mi,10.481131341546853,on,hard_extinction,2.297606549461762e-13,True,False,2.862154957483654e-13
Mi,10.481131341546853,on,no_extinction_control,2.297606549461762e-13,True,False,2.862154957483654e-13
Mi,11.513953993264469,off,hard_extinction,0.0,True,False,0.0
Mi,11.513953993264469,off,no_extinction_control,0.0,True,False,0.0
Mi,11.513953993264469,on,hard_extinction,4.780953410943312e-12,True,False,5.971223515643942e-12
Mi,11.513953993264469,on,no_extinction_control,4.780953410943312e-12,True,False,5.971223515643942e-12
Mi,12.64855216855296,off,hard_extinction,0.0,True,False,0.0
Mi,12.64855216855296,off,no_extinction_control,0.0,True,False,0.0
Mi,12.64855216855296,on,hard_extinction,7.82459652626244e-11,True,False,9.697620484416801e-11
Mi,12.64855216855296,on,no_extinction_control,7.82459652626244e-11,True,False,9.697620484416801e-11
Mi,13.894954943731374,off,hard_extinction,0.0,True,False,0.0
Mi,13.894954943731374,off,no_extinction_control,0.0,True,False,0.0
Mi,13.894954943731374,on,hard_extinction,9.64120339119745e-10,True,False,1.1833636293090422e-09
Mi,13.894954943731374,on,no_extinction_control,9.64120339119745e-10,True,False,1.1833636293090422e-09
Mi,15.264179671752318,off,hard_extinction,0.0,True,False,0.0
Mi,15.264179671752318,off,no_extinction_control,0.0,True,False,0.0
Mi,15.264179671752318,on,hard_extinction,8.854227240284729e-09,True,False,1.0738355538109092e-08
Mi,15.264179671752318,on,no_extinction_control,8.854227240284729e-09,True,False,1.0738355538109092e-08
Mi,16.768329368110066,off,hard_extinction,0.0,True,False,0.0
Mi,16.768329368110066,off,no_extinction_control,0.0,True,False,0.0
Mi,16.768329368110066,on,hard_extinction,6.101752658693728e-08,True,False,7.292459169860878e-08
Mi,16.768329368110066,on,no_extinction_control,6.101752658693728e-08,True,False,7.292459169860878e-08
Mi,18.420699693267142,off,hard_extinction,0.0,True,False,0.0
Mi,18.420699693267142,off,no_extinction_control,0.0,True,False,0.0
Mi,18.420699693267142,on,hard_extinction,3.220154431993194e-07,True,False,3.780995840863e-07
Mi,18.420699693267142,on,no_extinction_control,3.220154431993194e-07,True,False,3.780995840863e-07
Mi,20.23589647725155,off,hard_extinction,0.0,True,False,0.0
Mi,20.23589647725155,off,no_extinction_control,0.0,True,False,0.0
Mi,20.23589647725155,on,hard_extinction,1.339713238013296e-06,True,False,1.5403367681354752e-06
Mi,20.23589647725155,on,no_extinction_control,1.339713238013296e-06,True,False,1.5403367681354752e-06
Mi,22.229964825261938,off,hard_extinction,0.0,True,False,0.0
Mi,22.229964825261938,off,no_extinction_control,0.0,True,False,0.0
Mi,22.229964825261938,on,hard_extinction,4.538852937052695e-06,True,False,5.092437193709998e-06
Mi,22.229964825261938,on,no_extinction_control,4.538852937052695e-06,True,False,5.092437193709998e-06
Mi,24.420530945486497,off,hard_extinction,0.0,True,False,0.0
Mi,24.420530945486497,off,no_extinction_control,0.0,True,False,0.0
Mi,24.420530945486497,on,hard_extinction,1.2925736142865851e-05,True,False,1.4102682019512258e-05
Mi,24.420530945486497,on,no_extinction_control,1.2925736142865851e-05,True,False,1.4102682019512258e-05
Mi,26.826957952797247,off,hard_extinction,0.0,True,False,0.0
Mi,26.826957952797247,off,no_extinction_control,0.0,True,False,0.0
Mi,26.826957952797247,on,hard_extinction,3.1835100331556454e-05,True,False,3.366269174387426e-05
Mi,26.826957952797247,on,no_extinction_control,3.1835100331556454e-05,True,False,3.366269174387426e-05
Mi,29.4705170255181,off,hard_extinction,0.0,True,False,0.0
Mi,29.4705170255181,off,no_extinction_control,0.0,True,False,0.0
Mi,29.4705170255181,on,hard_extinction,5.4622046885555164e-09,True,False,5.580657269632638e-09
Mi,29.4705170255181,on,no_extinction_control,5.4622046885555164e-09,True,False,5.580657269632638e-09
Mi,32.374575428176435,off,hard_extinction,0.0,True,False,0.0
Mi,32.374575428176435,off,no_extinction_control,0.0,True,False,0.0
Mi,32.374575428176435,on,hard_extinction,2.4079792604325693e-08,True,False,2.3697264373012672e-08
Mi,32.374575428176435,on,no_extinction_control,2.4079792604325693e-08,True,False,2.3697264373012672e-08
Mi,35.56480306223125,off,hard_extinction,0.0,True,False,0.0
Mi,35.56480306223125,off,no_extinction_control,0.0,True,False,0.0
Mi,35.56480306223125,on,hard_extinction,8.898180303695825e-08,True,False,8.41231626580452e-08
Mi,35.56480306223125,on,no_extinction_control,8.898180303695825e-08,True,False,8.41231626580452e-08
Mi,39.06939937054613,off,hard_extinction,0.0,True,False,0.0
Mi,39.06939937054613,off,no_extinction_control,0.0,True,False,0.0
Mi,39.06939937054613,on,hard_extinction,2.830469306713823e-07,True,False,2.564609464794643e-07
Mi,39.06939937054613,on,no_extinction_control,2.830469306713823e-07,True,False,2.564609464794643e-07
Mi,42.91934260128774,off,hard_extinction,0.0,True,False,0.0
Mi,42.91934260128774,off,no_extinction_control,0.0,True,False,0.0
Mi,42.91934260128774,on,hard_extinction,0.0002745678995346,True,False,0.0002379061309043
Mi,42.91934260128774,on,no_extinction_control,0.0002745678995346,True,False,0.0002379061309043
Mi,47.1486636345739,off,hard_extinction,0.0,True,False,0.0
Mi,47.1486636345739,off,no_extinction_control,0.0,True,False,0.0
Mi,47.1486636345739,on,hard_extinction,0.0002192899081355,True,False,0.0001814380004261
Mi,47.1486636345739,on,no_extinction_control,0.0002192899081355,True,False,0.0001814380004261
Mi,51.794746792312075,off,hard_extinction,0.0,True,False,0.0
Mi,51.794746792312075,off,no_extinction_control,0.0,True,False,0.0
Mi,51.794746792312075,on,hard_extinction,4.4977723234751465e-06,True,False,3.5491360625972135e-06
Mi,51.794746792312075,on,no_extinction_control,4.4977723234751465e-06,True,False,3.5491360625972135e-06
Mi,56.89866029018293,off,hard_extinction,0.0,True,False,0.0
Mi,56.89866029018293,off,no_extinction_control,0.0,True,False,0.0
Mi,56.89866029018293,on,hard_extinction,9.373427696135472e-06,True,False,7.04567233089648e-06
Mi,56.89866029018293,on,no_extinction_control,9.373427696135472e-06,True,False,7.04567233089648e-06
Mi,62.505519252739695,off,hard_extinction,0.0,True,False,0.0
Mi,62.505519252739695,off,no_extinction_control,0.0,True,False,0.0
Mi,62.505519252739695,on,hard_extinction,1.810878935248894e-05,True,False,1.2956654792617428e-05
Mi,62.505519252739695,on,no_extinction_control,1.810878935248894e-05,True,False,1.2956654792617428e-05
Mi,68.66488450042998,off,hard_extinction,0.0,True,False,0.0
Mi,68.66488450042998,off,no_extinction_control,0.0,True,False,0.0
Mi,68.66488450042998,on,hard_extinction,3.2705262940302404e-05,True,False,2.226421784801147e-05
Mi,68.66488450042998,on,no_extinction_control,3.2705262940302404e-05,True,False,2.226421784801147e-05
Mi,75.43120063354615,off,hard_extinction,0.0,True,False,0.0
Mi,75.43120063354615,off,no_extinction_control,0.0,True,False,0.0
Mi,75.43120063354615,on,hard_extinction,5.562040035522742e-05,True,False,3.601945191733513e-05
Mi,75.43120063354615,on,no_extinction_control,5.562040035522742e-05,True,False,3.601945191733513e-05
Mi,82.86427728546842,off,hard_extinction,0.0,True,False,0.0
Mi,82.86427728546842,off,no_extinction_control,0.0,True,False,0.0
Mi,82.86427728546842,on,hard_extinction,8.963746037959908e-05,True,False,5.5226355686999185e-05
Mi,82.86427728546842,on,no_extinction_control,8.963746037959908e-05,True,False,5.5226355686999185e-05
Mi,91.02981779915208,off,hard_extinction,0.0,True,False,0.0
Mi,91.02981779915208,off,no_extinction_control,0.0,True,False,0.0
Mi,91.02981779915208,on,hard_extinction,0.0001053642576716,True,False,6.176779001321187e-05
Mi,91.02981779915208,on,no_extinction_control,0.0001053642576716,True,False,6.176779001321187e-05
Mi,100.0,off,hard_extinction,0.0,True,False,0.0
Mi,100.0,off,no_extinction_control,0.0,True,False,0.0
Mi,100.0,on,hard_extinction,0.0001815698635938,True,False,0.000101346586806
Mi,100.0,on,no_extinction_control,0.0001815698635938,True,False,0.000101346586806
Va,0.0,off,hard_extinction,0.0,True,False,0.0
Va,0.0,off,no_extinction_control,0.0,True,False,0.0
Va,0.0,on,hard_extinction,0.0,True,False,0.0
Va,0.0,on,no_extinction_control,0.0,True,False,0.0
Va,0.01,off,hard_extinction,0.0,True,False,0.0
Va,0.01,off,no_extinction_control,0.0,True,False,0.0
Va,0.01,on,hard_extinction,0.0,True,False,0.0
Va,0.01,on,no_extinction_control,0.0,True,False,0.0
Va,0.0109854114198755,off,hard_extinction,0.0,True,False,0.0
Va,0.0109854114198755,off,no_extinction_control,0.0,True,False,0.0
Va,0.0109854114198755,on,hard_extinction,0.0,True,False,0.0
Va,0.0109854114198755,on,no_extinction_control,0.0,True,False,0.0
Va,0.0120679264063932,off,hard_extinction,0.0,True,False,0.0
Va,0.0120679264063932,off,no_extinction_control,0.0,True,False,0.0
Va,0.0120679264063932,on,hard_extinction,0.0,True,False,0.0
Va,0.0120679264063932,on,no_extinction_control,0.0,True,False,0.0
Va,0.013257113655901,off,hard_extinction,0.0,True,False,0.0
Va,0.013257113655901,off,no_extinction_control,0.0,True,False,0.0
Va,0.013257113655901,on,hard_extinction,0.0,True,False,0.0
Va,0.013257113655901,on,no_extinction_control,0.0,True,False,0.0
Va,0.0145634847750124,off,hard_extinction,0.0,True,False,0.0
Va,0.0145634847750124,off,no_extinction_control,0.0,True,False,0.0
Va,0.0145634847750124,on,hard_extinction,0.0,True,False,0.0
Va,0.0145634847750124,on,no_extinction_control,0.0,True,False,0.0
Va,0.0159985871960605,off,hard_extinction,0.0,True,False,0.0
Va,0.0159985871960605,off,no_extinction_control,0.0,True,False,0.0
Va,0.0159985871960605,on,hard_extinction,0.0,True,False,0.0
Va,0.0159985871960605,on,no_extinction_control,0.0,True,False,0.0
Va,0.0175751062485479,off,hard_extinction,0.0,True,False,0.0
Va,0.0175751062485479,off,no_extinction_control,0.0,True,False,0.0
Va,0.0175751062485479,on,hard_extinction,0.0,True,False,0.0
Va,0.0175751062485479,on,no_extinction_control,0.0,True,False,0.0
Va,0.0193069772888324,off,hard_extinction,0.0,True,False,0.0
Va,0.0193069772888324,off,no_extinction_control,0.0,True,False,0.0
Va,0.0193069772888324,on,hard_extinction,0.0,True,False,0.0
Va,0.0193069772888324,on,no_extinction_control,0.0,True,False,0.0
Va,0.0212095088792019,off,hard_extinction,0.0,True,False,0.0
Va,0.0212095088792019,off,no_extinction_control,0.0,True,False,0.0
Va,0.0212095088792019,on,hard_extinction,0.0,True,False,0.0
Va,0.0212095088792019,on,no_extinction_control,0.0,True,False,0.0
Va,0.0232995181051537,off,hard_extinction,4.440892098500626e-16,True,False,2.220446049250313e-16
Va,0.0232995181051537,off,no_extinction_control,4.440892098500626e-16,True,False,2.220446049250313e-16
Va,0.0232995181051537,on,hard_extinction,4.440892098500626e-16,True,False,2.220446049250313e-16
Va,0.0232995181051537,on,no_extinction_control,4.440892098500626e-16,True,False,2.220446049250313e-16
Va,0.0255954792269953,off,hard_extinction,0.0,True,False,0.0
Va,0.0255954792269953,off,no_extinction_control,0.0,True,False,0.0
Va,0.0255954792269953,on,hard_extinction,0.0,True,False,0.0
Va,0.0255954792269953,on,no_extinction_control,0.0,True,False,0.0
Va,0.0281176869797423,off,hard_extinction,0.0,True,False,0.0
Va,0.0281176869797423,off,no_extinction_control,0.0,True,False,0.0
Va,0.0281176869797423,on,hard_extinction,0.0,True,False,0.0
Va,0.0281176869797423,on,no_extinction_control,0.0,True,False,0.0
Va,0.0308884359647748,off,hard_extinction,0.0,True,False,0.0
Va,0.0308884359647748,off,no_extinction_control,0.0,True,False,0.0
Va,0.0308884359647748,on,hard_extinction,0.0,True,False,0.0
Va,0.0308884359647748,on,no_extinction_control,0.0,True,False,0.0
Va,0.0339322177189532,off,hard_extinction,0.0,True,False,0.0
Va,0.0339322177189532,off,no_extinction_control,0.0,True,False,0.0
Va,0.0339322177189532,on,hard_extinction,0.0,True,False,0.0
Va,0.0339322177189532,on,no_extinction_control,0.0,True,False,0.0
Va,0.0372759372031494,off,hard_extinction,0.0,True,False,0.0
Va,0.0372759372031494,off,no_extinction_control,0.0,True,False,0.0
Va,0.0372759372031494,on,hard_extinction,0.0,True,False,0.0
Va,0.0372759372031494,on,no_extinction_control,0.0,True,False,0.0
Va,0.0409491506238042,off,hard_extinction,0.0,True,False,0.0
Va,0.0409491506238042,off,no_extinction_control,0.0,True,False,0.0
Va,0.0409491506238042,on,hard_extinction,0.0,True,False,0.0
Va,0.0409491506238042,on,no_extinction_control,0.0,True,False,0.0
Va,0.0449843266896944,off,hard_extinction,0.0,True,False,0.0
Va,0.0449843266896944,off,no_extinction_control,0.0,True,False,0.0
Va,0.0449843266896944,on,hard_extinction,0.0,True,False,0.0
Va,0.0449843266896944,on,no_extinction_control,0.0,True,False,0.0
Va,0.0494171336132383,off,hard_extinction,0.0,True,False,0.0
Va,0.0494171336132383,off,no_extinction_control,0.0,True,False,0.0
Va,0.0494171336132383,on,hard_extinction,0.0,True,False,0.0
Va,0.0494171336132383,on,no_extinction_control,0.0,True,False,0.0
Va,0.0542867543932385,off,hard_extinction,0.0,True,False,0.0
Va,0.0542867543932385,off,no_extinction_control,0.0,True,False,0.0
Va,0.0542867543932385,on,hard_extinction,0.0,True,False,0.0
Va,0.0542867543932385,on,no_extinction_control,0.0,True,False,0.0
Va,0.0596362331659464,off,hard_extinction,0.0,True,False,0.0
Va,0.0596362331659464,off,no_extinction_control,0.0,True,False,0.0
Va,0.0596362331659464,on,hard_extinction,0.0,True,False,0.0
Va,0.0596362331659464,on,no_extinction_control,0.0,True,False,0.0
Va,0.0655128556859551,off,hard_extinction,0.0,True,False,0.0
Va,0.0655128556859551,off,no_extinction_control,0.0,True,False,0.0
Va,0.0655128556859551,on,hard_extinction,0.0,True,False,0.0
Va,0.0655128556859551,on,no_extinction_control,0.0,True,False,0.0
Va,0.0719685673001152,off,hard_extinction,0.0,True,False,0.0
Va,0.0719685673001152,off,no_extinction_control,0.0,True,False,0.0
Va,0.0719685673001152,on,hard_extinction,0.0,True,False,0.0
Va,0.0719685673001152,on,no_extinction_control,0.0,True,False,0.0
Va,0.0790604321090769,off,hard_extinction,0.0,True,False,0.0
Va,0.0790604321090769,off,no_extinction_control,0.0,True,False,0.0
Va,0.0790604321090769,on,hard_extinction,0.0,True,False,0.0
Va,0.0790604321090769,on,no_extinction_control,0.0,True,False,0.0
Va,0.0868511373751352,off,hard_extinction,1.6653345369377348e-16,True,False,0.0
Va,0.0868511373751352,off,no_extinction_control,1.6653345369377348e-16,True,False,0.0
Va,0.0868511373751352,on,hard_extinction,1.6653345369377348e-16,True,False,0.0
Va,0.0868511373751352,on,no_extinction_control,1.6653345369377348e-16,True,False,0.0
Va,0.0954095476349993,off,hard_extinction,0.0,True,False,0.0
Va,0.0954095476349993,off,no_extinction_control,0.0,True,False,0.0
Va,0.0954095476349993,on,hard_extinction,0.0,True,False,0.0
Va,0.0954095476349993,on,no_extinction_control,0.0,True,False,0.0
Va,0.1048113134154685,off,hard_extinction,0.0,True,False,0.0
Va,0.1048113134154685,off,no_extinction_control,0.0,True,False,0.0
Va,0.1048113134154685,on,hard_extinction,0.0,True,False,0.0
Va,0.1048113134154685,on,no_extinction_control,0.0,True,False,0.0
Va,0.1151395399326447,off,hard_extinction,0.0,True,False,0.0
Va,0.1151395399326447,off,no_extinction_control,0.0,True,False,0.0
Va,0.1151395399326447,on,hard_extinction,0.0,True,False,0.0
Va,0.1151395399326447,on,no_extinction_control,0.0,True,False,0.0
Va,0.1264855216855295,off,hard_extinction,0.0,True,False,0.0
Va,0.1264855216855295,off,no_extinction_control,0.0,True,False,0.0
Va,0.1264855216855295,on,hard_extinction,0.0,True,False,0.0
Va,0.1264855216855295,on,no_extinction_control,0.0,True,False,0.0
Va,0.1389495494373137,off,hard_extinction,0.0,True,False,0.0
Va,0.1389495494373137,off,no_extinction_control,0.0,True,False,0.0
Va,0.1389495494373137,on,hard_extinction,0.0,True,False,0.0
Va,0.1389495494373137,on,no_extinction_control,0.0,True,False,0.0
Va,0.1526417967175233,off,hard_extinction,0.0,True,False,0.0
Va,0.1526417967175233,off,no_extinction_control,0.0,True,False,0.0
Va,0.1526417967175233,on,hard_extinction,0.0,True,False,0.0
Va,0.1526417967175233,on,no_extinction_control,0.0,True,False,0.0
Va,0.1676832936811007,off,hard_extinction,0.0,True,False,0.0
Va,0.1676832936811007,off,no_extinction_control,0.0,True,False,0.0
Va,0.1676832936811007,on,hard_extinction,0.0,True,False,0.0
Va,0.1676832936811007,on,no_extinction_control,0.0,True,False,0.0
Va,0.1842069969326715,off,hard_extinction,5.551115123125783e-17,True,False,5.551115123125783e-17
Va,0.1842069969326715,off,no_extinction_control,5.551115123125783e-17,True,False,5.551115123125783e-17
Va,0.1842069969326715,on,hard_extinction,5.551115123125783e-17,True,False,5.551115123125783e-17
Va,0.1842069969326715,on,no_extinction_control,5.551115123125783e-17,True,False,5.551115123125783e-17
Va,0.2023589647725156,off,hard_extinction,2.220446049250313e-16,True,False,2.220446049250313e-16
Va,0.2023589647725156,off,no_extinction_control,2.220446049250313e-16,True,False,2.220446049250313e-16
Va,0.2023589647725156,on,hard_extinction,2.220446049250313e-16,True,False,2.220446049250313e-16
Va,0.2023589647725156,on,no_extinction_control,2.220446049250313e-16,True,False,2.220446049250313e-16
Va,0.2222996482526194,off,hard_extinction,2.7200464103316335e-14,True,False,3.1585845050585704e-14
Va,0.2222996482526194,off,no_extinction_control,2.7200464103316335e-14,True,False,3.1585845050585704e-14
Va,0.2222996482526194,on,hard_extinction,2.7200464103316335e-14,True,False,3.1585845050585704e-14
Va,0.2222996482526194,on,no_extinction_control,2.7200464103316335e-14,True,False,3.1585845050585704e-14
Va,0.2442053094548651,off,hard_extinction,5.823896920276184e-12,True,False,7.1344041785437184e-12
Va,0.2442053094548651,off,no_extinction_control,5.823896920276184e-12,True,False,7.1344041785437184e-12
Va,0.2442053094548651,on,hard_extinction,5.823896920276184e-12,True,False,7.1344041785437184e-12
Va,0.2442053094548651,on,no_extinction_control,5.823896920276184e-12,True,False,7.1344041785437184e-12
Va,0.2682695795279725,off,hard_extinction,1.5233512229428923e-09,True,False,2.051461445162772e-09
Va,0.2682695795279725,off,no_extinction_control,1.5233512229428923e-09,True,False,2.051461445162772e-09
Va,0.2682695795279725,on,hard_extinction,1.5233512229428923e-09,True,False,2.051461445162772e-09
Va,0.2682695795279725,on,no_extinction_control,1.5233512229428923e-09,True,False,2.051461445162772e-09
Va,0.2947051702551809,off,hard_extinction,4.803982454060218e-07,True,False,7.502030197059639e-07
Va,0.2947051702551809,off,no_extinction_control,4.803982454060218e-07,True,False,7.502030197059639e-07
Va,0.2947051702551809,on,hard_extinction,4.803982454060218e-07,True,False,7.502030197059639e-07
Va,0.2947051702551809,on,no_extinction_control,4.803982454060218e-07,True,False,7.502030197059639e-07
Va,0.3237457542817643,off,hard_extinction,8.29239075628152e-07,True,False,1.6500857024093207e-06
Va,0.3237457542817643,off,no_extinction_control,8.29239075628152e-07,True,False,1.6500857024093207e-06
Va,0.3237457542817643,on,hard_extinction,8.29239075628152e-07,True,False,1.6500857024093207e-06
Va,0.3237457542817643,on,no_extinction_control,8.29239075628152e-07,True,False,1.6500857024093207e-06
Va,0.3556480306223128,off,hard_extinction,8.563358956381606e-07,True,False,1.5335791241355423e-06
Va,0.3556480306223128,off,no_extinction_control,8.563358956381606e-07,True,False,1.5335791241355423e-06
Va,0.3556480306223128,on,hard_extinction,8.563358956381606e-07,True,False,1.5335791241355423e-06
Va,0.3556480306223128,on,no_extinction_control,8.563358956381606e-07,True,False,1.5335791241355423e-06
Va,0.3906939937054615,off,hard_extinction,0.0,True,False,0.0
Va,0.3906939937054615,off,no_extinction_control,2.184487555538027,False,False,0.0001956371731028
Va,0.3906939937054615,on,hard_extinction,0.0,True,False,0.0
Va,0.3906939937054615,on,no_extinction_control,2.184487555538027,False,False,0.0001956371731028
Va,0.4291934260128776,off,hard_extinction,8.326672684688674e-16,True,False,0.0
Va,0.4291934260128776,off,no_extinction_control,8.004314024034898e-06,True,False,0.0
Va,0.4291934260128776,on,hard_extinction,8.326672684688674e-16,True,False,0.0
Va,0.4291934260128776,on,no_extinction_control,8.004314024034898e-06,True,False,0.0
Va,0.4714866363457392,off,hard_extinction,0.0,True,False,0.0
Va,0.4714866363457392,off,no_extinction_control,8.47747656766984e-05,True,False,1.1102230246251563e-15
Va,0.4714866363457392,on,hard_extinction,0.0,True,False,0.0
Va,0.4714866363457392,on,no_extinction_control,8.47747656766984e-05,True,False,1.1102230246251563e-15
Va,0.517947467923121,off,hard_extinction,0.0,True,False,0.0
Va,0.517947467923121,off,no_extinction_control,5.210409881328814e-11,True,False,0.0
Va,0.517947467923121,on,hard_extinction,0.0,True,False,0.0
Va,0.517947467923121,on,no_extinction_control,5.210409881328814e-11,True,False,0.0
Va,0.5689866029018296,off,hard_extinction,0.0,True,False,0.0
Va,0.5689866029018296,off,no_extinction_control,5.505218377166443e-06,True,False,0.0
Va,0.5689866029018296,on,hard_extinction,0.0,True,False,0.0
Va,0.5689866029018296,on,no_extinction_control,5.505218377166443e-06,True,False,0.0
Va,0.6250551925273969,off,hard_extinction,0.0,True,False,0.0
Va,0.6250551925273969,off,no_extinction_control,1.4533219072632164e-08,True,False,0.0
Va,0.6250551925273969,on,hard_extinction,0.0,True,False,0.0
Va,0.6250551925273969,on,no_extinction_control,1.4533219072632164e-08,True,False,0.0
Va,0.6866488450042998,off,hard_extinction,0.0,True,False,0.0
Va,0.6866488450042998,off,no_extinction_control,2.531595981736246e-07,True,False,0.0
Va,0.6866488450042998,on,hard_extinction,0.0,True,False,0.0
Va,0.6866488450042998,on,no_extinction_control,2.531595981736246e-07,True,False,0.0
Va,0.7543120063354615,off,hard_extinction,0.0,True,False,0.0
Va,0.7543120063354615,off,no_extinction_control,1.702149532434305e-09,True,False,0.0
Va,0.7543120063354615,on,hard_extinction,0.0,True,False,0.0
Va,0.7543120063354615,on,no_extinction_control,1.702149532434305e-09,True,False,0.0
Va,0.8286427728546842,off,hard_extinction,0.0,True,False,0.0
Va,0.8286427728546842,off,no_extinction_control,1.7140067143373017e-11,True,False,0.0
Va,0.8286427728546842,on,hard_extinction,0.0,True,False,0.0
Va,0.8286427728546842,on,no_extinction_control,1.7140067143373017e-11,True,False,0.0
Va,0.9102981779915218,off,hard_extinction,0.0,True,False,0.0
Va,0.9102981779915218,off,no_extinction_control,2.5224267119483557e-13,True,False,0.0
Va,0.9102981779915218,on,hard_extinction,0.0,True,False,0.0
Va,0.9102981779915218,on,no_extinction_control,2.5224267119483557e-13,True,False,0.0
Va,0.9999999999999994,off,hard_extinction,0.0,True,False,0.0
Va,0.9999999999999994,off,no_extinction_control,5.3290705182007506e-15,True,False,0.0
Va,0.9999999999999994,on,hard_extinction,0.0,True,False,0.0
Va,0.9999999999999994,on,no_extinction_control,5.3290705182007506e-15,True,False,0.0
Va,1.0985411419875584,off,hard_extinction,0.0,True,False,0.0
Va,1.0985411419875584,off,no_extinction_control,0.0,True,False,0.0
Va,1.0985411419875584,on,hard_extinction,0.0,True,False,0.0
Va,1.0985411419875584,on,no_extinction_control,0.0,True,False,0.0
Va,1.2067926406393277,off,hard_extinction,0.0,True,False,0.0
Va,1.2067926406393277,off,no_extinction_control,0.0,True,False,0.0
Va,1.2067926406393277,on,hard_extinction,0.0,True,False,0.0
Va,1.2067926406393277,on,no_extinction_control,0.0,True,False,0.0
Va,1.325711365590108,off,hard_extinction,0.0,True,False,0.0
Va,1.325711365590108,off,no_extinction_control,0.0,True,False,0.0
Va,1.325711365590108,on,hard_extinction,0.0,True,False,0.0
Va,1.325711365590108,on,no_extinction_control,0.0,True,False,0.0
Va,1.456348477501243,off,hard_extinction,0.0,True,False,0.0
Va,1.456348477501243,off,no_extinction_control,0.0,True,False,0.0
Va,1.456348477501243,on,hard_extinction,0.0,True,False,0.0
Va,1.456348477501243,on,no_extinction_control,0.0,True,False,0.0
Va,1.5998587196060574,off,hard_extinction,0.0,True,False,0.0
Va,1.5998587196060574,off,no_extinction_control,2.220446049250313e-16,True,False,0.0
Va,1.5998587196060574,on,hard_extinction,0.0,True,False,0.0
Va,1.5998587196060574,on,no_extinction_control,2.220446049250313e-16,True,False,0.0
Va,1.7575106248547911,off,hard_extinction,0.0,True,False,0.0
Va,1.7575106248547911,off,no_extinction_control,0.0,True,False,0.0
Va,1.7575106248547911,on,hard_extinction,0.0,True,False,0.0
Va,1.7575106248547911,on,no_extinction_control,0.0,True,False,0.0
Va,1.9306977288832496,off,hard_extinction,0.0,True,False,0.0
Va,1.9306977288832496,off,no_extinction_control,0.0,True,False,0.0
Va,1.9306977288832496,on,hard_extinction,0.0,True,False,0.0
Va,1.9306977288832496,on,no_extinction_control,0.0,True,False,0.0
Va,2.1209508879201904,off,hard_extinction,0.0,True,False,0.0
Va,2.1209508879201904,off,no_extinction_control,4.440892098500626e-16,True,False,0.0
Va,2.1209508879201904,on,hard_extinction,0.0,True,False,0.0
Va,2.1209508879201904,on,no_extinction_control,4.440892098500626e-16,True,False,0.0
Va,2.329951810515372,off,hard_extinction,0.0,True,False,0.0
Va,2.329951810515372,off,no_extinction_control,0.0,True,False,0.0
Va,2.329951810515372,on,hard_extinction,0.0,True,False,0.0
Va,2.329951810515372,on,no_extinction_control,0.0,True,False,0.0
Va,2.5595479226995357,off,hard_extinction,0.0,True,False,0.0
Va,2.5595479226995357,off,no_extinction_control,0.0,True,False,0.0
Va,2.5595479226995357,on,hard_extinction,0.0,True,False,0.0
Va,2.5595479226995357,on,no_extinction_control,0.0,True,False,0.0
Va,2.811768697974228,off,hard_extinction,0.0,True,False,0.0
Va,2.811768697974228,off,no_extinction_control,0.0,True,False,0.0
Va,2.811768697974228,on,hard_extinction,0.0,True,False,0.0
Va,2.811768697974228,on,no_extinction_control,0.0,True,False,0.0
Va,3.0888435964774787,off,hard_extinction,0.0,True,False,0.0
Va,3.0888435964774787,off,no_extinction_control,0.0,True,False,0.0
Va,3.0888435964774787,on,hard_extinction,0.0,True,False,0.0
Va,3.0888435964774787,on,no_extinction_control,0.0,True,False,0.0
Va,3.3932217718953264,off,hard_extinction,0.0,True,False,0.0
Va,3.3932217718953264,off,no_extinction_control,0.0,True,False,0.0
Va,3.3932217718953264,on,hard_extinction,0.0,True,False,0.0
Va,3.3932217718953264,on,no_extinction_control,0.0,True,False,0.0
Va,3.727593720314938,off,hard_extinction,0.0,True,False,0.0
Va,3.727593720314938,off,no_extinction_control,0.0,True,False,0.0
Va,3.727593720314938,on,hard_extinction,0.0,True,False,0.0
Va,3.727593720314938,on,no_extinction_control,0.0,True,False,0.0
Va,4.094915062380423,off,hard_extinction,0.0,True,False,0.0
Va,4.094915062380423,off,no_extinction_control,0.0,True,False,0.0
Va,4.094915062380423,on,hard_extinction,0.0,True,False,0.0
Va,4.094915062380423,on,no_extinction_control,0.0,True,False,0.0
Va,4.498432668969444,off,hard_extinction,0.0,True,False,0.0
Va,4.498432668969444,off,no_extinction_control,0.0,True,False,0.0
Va,4.498432668969444,on,hard_extinction,0.0,True,False,0.0
Va,4.498432668969444,on,no_extinction_control,0.0,True,False,0.0
Va,4.941713361323833,off,hard_extinction,0.0,True,False,0.0
Va,4.941713361323833,off,no_extinction_control,0.0,True,False,0.0
Va,4.941713361323833,on,hard_extinction,0.0,True,False,0.0
Va,4.941713361323833,on,no_extinction_control,0.0,True,False,0.0
Va,5.428675439323859,off,hard_extinction,3.3306690738754696e-16,True,False,0.0
Va,5.428675439323859,off,no_extinction_control,0.0,True,False,0.0
Va,5.428675439323859,on,hard_extinction,3.3306690738754696e-16,True,False,0.0
Va,5.428675439323859,on,no_extinction_control,0.0,True,False,0.0
Va,5.963623316594643,off,hard_extinction,0.0,True,False,0.0
Va,5.963623316594643,off,no_extinction_control,0.0,True,False,0.0
Va,5.963623316594643,on,hard_extinction,0.0,True,False,0.0
Va,5.963623316594643,on,no_extinction_control,0.0,True,False,0.0
Va,6.551285568595502,off,hard_extinction,3.3306690738754696e-16,True,False,0.0
Va,6.551285568595502,off,no_extinction_control,0.0,True,False,0.0
Va,6.551285568595502,on,hard_extinction,3.3306690738754696e-16,True,False,0.0
Va,6.551285568595502,on,no_extinction_control,0.0,True,False,0.0
Va,7.196856730011514,off,hard_extinction,0.0,True,False,0.0
Va,7.196856730011514,off,no_extinction_control,0.0,True,False,0.0
Va,7.196856730011514,on,hard_extinction,0.0,True,False,0.0
Va,7.196856730011514,on,no_extinction_control,0.0,True,False,0.0
Va,7.906043210907693,off,hard_extinction,0.0,True,False,0.0
Va,7.906043210907693,off,no_extinction_control,0.0,True,False,0.0
Va,7.906043210907693,on,hard_extinction,0.0,True,False,0.0
Va,7.906043210907693,on,no_extinction_control,0.0,True,False,0.0
Va,8.68511373751352,off,hard_extinction,0.0,True,False,0.0
Va,8.68511373751352,off,no_extinction_control,0.0,True,False,0.0
Va,8.68511373751352,on,hard_extinction,0.0,True,False,0.0
Va,8.68511373751352,on,no_extinction_control,0.0,True,False,0.0
Va,9.540954763499936,off,hard_extinction,0.0,True,False,0.0
Va,9.540954763499936,off,no_extinction_control,0.0,True,False,0.0
Va,9.540954763499936,on,hard_extinction,0.0,True,False,0.0
Va,9.540954763499936,on,no_extinction_control,0.0,True,False,0.0
Va,10.481131341546853,off,hard_extinction,0.0,True,False,0.0
Va,10.481131341546853,off,no_extinction_control,0.0,True,False,0.0
Va,10.481131341546853,on,hard_extinction,0.0,True,False,0.0
Va,10.481131341546853,on,no_extinction_control,0.0,True,False,0.0
Va,11.513953993264469,off,hard_extinction,0.0,True,False,0.0
Va,11.513953993264469,off,no_extinction_control,0.0,True,False,0.0
Va,11.513953993264469,on,hard_extinction,0.0,True,False,0.0
Va,11.513953993264469,on,no_extinction_control,0.0,True,False,0.0
Va,12.64855216855296,off,hard_extinction,0.0,True,False,0.0
Va,12.64855216855296,off,no_extinction_control,0.0,True,False,0.0
Va,12.64855216855296,on,hard_extinction,0.0,True,False,0.0
Va,12.64855216855296,on,no_extinction_control,0.0,True,False,0.0
Va,13.894954943731374,off,hard_extinction,0.0,True,False,0.0
Va,13.894954943731374,off,no_extinction_control,5.551115123125783e-17,True,False,0.0
Va,13.894954943731374,on,hard_extinction,0.0,True,False,0.0
Va,13.894954943731374,on,no_extinction_control,5.551115123125783e-17,True,False,0.0
Va,15.264179671752318,off,hard_extinction,4.996003610813204e-16,True,False,0.0
Va,15.264179671752318,off,no_extinction_control,4.996003610813204e-16,True,False,0.0
Va,15.264179671752318,on,hard_extinction,4.996003610813204e-16,True,False,0.0
Va,15.264179671752318,on,no_extinction_control,4.996003610813204e-16,True,False,0.0
Va,16.768329368110066,off,hard_extinction,0.0,True,False,0.0
Va,16.768329368110066,off,no_extinction_control,0.0,True,False,0.0
Va,16.768329368110066,on,hard_extinction,0.0,True,False,0.0
Va,16.768329368110066,on,no_extinction_control,0.0,True,False,0.0
Va,18.420699693267142,off,hard_extinction,0.0,True,False,0.0
Va,18.420699693267142,off,no_extinction_control,0.0,True,False,0.0
Va,18.420699693267142,on,hard_extinction,0.0,True,False,0.0
Va,18.420699693267142,on,no_extinction_control,0.0,True,False,0.0
Va,20.23589647725155,off,hard_extinction,0.0,True,False,0.0
Va,20.23589647725155,off,no_extinction_control,0.0,True,False,0.0
Va,20.23589647725155,on,hard_extinction,0.0,True,False,0.0
Va,20.23589647725155,on,no_extinction_control,0.0,True,False,0.0
Va,22.229964825261938,off,hard_extinction,0.0,True,False,0.0
Va,22.229964825261938,off,no_extinction_control,0.0,True,False,0.0
Va,22.229964825261938,on,hard_extinction,0.0,True,False,0.0
Va,22.229964825261938,on,no_extinction_control,0.0,True,False,0.0
Va,24.420530945486497,off,hard_extinction,0.0,True,False,0.0
Va,24.420530945486497,off,no_extinction_control,0.0,True,False,0.0
Va,24.420530945486497,on,hard_extinction,0.0,True,False,0.0
Va,24.420530945486497,on,no_extinction_control,0.0,True,False,0.0
Va,26.826957952797247,off,hard_extinction,0.0,True,False,0.0
Va,26.826957952797247,off,no_extinction_control,0.0,True,False,0.0
Va,26.826957952797247,on,hard_extinction,0.0,True,False,0.0
Va,26.826957952797247,on,no_extinction_control,0.0,True,False,0.0
Va,29.4705170255181,off,hard_extinction,0.0,True,False,0.0
Va,29.4705170255181,off,no_extinction_control,0.0,True,False,0.0
Va,29.4705170255181,on,hard_extinction,0.0,True,False,0.0
Va,29.4705170255181,on,no_extinction_control,0.0,True,False,0.0
Va,32.374575428176435,off,hard_extinction,0.0,True,False,0.0
Va,32.374575428176435,off,no_extinction_control,0.0,True,False,0.0
Va,32.374575428176435,on,hard_extinction,0.0,True,False,0.0
Va,32.374575428176435,on,no_extinction_control,0.0,True,False,0.0
Va,35.56480306223125,off,hard_extinction,0.0,True,False,0.0
Va,35.56480306223125,off,no_extinction_control,0.0,True,False,0.0
Va,35.56480306223125,on,hard_extinction,0.0,True,False,0.0
Va,35.56480306223125,on,no_extinction_control,0.0,True,False,0.0
Va,39.06939937054613,off,hard_extinction,0.0,True,False,0.0
Va,39.06939937054613,off,no_extinction_control,0.0,True,False,0.0
Va,39.06939937054613,on,hard_extinction,0.0,True,False,0.0
Va,39.06939937054613,on,no_extinction_control,0.0,True,False,0.0
Va,42.91934260128774,off,hard_extinction,0.0,True,False,0.0
Va,42.91934260128774,off,no_extinction_control,0.0,True,False,0.0
Va,42.91934260128774,on,hard_extinction,0.0,True,False,0.0
Va,42.91934260128774,on,no_extinction_control,0.0,True,False,0.0
Va,47.1486636345739,off,hard_extinction,0.0,True,False,0.0
Va,47.1486636345739,off,no_extinction_control,0.0,True,False,0.0
Va,47.1486636345739,on,hard_extinction,0.0,True,False,0.0
Va,47.1486636345739,on,no_extinction_control,0.0,True,False,0.0
Va,51.794746792312075,off,hard_extinction,0.0,True,False,0.0
Va,51.794746792312075,off,no_extinction_control,0.0,True,False,0.0
Va,51.794746792312075,on,hard_extinction,0.0,True,False,0.0
Va,51.794746792312075,on,no_extinction_control,0.0,True,False,0.0
Va,56.89866029018293,off,hard_extinction,0.0,True,False,0.0
Va,56.89866029018293,off,no_extinction_control,0.0,True,False,0.0
Va,56.89866029018293,on,hard_extinction,0.0,True,False,0.0
Va,56.89866029018293,on,no_extinction_control,0.0,True,False,0.0
Va,62.505519252739695,off,hard_extinction,1.1102230246251563e-16,True,False,0.0
Va,62.505519252739695,off,no_extinction_control,0.0,True,False,0.0
Va,62.505519252739695,on,hard_extinction,1.1102230246251563e-16,True,False,0.0
Va,62.505519252739695,on,no_extinction_control,0.0,True,False,0.0
Va,68.66488450042998,off,hard_extinction,0.0,True,False,0.0
Va,68.66488450042998,off,no_extinction_control,0.0,True,False,0.0
Va,68.66488450042998,on,hard_extinction,0.0,True,False,0.0
Va,68.66488450042998,on,no_extinction_control,0.0,True,False,0.0
Va,75.43120063354615,off,hard_extinction,0.0,True,False,0.0
Va,75.43120063354615,off,no_extinction_control,1.6653345369377348e-16,True,False,0.0
Va,75.43120063354615,on,hard_extinction,0.0,True,False,0.0
Va,75.43120063354615,on,no_extinction_control,1.6653345369377348e-16,True,False,0.0
Va,82.86427728546842,off,hard_extinction,5.551115123125783e-17,True,False,0.0
Va,82.86427728546842,off,no_extinction_control,5.551115123125783e-17,True,False,0.0
Va,82.86427728546842,on,hard_extinction,5.551115123125783e-17,True,False,0.0
Va,82.86427728546842,on,no_extinction_control,5.551115123125783e-17,True,False,0.0
Va,91.02981779915208,off,hard_extinction,0.0,True,False,0.0
Va,91.02981779915208,off,no_extinction_control,0.0,True,False,0.0
Va,91.02981779915208,on,hard_extinction,0.0,True,False,0.0
Va,91.02981779915208,on,no_extinction_control,0.0,True,False,0.0
Va,100.0,off,hard_extinction,0.0,True,False,0.0
Va,100.0,off,no_extinction_control,0.0,True,False,0.0
Va,100.0,on,hard_extinction,0.0,True,False,0.0
Va,100.0,on,no_extinction_control,0.0,True,False,0.0
