Sample ID,Experiment ID,growth_qc,Growth Well ID,16S Well ID,Media,Protocol,Final OD,observation_relative_abundance_defined,included_in_primary_score,data_use_status,contamination_status,Ai,Ac,Bfi,Bf,Bt,Bu,Bx,Ba,Csp,Dl,Ls,Mf,Pm,Bd,Bv,Rg,Af,Ao,As,Bl.s,Col,Cs,Et,Eu.c,Eu.l,Im,Ld,Lsp,Mi,Pc,Va,Vp
2024930_WZY_DM_assembly_Plate1A10,2024930_WZY_DM_assembly_Plate1,,A10,Plate1_A10,Galactose,cycle 5,0.8905,True,True,explicit_user_selected_validation_only,not_assessable,0.011180311907196629,0.0009736607967228328,0.0,0.0009736607967228328,0.0022159176752986117,0.004935453004081336,0.0064127314542804115,0.20054054961476048,0.002937769645282762,0.07767462942134908,0.005741241249642423,3.357451023178693e-05,0.0025852372878483808,0.028739780758420406,0.0,0.0,0.0,0.0,0.0005371921637092655,0.0,0.0886702815222652,0.010962077590696591,0.0035588980845745865,0.03291980728233179,0.0,0.009149054038178523,0.0,0.0,0.0,0.0,0.14008964394218126,0.3691685272542249
2024930_WZY_DM_assembly_Plate1A11,2024930_WZY_DM_assembly_Plate1,,A11,Plate1_A11,Galactose,cycle 5,0.9725,True,True,explicit_user_selected_validation_only,not_assessable,0.09317047739626066,0.000198604801270825,0.0,0.002854944018275826,0.004592736029390401,0.012884486482442198,0.013033440083410753,0.04605148829471113,0.004394131228119575,0.015565651299670363,0.10414339266689046,0.029691417789978046,0.005685062436379938,0.4184354906776109,0.0,0.0,0.0,0.0,0.0011419776073123885,0.0,0.11342816712602886,0.015739430500697447,0.0041955264268487506,0.05265509793703294,0.0,0.030063801792399432,0.0,0.0,0.0,0.0,0.013852684888634897,0.018221990516634205
2024930_WZY_DM_assembly_Plate1A12,2024930_WZY_DM_assembly_Plate1,,A12,Plate1_A12,Galactose,cycle 5,0.9375,True,True,explicit_user_selected_validation_only,not_assessable,0.28220659445936347,1.7110689047402317e-05,0.0,0.0005817634276136011,0.019608849648360648,0.011566825796120004,0.009342436219908578,0.2260664236944657,0.00314836678473356,0.011515493728941915,0.00023954964666448678,0.1142651814591866,0.0012490803004684854,0.2042160737814643,0.0,0.0,0.0,0.0,3.422137809491143e-05,0.0,0.014133429153208994,0.0011293054771276986,0.0004962099823755216,0.02934483171641031,0.0,0.0019335078623624424,0.0,0.0,3.422137809491143e-05,0.0,0.029618602741146534,0.03925192067484002
2024930_WZY_DM_assembly_Plate1A1,2024930_WZY_DM_assembly_Plate1,,A1,Plate1_A1,Glucose,cycle 5,1.2345,True,True,explicit_user_selected_validation_only,not_assessable,0.04375453885255736,0.0003227628499958426,0.0,0.001956749778103846,0.30109739368965294,0.002763656903093452,0.00012103606874844098,0.037400145243243955,0.013293794884240217,0.010610828693637626,0.0,0.20027434842277672,0.000988461228116318,0.009743403534221146,0.0,0.0,0.0,0.0,0.0018558863874760948,0.0,0.02382393286528168,0.003308319212457386,0.00125070604373389,0.01859920923101853,0.0,0.0019769224562245355,0.0,0.0,0.2589970144438184,0.0,0.06017509884607154,0.007685790365530051
2024930_WZY_DM_assembly_Plate1A2,2024930_WZY_DM_assembly_Plate1,,A2,Plate1_A2,Glucose,cycle 5,1.0345,True,True,explicit_user_selected_validation_only,not_assessable,0.034487940491410435,0.0001690585318203739,0.0,0.0018220752874014462,0.007175595461726181,0.013036291231494631,0.0006574498459701622,0.17533248177928568,0.005898264332414325,0.0011834097227406836,0.0,0.015666090615352072,0.002498309414688744,0.07359681418599102,0.0,0.0,0.0,0.0,0.0030242692914602323,0.0,0.08714028101298739,0.008509279434982673,0.00041325418889478463,0.006104891426865102,0.0,0.0011082725974876136,0.0,0.0,0.14398151626694433,0.0,0.11486588023113806,0.303328574648944
2024930_WZY_DM_assembly_Plate1A3,2024930_WZY_DM_assembly_Plate1,,A3,Plate1_A3,Glucose,cycle 5,1.0485,True,True,explicit_user_selected_validation_only,not_assessable,0.0021054893114183897,0.0,0.0,0.0012675905038162264,0.1210011816520032,0.006853582554522748,0.002492211838009139,0.16195080030058923,0.0033730798152346157,0.015425931893863596,0.0,0.005671930389953149,0.0019121280481277836,0.10132130196576536,0.0,0.0,0.0,0.0,0.0015254055215370343,0.0,0.14022988505784006,0.015554839402781226,0.0016972822000207522,0.005628961220329835,0.0,0.0002578150177246229,0.0,0.0,0.014072403050848432,0.0,0.01405091846601293,0.38360726178960175
2024930_WZY_DM_assembly_Plate1A4,2024930_WZY_DM_assembly_Plate1,,A4,Plate1_A4,Glucose,cycle 5,1.0625,True,True,explicit_user_selected_validation_only,not_assessable,0.030453523238404383,0.0007496251874062256,0.0,0.0016554222888567089,0.007964767616189384,0.009901299350307308,0.0011869065467295828,0.05387931034485482,0.0077773613193422965,0.02261369315341502,0.0003748125937035834,0.0,0.002842328835586292,0.019084207896096866,0.0,0.00043728135932053354,0.0,0.0,0.002998500749628667,0.0,0.39764492753605724,0.013836831584190228,0.0036231884057981688,0.004560219890052421,0.0,0.002748625687153337,0.0,0.0,0.051942778610736894,0.0,0.10266741629177949,0.26105697151439056
2024930_WZY_DM_assembly_Plate1A5,2024930_WZY_DM_assembly_Plate1,,A5,Plate1_A5,Glucose,cycle 5,1.0755,True,True,explicit_user_selected_validation_only,not_assessable,0.027092683328501035,0.0009881829785485083,0.0015646230493684713,0.0013999258862770533,0.005105612055833959,0.009346564005475207,0.002593980318689834,0.05838514431587047,0.02433400584677563,0.0009881829785485083,0.0038703833326483236,8.234858154561594e-05,0.0022234117017341432,0.6524066372957866,0.0,0.00016469716309141803,0.0,0.0,0.0006999629431375958,0.0,0.05990859307441023,0.0021410631201884346,0.0038292090418754693,0.052579569316879356,0.0,0.0010293572693213628,0.0,0.0,0.0012764030139584897,0.0,0.07571952073126083,0.01226993865027341
2024930_WZY_DM_assembly_Plate1A6,2024930_WZY_DM_assembly_Plate1,,A6,Plate1_A6,Glucose,cycle 5,1.0595,True,True,explicit_user_selected_validation_only,not_assessable,0.09403770844679356,7.78028475842205e-05,0.0,0.0013745169739874234,0.00033714567286448354,0.005549936461008672,0.000155605695168441,0.08597214658053769,0.0033455224461247848,0.02572680826785646,0.0,0.0,0.0016079255167433882,0.3336445447238519,0.001971005472137361,0.0,0.0,0.0,0.0029046396431423437,0.0,0.011696361420195598,0.015534635234352362,0.0015819912342138992,0.0038642080966862545,0.0,0.005472133613420204,0.0,0.0,0.1617521201273825,0.0,0.07085245986671379,0.17254078165923475
2024930_WZY_DM_assembly_Plate1A7,2024930_WZY_DM_assembly_Plate1,,A7,Plate1_A7,Galactose,cycle 5,0.9425,True,True,explicit_user_selected_validation_only,not_assessable,0.03001306007639856,0.0007283504118947762,0.0,0.000979505726341324,0.0005525416917828298,0.002486437613019549,0.0039933694997009595,0.017430178822561537,0.00035161744022495456,0.0059272654209419256,0.07009744826204126,0.0,0.002059473578459993,0.37050431987114635,0.0,0.0,0.0,0.0,0.00047719509744822844,0.0,0.09440928270051124,0.014240506329119683,0.0007032348804499091,0.030866988145496436,0.0,0.017254370102524976,0.0,0.0,0.0,0.0,0.012206148282148091,0.32471870604778746
2024930_WZY_DM_assembly_Plate1A8,2024930_WZY_DM_assembly_Plate1,,A8,Plate1_A8,Galactose,cycle 5,0.9185,True,True,explicit_user_selected_validation_only,not_assessable,0.007711898357468709,0.0005007726206151482,0.0,0.0006009271447386133,0.00759743604418786,0.003734332970877535,0.0035197161334677763,0.09154123504846606,0.0016167801751273828,0.0003576947290108201,0.018199507812025235,0.0,0.0020889372174244963,0.21677731356973073,0.0,0.0,0.0,0.0,0.0003863103073321213,0.0,0.05628684255711522,0.009042522749393968,0.0019601671149808188,0.01663995879358183,0.0,0.007740513935794366,0.0,0.0,0.006424197333031934,0.0,0.1405311051333011,0.40674183025232824
2024930_WZY_DM_assembly_Plate1A9,2024930_WZY_DM_assembly_Plate1,,A9,Plate1_A9,Galactose,cycle 5,0.8635,True,True,explicit_user_selected_validation_only,not_assessable,0.00218742804512806,0.000652390820477298,0.0,0.001208841814415009,0.03728221659373978,0.016942973367138892,0.0008634584388667053,0.1384603576639331,0.0028206309002939654,0.07312533578932782,0.013412387750398705,0.0,0.0023793076982072336,0.3173497582317708,0.0,0.0,0.0,0.0,3.837593061629801e-05,0.0,0.004067848645331759,0.013124568270814692,0.00021106761838940742,0.03444239772818654,0.0,0.007502494435486029,0.0,0.0,0.025942129096670274,0.0,0.23729756696554588,0.07068846419526172
2024930_WZY_DM_assembly_Plate1B10,2024930_WZY_DM_assembly_Plate1,,B10,Plate1_B10,Oligo_xylose,cycle 5,0.8885,True,True,explicit_user_selected_validation_only,not_assessable,0.0,0.0,0.025875298904295987,0.0,0.048145900995773976,0.31025375637930874,0.10189514258181424,0.06666904600447435,0.002926585531242285,0.024947357150551654,0.0,0.009957528819739133,0.020664549055984128,0.05942396231128637,0.0015346729005264628,0.0,0.0,0.0,0.0009636318212640361,0.0,0.000571041079267393,0.03975873514402638,0.012455833541499836,0.0004996609443595896,0.0,0.003033655733612681,0.0,0.0,0.13166065883909578,0.0,0.13315964167156125,0.00560334059031595
2024930_WZY_DM_assembly_Plate1B11,2024930_WZY_DM_assembly_Plate1,,B11,Plate1_B11,Oligo_xylose,cycle 5,0.8875,True,True,explicit_user_selected_validation_only,not_assessable,0.0,0.0017878807228195932,0.009003256497024157,0.0,0.02515803588535032,0.27216227145964056,0.004193005980887781,0.030691952408338025,0.004214290275208328,0.0985037141093466,0.0,0.07655960666622162,0.014239192899559657,0.09516207990119799,0.0,0.0,0.0,0.0,0.0009577932443643475,0.0,0.020730902666912892,0.003980163037694129,0.05416852904242423,0.029627737692310686,0.0,0.006193729646889211,0.0,0.0,0.1793840325226983,0.0,0.000659813123895597,0.07262201221721584
2024930_WZY_DM_assembly_Plate1B12,2024930_WZY_DM_assembly_Plate1,,B12,Plate1_B12,Oligo_xylose,cycle 5,0.9915,True,True,explicit_user_selected_validation_only,not_assessable,1.7440136730678604e-05,0.0015172918955663858,0.006313329496510959,0.0,0.00047088369172885276,0.003052023927866103,0.07780044995559172,0.4102792165895457,0.007830621392077346,0.13514361952559614,8.7200683653393e-05,0.0006627251957657869,0.013097542684694536,0.103193289035481,0.00040112314480613835,0.0,0.0,0.0,0.00013952109384542883,0.0,0.11749420115426609,0.007237656743239577,0.006662132231124531,0.03917054709709883,0.0,0.000854566699803782,0.0,0.0,0.001185929297686145,0.0,0.010655923542452584,0.05673276478486832
2024930_WZY_DM_assembly_Plate1B1,2024930_WZY_DM_assembly_Plate1,,B1,Plate1_B1,Fructose,cycle 5,0.8335,True,False,explicit_user_selected_validation_only,not_assessable,0.088077336197573,0.01257345043279097,0.0,0.00429645542426461,0.017122638529081628,0.020029064257292076,0.01680672268907877,0.0001263663360079748,0.056801668035686106,0.027231945409737432,0.0,0.23156631073480766,0.0003790990080242214,0.002021861376128191,0.0,6.318316800413591e-05,0.0,0.0,0.023756871169527776,0.0,0.08321223226133888,0.05016743539515085,0.0002527326720162466,0.09250015795802882,0.0,0.008276995008526359,0.0001263663360079748,0.0,0.0002527326720162466,0.0,0.10494724205474737,0.15941113287416284
2024930_WZY_DM_assembly_Plate1B2,2024930_WZY_DM_assembly_Plate1,,B2,Plate1_B2,Fructose,cycle 5,0.8915,True,False,explicit_user_selected_validation_only,not_assessable,0.1654641790208243,0.00025364973789535744,0.0,0.0015218984273721447,0.11955357646117332,0.040612141367466104,0.00239558085789386,8.454991263173527e-05,0.017868214869510665,0.052900062003309226,0.0,0.004819345020011792,0.00019728312947450382,0.15080886083067463,0.0,0.0,0.0,0.0,0.004537511977907523,0.0,0.2683896059972242,0.020235612423210775,0.00019728312947450382,0.02088382842001572,0.0,0.0016628149484166981,0.0,0.0,0.0023392142494760384,0.0,0.035454596696932225,0.08982019051910481
2024930_WZY_DM_assembly_Plate1B3,2024930_WZY_DM_assembly_Plate1,,B3,Plate1_B3,Fructose,cycle 5,0.9065,True,False,explicit_user_selected_validation_only,not_assessable,0.1272295342644765,0.000881276701726438,0.0,0.0036592141310793024,0.006590417073782088,0.03132363928963112,0.0016284460792793255,0.0,0.004521332643642935,0.05655497442379447,0.0,0.0,5.7474567503880435e-05,0.47111902982982234,0.0,0.0,0.0,0.0,0.0037358468877576544,0.0,0.18284575741837783,0.01684004827861635,0.00013410732417572103,0.047627258271553265,0.0,0.007988964883039924,0.0,0.0,5.7474567503880435e-05,0.0,0.037090254229229444,0.00011494913500776087
2024930_WZY_DM_assembly_Plate1B4,2024930_WZY_DM_assembly_Plate1,,B4,Plate1_B4,Fructose,cycle 5,0.8665,True,False,explicit_user_selected_validation_only,not_assessable,0.13441546167676724,0.0008033267177027818,0.0,0.00011813628201505196,0.0005670541536723718,0.017295151686938477,0.01965787732722727,0.00011813628201505196,0.0014885171533895933,0.004134769870520697,0.0,0.0,0.0,0.005599659767508932,0.0,0.0,0.0,0.0,0.0013940081277780416,0.0,0.298837538984988,0.010774028919775063,0.0003071543332390739,0.0075134675361551,0.0,0.01363292694453675,0.0,0.0,0.4614166902938385,0.0,0.005812305075137985,0.016113788866794074
2024930_WZY_DM_assembly_Plate1B5,2024930_WZY_DM_assembly_Plate1,,B5,Plate1_B5,Fructose,cycle 5,0.8965,True,False,explicit_user_selected_validation_only,not_assessable,0.10616288832909077,0.0006045340050376327,0.0,0.00030226700251881637,0.0025860621326575135,0.025659109991634118,0.0004701931150298735,0.00013434089000843828,0.014072208228315489,0.025776658270327074,0.05447523089838539,0.0,0.0,0.0003190596137697862,0.0,0.0,0.0,0.0,0.00020151133501299695,0.0,0.2839966414778263,0.0009235936188074188,0.00010075566750622683,0.0006045340050376327,0.0,0.0004869857262808434,0.0,0.0,0.3244164567591186,0.0,0.04424853064652978,0.1144584382871052
2024930_WZY_DM_assembly_Plate1B6,2024930_WZY_DM_assembly_Plate1,,B6,Plate1_B6,Fructose,cycle 5,0.7905,True,False,explicit_user_selected_validation_only,not_assessable,0.09830325412864227,0.0005574524423377967,0.0,1.7420388823076346e-05,0.0003309873876379657,0.01649710821544215,0.0007664971082156824,0.00010452233293845807,0.009093442965646821,0.02015538986834151,0.02604348129052095,0.0,0.0,0.11399902445826203,0.0,0.0,0.0,0.0,0.00024388544352339203,0.0,0.2821580377667504,0.006741690474538787,8.710194411538172e-05,0.0022820709358170217,0.0,0.0005922932199849189,0.0,0.0,0.27174064525170555,0.0,0.006079715699249927,0.14420597867750581
2024930_WZY_DM_assembly_Plate1B7,2024930_WZY_DM_assembly_Plate1,,B7,Plate1_B7,Oligo_xylose,cycle 5,0.9945,True,True,explicit_user_selected_validation_only,not_assessable,0.0,0.002726067554192297,0.0109602853035076,0.0,0.0034916070728348344,0.16737307914941307,0.04639916350803903,0.2821666635551189,0.00039210560710995184,0.049928113972011766,0.0,0.0,0.011800511604478545,0.05498814347333271,0.0036409806374495526,0.00022406034691997248,0.0,0.0,0.00033609052037995873,0.0,0.08654330899790252,0.03388912747168793,0.04914390275784237,5.601508672999312e-05,0.0,0.000261403738073652,7.468678230672765e-05,0.0,0.04315028847765313,0.0,0.042403420654579534,0.11005097372843607
2024930_WZY_DM_assembly_Plate1B8,2024930_WZY_DM_assembly_Plate1,,B8,Plate1_B8,Oligo_xylose,cycle 5,0.8925,True,True,explicit_user_selected_validation_only,not_assessable,0.0,0.002590780112673826,0.018135460788716782,0.0,0.0004934819262247818,0.04013652999955818,0.0010692108401519,0.05086976189492118,0.0011925813217089924,0.12283587613649857,0.0002878644569641571,0.07241847267343082,0.019122424641163954,0.08911461117736866,0.052679195624487384,0.00037011144466768945,0.0,0.0,0.0010692108401519,0.0,0.07780565036799843,0.0054694246823153965,0.009910762018339628,0.03635316856521722,0.0,0.011021096352342698,0.0,0.0,0.0883743882880333,0.0,0.09742155693538598,0.20125837891167858
2024930_WZY_DM_assembly_Plate1B9,2024930_WZY_DM_assembly_Plate1,,B9,Plate1_B9,Oligo_xylose,cycle 5,0.8505,True,True,explicit_user_selected_validation_only,not_assessable,9.869135266376651e-05,0.0012632493140949793,0.013560191855979222,0.0,0.00027633578745849886,0.018238161972204056,0.030574581055248917,0.2925606458358594,0.004263466435074997,0.07350531946390383,0.0,0.05319463908577288,0.0013422023962266559,0.008744053846006183,0.00013816789372924943,0.00023685924639266052,0.0,0.0,5.92148115982836e-05,0.0,0.018178947160646764,0.03128515879441031,0.05252353788768917,0.019363243392621913,0.0,0.010086256242232838,0.0,0.0,0.30546947476482683,0.0,0.05607642658349614,0.00896117482186237
2024930_WZY_DM_assembly_Plate1C10,2024930_WZY_DM_assembly_Plate1,,C10,Plate1_C10,Xylan,cycle 5,0.8855,True,True,explicit_user_selected_validation_only,not_assessable,0.0,4.1467965996214885e-05,0.003110097449725169,0.0,0.0565623056189467,0.2048932199877416,0.027451793489495942,0.0022392701638001907,0.0037735849056588135,0.017955629276385308,0.0,0.0014513788098669174,0.012315985900949329,0.05784781256475779,0.0,0.00020733982998167794,0.0,0.0,0.00012440389798876536,0.0,0.03487455940281394,0.04038979888032271,0.05710138917683243,0.003027161517721393,0.0,0.009786439975117817,0.0,0.0,0.1384615384615405,0.0,0.09089778146375421,0.23748704126060255
2024930_WZY_DM_assembly_Plate1C11,2024930_WZY_DM_assembly_Plate1,,C11,Plate1_C11,Xylan,cycle 5,0.9635,True,True,explicit_user_selected_validation_only,not_assessable,9.832116608920776e-05,4.916058304455069e-05,0.005973010839917484,0.0,0.03301133151448419,0.13934567263973308,0.03360125851095753,0.18506501487093757,2.4580291522275346e-05,0.0030971167318094594,0.0,0.0084556202836674,0.011675638473078129,0.12870240641029712,0.0,0.00014748174913429036,0.0,0.0,0.0005161861219678887,0.0,0.030946587026561573,0.045326057567101695,0.05943514490088498,0.005825529090783193,0.0,0.010397463313935556,0.0,0.0,0.03920556497803928,0.0,0.06840695130650112,0.19069390162955235
2024930_WZY_DM_assembly_Plate1C12,2024930_WZY_DM_assembly_Plate1,,C12,Plate1_C12,Xylan,cycle 5,0.8945,True,True,explicit_user_selected_validation_only,not_assessable,0.00040095082624482317,0.0005155082051719155,0.006157459117331212,0.0,0.038720394077407946,0.0181000658704852,0.0035226394020150082,0.15986482229287727,0.00034367213678127695,0.03574190222531739,0.0,0.006644327977775967,0.0015465246155134398,0.1034166738265387,0.0010596557550767573,0.0,0.0,0.0,0.0006300655840990077,0.0,0.018300541283612224,0.05226680413548587,0.05407108285362909,0.011999885442576018,0.0,0.008076295214364622,0.0,0.0,0.3967408425695016,0.0,0.06257696823894725,0.019302918349247345
2024930_WZY_DM_assembly_Plate1C1,2024930_WZY_DM_assembly_Plate1,,C1,Plate1_C1,Xylose,cycle 5,0.8155,True,True,explicit_user_selected_validation_only,not_assessable,0.020171911825876934,0.00036392624428117085,0.011420352141976394,0.00013863856925026258,0.1271662276443174,0.006550672397068452,0.0020449188964379917,0.11243587966179204,0.0026514626369086593,0.00038125606543729996,0.0,0.14806599195936404,3.465964231250417e-05,0.05982254263143482,0.0,0.0,0.0,0.0,0.0005545542769998208,0.0,0.02422708997646771,0.004072507971721084,0.0019755996118183934,0.025076251213094678,0.0,0.02280604464159381,0.0,0.0,0.11692430334119384,0.0,0.11392624428126097,0.1991889643693917
2024930_WZY_DM_assembly_Plate1C2,2024930_WZY_DM_assembly_Plate1,,C2,Plate1_C2,Xylose,cycle 5,0.9295,True,True,explicit_user_selected_validation_only,not_assessable,0.22180652057750044,0.0005344735435596008,0.08753747124302437,0.00011618990077406239,0.19791787697784055,0.008156531034332663,0.013454790509577772,0.03281202797858219,0.0019055143726924508,0.03785466967213088,0.0,0.101154927613814,0.0002556177817029373,0.04561615504385562,0.0,0.00013942788092887487,0.0,0.0,0.0002091418213933123,0.0,0.0784281830224378,0.007877675272466224,0.0029744614598073075,0.00027885576185774974,0.0,0.0029744614598073075,0.0,0.0,0.0,0.0,0.010526805010121364,0.14746822206179264
2024930_WZY_DM_assembly_Plate1C3,2024930_WZY_DM_assembly_Plate1,,C3,Plate1_C3,Xylose,cycle 5,0.8765,True,True,explicit_user_selected_validation_only,not_assessable,0.11563613580311773,0.0014097192309139167,0.005678035791203901,0.0,0.06848885930214102,0.0007048596154592432,0.021419900536420733,0.2505775932964452,0.0002741120726788484,0.05607549829655921,0.0,0.055801386223847234,0.0002741120726788484,0.020793358656083085,0.0,0.0007440184829846298,0.0,0.0,0.0,0.0,0.07592904413196448,0.0009789716881380916,0.0052081293808992615,0.037083447546689595,0.0,0.025022516348847685,0.0,0.0,0.0,0.0,0.07820025844845975,0.17970004307446738
2024930_WZY_DM_assembly_Plate1C4,2024930_WZY_DM_assembly_Plate1,,C4,Plate1_C4,Xylose,cycle 5,0.8405,True,True,explicit_user_selected_validation_only,not_assessable,0.2122686181662433,0.0026043908738665584,0.06924235901854145,0.000279810589754059,0.06237623762373765,0.002023245802844463,0.0010546706844598334,0.19956952216901716,0.0019801980198044496,0.03263021954365502,0.0,0.0,0.0,0.171782178218238,0.0,0.0003874300473528872,0.0,0.0,0.0,0.0,0.05551011622905446,0.003508394317694786,0.0045845888936710075,0.02849763237195842,0.0,0.0032716315109807405,0.0,0.0,6.457167455869394e-05,0.0,0.072234179939744,0.07613000430482303
2024930_WZY_DM_assembly_Plate1C5,2024930_WZY_DM_assembly_Plate1,,C5,Plate1_C5,Xylose,cycle 5,0.7795,True,True,explicit_user_selected_validation_only,not_assessable,0.12141889780198163,0.0013803521200124586,0.16647567454935935,0.0005990207313265783,0.12227836232957238,0.0024481716845562874,0.0017189290551164792,0.17348161266780715,0.0017189290551164792,0.04075945410981411,0.0003385769350975182,0.0,0.00013022189811453012,0.01981977289299975,0.0,0.0004427544535896625,0.0,0.0,0.0,0.0,0.0,0.009245754766129035,0.0032555474528632527,0.023335764142151882,0.0,0.0025002604438010586,0.0,0.0,0.0,0.0,0.10084383789990668,0.20780810501068386
2024930_WZY_DM_assembly_Plate1C6,2024930_WZY_DM_assembly_Plate1,,C6,Plate1_C6,Xylose,cycle 5,0.9555,True,True,explicit_user_selected_validation_only,not_assessable,0.0031963984243094166,0.0002476083286438498,0.03975239167136086,0.0004051772650535724,0.1616882386043783,0.004096792346650688,0.017129994372489177,0.19759144625758435,0.0011705120990415545,0.0028362408553687097,0.001643218908269673,0.0,0.0001350590883511908,0.17514912774357133,0.037051209904253084,0.000112549240292659,0.0,0.0,6.752954417549046e-05,0.0,0.09429375351708581,0.007765897580188224,0.0018908272369124732,0.015689364096768327,0.0,0.008823860438931871,0.0,0.0,0.15720877884105475,0.0,0.05656724817100331,0.015486775464261483
2024930_WZY_DM_assembly_Plate1C7,2024930_WZY_DM_assembly_Plate1,,C7,Plate1_C7,Xylan,cycle 5,0.8385,True,True,explicit_user_selected_validation_only,not_assessable,0.0,0.00026668088964658615,0.006827030774966683,0.0,0.03648194570372036,0.34428502853507137,0.008907141714210809,0.043522321190381186,0.001813430049601311,0.04090884847193941,0.0,0.004693583657786452,0.01712091311540309,0.23777268120989323,0.0025068003626826864,0.00026668088964658615,0.0,0.0,0.0017600938716777757,0.0,0.006667022241183508,0.06069657048364496,0.0028801536081851415,0.0035735239212665165,0.0,0.004960264547441837,0.0,0.0,0.0,0.0,0.04858925809368266,0.12550002666796778
2024930_WZY_DM_assembly_Plate1C8,2024930_WZY_DM_assembly_Plate1,,C8,Plate1_C8,Xylan,cycle 5,0.7715,True,True,explicit_user_selected_validation_only,not_assessable,0.00025057946501297183,0.0013781870575658548,0.13900895821601061,0.0,0.04892564054371823,0.03645931215934073,0.09359143018223791,0.030883919062861125,0.006139196892809574,0.06170519325931391,0.0,0.07980955960657937,0.018229656079670364,0.1637536803862269,0.03401616237545465,0.0008143832612907857,0.0,0.0,0.003570757376436221,0.0,0.00031322433126621473,0.09509490697233221,0.0010023178600505145,0.042535864185851764,0.0,0.0033201779114205034,0.0,0.0,0.0,0.0,0.04316231284842537,0.096034579966124
2024930_WZY_DM_assembly_Plate1C9,2024930_WZY_DM_assembly_Plate1,,C9,Plate1_C9,Xylan,cycle 5,0.8225,True,True,explicit_user_selected_validation_only,not_assessable,0.0,0.002248093135285925,0.044720995584097124,0.0,0.04167001204343214,0.04359694901653071,0.005299076676040221,0.04431955038139483,0.0015254917703707693,0.13600963468497707,0.0,0.08952228020886228,0.03564833400238745,0.004656764351665524,0.17792051384990298,0.0,0.0,0.0,0.0012043356081897995,0.0,0.011079887595348708,0.14845443596938596,0.1373745483737821,0.05050180650339285,0.0,0.0013649136892770948,0.0,0.0,0.0,0.0,0.0016860698514644435,0.02119630670421192
2024930_WZY_DM_assembly_Plate1D10,2024930_WZY_DM_assembly_Plate1,,D10,Plate1_D10,Sucrose,cycle 5,1.0385,True,True,explicit_user_selected_validation_only,not_assessable,0.0264053232168497,0.0,0.0,0.004034564778853883,0.008460542558632152,0.0012344563875589078,0.0011742390028020504,0.016288802577273973,0.00508836901213259,0.011953150874626173,0.0,6.021738475897581e-05,0.00108391292566195,0.8365098003793449,0.0,0.0,0.0,0.0,0.00018065215427731258,0.0,0.00776804263390422,0.004365760395021413,0.0,0.0014151085418391092,0.0,0.002649564929398017,0.0,0.0,0.00015054346189792098,0.0,0.01707162857919978,0.05410532020596701
2024930_WZY_DM_assembly_Plate1D11,2024930_WZY_DM_assembly_Plate1,,D11,Plate1_D11,Sucrose,cycle 5,1.0475,True,True,explicit_user_selected_validation_only,not_assessable,0.07107738589683564,0.0,0.0,0.0015266147318288867,0.003389982713338124,0.01109040702243963,0.0004265541162474578,0.017241766383015344,0.00020205194980152787,0.005769705677663836,0.0,0.003996138562741753,0.0007184069326275485,0.7711424915249483,0.0,0.0,0.0,0.0,0.0011000606155900207,0.0,0.003187930763533732,0.018880632198099653,0.0,0.000965359315714062,0.0,0.005814606110952639,0.0,0.0,0.0,0.0,0.019509238264162003,0.06396066722045995
2024930_WZY_DM_assembly_Plate1D12,2024930_WZY_DM_assembly_Plate1,,D12,Plate1_D12,Sucrose,cycle 5,1.0265,True,True,explicit_user_selected_validation_only,not_assessable,0.29548445884336555,0.0002024906348080979,0.0,0.0010630758327459246,0.0036954540852434017,0.006884681583471431,0.0025817555938017866,0.021160271337449153,0.026273159866337548,0.027032499746870352,0.0,0.021818365900610065,0.0030879821808269033,0.2608079376330172,0.0,0.0,0.0,0.0,0.004302925989669644,0.0,0.01700921332383735,0.036701427558955564,0.0001518679761055862,0.01802166649794605,0.0,0.02870304748404252,0.0,0.0,0.043839222435963915,0.0,0.04677533664062579,0.13440315885430618
2024930_WZY_DM_assembly_Plate1D1,2024930_WZY_DM_assembly_Plate1,,D1,Plate1_D1,Maltose,cycle 5,0.9025,True,True,explicit_user_selected_validation_only,not_assessable,0.0012707987393739443,0.00023721576468217477,0.0,0.00025415974787367944,0.032617167643812894,0.011488020603920042,0.004964587075135274,0.16000203327769144,0.0021010539157532353,0.0013724626385163158,0.0,0.036412619878683314,0.0011521908570245362,0.3871022399948951,0.0,0.0,0.0,0.0,0.0020502219661765026,0.0,0.09380189094857366,0.07341827916916915,0.002473821545975213,0.022433833745636494,0.0,0.0007455352604295336,0.0,0.0,0.12802873699516903,0.0,0.0019485580670341308,0.03612457216447433
2024930_WZY_DM_assembly_Plate1D2,2024930_WZY_DM_assembly_Plate1,,D2,Plate1_D2,Maltose,cycle 5,0.9905,True,True,explicit_user_selected_validation_only,not_assessable,0.0008834479712242175,0.0003365516080855605,0.0,0.0,0.02343240571296283,0.0013041374813334411,0.003176205801300848,0.11280789213517597,0.001346206432342242,0.00870827285920567,0.0,0.001661723564923402,0.0007572411181917534,0.5329925748300715,0.0,0.0,0.0,0.0,0.001388275383351043,0.0,0.15454029153812893,0.06825687301478486,0.005174480974314861,0.014366546770136894,0.0,0.0005258618876332464,0.0,0.0,0.0018089648934592564,0.0,0.019435855366975213,0.0470961906563983
2024930_WZY_DM_assembly_Plate1D3,2024930_WZY_DM_assembly_Plate1,,D3,Plate1_D3,Maltose,cycle 5,0.9495,True,True,explicit_user_selected_validation_only,not_assessable,0.017444114226623047,0.0008491314861637962,0.0,0.0013659941299151192,0.0028796633009038615,0.007291455152933319,0.004079523009619104,0.1023388034629612,0.0002584313218756615,0.0030088789618406327,0.0014582910305887837,0.0010891034279047248,0.0007568345854943714,0.5801044800917646,0.0,0.0,0.0,0.0,0.0010152659073700328,0.0,0.09992062466534088,0.06794897827327234,0.008251342919901273,0.030661030402553368,0.0,9.229690067006079e-05,0.0,0.0,0.0,0.0,0.018330164473064788,0.0508555922692389
2024930_WZY_DM_assembly_Plate1D4,2024930_WZY_DM_assembly_Plate1,,D4,Plate1_D4,Maltose,cycle 5,0.9865,True,True,explicit_user_selected_validation_only,not_assessable,0.006169325964415979,0.00033049960523664297,0.0,0.00027541633769703294,0.024934359106151584,0.008574628646963693,0.0028459688228645937,0.08029304298328165,0.0008262490130910989,0.015166259662501425,0.0,0.0035069680333399142,0.0008813322806307089,0.4831904228558113,0.004333217046428978,0.0,0.0,0.0,0.0006793602996521389,0.0,0.10094926831050827,0.06727503075475891,0.0004773883186745859,0.016304647191663538,0.0,0.0005141104970343259,0.0,0.0,0.0,0.0,0.00594899289425754,0.1765235113750363
2024930_WZY_DM_assembly_Plate1D5,2024930_WZY_DM_assembly_Plate1,,D5,Plate1_D5,Maltose,cycle 5,0.9975,True,True,explicit_user_selected_validation_only,not_assessable,0.0035423444929998473,0.00026952621142435905,0.0,0.00028877808366795365,0.00875960187127162,0.0021369578191462657,0.0043701749995155165,0.1141058467938993,0.0014053866738535817,0.016248580174423894,0.0010973567179440383,0.0025990027530206055,0.000981845484472446,0.609783801474229,0.0,0.0,0.0,0.0,0.0012898754403900092,0.0,0.12735113489815003,0.06636120362701785,0.008355312554139092,0.0021754615636374645,0.0,0.000250274339179762,0.0,0.0,3.850374448909391e-05,0.0,0.027703444159878955,0.0008855861232494605
2024930_WZY_DM_assembly_Plate1D6,2024930_WZY_DM_assembly_Plate1,,D6,Plate1_D6,Maltose,cycle 5,0.9395,True,True,explicit_user_selected_validation_only,not_assessable,0.012745781620393085,0.0008088132756929204,0.0,0.0003625714684146186,0.0037372751359623004,8.367033886485464e-05,0.005522242365073378,0.15950355598977897,0.00019523079068405738,0.0018965276809378411,0.0,0.00047413192023392783,0.0012829451959225887,0.6128294519590484,0.0,0.0,0.0,0.0,0.0013387254218359705,0.0,0.01525589178633553,0.09923302189371909,0.00733509970714647,0.023622925672810345,0.0,0.000585692372053237,0.0,0.0,0.0,0.0,0.015451122577016392,0.037735322828075964
2024930_WZY_DM_assembly_Plate1D7,2024930_WZY_DM_assembly_Plate1,,D7,Plate1_D7,Sucrose,cycle 5,1.0385,True,True,explicit_user_selected_validation_only,not_assessable,0.14779090203170112,8.174275554824905e-05,0.0,0.0006539420443857999,0.004536722932929797,0.007724690399312376,0.0033923243552510356,0.21204070789204382,0.02918216373075062,0.050190051906666706,0.02010871786489103,0.0,0.00016348551109669068,0.13965749785452664,0.0,4.087137777407638e-05,0.0,0.0,0.002534025421991965,0.0,0.28156292148565304,0.03408672906363208,0.0010626558221275265,0.03053091919728821,0.0,0.0033514529774754183,0.0,0.0,0.0,0.0,0.03040830506392284,0.0008991703110308359
2024930_WZY_DM_assembly_Plate1D8,2024930_WZY_DM_assembly_Plate1,,D8,Plate1_D8,Sucrose,cycle 5,1.0065,True,True,explicit_user_selected_validation_only,not_assessable,0.057279680519846984,8.460809530257168e-05,0.0,0.0012352781914163541,0.0022167320969309545,0.0029782049546560867,0.0009306890483282884,0.10147894950625538,0.015195613916350615,0.019595234872040627,0.00030458914308905934,0.005702585623390549,0.0006091782861791121,0.5719338026261893,0.0,0.0,0.0,0.0,0.0007953160958443724,0.0,0.16809936374672257,0.013723433058128391,0.00021998104778648764,0.013046568295683974,0.0,0.00233518343035376,0.0,0.0,0.0,0.0,0.016803167727081594,0.005431839718422717
2024930_WZY_DM_assembly_Plate1D9,2024930_WZY_DM_assembly_Plate1,,D9,Plate1_D9,Sucrose,cycle 5,0.9825,True,True,explicit_user_selected_validation_only,not_assessable,0.006269430051815312,0.00024179620034600168,0.0,0.0004145077720209901,0.0022970639032803995,0.00027633851468099937,0.0,0.011312607944767726,0.00018998272884248723,0.01341968911920462,0.00036269430051849355,0.0,0.0008981001727119756,0.7498272884285043,0.0,5.181347150259831e-05,0.0,0.0,0.001537132987916558,0.0,0.11765112262489215,0.019896373056991237,0.00025906735751350055,0.002867012089810915,0.0,0.0008290155440419802,0.0,0.0,0.054766839378251816,0.0,0.012331606217669499,0.004300518134716372
2024930_WZY_DM_assembly_Plate1E10,2024930_WZY_DM_assembly_Plate1,,E10,Plate1_E10,Rhamonse,cycle 5,0.7445,True,True,explicit_user_selected_validation_only,not_assessable,0.4211288623594939,0.00021945224719161673,0.0,0.0,0.12557057584265804,0.000351123595505512,0.0,0.0,0.00030723314606799474,0.00390625000000621,0.0,0.014747191011247624,0.00048279494382075076,0.014878862359546741,0.0,0.027036516853886805,0.0,0.0,0.0,0.0,0.0,0.014791081460725447,0.001623946629215008,0.015098314606801505,0.0,0.003642907303367671,0.0,0.0,0.08216292134832204,0.0,0.01299157303370663,0.26106039325843683
2024930_WZY_DM_assembly_Plate1E11,2024930_WZY_DM_assembly_Plate1,,E11,Plate1_E11,Rhamonse,cycle 5,0.7305,True,True,explicit_user_selected_validation_only,not_assessable,0.11462783171531706,0.0,0.0,0.0,0.03126213592234675,0.0002373247033437408,0.0,0.0,0.0011003236245959477,0.001467098166125192,0.0,0.0326429341963711,0.0003883495145633562,0.6467313915854548,0.0,0.007961165048545379,0.0,0.0,0.0,0.0,0.0,0.011413160733551468,6.472491909384706e-05,0.004660194174760274,0.0,0.0012729234088469368,0.0,0.0,0.010097087378647262,0.0,0.004142394822004569,0.13193096008643215
2024930_WZY_DM_assembly_Plate1E12,2024930_WZY_DM_assembly_Plate1,,E12,Plate1_E12,Rhamonse,cycle 5,0.6965,True,True,explicit_user_selected_validation_only,not_assessable,0.1424303172828172,0.0,0.0002698639114847018,0.0,0.022495084621686045,0.00015420794942044491,0.0,0.00011565596206483116,0.0006939357723898485,0.018736265854547445,0.0,0.05349088245497006,0.00034696788619420634,0.5296464782762234,0.15923898376933987,0.0073827055784767,0.0,0.0,0.0,0.0,0.0,0.00485755040672176,0.00048189984193727515,0.0006746597787110366,0.0,0.0028142950769084033,0.0,0.0,0.0,0.0,0.04290836192600872,0.01326188365009796
2024930_WZY_DM_assembly_Plate1E1,2024930_WZY_DM_assembly_Plate1,,E1,Plate1_E1,Lactose,cycle 5,0.8715,True,True,explicit_user_selected_validation_only,not_assessable,0.004643064422514778,0.00035327664084425675,0.0,0.0079487244189899,0.0060309369401197336,0.0013626384718281835,0.009740341668976202,0.38449115546745644,0.0006056170985896507,0.08211158495040126,0.0,0.008503873426020127,0.004441192056324105,0.04279694163369216,0.0,0.00037851068661867867,0.0,0.0,0.0016654470211259476,0.0,0.00784778823588281,0.04935779353506535,0.0004542128239419442,0.03510055767242297,0.0,0.040197834918837376,0.0,0.0,0.0,0.0,0.11781775972118465,0.19415074818916336
2024930_WZY_DM_assembly_Plate1E2,2024930_WZY_DM_assembly_Plate1,,E2,Plate1_E2,Lactose,cycle 5,0.8545,True,True,explicit_user_selected_validation_only,not_assessable,0.024215907121774915,0.0005631606307396386,0.0,0.006801247617394551,0.019948882342794415,0.0007364408248140098,0.008209149194246602,0.1592878184025104,0.002837463177963546,0.027096690348292804,0.025667128747145853,0.004570265118695441,0.018216080402038887,0.08906601975393612,0.0,0.0,0.0,0.0,0.0019710622075857806,0.0,0.0003898804366664491,0.0035522439785133845,0.00028158031537041015,0.005003465603884324,0.0,0.012909374458534163,0.0,0.0,0.360336163576,0.0,0.08167995148161931,0.146660024259479
2024930_WZY_DM_assembly_Plate1E3,2024930_WZY_DM_assembly_Plate1,,E3,Plate1_E3,Lactose,cycle 5,0.9325,True,True,explicit_user_selected_validation_only,not_assessable,0.008705307572718727,0.0022651565622919053,0.0,0.007728181212525323,0.014123917388386458,0.00781701088163481,0.0005329780146569188,0.19391516766629355,0.001154785698423324,0.043393293359951304,0.007284032866977891,0.0,0.010526315789463201,0.014434821230236821,0.0,0.0,0.0,0.0,0.0002664890073284594,0.0,0.02198534310454317,0.019276038196692886,0.00022207417277371615,0.029802353986243656,0.0,0.01621141461242655,0.0,0.0,0.0,0.0,0.5000666222518431,0.10028869642458833
2024930_WZY_DM_assembly_Plate1E4,2024930_WZY_DM_assembly_Plate1,,E4,Plate1_E4,Lactose,cycle 5,0.8065,True,True,explicit_user_selected_validation_only,not_assessable,0.002579092159557431,5.731315910134601e-05,0.0,0.01077487391105556,0.03639385602942065,5.731315910134601e-05,0.0005158184319127419,0.11422512608906987,0.0021779000458473806,0.00263640531866066,0.00315222375057717,0.0,0.015417239798316704,0.03719624025679051,0.0,0.0,0.0,0.0,0.0008023842274188441,0.0,0.00429848693260409,0.002120586886756709,0.000859697386520818,0.00315222375057717,0.0,0.0013755158184272807,0.0,0.0,0.366345712975437,0.0,0.016334250343918146,0.3795277395689286
2024930_WZY_DM_assembly_Plate1E5,2024930_WZY_DM_assembly_Plate1,,E5,Plate1_E5,Lactose,cycle 5,0.9085,True,True,explicit_user_selected_validation_only,not_assessable,0.0,0.0017196904557147234,0.0,0.009636196519113831,0.06306519998816583,0.007590357873512828,0.0014528419367319503,0.37942894416977874,0.00667121297476856,0.07643727577307169,0.0019272393038271942,0.0,0.025113410620546343,0.012512230557175789,0.00124529308861948,0.0,0.0,0.0,0.001037744240519185,0.0,0.08731876538087141,0.027900495152225365,0.0016010911139409125,0.0034393809114405156,0.0,0.014587719038189808,0.0,0.0,0.0,0.0,0.07611112758328503,0.2012037833185009
2024930_WZY_DM_assembly_Plate1E6,2024930_WZY_DM_assembly_Plate1,,E6,Plate1_E6,Lactose,cycle 5,0.9105,True,True,explicit_user_selected_validation_only,not_assessable,0.014227642276384926,0.0,0.0,0.00956978319782723,0.02853997289970015,0.01469342818433217,0.004869579945804388,0.022654132791375892,0.0020748644986404094,0.006224593495932522,0.005335365853661287,0.0,0.020663956639586728,0.10442073170734993,0.0,0.0,0.0,0.0,0.005335365853661287,0.0,0.005843495934960748,0.01892784552847553,0.0004657859078591574,0.0003810975609751609,0.0,0.006563346883473024,0.0,0.0,0.0049119241192469515,0.0,0.568766937669031,0.15553014905172152
2024930_WZY_DM_assembly_Plate1E7,2024930_WZY_DM_assembly_Plate1,,E7,Plate1_E7,Rhamonse,cycle 5,0.7245,True,True,explicit_user_selected_validation_only,not_assessable,0.11249382354555364,0.00029280969200052144,0.0,0.0,0.002122870267010339,0.00012810424025031444,0.0002196072690007363,0.0,0.001006533316252569,0.012206504035281835,0.0,0.0,0.001775158757757217,0.6006624819276838,0.0,0.0069725307907668186,0.0,0.0,0.0,0.0,0.0,0.007558150174770622,9.150302875028376e-05,0.0063503101952714055,0.0,0.0001647054517508974,3.660121150003067e-05,0.0,0.06134363047415688,0.0,0.04836850099734416,0.13820617462489782
2024930_WZY_DM_assembly_Plate1E8,2024930_WZY_DM_assembly_Plate1,,E8,Plate1_E8,Rhamonse,cycle 5,0.7565,True,True,explicit_user_selected_validation_only,not_assessable,0.4245465538091343,0.0010882708585242748,0.0,0.0,0.011729141475213424,0.0004836759371217529,0.0,0.0,0.003264812575572825,0.03808948004841578,0.0,0.0,0.002297460701331965,0.26928657799245753,0.017412333736361935,0.05743651753323297,0.0,0.0,0.0,0.0,0.0,0.03966142684406049,0.002297460701331965,0.026844014510230163,0.0,0.00012091898428050439,0.0,0.0,0.02575574365179851,0.0,0.020072551390570608,0.0596130592503609
2024930_WZY_DM_assembly_Plate1E9,2024930_WZY_DM_assembly_Plate1,,E9,Plate1_E9,Rhamonse,cycle 5,0.8905,True,True,explicit_user_selected_validation_only,not_assessable,0.23955208260673286,0.0,0.0,0.0,0.04524523826133855,0.0,0.0,0.0,0.0018488802065172874,0.024105211749111434,0.00017442266099259988,0.04925695946413575,0.000732575176167121,0.008511825856413696,0.4006837368313961,0.011023512174705785,0.0,0.0,0.0,0.0,0.0,0.0008372287727617817,0.0012209586269470753,0.002860531640270545,0.0,0.003174492430055651,0.0,0.0,0.13388683457713868,0.0,0.0745482453080234,0.0023372636572916213
2024930_WZY_DM_assembly_Plate1F10,2024930_WZY_DM_assembly_Plate1,,F10,Plate1_F10,Ribose,cycle 5,0.9365,True,True,explicit_user_selected_validation_only,not_assessable,0.032415475775518295,0.001917044266291796,0.0,0.0,0.041710235854573556,0.0009294760079012534,0.040025560590258136,0.0,0.038631346578399846,0.05420006971076401,0.0,0.0,0.0025560590217295147,0.3455907981872238,0.0,0.010688974090913544,0.0,0.0,0.0,0.0,0.0,0.03897990008139112,0.000348553502962436,0.07337051237368196,0.0,0.0047635645404891175,0.0,0.0,0.0,0.0,0.08243290345070743,0.23143952596719422
2024930_WZY_DM_assembly_Plate1F11,2024930_WZY_DM_assembly_Plate1,,F11,Plate1_F11,Ribose,cycle 5,0.9335,True,True,explicit_user_selected_validation_only,not_assessable,0.0026472907513739254,0.000844880027035052,0.0,0.0002816266756783507,0.08533288273060667,0.0017460853892109162,0.00461867748113095,0.0,0.06454883406549597,0.08189703728733208,0.0,0.009462656302797296,0.0017460853892109162,0.39303818857700873,0.0,0.007040666891958767,0.0,0.0,0.0,0.0,0.0,0.019770192632653213,0.0,0.10803199279046642,0.0,0.02022079531374543,0.00011265067027091177,0.0,0.0,0.0,0.0063084375351946265,0.19235101948882985
2024930_WZY_DM_assembly_Plate1F12,2024930_WZY_DM_assembly_Plate1,,F12,Plate1_F12,Ribose,cycle 5,0.8465,True,True,explicit_user_selected_validation_only,not_assessable,0.00048526776826580015,6.221381644430003e-05,0.0,0.0,0.06440374278322501,0.00041061118853278185,0.00016175592275487294,6.221381644430003e-05,0.008871690224961603,0.0006470236910218545,0.0,0.005387716504075603,0.0006470236910218545,0.8071869400756051,0.0,0.0008336651403544001,0.0,0.0,0.0,0.0,0.0,0.007440772446745419,0.0,0.03348347601039573,0.0,0.0068684053354518574,0.0,0.0,2.4885526577790893e-05,0.0,0.043338144535144695,0.019684451522976956
2024930_WZY_DM_assembly_Plate1F1,2024930_WZY_DM_assembly_Plate1,,F1,Plate1_F1,Glucuronic_acid,cycle 5,0.8065,True,False,explicit_user_selected_validation_only,not_assessable,0.012004096184467546,5.6891451111309096e-05,0.009443980884473522,0.0,0.26996889934048346,0.0,0.0006637335962972529,0.0,0.0004740954259275758,0.04613896685119888,0.0,0.004304786467419411,0.0023704771296311133,0.0007395888644464771,0.0,3.792763407420607e-05,0.0,0.0,0.0,0.0,0.06855419858907469,0.01450732003334458,0.0,0.04879390123638789,0.0,0.12091329742844227,0.0,0.0,0.2887051505726314,0.0,0.003508306151862708,0.10881438215872563
2024930_WZY_DM_assembly_Plate1F2,2024930_WZY_DM_assembly_Plate1,,F2,Plate1_F2,Glucuronic_acid,cycle 5,0.8425,True,False,explicit_user_selected_validation_only,not_assessable,0.07492865383441244,0.00018216042261238162,0.008379379440155155,0.0,0.05853421579939409,0.0,0.0010929625356730897,0.00036432084522476323,0.016576598457748327,0.1347379925924364,0.0,0.07741817961020218,0.003825368874857614,0.014451393527178544,0.0,0.00036432084522476323,0.0,0.0,0.0,0.0,0.03011718987187696,0.07395713158049254,0.0007286416904483265,0.000971522253931902,0.0,0.03995385269293597,0.0,0.0,0.00012144028174118776,0.0,0.11257514117428864,0.35071953366916464
2024930_WZY_DM_assembly_Plate1F3,2024930_WZY_DM_assembly_Plate1,,F3,Plate1_F3,Glucuronic_acid,cycle 5,0.8805,True,False,explicit_user_selected_validation_only,not_assessable,0.26613417644315424,8.320159747057104e-05,0.00019413706076517294,0.0,0.21773858058082482,0.0,0.0004992095848231496,0.00013866932911738784,0.0009706853038230982,0.05937820672816203,0.0,0.003855007349469192,0.0035499348254167482,0.001885902875997028,0.0,0.0003328063898825608,0.0,0.0,0.0,0.0,0.07330060737162468,0.02132734281829326,0.00013866932911738784,0.036802839947810896,0.0,0.12998862911498327,0.0,0.0,0.04065784729729392,0.0,0.03663643675291596,0.10638710929905472
2024930_WZY_DM_assembly_Plate1F4,2024930_WZY_DM_assembly_Plate1,,F4,Plate1_F4,Glucuronic_acid,cycle 5,0.8055,True,False,explicit_user_selected_validation_only,not_assessable,0.20676339042172182,0.0014181302498096492,0.003207156103420558,0.0,0.3734918730232784,0.0,0.00028362604996163133,6.545216537584145e-05,0.005432529726186333,0.025111814115877984,0.0,0.0,0.000327260826878461,0.002138104068947039,0.0,0.00039271299225445165,0.0,0.0,0.0,0.0,0.00569433838768731,0.029257117923014105,0.00034907821533762204,0.04701647212835033,0.0,0.14757281553398643,0.0,0.0,0.0,0.0,0.037329551652590276,0.1141485764153218
2024930_WZY_DM_assembly_Plate1F5,2024930_WZY_DM_assembly_Plate1,,F5,Plate1_F5,Glucuronic_acid,cycle 5,0.8725,True,False,explicit_user_selected_validation_only,not_assessable,0.07466640011996098,0.003048628117352012,0.0013493927732512246,0.0,0.682892698285696,0.0,0.0,0.0,0.008796041781196851,0.005847368684097193,0.0,0.0,0.0006996851416862954,0.0010995052226492055,0.0,0.0,0.0,0.0,0.0,0.0,0.0,0.00479784097156775,0.000599730121445167,0.13289019941026192,0.0,0.029636663501399162,0.0,0.0,0.0,0.0,0.04108151331908294,0.012594332550353318
2024930_WZY_DM_assembly_Plate1F6,2024930_WZY_DM_assembly_Plate1,,F6,Plate1_F6,Glucuronic_acid,cycle 5,0.9325,True,False,explicit_user_selected_validation_only,not_assessable,0.03728799113610862,0.0002983039290891971,0.024887070655373142,0.0,0.398363589874431,0.0,0.0010227563283062874,0.0,0.001406289951420735,0.030725304696123307,0.0,0.0,0.006306997357884944,0.012528765021752842,0.0,0.0,0.0,0.0,0.0,0.0,0.0031108838319257445,0.05339640330692198,0.0002130742350639466,0.007968976391389635,0.0,0.14254666325758011,0.0,0.0,0.005795619193733441,0.0,0.06737407312722714,0.20676723770566788
2024930_WZY_DM_assembly_Plate1F7,2024930_WZY_DM_assembly_Plate1,,F7,Plate1_F7,Ribose,cycle 5,0.9915,True,True,explicit_user_selected_validation_only,not_assessable,0.06401387208056751,0.0002709390748330073,0.0,0.0002890016798224123,0.025486335639327385,0.0,0.0012824449542104416,0.0,0.013817892816536824,0.01230063399747521,0.0,0.0,5.4187814966702306e-05,0.8468291096941714,0.0,0.0014630710041044922,0.0,0.0,0.0,0.0,0.0,0.0014088831891372856,0.0,0.016780160034690326,0.0,0.001390820584144855,0.0,0.0,0.0,0.0,0.011343315933027665,0.0032693315029844834
2024930_WZY_DM_assembly_Plate1F8,2024930_WZY_DM_assembly_Plate1,,F8,Plate1_F8,Ribose,cycle 5,1.0275,True,True,explicit_user_selected_validation_only,not_assessable,0.07432017573778775,0.0004911926430256423,0.0,0.0003138175219327519,0.03597986110159497,0.0002046636012602788,0.0032882618602520478,2.7288480168069616e-05,0.03400144628943011,0.001787395451006759,5.457696033613923e-05,0.0,0.0007095004843705885,0.7358202234927217,0.0,0.0016918857704228464,0.0,0.0,0.0,0.0,0.0,0.013289489841845133,8.186544050430616e-05,0.024041151028119257,0.0,0.0007367889645379769,0.0,0.0,0.02127137029099114,0.0,0.012852874159217528,0.03903617088047482
2024930_WZY_DM_assembly_Plate1F9,2024930_WZY_DM_assembly_Plate1,,F9,Plate1_F9,Ribose,cycle 5,1.0255,True,True,explicit_user_selected_validation_only,not_assessable,0.06440803751137011,0.0001461774594354196,0.0,6.746651973955195e-05,0.01828342684944208,0.0,0.0002473772390453814,0.0,0.001045731055963104,0.001810351613008564,0.0,0.027987361271969154,0.0005847098377426536,0.7385447471692981,0.0,0.0001686662993486361,0.0,0.0,0.0,0.0,0.0,0.005341099479386479,4.4977679826432974e-05,0.010783398738373166,0.0,0.011064509237251805,0.0,0.0,0.0028785715088936606,0.0,0.02826847177084779,0.08832491875905782
2024930_WZY_DM_assembly_Plate1G10,2024930_WZY_DM_assembly_Plate1,,G10,Plate1_G10,Acetate,cycle 5,0.2295,True,True,explicit_user_selected_validation_only,not_assessable,0.7508220242717564,0.0012554552519900824,0.0,0.0032283135051167314,0.04119088898196634,0.010282776349631394,0.0,0.0,0.0004782686674258319,0.00848926884680088,0.0,0.0,0.0,0.0,0.0,5.978358342811992e-05,0.0,0.0,0.0,0.0,0.0,0.0344353440545552,0.0,0.037364739642542236,0.0,0.0,0.0,0.0,0.0,0.0,0.029832008130619193,0.08256112871416775
2024930_WZY_DM_assembly_Plate1G11,2024930_WZY_DM_assembly_Plate1,,G11,Plate1_G11,Acetate,cycle 5,0.3265,True,True,explicit_user_selected_validation_only,not_assessable,0.7180722891566408,0.0006571741511475452,0.0,0.0007667031763418654,0.0031763417305617817,0.001533406352680668,0.0,0.0,0.006462212486299507,0.03921139101862333,0.0,0.06538882803941046,0.0,0.0,0.0,0.0,0.0,0.0,0.0,0.0,0.0,0.02760131434825815,0.0,0.03734939759044852,0.0,0.0004381161007650301,0.0,0.0,0.0,0.0,0.02530120481922643,0.07404162102959637
2024930_WZY_DM_assembly_Plate1G12,2024930_WZY_DM_assembly_Plate1,,G12,Plate1_G12,Acetate,cycle 5,0.0915,True,True,explicit_user_selected_validation_only,not_assessable,0.6745738708208447,0.0004046330484035982,0.0,0.0004552121794541846,0.03732739871528468,0.0009104243589094625,0.0,0.0,0.005816600070806506,0.021091497648098916,0.0,0.1647868089626969,0.0,0.0,0.0,0.0,0.0,0.0,0.0,0.0,0.0,0.014617368873584495,0.0,0.0009104243589094625,0.0,0.0005563704415553575,0.0,0.0,0.0001517373931517593,0.0,0.01947296545449764,0.058924687673802
2024930_WZY_DM_assembly_Plate1G1,2024930_WZY_DM_assembly_Plate1,,G1,Plate1_G1,Arabinose,cycle 5,0.7565,True,True,explicit_user_selected_validation_only,not_assessable,0.2704684710766801,9.649249770837329e-05,0.0,0.0,0.0780624306461388,0.028658271819409352,0.0005307087373967145,0.13911805857061305,0.00195397307859489,0.10223380132199439,0.0,0.08035412746667794,0.0,0.019901577652294125,0.0,0.0,0.0,0.0,0.0006272012351050877,0.0,0.020191055145529026,0.028392917450720912,2.4123124427159456e-05,0.0076470304433875905,0.0,0.022941091330202452,0.0,0.0,7.23693732813461e-05,0.0,0.16046702368842033,0.038259275341418285
2024930_WZY_DM_assembly_Plate1G2,2024930_WZY_DM_assembly_Plate1,,G2,Plate1_G2,Arabinose,cycle 5,0.7425,True,True,explicit_user_selected_validation_only,not_assessable,0.019353626456250276,0.001597143930846829,0.0,0.0,0.006670424652384889,0.0029437554803909654,0.00923838156081507,0.43251283978461963,0.003100338218716954,0.006920957033687582,0.0,0.004039834648618916,0.0,0.040492296129246826,0.0,0.00021921583364693952,0.0,0.0,0.0022861079794595915,0.0,0.14446323437357464,0.019290993360833533,0.0002505323813094388,0.02182763372163629,0.0,0.02577351872722454,0.0,0.0,0.038581986721801985,0.0,0.18079042966266748,0.0396467493422676
2024930_WZY_DM_assembly_Plate1G3,2024930_WZY_DM_assembly_Plate1,,G3,Plate1_G3,Arabinose,cycle 5,0.6975,True,True,explicit_user_selected_validation_only,not_assessable,0.0035663553661583946,0.002176081240369536,0.0,0.0,0.03968325928606597,0.018980264152031558,0.013509837700598243,0.008402091455852531,0.005833106658192657,0.1497567020283655,0.0,0.0,9.067005168180095e-05,0.205488560461929,0.0,0.0,0.0,0.0,0.0009671472179402624,0.0,0.11288421434396342,0.020612325082312297,0.00045335025840972216,0.056457218847197,0.0,0.05678967570336795,0.0,0.0,0.0,0.0,0.2387040227278766,0.0656451174176876
2024930_WZY_DM_assembly_Plate1G4,2024930_WZY_DM_assembly_Plate1,,G4,Plate1_G4,Arabinose,cycle 5,0.6885,True,True,explicit_user_selected_validation_only,not_assessable,0.005529146016644939,0.00016857152489861647,0.0,0.0,0.05178517244863732,0.023296584740904992,0.011328006473143961,0.13998179427524776,0.0025622871784537326,0.050942314824202445,0.0,0.0,0.00020228582987746681,0.08145376083069489,0.0014160008091422677,0.0,0.0,0.0,0.0011125720643267948,0.0,0.023498870570722807,0.0027308587033407095,0.00023600013485777208,0.009642291224157796,0.0,0.02612858635922736,0.0,0.0,6.74286099591556e-05,0.0,0.14571322612221976,0.42220424125933936
2024930_WZY_DM_assembly_Plate1G5,2024930_WZY_DM_assembly_Plate1,,G5,Plate1_G5,Arabinose,cycle 5,0.6635,True,True,explicit_user_selected_validation_only,not_assessable,0.0008083053373411809,0.0012882366313881203,0.0,0.0,0.03834398444017444,0.014221122028845505,0.007476824370413094,0.29591553209250293,0.0023996564702346975,0.03617166384605294,0.0,0.0,0.0,0.0006820076283818572,0.0,0.0,0.0,0.0,0.0010356412134694731,0.0,0.013311778524347432,0.013084442648219142,0.0002273358761267825,0.013084442648219142,0.0,0.014372679279602731,0.0,0.0,0.02326403799035119,0.0,0.15643234231725525,0.3678799666570741
2024930_WZY_DM_assembly_Plate1G6,2024930_WZY_DM_assembly_Plate1,,G6,Plate1_G6,Arabinose,cycle 5,0.8365,True,True,explicit_user_selected_validation_only,not_assessable,0.0027222627979537396,3.319832680436638e-05,0.0,0.0,0.0037182126020799487,0.001825907974235369,0.007004846955717959,0.3727840116855735,0.003087444392798422,0.009063143217579589,0.0,0.04163070181265249,0.0,0.0918265719407856,0.0,0.0,0.0,0.0,6.639665360861322e-05,0.0,0.12160547108423576,0.014109288891867668,0.00016599163402183193,0.00255627116393669,0.0,0.032401566961079764,0.0,0.0,0.00039837992165167927,0.0,0.24277936392014915,0.05222096806326785
2024930_WZY_DM_assembly_Plate1G7,2024930_WZY_DM_assembly_Plate1,,G7,Plate1_G7,Acetate,cycle 5,0.2455,True,True,explicit_user_selected_validation_only,not_assessable,0.3451284796578983,0.0001605995717346357,0.0,0.0,0.0024089935760195354,0.01054603854392458,0.0,0.0,0.0007494646680946949,0.06381156316912864,0.0,0.48886509635911,0.0,0.0002141327623131191,0.0,0.0004817987152022777,0.0,0.0,0.0,0.0,0.0,0.0009635974304086287,0.0,0.035010706638173385,0.0,0.0009635974304086287,0.0,0.0,0.0,0.0,0.012366167023560429,0.038329764454023064
2024930_WZY_DM_assembly_Plate1G8,2024930_WZY_DM_assembly_Plate1,,G8,Plate1_G8,Acetate,cycle 5,0.1395,True,True,explicit_user_selected_validation_only,not_assessable,0.011940608451856424,0.00010383137784207382,0.0,0.00041532551136973006,0.07257813311162754,0.009240992627998374,0.0,0.0,0.0009344824005822512,0.03706780188974589,0.0,0.6642093240575935,0.00041532551136973006,0.003322604090953536,0.0,0.0,0.0,0.0,0.0,0.0,0.001142145156266399,0.002907278579585241,0.0,0.0030111099574309016,0.0,0.0018689648011645024,0.0,0.0,0.002388121690371285,0.0,0.04547814349493594,0.1429758072893068
2024930_WZY_DM_assembly_Plate1G9,2024930_WZY_DM_assembly_Plate1,,G9,Plate1_G9,Acetate,cycle 5,0.2075,True,True,explicit_user_selected_validation_only,not_assessable,0.6703362540256808,0.0004493372275884622,0.0,0.0006740058413817266,0.003969145510364427,0.006515389800024969,0.00037444768965721293,0.00014977907586298183,0.006889837489678799,0.005541825806925011,0.0,0.07354152624878547,0.0,0.0,0.0,0.0011982326069019213,0.0,0.0,0.0,0.0,0.0,0.041339024938121124,0.0,0.04148880401398266,0.0,0.003070471055185569,0.0,0.0,0.00269602336553174,0.0,0.00426870366208749,0.13749719164223956
2024930_WZY_DM_assembly_Plate1H10,2024930_WZY_DM_assembly_Plate1,,H10,Plate1_H10,Propionate,cycle 5,0.2375,True,True,explicit_user_selected_validation_only,not_assessable,0.6937600898439057,0.00014038043096793832,0.0,0.0,0.040429564118761176,0.015161086544540705,0.0,0.00021057064645169693,0.006457499824502425,0.03446339580259538,0.0,0.08106969888375384,0.0,0.0,0.0,0.0,0.0,0.0,0.0,0.0,0.0,0.03305959149291179,0.0,0.023022390678726724,0.0,0.0030181792658091995,0.0,0.0,0.0003509510774196352,0.0,0.050045623639978006,0.018810977749675942
2024930_WZY_DM_assembly_Plate1H11,2024930_WZY_DM_assembly_Plate1,,H11,Plate1_H11,Propionate,cycle 5,0.1145,True,True,explicit_user_selected_validation_only,not_assessable,0.3033022566870319,0.00034852313322338057,0.0,0.00514071621504377,0.003659492898838942,0.0084516859806637,0.0,0.0,0.004879323865127327,0.25119804827096015,0.0,0.26060817286746274,0.0,0.0,0.0,0.0,0.0,0.0,0.0,0.0,0.0,0.008364555197352394,0.0,0.0038337544654528165,0.0,0.00043565391652857025,0.0,0.0,0.0,0.0,0.04243269146987995,0.1073451250324342
2024930_WZY_DM_assembly_Plate1H12,2024930_WZY_DM_assembly_Plate1,,H12,Plate1_H12,Propionate,cycle 5,0.1865,True,True,explicit_user_selected_validation_only,not_assessable,0.48863717318525995,0.0005699223480809895,0.0,0.0008548835221214843,0.04167557170332851,0.001496046163709916,0.0,0.0,0.009902400797872333,0.038754719669432204,0.0,0.0342665811782971,0.0,0.00014248058702024738,0.0,0.0,0.0,0.0,0.0,0.0,0.0,0.11270214433303176,0.0,0.003348293794967769,0.0,0.0017810073377504108,0.0,0.0,0.0,0.0,0.07059913086827246,0.19526964451085485
2024930_WZY_DM_assembly_Plate1H1,2024930_WZY_DM_assembly_Plate1,,H1,Plate1_H1,Mannose,cycle 5,0.7865,True,True,explicit_user_selected_validation_only,not_assessable,0.18482059903523312,0.00039817723311057007,0.0,0.0008184754236175848,0.1413971596689893,0.060876874751246424,0.00015484670176493906,0.0,0.06507985665627841,6.63628721851374e-05,0.0,0.11668805025896516,6.63628721851374e-05,0.024863956111991287,0.0,0.0014821041454740462,0.0,0.0,0.005242666902628017,0.0,0.15741273282291138,0.020439764633083876,6.63628721851374e-05,0.05587753837988137,0.0,0.0017033137194130577,0.0,0.0,0.0,0.0,0.049440339777944535,0.11310445516091153
2024930_WZY_DM_assembly_Plate1H2,2024930_WZY_DM_assembly_Plate1,,H2,Plate1_H2,Mannose,cycle 5,0.9825,True,True,explicit_user_selected_validation_only,not_assessable,0.18416996179874448,0.0002680785470143991,0.0,0.00020105891026054465,0.07687152335631654,0.001139333824807376,0.00043562763889801653,0.00020105891026054465,0.02003887138928431,0.0019100596474807773,0.0001675490918836174,0.046176529723226424,0.001105824006432486,0.01759265464783586,0.0,0.0006366865491585611,0.0,0.0,0.00911467059848957,0.0,0.29994638429040665,0.0025802560150091345,0.0002680785470143991,0.004423296025740132,0.0,0.0013068829166920123,0.0,0.0,0.11534079485280897,0.0,0.00864553314121055,0.20745928557102472
2024930_WZY_DM_assembly_Plate1H3,2024930_WZY_DM_assembly_Plate1,,H3,Plate1_H3,Mannose,cycle 5,0.0535,True,True,explicit_user_selected_validation_only,not_assessable,0.0,0.0,0.0,0.0,0.0,0.0,0.0,0.0,0.0,0.0,0.0,0.0,0.0,1.0,0.0,0.0,0.0,0.0,0.0,0.0,0.0,0.0,0.0,0.0,0.0,0.0,0.0,0.0,0.0,0.0,0.0,0.0
2024930_WZY_DM_assembly_Plate1H4,2024930_WZY_DM_assembly_Plate1,,H4,Plate1_H4,Mannose,cycle 5,0.9825,True,True,explicit_user_selected_validation_only,not_assessable,0.0578955359854828,0.0,0.0,1.5183723048853741e-05,0.01782569085939521,0.0067871242028560465,0.0,0.0,0.003674460977829323,0.0010021257212271969,4.555116914666301e-05,0.019647737625233228,6.0734892195618544e-05,0.787488612207712,0.0,0.0,0.0,0.0,0.002064986334646959,0.0,0.0027027027027055344,0.01194959003952943,0.0001670209535376965,0.004539933191615106,0.0,0.0005162465836622487,0.0,0.0,0.02880352262370924,0.0,0.014105678712412303,0.040707561494054544
2024930_WZY_DM_assembly_Plate1H5,2024930_WZY_DM_assembly_Plate1,,H5,Plate1_H5,Mannose,cycle 5,0.9205,True,True,explicit_user_selected_validation_only,not_assessable,0.007962649582975961,0.0,0.0,0.004215520367462974,0.041006889882777585,0.0038831137434977665,0.0001359845279826065,4.532817599423838e-05,0.003218300495589078,0.00022664087997064871,0.00021153148797282273,0.003656472863530377,0.0008763447358880293,0.834718360933117,0.0,0.00010576574398641137,0.0,0.0,0.003762238607517331,0.0,0.013809984286256287,0.002130424271721708,0.0,0.000543938111930426,0.0,0.0006345944639184681,4.532817599423838e-05,0.0,0.0,0.0,0.02026169466941706,0.05854889399249906
2024930_WZY_DM_assembly_Plate1H6,2024930_WZY_DM_assembly_Plate1,,H6,Plate1_H6,Mannose,cycle 5,0.9705,True,True,explicit_user_selected_validation_only,not_assessable,0.16981710823990323,0.00015336835244076307,0.0,0.016026992829992228,0.04700740002300781,0.016947202944684218,0.0008051838503111715,0.0,0.09056401211602372,0.03822706184575119,7.668417622017537e-05,0.07173804685396361,0.00226218319849069,0.2016410413711116,0.0,0.0,0.0,0.0,0.000996894290862383,0.0,0.04589547946773781,0.04317319121196297,7.668417622017537e-05,0.01675549250410621,0.0,0.02216172692766398,0.0,0.0,0.0,0.0,0.051033319274527596,0.16464092634501845
2024930_WZY_DM_assembly_Plate1H7,2024930_WZY_DM_assembly_Plate1,,H7,Plate1_H7,Propionate,cycle 5,0.2025,True,True,explicit_user_selected_validation_only,not_assessable,0.8579175110914791,0.0020813934381339783,0.0,0.0015884318343661846,0.040258530974468625,0.00788738566030446,0.0,0.00010954702305983907,0.0008216026729463229,0.04250424494720175,0.0,5.4773511529919536e-05,0.0,0.0,0.0,0.0,0.0,0.0,0.0,0.0,0.0,0.004655748480040691,0.0,0.00010954702305983907,0.0,0.00071205564988846,0.0,0.0,0.0,0.0,0.010242646656090508,0.031056581037430288
2024930_WZY_DM_assembly_Plate1H8,2024930_WZY_DM_assembly_Plate1,,H8,Plate1_H8,Propionate,cycle 5,0.2515,True,True,explicit_user_selected_validation_only,not_assessable,0.8299172621283321,0.0006581421587086221,0.0,0.0006581421587086221,0.06045505829272393,0.021342610003805506,0.0,0.0,0.008555848063192208,0.0035727717186965647,0.0,0.0006581421587086221,0.0,0.00018804061677360804,0.0,0.0,0.0,0.0,0.0,0.0,0.0,0.018522000752191445,0.0,0.02453930048893895,0.0,0.0006581421587086221,0.0,0.0,0.00018804061677360804,0.0,0.022000752162494246,0.008085746521243277
2024930_WZY_DM_assembly_Plate1H9,2024930_WZY_DM_assembly_Plate1,,H9,Plate1_H9,Propionate,cycle 5,0.1155,True,True,explicit_user_selected_validation_only,not_assessable,0.49776975361080406,0.003292268479180865,0.0,0.0019116397621069812,0.07285471537804723,0.016355140186887274,0.0,0.0,0.010089209855533231,0.1287170773154526,0.0,0.0,0.0,0.0,0.0,0.0,0.0,0.0,0.0,0.0,0.0,0.10322854715396822,0.0,0.003929481733213627,0.0,0.00010620220900575023,0.0,0.0,0.0,0.0,0.04056924384025396,0.12117672047554622
2024930_WZY_DM_assembly_Plate2A10,2024930_WZY_DM_assembly_Plate2,,A10,Plate2_A10,N_acetylglutamic_acid,cycle 5,0.5255,True,True,explicit_user_selected_validation_only,not_assessable,0.2383004189111526,0.0004069419509277392,0.0004548174745651768,0.016157989227996935,0.08505086774386893,0.005601436265713473,0.00035906642728839765,7.181328545786993e-05,0.07648114901261528,0.1547097546378638,0.00026331538001161855,0.0,0.012591262716931676,0.01522441651704786,0.1189228007180224,0.000861759425492916,0.0,0.0,0.006343506882112795,0.0,0.0,0.019485338120894043,0.02259724715732749,0.06937163375213214,0.0,0.00033512866546967884,0.0,0.0,0.0,0.0,0.0052902453620510895,0.15111909036505594
2024930_WZY_DM_assembly_Plate2A11,2024930_WZY_DM_assembly_Plate2,,A11,Plate2_A11,N_acetylglutamic_acid,cycle 5,0.5895,True,True,explicit_user_selected_validation_only,not_assessable,0.020511350308768647,0.0005994422580723671,0.0,0.009760483723840937,0.07240219969242281,0.0033620891865851826,7.818812061831924e-05,0.0,0.05178659855609634,0.014503896374685073,0.0,0.008092470483984591,0.006202924235720559,0.6348614767129128,0.08152414709796407,0.0,0.0,0.0,0.0033620891865851826,0.0,0.0,0.00906982199171146,0.017370794130709903,0.050261930204165924,0.0,0.0005082227840186509,0.0,0.0,0.0,0.0,0.004313377987439563,0.011428496963697281
2024930_WZY_DM_assembly_Plate2A12,2024930_WZY_DM_assembly_Plate2,,A12,Plate2_A12,N_acetylglutamic_acid,cycle 5,0.5715,True,True,explicit_user_selected_validation_only,not_assessable,0.25875589143489935,0.0015236470014632808,0.0005891435072320252,0.056334308467383715,0.01326588655940911,0.004042743377219077,0.00026409881358713196,0.0,0.001036079960994191,0.18858686819428308,0.0,0.12857549163013535,0.010584267836836116,0.015459938241509517,0.09007801072653658,0.0,0.0,0.0,0.006582155046318713,0.0,0.0,0.002600357549169645,0.05023972046160758,0.0783560864619661,0.0,0.0011376564277588762,0.0,0.0,0.0,0.0,0.0658621810498888,0.02612546725180147
2024930_WZY_DM_assembly_Plate2A1,2024930_WZY_DM_assembly_Plate2,,A1,Plate2_A1,Sugar_mix,cycle 5,0.9295,True,True,explicit_user_selected_validation_only,not_assessable,0.003967415163978319,0.0002764182696220351,0.0009105542999300718,0.003544657810446127,0.08447017121667642,0.04622689061971089,0.003008081169416583,0.02346303312143202,0.018894001723498897,0.09679517406220857,0.0,0.23128079218253067,0.008829124729679765,0.0018536283962848638,0.0,0.00022763857498278874,0.0,0.0,0.00037397765889944477,0.0,0.04279605209675128,0.007463293279787366,0.0015772101266639117,0.004016194858615399,0.0,0.05510479504402774,0.0,0.0,0.11864847726044364,0.0,0.19134648217076486,0.05492593616364846
2024930_WZY_DM_assembly_Plate2A2,2024930_WZY_DM_assembly_Plate2,,A2,Plate2_A2,Sugar_mix,cycle 5,0.8055,True,True,explicit_user_selected_validation_only,not_assessable,0.04179965757048353,0.0001162569489948944,0.0005390094907944188,0.001976368132918749,0.037149379610652476,0.001849542370371029,0.0016698725401045427,0.012122429136106326,0.008180261683817622,0.04041514299604521,0.0,0.005855122703927293,0.0006446976262445518,0.3925045974336131,0.0,0.00040161491470924575,0.0,0.0,0.0015641844046544095,0.0,0.014447568116009253,0.027151281997097612,0.006309581686361606,0.01325329218547441,0.0,0.0347502589359836,0.0,0.0,0.0,0.0,0.09653554291997768,0.2607643365956585
2024930_WZY_DM_assembly_Plate2A3,2024930_WZY_DM_assembly_Plate2,,A3,Plate2_A3,Sugar_mix,cycle 5,0.9615,True,True,explicit_user_selected_validation_only,not_assessable,0.001771218951202016,0.0005540305724141183,0.002837308082974142,8.39440261226556e-06,0.24625819503529905,0.0012003995735687925,0.0001427048444093493,0.14664181923535605,0.0010241171187045375,0.024612388459413895,1.678880522463547e-05,0.0,0.0004449033384534138,0.1809413483090193,0.0012171883787920714,0.00020146566269604302,0.0,0.0,0.0009485674951935214,0.0,0.06202624090251711,0.02699639880122385,0.00932618130230363,0.0005120585593527905,0.0,0.012490871087163015,2.5183207837005377e-05,0.0,0.23666339284946472,0.0,0.001771218951202016,0.0413676160736028
2024930_WZY_DM_assembly_Plate2A4,2024930_WZY_DM_assembly_Plate2,,A4,Plate2_A4,Sugar_mix,cycle 5,0.9055,True,True,explicit_user_selected_validation_only,not_assessable,0.07535819752812455,0.0011593568850506676,0.0012031062014663996,0.0007218637208787142,0.30327026140227414,0.04370556710050946,2.1874658208428832e-05,0.035765066170761445,0.0019905938969720883,0.21579350322656404,0.0,0.00028437055671013756,0.007481133107281535,0.00728426118341074,0.0008531116701292872,0.0068030187028264326,0.0,0.0,0.0014874767581686587,0.0,0.14332276058203539,0.0007874876955034381,0.025724598053148324,0.0006124904298360073,0.0,0.07767691129818087,0.0,0.0,0.0,0.0,0.047336760363037744,0.0013562288089214623
2024930_WZY_DM_assembly_Plate2A5,2024930_WZY_DM_assembly_Plate2,,A5,Plate2_A5,Sugar_mix,cycle 5,0.9605,True,True,explicit_user_selected_validation_only,not_assessable,0.011171678096266843,5.861321141787007e-05,0.005017290897373772,0.0006095773987461412,0.002555536017818634,0.022765371314682852,0.0010784830900876393,0.1448215227711549,0.007361819354086487,0.052493992145871506,0.0,3.5167926850742935e-05,0.008405134517331844,0.16104565969158557,0.0,0.0009495340249703726,0.0,0.0,8.205849598510166e-05,0.0,0.005662036222975775,0.0002110075611048754,0.010011136510179059,0.0016646152042684291,0.0,0.028650137741101016,0.0,0.0,0.2611921927200304,0.0,0.0016763378465526717,0.2724810972395575
2024930_WZY_DM_assembly_Plate2A6,2024930_WZY_DM_assembly_Plate2,,A6,Plate2_A6,Sugar_mix,cycle 5,0.9195,True,True,explicit_user_selected_validation_only,not_assessable,0.01026609724046948,0.0004927726675430648,0.0013140604467837135,0.0,0.002135348226022155,0.023570959264169754,0.001724704336402934,0.1833114323256493,0.009691195795009194,0.05248028909325694,0.0,0.0,0.003449408672794832,0.21575229960616368,0.0,0.0006570302233907531,0.0,0.0,0.0004927726675430648,0.0,0.07572273324572248,0.002381734559789273,0.009526938239157092,0.04090013140606997,0.0,0.0025459921156413758,0.0,0.0,0.0,0.0,0.09535151116955214,0.2682325886988688
2024930_WZY_DM_assembly_Plate2A7,2024930_WZY_DM_assembly_Plate2,,A7,Plate2_A7,N_acetylglutamic_acid,cycle 5,0.5765,True,True,explicit_user_selected_validation_only,not_assessable,0.3799424227427618,0.0020466915568368347,0.0002474022761015563,0.007174666006929516,0.043137960505685954,0.0040259097656354026,0.0005622779002292322,0.00017992892807370135,0.05163960235704991,0.1219468310018526,0.0,0.0,0.010008546624085539,0.014529260941937938,0.10854212586035579,0.0016418514686697052,0.0,0.0,0.004318294273754951,0.0,0.008973955287666528,0.02134406909274434,0.03668301021096795,0.07498538077457666,0.0,0.00013494669605518925,0.0,0.0,0.0,0.0,0.07793171697179067,0.030003148756238076
2024930_WZY_DM_assembly_Plate2A8,2024930_WZY_DM_assembly_Plate2,,A8,Plate2_A8,N_acetylglutamic_acid,cycle 5,0.5745,True,True,explicit_user_selected_validation_only,not_assessable,0.09963872613020404,0.0011384680773560058,0.00018215489237598617,0.0057378791098696745,0.0023376544521671924,0.0017911897750392339,0.0007437991438712212,0.0,0.004265460396484065,0.06911260208268327,0.0,0.0,0.0060111114484423574,0.019369136889469854,0.5341844014691244,6.071829745901019e-05,0.0,0.0,0.002808221257476175,0.0,0.0510489085886878,0.011931145450688017,0.022511308782942562,0.03322808828442252,0.0,1.5179574364665516e-05,0.0,0.0,0.01097483226570974,0.0,0.02978232490356948,0.09312668872759282
2024930_WZY_DM_assembly_Plate2A9,2024930_WZY_DM_assembly_Plate2,,A9,Plate2_A9,N_acetylglutamic_acid,cycle 5,0.5625,True,True,explicit_user_selected_validation_only,not_assessable,0.0516364933559806,0.0029132851749534353,0.0012188233895190856,0.0003270013971877438,0.0690864770058405,0.005083385356287048,0.0009215493920747122,0.0,0.09979488094187662,0.15413656767455014,0.0,0.0,0.00181337138440961,0.025179107583420714,0.15262047028748535,0.0008323671928410448,0.0,0.0,0.004518564761138116,0.0,8.918219923313418e-05,0.027319480365106962,0.01637979725914123,0.09777341775924207,0.0,0.0002080917982107057,0.0,0.0,0.0,0.0,0.009334403519727717,0.2788132822017737
2024930_WZY_DM_assembly_Plate2B10,2024930_WZY_DM_assembly_Plate2,,B10,Plate2_B10,N_acetylgalactosamine,cycle 5,0.5345,True,True,explicit_user_selected_validation_only,not_assessable,0.5469319598295181,0.0009642747947987805,0.0,0.0003527834615115205,0.0036219102048566073,0.003645429102282588,0.0,0.0,0.003457277922818522,0.059879112867160855,0.0,0.0,0.0,0.0017168795126887748,0.0886897622239194,0.00021167007690691227,0.0,0.0,0.004162844845841563,0.0,0.0,0.028575460382498745,0.0,0.045132764176011156,0.0,2.3518897434038897e-05,0.0,0.0,0.0,0.0,0.05406994520106962,0.15856440650068265
2024930_WZY_DM_assembly_Plate2B11,2024930_WZY_DM_assembly_Plate2,,B11,Plate2_B11,N_acetylgalactosamine,cycle 5,0.4865,True,True,explicit_user_selected_validation_only,not_assessable,0.21197112155796616,0.0022106559211919315,0.0,0.027171479740326673,0.025016789791841392,0.0017629281396911165,0.0,8.394895903279264e-05,0.11540183568383951,0.01326393552719277,0.0,0.13051264830989867,0.0,0.01217259905976317,0.05414707857628303,0.00011193194537726276,0.0,0.0,0.026192075218269193,0.0,0.0,0.0087306917394162,0.0,0.10574770539513426,0.0,2.7982986344264217e-05,0.0,0.0,0.0,0.0,0.06592791582722321,0.1995466756212084
2024930_WZY_DM_assembly_Plate2B12,2024930_WZY_DM_assembly_Plate2,,B12,Plate2_B12,N_acetylgalactosamine,cycle 5,0.5855,True,True,explicit_user_selected_validation_only,not_assessable,0.3186034702691158,0.00014861969458648922,0.0,0.006526881587263883,0.008260778024108534,0.002291220291546549,0.0,0.0,0.028398746640533754,0.07104021401239514,0.0,0.00206829074966579,0.0,0.0009041031420674109,0.47803524763830796,0.0002724694400753441,0.0,0.0,0.0003839342110157235,0.0,0.0,0.01655871097184678,2.476994909780514e-05,0.03301834214729073,0.0,1.2384974548817161e-05,0.0,0.0,0.0008421782693233251,0.0,0.02401446565028049,0.008595172336929673
2024930_WZY_DM_assembly_Plate2B1,2024930_WZY_DM_assembly_Plate2,,B1,Plate2_B1,Water,cycle 5,0.2605,True,True,explicit_user_selected_validation_only,not_assessable,0.11384568926442365,0.012230107202167917,0.0,0.0,0.012230107202167917,0.05118526347571356,0.0,0.0,0.04046504605165229,0.0427298807188516,0.0,0.0,0.0,0.0,0.0,0.003321757511696867,0.0,0.0,0.0,0.0,0.0,0.06568020534484466,0.0,0.11263777744212723,0.0,0.011928129246554458,0.0,0.0,0.0,0.0,0.13422920126803684,0.3995168352717631
2024930_WZY_DM_assembly_Plate2B2,2024930_WZY_DM_assembly_Plate2,,B2,Plate2_B2,Water,cycle 5,0.2725,True,True,explicit_user_selected_validation_only,not_assessable,0.629867107917164,0.00041367185479897623,0.0,0.0,0.051398727958868795,0.011479393970701128,0.0,0.0,0.004705517348371583,0.040384714824930966,0.0,0.007290966440865185,0.0,0.0,0.0,0.0002585449092504677,0.0,0.0,0.0,0.0,0.0,0.021666063395173914,0.0,0.046124411810336906,0.0,0.001861523346602777,0.0,0.0,0.0,0.0,0.047313718392762126,0.13723563783017323
2024930_WZY_DM_assembly_Plate2B3,2024930_WZY_DM_assembly_Plate2,,B3,Plate2_B3,Water,cycle 5,0.1635,True,True,explicit_user_selected_validation_only,not_assessable,0.22356724040107862,0.018157745413303453,0.0,0.0,0.18763003593688188,0.018725174957422007,0.0,0.0,0.002269718176656641,0.14677510875745237,0.0,0.0,0.0,0.0017022886324940534,0.0,0.001324002269718995,0.0,0.0,0.0,0.0,0.0,0.11140533383787748,0.0,0.0,0.0,0.047096652165677204,0.0,0.0,0.0011348590883314658,0.0,0.007944013618288807,0.23226782674481689
2024930_WZY_DM_assembly_Plate2B4,2024930_WZY_DM_assembly_Plate2,,B4,Plate2_B4,Water,cycle 5,0.1775,True,True,explicit_user_selected_validation_only,not_assessable,0.08376298288877584,7.472166180997845e-05,0.0,0.0,0.009414929388039221,0.01292684749310595,0.0,0.0005977732944764405,0.012478517522241562,0.11402525592155745,0.0,0.4138832847644839,0.0,0.0,0.00014944332361939238,0.0,0.0,0.0,0.0,0.0,0.0,0.1907644026001998,0.0,0.009190764402607026,0.0,0.021071508630343926,0.0,0.0,0.0,0.0,0.1019203467084448,0.029739221400294648
2024930_WZY_DM_assembly_Plate2B5,2024930_WZY_DM_assembly_Plate2,,B5,Plate2_B5,Water,cycle 5,0.1775,True,True,explicit_user_selected_validation_only,not_assessable,0.7271826625391341,0.000495356037150242,0.0,0.0,0.04916408668718519,0.005448916408653229,0.0,0.0,0.008916408668703224,0.06823529411770965,0.0,0.011269349845168149,0.0,0.0,0.0,0.0,0.0,0.0,0.0,0.0,0.0,0.034922600619078176,0.0,0.0007430340557233785,0.0,0.01919504643955841,0.0,0.0,0.0,0.0,0.00024767801857540454,0.07417956656336058
2024930_WZY_DM_assembly_Plate2B6,2024930_WZY_DM_assembly_Plate2,,B6,Plate2_B6,Water,cycle 5,0.1835,True,True,explicit_user_selected_validation_only,not_assessable,0.18689839572188136,0.0021390374331578164,0.0,0.0,0.204812834224809,0.004278074866315633,0.0,0.0010695187165789082,0.012299465240660177,0.11791443850253358,0.0,0.0,0.0,0.0,0.0,0.0,0.0,0.0,0.0,0.0,0.0008021390374355476,0.11524064171126394,0.0,0.0,0.0,0.03716577540110749,0.0,0.0,0.0,0.0,0.09465240641706668,0.22272727272719006
2024930_WZY_DM_assembly_Plate2B7,2024930_WZY_DM_assembly_Plate2,,B7,Plate2_B7,N_acetylgalactosamine,cycle 5,0.5515,True,True,explicit_user_selected_validation_only,not_assessable,0.004949933016958134,0.0,0.0,0.0003632978361077866,0.0006130650984316625,0.003019913262638928,0.0,0.0,0.009718217115875106,0.0029290888036183475,0.0,0.0,0.0,0.0017029586067532033,0.8550668695079056,6.811834427016451e-05,0.0,0.0,0.00410980677095865,0.0,0.0,0.013555550509753825,0.0,0.0019527258690788985,0.0,0.0,0.0,0.0,0.0,0.0,0.003451329443018516,0.09849912581463133
2024930_WZY_DM_assembly_Plate2B8,2024930_WZY_DM_assembly_Plate2,,B8,Plate2_B8,N_acetylgalactosamine,cycle 5,0.4855,True,True,explicit_user_selected_validation_only,not_assessable,0.04501865162406839,0.0015285233372763168,0.002019834409972939,0.0043308161222736135,0.004603766718226497,0.00030934400873353486,0.0,3.6393412792204846e-05,0.034300791556806765,0.06179601492129833,0.0,0.0,0.0,0.0,0.7085433536528195,3.6393412792204846e-05,0.0,0.0,0.0043308161222736135,0.0,0.0,0.013174415430816938,0.0,0.05737421526704731,0.0,0.0004367209535081086,9.098353198071841e-05,0.0,0.0,0.0,0.04813028841786936,0.01393867709944375
2024930_WZY_DM_assembly_Plate2B9,2024930_WZY_DM_assembly_Plate2,,B9,Plate2_B9,N_acetylgalactosamine,cycle 5,0.3785,True,True,explicit_user_selected_validation_only,not_assessable,0.015277090549239163,0.005380999505207982,0.003154379020275191,0.08943592281037,0.11065066798628166,0.030121227115219845,0.0009277585353794103,0.0001855517070756177,0.1064448292923523,0.09988866897586572,0.0,0.0,0.0,0.010143493320126012,0.19476744186037487,0.0012988619495295883,0.0,0.0,0.03358485898065323,0.0,0.0,0.1513483424048596,0.00024740227610091175,0.011813458683832217,0.0,0.003587333003454364,0.0,0.0,0.0,0.0,0.10248639287494074,0.029255319148861498
2024930_WZY_DM_assembly_Plate2C10,2024930_WZY_DM_assembly_Plate2,,C10,Plate2_C10,Urea,cycle 5,0.1715,True,True,explicit_user_selected_validation_only,not_assessable,0.7633418043201108,0.002858958068619788,0.0,0.0,0.05041749863864689,0.005808676710846273,0.0,0.0,0.005944817571247521,0.038754764930183254,0.0,0.0,0.0,0.00036304229442796546,0.0,0.00013614086041063367,0.0,0.0,0.0,0.0,0.0,0.028816482120229282,0.0,0.0,0.0,0.0008168451624602827,0.0,0.0,0.0,0.0,0.02827191867854217,0.07446905064427524
2024930_WZY_DM_assembly_Plate2C11,2024930_WZY_DM_assembly_Plate2,,C11,Plate2_C11,Urea,cycle 5,0.1625,True,True,explicit_user_selected_validation_only,not_assessable,0.047031283251701306,0.01659927644179946,0.0,0.0,0.33602894232810454,0.02958076186418327,0.0,0.0,0.04085975739512993,0.14620131942973452,0.0,0.006809959565876266,0.0,0.0,0.0,0.0019153011278955187,0.0,0.0,0.0,0.0,0.0,0.14620131942973452,0.0,0.0,0.0,0.03511385401144976,0.0,0.0,0.0,0.0,0.14811662055771302,0.045541604596677845
2024930_WZY_DM_assembly_Plate2C12,2024930_WZY_DM_assembly_Plate2,,C12,Plate2_C12,Urea,cycle 5,0.1295,True,True,explicit_user_selected_validation_only,not_assessable,0.21082151105237162,0.000879797646543676,0.0,0.0,0.1349389640380481,0.01946552292968977,0.0,0.00043989882327027203,0.01858572528316958,0.14428681403291232,0.0,0.356757945672705,0.0,0.0,0.0,0.0,0.0,0.0,0.0,0.0,0.0,0.001759595293079522,0.0,0.0,0.0,0.016826129990129206,0.0,0.0,0.0,0.0,0.07401297701527239,0.02122511822280844
2024930_WZY_DM_assembly_Plate2C1,2024930_WZY_DM_assembly_Plate2,,C1,Plate2_C1,Butyrate,cycle 5,0.2865,True,True,explicit_user_selected_validation_only,not_assessable,0.7410953280232745,0.0065029969619822565,0.0,0.0004762295754998845,0.0035799326709988906,0.010641267755964603,0.0,0.0,0.006010345676996853,0.08657525248395391,0.0,0.0018556531734974988,0.0,0.0,1.64217094998633e-05,0.0006404466704985175,0.0,0.0,0.000410542737498332,0.0,4.92651284999398e-05,0.03023236718944393,0.0,0.00326792019049414,0.0,0.0063880449954856625,0.0,0.0,8.210854749966639e-05,0.0,0.02550291485344411,0.07667296165546741
2024930_WZY_DM_assembly_Plate2C2,2024930_WZY_DM_assembly_Plate2,,C2,Plate2_C2,Butyrate,cycle 5,0.2135,True,True,explicit_user_selected_validation_only,not_assessable,0.3039772727270522,0.0014880952380959716,0.0,0.0,0.11309523809527496,0.035984848484830176,0.0,0.0002705627705627323,0.0033820346320341532,0.10646645021657865,0.0,0.0,0.0,0.0,0.0,0.0005411255411245203,0.0,0.0,0.0,0.0,0.0,0.01663961038961559,0.0,0.11066017316008953,0.0,0.0033820346320341532,0.0,0.0,0.0,0.0,0.08035714285734297,0.22375541125536447
2024930_WZY_DM_assembly_Plate2C3,2024930_WZY_DM_assembly_Plate2,,C3,Plate2_C3,Butyrate,cycle 5,0.2735,True,True,explicit_user_selected_validation_only,not_assessable,0.45322128851626575,0.027450980392114164,0.0,0.0,0.01549953314655789,0.034360410830937646,0.0,0.0016806722689036028,0.02184873949576882,0.051914098972912555,0.0,0.0,0.0,0.0,0.0,0.0007469654528472672,0.0,0.0,0.0,0.0,0.0,0.025023342670374288,0.0,0.17385620914995867,0.0,0.02334267040146336,0.0,0.0,0.0,0.0,0.12175536881393964,0.04929971988795628
2024930_WZY_DM_assembly_Plate2C4,2024930_WZY_DM_assembly_Plate2,,C4,Plate2_C4,Butyrate,cycle 5,0.2265,True,True,explicit_user_selected_validation_only,not_assessable,0.18814747105427276,0.0010664229128604303,0.0,0.0,0.01249238269348387,0.03671541742839264,0.0,0.0024375380865311715,0.021785496648373176,0.0248324192565648,0.0,0.000914076782448636,0.0,0.0,0.0,0.0,0.0,0.0,0.0,0.0,0.0,0.4309872029249723,0.0,0.11060329067651953,0.0,0.02696526508229451,0.0,0.0,0.000304692260816507,0.0,0.10435709932955631,0.03839122486291353
2024930_WZY_DM_assembly_Plate2C5,2024930_WZY_DM_assembly_Plate2,,C5,Plate2_C5,Butyrate,cycle 5,0.3495,True,True,explicit_user_selected_validation_only,not_assessable,0.5184882605765286,3.552019322995584e-05,0.0,3.552019322995584e-05,0.0346677085922022,0.009022129080361613,0.0,0.00031968173906845205,0.005043867438633021,0.2555322700954671,0.0,0.005363549177689968,0.0,0.0,0.0,0.0010300856036646927,0.0,0.0,0.0,0.0,0.0,0.09075409370228406,0.0,0.02756366994635484,0.0,0.018186338933682166,0.0,0.0,0.0,0.0,0.03285617873747906,0.001101125990124029
2024930_WZY_DM_assembly_Plate2C6,2024930_WZY_DM_assembly_Plate2,,C6,Plate2_C6,Butyrate,cycle 5,0.2605,True,True,explicit_user_selected_validation_only,not_assessable,0.5359214218890723,0.0032273152479011195,0.0,0.0,0.0005612722170269537,0.020533208606197412,0.0,0.00028063610851309046,0.00570626753977403,0.12338634237619349,0.0,0.0,0.0,0.0,0.0,0.0004209541627702153,0.0,0.0,0.0,0.0,0.0,0.2004209541629883,0.0,0.0744621141254213,0.0,0.0016370439663247506,0.0,0.0,0.00018709073900859813,0.0,0.03213283442475446,0.0011225444340539075
2024930_WZY_DM_assembly_Plate2C7,2024930_WZY_DM_assembly_Plate2,,C7,Plate2_C7,Urea,cycle 5,0.2715,True,True,explicit_user_selected_validation_only,not_assessable,0.20749401324121244,0.008170164811951217,0.0,0.0,0.13847020707134347,0.010283138470200447,0.0,0.0005634596422022579,0.023242710240889333,0.020988871672080297,0.0,0.0,0.0,0.0,0.0,0.0,0.0,0.0,0.0,0.0,0.0,0.18058881532628557,0.0,0.04704888012379616,0.0,0.03704747147493703,0.0,0.0,0.0,0.0,0.010705733201879853,0.315396534723222
2024930_WZY_DM_assembly_Plate2C8,2024930_WZY_DM_assembly_Plate2,,C8,Plate2_C8,Urea,cycle 5,0.1725,True,True,explicit_user_selected_validation_only,not_assessable,0.7710720363013304,0.0027793533749332078,0.0,0.0,0.06539988655709257,0.0007373794668201983,0.0,0.0,0.009245604083955803,0.04169030062405613,0.0,0.0,0.0,0.0,0.0,0.0004537719795809911,0.0,0.0,0.0,0.0,0.0,0.05547362450379284,0.0,0.0,0.0,0.0069200226886006865,0.0,0.0,0.0,0.0,0.03369256948391688,0.012535450935920164
2024930_WZY_DM_assembly_Plate2C9,2024930_WZY_DM_assembly_Plate2,,C9,Plate2_C9,Urea,cycle 5,0.2215,True,True,explicit_user_selected_validation_only,not_assessable,0.6476885022184345,0.0027294438758067086,0.0,0.0002985329239160475,0.05190208120091283,0.005672125554386344,0.0,0.0,0.005885363357222643,0.024437052200540488,0.0,0.12009553053554949,0.0,0.0,0.0,0.00046912316615385364,0.0,0.0,0.0,0.0,0.0,0.03590924599104212,0.0,0.00012794268167824142,0.0,0.009126577959709727,0.0,0.0,0.0,0.0,0.023328215626009008,0.07233026270863786
2024930_WZY_DM_assembly_Plate2D10,2024930_WZY_DM_assembly_Plate2,,D10,Plate2_D10,Glutamate,cycle 5,0.4235,True,True,explicit_user_selected_validation_only,not_assessable,0.5835725064357773,0.0026333698257289375,0.0,0.00011835370003247247,0.04577329348751613,0.015474746279243156,0.0,0.0001479421250405906,0.0066869840518389775,0.050655383613997206,0.0,0.0,0.0,0.00023670740006494494,0.0,0.0003254726750900132,0.0,0.0,0.0,0.0,0.0,0.16093144361914896,0.0,0.019498772080334844,0.0,0.012338373228392631,0.0,0.0,0.0001479421250405906,0.0,0.09619196970131894,0.005266739651434078
2024930_WZY_DM_assembly_Plate2D11,2024930_WZY_DM_assembly_Plate2,,D11,Plate2_D11,Glutamate,cycle 5,0.2505,True,True,explicit_user_selected_validation_only,not_assessable,0.19982383289298922,0.005662514156301913,0.0,0.0008808355354211547,0.11903863093016293,0.0005033345916703844,0.0,0.0,0.020385050962622314,0.007172517931304994,0.0,0.0002516672958351922,0.0,0.0,0.0,0.0,0.0,0.0,0.0,0.0,0.0,0.07914936454000045,0.0,0.0010066691833407687,0.0,0.03699509248773693,0.0,0.0,0.0,0.0,0.12256197307154082,0.4065685164210729
2024930_WZY_DM_assembly_Plate2D12,2024930_WZY_DM_assembly_Plate2,,D12,Plate2_D12,Glutamate,cycle 5,0.1905,True,True,explicit_user_selected_validation_only,not_assessable,0.18223715794509132,0.005088814210274311,0.0,0.0026884301488247597,0.09380700912137042,0.03043686989919272,0.0,0.0,0.0017282765242459907,0.07181949111871697,0.0,0.015746519443093913,0.0,0.0,0.0,0.0,0.0,0.0,0.0,0.0,0.0,0.064234277484561,0.0,0.0,0.0,0.04138262121941908,0.0,0.0,0.0,0.0,0.12270763322130233,0.368122899663907
2024930_WZY_DM_assembly_Plate2D1,2024930_WZY_DM_assembly_Plate2,,D1,Plate2_D1,Succinate,cycle 5,0.2235,True,True,explicit_user_selected_validation_only,not_assessable,0.27993899982702075,0.0009207573228984332,0.0,0.0,0.015998158485353565,0.003596708292569208,0.0,0.0,0.0024457616389461667,0.025435921045031187,0.0,0.0,0.0,0.00014386833170276835,0.0,0.0002014156643836967,0.0,0.0,0.0,0.0,0.0,0.027881682683999723,0.0,0.0020717039765170003,0.0,0.001323588651663142,0.0,0.0,0.0,0.0,0.16303159348530002,0.47700984059461427
2024930_WZY_DM_assembly_Plate2D2,2024930_WZY_DM_assembly_Plate2,,D2,Plate2_D2,Succinate,cycle 5,0.2285,True,True,explicit_user_selected_validation_only,not_assessable,0.17207554088709062,0.004858819215224859,0.0,0.0,0.06004767143378207,0.019526952695219993,0.0,0.0005500550054987231,0.013843050971722974,0.05784745141175216,0.0,0.00018335166849972032,0.0,0.0,0.0,0.00045837917124820634,0.0,0.0,0.0,0.0,0.0,0.0010084341767469295,0.0,0.00192519251924772,0.0,0.028602860285951114,0.0,0.0,0.0,0.0,0.4935826916033116,0.14548954895470337
2024930_WZY_DM_assembly_Plate2D3,2024930_WZY_DM_assembly_Plate2,,D3,Plate2_D3,Succinate,cycle 5,0.2515,True,True,explicit_user_selected_validation_only,not_assessable,0.2576876594601002,0.007251242110936094,0.0,0.0,0.1052772928696072,0.004968443668589635,0.0,0.0,0.01785954075467616,0.0,0.0,0.0,0.0,0.0,0.0,0.0006714113065647699,0.0,0.0,0.0,0.0,0.0,0.13079092251931498,0.0,0.011682556734277096,0.0,0.010071169598491428,0.0,0.0,0.0,0.0,0.09950315563302534,0.35423660534441714
2024930_WZY_DM_assembly_Plate2D4,2024930_WZY_DM_assembly_Plate2,,D4,Plate2_D4,Succinate,cycle 5,0.2165,True,True,explicit_user_selected_validation_only,not_assessable,0.4094603663843252,0.0005468419875234606,0.0,0.0,0.002808779299544128,0.0008699758892387183,0.0,0.00037284680967433054,0.0031567696552396154,0.03477417911560547,0.0,0.09037806666486882,0.0,0.0,0.0,0.0,0.0,0.0,0.0,0.0,0.0,0.022992219929910122,0.0,0.023191071561733473,0.0,0.0014168178767621788,0.0,0.0,0.0,0.0,0.013894757773876233,0.3961373070516985
2024930_WZY_DM_assembly_Plate2D5,2024930_WZY_DM_assembly_Plate2,,D5,Plate2_D5,Succinate,cycle 5,0.3325,True,True,explicit_user_selected_validation_only,not_assessable,0.13956380332882257,0.0004782858236093679,0.0,0.0,0.059116127797937415,0.020757604744616492,0.0,0.0,0.008226516166081128,0.0,0.0,0.02525349148654455,0.0,0.00019131432944344642,0.0,0.0,0.0,0.0,0.0,0.0,0.0,0.05366366940876055,0.0,0.05882915630380187,0.0,0.07968241821329061,0.0,0.0,0.0,0.0,0.4178304955040611,0.1364071168930308
2024930_WZY_DM_assembly_Plate2D6,2024930_WZY_DM_assembly_Plate2,,D6,Plate2_D6,Succinate,cycle 5,0.2535,True,True,explicit_user_selected_validation_only,not_assessable,0.08080003747253088,0.0015925804487326844,0.0,0.0,0.02927537589579936,0.001264696238697396,0.0,0.0001873624057332106,0.0006089278186347096,0.02548128717970717,0.0,0.0001405218042997107,0.0,0.0,0.0,0.00023420300716631598,0.0,0.0,0.0,0.0,0.0,0.003606726310364501,0.0,0.005527190969108805,0.0,0.004449857136170654,0.0,0.0,0.0,0.0,0.21532624478881354,0.6315049885242411
2024930_WZY_DM_assembly_Plate2D7,2024930_WZY_DM_assembly_Plate2,,D7,Plate2_D7,Glutamate,cycle 5,0.2965,True,True,explicit_user_selected_validation_only,not_assessable,0.691312879057833,0.001545962659056943,0.0,0.0,0.05125460815813993,0.0007729813295284715,0.0,0.0,0.0007432512783914423,0.02078130574386793,0.0,0.0,0.0,0.0,0.0,0.00038649066476423576,0.0,0.0,0.0004162207159012649,0.0,0.0,0.17418836960408107,0.0,5.946010227131538e-05,0.0,0.003656796289686582,0.0,0.0,5.946010227131538e-05,0.0,0.0415031513854138,0.013319062908792477
2024930_WZY_DM_assembly_Plate2D8,2024930_WZY_DM_assembly_Plate2,,D8,Plate2_D8,Glutamate,cycle 5,0.3835,True,True,explicit_user_selected_validation_only,not_assessable,0.05778297135026609,0.0003223596728048466,0.0,0.0,0.06273925131948277,0.012692912116670937,0.0,8.058991820121165e-05,0.0009267840593126074,0.0638272152154233,0.0,0.00012088487730181746,0.0,0.0,0.00012088487730181746,0.00048353950920726984,0.0,0.0,0.00012088487730181746,0.0,0.0,0.3416609582145846,0.0,0.0,0.0,0.021114558568701532,0.0,0.0,0.0,0.0,0.10251037595189876,0.3354958294715406
2024930_WZY_DM_assembly_Plate2D9,2024930_WZY_DM_assembly_Plate2,,D9,Plate2_D9,Glutamate,cycle 5,0.5655,True,True,explicit_user_selected_validation_only,not_assessable,0.6916085131749314,0.0011672088807223764,0.0,0.0,0.019569374425815567,0.0006953584821318769,0.0,7.450269451420552e-05,0.0023592519929436467,0.004668835522885965,0.0,0.0,0.0,0.0,0.0,0.0,0.0,0.0,0.0001241711575236759,0.0,0.0,0.0,0.0,0.004867509374926678,0.0,0.004668835522885965,0.0,0.0,7.450269451420552e-05,0.0,0.06774778354489207,0.20237415253131225
2024930_WZY_DM_assembly_Plate2E10,2024930_WZY_DM_assembly_Plate2,,E10,Plate2_E10,Acid_mix,cycle 5,0.3025,True,True,explicit_user_selected_validation_only,not_assessable,0.21441545574659235,0.000522897402024831,0.0,0.0017888595332480632,0.015274108322339944,0.006384852487881451,0.0,8.256274768827041e-05,0.0015136503742860597,0.1605019815061405,0.0,0.5085314839272795,0.0,0.0001376045794806711,0.0,0.00044033465433722185,0.0,0.0,0.0,0.0,0.00011008366358447076,0.0,0.0,0.023035006605047943,0.0,0.04744605900488938,0.0,0.0,0.00011008366358447076,0.0,0.004485909291053215,0.015219066490541595
2024930_WZY_DM_assembly_Plate2E11,2024930_WZY_DM_assembly_Plate2,,E11,Plate2_E11,Acid_mix,cycle 5,0.1445,True,True,explicit_user_selected_validation_only,not_assessable,0.12550607287465493,0.008379625270651728,0.0,0.009132850014111422,0.06571885886445347,0.00018830618585800315,0.0,0.0003766123717160063,0.009132850014111422,0.017324169098950126,0.0,0.1064871481030416,0.0,0.0017889087656527598,0.0,0.0,0.0,0.0,0.0,0.0,0.0,0.008756237642416176,0.0,0.0007532247434320126,0.0,0.005084267018169545,0.0,0.0,0.0,0.0,0.020337068072650497,0.6210338009601303
2024930_WZY_DM_assembly_Plate2E12,2024930_WZY_DM_assembly_Plate2,,E12,Plate2_E12,Acid_mix,cycle 5,0.1185,True,True,explicit_user_selected_validation_only,not_assessable,0.009775808133440514,0.0018248175182456075,0.0,0.01668404588112924,0.09436913451527187,0.047575599582862074,0.0,0.0006517205422319013,0.012122002085472995,0.3103493222107532,0.0,0.0,0.0,0.0006517205422319013,0.0,0.0033889468196062244,0.0,0.0,0.0,0.0,0.0,0.0641293013555826,0.0,0.012122002085472995,0.0,0.019160583941570435,0.0,0.0,0.0,0.0,0.40602189781011216,0.00117309697601624
2024930_WZY_DM_assembly_Plate2E1,2024930_WZY_DM_assembly_Plate2,,E1,Plate2_E1,Pyruvate,cycle 5,0.1505,True,True,explicit_user_selected_validation_only,not_assessable,0.00046798951703520266,0.004960688880569293,0.0,0.0,0.11774616248623063,0.08096218644673178,0.01656682890304471,0.0,0.017034818420051334,0.3976038936730731,0.0,0.0,0.0003743916136278963,0.007113440658939335,0.003369524522653725,0.0,0.0,0.0,0.0,0.0,0.0,0.04595657057281529,0.0,0.004586297266944056,0.0,0.004960688880569293,0.0,0.0,0.0,0.0,0.18111194309226383,0.11718457506545044
2024930_WZY_DM_assembly_Plate2E2,2024930_WZY_DM_assembly_Plate2,low growth,E2,Plate2_E2,Pyruvate,cycle 5,-0.0185,False,False,explicit_user_selected_validation_only,not_assessable,,,,,,,,,,,,,,,,,,,,,,,,,,,,,,,,
2024930_WZY_DM_assembly_Plate2E3,2024930_WZY_DM_assembly_Plate2,low growth,E3,Plate2_E3,Pyruvate,cycle 5,-0.0085,False,False,explicit_user_selected_validation_only,not_assessable,,,,,,,,,,,,,,,,,,,,,,,,,,,,,,,,
2024930_WZY_DM_assembly_Plate2E4,2024930_WZY_DM_assembly_Plate2,,E4,Plate2_E4,Pyruvate,cycle 5,0.0595,True,True,explicit_user_selected_validation_only,not_assessable,0.0005460999362888013,0.000819149904431514,0.0,0.0,0.1263311185946991,0.0035496495858670803,0.0017293164649100363,0.0004550832802401051,0.00409574952216601,0.01738418130509673,0.0,0.00018203331209570443,0.0,0.0030945663056320396,0.0,0.0,0.0,0.0,0.0,0.0,0.0,0.0,0.0,0.016018931464442245,0.0,0.0020933830890980686,0.0,0.0,0.0002730499681444007,0.0,0.7547101119506373,0.0687175753162508
2024930_WZY_DM_assembly_Plate2E5,2024930_WZY_DM_assembly_Plate2,,E5,Plate2_E5,Pyruvate,cycle 5,0.2005,True,True,explicit_user_selected_validation_only,not_assessable,0.0002449629493540332,0.002694592442893863,0.0,0.0,0.042439830975579594,0.004715536775065516,0.012064425255681488,0.00018372221201565052,0.003000796129585776,0.0001224814746767654,0.0,0.0,0.0,0.000796129585398975,0.0,0.0,0.0,0.0,0.0,0.0,0.00018372221201565052,0.0,0.0,0.021189295119140705,0.0,0.0007348888480605923,0.0,0.0,0.0,0.0,0.570579949782636,0.3410496662378954
2024930_WZY_DM_assembly_Plate2E6,2024930_WZY_DM_assembly_Plate2,,E6,Plate2_E6,Pyruvate,cycle 5,0.1365,True,True,explicit_user_selected_validation_only,not_assessable,0.0004400117336461687,0.0,0.0,0.0,0.06864183044877883,0.021047227926076415,0.043781167497774345,7.333528894041654e-05,0.0013933704898803905,0.0,0.0,0.0,0.0,0.0010266940451746382,0.0,0.0,0.0,0.0,0.0,0.0,0.00022000586682271742,0.0,0.0,0.001246699911995154,0.0,0.0008066881783541226,0.0,0.0,0.0,0.0,0.48063948371946913,0.38068348489308773
2024930_WZY_DM_assembly_Plate2E7,2024930_WZY_DM_assembly_Plate2,,E7,Plate2_E7,Acid_mix,cycle 5,0.3265,True,True,explicit_user_selected_validation_only,not_assessable,0.08288650580882877,0.0017873100983020664,0.0,0.0,0.0413315460232506,0.014521894548688975,0.0,0.0,0.0033512064343010606,0.016756032171566557,0.0,0.36595174262763597,0.0,0.0040214477211919005,0.0,0.0,0.0,0.0,0.0,0.0,0.0,0.017426273458426768,0.0,0.013628239499531816,0.0,0.016756032171566557,0.0,0.0,0.0004468275245755166,0.0,0.13159070598735795,0.28954423592477546
2024930_WZY_DM_assembly_Plate2E8,2024930_WZY_DM_assembly_Plate2,,E8,Plate2_E8,Acid_mix,cycle 5,0.2605,True,True,explicit_user_selected_validation_only,not_assessable,0.2244322693348223,0.0009528346831826872,0.0,0.0,0.05236620612976947,0.03128473876450271,0.0,0.0005558202318581669,0.004684770525644693,0.19441797681427397,0.0,0.19660155629680834,0.0,0.003096712720342774,0.0,0.0004367158964569722,0.0,0.0,0.0,0.0,0.00019850722566302784,0.07039066221998713,0.0,0.0375178656503399,0.0,0.035016674606960875,0.0,0.0,0.00031761156106076776,0.0,0.1160473241224989,0.03168175321582723
2024930_WZY_DM_assembly_Plate2E9,2024930_WZY_DM_assembly_Plate2,,E9,Plate2_E9,Acid_mix,cycle 5,0.1185,True,True,explicit_user_selected_validation_only,not_assessable,0.3859649122808247,0.006164058795634129,0.0,0.0036352141615256565,0.00553184763711123,0.021179073810622596,0.0,0.0012644223170542367,0.00410937253041994,0.05958590169111023,0.0,0.0,0.0,0.0036352141615256565,0.0,0.0,0.0,0.0,0.0,0.0,0.0,0.0,0.0003161055792631372,0.0018966334755771354,0.0,0.009325114588265501,0.0,0.0,0.0,0.0,0.13402876560752966,0.3633633633635362
2024930_WZY_DM_assembly_Plate2F10,2024930_WZY_DM_assembly_Plate2,,F10,Plate2_F10,Host_sugar_mix,cycle 5,0.9255,True,True,explicit_user_selected_validation_only,not_assessable,0.0019091900877911197,6.493843836038101e-05,0.021494623097313294,0.00089615044937328,0.18358096524523734,0.03694997142704053,0.0012338303288473484,0.06092524286968085,0.0030521066029393267,0.028144319185408627,0.00020780300275352487,0.0,0.010169359447239096,0.4041898280430035,0.0008441996986857173,0.011156423710308241,0.0,0.0,0.0011039534521311706,0.0,0.007130240531975751,0.03436542158037113,0.008065354044362793,0.006740609901805389,0.0,0.005337939633224826,0.0,0.0,0.01885812249980898,0.0,0.042651566315072845,0.11092784040726483
2024930_WZY_DM_assembly_Plate2F11,2024930_WZY_DM_assembly_Plate2,,F11,Plate2_F11,Host_sugar_mix,cycle 5,0.8325,True,True,explicit_user_selected_validation_only,not_assessable,0.06235851576884677,0.0009139354058567611,0.00352919672107484,0.0001546659917605621,0.008309781920945654,0.019586338774799,0.000267150349404939,0.164184980526162,0.0078457839456664,0.005216462085734412,0.0,0.0,0.011557767747912591,0.3302259529531004,0.001870052445830924,0.005919489321016329,0.0,0.0,0.0011670252105563052,0.0,0.0655502594170797,0.026461945135765167,0.011796797007915256,0.0022075055187579726,0.0,0.039678857158933836,0.0,0.0,0.22305648120839192,0.0,0.006144458036305082,0.0019965973481831287
2024930_WZY_DM_assembly_Plate2F12,2024930_WZY_DM_assembly_Plate2,,F12,Plate2_F12,Host_sugar_mix,cycle 5,0.9485,True,True,explicit_user_selected_validation_only,not_assessable,0.0017169682112744813,0.0006351789914553746,0.004317232207549988,0.0,0.019045445071936923,0.0026300380114908537,0.00012902073263975383,0.1678857471787816,0.012038626822444191,0.03422026816460705,0.0,2.977401522446075e-05,0.0002580414652784479,0.29112039619300967,0.0,0.0008832957849925476,0.0,0.0,0.0008038984110602284,0.0,0.046328367689259235,0.0391925287071702,0.001836064272178259,0.003235442987723463,0.0,0.04479004356939341,0.0,0.0,0.19468236088107183,0.0,0.0005458569457817804,0.1336754036856763
2024930_WZY_DM_assembly_Plate2F1,2024930_WZY_DM_assembly_Plate2,,F1,Plate2_F1,Lactate,cycle 5,0.1955,True,True,explicit_user_selected_validation_only,not_assessable,0.17048087605159207,0.00933185208695267,0.0,0.000476114902396223,0.02167909855579668,0.0265989525472013,0.0,0.0,0.0005078558958893046,0.07925726075239696,0.0,0.1763212188541472,0.0,0.0012061577527360753,0.0,0.0006030788763680377,0.0,0.0,0.0,0.0,6.348198698616307e-05,0.0,0.0,0.01421996508490462,0.0,0.006062529757184199,0.0,0.0,0.0,0.0,0.25332486906843765,0.239866687827011
2024930_WZY_DM_assembly_Plate2F2,2024930_WZY_DM_assembly_Plate2,,F2,Plate2_F2,Lactate,cycle 5,0.1855,True,True,explicit_user_selected_validation_only,not_assessable,0.09973267530347074,0.09644252519026428,0.0,0.023031050791690422,0.2453218178080043,0.23668517376110695,0.0,0.0,0.0030845157310286195,0.003907053259303277,0.0,0.0,0.0,0.0466790047295801,0.0,0.0016450750565493158,0.0,0.0,0.0,0.0,0.0,0.0,0.0,0.0008225375282746579,0.0,0.04894098293232867,0.0,0.0,0.0,0.0,0.033518404277185575,0.16018918363121334
2024930_WZY_DM_assembly_Plate2F3,2024930_WZY_DM_assembly_Plate2,,F3,Plate2_F3,Lactate,cycle 5,0.2805,True,True,explicit_user_selected_validation_only,not_assessable,0.3963909410197017,0.01659198256025348,0.0,0.0010899842557827893,0.02846070001212795,0.002664405958581736,0.0,0.0,0.00024221872350736572,0.2658350490492608,0.0,0.0,0.0,0.023495216180219467,0.0,0.0010899842557827893,0.0,0.0,0.0,0.0,0.0,0.00024221872350736572,0.0,0.035485042993840844,0.0,0.004723265108379015,0.0,0.0,0.0,0.0,0.18517621412125598,0.03851277703779878
2024930_WZY_DM_assembly_Plate2F4,2024930_WZY_DM_assembly_Plate2,,F4,Plate2_F4,Lactate,cycle 5,0.1965,True,True,explicit_user_selected_validation_only,not_assessable,0.04662254233986499,0.0034066575822418476,0.0,0.011193303484521286,0.01868795016543198,0.014891960288080992,0.0005839984426713396,0.0008759976640044649,0.0006813315164473517,0.024722600739727933,0.0,0.0,0.0,0.027739926026850464,0.0,0.0,0.0,0.0,0.0,0.0,0.0,0.0,0.0,0.009246642008950154,0.0,0.0013626630328997926,0.0,0.0,0.0,0.0,0.7743819349816365,0.06560249172667082
2024930_WZY_DM_assembly_Plate2F5,2024930_WZY_DM_assembly_Plate2,,F5,Plate2_F5,Lactate,cycle 5,0.2745,True,True,explicit_user_selected_validation_only,not_assessable,0.015271283931502098,0.007366544451543571,0.0,0.0014800363281629904,0.00043728346059352795,0.0234787581149577,0.0,0.00020182313565852335,0.0017491338423741118,0.06317064146116189,0.0,0.09354502337771811,0.0,0.015304921120791693,0.0,0.0005045578391472191,0.0,0.0,0.0,0.0,0.00013454875710592509,0.00010091156782944382,0.0,0.00514648995930455,0.0,0.007904739479958529,0.0,0.0,0.0,0.0,0.31396952470617495,0.45023377846601514
2024930_WZY_DM_assembly_Plate2F6,2024930_WZY_DM_assembly_Plate2,,F6,Plate2_F6,Lactate,cycle 5,0.2185,True,True,explicit_user_selected_validation_only,not_assessable,0.04920634920648501,0.008465608465642656,0.0,0.002380952380955704,0.0005291005290992335,0.0051146384479714615,8.818342151684403e-05,0.0003527336860673761,0.005467372134058976,0.10273368606698143,0.0,0.0,0.0,0.006525573192229983,0.0,0.0012345679012376472,0.0,0.0,0.0,0.0,0.0,0.0,0.0,0.003439153439158748,0.0,0.0010582010582030439,0.0,0.0,0.0,0.0,0.031393298060003794,0.782010582010388
2024930_WZY_DM_assembly_Plate2F7,2024930_WZY_DM_assembly_Plate2,,F7,Plate2_F7,Host_sugar_mix,cycle 5,1.0175,True,True,explicit_user_selected_validation_only,not_assessable,0.08386275664765286,0.0005153988556045512,0.01941686300908399,0.00013673847189494374,0.16778862335876174,0.0028294345338245462,0.0016408616627413026,0.12545228879159112,0.009392881184789757,0.019059239313331824,0.0,0.0,0.007762537866043491,0.2629375631104594,0.0027452877818939124,2.1036687983845105e-05,0.0,0.0,0.0005048805116124803,0.0,0.004827919892288348,0.026600891955558637,0.000988724335240819,0.0030292830696709264,0.0,0.01865954224167862,0.0,0.0,0.14510055536862526,0.0,0.07029409289800997,0.026432598451657817
2024930_WZY_DM_assembly_Plate2F8,2024930_WZY_DM_assembly_Plate2,,F8,Plate2_F8,Host_sugar_mix,cycle 5,1.1495,True,True,explicit_user_selected_validation_only,not_assessable,0.09976880922480764,0.0009561593789237494,0.002468889142597948,0.0003710469231649235,0.027799977166303107,0.050690718118507117,0.002383262929561438,0.0020550291129112675,0.007592190889371491,0.003239525059935296,0.00176960840278373,0.0,0.0030682726338622755,0.35931613197824747,0.0016697111542425937,0.003582029912090092,0.0,0.0,0.0006421965977852089,0.0,0.08726738212124951,0.0024403470715799415,0.011830688434761925,0.006165087338733803,0.0,0.0033394223084851874,0.0,0.0,0.0366480191803093,0.0,0.0737527114967141,0.21118278342307098
2024930_WZY_DM_assembly_Plate2F9,2024930_WZY_DM_assembly_Plate2,,F9,Plate2_F9,Host_sugar_mix,cycle 5,0.9225,True,True,explicit_user_selected_validation_only,not_assessable,0.009409122589631337,0.0002839515733497713,0.0002839515733497713,1.2906889697677173e-05,0.09727922765171804,0.03306745140553933,0.0009292960582358139,0.14952631714829873,0.00087766849944445,0.0058339141433706105,1.2906889697677173e-05,0.005782286584571603,0.008053899171378508,0.33773458272045054,0.0021296368001178256,0.0036268360050597335,0.0,0.0,0.0005679031466995426,0.0,0.008608895428372294,0.029982704767798195,0.01601745011483419,0.0003742998012332932,0.0,0.0003484860218381572,0.0,0.0,0.18274865122978737,0.0,0.02750458194583894,0.0790030718396866
2024930_WZY_DM_assembly_Plate2G10,2024930_WZY_DM_assembly_Plate2,,G10,Plate2_G10,Master_mix,cycle 5,0.7635,True,True,explicit_user_selected_validation_only,not_assessable,0.1879929340929784,0.0006966387181835146,0.0003980792675334369,4.975990844167961e-05,0.0060209489214532175,0.01365909486721942,0.0015176772074762203,0.13367999402920297,0.01457965317347536,0.008533824297749716,0.0,9.951981688349235e-05,0.017291568183458703,0.08548752270291872,0.007264946632491879,0.007264946632491879,0.0,0.0,0.0020152762918863604,0.0,0.0010947179857182826,0.04821735128001084,0.003309033911376686,0.040380165700504546,0.0,0.06409076207296321,0.0,0.0,0.2781081282810366,0.0,0.00027367949642957066,0.07797377652811528
2024930_WZY_DM_assembly_Plate2G11,2024930_WZY_DM_assembly_Plate2,,G11,Plate2_G11,Master_mix,cycle 5,0.9235,True,True,explicit_user_selected_validation_only,not_assessable,0.05823600992469558,6.321412203489633e-05,0.01926450369018669,9.48211830523445e-05,0.029789655008981283,0.014823711617205186,0.0009324083000153228,0.13818607076801948,0.011979076125568101,0.053147273100878877,0.0,0.0,0.00905542298149983,0.05635538979409991,0.0,0.0013433000932451037,0.0,0.0,0.001153657727132317,0.0,0.0910599427912626,0.04960728226691942,0.0014539248068063363,0.015155585757834171,0.0,0.04573541729222157,0.0,0.0,0.3347819902963698,0.0,0.0022441013322343334,0.06553724101973693
2024930_WZY_DM_assembly_Plate2G12,2024930_WZY_DM_assembly_Plate2,,G12,Plate2_G12,Master_mix,cycle 5,0.7395,True,True,explicit_user_selected_validation_only,not_assessable,0.04260306705787387,1.5123559481020346e-05,0.033090348144384274,0.0006351894982006622,0.012960890475194565,0.0016787151023942173,0.0007713015335288863,0.017286228486763918,0.0014972323886159446,0.009709325186781356,0.0,0.13149934968702182,0.005308369377822659,0.5286440216566458,0.0,0.0004839539033904588,0.0,0.0,0.00019660627325203137,0.0,0.060297631650570394,0.027766855207116633,0.01770968815215521,0.03969934363755852,0.0,0.05533710414085929,0.0,0.0,0.0,0.0,0.011130939777994255,0.0016787151023942173
2024930_WZY_DM_assembly_Plate2G1,2024930_WZY_DM_assembly_Plate2,,G1,Plate2_G1,Fucose,cycle 5,0.2985,True,True,explicit_user_selected_validation_only,not_assessable,0.47983242923872715,0.0014501315860139098,0.0,0.000671357215748734,0.018072936247922364,0.01004350394760106,0.0030882431924408207,0.0,0.006633009291597492,0.17361297599228706,0.0,0.05161394274662845,0.0,0.0009130458134182782,0.0,0.013803104355760414,0.0,0.0,0.0,0.0,0.0001611257317793606,0.024759654116779755,0.003920726139972607,0.04425586766195521,0.0,0.00010741715451946189,0.0,0.0,0.0,0.0,0.039314678554312976,0.12774585101253488
2024930_WZY_DM_assembly_Plate2G2,2024930_WZY_DM_assembly_Plate2,,G2,Plate2_G2,Fucose,cycle 5,0.3035,True,True,explicit_user_selected_validation_only,not_assessable,0.625634006923636,8.05088157153969e-05,0.0,0.0007245793414365942,0.045688752918431705,0.011553015055141655,0.019603896626681345,8.05088157153969e-05,0.003743659930763978,0.12756621850091518,0.0,0.06243458658734239,0.0,0.005595362692207558,0.0,0.002455518879318946,0.0,0.0,0.0,0.0,0.0,0.026286128331068515,0.0011673778278739144,0.003743659930763978,0.0,0.024112390306742254,0.0,0.0,0.0,0.0,0.029909025038267974,0.009620803477977405
2024930_WZY_DM_assembly_Plate2G3,2024930_WZY_DM_assembly_Plate2,,G3,Plate2_G3,Fucose,cycle 5,0.4515,True,True,explicit_user_selected_validation_only,not_assessable,0.2912379610049607,0.007751937984500412,0.0,0.0031007751938001648,0.006060606060607393,0.008033826638464065,0.046088794925912564,0.0,0.0007517030772845519,0.021094667606276207,0.0,0.08841907446556901,0.0,0.016866337796554772,0.0,0.010054028658673936,0.0,0.0,0.0,0.0,0.0,0.0773784355179001,0.0602302090674261,0.07629786234439868,0.0,0.0019262391355390255,0.0,0.0,0.0,0.0,0.010194972985666875,0.27451256753646536
2024930_WZY_DM_assembly_Plate2G4,2024930_WZY_DM_assembly_Plate2,,G4,Plate2_G4,Fucose,cycle 5,0.5215,True,True,explicit_user_selected_validation_only,not_assessable,0.12081009368044157,0.0025450804137027955,0.0,0.009368061948324187,0.009097308712815715,0.006443927004909531,0.04564899550544129,0.0006498077652011225,0.015541235717744456,0.24086207830234307,0.0,0.008393350300512898,0.0,0.042075052796806296,0.0,0.008826555477326452,0.0,0.0,0.0,0.0,0.0,0.0029782855905163504,0.009097308712815715,0.06590133752078343,0.0,0.002274327178213534,0.0,0.0,0.0,0.0,0.1039150917852508,0.3055721015868508
2024930_WZY_DM_assembly_Plate2G5,2024930_WZY_DM_assembly_Plate2,,G5,Plate2_G5,Fucose,cycle 5,0.4815,True,True,explicit_user_selected_validation_only,not_assessable,0.30713485100245014,0.0014687125574919704,0.0,0.0022417191667003485,0.3778842809113133,0.004309511846313176,0.00028987747845288204,7.730066092063001e-05,5.797549569036862e-05,0.11311019209210511,0.0,0.0,0.00011595099138094504,0.0032659529238919433,0.009160128319097774,0.0007150311135153082,0.0,0.0,0.0,0.0,0.0,0.0017779152011744904,0.017817802342204182,0.024639585668411863,0.0,0.0014107370618009786,0.0,0.0,0.0,0.0,0.03546167819742473,0.09906079696965958
2024930_WZY_DM_assembly_Plate2G6,2024930_WZY_DM_assembly_Plate2,,G6,Plate2_G6,Fucose,cycle 5,0.3945,True,True,explicit_user_selected_validation_only,not_assessable,0.3743349685626576,0.0008809507358536999,0.0,0.0027292199267593595,0.33771505562003895,0.004180197609355052,0.024044773025664965,8.636771920130334e-05,0.00025910315760492445,0.04998963587385396,0.0,0.0,0.00012091480688187539,0.011348718303054098,0.0,0.010675050093288398,0.0,0.0,0.0,0.0,0.0,0.010571408830249469,0.04050646030537374,0.013283355213173236,0.0,0.00010364126304171617,0.0,0.0,0.0,0.0,0.0036965383818062477,0.11547364057214156
2024930_WZY_DM_assembly_Plate2G7,2024930_WZY_DM_assembly_Plate2,,G7,Plate2_G7,Master_mix,cycle 5,0.7845,True,True,explicit_user_selected_validation_only,not_assessable,0.12212473627329366,0.0007075593063345488,0.07064014820147073,7.718828796367528e-05,0.0003473472958365387,0.007165646065965482,0.0009905830288675956,0.12622858025002479,0.00101631245818925,0.004991509288326256,0.0,0.0,0.00032161786651617246,0.5486286214173672,0.0,0.003627849534292738,0.0,0.0,0.0016595481912190185,0.0,0.012247208356911732,0.020236196161113478,0.01178407862912968,0.0044511912725805295,0.0,0.003846549683527446,0.0,0.0,0.0,0.0,0.04429321257654482,0.014614315854524561
2024930_WZY_DM_assembly_Plate2G8,2024930_WZY_DM_assembly_Plate2,,G8,Plate2_G8,Master_mix,cycle 5,0.7775,True,True,explicit_user_selected_validation_only,not_assessable,0.05126130764148122,0.000603074207546305,0.006398470250797899,0.0,0.02051923218360174,0.0007207472236526801,0.0011178936530125052,0.008281238508499902,0.005457086121946897,0.02434360520704276,0.0,0.0,0.0069574170773047984,0.439523424284767,0.0007501654776789506,0.0043391924689330985,0.0,0.0,0.00089725674781289,0.0,0.005530631757006104,0.0038096638964447045,0.0021328234169369466,0.007001544458345498,0.0,0.02403471353982256,0.0,0.0,0.21707729646203017,0.0,0.040950209605122086,0.1282930058102133
2024930_WZY_DM_assembly_Plate2G9,2024930_WZY_DM_assembly_Plate2,,G9,Plate2_G9,Master_mix,cycle 5,0.9205,True,True,explicit_user_selected_validation_only,not_assessable,0.16862193652034893,0.0007231820008036084,0.005102450783453203,0.0,0.07018883085581072,0.021735636801978788,0.006347930895943634,0.010245078344722335,0.006669345118525685,0.058939333065493545,0.0,0.0,0.0009642426677385085,0.3747288067497104,0.0,0.006468461229413268,0.0,0.0,0.0008437123342710585,0.0,0.10028123744479178,0.029891522699901408,0.01655283246280636,0.006870229007638102,0.0,0.03198071514667928,0.0,0.0,0.06010445962241763,0.0,0.014905584572178455,0.007834471675373334
2024930_WZY_DM_assembly_Plate2H10,2024930_WZY_DM_assembly_Plate2,low growth,H10,Plate2_H10,blank,cycle 5,0.0055,True,False,explicit_user_selected_validation_only,not_assessable,0.0,0.0,0.0,0.0,0.28571428571454544,0.0,0.0,0.0,0.0,0.0,0.0,0.0,0.0,0.4285714285709091,0.0,0.0,0.0,0.0,0.0,0.0,0.0,0.28571428571454544,0.0,0.0,0.0,0.0,0.0,0.0,0.0,0.0,0.0,0.0
2024930_WZY_DM_assembly_Plate2H11,2024930_WZY_DM_assembly_Plate2,low growth,H11,Plate2_H11,blank,cycle 5,-0.0065,False,False,explicit_user_selected_validation_only,not_assessable,,,,,,,,,,,,,,,,,,,,,,,,,,,,,,,,
2024930_WZY_DM_assembly_Plate2H12,2024930_WZY_DM_assembly_Plate2,low growth,H12,Plate2_H12,blank,cycle 5,0.0015,True,False,explicit_user_selected_validation_only,not_assessable,0.09999999999999999,0.0,0.0,0.0,0.0,0.0,0.0,0.13333333333333333,0.0,0.06666666666666667,0.0,0.0,0.0,0.0,0.6,0.0,0.0,0.0,0.0,0.0,0.0,0.0,0.0,0.0,0.0,0.0,0.0,0.0,0.0,0.0,0.0,0.09999999999999999
2024930_WZY_DM_assembly_Plate2H1,2024930_WZY_DM_assembly_Plate2,,H1,Plate2_H1,Sialic_acid,cycle 5,0.6325,True,True,explicit_user_selected_validation_only,not_assessable,0.39063803491401866,0.0004016684690247454,0.0,0.16292291055149072,0.0004943611926465706,0.0021319326432909062,0.0029352695813340693,0.08132241619041307,0.0022864205159860386,0.0684690251815959,0.0,0.054935887532831566,0.0,0.0007724393635104642,0.0009887223852931412,0.0,0.0,0.0,0.002348215665073583,0.0,0.13437355167624063,0.03068129151869917,0.00037077089448571887,0.023667542097951008,0.0,0.002008342345131636,0.0,0.0,0.0018229568978848224,0.0,0.028271280704427314,0.008156959678669997
2024930_WZY_DM_assembly_Plate2H2,2024930_WZY_DM_assembly_Plate2,,H2,Plate2_H2,Sialic_acid,cycle 5,0.5895,True,True,explicit_user_selected_validation_only,not_assessable,0.06730374023836927,0.00030826140567203714,0.0,0.0017468146321398443,0.013666255651462011,0.0015413070283601855,0.019728729962983187,0.022503082614080797,0.00503493629264837,0.002157829839699162,0.0,0.34905466502249904,0.0,0.040690505548695306,0.016337854500623063,0.0,0.0,0.0,0.005651459103978851,0.0,0.01931771475540688,0.03318947801072501,0.001952322235927999,0.07377722975748376,0.0,0.0075010275380212686,0.0,0.0,0.0,0.0,0.013049732840114538,0.3054870530211094
2024930_WZY_DM_assembly_Plate2H3,2024930_WZY_DM_assembly_Plate2,,H3,Plate2_H3,Sialic_acid,cycle 5,0.5235,True,True,explicit_user_selected_validation_only,not_assessable,0.41070442817756575,0.00012000480019210798,0.0,0.00818432737309328,0.0007680307212297204,0.0063602544101767555,0.007944317772725116,0.10402016080657164,0.002688107524303066,0.010344413776559633,0.0,0.23115324612912486,0.0,0.001752070082804165,0.009000360014417653,0.0,0.0,0.0,0.0012720508820372619,0.0,0.008136325453031112,0.023592943717749854,0.0033121324853023332,0.003696147845914327,0.0,0.00832833313333711,0.0,0.0,0.0,0.0,0.006168246729870758,0.15245409816399344
2024930_WZY_DM_assembly_Plate2H4,2024930_WZY_DM_assembly_Plate2,,H4,Plate2_H4,Sialic_acid,cycle 5,0.6175,True,True,explicit_user_selected_validation_only,not_assessable,0.15387539025387015,0.00032577711415818504,0.0,0.11502646939050333,0.00040722139269773136,0.003230623048726695,0.0112664585312931,0.08820415365826056,0.0024704764490253435,0.0007872946925484072,0.0,0.05410614904300695,0.0,0.014334193022937463,0.0002443328356186388,0.0001357404642323611,0.0,0.0,0.0012759603637840647,0.0,0.10204968100985383,0.00035292520700362044,0.001411700828017722,0.005863988054834371,0.0,0.00046151757839022216,0.0,0.0,0.1770327134520439,0.0,0.06724582598065777,0.19989140762853555
2024930_WZY_DM_assembly_Plate2H5,2024930_WZY_DM_assembly_Plate2,,H5,Plate2_H5,Sialic_acid,cycle 5,0.6445,True,True,explicit_user_selected_validation_only,not_assessable,0.03629602082553995,0.0,0.0,0.20684269245108394,0.00587579025660635,0.0012272220156194684,0.015656377835686287,0.1903309780580828,0.0057270360728949934,0.0014131647452578875,0.0,0.0010784678319081117,0.0,0.031796206768283056,0.0,0.00044626255113406976,0.0,0.0,0.0018966158423159136,0.0,0.20736333209391064,0.043956861286760227,0.006619561175163133,0.004388248419492784,0.0,0.000520639642989748,0.0,0.0,0.0,0.0,0.011044998140572108,0.22751952398669847
2024930_WZY_DM_assembly_Plate2H6,2024930_WZY_DM_assembly_Plate2,,H6,Plate2_H6,Sialic_acid,cycle 5,0.6825,True,True,explicit_user_selected_validation_only,not_assessable,0.020899509096122346,0.00021657522379437875,0.0,0.34273029165501506,0.002093560496677039,0.010539994224651943,0.012669650591962357,0.0015160265665577178,0.0006497256713831362,0.007038694773317309,0.0,0.13828328039265803,0.0,0.0263860814322779,0.0020574646260436646,0.0,0.0,0.0,0.006208489748764368,0.0,0.2223866589660733,0.005017326017892352,0.0017326017903579634,0.042629223216856305,0.0,0.005306092982959346,0.0,0.0,0.00018047935316247118,0.0,0.11655356627192408,0.034904706901548885
2024930_WZY_DM_assembly_Plate2H7,2024930_WZY_DM_assembly_Plate2,,H7,Plate2_H7,blank,cycle 5,0.0945,True,False,explicit_user_selected_validation_only,not_assessable,0.25644949715787446,0.0030607783122065238,0.0,0.0,0.06449497157852364,0.0039352864013992815,0.0,0.0006558810668998804,0.01858329689553202,0.11827721906393136,0.0,0.03410581547883627,0.0,0.0,0.0008745080892001945,0.0,0.0,0.0,0.0,0.0,0.0,0.02929602098822298,0.0,0.0006558810668998804,0.0,0.0010931351114962593,0.0,0.0,0.0,0.0,0.12177525142091487,0.34674245736806253
2024930_WZY_DM_assembly_Plate2H8,2024930_WZY_DM_assembly_Plate2,,H8,Plate2_H8,blank,cycle 5,0.1235,True,False,explicit_user_selected_validation_only,not_assessable,0.26688351920700404,0.008054522924418021,0.0,0.0,0.05359355638166053,0.0026332094176005393,0.0,0.0,0.0192069392812939,0.09045848822784093,0.0,0.0,0.0,0.0,0.0013940520446125272,0.0,0.0,0.0,0.0,0.0,0.0,0.10052664188339389,0.0,0.00046468401487030164,0.0,0.0012391573729880118,0.0,0.0,0.0,0.0,0.11090458488240677,0.34464064436191055
2024930_WZY_DM_assembly_Plate2H9,2024930_WZY_DM_assembly_Plate2,low growth,H9,Plate2_H9,blank,cycle 5,-0.0005,False,False,explicit_user_selected_validation_only,not_assessable,,,,,,,,,,,,,,,,,,,,,,,,,,,,,,,,
