Sample ID,Experiment ID,growth_qc,Unnamed: 3,Growth Well ID,16S Well ID,Media,Protocol,Initial OD,Final OD,Growth curve time,Growth curve OD,Notes,Data location,Unnamed: 14,Bb,Bbi,Bc,Bl,Bt47,Bt61,Pg,Pj,contamination_status,modeling_action_default,included_in_carbon_score,carbon_score_exclusion_reason,Ai,Ac,Bfi,Bf,Bt,Bu,Bx,Ba,Csp,Dl,Ls,Mf,Pm,Bd,Bv,Rg,Af,Ao,As,Bl.s,Col,Cs,Et,Eu.c,Eu.l,Im,Ld,Lsp,Mi,Pc,Va,Vp
2024930_WZY_DM_assembly_Plate1A10,2024930_WZY_DM_assembly_Plate1,,,A10,Plate1_A10,Galactose,cycle 5,,0.8905,48 h,,"growth curve data NA, so 48 h label rather than 0: 0.05:48 was used",Ho lab/7_Shared data/16s rRNA/Raw reads/2024930_DM_assembly/Plate1,,0.0,0.0,0.0011048572338748,0.0,0.0,0.0,0.0,0.0,not_assessable,review_required,True,,0.023925478594236643,0.0020836002379364363,0.0,0.0020836002379364363,0.004741986748407228,0.01056169775781625,0.013723022256754484,0.42914980073086156,0.006286724855843006,0.1662210051884896,0.012286056575418836,7.184828406677743e-05,0.005532317873141846,0.06150213116116134,0.0,0.0,4.699395536429243e-24,4.699395536429243e-24,4.699395536429243e-24,4.699395536429243e-24,2.9103825973794435e-14,0.02866215834591755,0.11363476457636407,6.483321515988922e-11,0.0,1.7356902436935322e-17,8.219771103909119e-20,1.9150493902472238e-14,7.640948457326211e-14,4.699395536429243e-24,0.11953380651068997,4.699395536429243e-24
2024930_WZY_DM_assembly_Plate1A11,2024930_WZY_DM_assembly_Plate1,,,A11,Plate1_A11,Galactose,cycle 5,,0.9725,48 h,,"growth curve data NA, so 48 h label rather than 0: 0.05:48 was used",Ho lab/7_Shared data/16s rRNA/Raw reads/2024930_DM_assembly/Plate1,,0.0,0.0,0.0006273103927357,0.0,0.0,0.0,0.0,0.0,not_assessable,review_required,True,,0.05104648631308032,0.00010881212110433666,0.0,0.0015641742408750792,0.002516280300538166,0.007059186356644982,0.0071407954474732626,0.02523081058107219,0.002407468179433829,0.008528149991553753,0.0570583560040959,0.01626741210510098,0.00311474696661213,0.22925353765173698,0.0,0.0,1.1010529214917102e-24,1.1010529214917102e-24,1.1010529214917102e-24,1.1010529214917102e-24,9.060163329422355e-05,0.050407372935098164,0.019942223117979926,0.3280051245064096,0.0,0.009272640434728393,1.8847821922131856e-06,0.0660379562189849,0.007923048243587767,1.1010529214917102e-24,0.10702293186840288,1.1010529214917102e-24
2024930_WZY_DM_assembly_Plate1A12,2024930_WZY_DM_assembly_Plate1,,,A12,Plate1_A12,Galactose,cycle 5,,0.9375,48 h,,"growth curve data NA, so 48 h label rather than 0: 0.05:48 was used",Ho lab/7_Shared data/16s rRNA/Raw reads/2024930_DM_assembly/Plate1,,0.0,8.011177194421658e-05,0.0010254306808859,0.0,0.0,0.0,0.0,0.0,not_assessable,review_required,True,,0.1255582673855429,7.6128216446700365e-06,0.0,0.0002588359359187467,0.008724293604791843,0.005146267431796907,0.004156600617989817,0.10058059956938054,0.0014007591826192536,0.005123428966862911,0.00010657950302537748,0.05083842294310648,0.0005557359800608833,0.09085902632913687,0.0,0.0,9.280029584852775e-25,9.280029584852775e-25,9.280029584852775e-25,9.280029584852775e-25,0.02663540158004803,0.026334845019709938,0.011775852266211069,0.21005947270167402,0.0,0.012071000486573842,0.023618450230886427,0.05828654056322249,0.14331137531254728,9.280029584852775e-25,0.09459063156724977,9.280029584852775e-25
2024930_WZY_DM_assembly_Plate1A1,2024930_WZY_DM_assembly_Plate1,,,A1,Plate1_A1,Glucose,cycle 5,,1.2345,48 h,,"growth curve data NA, so 48 h label rather than 0: 0.05:48 was used",Ho lab/7_Shared data/16s rRNA/Raw reads/2024930_DM_assembly/Plate1,,0.0,0.0,0.0,0.0,0.0,0.0,0.0,0.0,not_assessable,review_required,True,,0.02675103212199421,0.0001973335702867159,0.0,0.0011963347698632648,0.18408755438122903,0.0016896686955800546,7.400008885751847e-05,0.022866027456974296,0.00812767642618446,0.006487341123176083,0.0,0.12244548036291317,0.0006043340590030674,0.005957007153030484,0.0,0.0,9.672892842193945e-25,9.672892842193945e-25,9.672892842193945e-25,9.672892842193945e-25,0.03359009461193509,0.023789511426113887,0.019320197882227212,0.06269626462126357,0.0,0.0202781800149891,0.03666745101917048,0.061496293503825995,0.27428801874583086,9.672892842193945e-25,0.08739019796555146,9.672892842193945e-25
2024930_WZY_DM_assembly_Plate1A2,2024930_WZY_DM_assembly_Plate1,,,A2,Plate1_A2,Glucose,cycle 5,,1.0345,48 h,,"growth curve data NA, so 48 h label rather than 0: 0.05:48 was used",Ho lab/7_Shared data/16s rRNA/Raw reads/2024930_DM_assembly/Plate1,,0.0,0.0,0.000369082715238,0.0,0.0,0.0,0.0,0.0,not_assessable,review_required,True,,0.08112470773945865,0.000397670135977685,0.0,0.004286000354426641,0.016878887993721742,0.030664786040949896,0.0015464949732466788,0.41242811657957956,0.013874269188556505,0.002783690951844022,0.0,0.03685076593393707,0.005876680898337608,0.17311906586230902,0.0,0.0,4.4426326231754674e-24,4.4426326231754674e-24,4.4426326231754674e-24,4.4426326231754674e-24,2.5506274204975526e-10,0.03704741706767585,0.0006055942413509059,0.0009042307418803892,0.0,4.257703292963218e-10,2.7827791160871497e-15,3.8829918509706044e-08,1.3321125935893634e-08,4.4426326231754674e-24,0.18161156846486762,4.4426326231754674e-24
2024930_WZY_DM_assembly_Plate1A3,2024930_WZY_DM_assembly_Plate1,,,A3,Plate1_A3,Glucose,cycle 5,,1.0485,48 h,,"growth curve data NA, so 48 h label rather than 0: 0.05:48 was used",Ho lab/7_Shared data/16s rRNA/Raw reads/2024930_DM_assembly/Plate1,,0.0,0.0,0.0,0.0,0.0,0.0,0.0,0.0,not_assessable,review_required,True,,0.0028263114831673652,0.0,0.0,0.001701554872519102,0.16242639054284877,0.009199932276841028,0.003345429918851248,0.21739526489914673,0.004527866355686596,0.02070705760116567,0.0,0.007613737056695966,0.002566752265325488,0.13600903014916105,0.0,0.0,2.5005099452698056e-24,2.5005099452698056e-24,2.5005099452698056e-24,2.5005099452698056e-24,7.293613075564386e-08,0.03535959829900076,0.025336777169711847,0.22751881926569012,0.0,2.6405357928506054e-08,1.4395794681134647e-09,0.014291332667470298,0.00023553282009812124,2.5005099452698056e-24,0.12893851157555167,2.5005099452698056e-24
2024930_WZY_DM_assembly_Plate1A4,2024930_WZY_DM_assembly_Plate1,,,A4,Plate1_A4,Glucose,cycle 5,,1.0625,48 h,,"growth curve data NA, so 48 h label rather than 0: 0.05:48 was used",Ho lab/7_Shared data/16s rRNA/Raw reads/2024930_DM_assembly/Plate1,,0.0,0.0,0.0,0.0,0.0,0.0,0.0,0.0,not_assessable,review_required,True,,0.15139008259988215,0.0037265251101505237,0.0,0.008229409618249795,0.03959432929535335,0.04922118582991023,0.005900331424405425,0.26784399229209926,0.03866269801781607,0.1124168408228867,0.001863262555075028,0.0,0.014129741042655219,0.09487111842925941,0.0,0.002173806314254433,9.138206795848094e-24,9.138206795848094e-24,9.138206795848094e-24,9.138206795848094e-24,3.56231393202563e-17,3.179615854436224e-08,0.12109507907345218,7.46617222339881e-14,0.0,5.506048201166915e-19,2.117212086079769e-16,1.1555619160438713e-15,1.0084154874105243e-14,9.138206795848094e-24,0.08888156577830555,9.138206795848094e-24
2024930_WZY_DM_assembly_Plate1A5,2024930_WZY_DM_assembly_Plate1,,,A5,Plate1_A5,Glucose,cycle 5,,1.0755,48 h,,"growth curve data NA, so 48 h label rather than 0: 0.05:48 was used",Ho lab/7_Shared data/16s rRNA/Raw reads/2024930_DM_assembly/Plate1,,0.0,0.0006192728469194,0.0005750390721395,0.0,0.0,0.0,0.0,0.0,not_assessable,review_required,True,,0.013089318441677317,0.00047742194924046873,0.0007559180862974465,0.0006763477614240499,0.002466680071075965,0.004515615936566487,0.0012532326167563317,0.028207680167626783,0.011756515500047544,0.00047742194924046873,0.001869902634525312,3.978516243670918e-05,0.0010741993857911222,0.3151979494048284,0.0,7.957032487339648e-05,8.783491322042682e-25,8.783491322042682e-25,8.783491322042682e-25,8.783491322042682e-25,9.241242198955031e-05,0.039656165784210454,0.022437882366045284,0.3601697604428653,0.0,0.007545688414236648,8.407241295461911e-12,0.07057105488870975,3.959595315659435e-09,8.783491322042682e-25,0.11758947232153273,8.783491322042682e-25
2024930_WZY_DM_assembly_Plate1A6,2024930_WZY_DM_assembly_Plate1,,,A6,Plate1_A6,Glucose,cycle 5,,1.0595,48 h,,"growth curve data NA, so 48 h label rather than 0: 0.05:48 was used",Ho lab/7_Shared data/16s rRNA/Raw reads/2024930_DM_assembly/Plate1,,0.0,0.0,0.0,0.0,0.0,0.0,0.0,0.0,not_assessable,review_required,True,,0.07234915852915569,5.9858652947453737e-05,0.0,0.0010575028687382798,0.00025938749610561446,0.004269917243584981,0.00011971730589485986,0.06614381150693632,0.002573922076740467,0.01979326124129136,0.0,0.0,0.0012370788275806786,0.2566938567229974,0.001516419208002115,0.0,1.418275252060271e-24,1.418275252060271e-24,1.418275252060271e-24,1.418275252060271e-24,4.5026460204673974e-08,0.03795678812779234,0.023636668085371623,0.3228583518666292,0.0,0.0032215826307000896,1.0707416382635083e-10,0.07038545711455481,4.1759493170209006e-08,1.418275252060271e-24,0.11586717360194924,1.418275252060271e-24
2024930_WZY_DM_assembly_Plate1A7,2024930_WZY_DM_assembly_Plate1,,,A7,Plate1_A7,Galactose,cycle 5,,0.9425,48 h,,"growth curve data NA, so 48 h label rather than 0: 0.05:48 was used",Ho lab/7_Shared data/16s rRNA/Raw reads/2024930_DM_assembly/Plate1,,0.0,0.0,0.0006623330990864,0.0,0.0,0.0,0.0,0.0,not_assessable,review_required,True,,0.02620574607163213,0.0006359553439977334,0.0,0.0008552502902038484,0.0004824488816534529,0.0021710199674406312,0.003486789644677413,0.015219069266705212,0.00030701292468856097,0.005175360730464591,0.06120521948613012,0.0,0.0017982185588902356,0.3235039046432789,0.0,0.0,1.8106738719821233e-24,1.8106738719821233e-24,1.8106738719821233e-24,1.8106738719821233e-24,1.2483843269772084e-13,0.05740209683660909,0.011960412586594181,0.2982471023945516,0.0,0.00036952486675713485,1.122325849605103e-16,0.06810751259349028,3.1137763707014543e-11,1.8106738719821233e-24,0.12286735488097213,1.8106738719821233e-24
2024930_WZY_DM_assembly_Plate1A8,2024930_WZY_DM_assembly_Plate1,,,A8,Plate1_A8,Galactose,cycle 5,,0.9185,48 h,,"growth curve data NA, so 48 h label rather than 0: 0.05:48 was used",Ho lab/7_Shared data/16s rRNA/Raw reads/2024930_DM_assembly/Plate1,,0.0,0.0,1.3141516317800063e-05,0.0,0.0,0.0,0.0,0.0,not_assessable,review_required,True,,0.015081496925893122,0.000979317982200852,0.0,0.0011751815786410224,0.014857652815675783,0.00730291409584064,0.006883206389183131,0.1790193271463166,0.003161798056819894,0.00069951284442918,0.035591213524556686,0.0,0.004085155011466411,0.4239327642378624,0.0,0.0,4.15853388980751e-24,4.15853388980751e-24,4.15853388980751e-24,4.15853388980751e-24,7.430739538810006e-15,0.06697089181460907,1.5343587834479264e-09,0.051317509681332425,0.0,2.2248472593125432e-11,3.4127668405466385e-19,0.0001614132124625282,1.617805508448985e-13,4.15853388980751e-24,0.18878064312593376,4.15853388980751e-24
2024930_WZY_DM_assembly_Plate1A9,2024930_WZY_DM_assembly_Plate1,,,A9,Plate1_A9,Galactose,cycle 5,,0.8635,48 h,,"growth curve data NA, so 48 h label rather than 0: 0.05:48 was used",Ho lab/7_Shared data/16s rRNA/Raw reads/2024930_DM_assembly/Plate1,,0.0,0.0,0.0001490935251798,0.0,0.0,0.0,0.0,0.0,not_assessable,review_required,True,,0.0017410977095281756,0.0005192747554733075,0.0,0.0009621855763181223,0.029675024996607572,0.013485870855380592,0.0006872754116557884,0.11020843045574903,0.002245099678075803,0.05820459097378868,0.010675678061054348,0.0,0.0018938255787849766,0.25259662296391805,0.0,0.0,1.800661412722058e-24,1.800661412722058e-24,1.800661412722058e-24,1.800661412722058e-24,2.5003659772734303e-10,0.046266789321180016,0.04687501437868391,0.24316722565401266,0.0,5.0104539814552704e-06,3.938478944331948e-14,0.06148522721943364,2.1082940959364253e-10,1.800661412722058e-24,0.11930575549546833,1.800661412722058e-24
2024930_WZY_DM_assembly_Plate1B10,2024930_WZY_DM_assembly_Plate1,,,B10,Plate1_B10,Oligo_xylose,cycle 5,,0.8885,48 h,,"growth curve data NA, so 48 h label rather than 0: 0.05:48 was used",Ho lab/7_Shared data/16s rRNA/Raw reads/2024930_DM_assembly/Plate1,,0.0,0.0,0.079570596609292,0.0,0.0,0.0,0.0001437330141063,0.003334605927268,not_assessable,review_required,True,,0.0,0.0,0.012775928784691255,0.0,0.02377203852489447,0.15318779162113272,0.05031072645557736,0.03291784133765969,0.0014450016004754049,0.012317757545516105,0.0,0.004916529835763942,0.010203121057015497,0.029340581277946157,0.0007577447417126809,0.0,1.1972862258080924e-24,1.1972862258080924e-24,1.1972862258080924e-24,1.1972862258080924e-24,0.031890285788357176,0.039487050469894765,0.024252252200962304,0.10680453231218978,0.0,2.0062883505120025e-09,0.09116182898148244,0.06455036598604946,0.2123621841910444,1.1972862258080924e-24,0.09754643528134598,1.1972862258080924e-24
2024930_WZY_DM_assembly_Plate1B11,2024930_WZY_DM_assembly_Plate1,,,B11,Plate1_B11,Oligo_xylose,cycle 5,,0.8875,48 h,,"growth curve data NA, so 48 h label rather than 0: 0.05:48 was used",Ho lab/7_Shared data/16s rRNA/Raw reads/2024930_DM_assembly/Plate1,,0.0,0.0,0.038890044651918,0.0,0.0,0.0,0.0005764156687639,0.0017292470062918,not_assessable,review_required,True,,0.0,0.0009524110319664659,0.004796069839545659,0.0,0.013401783806957371,0.1449819031637599,0.0022336306344928427,0.016349722715425143,0.002244968861063889,0.052473312570726585,0.0,0.04078360097599467,0.007585273576019029,0.05069321099907485,0.0,0.0,1.2293891354635684e-24,1.2293891354635684e-24,1.2293891354635684e-24,1.2293891354635684e-24,0.02763505221659745,0.045337530101987183,0.04802666482618471,0.15584037531415365,0.0,0.00737297180371414,0.07725205643571133,0.06545412528367137,0.14235098695660295,1.2293891354635684e-24,0.09423434888635072,1.2293891354635684e-24
2024930_WZY_DM_assembly_Plate1B12,2024930_WZY_DM_assembly_Plate1,,,B12,Plate1_B12,Oligo_xylose,cycle 5,,0.9915,48 h,,"growth curve data NA, so 48 h label rather than 0: 0.05:48 was used",Ho lab/7_Shared data/16s rRNA/Raw reads/2024930_DM_assembly/Plate1,,0.0,0.0,0.0465340931697612,3.287466843501326e-05,0.0,0.0,0.0001150613395225,0.0023176641246684,not_assessable,review_required,True,,1.2842741587164911e-05,0.0011173185180832872,0.004649072454553697,0.0,0.00034675402285339085,0.002247479777753812,0.05729147022034261,0.30212549583805454,0.0057663909726369846,0.09951840455894091,6.421370793582456e-05,0.00048802418031222597,0.009644898931960785,0.07599050197125475,0.0002953830565047519,0.0,1.5260065489035463e-24,1.5260065489035463e-24,1.5260065489035463e-24,1.5260065489035463e-24,0.007702734555021769,0.03313780728571632,0.07123935037506415,0.2026088135085574,0.0,2.23124234619487e-08,2.0751089679614885e-12,0.01913480938475841,0.00395075565090702,1.5260065489035463e-24,0.10266745597270151,1.5260065489035463e-24
2024930_WZY_DM_assembly_Plate1B1,2024930_WZY_DM_assembly_Plate1,high other species,,B1,Plate1_B1,Fructose,cycle 5,,0.8335,48 h,,"growth curve data NA, so 48 h label rather than 0: 0.05:48 was used",Ho lab/7_Shared data/16s rRNA/Raw reads/2024930_DM_assembly/Plate1,,0.0,0.4967089001761147,8.509660787666862e-05,0.0,0.0,0.0,0.0,0.0,not_assessable,review_required,False,high other species,0.13128163388792463,0.018741065382852667,0.0,0.00640398214087408,0.025521752355543024,0.02985385792142868,0.02505087131577301,0.00018835241590806987,0.08466441095067707,0.04058994562818886,0.0,0.3451558021515379,0.0005650572477241965,0.0030136386545289006,0.0,9.417620795403493e-05,8.6460746556106e-24,8.6460746556106e-24,8.6460746556106e-24,8.6460746556106e-24,1.825491750788779e-15,8.543045625770427e-08,0.12637459161741801,3.451135645559635e-12,0.0,0.02560581881273831,5.498601597363656e-18,3.096041221931098e-14,1.6647453300838567e-10,8.6460746556106e-24,0.1368949577085137,8.6460746556106e-24
2024930_WZY_DM_assembly_Plate1B2,2024930_WZY_DM_assembly_Plate1,high other species,,B2,Plate1_B2,Fructose,cycle 5,,0.8915,48 h,,"growth curve data NA, so 48 h label rather than 0: 0.05:48 was used",Ho lab/7_Shared data/16s rRNA/Raw reads/2024930_DM_assembly/Plate1,,0.0,0.2317699236832228,0.0,0.0,0.0,0.0,0.0001487134576087,0.0,not_assessable,review_required,False,high other species,0.14411606842329064,0.00022092396794572584,0.0,0.001325543807674619,0.10412883022510634,0.03537238197887267,0.0020865041417099557,7.364132264859006e-05,0.015562866186402005,0.046074920870467787,0.0,0.004197555390969583,0.0001718297528466463,0.13135157249753512,0.0,0.0,2.579111276334568e-24,2.579111276334568e-24,2.579111276334568e-24,2.579111276334568e-24,5.749914581533437e-11,0.040732394486251926,0.05541207263816023,0.23959459620369697,0.0,4.682748361738821e-09,0.01732978878515532,0.04452482115718541,0.002100252166787623,2.579111276334568e-24,0.11562343125704538,2.579111276334568e-24
2024930_WZY_DM_assembly_Plate1B3,2024930_WZY_DM_assembly_Plate1,high other species,,B3,Plate1_B3,Fructose,cycle 5,,0.9065,48 h,,"growth curve data NA, so 48 h label rather than 0: 0.05:48 was used",Ho lab/7_Shared data/16s rRNA/Raw reads/2024930_DM_assembly/Plate1,,0.0,0.1692873356390602,5.649030971521156e-05,0.0,0.0,0.0,0.0,0.0,not_assessable,review_required,False,high other species,0.07267698003840684,0.0005034092880238736,0.0,0.0020902429133165847,0.0037646259800047377,0.017892917085197264,0.0009302128148267348,0.0,0.0025827085211660274,0.03230574387492498,0.0,0.0,3.283104052329777e-05,0.26911603916947185,0.0,0.0,1.5134896904226403e-24,1.5134896904226403e-24,1.5134896904226403e-24,1.5134896904226403e-24,1.2369152576085865e-10,0.041190875614577245,0.0315941053650598,0.3357523913675622,0.0,0.0014894521298669514,3.6081032148606844e-07,0.07428636660347311,2.34583458697851e-09,1.5134896904226403e-24,0.11379073491375094,1.5134896904226403e-24
2024930_WZY_DM_assembly_Plate1B4,2024930_WZY_DM_assembly_Plate1,high other species,,B4,Plate1_B4,Fructose,cycle 5,,0.8665,48 h,,"growth curve data NA, so 48 h label rather than 0: 0.05:48 was used",Ho lab/7_Shared data/16s rRNA/Raw reads/2024930_DM_assembly/Plate1,,0.0,0.2128345835857596,0.000200714514807,0.0,0.0,0.0,0.0,0.0,not_assessable,review_required,False,high other species,0.727089281425963,0.004345409662239171,0.0,0.0006390308326823374,0.003067347996874417,0.09355411390469372,0.10633473055834045,0.0006390308326823374,0.008051788491796793,0.022366079143881546,0.0,0.0,0.0,0.030290061469142524,0.0,0.0,1.6167632173163477e-23,1.6167632173163477e-23,1.6167632173163477e-23,1.6167632173163477e-23,4.062016856255844e-18,1.230004775276786e-13,3.4398691207271173e-15,4.843593193483572e-13,0.0,8.749869418436173e-19,3.3583532766776168e-12,6.030465709808952e-15,1.0248063498080877e-11,1.6167632173163477e-23,0.003623125667480398,1.6167632173163477e-23
2024930_WZY_DM_assembly_Plate1B5,2024930_WZY_DM_assembly_Plate1,high other species,,B5,Plate1_B5,Fructose,cycle 5,,0.8965,48 h,,"growth curve data NA, so 48 h label rather than 0: 0.05:48 was used",Ho lab/7_Shared data/16s rRNA/Raw reads/2024930_DM_assembly/Plate1,,0.0,0.1600786878689248,0.0,0.0,0.0,0.0,4.945661168422794e-05,8.65490704473989e-05,not_assessable,review_required,False,high other species,0.3501472002839491,0.0019938783945303257,0.0,0.0009969391972651628,0.008529368687713706,0.08462906074562995,0.001550794306856671,0.00044308408767345693,0.046413058183794376,0.08501675932234423,0.17967059755158651,0.0,0.0,0.0010523247082240897,0.0,0.0,8.749068923915004e-24,8.749068923915004e-24,8.749068923915004e-24,8.749068923915004e-24,6.758003160419439e-18,0.08471430426115198,0.12662262130809024,3.7385649492550335e-13,0.0,5.2795476649333465e-18,1.2845112772672359e-11,7.416854484517628e-15,7.210996138010374e-11,8.749068923915004e-24,0.028220008875853984,8.749068923915004e-24
2024930_WZY_DM_assembly_Plate1B6,2024930_WZY_DM_assembly_Plate1,high other species,,B6,Plate1_B6,Fructose,cycle 5,,0.7905,48 h,,"growth curve data NA, so 48 h label rather than 0: 0.05:48 was used",Ho lab/7_Shared data/16s rRNA/Raw reads/2024930_DM_assembly/Plate1,,0.0,0.1715680253092059,0.0001401347278851,0.0,0.0,0.0,0.0,0.0,not_assessable,review_required,False,high other species,0.2539549205483526,0.0014401129643001479,0.0,4.50035301343882e-05,0.0008550670725532127,0.04261834303726542,0.001980155325912703,0.00027002118080632923,0.023491842730150335,0.052069084365486816,0.06728027755091005,0.0,0.0,0.2945031011994361,0.0,0.0,8.15406555222439e-24,8.15406555222439e-24,8.15406555222439e-24,8.15406555222439e-24,2.1918092518975744e-18,0.040393593220650226,0.05577032629251343,1.8090494788594927e-10,0.0,1.535512374094251e-16,4.39986900806983e-15,5.845486881901264e-12,1.0777834942480715e-13,8.15406555222439e-24,0.16532815079466553,8.15406555222439e-24
2024930_WZY_DM_assembly_Plate1B7,2024930_WZY_DM_assembly_Plate1,,,B7,Plate1_B7,Oligo_xylose,cycle 5,,0.9945,48 h,,"growth curve data NA, so 48 h label rather than 0: 0.05:48 was used",Ho lab/7_Shared data/16s rRNA/Raw reads/2024930_DM_assembly/Plate1,,0.0,0.0,0.0412874257372749,0.0,0.0,0.0,0.0009758523487538,0.0019871902374623,not_assessable,review_required,True,,0.0,0.001754131585472235,0.007052570141590475,0.0,0.0022467301813925114,0.1076988735080367,0.029856280752729936,0.18156463369627973,0.00025230659791033755,0.032127040133923444,0.0,0.0,0.007593227137112752,0.03538299670695758,0.0023428469805965137,0.00014417519880593617,1.3225677535481134e-24,1.3225677535481134e-24,1.3225677535481134e-24,1.3225677535481134e-24,0.028057327270975693,0.03661133889147335,0.03197606960606004,0.158793020541139,0.0,9.116523311511425e-12,0.06176286054151981,0.049859579399544524,0.12632436320581122,1.3225677535481134e-24,0.09859962791355176,1.3225677535481134e-24
2024930_WZY_DM_assembly_Plate1B8,2024930_WZY_DM_assembly_Plate1,,,B8,Plate1_B8,Oligo_xylose,cycle 5,,0.8925,48 h,,"growth curve data NA, so 48 h label rather than 0: 0.05:48 was used",Ho lab/7_Shared data/16s rRNA/Raw reads/2024930_DM_assembly/Plate1,,0.0,0.0,0.0537845335799329,0.0,0.0,0.0,0.0004470581435672,0.0020289561900358,not_assessable,review_required,True,,0.0,0.0033348482961023337,0.023343938072716952,0.0,0.0006352091992575948,0.051663681539618735,0.0013762865983914297,0.06547948162347161,0.00153508889820579,0.15811415651520622,0.0003705386995668405,0.09321694999105391,0.024614356471232297,0.11470819456593637,0.0678085820207495,0.00047640689944308064,3.0063872017121672e-24,3.0063872017121672e-24,3.0063872017121672e-24,3.0063872017121672e-24,2.423327031029633e-08,0.05457851529578662,0.10547476959942514,0.09077688581687657,0.0,0.009369254453661699,1.7635790407228892e-09,0.004830249215007454,4.639334752190071e-05,3.0063872017121672e-24,0.12824618688391856,3.0063872017121672e-24
2024930_WZY_DM_assembly_Plate1B9,2024930_WZY_DM_assembly_Plate1,,,B9,Plate1_B9,Oligo_xylose,cycle 5,,0.8505,48 h,,"growth curve data NA, so 48 h label rather than 0: 0.05:48 was used",Ho lab/7_Shared data/16s rRNA/Raw reads/2024930_DM_assembly/Plate1,,0.0,0.0,0.0038653032440056,0.0,0.0,0.0,0.0003165550070521,0.0022325458392101,not_assessable,review_required,True,,0.0001475538599453368,0.001888689407300272,0.020273900356489172,0.0,0.0004131508078468958,0.027267953317898136,0.04571218581106534,0.43740866242195636,0.00637432674963853,0.1098981148872867,0.0,0.07953153051053638,0.002006732495256528,0.013073271991156673,0.00020657540392335935,0.00035412926386876783,3.459513449115205e-24,3.459513449115205e-24,3.459513449115205e-24,3.459513449115205e-24,1.1715369642623121e-07,0.037424543965303564,0.08080764777913747,0.0002401018691614216,0.0,5.804253519746997e-05,7.829855153511037e-16,2.9906665646813446e-10,6.639885159530815e-06,3.459513449115205e-24,0.13690612922910825,3.459513449115205e-24
2024930_WZY_DM_assembly_Plate1C10,2024930_WZY_DM_assembly_Plate1,,,C10,Plate1_C10,Xylan,cycle 5,,0.8855,48 h,,"growth curve data NA, so 48 h label rather than 0: 0.05:48 was used",Ho lab/7_Shared data/16s rRNA/Raw reads/2024930_DM_assembly/Plate1,,0.0,0.0,0.0493681280310378,0.0,0.0,0.0,0.0023704946653734,0.0052906692531522,not_assessable,review_required,True,,0.0,3.843871569314417e-05,0.0028829036769857453,0.0,0.05243040820544861,0.1899256942398253,0.025446429788861406,0.0020756906474297503,0.003497923128076017,0.016643963895131324,0.0,0.0013453550492599547,0.011416298560863793,0.05362200839193605,0.0,0.00019219357846561193,2.1852896866856456e-24,2.1852896866856456e-24,2.1852896866856456e-24,2.1852896866856456e-24,3.521278244871439e-05,0.04961000287071034,0.032563125476127434,0.15626602110976834,0.0,4.805985882178579e-15,0.10860332668894718,0.05997214484891974,0.12139060845466527,2.1852896866856456e-24,0.11204224989043139,2.1852896866856456e-24
2024930_WZY_DM_assembly_Plate1C11,2024930_WZY_DM_assembly_Plate1,,,C11,Plate1_C11,Xylan,cycle 5,,0.9635,48 h,,"growth curve data NA, so 48 h label rather than 0: 0.05:48 was used",Ho lab/7_Shared data/16s rRNA/Raw reads/2024930_DM_assembly/Plate1,,0.0,0.0,0.019201143912324,0.0,0.0,0.0,0.0006238638816278,0.0036507590110074,not_assessable,review_required,True,,7.265760507952656e-05,3.632880253976328e-05,0.0044139495085812296,0.0,0.024394790905450967,0.102973990798959,0.024830736535928127,0.13675977716093882,1.816440126988164e-05,0.002288714560005009,0.0,0.006248554036839209,0.008628090603193703,0.0951088050491002,0.0,0.00010898640761927117,1.5354124135492235e-24,1.5354124135492235e-24,1.5354124135492235e-24,1.5354124135492235e-24,0.017331054774737304,0.03871576542575264,0.012570482412225685,0.21551742085373402,0.0,3.055060628367191e-08,0.062305476006669906,0.06043423822943093,0.07572036611108424,1.5354124135492235e-24,0.11152161926025439,1.5354124135492235e-24
2024930_WZY_DM_assembly_Plate1C12,2024930_WZY_DM_assembly_Plate1,,,C12,Plate1_C12,Xylan,cycle 5,,0.8945,48 h,,"growth curve data NA, so 48 h label rather than 0: 0.05:48 was used",Ho lab/7_Shared data/16s rRNA/Raw reads/2024930_DM_assembly/Plate1,,0.0,0.0002235070379521,0.024511271828757,0.0,0.0,0.0,0.0006208528832005,0.0020115633415697,not_assessable,review_required,True,,0.0007837167141151724,0.0010076357752910328,0.012035649538200511,0.0,0.07568464267742946,0.035379211665780494,0.006885511131156629,0.31247904987086655,0.0006717571835273551,0.06986274708685801,0.0,0.012987305548197861,0.003022907325873549,0.20214293247647763,0.0020712513158761994,0.0,4.402632332402504e-24,4.402632332402504e-24,4.402632332402504e-24,4.402632332402504e-24,2.224552145692435e-12,0.04592851508392556,0.053991985929522625,0.0001471524628821936,0.0,4.246968442552335e-13,5.5366484668755926e-15,4.438576468700719e-08,1.33632124690149e-10,4.402632332402504e-24,0.1649179836919677,4.402632332402504e-24
2024930_WZY_DM_assembly_Plate1C1,2024930_WZY_DM_assembly_Plate1,,,C1,Plate1_C1,Xylose,cycle 5,,0.8155,48 h,,"growth curve data NA, so 48 h label rather than 0: 0.05:48 was used",Ho lab/7_Shared data/16s rRNA/Raw reads/2024930_DM_assembly/Plate1,,0.0,0.0,0.0021565497692586,0.0,0.0,0.0,0.0,0.0,not_assessable,review_required,True,,0.020624494276815772,0.0003720913915919714,0.01167658224091197,0.00014174910155884623,0.1300193634048751,0.006697645048656616,0.0020907992479933593,0.11495852136424504,0.002710951567313312,0.0003898100292868272,0.0,0.15138804046487506,3.543727538971797e-05,0.06116473732265309,0.0,0.0,2.455230737257281e-24,2.455230737257281e-24,2.455230737257281e-24,2.455230737257281e-24,5.302172481743958e-05,0.02954526861393242,3.628301817592474e-10,0.14506351401646908,0.0,0.024650391321796104,1.0905476379164162e-10,0.016736211633592755,0.16113787182486305,2.455230737257281e-24,0.12054349765647757,2.455230737257281e-24
2024930_WZY_DM_assembly_Plate1C2,2024930_WZY_DM_assembly_Plate1,,,C2,Plate1_C2,Xylose,cycle 5,,0.9295,48 h,,"growth curve data NA, so 48 h label rather than 0: 0.05:48 was used",Ho lab/7_Shared data/16s rRNA/Raw reads/2024930_DM_assembly/Plate1,,0.0,0.0,0.0088358767205266,0.0,0.0,0.0,0.0,0.0,not_assessable,review_required,True,,0.11428296507753936,0.0002753806387410214,0.04510255939728558,5.986535624802136e-05,0.101974647832939,0.004202548008613528,0.006932408253524879,0.01690597660445107,0.0009817918424680986,0.019504133065616696,0.0,0.05211877914955774,0.00013170378374566938,0.02350313886298685,0.0,7.183842749764801e-05,1.0930398851671984e-24,1.0930398851671984e-24,1.0930398851671984e-24,1.0930398851671984e-24,0.033238328312436005,0.0221961982615407,0.019321898335995454,0.08789127655575055,0.0,0.011944944161815803,0.04734943902502838,0.06024596011813761,0.2490514853757204,1.0930398851671984e-24,0.08271273355235997,1.0930398851671984e-24
2024930_WZY_DM_assembly_Plate1C3,2024930_WZY_DM_assembly_Plate1,,,C3,Plate1_C3,Xylose,cycle 5,,0.8765,48 h,,"growth curve data NA, so 48 h label rather than 0: 0.05:48 was used",Ho lab/7_Shared data/16s rRNA/Raw reads/2024930_DM_assembly/Plate1,,0.0,0.0,0.0011311888932342,0.0,0.0,0.0,0.0,0.0,not_assessable,review_required,True,,0.10127347722746577,0.0012346241720923236,0.004972791804260921,0.0,0.05998215769415428,0.0006173120860461618,0.018759428392625635,0.21945444658941868,0.0002400658112401796,0.04911060595656314,0.0,0.048870540145322966,0.0002400658112401796,0.018210706538362424,0.0,0.0006516072019375874,1.9540745181129162e-24,1.9540745181129162e-24,1.9540745181129162e-24,1.9540745181129162e-24,0.0006607077613037776,0.02679636775954931,0.03634332353247178,0.13835535060961668,0.0,0.008742278688396068,1.3182282809128933e-07,0.010561022384106047,0.15377406191514528,1.9540745181129162e-24,0.10114892609585266,1.9540745181129162e-24
2024930_WZY_DM_assembly_Plate1C4,2024930_WZY_DM_assembly_Plate1,,,C4,Plate1_C4,Xylose,cycle 5,,0.8405,48 h,,"growth curve data NA, so 48 h label rather than 0: 0.05:48 was used",Ho lab/7_Shared data/16s rRNA/Raw reads/2024930_DM_assembly/Plate1,,0.0,0.0,0.0112975707642324,0.0,0.0,0.0,0.0,0.0,not_assessable,review_required,True,,0.12367914388058288,0.0015174585692101083,0.040344332373132744,0.00016303273884073918,0.03634375978157868,0.001178852111617766,0.0006145080156305054,0.11627996573319452,0.0011537701517961084,0.019012125544814764,0.0,0.0,0.0,0.10008956066831591,0.0,0.000225737638394848,1.3723982351943817e-24,1.3723982351943817e-24,1.3723982351943817e-24,1.3723982351943817e-24,0.019661609586294364,0.026486188326213352,0.020153221863111564,0.20887691094926603,0.0,0.0001587012466098419,0.02262271075667762,0.05722878782961631,0.1071314017006903,1.3723982351943817e-24,0.09707822053441102,1.3723982351943817e-24
2024930_WZY_DM_assembly_Plate1C5,2024930_WZY_DM_assembly_Plate1,,,C5,Plate1_C5,Xylose,cycle 5,,0.7795,48 h,,"growth curve data NA, so 48 h label rather than 0: 0.05:48 was used",Ho lab/7_Shared data/16s rRNA/Raw reads/2024930_DM_assembly/Plate1,,0.0,0.0,0.0105540811345476,0.0,0.0,0.0,0.0,0.0,not_assessable,review_required,True,,0.09049855624290598,0.0010288338654812575,0.12408124656899508,0.000446475073699388,0.09113915091386607,0.0018247242142498835,0.0012811893419201515,0.12930306373530603,0.0012811893419201515,0.030379716971288624,0.00025235547643879717,0.0,9.705979863024696e-05,0.014772501351533978,0.0,0.00033000331534297536,1.893169971780671e-24,1.893169971780671e-24,1.893169971780671e-24,1.893169971780671e-24,0.03377477064429323,0.01604438448342746,0.02623806183422777,0.06793718616366097,0.0,1.5130682911206398e-11,0.03963284567605654,0.014892695469706334,0.22417795729870754,1.893169971780671e-24,0.09058603220321076,1.893169971780671e-24
2024930_WZY_DM_assembly_Plate1C6,2024930_WZY_DM_assembly_Plate1,,,C6,Plate1_C6,Xylose,cycle 5,,0.9555,48 h,,"growth curve data NA, so 48 h label rather than 0: 0.05:48 was used",Ho lab/7_Shared data/16s rRNA/Raw reads/2024930_DM_assembly/Plate1,,0.0,0.0,0.0026595883184807,0.0,0.0,0.0,0.0,0.0,not_assessable,review_required,True,,0.002379628707630765,0.00018433743509814742,0.029594537307576996,0.0003016430756151432,0.12037234511909731,0.0030499466534422036,0.012752798919063488,0.14710127320833025,0.0008714133295548928,0.002111501529306159,0.0012233302511059584,0.0,0.00010054769187168837,0.13039359840897893,0.027583583470142524,8.378974322638093e-05,1.5260127514204269e-24,1.5260127514204269e-24,1.5260127514204269e-24,1.5260127514204269e-24,0.004553583119210065,0.028874885192821415,8.558319163848234e-05,0.23226369508804456,0.0,2.048056174310401e-05,0.00028070007666165927,0.06011223891658511,0.08294261774471423,1.5260127514204269e-24,0.1127619412585404,1.5260127514204269e-24
2024930_WZY_DM_assembly_Plate1C7,2024930_WZY_DM_assembly_Plate1,,,C7,Plate1_C7,Xylan,cycle 5,,0.8385,48 h,,"growth curve data NA, so 48 h label rather than 0: 0.05:48 was used",Ho lab/7_Shared data/16s rRNA/Raw reads/2024930_DM_assembly/Plate1,,0.0,0.0,0.0422199028389251,0.0,0.0,0.0,0.0001697282526187,0.000551616821011,not_assessable,review_required,True,,0.0,0.00011413452424771423,0.002921843820742754,0.0,0.015613602917094127,0.14734767080386382,0.0038120931098752906,0.018626754357235147,0.0007761147648847688,0.01750823601960702,0.0,0.0020087676267606094,0.007327436456706438,0.10176234181930668,0.0010728645279289655,0.00011413452424771423,1.0507101286058029e-24,1.0507101286058029e-24,1.0507101286058029e-24,1.0507101286058029e-24,0.027233473711342836,0.04454845981456878,0.027053894122411163,0.23548826093155303,0.0,2.1762704151618906e-06,0.0785620230505521,0.06871688256249406,0.09831605200331875,1.0507101286058029e-24,0.10107278226084306,1.0507101286058029e-24
2024930_WZY_DM_assembly_Plate1C8,2024930_WZY_DM_assembly_Plate1,,,C8,Plate1_C8,Xylan,cycle 5,,0.7715,48 h,,"growth curve data NA, so 48 h label rather than 0: 0.05:48 was used",Ho lab/7_Shared data/16s rRNA/Raw reads/2024930_DM_assembly/Plate1,,0.0,0.0,0.0402545551348793,0.0,0.0,0.0,9.1280170373876e-05,0.0026014848556554,not_assessable,review_required,True,,0.0001442215528399743,0.0007932185406200563,0.08000690643799853,0.0,0.028159258192012943,0.020984235938222226,0.05386674998574569,0.017775306387531872,0.0035334280445803584,0.035514557386853766,0.0,0.045934564579544895,0.010492117969111073,0.09424878478095004,0.019578075798032064,0.0004687200467299758,1.5429568067024089e-24,1.5429568067024089e-24,1.5429568067024089e-24,1.5429568067024089e-24,0.021263171122362576,0.028077051912075435,0.03203979758727267,0.199985637198273,0.0,0.008535476401425707,0.03164419796482963,0.05238372411179526,0.11806316094236431,1.5429568067024089e-24,0.09650763711882808,1.5429568067024089e-24
2024930_WZY_DM_assembly_Plate1C9,2024930_WZY_DM_assembly_Plate1,,,C9,Plate1_C9,Xylan,cycle 5,,0.8225,48 h,,"growth curve data NA, so 48 h label rather than 0: 0.05:48 was used",Ho lab/7_Shared data/16s rRNA/Raw reads/2024930_DM_assembly/Plate1,,0.0,0.0,0.0334160290742157,0.0,0.0,0.0,0.0007551644988523,0.004530986993114,not_assessable,review_required,True,,0.0,0.0017815435728514811,0.03543999178851,0.0,0.033022182653925855,0.03454922000208421,0.0041993527074356265,0.035121859007643676,0.0012089045672920222,0.10778338615751526,0.0,0.07094361013319331,0.028250190940930772,0.003690340258049475,0.14099644847996093,0.0,1.974731879712689e-24,1.974731879712689e-24,1.974731879712689e-24,1.974731879712689e-24,0.0009298799528285574,0.0350317605125915,0.0721081185418494,0.010480379515468437,0.0,0.008858361143477244,0.0015307056317188513,0.04016800819876076,0.23401640591217543,1.974731879712689e-24,0.09988935032173712,1.974731879712689e-24
2024930_WZY_DM_assembly_Plate1D10,2024930_WZY_DM_assembly_Plate1,,,D10,Plate1_D10,Sucrose,cycle 5,,1.0385,48 h,,"growth curve data NA, so 48 h label rather than 0: 0.05:48 was used",Ho lab/7_Shared data/16s rRNA/Raw reads/2024930_DM_assembly/Plate1,,0.0,0.0,0.0,0.0,0.0,0.0,0.0,0.0,not_assessable,review_required,True,,0.010762059663421584,0.0,0.0,0.0016443739964634911,0.0034482768134794107,0.0005031293571268891,0.0004785864616572847,0.006638853224528015,0.0020738746671815672,0.004871764750716502,0.0,2.4542895469604598e-05,0.0004417721184528782,0.34093763241601227,0.0,0.0,7.665269800493289e-25,7.665269800493289e-25,7.665269800493289e-25,7.665269800493289e-25,0.00016342739180967404,0.03967346387774871,0.014224052433339386,0.37518823534804635,0.0,0.007875122448393461,4.3865472670638925e-13,0.07314837916459666,1.6694221688284667e-09,7.665269800493289e-25,0.11790245130169542,7.665269800493289e-25
2024930_WZY_DM_assembly_Plate1D11,2024930_WZY_DM_assembly_Plate1,,,D11,Plate1_D11,Sucrose,cycle 5,,1.0475,48 h,,"growth curve data NA, so 48 h label rather than 0: 0.05:48 was used",Ho lab/7_Shared data/16s rRNA/Raw reads/2024930_DM_assembly/Plate1,,0.0,0.0,0.0,0.0,0.0,0.0,0.0,0.0,not_assessable,review_required,True,,0.029945687112794016,0.0,0.0,0.0006431796347662287,0.0014282371301427314,0.004672510876096067,0.00017971195677290088,0.0072641464632424955,8.512671636609189e-05,0.0024308406784548423,0.0,0.0016836172792410874,0.0003026727693017405,0.3248908422733299,0.0,0.0,7.855590623956325e-25,7.855590623956325e-25,7.855590623956325e-25,7.855590623956325e-25,0.001440918002307213,0.03921296698171302,0.010796519145215698,0.37527512444323646,0.0,0.008063362228588786,5.869947504902021e-08,0.07400585692583846,2.2454327323724544e-07,7.855590623956325e-25,0.11767839613984397,7.855590623956325e-25
2024930_WZY_DM_assembly_Plate1D12,2024930_WZY_DM_assembly_Plate1,,,D12,Plate1_D12,Sucrose,cycle 5,,1.0265,48 h,,"growth curve data NA, so 48 h label rather than 0: 0.05:48 was used",Ho lab/7_Shared data/16s rRNA/Raw reads/2024930_DM_assembly/Plate1,,0.0,0.0,0.0002597550483324,0.0,0.0,0.0,0.0,0.0,not_assessable,review_required,True,,0.16645653978444777,0.00011406992618429212,0.0,0.0005988671124676022,0.0020817761528635643,0.003878377490266371,0.0014543915588498752,0.011920307286259925,0.01480057292241359,0.01522833514560478,0.0,0.012291034546358888,0.0017395663743106332,0.14692206492538548,0.0,0.0,1.0721294254386171e-24,1.0721294254386171e-24,1.0721294254386171e-24,1.0721294254386171e-24,0.006193748466953103,0.030436107146554363,0.033083035290924004,0.2842960920879344,0.0,0.008139688665653176,0.029833558204168647,0.0652454607567206,0.06982143925988059,1.0721294254386171e-24,0.0954649668957984,1.0721294254386171e-24
2024930_WZY_DM_assembly_Plate1D1,2024930_WZY_DM_assembly_Plate1,,,D1,Plate1_D1,Maltose,cycle 5,,0.9025,48 h,,"growth curve data NA, so 48 h label rather than 0: 0.05:48 was used",Ho lab/7_Shared data/16s rRNA/Raw reads/2024930_DM_assembly/Plate1,,0.0,0.0,0.0,0.0,0.0,0.0,0.0011149329001032,0.0,not_assessable,review_required,True,,0.0008798368166518723,0.00016423620577502433,0.0,0.00017596736333032835,0.022582478294066153,0.007953724822533377,0.0034372291637201303,0.11077732079525553,0.0014546635368644575,0.0009502237619840804,0.0,0.025210257586466542,0.0007977187137643601,0.26801002550973285,0.0,0.0,1.5001857494453815e-24,1.5001857494453815e-24,1.5001857494453815e-24,1.5001857494453815e-24,5.694307457979042e-07,0.03876667397482183,0.002572255708836778,0.31219825304789395,0.0,0.009430719058288455,3.5206767506728148e-15,0.0694096510832133,1.7026330844510558e-08,1.5001857494453815e-24,0.12522817809972073,1.5001857494453815e-24
2024930_WZY_DM_assembly_Plate1D2,2024930_WZY_DM_assembly_Plate1,,,D2,Plate1_D2,Maltose,cycle 5,,0.9905,48 h,,"growth curve data NA, so 48 h label rather than 0: 0.05:48 was used",Ho lab/7_Shared data/16s rRNA/Raw reads/2024930_DM_assembly/Plate1,,0.0,0.0,0.0,0.0,0.0,0.0,0.0005830267611259,0.0,not_assessable,review_required,True,,0.0005152698828143936,0.0001962932886911863,0.0,0.0,0.013666920225124819,0.0007606364936783764,0.0018525179120232034,0.06579505670318186,0.0007851731547647452,0.00507908884488477,0.0,0.0009691981129127471,0.00044165989955516924,0.31086722763414626,0.0,0.0,1.1507607734601439e-24,1.1507607734601439e-24,1.1507607734601439e-24,1.1507607734601439e-24,7.930864348421924e-08,0.03845372397748182,0.011924246495976303,0.35273908726356484,0.0,0.006692523167201433,8.964436577069703e-17,0.07012400176763041,6.567208100807501e-11,1.1507607734601439e-24,0.11913729580205203,1.1507607734601439e-24
2024930_WZY_DM_assembly_Plate1D3,2024930_WZY_DM_assembly_Plate1,,,D3,Plate1_D3,Maltose,cycle 5,,0.9495,48 h,,"growth curve data NA, so 48 h label rather than 0: 0.05:48 was used",Ho lab/7_Shared data/16s rRNA/Raw reads/2024930_DM_assembly/Plate1,,0.0,0.0,0.0,0.0,0.0,0.0,0.0060086118346234,0.0,not_assessable,review_required,True,,0.009547389010768268,0.0004647406290955679,0.0,0.0007476262294146295,0.0015760769160633261,0.003990707575929593,0.0022327756310897024,0.056011348863174125,0.00014144280015947276,0.0016467983161430916,0.000798141515185907,0.0005960803721008547,0.00041422534332429033,0.3174986741295295,0.0,0.0,1.1329944829834807e-24,1.1329944829834807e-24,1.1329944829834807e-24,1.1329944829834807e-24,9.202810561465343e-08,0.03911484658873504,0.007329180584014106,0.359780195736014,0.0,0.006776173477668275,1.1189070820145867e-15,0.07123164637192086,6.200418127477929e-11,1.1329944829834807e-24,0.1201018378195585,1.1329944829834807e-24
2024930_WZY_DM_assembly_Plate1D4,2024930_WZY_DM_assembly_Plate1,,,D4,Plate1_D4,Maltose,cycle 5,,0.9865,48 h,,"growth curve data NA, so 48 h label rather than 0: 0.05:48 was used",Ho lab/7_Shared data/16s rRNA/Raw reads/2024930_DM_assembly/Plate1,,0.0,0.0,0.0,0.0,0.0,0.0,0.003357591172757,0.0,not_assessable,review_required,True,,0.003912436624883458,0.00020959481919015534,0.0,0.0001746623493251187,0.015812764692237295,0.005437821142323091,0.0018048442763599255,0.050919896906593376,0.0005239870479754206,0.00961807336950512,0.0,0.0022240339147403007,0.0005589195178404572,0.30642762565605114,0.002748020962715721,0.0,1.2598626679272223e-24,1.2598626679272223e-24,1.2598626679272223e-24,1.2598626679272223e-24,4.504449275886116e-09,0.039320568578766875,0.014969574021539188,0.3488925344530086,0.0,0.006022666439337562,6.211264611131878e-15,0.0714042174425138,4.953810342734386e-11,1.2598626679272223e-24,0.11901775323109977,1.2598626679272223e-24
2024930_WZY_DM_assembly_Plate1D5,2024930_WZY_DM_assembly_Plate1,,,D5,Plate1_D5,Maltose,cycle 5,,0.9975,48 h,,"growth curve data NA, so 48 h label rather than 0: 0.05:48 was used",Ho lab/7_Shared data/16s rRNA/Raw reads/2024930_DM_assembly/Plate1,,0.0,0.0,0.0,0.0,0.0,0.0,0.0,0.0,not_assessable,review_required,True,,0.0018270553716382687,0.00013901508262465203,0.0,0.0001489447313835225,0.0045179901853011645,0.001102191012238294,0.0022540302682711472,0.058853028194022466,0.0007248643593999232,0.008380623552514758,0.0005659899792574785,0.001340502582451961,0.0005064120867040488,0.3145116947895173,0.0,0.0,1.0098992510254882e-24,1.0098992510254882e-24,1.0098992510254882e-24,1.0098992510254882e-24,1.5711548663426412e-06,0.03885252274107426,0.014613344839102918,0.35671434022913123,0.0,0.00735791305618879,1.1162288684222354e-16,0.06972093819371963,1.7529565525195033e-10,1.0098992510254882e-24,0.11786702741529588,1.0098992510254882e-24
2024930_WZY_DM_assembly_Plate1D6,2024930_WZY_DM_assembly_Plate1,,,D6,Plate1_D6,Maltose,cycle 5,,0.9395,48 h,,"growth curve data NA, so 48 h label rather than 0: 0.05:48 was used",Ho lab/7_Shared data/16s rRNA/Raw reads/2024930_DM_assembly/Plate1,,0.0,0.0,0.000445235838537,0.0,0.0,0.0,0.0,0.0,not_assessable,review_required,True,,0.006441164604774053,0.00040873911058737626,0.0,0.00018322787715987316,0.0018886565799556075,4.2283356267663525e-05,0.002790701513665781,0.08060617149825587,9.866116462450569e-05,0.0009584227420669959,0.0,0.00023960568551674896,0.0006483447961041251,0.3096973957564569,0.0,0.0,1.0510830755732396e-24,1.0510830755732396e-24,1.0510830755732396e-24,1.0510830755732396e-24,6.267333910114313e-06,0.037864988399011444,0.006780238598891934,0.35509395053633586,0.0,0.007040564584067603,3.863032061557917e-17,0.06932552104999652,5.765677093854322e-10,1.0510830755732396e-24,0.11988509423578322,1.0510830755732396e-24
2024930_WZY_DM_assembly_Plate1D7,2024930_WZY_DM_assembly_Plate1,,,D7,Plate1_D7,Sucrose,cycle 5,,1.0385,48 h,,"growth curve data NA, so 48 h label rather than 0: 0.05:48 was used",Ho lab/7_Shared data/16s rRNA/Raw reads/2024930_DM_assembly/Plate1,,0.0,0.0,0.0,0.0,0.0,0.0,0.0,0.0,not_assessable,review_required,True,,0.12016817740049665,6.646469988965524e-05,0.0,0.0005317175991171719,0.0036887908438758056,0.006280914139572401,0.002758285045420618,0.17240943151376564,0.023727897860606896,0.04080932573224825,0.01635031617285513,0.0,0.00013292939977923424,0.11355493976147597,0.0,3.323234994482762e-05,1.5292036028904697e-24,1.5292036028904697e-24,1.5292036028904697e-24,1.5292036028904697e-24,0.00015858625304981258,0.03840002718393697,0.059108687931576136,0.22111609070905833,0.0,7.154380628992822e-05,1.9049279647681028e-06,0.05047446936640291,0.02422637726871606,1.5292036028904697e-24,0.10592989003395666,1.5292036028904697e-24
2024930_WZY_DM_assembly_Plate1D8,2024930_WZY_DM_assembly_Plate1,,,D8,Plate1_D8,Sucrose,cycle 5,,1.0065,48 h,,"growth curve data NA, so 48 h label rather than 0: 0.05:48 was used",Ho lab/7_Shared data/16s rRNA/Raw reads/2024930_DM_assembly/Plate1,,0.0,0.0,0.0,0.0,0.0,0.0,0.0,0.0,not_assessable,review_required,True,,0.02915092107121666,4.305896760888727e-05,0.0,0.0006286609270897201,0.0011281449513528164,0.0015156756598327884,0.00047364864369772106,0.051644925750099345,0.007733390582556143,0.009972456898218277,0.00015501228339194836,0.002902174416838953,0.00031002456678394725,0.29107000924255616,0.0,0.0,9.875701494251438e-25,9.875701494251438e-25,9.875701494251438e-25,9.875701494251438e-25,2.267197082928486e-05,0.03820431815166639,0.02314967286135873,0.34964355149762266,0.0,0.007627838702182535,5.676411009971861e-13,0.06917385651073384,1.7844500260764607e-08,9.875701494251438e-25,0.11544996849929533,9.875701494251438e-25
2024930_WZY_DM_assembly_Plate1D9,2024930_WZY_DM_assembly_Plate1,,,D9,Plate1_D9,Sucrose,cycle 5,,0.9825,48 h,,"growth curve data NA, so 48 h label rather than 0: 0.05:48 was used",Ho lab/7_Shared data/16s rRNA/Raw reads/2024930_DM_assembly/Plate1,,0.0,5.0899702977136146e-05,8.483283829522691e-05,0.0,0.0,0.0,0.0,0.0,not_assessable,review_required,True,,0.002951237922268419,0.00011382184824174162,0.0,0.00019512316841440052,0.0010813075582966891,0.000130082112276283,0.0,0.0053252364713108355,8.943145218990561e-05,0.00631711257741757,0.00017073277236261244,0.0,0.0004227668648979317,0.3529696815297106,0.0,2.4390396051805408e-05,9.359090427321535e-25,9.359090427321535e-25,9.359090427321535e-25,9.359090427321535e-25,1.604931845554671e-08,0.04032460587560315,0.012764646220653118,0.377224450299634,0.0,0.007741258999707031,5.823580651165095e-17,0.07350710696667069,1.12198699921494e-12,9.359090427321535e-25,0.11864699091385268,9.359090427321535e-25
2024930_WZY_DM_assembly_Plate1E10,2024930_WZY_DM_assembly_Plate1,,,E10,Plate1_E10,Rhamonse,cycle 5,,0.7445,48 h,,"growth curve data NA, so 48 h label rather than 0: 0.05:48 was used",Ho lab/7_Shared data/16s rRNA/Raw reads/2024930_DM_assembly/Plate1,,0.0,0.0,0.000196007020623,0.0,0.0,0.0,0.0,0.0,not_assessable,review_required,True,,0.2932571287539011,0.0001528176804344872,0.0,0.0,0.0874422767446494,0.00024450828869527303,0.0,0.0,0.00021394475260828207,0.002720154711734901,0.0,0.010269348125201656,0.00033619889695596535,0.010361038733462441,0.0,0.018827138229536494,1.8273143348636826e-24,1.8273143348636826e-24,1.8273143348636826e-24,1.8273143348636826e-24,0.0007967876946705179,0.019044719944542716,9.897192029936891e-08,0.022714938759423348,0.0,0.0007992055983540067,0.06025690184500423,0.061383516947763436,0.32487590100485053,1.8273143348636826e-24,0.08630337431629091,1.8273143348636826e-24
2024930_WZY_DM_assembly_Plate1E11,2024930_WZY_DM_assembly_Plate1,,,E11,Plate1_E11,Rhamonse,cycle 5,,0.7305,48 h,,"growth curve data NA, so 48 h label rather than 0: 0.05:48 was used",Ho lab/7_Shared data/16s rRNA/Raw reads/2024930_DM_assembly/Plate1,,0.0,0.0,9.455086720165677e-05,0.0,0.0,0.0,0.0,0.0,not_assessable,review_required,True,,0.05280128759216969,0.0,0.0,0.0,0.01440035116150083,0.00010931943600858838,0.0,0.0,0.0005068446578581554,0.0006757928771442703,0.0,0.015036391516460124,0.0001788863498322642,0.29790540125407106,0.0,0.003667170171562267,1.2317440419700542e-24,1.2317440419700542e-24,1.2317440419700542e-24,1.2317440419700542e-24,5.551752769637682e-08,0.037892046401954545,0.0037985718658939465,0.3716283099137252,0.0,0.009413545944145247,4.4957993958477677e-11,0.07510503323734181,2.876049355966567e-08,1.2317440419700542e-24,0.11688096329735283,1.2317440419700542e-24
2024930_WZY_DM_assembly_Plate1E12,2024930_WZY_DM_assembly_Plate1,,,E12,Plate1_E12,Rhamonse,cycle 5,,0.6965,48 h,,"growth curve data NA, so 48 h label rather than 0: 0.05:48 was used",Ho lab/7_Shared data/16s rRNA/Raw reads/2024930_DM_assembly/Plate1,,0.0,0.0,1.34254708070703e-05,0.0,0.0,0.0,0.0,0.0,not_assessable,review_required,True,,0.06259391976203918,0.0,0.00011859722244798434,0.0,0.009885925614061385,6.776984139883917e-05,0.0,5.082738104915891e-05,0.00030496428629493407,0.008234035729963724,0.0,0.023507663735235947,0.00015248214314743548,0.23276399151462324,0.06998083247451693,0.003244481156971295,1.2323866829727672e-24,1.2323866829727672e-24,1.2323866829727672e-24,1.2323866829727672e-24,1.537198419822341e-08,0.03497253091501895,0.011599956178071325,0.33820572955330913,0.0,0.009483486642232242,6.760409485768556e-11,0.07382913441388969,0.0045988952444308145,1.2323866829727672e-24,0.11640476075170941,1.2323866829727672e-24
2024930_WZY_DM_assembly_Plate1E1,2024930_WZY_DM_assembly_Plate1,,,E1,Plate1_E1,Lactose,cycle 5,,0.8715,48 h,,"growth curve data NA, so 48 h label rather than 0: 0.05:48 was used",Ho lab/7_Shared data/16s rRNA/Raw reads/2024930_DM_assembly/Plate1,,0.0,0.0113128848711759,0.0,0.0,0.0,0.0,0.0015670599536923,0.0079211660672939,not_assessable,review_required,True,,0.006328325416722975,0.0004815030208374731,0.0,0.01083381796884643,0.008219944427156399,0.0018572259375164715,0.013275726145951388,0.5240472520359157,0.0008254337500073028,0.1119150592718296,0.0,0.01159046557301983,0.006053180833387208,0.05833065166718594,0.0,0.0005158960937545843,3.1292356351371218e-24,3.1292356351371218e-24,3.1292356351371218e-24,3.1292356351371218e-24,1.1359872455939428e-07,0.03670650559432782,0.07556865253838314,0.0004177599539363433,0.0,1.023714740657341e-12,3.9932465984592187e-20,2.123702367747836e-10,8.675754816203064e-09,3.1292356351371218e-24,0.13303247728334805,3.1292356351371218e-24
2024930_WZY_DM_assembly_Plate1E2,2024930_WZY_DM_assembly_Plate1,,,E2,Plate1_E2,Lactose,cycle 5,,0.8545,48 h,,"growth curve data NA, so 48 h label rather than 0: 0.05:48 was used",Ho lab/7_Shared data/16s rRNA/Raw reads/2024930_DM_assembly/Plate1,,0.0,0.003867179289192,0.0001649507753683,0.0,0.0,0.0,0.0003115736868069,0.0039954743367007,not_assessable,review_required,True,,0.04633142226905543,0.0010774749364896139,0.0,0.013012581925298009,0.038167477557960565,0.0014090056861786038,0.015706269266522157,0.30475964165172964,0.005428816026159391,0.051843120982637006,0.04910799229770177,0.00874412352305065,0.03485217006106931,0.17040680534021105,0.0,0.0,4.416233378082302e-24,4.416233378082302e-24,4.416233378082302e-24,4.416233378082302e-24,1.4101977948718387e-10,0.053931951791867466,0.0500445189612839,8.084243978546981e-05,0.0,2.586832802323969e-13,1.4329807643069042e-15,3.2528743554282986e-09,2.9627680380627555e-09,4.416233378082302e-24,0.1550957789260777,4.416233378082302e-24
2024930_WZY_DM_assembly_Plate1E3,2024930_WZY_DM_assembly_Plate1,,,E3,Plate1_E3,Lactose,cycle 5,,0.9325,48 h,,"growth curve data NA, so 48 h label rather than 0: 0.05:48 was used",Ho lab/7_Shared data/16s rRNA/Raw reads/2024930_DM_assembly/Plate1,,0.0,0.0090892476393542,0.0,0.0,0.0,0.0,0.0006898089726295,0.0091298246377442,not_assessable,review_required,True,,0.021795494626931446,0.005671276663129921,0.0,0.019349061556561666,0.03536207801716449,0.019571464562958794,0.0013344180383833176,0.4855057629652219,0.0028912390831643113,0.10864386862506223,0.018237046524575203,0.0,0.026354756258075453,0.03614048853955485,0.0,0.0,5.352550571815797e-24,5.352550571815797e-24,5.352550571815797e-24,5.352550571815797e-24,6.236597060717292e-12,0.004400105969090912,0.07956967440220303,1.2998860439636632e-10,0.0,7.198460512144175e-18,1.5723941091124476e-17,1.762759063245402e-14,4.443413621638811e-12,5.352550571815797e-24,0.13517326402723623,5.352550571815797e-24
2024930_WZY_DM_assembly_Plate1E4,2024930_WZY_DM_assembly_Plate1,,,E4,Plate1_E4,Lactose,cycle 5,,0.8065,48 h,,"growth curve data NA, so 48 h label rather than 0: 0.05:48 was used",Ho lab/7_Shared data/16s rRNA/Raw reads/2024930_DM_assembly/Plate1,,0.0,0.0011865663196016,0.0,0.0,0.0,0.0,0.0,0.0090361588954277,not_assessable,review_required,True,,0.00973983102013884,0.00021644068933642812,0.0,0.040690849595248234,0.13743983772863147,0.00021644068933642812,0.0019479662040277677,0.4313662938475009,0.008224746194784171,0.009956271709475627,0.011904237913503394,0.0,0.05822254543149909,0.14047000737934176,0.0,0.0,9.262970449941293e-24,9.262970449941293e-24,9.262970449941293e-24,9.262970449941293e-24,1.535706583040578e-14,5.676388079949157e-11,1.8608974121404973e-13,1.1864681564120382e-12,0.0,1.3291222377305315e-18,5.513396703243943e-18,1.5279175723654389e-15,5.662371549432223e-14,9.262970449941293e-24,0.14960453153896597,9.262970449941293e-24
2024930_WZY_DM_assembly_Plate1E5,2024930_WZY_DM_assembly_Plate1,,,E5,Plate1_E5,Lactose,cycle 5,,0.9085,48 h,,"growth curve data NA, so 48 h label rather than 0: 0.05:48 was used",Ho lab/7_Shared data/16s rRNA/Raw reads/2024930_DM_assembly/Plate1,,0.0,0.0037769341903526,0.0,0.0,0.0,0.0,0.0007232427173015,0.0005625221134567,not_assessable,review_required,True,,0.0,0.0019482759208130202,0.0,0.01091706334938389,0.07144798075119925,0.00859928682289931,0.0016459572434455755,0.42986356825251393,0.007557966934188875,0.086597505583729,0.0021834126698767275,0.0,0.028451546636702196,0.014175386872123172,0.0014108204943818683,0.0,2.449244849377327e-24,2.449244849377327e-24,2.449244849377327e-24,2.449244849377327e-24,0.012119770309114859,0.03381645465076301,0.06924590829986943,0.10103219995251822,0.0,5.553002996080423e-13,1.1919074544119818e-11,4.623607084865796e-07,0.001860739618980585,2.449244849377327e-24,0.11712569326431417,2.449244849377327e-24
2024930_WZY_DM_assembly_Plate1E6,2024930_WZY_DM_assembly_Plate1,,,E6,Plate1_E6,Lactose,cycle 5,,0.9105,48 h,,"growth curve data NA, so 48 h label rather than 0: 0.05:48 was used",Ho lab/7_Shared data/16s rRNA/Raw reads/2024930_DM_assembly/Plate1,,0.0,0.0106111888975826,0.0005249351398097,0.0,0.0,0.0,0.0032620969402462,0.0106111888975826,not_assessable,review_required,True,,0.04706809155276497,0.0,0.0,0.03165889491346691,0.0944163503171538,0.04860901121669463,0.016109614668356927,0.07494472910931332,0.00686409668477824,0.02059229005433472,0.017650534332286583,0.0,0.06836079963615856,0.34544617193190097,0.0,0.0,7.29692262134465e-24,7.29692262134465e-24,7.29692262134465e-24,7.29692262134465e-24,2.2662052839806048e-13,0.023587947993383263,5.551137038281574e-07,9.389792211968936e-07,0.0,7.273442613889722e-16,2.2527428127099738e-12,3.000869708519066e-09,8.824519588796763e-12,7.29692262134465e-24,0.20468997048430787,7.29692262134465e-24
2024930_WZY_DM_assembly_Plate1E7,2024930_WZY_DM_assembly_Plate1,,,E7,Plate1_E7,Rhamonse,cycle 5,,0.7245,48 h,,"growth curve data NA, so 48 h label rather than 0: 0.05:48 was used",Ho lab/7_Shared data/16s rRNA/Raw reads/2024930_DM_assembly/Plate1,,0.0,0.0,0.0002253293084522,0.0,0.0,0.0,0.0,0.0,not_assessable,review_required,True,,0.05929487504762144,0.0001543383765676917,0.0,0.0,0.0011189532301161468,6.752303974838955e-05,0.00011575378242575059,0.0,0.0005305381694515993,0.006433981073167935,0.0,0.0,0.0009356764079419447,0.31660588723166305,0.0,0.0036751825920194733,1.4213964343662859e-24,1.4213964343662859e-24,1.4213964343662859e-24,1.4213964343662859e-24,5.090597883260382e-11,0.0391233368587952,0.010546455536045433,0.3636923094015671,0.0,0.004675438338921497,3.598247066640139e-13,0.0751672780020075,4.738693285704956e-11,1.4213964343662859e-24,0.11786247281328704,1.4213964343662859e-24
2024930_WZY_DM_assembly_Plate1E8,2024930_WZY_DM_assembly_Plate1,,,E8,Plate1_E8,Rhamonse,cycle 5,,0.7565,48 h,,"growth curve data NA, so 48 h label rather than 0: 0.05:48 was used",Ho lab/7_Shared data/16s rRNA/Raw reads/2024930_DM_assembly/Plate1,,0.0,0.0,0.0007310944672626,0.0,0.0,0.0,0.0,0.0,not_assessable,review_required,True,,0.19786435742752004,0.0005072000047985099,0.0,0.0,0.0054664889406064975,0.0002254222243549001,0.0,0.0,0.0015216000143955912,0.017752000167948957,0.0,0.0,0.001070755565685791,0.12550382340959473,0.00811520007677665,0.02676888914214521,1.2044347253554636e-24,1.2044347253554636e-24,1.2044347253554636e-24,1.2044347253554636e-24,0.0058863981881578245,0.02777769345027671,0.020215369228255453,0.24538453613187153,0.0,0.004227039129334216,0.031746802988496206,0.06382180431475867,0.1280696726888293,1.2044347253554636e-24,0.08807494690619332,1.2044347253554636e-24
2024930_WZY_DM_assembly_Plate1E9,2024930_WZY_DM_assembly_Plate1,,,E9,Plate1_E9,Rhamonse,cycle 5,,0.8905,48 h,,"growth curve data NA, so 48 h label rather than 0: 0.05:48 was used",Ho lab/7_Shared data/16s rRNA/Raw reads/2024930_DM_assembly/Plate1,,0.0,0.0,0.0008689621523663,0.0,0.0,0.0,0.0,0.0,not_assessable,review_required,True,,0.14432459495908787,0.0,0.0,0.0,0.0272592106686962,0.0,0.0,0.0,0.0011139076063537761,0.014522833131895918,0.00010508562324088395,0.02967618000323748,0.00044135961761184806,0.005128178414157169,0.2414026937090554,0.006641411388826507,1.3226974282684997e-24,1.3226974282684997e-24,1.3226974282684997e-24,1.3226974282684997e-24,4.005331112903792e-08,0.022297005445107494,0.01341259105441793,0.005812335198932501,0.0,0.006146170956589591,0.004653889592364516,0.06837386498704622,0.3017776779718923,1.3226974282684997e-24,0.1069109696181751,1.3226974282684997e-24
2024930_WZY_DM_assembly_Plate1F10,2024930_WZY_DM_assembly_Plate1,,,F10,Plate1_F10,Ribose,cycle 5,,0.9365,48 h,,"growth curve data NA, so 48 h label rather than 0: 0.05:48 was used",Ho lab/7_Shared data/16s rRNA/Raw reads/2024930_DM_assembly/Plate1,,0.0,0.0,0.0002175630154489,0.0,0.0,0.0,0.0,0.0,not_assessable,review_required,True,,0.023947331797979483,0.00141624005256866,0.0,0.0,0.030813950234676164,0.0006866618436695888,0.029569375643024875,0.0,0.028539382877520378,0.04004096875898727,0.0,0.0,0.001888320070091547,0.25530945674942684,0.0,0.0078966112022011,1.5410896133355102e-24,1.5410896133355102e-24,1.5410896133355102e-24,1.5410896133355102e-24,8.646535274991432e-12,0.03982367823454885,0.0626943073012457,0.300541028879906,0.0,0.0006737518201154202,2.1083487146677753e-11,0.06573160836636079,1.6709813630580154e-09,1.5410896133355102e-24,0.11042732446696606,1.5410896133355102e-24
2024930_WZY_DM_assembly_Plate1F11,2024930_WZY_DM_assembly_Plate1,,,F11,Plate1_F11,Ribose,cycle 5,,0.9335,48 h,,"growth curve data NA, so 48 h label rather than 0: 0.05:48 was used",Ho lab/7_Shared data/16s rRNA/Raw reads/2024930_DM_assembly/Plate1,,0.0,0.0,0.0,0.0,0.0,0.0,0.0,0.0,not_assessable,review_required,True,,0.0016542244512927297,0.0005279439738167915,0.0,0.00017598132460555256,0.053322341355499694,0.0010910842125547607,0.002886093723531999,0.0,0.0403349195996057,0.051175369195311286,0.0,0.00591297250674844,0.0010910842125547607,0.24559953661958894,0.0,0.00439953311514022,1.307400089150373e-24,1.307400089150373e-24,1.307400089150373e-24,1.307400089150373e-24,1.1020329342415937e-10,0.04113069122859701,0.0817201485979669,0.2934937739296929,0.0,0.005738979212847519,4.370458947871201e-12,0.0646228238544347,3.3401798175564747e-10,1.307400089150373e-24,0.1051224984376184,1.307400089150373e-24
2024930_WZY_DM_assembly_Plate1F12,2024930_WZY_DM_assembly_Plate1,,,F12,Plate1_F12,Ribose,cycle 5,,0.8465,48 h,,"growth curve data NA, so 48 h label rather than 0: 0.05:48 was used",Ho lab/7_Shared data/16s rRNA/Raw reads/2024930_DM_assembly/Plate1,,0.0,0.0,0.0,0.0,0.0,0.0,0.0,0.0,not_assessable,review_required,True,,0.0002023475926434716,2.5941999056858436e-05,0.0,0.0,0.026855157423659844,0.00017121719377523,6.744919754779102e-05,2.5941999056858436e-05,0.003699329065508008,0.00026979679019131184,0.0,0.0022465771183239115,0.00026979679019131184,0.336581872563304,0.0,0.0003476227873618665,9.620987984539273e-25,9.620987984539273e-25,9.620987984539273e-25,9.620987984539273e-25,1.0254629355877119e-07,0.039341291206793756,0.013205042900530217,0.37640321800031995,0.0,0.008085147703679725,1.4036766490520795e-13,0.07395984518481935,8.883375242947185e-11,9.620987984539273e-25,0.11824230184796904,9.620987984539273e-25
2024930_WZY_DM_assembly_Plate1F1,2024930_WZY_DM_assembly_Plate1,high other species,,F1,Plate1_F1,Glucuronic_acid,cycle 5,,0.8065,48 h,,"growth curve data NA, so 48 h label rather than 0: 0.05:48 was used",Ho lab/7_Shared data/16s rRNA/Raw reads/2024930_DM_assembly/Plate1,,0.0,0.0,0.0674804507619858,0.0,0.0,0.0,0.0,0.0,not_assessable,review_required,False,high other species,0.026922966148246356,0.00012759699596325406,0.02118110132990007,0.0,0.6054902781776282,0.0,0.0014886316195710904,0.0,0.0010633082996937225,0.10348116372619894,0.0,0.009654839361219402,0.0053165414984689165,0.00165876094752228,0.0,8.506466397550271e-05,5.9274452420255534e-24,5.9274452420255534e-24,5.9274452420255534e-24,5.9274452420255534e-24,7.858882802330215e-13,1.613759926856597e-05,0.07330080389204859,0.00013059262584597914,0.0,3.1659781805574115e-13,2.524186475185699e-05,1.31091815461041e-07,0.009358327540233715,5.9274452420255534e-24,0.14069851261654562,5.9274452420255534e-24
2024930_WZY_DM_assembly_Plate1F2,2024930_WZY_DM_assembly_Plate1,high other species,,F2,Plate1_F2,Glucuronic_acid,cycle 5,,0.8425,48 h,,"growth curve data NA, so 48 h label rather than 0: 0.05:48 was used",Ho lab/7_Shared data/16s rRNA/Raw reads/2024930_DM_assembly/Plate1,,0.0,0.0,0.0087539039039039,0.0,0.0,0.0,0.0004048048048048,0.0,not_assessable,review_required,False,high other species,0.1261584370240417,0.0003067060867683313,0.01410847999134324,0.0,0.09855488921489147,0.0,0.001840236520609988,0.0006134121735366626,0.027910253895918353,0.2268602688463117,0.0,0.13035008687654223,0.006440827822134957,0.024332016216954487,0.0,0.0006134121735366626,3.946167427587767e-24,3.946167427587767e-24,3.946167427587767e-24,3.946167427587767e-24,2.7349973272730217e-12,0.04960046296989296,0.17041920534656002,0.00015438275482267442,0.0,0.0152437572924455,5.764697313318328e-12,2.6004340400077763e-07,6.626284019045642e-05,3.946167427587767e-24,0.1064266419015949,3.946167427587767e-24
2024930_WZY_DM_assembly_Plate1F3,2024930_WZY_DM_assembly_Plate1,high other species,,F3,Plate1_F3,Glucuronic_acid,cycle 5,,0.8805,48 h,,"growth curve data NA, so 48 h label rather than 0: 0.05:48 was used",Ho lab/7_Shared data/16s rRNA/Raw reads/2024930_DM_assembly/Plate1,,0.0,0.0,0.1573495764641588,0.0,0.0,0.0,0.0002205460424446,0.0,not_assessable,review_required,False,high other species,0.21257872697223468,6.645854323850607e-05,0.0001550699342230734,0.0,0.1739220076551704,0.0,0.00039875125943096535,0.00011076423873082985,0.0007753496711158089,0.04742924702454715,0.0,0.0030792458367174453,0.0028355645115095535,0.0015063936467393743,0.0,0.00026583417295401374,2.1580078382771338e-24,2.1580078382771338e-24,2.1580078382771338e-24,2.1580078382771338e-24,1.9587832892472588e-07,0.020734239393282512,0.036777536107883466,0.022775673421289153,0.0,1.0455205877047523e-07,0.05593354848879681,0.04440118784586599,0.2923367513855539,2.1580078382771338e-24,0.08391734946032858,2.1580078382771338e-24
2024930_WZY_DM_assembly_Plate1F4,2024930_WZY_DM_assembly_Plate1,high other species,,F4,Plate1_F4,Glucuronic_acid,cycle 5,,0.8055,48 h,,"growth curve data NA, so 48 h label rather than 0: 0.05:48 was used",Ho lab/7_Shared data/16s rRNA/Raw reads/2024930_DM_assembly/Plate1,,0.0,0.0,0.1352952305765775,0.0,0.0,0.0,0.0001608047040888,0.0,not_assessable,review_required,False,high other species,0.14330841885009427,0.0009829109660500221,0.0022228909539900583,0.0,0.25886850504323766,0.0,0.00019658219321000444,4.536512151000135e-05,0.003765305085330037,0.01740508495267043,0.0,0.0,0.0002268256075499574,0.0014819273026599696,0.0,0.00027219072905999023,2.020341564765176e-24,2.020341564765176e-24,2.020341564765176e-24,2.020341564765176e-24,2.6376032162819055e-06,0.017366776830317374,0.020943933607224862,0.018172853453125762,0.0,2.98861047164804e-07,0.062030849190871755,0.0544119160446647,0.3120972379174907,2.020341564765176e-24,0.08619748968667898,2.020341564765176e-24
2024930_WZY_DM_assembly_Plate1F5,2024930_WZY_DM_assembly_Plate1,high other species,,F5,Plate1_F5,Glucuronic_acid,cycle 5,,0.8725,48 h,,"growth curve data NA, so 48 h label rather than 0: 0.05:48 was used",Ho lab/7_Shared data/16s rRNA/Raw reads/2024930_DM_assembly/Plate1,,0.0,0.0,0.2489384576918955,0.0,0.0,0.0,0.0,0.0,not_assessable,review_required,False,high other species,0.03930031272564872,0.0016046312424795777,0.0007102466155237309,0.0,0.35943739831543836,0.0,0.0,0.0,0.004629755716006786,0.003077735333936336,0.0,0.0,0.0003682760228641473,0.0005787194645008271,0.0,0.0,1.648623588461998e-24,1.648623588461998e-24,1.648623588461998e-24,1.648623588461998e-24,0.0020998144846803273,0.019067612141062708,0.010319261477365314,0.02693145539271692,0.0,0.0001955761637120393,0.06517646759177513,0.06640574704027584,0.31478075553047136,1.648623588461998e-24,0.08531623474154194,1.648623588461998e-24
2024930_WZY_DM_assembly_Plate1F6,2024930_WZY_DM_assembly_Plate1,high other species,,F6,Plate1_F6,Glucuronic_acid,cycle 5,,0.9325,48 h,,"growth curve data NA, so 48 h label rather than 0: 0.05:48 was used",Ho lab/7_Shared data/16s rRNA/Raw reads/2024930_DM_assembly/Plate1,,0.0,0.0,0.3227714802952235,0.0,0.0,0.0,0.0002856844450633,0.0,not_assessable,review_required,False,high other species,0.03990419111402524,0.00031923352891211765,0.026633197269246525,0.0,0.426313575467324,0.0,0.001094514956270268,0.0,0.0015049580648716625,0.03288105347795672,0.0,0.0,0.006749508897000689,0.013407808214312452,0.0,0.0,3.4296246216705254e-24,3.4296246216705254e-24,3.4296246216705254e-24,3.4296246216705254e-24,2.4808657725631005e-09,0.00099119873450989,0.02134594874732472,0.008162054891365445,0.0,1.2039257929299023e-11,0.03612207296323826,0.0009164085321304149,0.2748263536617707,3.4296246216705254e-24,0.1088279189868359,3.4296246216705254e-24
2024930_WZY_DM_assembly_Plate1F7,2024930_WZY_DM_assembly_Plate1,,,F7,Plate1_F7,Ribose,cycle 5,,0.9915,48 h,,"growth curve data NA, so 48 h label rather than 0: 0.05:48 was used",Ho lab/7_Shared data/16s rRNA/Raw reads/2024930_DM_assembly/Plate1,,0.0,0.0,0.0,0.0,0.0,0.0,0.0,0.0,not_assessable,review_required,True,,0.024708811294470678,0.0001045801832440569,0.0,0.00011155219546033514,0.009837509237160858,0.0,0.0004950128673553661,0.0,0.005333589345448654,0.004747940319281749,0.0,0.0,2.0916036648818296e-05,0.326868848735516,0.0,0.0005647329895180708,7.603526702154034e-25,7.603526702154034e-25,7.603526702154034e-25,7.603526702154034e-25,0.0005469512945263126,0.039121733192953596,0.017627382400311975,0.3723075001810524,0.0,0.007930786565387747,1.7157407513534186e-09,0.07322193600187667,8.764890114946614e-08,7.603526702154034e-25,0.1164501277951449,7.603526702154034e-25
2024930_WZY_DM_assembly_Plate1F8,2024930_WZY_DM_assembly_Plate1,,,F8,Plate1_F8,Ribose,cycle 5,,1.0275,48 h,,"growth curve data NA, so 48 h label rather than 0: 0.05:48 was used",Ho lab/7_Shared data/16s rRNA/Raw reads/2024930_DM_assembly/Plate1,,0.0,0.0,0.0,0.0,0.0,0.0,0.0,0.0,not_assessable,review_required,True,,0.03137608871408705,0.00020736904602662226,0.0,0.00013248577940588044,0.015189782621451715,8.640376917772846e-05,0.001388220558122806,1.152050255703582e-05,0.014354546186066608,0.0007545929174858294,2.304100511407164e-05,0.0,0.00029953306648292625,0.31064459119919235,0.0,0.0007142711585362118,8.024912113250002e-25,8.024912113250002e-25,8.024912113250002e-25,8.024912113250002e-25,0.000428379679606,0.03855047400924643,0.025051615141580805,0.3651051812686913,0.0,0.007870639921109954,8.935281579612544e-08,0.07214942119549299,4.022890707419784e-07,8.024912113250002e-25,0.1156613506186791,8.024912113250002e-25
2024930_WZY_DM_assembly_Plate1F9,2024930_WZY_DM_assembly_Plate1,,,F9,Plate1_F9,Ribose,cycle 5,,1.0255,48 h,,"growth curve data NA, so 48 h label rather than 0: 0.05:48 was used",Ho lab/7_Shared data/16s rRNA/Raw reads/2024930_DM_assembly/Plate1,,0.0,0.0,0.0,0.0,0.0,0.0,0.0,0.0,not_assessable,review_required,True,,0.028137354480821664,6.385921931747882e-05,0.0,2.947348583884951e-05,0.007987314662328202,0.0,0.00010806944807574979,0.0,0.0004568390305021475,0.0007908718700091071,0.0,0.0122265843754827,0.0002554368772700005,0.32264133723024574,0.0,7.368371459710406e-05,8.320272872818656e-25,8.320272872818656e-25,8.320272872818656e-25,8.320272872818656e-25,0.0005130564040702866,0.0386972086130041,0.009632720193471257,0.3770297179771991,0.0,0.009370196826989714,1.6652738822294305e-10,0.07434776615161102,2.1201462456067178e-07,8.320272872818656e-25,0.11763829725801386,8.320272872818656e-25
2024930_WZY_DM_assembly_Plate1G10,2024930_WZY_DM_assembly_Plate1,,,G10,Plate1_G10,Acetate,cycle 5,,0.2295,48 h,,"growth curve data NA, so 48 h label rather than 0: 0.05:48 was used",Ho lab/7_Shared data/16s rRNA/Raw reads/2024930_DM_assembly/Plate1,,0.0,0.0,0.0002603905410247,0.0,0.0,0.0,0.0,0.0,not_assessable,review_required,True,,0.7798207158402035,0.001303944186053354,0.0,0.003352999335565379,0.04278178781860794,0.010679923809579571,0.0,0.0,0.0004967406423059317,0.008817146400931987,0.0,0.0,0.0,0.0,0.0,6.209258028825573e-05,8.84908045264102e-24,8.84908045264102e-24,8.84908045264102e-24,8.84908045264102e-24,4.1478972195289805e-15,2.951707232475315e-11,6.539736455646019e-16,8.044305220233067e-08,0.0,1.0972876105830609e-15,6.82671688981946e-08,1.5853028627122225e-10,1.2528954165157126e-05,8.84908045264102e-24,0.15267197153402454,8.84908045264102e-24
2024930_WZY_DM_assembly_Plate1G11,2024930_WZY_DM_assembly_Plate1,,,G11,Plate1_G11,Acetate,cycle 5,,0.3265,48 h,,"growth curve data NA, so 48 h label rather than 0: 0.05:48 was used",Ho lab/7_Shared data/16s rRNA/Raw reads/2024930_DM_assembly/Plate1,,0.0,0.0,0.0,0.0,0.0,0.0,0.0,0.0,not_assessable,review_required,True,,0.561245555551872,0.000513647549315097,0.0,0.0005992554742010262,0.002482629821690513,0.0011985109484022917,0.0,0.0,0.005050867568267194,0.030647637109147363,0.0,0.05110793115687417,0.0,0.0,0.0,0.0,4.67553810662414e-24,4.67553810662414e-24,4.67553810662414e-24,4.67553810662414e-24,1.2524665059164197e-11,4.0941917835468476e-05,0.004113731181639683,0.0014107233147325896,0.0,1.4435630729073424e-07,0.00029718693799493965,1.0300677790329509e-05,0.20798314134082158,4.67553810662414e-24,0.13329779508058365,4.67553810662414e-24
2024930_WZY_DM_assembly_Plate1G12,2024930_WZY_DM_assembly_Plate1,,,G12,Plate1_G12,Acetate,cycle 5,,0.0915,48 h,,"growth curve data NA, so 48 h label rather than 0: 0.05:48 was used",Ho lab/7_Shared data/16s rRNA/Raw reads/2024930_DM_assembly/Plate1,,0.0,0.0,0.0,0.0,0.0,0.0,2.775951863275522e-05,0.0,not_assessable,review_required,True,,0.7450837975800865,0.00044692737352033425,0.0,0.0005027932952103761,0.04122905020724972,0.0010055865904207522,0.0,0.0,0.006424580994354302,0.023296089344746362,0.0,0.1820111728661551,0.0,0.0,0.0,0.0,2.358393812465754e-23,2.358393812465754e-23,2.358393812465754e-23,2.358393812465754e-23,2.846205170852684e-19,2.979115382813057e-17,1.9891639941523636e-18,3.3142584543126035e-16,0.0,4.856470207535523e-16,1.1546156501018597e-17,1.3514435450016716e-17,4.428774540262632e-15,2.358393812465754e-23,1.7482512981490968e-09,2.358393812465754e-23
2024930_WZY_DM_assembly_Plate1G1,2024930_WZY_DM_assembly_Plate1,,,G1,Plate1_G1,Arabinose,cycle 5,,0.7565,48 h,,"growth curve data NA, so 48 h label rather than 0: 0.05:48 was used",Ho lab/7_Shared data/16s rRNA/Raw reads/2024930_DM_assembly/Plate1,,0.0,0.0,0.0004377260234341,0.0,0.0,0.0,0.0,0.0,not_assessable,review_required,True,,0.16147907142783743,5.760937261071618e-05,0.0,0.0,0.04660598244206932,0.017109983665382685,0.0003168515493589386,0.08305831296149999,0.001166589795366987,0.061037130281053745,0.0,0.04797420504157385,0.0,0.011881933100960198,0.0,0.0,1.542311398315695e-24,1.542311398315695e-24,1.542311398315695e-24,1.542311398315695e-24,0.003979533865705664,0.028804084651338085,0.04458849463355546,0.1048519882798573,0.0,0.01091984482612921,0.03458454937275102,0.051267138451522344,0.20561812000116567,1.542311398315695e-24,0.08469857628026127,1.542311398315695e-24
2024930_WZY_DM_assembly_Plate1G2,2024930_WZY_DM_assembly_Plate1,,,G2,Plate1_G2,Arabinose,cycle 5,,0.7425,48 h,,"growth curve data NA, so 48 h label rather than 0: 0.05:48 was used",Ho lab/7_Shared data/16s rRNA/Raw reads/2024930_DM_assembly/Plate1,,0.0,0.0,0.0013230329175654,0.0,0.0,0.0,0.0,0.0,not_assessable,review_required,True,,0.030555273060978626,0.002521551660371831,0.0,0.0,0.010531186346259425,0.004647565805391393,0.014585445878622415,0.6828460780666279,0.0048947767524867205,0.010926723861611908,0.0,0.006378042435058474,0.0,0.0639287509188436,0.0,0.0003460953259332883,4.160369837242971e-24,4.160369837242971e-24,4.160369837242971e-24,4.160369837242971e-24,4.2041511212555715e-09,0.0028101887166083576,6.557916434858844e-08,1.2315097619903326e-06,0.0,7.531379559278528e-15,2.4191096744515466e-20,1.1299738493867482e-12,8.101017416389179e-10,4.160369837242971e-24,0.16502701906688932,4.160369837242971e-24
2024930_WZY_DM_assembly_Plate1G3,2024930_WZY_DM_assembly_Plate1,,,G3,Plate1_G3,Arabinose,cycle 5,,0.6975,48 h,,"growth curve data NA, so 48 h label rather than 0: 0.05:48 was used",Ho lab/7_Shared data/16s rRNA/Raw reads/2024930_DM_assembly/Plate1,,0.0,0.0,0.0005476700993567,0.0,0.0,0.0,0.0,0.0,not_assessable,review_required,True,,0.00517078957245971,0.0031550580442125534,0.0,0.0,0.05753598905626788,0.02751911738563309,0.01958765202448721,0.01218202967071006,0.008457308368514601,0.21712934179269472,0.0,0.0,0.0001314607518421966,0.2979338839250315,0.0,0.0,4.063115923453047e-24,4.063115923453047e-24,4.063115923453047e-24,4.063115923453047e-24,1.1921569458656803e-17,0.06694867463790033,0.14720697241592529,0.00035977609008123606,0.0,1.834248804076326e-13,1.983874939966525e-15,1.1821867018456908e-05,2.370229417637732e-14,4.063115923453047e-24,0.13667012439701215,4.063115923453047e-24
2024930_WZY_DM_assembly_Plate1G4,2024930_WZY_DM_assembly_Plate1,,,G4,Plate1_G4,Arabinose,cycle 5,,0.6885,48 h,,"growth curve data NA, so 48 h label rather than 0: 0.05:48 was used",Ho lab/7_Shared data/16s rRNA/Raw reads/2024930_DM_assembly/Plate1,,0.0,0.0,0.0011817952342487,0.0,0.0,0.0,0.0,0.0,not_assessable,review_required,True,,0.01115516087970375,0.0003400963682835703,0.0,0.0,0.10447760433673804,0.04700131809680086,0.022854475948661503,0.2824160242227455,0.005169464797911443,0.10277712249531991,0.0,0.0,0.0004081156419402844,0.1643345651546611,0.002856809493582578,0.0,5.733105990402544e-24,5.733105990402544e-24,5.733105990402544e-24,5.733105990402544e-24,1.7789962114978254e-15,0.02039933964089117,0.07874803042397917,9.55010811087958e-09,0.0,1.229910961385812e-16,4.6887911737262665e-15,1.8091494268680233e-11,1.7822572066725864e-12,5.733105990402544e-24,0.15706186292879273,5.733105990402544e-24
2024930_WZY_DM_assembly_Plate1G5,2024930_WZY_DM_assembly_Plate1,,,G5,Plate1_G5,Arabinose,cycle 5,,0.6635,48 h,,"growth curve data NA, so 48 h label rather than 0: 0.05:48 was used",Ho lab/7_Shared data/16s rRNA/Raw reads/2024930_DM_assembly/Plate1,,0.0,0.0,0.0011377058274705,0.0,0.0,0.0,0.0,0.0,not_assessable,review_required,True,,0.0016460109107758413,0.0026233298890489588,0.0,0.0,0.0780826425799295,0.028959504461462417,0.01522560092467653,0.6025943068668483,0.0048865948913655866,0.07365898825721952,0.0,0.0,0.0,0.0013888217059670775,0.0,0.0,6.0047053357548196e-24,6.0047053357548196e-24,6.0047053357548196e-24,6.0047053357548196e-24,8.50826494321486e-14,1.7280850519994205e-07,0.048869640968949274,3.076355856709142e-12,0.0,1.4494741392484453e-18,2.0971063170193883e-18,4.928801875987693e-16,8.650100921284637e-13,6.0047053357548196e-24,0.14206438573122476,6.0047053357548196e-24
2024930_WZY_DM_assembly_Plate1G6,2024930_WZY_DM_assembly_Plate1,,,G6,Plate1_G6,Arabinose,cycle 5,,0.8365,48 h,,"growth curve data NA, so 48 h label rather than 0: 0.05:48 was used",Ho lab/7_Shared data/16s rRNA/Raw reads/2024930_DM_assembly/Plate1,,0.0,0.0,8.330290456431536e-05,0.0,0.0,0.0,0.0,0.0,not_assessable,review_required,True,,0.003936785720116046,4.800958195263653e-05,0.0,0.0,0.005377073178695222,0.002640527007394926,0.010130021792006227,0.5390995957461556,0.004464891121595066,0.013106615873069603,0.0,0.06020401576860617,0.0,0.13279450368099255,0.0,0.0,3.376906792446147e-24,3.376906792446147e-24,3.376906792446147e-24,3.376906792446147e-24,2.3537427657762421e-07,0.03615929130728979,0.00027567947701421787,0.02483732705810441,0.0,7.293438355222912e-05,2.8238194432102867e-21,3.420913888837356e-08,6.948486331883561e-08,3.376906792446147e-24,0.16685238923517653,3.376906792446147e-24
2024930_WZY_DM_assembly_Plate1G7,2024930_WZY_DM_assembly_Plate1,,,G7,Plate1_G7,Acetate,cycle 5,,0.2455,48 h,,"growth curve data NA, so 48 h label rather than 0: 0.05:48 was used",Ho lab/7_Shared data/16s rRNA/Raw reads/2024930_DM_assembly/Plate1,,0.0,0.0,0.0,0.0,0.0,0.0,0.0,0.0,not_assessable,review_required,True,,0.2888369703633602,0.00013440529100202902,0.0,0.0,0.002016079365030416,0.008825947442466345,0.0,0.0,0.0006272246913426977,0.0534037022914726,0.0,0.40912970581017627,0.0,0.000179207054669372,0.0,0.0004032158730059469,6.658103243587445e-24,6.658103243587445e-24,6.658103243587445e-24,6.658103243587445e-24,1.4082169686485347e-11,0.00028342832702634287,3.5547244533659676e-05,7.1498204737792675e-06,0.0,0.05758102461317816,2.9251655097770645e-15,4.451543304979907e-09,0.0017268456663234843,6.658103243587445e-24,0.17680954168031038,6.658103243587445e-24
2024930_WZY_DM_assembly_Plate1G8,2024930_WZY_DM_assembly_Plate1,,,G8,Plate1_G8,Acetate,cycle 5,,0.1395,48 h,,"growth curve data NA, so 48 h label rather than 0: 0.05:48 was used",Ho lab/7_Shared data/16s rRNA/Raw reads/2024930_DM_assembly/Plate1,,0.0,8.684374351525213e-05,1.4473957252542024e-05,0.0,0.0,0.0,0.0,0.0,not_assessable,review_required,True,,0.013602171520488116,0.0001182797523520729,0.0,0.0004731190094082916,0.08267754689409834,0.010526897959334161,0.0,0.0,0.001064517771168017,0.04222587158969001,0.0,0.7566355757962101,0.0004731190094082916,0.0037849520752659674,0.0,0.0,1.5960745032051952e-23,1.5960745032051952e-23,1.5960745032051952e-23,1.5960745032051952e-23,1.6126961271358646e-16,2.0264822200430682e-12,2.1049410227500119e-16,4.053567439641768e-14,0.0,0.07282519168141721,1.1404260168805377e-21,4.650651468901051e-16,2.6200423606135637e-12,1.5960745032051952e-23,0.015592756936471464,1.5960745032051952e-23
2024930_WZY_DM_assembly_Plate1G9,2024930_WZY_DM_assembly_Plate1,,,G9,Plate1_G9,Acetate,cycle 5,,0.2075,48 h,,"growth curve data NA, so 48 h label rather than 0: 0.05:48 was used",Ho lab/7_Shared data/16s rRNA/Raw reads/2024930_DM_assembly/Plate1,,0.0,0.0,0.0006042786738351,0.0,0.0,0.0,0.0,0.0,not_assessable,review_required,True,,0.7664479645112389,0.0005137624608498977,0.0,0.0007706436912743891,0.004538235070840402,0.007449555682323331,0.0004281353840415815,0.00017125415361663254,0.007877691066364597,0.0063364036838152666,0.0,0.08408578942576628,0.0,0.0,0.0,0.0013700332289330454,1.0793654109723004e-23,1.0793654109723004e-23,1.0793654109723004e-23,1.0793654109723004e-23,4.965046693435207e-16,1.6424782902800875e-12,1.6234321602321474e-15,4.1864692851086543e-10,0.0,4.391097838898301e-13,2.072251660846779e-11,1.6236530922020496e-12,5.2361722765455886e-08,1.0793654109723004e-23,0.12001047883613629,1.0793654109723004e-23
2024930_WZY_DM_assembly_Plate1H10,2024930_WZY_DM_assembly_Plate1,,,H10,Plate1_H10,Propionate,cycle 5,,0.2375,48 h,,"growth curve data NA, so 48 h label rather than 0: 0.05:48 was used",Ho lab/7_Shared data/16s rRNA/Raw reads/2024930_DM_assembly/Plate1,,0.0,0.0,0.0,0.0,0.0,0.0,0.0,0.0,not_assessable,review_required,True,,0.6634883630857513,0.00013425503097647739,0.0,0.0,0.038665448921225344,0.014499543345459455,0.0,0.00020138254646471612,0.006175731424917721,0.032959610104724944,0.0,0.07753228038891531,0.0,0.0,0.0,0.0,7.864849614810337e-24,7.864849614810337e-24,7.864849614810337e-24,7.864849614810337e-24,3.935639645653126e-14,1.277220529758027e-08,3.515176124312359e-08,1.055453684168042e-06,0.0,1.8038195189722394e-10,4.327295178192639e-08,1.516449348841165e-09,0.00016372446017121672,7.864849614810337e-24,0.1661785123439204,7.864849614810337e-24
2024930_WZY_DM_assembly_Plate1H11,2024930_WZY_DM_assembly_Plate1,,,H11,Plate1_H11,Propionate,cycle 5,,0.1145,48 h,,"growth curve data NA, so 48 h label rather than 0: 0.05:48 was used",Ho lab/7_Shared data/16s rRNA/Raw reads/2024930_DM_assembly/Plate1,,0.0,0.0,0.0,0.0,0.0,0.0,5.982757119219716e-05,0.0,not_assessable,review_required,True,,0.3171031770953377,0.00036438170306847214,0.0,0.005374630120259914,0.0038260078822182257,0.00883625629941026,0.0,0.0,0.005101343842958548,0.26262811248660095,0.0,0.2724664184694493,0.0,0.0,0.0,0.0,1.7843353815567284e-23,1.7843353815567284e-23,1.7843353815567284e-23,1.7843353815567284e-23,1.4468304510635359e-19,7.801037682045304e-14,0.1242996719152666,6.035569737543871e-17,0.0,7.573221166318826e-13,7.477969172923662e-20,4.955047051275399e-18,2.507203647913157e-16,1.7843353815567284e-23,1.845944473275145e-10,1.7843353815567284e-23
2024930_WZY_DM_assembly_Plate1H12,2024930_WZY_DM_assembly_Plate1,,,H12,Plate1_H12,Propionate,cycle 5,,0.1865,48 h,,"growth curve data NA, so 48 h label rather than 0: 0.05:48 was used",Ho lab/7_Shared data/16s rRNA/Raw reads/2024930_DM_assembly/Plate1,,0.0,0.0,0.0,0.0,0.0,0.0,3.985042735042735e-05,0.0,not_assessable,review_required,True,,0.7928498118257844,0.0009247409964434904,0.0,0.0013871114946652355,0.06762168536493393,0.0024274451156635094,0.0,0.0,0.016067374813206296,0.06288238775816082,0.0,0.05560005241116769,0.0,0.00023118524911088623,0.0,0.0,1.6996067032071271e-23,1.6996067032071271e-23,1.6996067032071271e-23,1.6996067032071271e-23,2.222656541305437e-18,4.1122148809630175e-15,5.146730600424878e-11,4.543391679227299e-14,0.0,4.266455791329818e-17,6.957496911395282e-15,9.673907949593184e-16,1.1775067605838582e-12,1.6996067032071271e-23,8.204918161467186e-06,1.6996067032071271e-23
2024930_WZY_DM_assembly_Plate1H1,2024930_WZY_DM_assembly_Plate1,,,H1,Plate1_H1,Mannose,cycle 5,,0.7865,48 h,,"growth curve data NA, so 48 h label rather than 0: 0.05:48 was used",Ho lab/7_Shared data/16s rRNA/Raw reads/2024930_DM_assembly/Plate1,,0.0,0.0,0.0002261107056768,0.0,0.0,0.0,0.0,0.0,not_assessable,review_required,True,,0.12035752388851338,0.0002592980765999773,0.0,0.0005330016019000316,0.09207962809041025,0.03964379482240441,0.00010083814089995898,0.0,0.042380830075404705,4.3216346100004824e-05,0.0,0.07598874189250841,4.3216346100004824e-05,0.016191724338801776,0.0,0.0009651650629001042,1.6176294917290132e-24,1.6176294917290132e-24,1.6176294917290132e-24,1.6176294917290132e-24,0.0037745008304957708,0.03101619213217564,0.05557744762686214,0.04383314662059886,0.0,0.014858621031909321,0.05235774037320609,0.05759228216409076,0.25782672119597655,1.6176294917290132e-24,0.0945763693421419,1.6176294917290132e-24
2024930_WZY_DM_assembly_Plate1H2,2024930_WZY_DM_assembly_Plate1,,,H2,Plate1_H2,Mannose,cycle 5,,0.9825,48 h,,"growth curve data NA, so 48 h label rather than 0: 0.05:48 was used",Ho lab/7_Shared data/16s rRNA/Raw reads/2024930_DM_assembly/Plate1,,0.0,0.0,0.0008881281596303,0.0,0.0,0.0,0.0,0.0,not_assessable,review_required,True,,0.2590774933276194,0.0003771142552075558,0.0,0.0002828356914055593,0.10813751268077855,0.0016027355846322193,0.0006128106647122602,0.0002828356914055593,0.028189290576767837,0.002686939068354032,0.0002356964095047044,0.06495793045950861,0.0015555963027312212,0.02474812299799855,0.0,0.0008956463561179629,2.7989885716831e-24,2.7989885716831e-24,2.7989885716831e-24,2.7989885716831e-24,1.4438911019807569e-08,0.020260206531451753,0.04159515685089458,0.021023969198444736,0.0,0.009825722532918841,0.008201693557390704,0.013231982510005067,0.282467748742498,2.7989885716831e-24,0.10975094557074123,2.7989885716831e-24
2024930_WZY_DM_assembly_Plate1H3,2024930_WZY_DM_assembly_Plate1,,,H3,Plate1_H3,Mannose,cycle 5,,0.0535,48 h,,"growth curve data NA, so 48 h label rather than 0: 0.05:48 was used",Ho lab/7_Shared data/16s rRNA/Raw reads/2024930_DM_assembly/Plate1,,0.0,0.0,0.0,0.0,0.0,0.0,0.0,0.0,not_assessable,review_required,True,,0.0,0.0,0.0,0.0,0.0,0.0,0.0,0.0,0.0,0.0,0.0,0.0,0.0,0.9999999988733763,0.0,0.0,3.6507009304664735e-23,3.6507009304664735e-23,3.6507009304664735e-23,3.6507009304664735e-23,4.78531898636054e-22,1.3182377699149846e-15,4.109664984131324e-21,1.9432426473994955e-18,0.0,1.8033082190192956e-20,1.12516076489401e-22,9.554375031291895e-19,1.1946579230102497e-21,3.6507009304664735e-23,1.1266224492311879e-09,3.6507009304664735e-23
2024930_WZY_DM_assembly_Plate1H4,2024930_WZY_DM_assembly_Plate1,,,H4,Plate1_H4,Mannose,cycle 5,,0.9825,48 h,,"growth curve data NA, so 48 h label rather than 0: 0.05:48 was used",Ho lab/7_Shared data/16s rRNA/Raw reads/2024930_DM_assembly/Plate1,,0.0,0.0,0.0001044149574141,0.0,0.0,0.0,0.0,0.0,not_assessable,review_required,True,,0.024029095472177877,0.0,0.0,6.301887089477548e-06,0.007398415443046604,0.0028169435289964297,0.0,0.0,0.0015250566756535293,0.00041592454790548874,1.8905661268432643e-05,0.00815464189378393,2.5207548357910187e-05,0.3268410720086635,0.0,0.0,8.251558462997329e-25,8.251558462997329e-25,8.251558462997329e-25,8.251558462997329e-25,0.0002645598044579647,0.039222254394119076,0.011015845741782602,0.3769553965410247,0.0,0.008868112149938791,8.284224202941839e-10,0.07436760753449574,6.148168594256493e-08,8.251558462997329e-25,0.11807459685712941,8.251558462997329e-25
2024930_WZY_DM_assembly_Plate1H5,2024930_WZY_DM_assembly_Plate1,,,H5,Plate1_H5,Mannose,cycle 5,,0.9205,48 h,,"growth curve data NA, so 48 h label rather than 0: 0.05:48 was used",Ho lab/7_Shared data/16s rRNA/Raw reads/2024930_DM_assembly/Plate1,,0.0,0.0,0.0,0.0,0.0,0.0,0.0,0.0,not_assessable,review_required,True,,0.003265313604024881,0.0,0.0,0.0017286954374249345,0.01681605525867844,0.0015923825355491038,5.576436894915695e-05,1.858812298306386e-05,0.001319756731797531,9.294061491527643e-05,8.67445739209306e-05,0.0014994419206337828,0.0003593703776725477,0.342300284733121,0.0,4.3372286960482345e-05,8.70108757915124e-25,8.70108757915124e-25,8.70108757915124e-25,8.70108757915124e-25,3.1567275749957847e-06,0.03961848467171544,0.010425337170938949,0.3795984859329494,0.0,0.008073241110699476,6.667649910714435e-13,0.0742833251297468,2.9614969998150994e-10,8.70108757915124e-25,0.11881925839292733,8.70108757915124e-25
2024930_WZY_DM_assembly_Plate1H6,2024930_WZY_DM_assembly_Plate1,,,H6,Plate1_H6,Mannose,cycle 5,,0.9705,48 h,,"growth curve data NA, so 48 h label rather than 0: 0.05:48 was used",Ho lab/7_Shared data/16s rRNA/Raw reads/2024930_DM_assembly/Plate1,,0.0,0.0,0.0003347834419317,0.0,0.0,0.0,0.0,0.0,not_assessable,review_required,True,,0.10180118442508863,9.194055942654611e-05,0.0,0.009607788460078363,0.028179781464248956,0.010159431816637886,0.000482687936989537,0.0,0.05429090034139973,0.02291618443707686,4.5970279713293606e-05,0.04300519667178611,0.0013561232515421266,0.12087885050610551,0.0,0.0,1.2068567645139326e-24,1.2068567645139326e-24,1.2068567645139326e-24,1.2068567645139326e-24,0.0012805226887523402,0.03421983192044267,0.08021316531821542,0.2536140116225615,0.0,0.011458908527719214,0.015563265115721385,0.0602866517248686,0.05403236963373142,1.2068567645139326e-24,0.096515233297894,1.2068567645139326e-24
2024930_WZY_DM_assembly_Plate1H7,2024930_WZY_DM_assembly_Plate1,,,H7,Plate1_H7,Propionate,cycle 5,,0.2025,48 h,,"growth curve data NA, so 48 h label rather than 0: 0.05:48 was used",Ho lab/7_Shared data/16s rRNA/Raw reads/2024930_DM_assembly/Plate1,,0.0,0.0,0.0,0.0,0.0,0.0,8.869422392554065e-05,0.0,not_assessable,review_required,True,,0.7667642071285521,0.0018602464324129304,0.0,0.0014196617510516595,0.035981082311146176,0.007049354901775478,0.0,9.790770696910581e-05,0.0007343078022679018,0.03798819030401286,0.0,4.8953853484552906e-05,0.0,0.0,0.0,0.0,8.624056075379619e-24,8.624056075379619e-24,8.624056075379619e-24,8.624056075379619e-24,3.754367980414633e-15,1.5879328978044747e-10,2.851293785813409e-10,9.070424481622468e-08,0.0,1.329665860233683e-15,5.1604956397790386e-08,1.9442135413750997e-10,1.0920970645992647e-05,8.624056075379619e-24,0.14804502389013074,8.624056075379619e-24
2024930_WZY_DM_assembly_Plate1H8,2024930_WZY_DM_assembly_Plate1,,,H8,Plate1_H8,Propionate,cycle 5,,0.2515,48 h,,"growth curve data NA, so 48 h label rather than 0: 0.05:48 was used",Ho lab/7_Shared data/16s rRNA/Raw reads/2024930_DM_assembly/Plate1,,0.0,0.0,0.0,0.0,0.0,0.0,0.0,0.0,not_assessable,review_required,True,,0.7151996961258638,0.0005671686725818683,0.0,0.0005671686725818683,0.05209849378145777,0.018392469810872288,0.0,0.0,0.007373192743565316,0.003078915651159105,0.0,0.0005671686725818683,0.0,0.00016204819216627704,0.0,0.0,6.692441335892934e-24,6.692441335892934e-24,6.692441335892934e-24,6.692441335892934e-24,4.332327990677261e-13,6.111769781829368e-08,5.2119118080389976e-12,0.00014551142147531198,0.0,7.613215335680548e-14,0.0004356238111090304,1.886055419037187e-07,0.03405957010888097,6.692441335892934e-24,0.1673527226067436,6.692441335892934e-24
2024930_WZY_DM_assembly_Plate1H9,2024930_WZY_DM_assembly_Plate1,,,H9,Plate1_H9,Propionate,cycle 5,,0.1155,48 h,,"growth curve data NA, so 48 h label rather than 0: 0.05:48 was used",Ho lab/7_Shared data/16s rRNA/Raw reads/2024930_DM_assembly/Plate1,,0.0,0.0,0.0,0.0,0.0,0.0,0.000464247937381,0.0,not_assessable,review_required,True,,0.6809521576702755,0.004503844012753782,0.0,0.002615135233210991,0.09966570944352585,0.02237393477303622,0.0,0.0,0.013802102619730292,0.17608577236961223,0.0,0.0,0.0,0.0,0.0,0.0,2.322658175391087e-23,2.322658175391087e-23,2.322658175391087e-23,2.322658175391087e-23,4.863716830633738e-20,2.389696939476069e-16,1.3438635102037209e-06,5.632757917659564e-17,0.0,3.743090581723458e-20,3.692945084959402e-17,5.076349306574609e-18,2.7123081635880056e-16,2.322658175391087e-23,1.4344206296907135e-11,2.322658175391087e-23
2024930_WZY_DM_assembly_Plate2A10,2024930_WZY_DM_assembly_Plate2,,,A10,Plate2_A10,N_acetylglutamic_acid,cycle 5,,0.5255,48 h,,"growth curve data NA, so 48 h label rather than 0: 0.05:48 was used",Ho lab/7_Shared data/16s rRNA/Raw reads/2024930_DM_assembly/Plate2,,0.0,7.543784094171691e-05,0.0001885946023542,0.0,0.0,0.0,0.0,0.0,not_assessable,review_required,True,,0.20980029516090215,0.0003582727290541698,0.0004004224618841313,0.014225534830096248,0.07487900037234395,0.004931518741099963,0.00031612299622420833,6.32245992448726e-05,0.06733419819578923,0.13620686163987053,0.00023182353056445295,0.0,0.011085379734267636,0.013403615039912836,0.10469993634950885,0.0007586951909384687,3.2738356203896777e-24,3.2738356203896777e-24,3.2738356203896777e-24,3.2738356203896777e-24,5.084016540710208e-13,0.041341979430647144,0.16114199623349607,0.001597279780876973,0.0,2.1918846413073184e-13,1.019254454891042e-06,7.665630523917398e-05,0.04235414876925089,3.2738356203896777e-24,0.11479201865360553,3.2738356203896777e-24
2024930_WZY_DM_assembly_Plate2A11,2024930_WZY_DM_assembly_Plate2,,,A11,Plate2_A11,N_acetylglutamic_acid,cycle 5,,0.5895,48 h,,"growth curve data NA, so 48 h label rather than 0: 0.05:48 was used",Ho lab/7_Shared data/16s rRNA/Raw reads/2024930_DM_assembly/Plate2,,0.0,0.0,3.0726329780302835e-05,0.0,0.0,0.0,0.0,0.0,not_assessable,review_required,True,,0.009215199027587107,0.0002693133133855846,0.0,0.0043851232983880386,0.03252836454718818,0.0015104964098586067,3.512782348508446e-05,0.0,0.02326632842162089,0.006516211256483118,0.0,0.00363572973070623,0.002786807329816672,0.28522621742439075,0.03662661062044804,0.0,1.4886045233272546e-24,1.4886045233272546e-24,1.4886045233272546e-24,1.4886045233272546e-24,3.410798079127933e-12,0.03919492959607736,0.0379204977815232,0.32258283925410686,0.0,0.00280968543509975,9.088823459104125e-15,0.07162743080611439,3.512915274608533e-10,1.4886045233272546e-24,0.11986308756900872,1.4886045233272546e-24
2024930_WZY_DM_assembly_Plate2A12,2024930_WZY_DM_assembly_Plate2,,,A12,Plate2_A12,N_acetylglutamic_acid,cycle 5,,0.5715,48 h,,"growth curve data NA, so 48 h label rather than 0: 0.05:48 was used",Ho lab/7_Shared data/16s rRNA/Raw reads/2024930_DM_assembly/Plate2,,0.0,0.0,0.0,0.0,0.0,0.0,0.0,0.0,not_assessable,review_required,True,,0.16889493518784351,0.0009945136326519413,0.00038454527129206723,0.0367704840445858,0.00865889869495646,0.0026387761719699073,0.00017238236299290112,0.0,0.0006762692702033063,0.1230942673587777,0.0,0.08392369041405832,0.0069085547014890265,0.010090998325975375,0.05879564596238504,0.0,2.230694948129058e-24,2.230694948129058e-24,2.230694948129058e-24,2.230694948129058e-24,5.583311416963466e-08,0.033655952595269156,0.0790367274456587,0.03694767011377571,0.0,0.013941279889761198,5.02925520695931e-08,0.02395572021516314,0.21989729233808988,2.230694948129058e-24,0.09056128987743453,2.230694948129058e-24
2024930_WZY_DM_assembly_Plate2A1,2024930_WZY_DM_assembly_Plate2,,,A1,Plate2_A1,Sugar_mix,cycle 5,,0.9295,48 h,,"growth curve data NA, so 48 h label rather than 0: 0.05:48 was used",Ho lab/7_Shared data/16s rRNA/Raw reads/2024930_DM_assembly/Plate2,,0.0,0.0040834046676895,0.0011109262698861,0.0,0.0,0.0,0.0001050876201243,0.000915763546798,not_assessable,review_required,True,,0.0031652497162347744,0.00022052969334414213,0.0007264507545456788,0.0028279690087671407,0.06739127981901526,0.03688034812809632,0.0023998819569812646,0.01871907926445409,0.015073853156823028,0.0772243096751873,0.0,0.1845184916546051,0.007043977852112645,0.0014788461788965202,0.0,0.0001816126886363981,1.6876977615119394e-24,1.6876977615119394e-24,1.6876977615119394e-24,1.6876977615119394e-24,0.01789671455635288,0.036922285210313655,0.06932071118267288,0.05292228661610372,0.0,0.02634367468612902,0.0005574355595212828,0.04888174189298076,0.23790392814269992,1.6876977615119394e-24,0.09139934260552622,1.6876977615119394e-24
2024930_WZY_DM_assembly_Plate2A2,2024930_WZY_DM_assembly_Plate2,,,A2,Plate2_A2,Sugar_mix,cycle 5,,0.8055,48 h,,"growth curve data NA, so 48 h label rather than 0: 0.05:48 was used",Ho lab/7_Shared data/16s rRNA/Raw reads/2024930_DM_assembly/Plate2,,0.0,0.0077335783905364,0.0028770253665444,0.0,0.0,0.0,0.0,0.0012497865294901,not_assessable,review_required,True,,0.0336963326122343,9.371925631721321e-05,0.00043451655201613845,0.0015932273573925754,0.029947562359545814,0.00149098816868286,0.0013461493180107799,0.009772362454167578,0.006594427671774719,0.03258022146882023,0.0,0.0047200425454304775,0.0005197158759408676,0.31641324919169667,0.0,0.0003237574309139298,1.9838855609725527e-24,1.9838855609725527e-24,1.9838855609725527e-24,1.9838855609725527e-24,9.194268927912238e-14,0.04374246754140544,0.03591467473020811,0.2854229904196764,0.0,9.43620633075857e-05,2.635885874436235e-15,0.07082343039422373,2.5277166691187177e-12,1.9838855609725527e-24,0.1244758025856122,1.9838855609725527e-24
2024930_WZY_DM_assembly_Plate2A3,2024930_WZY_DM_assembly_Plate2,,,A3,Plate2_A3,Sugar_mix,cycle 5,,0.9615,48 h,,"growth curve data NA, so 48 h label rather than 0: 0.05:48 was used",Ho lab/7_Shared data/16s rRNA/Raw reads/2024930_DM_assembly/Plate2,,0.0,0.0009412116597781,0.0013112606884088,0.0,0.0,0.0,0.0,0.0009251225715767,not_assessable,review_required,True,,0.0013385606047177916,0.0004186966820443948,0.0021442345231972625,6.343889121885553e-06,0.18610433127963452,0.0009071761444295746,0.0001078461150720148,0.11082139907021869,0.0007739544728699944,0.01860028290536838,1.2687778243771106e-05,0.0,0.0003362261234598665,0.1367425300222431,0.0009198639226733968,0.00015225333892523446,1.5402250626178277e-24,1.5402250626178277e-24,1.5402250626178277e-24,1.5402250626178277e-24,0.00022893973367623578,0.03100661144491507,0.020235463843805236,0.2589853627167655,0.0,0.0007105468273946207,0.0044928914326622885,0.06498033592796931,0.05283208811989498,1.5402250626178277e-24,0.10714137308069685,1.5402250626178277e-24
2024930_WZY_DM_assembly_Plate2A4,2024930_WZY_DM_assembly_Plate2,,,A4,Plate2_A4,Sugar_mix,cycle 5,,0.9055,48 h,,"growth curve data NA, so 48 h label rather than 0: 0.05:48 was used",Ho lab/7_Shared data/16s rRNA/Raw reads/2024930_DM_assembly/Plate2,,0.0,0.016248078986907,0.0007191135436789,0.0,0.0,0.0,0.0,3.887100236102168e-05,not_assessable,review_required,True,,0.044658246016802364,0.000687049938719987,0.0007129763515018608,0.00042778581090111646,0.17972189340404882,0.025900486369106253,1.2963206390944089e-05,0.021194842449193573,0.0011796517815758545,0.12788203104666343,0.0,0.00016852168308224586,0.004433416585702874,0.004316747728184376,0.0005055650492468043,0.004031557187583564,1.3027069509121454e-24,1.3027069509121454e-24,1.3027069509121454e-24,1.3027069509121454e-24,0.004113146119000031,0.032544465859977445,0.0834735851599479,0.09951578390191995,0.0,1.4086323016566046e-05,0.05258898772924712,0.05558951557993706,0.188709502769222,1.3027069509121454e-24,0.06761719194902789,1.3027069509121454e-24
2024930_WZY_DM_assembly_Plate2A5,2024930_WZY_DM_assembly_Plate2,,,A5,Plate2_A5,Sugar_mix,cycle 5,,0.9605,48 h,,"growth curve data NA, so 48 h label rather than 0: 0.05:48 was used",Ho lab/7_Shared data/16s rRNA/Raw reads/2024930_DM_assembly/Plate2,,0.0,0.0002581265189755,0.0028730603851187,0.0,0.0,0.0,0.0,0.0,not_assessable,review_required,True,,0.016400195508957435,8.604509710890643e-05,0.007365460312522314,0.0008948690099325674,0.0037515662339482367,0.03341991571709911,0.0015832297868038205,0.21260022593668587,0.010807264196878578,0.07706198897073652,0.0,5.1627058265343856e-05,0.01233886692541707,0.23641750881643125,0.0,0.0013939305731641798,2.9948934437502638e-24,2.9948934437502638e-24,2.9948934437502638e-24,2.9948934437502638e-24,1.8512424912051615e-10,0.05166952734206056,0.0696803236346443,0.11979896605365505,0.0,6.139730024735684e-12,1.630225763616087e-13,0.001127269574656276,7.645047468488124e-11,2.9948934437502638e-24,0.14355121898315507,2.9948934437502638e-24
2024930_WZY_DM_assembly_Plate2A6,2024930_WZY_DM_assembly_Plate2,,,A6,Plate2_A6,Sugar_mix,cycle 5,,0.9195,48 h,,"growth curve data NA, so 48 h label rather than 0: 0.05:48 was used",Ho lab/7_Shared data/16s rRNA/Raw reads/2024930_DM_assembly/Plate2,,0.0,0.0104928374878601,0.0019348494658465,0.0,0.0,0.0,0.0,0.0009674247329232,not_assessable,review_required,True,,0.011095972825375078,0.0005326066956179274,0.0014202845216480051,0.0,0.002307962347677964,0.025476353607061266,0.0018641234346629845,0.1981296907698982,0.010474598347154083,0.056722613083317615,0.0,0.0,0.003728246869325969,0.2331929648980836,0.0,0.0007101422608239429,2.3297621028808975e-24,2.3297621028808975e-24,2.3297621028808975e-24,2.3297621028808975e-24,2.822710327971763e-10,0.0463126094543709,0.05567367055519966,0.19667805433027638,0.0,6.66811946598196e-10,9.80122078634213e-15,0.02420696460905821,5.709073265807881e-11,2.3297621028808975e-24,0.13147314038426464,2.3297621028808975e-24
2024930_WZY_DM_assembly_Plate2A7,2024930_WZY_DM_assembly_Plate2,,,A7,Plate2_A7,N_acetylglutamic_acid,cycle 5,,0.5765,48 h,,"growth curve data NA, so 48 h label rather than 0: 0.05:48 was used",Ho lab/7_Shared data/16s rRNA/Raw reads/2024930_DM_assembly/Plate2,,0.0,0.0,0.0002073834255137,0.0,0.0,0.0,0.0,0.0,not_assessable,review_required,True,,0.2564760690970469,0.0013815972466601364,0.00016700626058519208,0.004843181556973733,0.02911981889114634,0.00271764733134261,0.0003795596831483981,0.00012145909860741243,0.03485876130035032,0.08231890408122812,0.0,0.0,0.006756162360041768,0.009807822212554997,0.07327020123496993,0.0011083142747933413,2.2877894063143967e-24,2.2877894063143967e-24,2.2877894063143967e-24,2.2877894063143967e-24,2.405966283005027e-10,0.030834826849533124,0.09338986152265805,0.01428520430409736,0.0,7.991184019603012e-11,0.011717784343033359,0.02501649550214749,0.2271361236513962,2.2877894063143967e-24,0.09429319887717673,2.2877894063143967e-24
2024930_WZY_DM_assembly_Plate2A8,2024930_WZY_DM_assembly_Plate2,,,A8,Plate2_A8,N_acetylglutamic_acid,cycle 5,,0.5745,48 h,,"growth curve data NA, so 48 h label rather than 0: 0.05:48 was used",Ho lab/7_Shared data/16s rRNA/Raw reads/2024930_DM_assembly/Plate2,,0.0,0.0,0.0,0.0,0.0,0.0,0.0,0.0,not_assessable,review_required,True,,0.0807388118461031,0.0009225184168887314,0.0001476029467020842,0.004649492821119178,0.0018942378160114438,0.0014514289759049092,0.00060271203236722,0.0,0.0034563690019430576,0.05600301802792621,0.0,0.0,0.004870897241172446,0.01569511333266718,0.4328579414497587,4.9200982234066526e-05,2.7548261290522965e-24,2.7548261290522965e-24,2.7548261290522965e-24,2.7548261290522965e-24,2.985184575515296e-19,0.017612742137018994,0.040088721670833376,5.468339364129244e-07,0.0,8.681349774596609e-18,4.342957021091165e-17,0.010998822214706452,0.1929340857590783,2.7548261290522965e-24,0.13502573649362803,2.7548261290522965e-24
2024930_WZY_DM_assembly_Plate2A9,2024930_WZY_DM_assembly_Plate2,,,A9,Plate2_A9,N_acetylglutamic_acid,cycle 5,,0.5625,48 h,,"growth curve data NA, so 48 h label rather than 0: 0.05:48 was used",Ho lab/7_Shared data/16s rRNA/Raw reads/2024930_DM_assembly/Plate2,,0.0,0.0,5.016051364365972e-05,0.0,0.0,0.0,0.0,0.0,not_assessable,review_required,True,,0.05698949296318734,0.003215296666892524,0.001345175136148765,0.0003609006462836906,0.07624846381488062,0.0056103645922308855,0.0010170836395271392,0.0,0.11014031541590116,0.170115440998346,0.0,0.0,0.0020013581293922135,0.02778934976385693,0.1684421743655754,0.0009186561905405531,3.832518794912112e-24,3.832518794912112e-24,3.832518794912112e-24,3.832518794912112e-24,6.269738768565548e-19,0.043000486803456965,0.22437691758908343,6.312500008758717e-11,0.0,4.932023648715036e-17,7.431426549857659e-16,2.0348460749345644e-10,5.004411635894326e-10,3.832518794912112e-24,0.10842852251764487,3.832518794912112e-24
2024930_WZY_DM_assembly_Plate2B10,2024930_WZY_DM_assembly_Plate2,,,B10,Plate2_B10,N_acetylgalactosamine,cycle 5,,0.5345,48 h,,"growth curve data NA, so 48 h label rather than 0: 0.05:48 was used",Ho lab/7_Shared data/16s rRNA/Raw reads/2024930_DM_assembly/Plate2,,0.0,0.0,0.0002761106414952,0.0,0.0,0.0,0.0,0.0005898727341035,not_assessable,review_required,True,,0.3743723294901744,0.0006600415183442886,0.0,0.00024147860427225064,0.0024791803371956114,0.0024952789108138554,0.0,0.0,0.0023664903218685437,0.04098696843182041,0.0,0.0,0.0,0.0011751958741251498,0.06070772111405913,0.00014488716256329907,2.505284046312078e-24,2.505284046312078e-24,2.505284046312078e-24,2.505284046312078e-24,2.3599472196337906e-10,0.016957718173141297,0.03430951932838877,0.004384288157936425,0.0,1.4684633942074576e-10,0.03429898586350304,0.02884658518030955,0.2990702512943328,2.505284046312078e-24,0.0965030798543102,2.505284046312078e-24
2024930_WZY_DM_assembly_Plate2B11,2024930_WZY_DM_assembly_Plate2,,,B11,Plate2_B11,N_acetylgalactosamine,cycle 5,,0.4865,48 h,,"growth curve data NA, so 48 h label rather than 0: 0.05:48 was used",Ho lab/7_Shared data/16s rRNA/Raw reads/2024930_DM_assembly/Plate2,,0.0,0.0,0.0005028494007877,0.0,0.0,0.0,0.0,0.0003261725842947,not_assessable,review_required,True,,0.23501986695435467,0.002451032275827528,0.0,0.030125978985172063,0.027736998159365416,0.0019546206756597974,0.0,9.307717503142761e-05,0.1279500899432024,0.014706193654965397,0.0,0.14470398144885935,0.0,0.013496190379556853,0.06003477789527081,0.00012410290004190349,4.458777131776741e-24,4.458777131776741e-24,4.458777131776741e-24,4.458777131776741e-24,7.884874222385493e-13,0.022473174852849578,0.15719959049600565,4.735685899995662e-06,0.0,0.014382175698513496,4.5290079672798064e-13,1.2542440119138859e-08,0.0008909521944784819,4.458777131776741e-24,0.1466524480812637,4.458777131776741e-24
2024930_WZY_DM_assembly_Plate2B12,2024930_WZY_DM_assembly_Plate2,,,B12,Plate2_B12,N_acetylgalactosamine,cycle 5,,0.5855,48 h,,"growth curve data NA, so 48 h label rather than 0: 0.05:48 was used",Ho lab/7_Shared data/16s rRNA/Raw reads/2024930_DM_assembly/Plate2,,0.0,0.0,4.350141165981475e-05,0.0,0.0,0.0,0.0,5.0751646936450546e-05,not_assessable,review_required,True,,0.17107335142901076,7.98009802584307e-05,0.0,0.003504593049682691,0.0044356044860310384,0.0012302651123174536,0.0,0.0,0.0152486373110484,0.03814486856352987,0.0,0.0011105636419297563,0.0,0.000485455963238775,0.25667985300124224,0.0001463017971403761,1.791450939409712e-24,1.791450939409712e-24,1.791450939409712e-24,1.791450939409712e-24,3.118868570918491e-14,0.0232647858752659,0.043515632155773115,0.00014268151888372036,0.0,2.044240296108796e-12,5.682086712373121e-07,0.05649596039817176,0.27827796559272433,1.791450939409712e-24,0.1061631109130047,1.791450939409712e-24
2024930_WZY_DM_assembly_Plate2B1,2024930_WZY_DM_assembly_Plate2,,,B1,Plate2_B1,Water,cycle 5,,0.2605,48 h,,"growth curve data NA, so 48 h label rather than 0: 0.05:48 was used",Ho lab/7_Shared data/16s rRNA/Raw reads/2024930_DM_assembly/Plate2,,0.0,0.0,0.0064069955817378,0.0,0.0,0.0,0.0,0.0,not_assessable,review_required,True,,0.33756316175912043,0.03626341658154924,0.0,0.0,0.03626341658154924,0.15176911384130146,0.0,0.0,0.11998266226981917,0.12669810978492135,0.0,0.0,0.0,0.0,0.0,0.009849323022149406,2.2791650985455544e-23,2.2791650985455544e-23,2.2791650985455544e-23,2.2791650985455544e-23,2.3022425744108542e-20,7.831157858337605e-15,0.18161079615489384,1.1983729503856307e-18,0.0,2.9403354239235813e-21,3.03380076833863e-17,4.1563340781821647e-19,3.143335661906049e-18,2.2791650985455544e-23,4.68798549999273e-12,2.2791650985455544e-23
2024930_WZY_DM_assembly_Plate2B2,2024930_WZY_DM_assembly_Plate2,,,B2,Plate2_B2,Water,cycle 5,,0.2725,48 h,,"growth curve data NA, so 48 h label rather than 0: 0.05:48 was used",Ho lab/7_Shared data/16s rRNA/Raw reads/2024930_DM_assembly/Plate2,,0.0,0.0,0.0016386975740131,0.0,0.0,0.0,0.0,0.0,not_assessable,review_required,True,,0.7140711388523159,0.00046897373867641845,0.0,0.0,0.05826998703055588,0.013014021248272705,0.0,0.0,0.005334576277444888,0.045783561238293934,0.0,0.00826566214417334,0.0,0.0,0.0,0.0002931085866728166,8.174771591608831e-24,8.174771591608831e-24,8.174771591608831e-24,8.174771591608831e-24,7.916354612502899e-15,2.1573483553770215e-09,2.038594279499008e-06,3.1348500366601615e-07,0.0,7.293533025748826e-15,1.9588039812651577e-07,6.091681929511939e-10,3.6921056181545094e-05,8.174771591608831e-24,0.15445949910119972,8.174771591608831e-24
2024930_WZY_DM_assembly_Plate2B3,2024930_WZY_DM_assembly_Plate2,,,B3,Plate2_B3,Water,cycle 5,,0.1635,48 h,,"growth curve data NA, so 48 h label rather than 0: 0.05:48 was used",Ho lab/7_Shared data/16s rRNA/Raw reads/2024930_DM_assembly/Plate2,,0.0,0.0,0.0045399963221772,0.0,0.0,0.0,0.0,0.0,not_assessable,review_required,True,,0.3576006871311815,0.02904371062994353,0.0,0.0,0.3001183431760845,0.029951326587128638,0.0,0.0,0.003630463828742438,0.23476999425871053,0.0,0.0,0.0,0.0027228478715563254,0.0,0.0021177705667662547,1.9653158349165618e-23,1.9653158349165618e-23,1.9653158349165618e-23,1.9653158349165618e-23,9.276913307816814e-20,6.730714883427846e-15,0.04004485587909133,1.0364486581349628e-16,0.0,4.440497568371515e-20,6.385042109981738e-17,1.2663632147716553e-17,3.6575806091466993e-16,1.9653158349165618e-23,7.078769333308286e-11,1.9653158349165618e-23
2024930_WZY_DM_assembly_Plate2B4,2024930_WZY_DM_assembly_Plate2,,,B4,Plate2_B4,Water,cycle 5,,0.1775,48 h,,"growth curve data NA, so 48 h label rather than 0: 0.05:48 was used",Ho lab/7_Shared data/16s rRNA/Raw reads/2024930_DM_assembly/Plate2,,0.0,0.0,0.0003573825503355,0.0,0.0,0.0,0.0,0.0,not_assessable,review_required,True,,0.12354035763671017,0.00011020549298546891,0.0,0.0,0.013885892116168844,0.01906555028648542,0.0,0.0008816439438833,0.018404317328572735,0.16817358229582544,0.0,0.6104282256465121,0.0,0.0,0.00022041098597093783,0.0,1.6261615987402493e-23,1.6261615987402493e-23,1.6261615987402493e-23,1.6261615987402493e-23,1.8247189208478817e-17,1.8678130229775226e-11,0.033818069612068936,5.894123093581887e-15,0.0,0.011252626314198436,5.417393569078423e-21,1.5325254678871014e-16,1.340130002232991e-13,1.6261615987402493e-23,0.0002191183218000191,1.6261615987402493e-23
2024930_WZY_DM_assembly_Plate2B5,2024930_WZY_DM_assembly_Plate2,,,B5,Plate2_B5,Water,cycle 5,,0.1775,48 h,,"growth curve data NA, so 48 h label rather than 0: 0.05:48 was used",Ho lab/7_Shared data/16s rRNA/Raw reads/2024930_DM_assembly/Plate2,,0.0,0.0,0.001135720438046,0.0,0.0,0.0,0.0,0.0,not_assessable,review_required,True,,0.7983381838197451,0.0005438271006946495,0.0,0.0,0.05397483974394356,0.005982098107640707,0.0,0.0,0.009788887812503429,0.07491218312068759,0.0,0.012372066540803067,0.0,0.0,0.0,0.0,1.2158018396086645e-23,1.2158018396086645e-23,1.2158018396086645e-23,1.2158018396086645e-23,5.220565817311555e-17,1.682552355868017e-12,1.5885614980972667e-06,3.345248751131359e-11,0.0,8.945337876143624e-17,1.1674423281078207e-11,2.670917053875808e-13,1.9464478169114497e-09,1.2158018396086645e-23,0.04408632319895928,1.2158018396086645e-23
2024930_WZY_DM_assembly_Plate2B6,2024930_WZY_DM_assembly_Plate2,,,B6,Plate2_B6,Water,cycle 5,,0.1835,48 h,,"growth curve data NA, so 48 h label rather than 0: 0.05:48 was used",Ho lab/7_Shared data/16s rRNA/Raw reads/2024930_DM_assembly/Plate2,,0.0,0.0,0.0005381231671554,0.0,0.0,0.0,0.0,0.0,not_assessable,review_required,True,,0.32743819396340984,0.003747504365818101,0.0,0.0,0.35882354302714087,0.007495008731637159,0.0,0.0018737521829085715,0.021548150103457193,0.20658117816575622,0.0,0.0,0.0,0.0,0.0,0.0,1.870222144843376e-23,1.870222144843376e-23,1.870222144843376e-23,1.870222144843376e-23,6.595680097285253e-20,3.150484843968096e-15,0.07249266935977204,1.5551393770597402e-16,0.0,7.100068806203697e-20,5.981433321222646e-17,1.2694326841857676e-17,7.215962457513799e-16,1.870222144843376e-23,1.0009600417400485e-10,1.870222144843376e-23
2024930_WZY_DM_assembly_Plate2B7,2024930_WZY_DM_assembly_Plate2,,,B7,Plate2_B7,N_acetylgalactosamine,cycle 5,,0.5515,48 h,,"growth curve data NA, so 48 h label rather than 0: 0.05:48 was used",Ho lab/7_Shared data/16s rRNA/Raw reads/2024930_DM_assembly/Plate2,,0.0,0.0,0.0002995993571606,0.0,0.0,0.0,0.0007240317798048,0.0006990651667081,not_assessable,review_required,True,,0.003179643922512158,0.0,0.0,0.00023336836128523276,0.00039380910966892526,0.0019398745031839865,0.0,0.0,0.006242603664381875,0.0018815324128627076,0.0,0.0,0.0,0.0010939141935248572,0.5492616093301245,4.375656774099457e-05,2.2820355071271052e-24,2.2820355071271052e-24,2.2820355071271052e-24,2.2820355071271052e-24,6.40134854530059e-23,0.00599398068242323,6.881645082378402e-12,2.208149252361481e-09,0.0,4.0570060992910095e-20,1.8183699360491645e-22,0.03523496830212001,0.2550971726633951,2.2820355071271052e-24,0.13940376407174557,2.2820355071271052e-24
2024930_WZY_DM_assembly_Plate2B8,2024930_WZY_DM_assembly_Plate2,,,B8,Plate2_B8,N_acetylgalactosamine,cycle 5,,0.4855,48 h,,"growth curve data NA, so 48 h label rather than 0: 0.05:48 was used",Ho lab/7_Shared data/16s rRNA/Raw reads/2024930_DM_assembly/Plate2,,0.0,0.0,0.0001411260287411,0.0,0.0,0.0,0.0,0.0006350671293352,not_assessable,review_required,True,,0.03406645052354711,0.0011566620226264698,0.0015284462441849612,0.0032772090641083563,0.0034837558538630222,0.00023408636172189166,0.0,2.7539571967297694e-05,0.025956046579178046,0.046762193200471355,0.0,0.0,0.0,0.0,0.5361679266313188,2.7539571967297694e-05,3.0490889301380004e-24,3.0490889301380004e-24,3.0490889301380004e-24,3.0490889301380004e-24,9.43470952809535e-22,0.011106119185404283,0.05811261870863309,2.7572957174700813e-09,0.0,1.7584232284381397e-19,7.815428112603622e-21,0.0006393137571755828,0.1289807261166106,3.0490889301380004e-24,0.14847336384992618,3.0490889301380004e-24
2024930_WZY_DM_assembly_Plate2B9,2024930_WZY_DM_assembly_Plate2,,,B9,Plate2_B9,N_acetylgalactosamine,cycle 5,,0.3785,48 h,,"growth curve data NA, so 48 h label rather than 0: 0.05:48 was used",Ho lab/7_Shared data/16s rRNA/Raw reads/2024930_DM_assembly/Plate2,,0.0,0.0,7.018790950673755e-05,0.0,0.0,0.0,0.000163771788849,0.0,not_assessable,review_required,True,,0.015582837915615252,0.005488691897402758,0.0032175090433051025,0.09122584463959439,0.11286517016613735,0.030724056942933856,0.0009463261892071769,0.0001892652378414827,0.10857515810839705,0.10188778637133131,0.0,0.0,0.0,0.01034649966866749,0.1986654113209429,0.0013248566648902096,5.266700066393362e-24,5.266700066393362e-24,5.266700066393362e-24,5.266700066393362e-24,1.0076264505698579e-17,0.003238763026479464,0.18592821721198471,8.076474507589293e-12,0.0,4.128562734458265e-19,4.573702004421456e-16,1.8725459431225827e-12,1.3242334102239209e-09,5.266700066393362e-24,0.12979360426108655,5.266700066393362e-24
2024930_WZY_DM_assembly_Plate2C10,2024930_WZY_DM_assembly_Plate2,,,C10,Plate2_C10,Urea,cycle 5,,0.1715,48 h,,"growth curve data NA, so 48 h label rather than 0: 0.05:48 was used",Ho lab/7_Shared data/16s rRNA/Raw reads/2024930_DM_assembly/Plate2,,0.0,0.0,0.0010135110750214,0.0,0.0,0.0,0.0,0.0,not_assessable,review_required,True,,0.8455860158266074,0.0031669888233205735,0.0,0.0,0.055849596550939726,0.0064345169743653206,0.0,0.0,0.006585325965952232,0.042930292938345695,0.0,0.0,0.0,0.00040215731089785736,0.0,0.00015080899158669654,1.2690502446634711e-23,1.2690502446634711e-23,1.2690502446634711e-23,1.2690502446634711e-23,5.042491601975845e-17,2.3928439421122663e-13,8.277446618193683e-12,2.6670783356630665e-11,0.0,2.4648492066485194e-17,1.555233846342416e-11,2.1099948640453935e-13,1.8259810469555945e-09,1.2690502446634711e-23,0.038894294741052333,1.2690502446634711e-23
2024930_WZY_DM_assembly_Plate2C11,2024930_WZY_DM_assembly_Plate2,,,C11,Plate2_C11,Urea,cycle 5,,0.1625,48 h,,"growth curve data NA, so 48 h label rather than 0: 0.05:48 was used",Ho lab/7_Shared data/16s rRNA/Raw reads/2024930_DM_assembly/Plate2,,0.0,0.0,0.0058345301600328,0.0,0.0,0.0,0.0,0.0,not_assessable,review_required,True,,0.062290675559929155,0.021984944315268616,0.0,0.0,0.4450541932539784,0.03917829820285167,0.0,0.0,0.05411678600681616,0.1936366249306415,0.0,0.00901946433446922,0.0,0.0,0.0,0.002536724344069521,1.6511744728892828e-23,1.6511744728892828e-23,1.6511744728892828e-23,1.6511744728892828e-23,7.35124057010067e-20,4.4901638938035044e-14,0.1721822888101175,5.4403931495910046e-17,0.0,6.267793850604862e-20,5.385247174146104e-17,7.800924642952935e-18,1.9362989274834108e-16,1.6511744728892828e-23,2.418132224443664e-10,1.6511744728892828e-23
2024930_WZY_DM_assembly_Plate2C12,2024930_WZY_DM_assembly_Plate2,,,C12,Plate2_C12,Urea,cycle 5,,0.1295,48 h,,"growth curve data NA, so 48 h label rather than 0: 0.05:48 was used",Ho lab/7_Shared data/16s rRNA/Raw reads/2024930_DM_assembly/Plate2,,0.0,0.0,0.0011517353579175,0.0,0.0,0.0,0.0006320498915401,0.0,not_assessable,review_required,True,,0.2339752413517695,0.0009764224991198034,0.0,0.0,0.1497588008026191,0.021603347793042814,0.0,0.00048821124956029187,0.02062692529392214,0.1601332898557755,0.0,0.3959393233933966,0.0,0.0,0.0,0.0,1.6972232900525956e-23,1.6972232900525956e-23,1.6972232900525956e-23,1.6972232900525956e-23,4.906049489503624e-18,1.4388459623629947e-12,0.016482670672755703,5.988828039168143e-15,0.0,3.46708351330896e-08,1.031811201187442e-18,1.8788303666094146e-16,1.0571372233801051e-13,1.6972232900525956e-23,1.573241565250481e-05,1.6972232900525956e-23
2024930_WZY_DM_assembly_Plate2C1,2024930_WZY_DM_assembly_Plate2,,,C1,Plate2_C1,Butyrate,cycle 5,,0.2865,48 h,,"growth curve data NA, so 48 h label rather than 0: 0.05:48 was used",Ho lab/7_Shared data/16s rRNA/Raw reads/2024930_DM_assembly/Plate2,,0.0,1.4080238520387266e-05,0.0006805448618187,0.0,0.0,0.0,0.0,0.0,not_assessable,review_required,True,,0.6797235685462485,0.005964469258000657,0.0,0.0004367919406110239,0.0032834704501113745,0.009760040604001019,0.0,0.0,0.005512615526333848,0.07940576244489829,0.0,0.0017019823892777037,0.0,0.0,1.5061791055557373e-05,0.0005874098511666269,6.2678399828506e-24,6.2678399828506e-24,6.2678399828506e-24,6.2678399828506e-24,1.644032124206259e-13,5.30994023479192e-06,0.06000084601245427,6.190794855775265e-05,0.0,5.983835485229139e-14,2.9399139300863475e-05,9.005173466283861e-08,0.0052388668829709325,6.2678399828506e-24,0.14827240722281793,6.2678399828506e-24
2024930_WZY_DM_assembly_Plate2C2,2024930_WZY_DM_assembly_Plate2,,,C2,Plate2_C2,Butyrate,cycle 5,,0.2135,48 h,,"growth curve data NA, so 48 h label rather than 0: 0.05:48 was used",Ho lab/7_Shared data/16s rRNA/Raw reads/2024930_DM_assembly/Plate2,,0.0,0.0,0.0016621476510067,0.0,0.0,0.0,0.0,0.0,not_assessable,review_required,True,,0.5086996150717337,0.002490296290960404,0.0,0.0,0.18926251811302547,0.06021989212687173,0.0,0.0004527811438110673,0.005659764297638072,0.17816938008965483,0.0,0.0,0.0,0.0,0.0,0.0009055622876219651,1.5429319385760264e-23,1.5429319385760264e-23,1.5429319385760264e-23,1.5429319385760264e-23,1.0683595874346233e-18,1.180963653147486e-12,0.054138714846729656,1.949735190108217e-14,0.0,4.0947220049266455e-19,5.83806673021499e-14,9.261091784523968e-16,2.0212663458542699e-13,1.5429319385760264e-23,1.4757304910708142e-06,1.5429319385760264e-23
2024930_WZY_DM_assembly_Plate2C3,2024930_WZY_DM_assembly_Plate2,,,C3,Plate2_C3,Butyrate,cycle 5,,0.2735,48 h,,"growth curve data NA, so 48 h label rather than 0: 0.05:48 was used",Ho lab/7_Shared data/16s rRNA/Raw reads/2024930_DM_assembly/Plate2,,0.0,0.0,0.0006115148127445,0.0,0.0,0.0,0.0,0.0,not_assessable,review_required,True,,0.6241878898415033,0.03780618863069656,0.0,0.0,0.021346351403726548,0.04732203202753879,0.0,0.002314664610042595,0.03009063993055424,0.07149741795465062,0.0,0.0,0.0,0.0,0.0,0.0010287398266853735,9.857115962461714e-24,9.857115962461714e-24,9.857115962461714e-24,9.857115962461714e-24,3.295930341062202e-16,5.600145894622012e-10,0.0661472087154439,4.35016843622704e-11,0.0,1.750751742211321e-17,1.991558727638285e-10,9.267476346430475e-13,1.4210754709286307e-09,9.857115962461714e-24,0.09825886483448353,9.857115962461714e-24
2024930_WZY_DM_assembly_Plate2C4,2024930_WZY_DM_assembly_Plate2,,,C4,Plate2_C4,Butyrate,cycle 5,,0.2265,48 h,,"growth curve data NA, so 48 h label rather than 0: 0.05:48 was used",Ho lab/7_Shared data/16s rRNA/Raw reads/2024930_DM_assembly/Plate2,,0.0,0.0,0.0005507598784194,0.0,0.0,0.0,0.0,0.0,not_assessable,review_required,True,,0.652403561656198,0.0036978339527070337,0.0,0.0,0.04331748344599712,0.12731114037177618,0.0,0.008452191891901353,0.07554146503387467,0.08610670489875212,0.0,0.0031695719594618563,0.0,0.0,0.0,0.0,2.9973474713237836e-23,2.9973474713237836e-23,2.9973474713237836e-23,2.9973474713237836e-23,2.2738114791239813e-20,1.1239139568858787e-16,4.6787298909715354e-08,4.574608833903531e-18,0.0,8.43622981524933e-21,3.051093908504146e-17,7.292003962813698e-19,1.7798522099168676e-17,2.9973474713237836e-23,2.032536879489558e-12,2.9973474713237836e-23
2024930_WZY_DM_assembly_Plate2C5,2024930_WZY_DM_assembly_Plate2,,,C5,Plate2_C5,Butyrate,cycle 5,,0.3495,48 h,,"growth curve data NA, so 48 h label rather than 0: 0.05:48 was used",Ho lab/7_Shared data/16s rRNA/Raw reads/2024930_DM_assembly/Plate2,,0.0,0.0,0.0018154240282685,0.0,0.0,0.0,0.0,0.0,not_assessable,review_required,True,,0.44887523002024093,3.0751197507723586e-05,0.0,3.0751197507723586e-05,0.030013168767538078,0.007810804166961762,0.0,0.00027676077756928085,0.004366670046096557,0.22122411487056343,0.0,0.004643430823666086,0.0,0.0,0.0,0.000891784727723764,4.8633029856747226e-24,4.8633029856747226e-24,4.8633029856747226e-24,4.8633029856747226e-24,2.3031765238645073e-14,0.030752351529922506,0.14439191388205924,4.752845711517992e-05,0.0,1.1738256971159814e-13,1.7164940642232326e-06,1.1496146041308778e-07,0.0002689984518640423,4.8633029856747226e-24,0.10637390962799866,4.8633029856747226e-24
2024930_WZY_DM_assembly_Plate2C6,2024930_WZY_DM_assembly_Plate2,,,C6,Plate2_C6,Butyrate,cycle 5,,0.2605,48 h,,"growth curve data NA, so 48 h label rather than 0: 0.05:48 was used",Ho lab/7_Shared data/16s rRNA/Raw reads/2024930_DM_assembly/Plate2,,0.0,0.0,0.0017307763787576,0.0,0.0,0.0,0.0,0.0,not_assessable,review_required,True,,0.6403395653610832,0.0038561206152829754,0.0,0.0,0.0006706296722227045,0.02453386884216378,0.0,0.00033531483611158147,0.006818068334268549,0.1474267562770583,0.0,0.0,0.0,0.0,0.0,0.0005029722541671438,9.018340653027992e-24,9.018340653027992e-24,9.018340653027992e-24,9.018340653027992e-24,1.1012158797563383e-16,6.479394993328549e-09,0.10397194252528154,2.1213827478162269e-10,0.0,5.10135998146759e-17,1.8646589343710974e-10,2.1271578120436717e-12,5.637322675072328e-09,9.018340653027992e-24,0.07154474876491104,9.018340653027992e-24
2024930_WZY_DM_assembly_Plate2C7,2024930_WZY_DM_assembly_Plate2,,,C7,Plate2_C7,Urea,cycle 5,,0.2715,48 h,,"growth curve data NA, so 48 h label rather than 0: 0.05:48 was used",Ho lab/7_Shared data/16s rRNA/Raw reads/2024930_DM_assembly/Plate2,,0.0,0.0,0.0008767902274641,0.0,0.0,0.0,0.0,0.0,not_assessable,review_required,True,,0.5070440927741294,0.019965076293889036,0.0,0.0,0.3383736206360959,0.025128458094032875,0.0,0.001376901813370848,0.05679719980158225,0.051289592548095245,0.0,0.0,0.0,0.0,0.0,0.0,1.7636205676711557e-23,1.7636205676711557e-23,1.7636205676711557e-23,1.7636205676711557e-23,1.2838852446609525e-18,6.378832002227133e-15,2.202903687019106e-05,9.274821556132394e-15,0.0,5.077818577190742e-19,1.0525096745412059e-14,3.6916095681784076e-16,1.652701043835626e-13,1.7636205676711557e-23,3.029001742398867e-06,1.7636205676711557e-23
2024930_WZY_DM_assembly_Plate2C8,2024930_WZY_DM_assembly_Plate2,,,C8,Plate2_C8,Urea,cycle 5,,0.1725,48 h,,"growth curve data NA, so 48 h label rather than 0: 0.05:48 was used",Ho lab/7_Shared data/16s rRNA/Raw reads/2024930_DM_assembly/Plate2,,0.0,0.0,0.0001368737247789,0.0,0.0,0.0,0.0,0.0,not_assessable,review_required,True,,0.8144076483174407,0.0029355579496505176,0.0,0.0,0.06907547583566351,0.0007788214968455931,0.0,0.0,0.009765223383532064,0.04403336924476328,0.0,0.0,0.0,0.0,0.0,0.00047927476728994633,1.1968302754279629e-23,1.1968302754279629e-23,1.1968302754279629e-23,1.1968302754279629e-23,7.424220827526724e-17,4.338236891647606e-13,2.2511131420134846e-10,5.994916530801056e-11,0.0,4.048789164416067e-17,2.6399315132693315e-11,4.005267370466673e-13,4.485108958148307e-09,1.1968302754279629e-23,0.05852462420741117,1.1968302754279629e-23
2024930_WZY_DM_assembly_Plate2C9,2024930_WZY_DM_assembly_Plate2,,,C9,Plate2_C9,Urea,cycle 5,,0.2215,48 h,,"growth curve data NA, so 48 h label rather than 0: 0.05:48 was used",Ho lab/7_Shared data/16s rRNA/Raw reads/2024930_DM_assembly/Plate2,,0.0,0.0,0.0005841344108889,0.0,0.0,0.0,0.0,0.0,not_assessable,review_required,True,,0.6326637987353734,0.0026661278145164815,0.0,0.0002916077297127552,0.05069808672291729,0.005540546864542208,0.0,0.0,0.005748838100051452,0.023870175589343845,0.0,0.11730962383873092,0.0,0.0,0.0,0.0004582407181199857,8.635946223933405e-24,8.635946223933405e-24,8.635946223933405e-24,8.635946223933405e-24,1.2300739402208957e-14,4.989993521665186e-10,1.597295825503175e-11,5.870938884685563e-08,0.0,2.4918971919348604e-09,3.327861296795884e-10,1.0858278505630083e-10,9.09994376267866e-06,8.635946223933405e-24,0.16074379178528947,8.635946223933405e-24
2024930_WZY_DM_assembly_Plate2D10,2024930_WZY_DM_assembly_Plate2,,,D10,Plate2_D10,Glutamate,cycle 5,,0.4235,48 h,,"growth curve data NA, so 48 h label rather than 0: 0.05:48 was used",Ho lab/7_Shared data/16s rRNA/Raw reads/2024930_DM_assembly/Plate2,,0.0,0.0,0.003270126247798,0.0,0.0,0.0,0.0,0.0,not_assessable,review_required,True,,0.47077520113381727,0.0021243722000156492,0.0,9.547740224789684e-05,0.03692588531937401,0.012483670343912475,0.0,0.00011934675280987105,0.005394473227006061,0.04086432816209973,0.0,0.0,0.0,0.00019095480449579367,0.0,0.0002625628561816124,3.7494008270958245e-24,3.7494008270958245e-24,3.7494008270958245e-24,3.7494008270958245e-24,2.977779354663535e-11,0.002570461239565806,0.03756570915507245,0.003488091105102276,0.0,4.4825795323171935e-12,0.029646339068935643,0.00019175982504839192,0.24467011045314066,3.7494008270958245e-24,0.1126312569169141,3.7494008270958245e-24
2024930_WZY_DM_assembly_Plate2D11,2024930_WZY_DM_assembly_Plate2,,,D11,Plate2_D11,Glutamate,cycle 5,,0.2505,48 h,,"growth curve data NA, so 48 h label rather than 0: 0.05:48 was used",Ho lab/7_Shared data/16s rRNA/Raw reads/2024930_DM_assembly/Plate2,,0.0,0.0,0.0027126587005227,0.0,0.0,0.0,0.0,0.0,not_assessable,review_required,True,,0.564923513747192,0.016008537858075256,0.0,0.0024902170001443553,0.3365350403053168,0.0014229811429397944,0.0,0.0,0.057630736289070235,0.02027748128689464,0.0,0.0007114905714700161,0.0,0.0,0.0,0.0,2.2284007185590186e-23,2.2284007185590186e-23,2.2284007185590186e-23,2.2284007185590186e-23,1.7124884080093666e-19,3.566321015099458e-17,4.086823787673108e-11,2.882287807501865e-16,0.0,1.0896778191462775e-19,1.5711868152155836e-16,1.5509156509206526e-17,3.1246067454727903e-15,2.2284007185590186e-23,1.7580249965628357e-09,2.2284007185590186e-23
2024930_WZY_DM_assembly_Plate2D12,2024930_WZY_DM_assembly_Plate2,,,D12,Plate2_D12,Glutamate,cycle 5,,0.1905,48 h,,"growth curve data NA, so 48 h label rather than 0: 0.05:48 was used",Ho lab/7_Shared data/16s rRNA/Raw reads/2024930_DM_assembly/Plate2,,0.0,0.0,0.0003286686475606,0.0,0.0,0.0,0.0,0.0,not_assessable,review_required,True,,0.45158219735180366,0.012610040284322617,0.0,0.006661908074736035,0.23245300675063785,0.07542231641755516,0.0,0.0,0.0042826551909019225,0.177968115710826,0.0,0.03901974729488621,0.0,0.0,0.0,0.0,2.5449829126728796e-23,2.5449829126728796e-23,2.5449829126728796e-23,2.5449829126728796e-23,4.880377950978613e-20,4.096579359867004e-16,1.2917632166380548e-08,2.225957888676423e-17,0.0,8.908047460691403e-20,2.790300018199434e-17,2.7873945755056342e-18,9.08979578644848e-17,2.5449829126728796e-23,6.697887148604497e-12,2.5449829126728796e-23
2024930_WZY_DM_assembly_Plate2D1,2024930_WZY_DM_assembly_Plate2,,,D1,Plate2_D1,Succinate,cycle 5,,0.2235,48 h,,"growth curve data NA, so 48 h label rather than 0: 0.05:48 was used",Ho lab/7_Shared data/16s rRNA/Raw reads/2024930_DM_assembly/Plate2,,0.0,0.0,0.0,0.0,0.0,0.0,0.0,0.0,not_assessable,review_required,True,,0.8517027050647519,0.002801365665748709,0.0,0.0,0.04867372844238808,0.010942834631831534,0.0,0.0,0.0074411275496446255,0.07738772651631609,0.0,0.0,0.0,0.000437713385273282,0.0,0.0006127987393825947,2.658747726472952e-23,2.658747726472952e-23,2.658747726472952e-23,2.658747726472952e-23,4.134458951208475e-20,6.587866845238607e-18,2.9015791644065082e-15,3.437852723079387e-17,0.0,3.0550293322019645e-20,2.144442911370331e-17,2.6410086911080903e-18,2.1117650416577052e-16,2.658747726472952e-23,4.659939332983546e-12,2.658747726472952e-23
2024930_WZY_DM_assembly_Plate2D2,2024930_WZY_DM_assembly_Plate2,,,D2,Plate2_D2,Succinate,cycle 5,,0.2285,48 h,,"growth curve data NA, so 48 h label rather than 0: 0.05:48 was used",Ho lab/7_Shared data/16s rRNA/Raw reads/2024930_DM_assembly/Plate2,,0.0,0.0,6.282650536156173e-05,0.0,0.0,0.0,0.0,0.0,not_assessable,review_required,True,,0.5223693824280261,0.014749907974791698,0.0,0.0,0.18228659855639723,0.05927793204963652,0.0,0.0016698009028063814,0.04202332272063458,0.17560739494517036,0.0,0.0005566003009355645,0.0,0.0,0.0,0.001391500752337987,2.5955047710561167e-23,2.5955047710561167e-23,2.5955047710561167e-23,2.5955047710561167e-23,2.715495035075892e-20,2.3332890447953786e-16,6.755936719948057e-05,9.546532717953914e-18,0.0,1.425247603077508e-20,1.515337207034206e-17,1.3948081848389856e-18,3.364183203174252e-17,2.5955047710561167e-23,2.063804290871026e-12,2.5955047710561167e-23
2024930_WZY_DM_assembly_Plate2D3,2024930_WZY_DM_assembly_Plate2,,,D3,Plate2_D3,Succinate,cycle 5,,0.2515,48 h,,"growth curve data NA, so 48 h label rather than 0: 0.05:48 was used",Ho lab/7_Shared data/16s rRNA/Raw reads/2024930_DM_assembly/Plate2,,0.0,0.0,0.0,0.0,0.0,0.0,0.0,0.0,not_assessable,review_required,True,,0.6545019094264188,0.01841745862898666,0.0,0.0,0.2673942141689997,0.012619369801342824,0.0,0.0,0.045361518475097555,0.0,0.0,0.0,0.0,0.0,0.0,0.0017053202434242419,1.972465185882224e-23,1.972465185882224e-23,1.972465185882224e-23,1.972465185882224e-23,7.275022884255262e-19,1.8087529126570935e-16,4.830048124208007e-13,3.3596088385510112e-15,0.0,3.1220200489771626e-19,2.7698853547163073e-15,1.248580800210042e-16,6.31636213512037e-14,1.972465185882224e-23,2.092551776116191e-07,1.972465185882224e-23
2024930_WZY_DM_assembly_Plate2D4,2024930_WZY_DM_assembly_Plate2,,,D4,Plate2_D4,Succinate,cycle 5,,0.2165,48 h,,"growth curve data NA, so 48 h label rather than 0: 0.05:48 was used",Ho lab/7_Shared data/16s rRNA/Raw reads/2024930_DM_assembly/Plate2,,0.0,0.0,0.0001021987577639,0.0,0.0,0.0,0.0,0.0,not_assessable,review_required,True,,0.7549015962469848,0.0010081852192941507,0.0,0.0,0.005178405899101503,0.0016039310306952008,0.0,0.0006873990131551496,0.005819978311379753,0.0641114146269368,0.0,0.16662552078880744,0.0,0.0,0.0,0.0,1.664008990058144e-23,1.664008990058144e-23,1.664008990058144e-23,1.664008990058144e-23,5.807196630540423e-18,1.3848549281272713e-14,1.1350530776045658e-12,8.335802548071065e-14,0.0,8.86214013856967e-14,1.1228188059712885e-15,1.455289287019431e-15,2.785958539299345e-12,1.664008990058144e-23,6.356885953582348e-05,1.664008990058144e-23
2024930_WZY_DM_assembly_Plate2D5,2024930_WZY_DM_assembly_Plate2,,,D5,Plate2_D5,Succinate,cycle 5,,0.3325,48 h,,"growth curve data NA, so 48 h label rather than 0: 0.05:48 was used",Ho lab/7_Shared data/16s rRNA/Raw reads/2024930_DM_assembly/Plate2,,0.0,0.0,0.0,0.0,0.0,0.0,0.0,0.0,not_assessable,review_required,True,,0.5503583456214421,0.0018860806909573838,0.0,0.0,0.2331195734023656,0.08185590198756136,0.0,0.0,0.032440587884471274,0.0,0.0,0.09958506048256338,0.0,0.0007544322763830608,0.0,0.0,2.316387164388075e-23,2.316387164388075e-23,2.316387164388075e-23,2.316387164388075e-23,3.8575544831413057e-19,4.1192313071085294e-16,9.004522362703166e-16,5.38253331606269e-16,0.0,8.880758922669985e-18,5.939389678598857e-16,2.88627381215716e-17,7.321020481617247e-15,2.316387164388075e-23,1.7654245892260013e-08,2.316387164388075e-23
2024930_WZY_DM_assembly_Plate2D6,2024930_WZY_DM_assembly_Plate2,,,D6,Plate2_D6,Succinate,cycle 5,,0.2535,48 h,,"growth curve data NA, so 48 h label rather than 0: 0.05:48 was used",Ho lab/7_Shared data/16s rRNA/Raw reads/2024930_DM_assembly/Plate2,,0.0,0.0,0.0,0.0,0.0,0.0,0.0,0.0,not_assessable,review_required,True,,0.578859060402687,0.011409395973154286,0.0,0.0,0.20973154362416213,0.009060402684561701,0.0,0.0013422818791946408,0.004362416107382188,0.18255033557046857,0.0,0.0010067114093959806,0.0,0.0,0.0,0.0016778523489933011,5.519672984260662e-23,5.519672984260662e-23,5.519672984260662e-23,5.519672984260662e-23,1.3892206008291655e-21,4.112665782064826e-20,3.809364428808629e-16,3.6520172935668885e-20,0.0,1.2810631003696362e-21,1.8449057820077614e-20,9.502772726648485e-21,5.0028281104698515e-20,5.519672984260662e-23,4.542403603630501e-18,5.519672984260662e-23
2024930_WZY_DM_assembly_Plate2D7,2024930_WZY_DM_assembly_Plate2,,,D7,Plate2_D7,Glutamate,cycle 5,,0.2965,48 h,,"growth curve data NA, so 48 h label rather than 0: 0.05:48 was used",Ho lab/7_Shared data/16s rRNA/Raw reads/2024930_DM_assembly/Plate2,,0.0,0.0,0.0048470097967539,0.0,0.0,0.0,0.0,0.0,not_assessable,review_required,True,,0.7491674715752793,0.0016753411827251455,0.0,0.0,0.055544003827281654,0.0008376705913623871,0.0,0.0,0.00080545249169466,0.022520451667789817,0.0,0.0,0.0,0.0,0.0,0.00041883529568119356,7.257179583027985e-24,7.257179583027985e-24,7.257179583027985e-24,7.257179583027985e-24,9.209275681262772e-14,3.896282919745997e-09,1.5988563977744808e-11,2.3864196906731487e-05,0.0,3.073222455930801e-14,1.1426562928396241e-05,2.4415248238688217e-08,0.004720789391520937,7.257179583027985e-24,0.16427466488918713,7.257179583027985e-24
2024930_WZY_DM_assembly_Plate2D8,2024930_WZY_DM_assembly_Plate2,,,D8,Plate2_D8,Glutamate,cycle 5,,0.3835,48 h,,"growth curve data NA, so 48 h label rather than 0: 0.05:48 was used",Ho lab/7_Shared data/16s rRNA/Raw reads/2024930_DM_assembly/Plate2,,0.0,0.0,0.0065465977503168,0.0,0.0,0.0,0.0,0.0,not_assessable,review_required,True,,0.27445611944251835,0.0015311359522593461,0.0,0.0,0.29799733470850875,0.06028847812021853,0.0,0.00038278398806488,0.004402015862745462,0.30316491854738453,0.0,0.00057417598209732,0.0,0.0,0.00057417598209732,0.002296703928388389,2.4610215660299085e-23,2.4610215660299085e-23,2.4610215660299085e-23,2.4610215660299085e-23,1.0281743289519141e-20,1.0385774432576316e-15,0.054332157485653294,3.475164986211616e-18,0.0,7.731459254832996e-21,4.405603878804269e-18,6.753311508296459e-19,6.813697504140932e-18,2.4610215660299085e-23,6.276613607930375e-14,2.4610215660299085e-23
2024930_WZY_DM_assembly_Plate2D9,2024930_WZY_DM_assembly_Plate2,,,D9,Plate2_D9,Glutamate,cycle 5,,0.5655,48 h,,"growth curve data NA, so 48 h label rather than 0: 0.05:48 was used",Ho lab/7_Shared data/16s rRNA/Raw reads/2024930_DM_assembly/Plate2,,0.0,0.0,0.0005051236880629,0.0,0.0,0.0,0.0,0.0,not_assessable,review_required,True,,0.41250591377337464,0.0006961750133702041,0.0,0.0,0.011672040649697268,0.00041474256115665446,0.0,4.443670298108097e-05,0.0014071622610675372,0.0027847000534810275,0.0,0.0,0.0,0.0,0.0,0.0,2.0618419819371992e-24,2.0618419819371992e-24,2.0618419819371992e-24,2.0618419819371992e-24,4.083299640495472e-06,0.013972575923731596,1.0888415954518682e-07,0.013516164771069086,0.0,4.7575393613693314e-07,0.06578561435854899,0.05759464430842422,0.3305617297153769,2.0618419819371992e-24,0.08903943196998453,2.0618419819371992e-24
2024930_WZY_DM_assembly_Plate2E10,2024930_WZY_DM_assembly_Plate2,,,E10,Plate2_E10,Acid_mix,cycle 5,,0.3025,48 h,,"growth curve data NA, so 48 h label rather than 0: 0.05:48 was used",Ho lab/7_Shared data/16s rRNA/Raw reads/2024930_DM_assembly/Plate2,,0.0,0.0,2.49731693222158e-05,0.0,0.0,0.0,0.0,0.0,not_assessable,review_required,True,,0.15593086892479893,0.0003802703773032898,0.0,0.001300924974985306,0.01110789786333757,0.004643301449178759,0.0,6.004269115317636e-05,0.001100782671141431,0.11672299160177481,0.0,0.36982294904279744,0.0,0.00010007115192196059,0.0,0.0003202276861501514,4.6958749866892136e-24,4.6958749866892136e-24,4.6958749866892136e-24,4.6958749866892136e-24,4.362394940278768e-10,0.035666312592966785,0.07783719837408322,0.0003561955002043067,0.0,0.05143129843725558,1.6933945842958194e-16,2.434434067314618e-07,0.03131506627461765,4.6958749866892136e-24,0.14190335650668331,4.6958749866892136e-24
2024930_WZY_DM_assembly_Plate2E11,2024930_WZY_DM_assembly_Plate2,,,E11,Plate2_E11,Acid_mix,cycle 5,,0.1445,48 h,,"growth curve data NA, so 48 h label rather than 0: 0.05:48 was used",Ho lab/7_Shared data/16s rRNA/Raw reads/2024930_DM_assembly/Plate2,,0.0,0.0,0.0,0.0,0.0,0.0,0.0,0.0,not_assessable,review_required,True,,0.3648056923918969,0.02435686918445482,0.0,0.02654625068418028,0.19102353585112097,0.0005473453749315804,0.0,0.0010946907498631609,0.02654625068418028,0.05035577449370373,0.0,0.30952380952380687,0.0,0.005199781061848978,0.0,0.0,3.928792189627701e-23,3.928792189627701e-23,3.928792189627701e-23,3.928792189627701e-23,1.451767597504592e-20,4.326859984572891e-19,1.6535123776618767e-17,5.301095280384122e-19,0.0,2.6020321620911738e-17,1.2251799178721631e-20,6.928263106859684e-20,1.6755417176815051e-18,3.928792189627701e-23,1.233964164433673e-14,3.928792189627701e-23
2024930_WZY_DM_assembly_Plate2E12,2024930_WZY_DM_assembly_Plate2,,,E12,Plate2_E12,Acid_mix,cycle 5,,0.1185,48 h,,"growth curve data NA, so 48 h label rather than 0: 0.05:48 was used",Ho lab/7_Shared data/16s rRNA/Raw reads/2024930_DM_assembly/Plate2,,0.0,0.0,0.0,9.260224016671008e-05,0.0,0.0,0.0,0.0,not_assessable,review_required,True,,0.014175110872294675,0.0026460206961615583,0.0,0.024192189222050985,0.13683707028722672,0.0689855395785045,0.0,0.0009450073914863737,0.017577137481646472,0.4500125198258106,0.0,0.0,0.0,0.0009450073914863737,0.0,0.0049140384357286085,2.3918007488898925e-23,2.3918007488898925e-23,2.3918007488898925e-23,2.3918007488898925e-23,5.458276256424069e-22,1.2974693459056512e-15,0.2787703588176017,1.6126276868875195e-20,0.0,4.3660157546287055e-22,1.3257860004070932e-20,9.230967456436911e-21,6.823227309061594e-21,2.3918007488898925e-23,2.296089749611685e-18,2.3918007488898925e-23
2024930_WZY_DM_assembly_Plate2E1,2024930_WZY_DM_assembly_Plate2,,,E1,Plate2_E1,Pyruvate,cycle 5,,0.1505,48 h,,"growth curve data NA, so 48 h label rather than 0: 0.05:48 was used",Ho lab/7_Shared data/16s rRNA/Raw reads/2024930_DM_assembly/Plate2,,0.0,0.0,5.63248502994012e-05,0.0,0.0,0.0,0.0,0.0,not_assessable,review_required,True,,0.0005165219950992134,0.005475133148051178,0.0,0.0,0.12995693396696154,0.08935830515216385,0.018284878626512135,0.0,0.018801400621610967,0.43883708703629115,0.0,0.0,0.0004132175960793707,0.007851134325507875,0.0037189583647142576,0.0,1.4328766309230673e-23,1.4328766309230673e-23,1.4328766309230673e-23,1.4328766309230673e-23,2.3163087509747573e-21,2.234195576851258e-10,0.28678642894357376,7.621378681965069e-19,0.0,1.81790048033146e-21,2.3149786114417096e-18,4.552258618719973e-19,1.9439566550253825e-19,1.4328766309230673e-23,1.514108688820145e-14,1.4328766309230673e-23
2024930_WZY_DM_assembly_Plate2E2,2024930_WZY_DM_assembly_Plate2,low growth,,E2,Plate2_E2,Pyruvate,cycle 5,,-0.0185,48 h,,"growth curve data NA, so 48 h label rather than 0: 0.05:48 was used",Ho lab/7_Shared data/16s rRNA/Raw reads/2024930_DM_assembly/Plate2,,-0.0,-0.0,-0.0,-0.0,-0.0,-0.0,-0.0,-0.0,not_assessable,review_required,False,low growth,0.0,0.0,0.0,0.0,0.0,0.0,0.0,0.0,0.0,0.0,0.0,0.0,0.0,0.0,0.0,0.0,0.0625,0.0625,0.0625,0.0625,0.0625,0.0625,0.0625,0.125,0.0,0.0625,0.0625,0.0625,0.0625,0.0625,0.0625,0.0625
2024930_WZY_DM_assembly_Plate2E3,2024930_WZY_DM_assembly_Plate2,low growth,,E3,Plate2_E3,Pyruvate,cycle 5,,-0.0085,48 h,,"growth curve data NA, so 48 h label rather than 0: 0.05:48 was used",Ho lab/7_Shared data/16s rRNA/Raw reads/2024930_DM_assembly/Plate2,,-0.0,-0.0,-0.0,-0.0,-0.0,-0.0,-0.0,-0.0,not_assessable,review_required,False,low growth,0.0,0.0,0.0,0.0,0.0,0.0,0.0,0.0,0.0,0.0,0.0,0.0,0.0,0.0,0.0,0.0,0.0625,0.0625,0.0625,0.0625,0.0625,0.0625,0.0625,0.125,0.0,0.0625,0.0625,0.0625,0.0625,0.0625,0.0625,0.0625
2024930_WZY_DM_assembly_Plate2E4,2024930_WZY_DM_assembly_Plate2,,,E4,Plate2_E4,Pyruvate,cycle 5,,0.0595,48 h,,"growth curve data NA, so 48 h label rather than 0: 0.05:48 was used",Ho lab/7_Shared data/16s rRNA/Raw reads/2024930_DM_assembly/Plate2,,0.0,0.0,0.0002588128681468,0.0,0.0,0.0,0.0,0.0,not_assessable,review_required,True,,0.0034522439585731833,0.005178365937859775,0.0,0.0,0.7986191024165933,0.022439585730717203,0.010932105868813954,0.002876869965477653,0.025891829689295646,0.1098964326812395,0.0,0.001150747986191061,0.0,0.019562715765238724,0.0,0.0,2.0841819898270683e-22,2.0841819898270683e-22,2.0841819898270683e-22,2.0841819898270683e-22,5.062256241517146e-22,1.195951749587153e-21,7.989320193613897e-21,2.088007030140502e-21,0.0,4.965093497236687e-22,1.0860482621414005e-21,8.608872988044528e-22,1.3860408533228869e-21,2.0841819898270683e-22,5.713716139384843e-21,2.0841819898270683e-22
2024930_WZY_DM_assembly_Plate2E5,2024930_WZY_DM_assembly_Plate2,,,E5,Plate2_E5,Pyruvate,cycle 5,,0.2005,48 h,,"growth curve data NA, so 48 h label rather than 0: 0.05:48 was used",Ho lab/7_Shared data/16s rRNA/Raw reads/2024930_DM_assembly/Plate2,,0.0,0.0,0.0014748024316109,0.0,0.0,0.0,0.0,0.0,not_assessable,review_required,True,,0.003696857670979777,0.04066543438077224,0.0,0.0,0.6404805914972425,0.07116451016635521,0.18207024029574714,0.0027726432532348324,0.04528650646949533,0.0018484288354898883,0.0,0.0,0.0,0.012014787430683052,0.0,0.0,1.480997425567364e-22,1.480997425567364e-22,1.480997425567364e-22,1.480997425567364e-22,5.649657200888447e-22,1.4602374521402972e-21,3.992388899799803e-21,3.3020232082755258e-21,0.0,4.577741495305732e-22,2.1176021427629e-21,1.1137669103769261e-21,2.6426280146779826e-21,1.480997425567364e-22,3.176736512487835e-20,1.480997425567364e-22
2024930_WZY_DM_assembly_Plate2E6,2024930_WZY_DM_assembly_Plate2,,,E6,Plate2_E6,Pyruvate,cycle 5,,0.1365,48 h,,"growth curve data NA, so 48 h label rather than 0: 0.05:48 was used",Ho lab/7_Shared data/16s rRNA/Raw reads/2024930_DM_assembly/Plate2,,0.0,0.0,0.0002198389458272,0.0,0.0,0.0,1.9985358711566618e-05,0.0,not_assessable,review_required,True,,0.0032258064516129505,0.0,0.0,0.0,0.5032258064516161,0.15430107526881892,0.3209677419354866,0.0005376344086021583,0.01021505376343655,0.0,0.0,0.0,0.0,0.007526881720426649,0.0,0.0,1.0508364843042417e-22,1.0508364843042417e-22,1.0508364843042417e-22,1.0508364843042417e-22,6.520691038382865e-22,3.581148480011176e-21,1.0619436132124573e-21,8.843469374087011e-21,0.0,4.702672643840287e-22,1.0048060604740069e-20,2.0551451466075848e-21,9.296976782952232e-21,1.0508364843042417e-22,3.497593670028348e-19,1.0508364843042417e-22
2024930_WZY_DM_assembly_Plate2E7,2024930_WZY_DM_assembly_Plate2,,,E7,Plate2_E7,Acid_mix,cycle 5,,0.3265,48 h,,"growth curve data NA, so 48 h label rather than 0: 0.05:48 was used",Ho lab/7_Shared data/16s rRNA/Raw reads/2024930_DM_assembly/Plate2,,0.0,0.0,0.0,0.0,0.0,0.0,0.0,0.0,not_assessable,review_required,True,,0.11746957676398725,0.0025330366957193127,0.0,0.0,0.05857647358851106,0.020580923152720067,0.0,0.0,0.004749443804473495,0.023747219022369207,0.0,0.5186392634485479,0.0,0.005699332565368454,0.0,0.0,8.477902656339772e-24,8.477902656339772e-24,8.477902656339772e-24,8.477902656339772e-24,2.4483218680243626e-13,3.059349833519149e-07,5.301006770247437e-13,2.7720101384762506e-09,0.0,0.0684472326440863,1.7208463480927251e-18,5.16647440273003e-12,4.447032882109106e-07,8.477902656339772e-24,0.17955674489799384,8.477902656339772e-24
2024930_WZY_DM_assembly_Plate2E8,2024930_WZY_DM_assembly_Plate2,,,E8,Plate2_E8,Acid_mix,cycle 5,,0.2605,48 h,,"growth curve data NA, so 48 h label rather than 0: 0.05:48 was used",Ho lab/7_Shared data/16s rRNA/Raw reads/2024930_DM_assembly/Plate2,,0.0,0.0,0.0,0.0,0.0,0.0,0.0,0.0,not_assessable,review_required,True,,0.24429181953128146,0.0010371490657615403,0.0,0.0,0.056999984072485264,0.03405306099250836,0.0,0.0006050036216943015,0.005099316239994587,0.21162162395978876,0.0,0.2139984239021594,0.0,0.003370734463725215,0.0,0.00047535998847379556,8.161048048501085e-24,8.161048048501085e-24,8.161048048501085e-24,8.161048048501085e-24,4.4345147547092543e-16,4.22049105103689e-05,0.1407661910331193,5.540640629558249e-11,0.0,2.3747126067845384e-05,5.2519421372703325e-15,6.970432221703999e-13,6.793995183464281e-10,8.161048048501085e-24,0.08761538035692114,8.161048048501085e-24
2024930_WZY_DM_assembly_Plate2E9,2024930_WZY_DM_assembly_Plate2,,,E9,Plate2_E9,Acid_mix,cycle 5,,0.1185,48 h,,"growth curve data NA, so 48 h label rather than 0: 0.05:48 was used",Ho lab/7_Shared data/16s rRNA/Raw reads/2024930_DM_assembly/Plate2,,0.0,0.0,0.0,0.0,0.0,0.0,0.0,0.0,not_assessable,review_required,True,,0.7859671709043826,0.012552301255228467,0.0,0.007402639201800435,0.01126488574187232,0.04312841969745505,0.0,0.002574831026712298,0.008368200836818405,0.12133891213388663,0.0,0.0,0.0,0.007402639201800435,0.0,0.0,3.356357938179501e-23,3.356357938179501e-23,3.356357938179501e-23,3.356357938179501e-23,1.063207713919368e-20,2.326473520674931e-18,1.9715596417078234e-14,1.7335356660748464e-18,0.0,6.166323524653548e-21,1.5214819847623547e-18,2.5955033205988543e-19,4.93929048047518e-18,3.356357938179501e-23,2.3496580107399318e-14,3.356357938179501e-23
2024930_WZY_DM_assembly_Plate2F10,2024930_WZY_DM_assembly_Plate2,,,F10,Plate2_F10,Host_sugar_mix,cycle 5,,0.9255,48 h,,"growth curve data NA, so 48 h label rather than 0: 0.05:48 was used",Ho lab/7_Shared data/16s rRNA/Raw reads/2024930_DM_assembly/Plate2,,0.0,0.0018681825194785,0.0065326891923165,0.0,0.0,0.0,0.0,0.0009043431304481,not_assessable,review_required,True,,0.000965792329351661,3.285007922964982e-05,0.010873376225014053,0.00045333109336914923,0.09286717398222002,0.018691695081670727,0.0006241515053633199,0.030819944333257444,0.0015439537237935072,0.014237224338130183,0.00010512025353483597,0.0,0.005144322407363145,0.20446546314118638,0.00042705102998542643,0.0056436436116538225,1.0783923649056692e-24,1.0783923649056692e-24,1.0783923649056692e-24,1.0783923649056692e-24,0.012626078190322906,0.03467379667675379,0.019722282984425164,0.32553589285258144,0.0,0.005568758475404098,0.026972285793324325,0.06842916114465464,0.015124849535591758,1.0783923649056692e-24,0.10445180121181852,1.0783923649056692e-24
2024930_WZY_DM_assembly_Plate2F11,2024930_WZY_DM_assembly_Plate2,,,F11,Plate2_F11,Host_sugar_mix,cycle 5,,0.8325,48 h,,"growth curve data NA, so 48 h label rather than 0: 0.05:48 was used",Ho lab/7_Shared data/16s rRNA/Raw reads/2024930_DM_assembly/Plate2,,0.0,0.0038260184388103,0.0064036683235677,0.0,0.0,0.0,0.0,0.0001849434894893,not_assessable,review_required,True,,0.04753554669737508,0.0006966878320922391,0.0026902868593102476,0.00011790101773868946,0.006334500134870002,0.014930556155455084,0.00020364721245768577,0.125157289466798,0.005980797081653933,0.003976479780096027,0.0,0.0,0.008810421507382666,0.2517293911464605,0.0014255304872041713,0.004512393497090171,1.811072528404083e-24,1.811072528404083e-24,1.811072528404083e-24,1.811072528404083e-24,1.057033992313317e-06,0.039878739007504264,0.01819595422506611,0.2729366025260067,0.0,1.1923637324733326e-05,1.444619680273183e-10,0.06689299783425906,5.507618327567148e-08,1.811072528404083e-24,0.127981241639217,1.811072528404083e-24
2024930_WZY_DM_assembly_Plate2F12,2024930_WZY_DM_assembly_Plate2,,,F12,Plate2_F12,Host_sugar_mix,cycle 5,,0.9485,48 h,,"growth curve data NA, so 48 h label rather than 0: 0.05:48 was used",Ho lab/7_Shared data/16s rRNA/Raw reads/2024930_DM_assembly/Plate2,,0.0,0.0016294676355594,0.0024161071837605,0.0,0.0,0.0,0.0,0.0008709223569369,not_assessable,review_required,True,,0.0016066612538907846,0.0005943717933468582,0.004039870782904566,0.0,0.017821866741135495,0.0024610707068269057,0.00012073177052354026,0.1570998946289985,0.011265202895777674,0.0320217803665634,0.0,2.7861177813135228e-05,0.0002414635410470805,0.27241730959756516,0.0,0.0008265482751229963,1.9369203660560456e-24,1.9369203660560456e-24,1.9369203660560456e-24,1.9369203660560456e-24,1.617803742478987e-10,0.042182258841103125,0.04059919153104413,0.23539220616737735,0.0,1.057253412987042e-06,1.519141119127269e-18,0.05327859661472532,8.406532309515315e-12,1.9369203660560456e-24,0.12800205589063393,1.9369203660560456e-24
2024930_WZY_DM_assembly_Plate2F1,2024930_WZY_DM_assembly_Plate2,,,F1,Plate2_F1,Lactate,cycle 5,,0.1955,48 h,,"growth curve data NA, so 48 h label rather than 0: 0.05:48 was used",Ho lab/7_Shared data/16s rRNA/Raw reads/2024930_DM_assembly/Plate2,,0.0,0.0,0.0,0.0,0.0,0.0,0.0,0.0,not_assessable,review_required,True,,0.3504501279740792,0.019183082782419293,0.0,0.000978728713388792,0.04456478074963604,0.054678310787986344,0.0,0.0,0.0010439772942813783,0.16292570648878724,0.0,0.36245586685831543,0.0,0.00247944607391814,0.0,0.00123972303695907,2.0536850034176455e-23,2.0536850034176455e-23,2.0536850034176455e-23,2.0536850034176455e-23,1.1973150579532978e-18,6.70113474116217e-14,1.870455404456513e-07,4.3532884716046394e-16,0.0,1.7986266049359076e-11,1.2875487573935497e-18,2.8473327908230633e-17,4.15471877801228e-15,2.0536850034176455e-23,6.217663068957898e-08,2.0536850034176455e-23
2024930_WZY_DM_assembly_Plate2F2,2024930_WZY_DM_assembly_Plate2,,,F2,Plate2_F2,Lactate,cycle 5,,0.1855,48 h,,"growth curve data NA, so 48 h label rather than 0: 0.05:48 was used",Ho lab/7_Shared data/16s rRNA/Raw reads/2024930_DM_assembly/Plate2,,0.0,0.0,0.0,0.0,0.0,0.0,0.0,0.0,not_assessable,review_required,True,,0.10862803293435268,0.10504442772414692,0.0,0.02508523647143799,0.26720256348594434,0.257795599809155,0.0,0.0,0.0033596298845675722,0.004255531187118573,0.0,0.0,0.0,0.05084239891978938,0.0,0.0017918026051025882,1.1468076235857702e-23,1.1468076235857702e-23,1.1468076235857702e-23,1.1468076235857702e-23,4.334344979902529e-15,2.4341187949204227e-06,1.0924913763692179e-13,8.130291833420338e-12,0.0,2.279690023396973e-19,1.662123449116395e-07,1.9351397023853813e-12,3.213042474367611e-11,1.1468076235857702e-23,0.17599217660493563,1.1468076235857702e-23
2024930_WZY_DM_assembly_Plate2F3,2024930_WZY_DM_assembly_Plate2,,,F3,Plate2_F3,Lactate,cycle 5,,0.2805,48 h,,"growth curve data NA, so 48 h label rather than 0: 0.05:48 was used",Ho lab/7_Shared data/16s rRNA/Raw reads/2024930_DM_assembly/Plate2,,0.0,0.0,0.0,0.0,0.0,0.0,0.0,0.0,not_assessable,review_required,True,,0.42677835315124996,0.017863927400464556,0.0,0.0011735426759428515,0.030642503205176756,0.0028686598745269703,0.0,0.0,0.00026078726132065387,0.2862140192994173,0.0,0.0,0.0,0.025296364348103385,0.0,0.0011735426759428515,7.496798465089679e-24,7.496798465089679e-24,7.496798465089679e-24,7.496798465089679e-24,2.5176920843858118e-17,7.960371374814779e-05,0.17786525129222014,5.971220334200299e-11,0.0,4.182791202025913e-17,6.753000519801509e-13,1.64788259228198e-12,6.205363224218066e-11,7.496798465089679e-24,0.029783444977797363,7.496798465089679e-24
2024930_WZY_DM_assembly_Plate2F4,2024930_WZY_DM_assembly_Plate2,,,F4,Plate2_F4,Lactate,cycle 5,,0.1965,48 h,,"growth curve data NA, so 48 h label rather than 0: 0.05:48 was used",Ho lab/7_Shared data/16s rRNA/Raw reads/2024930_DM_assembly/Plate2,,0.0,0.0,0.0,0.0,0.0,0.0,0.0,0.0,not_assessable,review_required,True,,0.31205211726384674,0.02280130293159544,0.0,0.07491856677524264,0.12508143322475668,0.09967426710097804,0.0039087947882731145,0.005863192182409672,0.004560260586316363,0.16547231270358453,0.0,0.0,0.0,0.1856677524429968,0.0,0.0,6.652711125477695e-23,6.652711125477695e-23,6.652711125477695e-23,6.652711125477695e-23,9.880650200135296e-22,1.0009166041640283e-19,2.290611936035373e-17,1.6743162611569716e-20,0.0,6.737729934292473e-22,5.62304484878366e-21,5.952855569789023e-21,8.013867390497353e-21,6.652711125477695e-23,5.6307220559603594e-18,6.652711125477695e-23
2024930_WZY_DM_assembly_Plate2F5,2024930_WZY_DM_assembly_Plate2,,,F5,Plate2_F5,Lactate,cycle 5,,0.2745,48 h,,"growth curve data NA, so 48 h label rather than 0: 0.05:48 was used",Ho lab/7_Shared data/16s rRNA/Raw reads/2024930_DM_assembly/Plate2,,0.0,0.0,0.0,0.0,0.0,0.0,0.0,0.0,not_assessable,review_required,True,,0.0686315511886318,0.03310640905354646,0.0,0.006651515974228222,0.0019652206287483916,0.10551723068208205,0.0,0.0009070249055766492,0.007860882514996842,0.2838987954454901,0.0,0.42040604373477564,0.0,0.06878272200622809,0.0,0.0022675622639409553,3.197687013543588e-23,3.197687013543588e-23,3.197687013543588e-23,3.197687013543588e-23,2.3001139292234043e-20,1.7175909653324909e-15,5.041601476889295e-06,5.859831441236012e-19,0.0,6.036736126534314e-15,5.9444296649956374e-21,1.6270753931401453e-19,6.5202912234048855e-19,3.197687013543588e-23,2.7010768926303256e-13,3.197687013543588e-23
2024930_WZY_DM_assembly_Plate2F6,2024930_WZY_DM_assembly_Plate2,,,F6,Plate2_F6,Lactate,cycle 5,,0.2185,48 h,,"growth curve data NA, so 48 h label rather than 0: 0.05:48 was used",Ho lab/7_Shared data/16s rRNA/Raw reads/2024930_DM_assembly/Plate2,,0.0,0.0,0.0,0.0,0.0,0.0,0.0,0.0,not_assessable,review_required,True,,0.26219692455458316,0.04510914831046472,0.0,0.01268694796231622,0.0028193217694025205,0.02725344377090566,0.00046988696156735344,0.0018795478462694138,0.02913299161717401,0.5474183102259658,0.0,0.0,0.0,0.03477163515598393,0.0,0.006578417461941654,4.763048970407062e-23,4.763048970407062e-23,4.763048970407062e-23,4.763048970407062e-23,4.376514686975668e-22,2.3819162730433363e-18,0.029683424363425623,4.1905756727870704e-21,0.0,4.347254911561445e-22,1.2234639959806712e-21,2.667799638740964e-21,1.7261833265885822e-21,4.763048970407062e-23,1.5737887425117028e-19,4.763048970407062e-23
2024930_WZY_DM_assembly_Plate2F7,2024930_WZY_DM_assembly_Plate2,,,F7,Plate2_F7,Host_sugar_mix,cycle 5,,1.0175,48 h,,"growth curve data NA, so 48 h label rather than 0: 0.05:48 was used",Ho lab/7_Shared data/16s rRNA/Raw reads/2024930_DM_assembly/Plate2,,0.0,0.0005743960191099,0.0051270163187221,0.0,0.0,0.0,0.0,0.0005212112025256,not_assessable,review_required,True,,0.047541730511555046,0.00029217920419739044,0.011007404305070932,7.75169317258177e-05,0.09511923806852209,0.0016040042026348915,0.0009302031807102047,0.07111880343801798,0.005324816925475767,0.010804667714403337,0.0,0.0,0.004400576585667578,0.14905909686791097,0.0015563014754189867,1.1925681803977197e-05,1.0948776723002215e-24,1.0948776723002215e-24,1.0948776723002215e-24,1.0948776723002215e-24,0.016258148429498454,0.028876474618214926,0.02036462154156264,0.27906927795584574,0.0,0.005130429844169061,0.02380781464519613,0.06278322372459676,0.06662406778207601,1.0948776723002215e-24,0.09823747636572534,1.0948776723002215e-24
2024930_WZY_DM_assembly_Plate2F8,2024930_WZY_DM_assembly_Plate2,,,F8,Plate2_F8,Host_sugar_mix,cycle 5,,1.1495,48 h,,"growth curve data NA, so 48 h label rather than 0: 0.05:48 was used",Ho lab/7_Shared data/16s rRNA/Raw reads/2024930_DM_assembly/Plate2,,0.0,0.0012225601973964,0.0052488584474885,0.0,0.0,0.0,0.0,0.0007987393289656,not_assessable,review_required,True,,0.06565926664231897,0.0006292620319031612,0.001624810918197842,0.000244191236260917,0.018295558778320297,0.033360279661495754,0.0015684590944453226,0.0013524437700606364,0.004996528372724013,0.002131977331970573,0.0011646043575521809,0.0,0.002019273684465535,0.2364710364068527,0.001098860563174213,0.0023573846269806507,1.125324503458443e-24,1.125324503458443e-24,1.125324503458443e-24,1.125324503458443e-24,0.0005164954828552021,0.038547190962718,0.017507924613939334,0.34817393152153703,0.0,0.005776262215863188,0.03109988490228961,0.0735018920999126,0.0004070449294641058,1.125324503458443e-24,0.11149543579469814,1.125324503458443e-24
2024930_WZY_DM_assembly_Plate2F9,2024930_WZY_DM_assembly_Plate2,,,F9,Plate2_F9,Host_sugar_mix,cycle 5,,0.9225,48 h,,"growth curve data NA, so 48 h label rather than 0: 0.05:48 was used",Ho lab/7_Shared data/16s rRNA/Raw reads/2024930_DM_assembly/Plate2,,0.0,0.0038297626979652,0.0026831979396238,0.0,0.0,0.0,0.0,0.0001773038286095,not_assessable,review_required,True,,0.006275578809877248,0.00018938646614167373,0.00018938646614167373,8.60847573371366e-06,0.06488208160499984,0.022054914829774397,0.0006198102528273753,0.09972919137507269,0.0005853763498924725,0.003891031031638547,8.60847573371366e-06,0.003856597128703717,0.005371688857837252,0.2252579845240853,0.001420398496062735,0.0024189816811735305,1.4224252205325814e-24,1.4224252205325814e-24,1.4224252205325814e-24,1.4224252205325814e-24,0.0004043389407232107,0.037721527423134865,0.010385777294931937,0.3203993898335273,0.0,0.0036980844207054045,0.00011610019362613284,0.0709415047819149,5.358912274246952e-05,1.4224252205325814e-24,0.11952006316299793,1.4224252205325814e-24
2024930_WZY_DM_assembly_Plate2G10,2024930_WZY_DM_assembly_Plate2,,,G10,Plate2_G10,Master_mix,cycle 5,,0.7635,48 h,,"growth curve data NA, so 48 h label rather than 0: 0.05:48 was used",Ho lab/7_Shared data/16s rRNA/Raw reads/2024930_DM_assembly/Plate2,,0.0,0.0059617775928328,0.0063729346682006,0.0,0.0,0.0,0.0,0.0,not_assessable,review_required,True,,0.24157952732910284,0.000895212647593187,0.0005115500843390129,6.39437605423777e-05,0.007737195025627698,0.017552562268882528,0.0019502846965424652,0.17178491269709764,0.018735521838916646,0.010966354933017695,0.0,0.0001278875210847554,0.02222045678847615,0.1098553806118048,0.009335789039187069,0.009335789039187069,3.341281988577681e-24,3.341281988577681e-24,3.341281988577681e-24,3.341281988577681e-24,9.093593809997083e-08,0.032339345840419156,0.03869269141586807,0.1605914845877677,0.0,1.0075322165632066e-11,7.048846158141009e-06,0.0005294568230730559,0.004619749336691775,3.341281988577681e-24,0.1405677639226067,3.341281988577681e-24
2024930_WZY_DM_assembly_Plate2G11,2024930_WZY_DM_assembly_Plate2,,,G11,Plate2_G11,Master_mix,cycle 5,,0.9235,48 h,,"growth curve data NA, so 48 h label rather than 0: 0.05:48 was used",Ho lab/7_Shared data/16s rRNA/Raw reads/2024930_DM_assembly/Plate2,,0.0,0.0041159981233872,0.0055313237938853,0.0,0.0,0.0,0.0,0.0,not_assessable,review_required,True,,0.10644049865481171,0.00011553921156560314,0.03521057472461747,0.00017330881734840467,0.05444785345029028,0.027093945112133803,0.0017042033705925242,0.25256871648240836,0.02189468059168174,0.09713959212378068,0.0,0.0,0.01655099205677259,0.10300320711073517,0.0,0.0024552082457690466,3.9063318914342154e-24,3.9063318914342154e-24,3.9063318914342154e-24,3.9063318914342154e-24,3.5468094407929288e-09,0.0424388384499356,0.09369153730105735,0.002202821864980513,0.0,4.128530586323563e-14,1.42219225358667e-09,2.657164005965649e-07,1.327283933636935e-06,3.9063318914342154e-24,0.14286688446214188,3.9063318914342154e-24
2024930_WZY_DM_assembly_Plate2G12,2024930_WZY_DM_assembly_Plate2,,,G12,Plate2_G12,Master_mix,cycle 5,,0.7395,48 h,,"growth curve data NA, so 48 h label rather than 0: 0.05:48 was used",Ho lab/7_Shared data/16s rRNA/Raw reads/2024930_DM_assembly/Plate2,,0.0,0.006490327780763,0.0026159994626544,0.0,0.0,0.0,0.0,0.0005408606483969,not_assessable,review_required,True,,0.021331922034714824,7.5725672824688825e-06,0.016568777214041857,0.0003180478258636425,0.0064896901610757935,0.0008405549683540006,0.000386200931405881,0.00865544440386189,0.0007496841609644178,0.0048615881953449755,0.0,0.06584347252106693,0.002657971116146547,0.2646990893586998,0.0,0.00024232215303897882,1.3399354442832077e-24,1.3399354442832077e-24,1.3399354442832077e-24,1.3399354442832077e-24,9.15855442304068e-05,0.03742768255179269,0.008380578391798585,0.35541518894353313,0.0,0.015014577140342891,7.84884733919216e-14,0.07279179287123136,8.425889994052567e-07,1.3399354442832077e-24,0.11722541435613106,1.3399354442832077e-24
2024930_WZY_DM_assembly_Plate2G1,2024930_WZY_DM_assembly_Plate2,,,G1,Plate2_G1,Fucose,cycle 5,,0.2985,48 h,,"growth curve data NA, so 48 h label rather than 0: 0.05:48 was used",Ho lab/7_Shared data/16s rRNA/Raw reads/2024930_DM_assembly/Plate2,,0.0,0.0,0.0004881766267192,0.0,0.0,0.0,0.0,0.0,not_assessable,review_required,True,,0.48481429413822225,0.001465187591418385,0.0,0.0006783275886193652,0.018260578685640325,0.01014778072574938,0.0031203069076502325,0.0,0.006701876575561878,0.17541551441703646,0.0,0.05214982501307698,0.0,0.0009225255205224859,0.0,0.013946415222019316,6.621896128539469e-24,6.621896128539469e-24,6.621896128539469e-24,6.621896128539469e-24,4.042324484922818e-15,8.273559292303057e-05,0.1219188093050359,5.3309738605166496e-08,0.0,5.021987799471968e-12,4.937675815030984e-10,1.6371062088493417e-10,1.613488426245281e-06,6.621896128539469e-24,0.11037415525585494,6.621896128539469e-24
2024930_WZY_DM_assembly_Plate2G2,2024930_WZY_DM_assembly_Plate2,,,G2,Plate2_G2,Fucose,cycle 5,,0.3035,48 h,,"growth curve data NA, so 48 h label rather than 0: 0.05:48 was used",Ho lab/7_Shared data/16s rRNA/Raw reads/2024930_DM_assembly/Plate2,,0.0,0.0,0.0001465357688903,0.0,0.0,0.0,0.0,0.0,not_assessable,review_required,True,,0.5031596755058064,6.474838186923256e-05,0.0,0.0005827354368228832,0.03674470671078926,0.009291392798234679,0.015766230985158048,6.474838186923256e-05,0.0030107997569191135,0.10259381107179893,0.0,0.05021237013958962,0.0,0.0045000125399114865,0.0,0.0019748256470113533,5.178053834746662e-24,5.178053834746662e-24,5.178053834746662e-24,5.178053834746662e-24,1.1573841173414524e-12,0.002714748822393421,0.07541355713061956,0.0010864259696535007,0.0,7.340131587795729e-09,2.4052453398322873e-05,1.3405091726593285e-06,0.05484726620352315,5.178053834746662e-24,0.13794654421417027,5.178053834746662e-24
2024930_WZY_DM_assembly_Plate2G3,2024930_WZY_DM_assembly_Plate2,,,G3,Plate2_G3,Fucose,cycle 5,,0.4515,48 h,,"growth curve data NA, so 48 h label rather than 0: 0.05:48 was used",Ho lab/7_Shared data/16s rRNA/Raw reads/2024930_DM_assembly/Plate2,,0.0,0.0,0.0014378307497775,0.0,0.0,0.0,0.0,0.0,not_assessable,review_required,True,,0.4799827340971613,0.012775794664628345,0.0,0.005110317865851337,0.009988348555982194,0.01324036901606931,0.07595790646060899,0.0,0.0012388649371760266,0.03476564729950382,0.0,0.14572148823533748,0.0,0.02779703202788826,0.0,0.01656981853473004,7.152126106208757e-24,7.152126106208757e-24,7.152126106208757e-24,7.152126106208757e-24,2.6848572329991585e-13,2.8119269824503365e-07,3.801724697596144e-09,9.891094863836525e-06,0.0,1.0893151504385339e-05,1.0627374240115094e-09,3.299227922361528e-09,0.0007863783500544069,7.152126106208757e-24,0.17604422635198338,7.152126106208757e-24
2024930_WZY_DM_assembly_Plate2G4,2024930_WZY_DM_assembly_Plate2,,,G4,Plate2_G4,Fucose,cycle 5,,0.5215,48 h,,"growth curve data NA, so 48 h label rather than 0: 0.05:48 was used",Ho lab/7_Shared data/16s rRNA/Raw reads/2024930_DM_assembly/Plate2,,0.0,0.0,0.0009302432432432,0.0,0.0,0.0,0.0,0.0,not_assessable,review_required,True,,0.16040124857900734,0.003379138809149633,0.0,0.012438106680487735,0.012078623828450376,0.0085556918784858,0.06060880885347506,0.0008627588448891487,0.02063431570693618,0.31979594517231086,0.0,0.011143968413153757,0.0,0.05586363520658398,0.0,0.011719140976413274,4.9814483181691705e-24,4.9814483181691705e-24,4.9814483181691705e-24,4.9814483181691705e-24,5.559413565299713e-18,0.044560863482257365,0.21555546786296212,8.060172937763005e-10,0.0,7.520567554297144e-16,2.4439897947274472e-14,5.400586805019996e-12,1.17438113841748e-11,4.9814483181691705e-24,0.06240228488225053,4.9814483181691705e-24
2024930_WZY_DM_assembly_Plate2G5,2024930_WZY_DM_assembly_Plate2,,,G5,Plate2_G5,Fucose,cycle 5,,0.4815,48 h,,"growth curve data NA, so 48 h label rather than 0: 0.05:48 was used",Ho lab/7_Shared data/16s rRNA/Raw reads/2024930_DM_assembly/Plate2,,0.0,0.0,0.0002325143420061,0.0,0.0,0.0,0.0,0.0,not_assessable,review_required,True,,0.17160156700996712,0.0008205951735201762,0.0,0.001252487370109871,0.21113050030283126,0.0024077989959869765,0.00016195957372100493,4.318921965896111e-05,3.239191474422082e-05,0.06319662566597475,0.0,0.0,6.478382948844164e-05,0.00182474453059108,0.00511792252958682,0.0003995002818452848,2.2674392877929438e-24,2.2674392877929438e-24,2.2674392877929438e-24,2.2674392877929438e-24,1.0483019260224484e-08,0.02293911437797886,0.045129943338588094,0.02331734999851946,0.0,4.040000320564179e-09,0.05090044383314854,0.03675299497250038,0.2785384170582144,2.2674392877929438e-24,0.08436765550000457,2.2674392877929438e-24
2024930_WZY_DM_assembly_Plate2G6,2024930_WZY_DM_assembly_Plate2,,,G6,Plate2_G6,Fucose,cycle 5,,0.3945,48 h,,"growth curve data NA, so 48 h label rather than 0: 0.05:48 was used",Ho lab/7_Shared data/16s rRNA/Raw reads/2024930_DM_assembly/Plate2,,0.0,0.0,0.0001839033823097,0.0,0.0,0.0,0.0,0.0,not_assessable,review_required,True,,0.24212006621684756,0.0005697994267481138,0.0,0.0017652609691411897,0.21843428612457147,0.002703754142608797,0.015552172588890766,5.586268889687777e-05,0.00016758806669054453,0.03233332433351285,0.0,0.0,7.820776445562889e-05,0.007340357321049656,0.0,0.006904628347654011,3.2037300758656768e-24,3.2037300758656768e-24,3.2037300758656768e-24,3.2037300758656768e-24,2.1858091675179499e-10,0.0029668460707968016,0.019135263741118947,0.006708997757551858,0.0,4.101757767704677e-11,0.037135847156949946,0.002005013809140751,0.3003552916769221,3.2037300758656768e-24,0.10366743153685365,3.2037300758656768e-24
2024930_WZY_DM_assembly_Plate2G7,2024930_WZY_DM_assembly_Plate2,,,G7,Plate2_G7,Master_mix,cycle 5,,0.7845,48 h,,"growth curve data NA, so 48 h label rather than 0: 0.05:48 was used",Ho lab/7_Shared data/16s rRNA/Raw reads/2024930_DM_assembly/Plate2,,0.0,0.0019772275967413,0.0061214167515274,0.0,0.0,0.0,0.0,0.0001697619653767,not_assessable,review_required,True,,0.05701235903809152,0.0003303149422832611,0.03297744269231652,3.6034357339992565e-05,0.00016215460802991645,0.0033451895063959475,0.00046244091919651746,0.05892818570333446,0.0004744523716431936,0.002330221774652812,0.0,0.0,0.00015014315558330052,0.25612020052022044,0.0,0.0016936147949796418,1.1746381356182515e-24,1.1746381356182515e-24,1.1746381356182515e-24,1.1746381356182515e-24,0.005501787298029017,0.034960335350789275,0.007809464370306479,0.3475299961856371,0.0,0.005544418725517177,1.6196136602845632e-06,0.06973666148799959,2.1766800978233644e-05,1.1746381356182515e-24,0.11487119578301531,1.1746381356182515e-24
2024930_WZY_DM_assembly_Plate2G8,2024930_WZY_DM_assembly_Plate2,,,G8,Plate2_G8,Master_mix,cycle 5,,0.7775,48 h,,"growth curve data NA, so 48 h label rather than 0: 0.05:48 was used",Ho lab/7_Shared data/16s rRNA/Raw reads/2024930_DM_assembly/Plate2,,0.0,0.0017959532755369,0.002750763877721,0.0,0.0,0.0,0.0,0.0001818686861303,not_assessable,review_required,True,,0.037971920787995175,0.000446728479858725,0.004739680213135639,0.0,0.015199664131779967,0.0005338950125141328,0.00082808206022599,0.006134344735621587,0.0040423479518926645,0.01803257644307947,0.0,0.0,0.005153721243248634,0.3255778952843861,0.0005556866456778889,0.0032142658916666745,1.8721984275019825e-24,1.8721984275019825e-24,1.8721984275019825e-24,1.8721984275019825e-24,2.265695598992046e-12,0.04205042772687126,0.024475776303163062,0.31397330812722724,0.0,4.7734294813512796e-05,1.0848450365183274e-14,0.0731504616046347,2.478845388199336e-12,1.8721984275019825e-24,0.12387148305745217,1.8721984275019825e-24
2024930_WZY_DM_assembly_Plate2G9,2024930_WZY_DM_assembly_Plate2,,,G9,Plate2_G9,Master_mix,cycle 5,,0.9205,48 h,,"growth curve data NA, so 48 h label rather than 0: 0.05:48 was used",Ho lab/7_Shared data/16s rRNA/Raw reads/2024930_DM_assembly/Plate2,,0.0,0.0021338529176658,0.0026489208633093,0.0,0.0,0.0,0.0,0.0,not_assessable,review_required,True,,0.09101429886419363,0.0003903400952002363,0.0027540662272462525,0.0,0.03788467479526952,0.011731888416852219,0.0034263186134244404,0.005529818015336985,0.003599803100180107,0.03181271775882105,0.0,0.0,0.0005204534602670014,0.20226122599626736,0.0,0.0034913752959578226,1.151235597858585e-24,1.151235597858585e-24,1.151235597858585e-24,1.151235597858585e-24,0.0001326181404677779,0.035675044813468976,0.031508780458908585,0.33037298882307253,0.0,0.005840813212628135,0.023411329112676602,0.07037916312471244,0.005677819401944291,1.151235597858585e-24,0.10258446227310412,1.151235597858585e-24
2024930_WZY_DM_assembly_Plate2H10,2024930_WZY_DM_assembly_Plate2,low growth,,H10,Plate2_H10,blank,cycle 5,,0.0055,48 h,,"growth curve data NA, so 48 h label rather than 0: 0.05:48 was used",Ho lab/7_Shared data/16s rRNA/Raw reads/2024930_DM_assembly/Plate2,,0.0,0.0,0.0,0.0,0.0,0.0,0.0,0.0,not_assessable,review_required,False,low growth,0.0,0.0,0.0,0.0,0.3999999999999949,0.0,0.0,0.0,0.0,0.0,0.0,0.0,0.0,0.6000000000000051,0.0,0.0,4.971590909091073e-22,4.971590909091073e-22,4.971590909091073e-22,4.971590909091073e-22,6.591464542616481e-22,1.3643660547704622e-21,6.865208465075659e-22,2.0575907132407717e-21,0.0,7.688929396371815e-22,7.128303602219616e-22,1.0100853087732908e-21,8.40084838411603e-22,4.971590909091073e-22,3.6282779837477174e-21,4.971590909091073e-22
2024930_WZY_DM_assembly_Plate2H11,2024930_WZY_DM_assembly_Plate2,low growth,,H11,Plate2_H11,blank,cycle 5,,-0.0065,48 h,,"growth curve data NA, so 48 h label rather than 0: 0.05:48 was used",Ho lab/7_Shared data/16s rRNA/Raw reads/2024930_DM_assembly/Plate2,,-0.0,-0.0,-0.0,-0.0,-0.0,-0.0,-0.0,-0.0,not_assessable,review_required,False,low growth,0.0,0.0,0.0,0.0,0.0,0.0,0.0,0.0,0.0,0.0,0.0,0.0,0.0,0.0,0.0,0.0,0.0625,0.0625,0.0625,0.0625,0.0625,0.0625,0.0625,0.125,0.0,0.0625,0.0625,0.0625,0.0625,0.0625,0.0625,0.0625
2024930_WZY_DM_assembly_Plate2H12,2024930_WZY_DM_assembly_Plate2,low growth,,H12,Plate2_H12,blank,cycle 5,,0.0015,48 h,,"growth curve data NA, so 48 h label rather than 0: 0.05:48 was used",Ho lab/7_Shared data/16s rRNA/Raw reads/2024930_DM_assembly/Plate2,,0.0,0.0,0.0,0.0,0.0,0.0,0.0,0.0,not_assessable,review_required,False,low growth,0.11111111111111109,0.0,0.0,0.0,0.0,0.0,0.0,0.14814814814814814,0.0,0.07407407407407407,0.0,0.0,0.0,0.0,0.6666666666666666,0.0,1.4467592592592593e-21,1.4467592592592593e-21,1.4467592592592593e-21,1.4467592592592593e-21,1.5067371594286305e-21,1.722668733570364e-21,1.8255104792994797e-21,3.2606871129061245e-21,0.0,1.512424735685239e-21,1.502061274980425e-21,1.6826409931252995e-21,1.779570974352169e-21,1.4467592592592593e-21,2.454177911453474e-21,1.4467592592592593e-21
2024930_WZY_DM_assembly_Plate2H1,2024930_WZY_DM_assembly_Plate2,,,H1,Plate2_H1,Sialic_acid,cycle 5,,0.6325,48 h,,"growth curve data NA, so 48 h label rather than 0: 0.05:48 was used",Ho lab/7_Shared data/16s rRNA/Raw reads/2024930_DM_assembly/Plate2,,0.0,0.0,0.0,0.0,0.0,0.0,0.000332051757149,0.0,not_assessable,review_required,True,,0.24123405407673937,0.0002480457726011568,0.0,0.10061118145587652,0.0003052871047399529,0.001316550639191236,0.001812642184393745,0.050219728729730115,0.0014119528594224652,0.04228226400649007,0.0,0.033925029514232576,0.0,0.0004770111011562436,0.0006105742094799058,0.0,1.9079265659142455e-24,1.9079265659142455e-24,1.9079265659142455e-24,1.9079265659142455e-24,0.003382273909615657,0.021559236178024414,0.03401399450319703,0.05625094557218465,0.0,0.0027612456821596147,0.0031598930249639476,0.03662127384408182,0.2792314888849534,1.9079265659142455e-24,0.088565326746766,1.9079265659142455e-24
2024930_WZY_DM_assembly_Plate2H2,2024930_WZY_DM_assembly_Plate2,,,H2,Plate2_H2,Sialic_acid,cycle 5,,0.5895,48 h,,"growth curve data NA, so 48 h label rather than 0: 0.05:48 was used",Ho lab/7_Shared data/16s rRNA/Raw reads/2024930_DM_assembly/Plate2,,0.0,0.0,0.0,0.0,0.0,0.0,0.0009675830939679,0.0,not_assessable,review_required,True,,0.06468398983314876,0.0002962625488539554,0.0,0.0016788211101731762,0.01313430633253243,0.00148131274427043,0.01896080312666343,0.0216271660663505,0.004838954964617109,0.0020738378419786676,0.0,0.33546795948581143,0.0,0.03910665644874334,0.015701915089268128,0.0,3.189460663863631e-24,3.189460663863631e-24,3.189460663863631e-24,3.189460663863631e-24,6.815101850687976e-07,0.03001276298365406,1.9220763201813788e-11,0.016493906352004192,0.0,0.045954501362202325,1.1112601173514014e-17,0.0005027579306264132,0.25267526285330455,3.189460663863631e-24,0.13530814139639116,3.189460663863631e-24
2024930_WZY_DM_assembly_Plate2H3,2024930_WZY_DM_assembly_Plate2,,,H3,Plate2_H3,Sialic_acid,cycle 5,,0.5235,48 h,,"growth curve data NA, so 48 h label rather than 0: 0.05:48 was used",Ho lab/7_Shared data/16s rRNA/Raw reads/2024930_DM_assembly/Plate2,,0.0,0.0,0.0,0.0,0.0,0.0,0.0002135094285303,0.0,not_assessable,review_required,True,,0.24329093568949361,7.108781430852432e-05,0.0,0.004848188935841294,0.0004549620115745339,0.003767654158351761,0.004706013307224259,0.061618917442628804,0.0015923670405109255,0.00612776959339472,0.0,0.1369293479210795,0.0,0.0010378820889044445,0.005331586073139258,0.0,2.2109914308798287e-24,2.2109914308798287e-24,2.2109914308798287e-24,2.2109914308798287e-24,0.0004180339310681569,0.02374216968177022,4.825301810405247e-07,0.02312800366608124,0.0,0.022924443506796285,0.00011209993227084137,0.03827219519338959,0.31622222174163483,2.2109914308798287e-24,0.10540363774035612,2.2109914308798287e-24
2024930_WZY_DM_assembly_Plate2H4,2024930_WZY_DM_assembly_Plate2,,,H4,Plate2_H4,Sialic_acid,cycle 5,,0.6175,48 h,,"growth curve data NA, so 48 h label rather than 0: 0.05:48 was used",Ho lab/7_Shared data/16s rRNA/Raw reads/2024930_DM_assembly/Plate2,,0.0,0.0,0.0,0.0,0.0,0.0,0.000234606095145,0.0,not_assessable,review_required,True,,0.285840265038539,0.0006051664044568585,0.0,0.21367417130703767,0.0007564580055709979,0.0060012335108654774,0.0209286714874724,0.16384880400674176,0.0045891785671324055,0.001462485477437684,0.0,0.10050805367357232,0.0,0.0266273217961093,0.00045387480334271906,0.00025215266852376424,5.8777667525507266e-24,5.8777667525507266e-24,5.8777667525507266e-24,5.8777667525507266e-24,2.673750499956391e-10,5.433091859711511e-08,4.6019733257088014e-14,0.00020637574817195705,0.0,3.5382366956868725e-08,2.99186351784973e-14,6.56866190366236e-10,0.003323926906323034,5.8777667525507266e-24,0.17092176996110003,5.8777667525507266e-24
2024930_WZY_DM_assembly_Plate2H5,2024930_WZY_DM_assembly_Plate2,,,H5,Plate2_H5,Sialic_acid,cycle 5,,0.6445,48 h,,"growth curve data NA, so 48 h label rather than 0: 0.05:48 was used",Ho lab/7_Shared data/16s rRNA/Raw reads/2024930_DM_assembly/Plate2,,0.0,0.0,0.0,0.0,0.0,0.0,0.0006225665031951,0.0,not_assessable,review_required,True,,0.06134077967887528,0.0,0.0,0.3495670251781807,0.009930167202112846,0.0020740222637323086,0.026459496152465595,0.32166199835705306,0.00967877056408472,0.002388268061267467,0.0,0.0018226256257041819,0.0,0.05373603137852286,0.0,0.0007541899140843805,5.126454547164731e-24,5.126454547164731e-24,5.126454547164731e-24,5.126454547164731e-24,5.449708705627677e-09,5.836378692294239e-09,5.068725334865984e-10,0.00010806663474637752,0.0,4.2404637812607414e-18,7.025737525475233e-20,2.6581538934360054e-12,3.0356600454253344e-05,5.126454547164731e-24,0.16044819059309778,5.126454547164731e-24
2024930_WZY_DM_assembly_Plate2H6,2024930_WZY_DM_assembly_Plate2,,,H6,Plate2_H6,Sialic_acid,cycle 5,,0.6825,48 h,,"growth curve data NA, so 48 h label rather than 0: 0.05:48 was used",Ho lab/7_Shared data/16s rRNA/Raw reads/2024930_DM_assembly/Plate2,,0.0,0.0,0.0,0.0,0.0,0.0,0.00071368045289,0.0,not_assessable,review_required,True,,0.01950079373836848,0.00020208076412807008,0.0,0.31979280923283154,0.001953447386572302,0.009834597187571004,0.011821724701497985,0.001414565348897175,0.0006062422923844839,0.006567624834165562,0.0,0.1290285678958376,0.0,0.02462017309628219,0.0019197672592176239,0.0,2.6729938528152595e-24,2.6729938528152595e-24,2.6729938528152595e-24,2.6729938528152595e-24,0.0053053549981821714,0.00327568060536408,5.619041296615599e-10,0.04241819155751733,0.0,0.01660811493017085,3.080518365995877e-19,1.2854415064596472e-05,0.2964815545667492,2.6729938528152595e-24,0.10863585462729365,2.6729938528152595e-24
2024930_WZY_DM_assembly_Plate2H7,2024930_WZY_DM_assembly_Plate2,low growth,,H7,Plate2_H7,blank,cycle 5,,0.0945,48 h,,"growth curve data NA, so 48 h label rather than 0: 0.05:48 was used",Ho lab/7_Shared data/16s rRNA/Raw reads/2024930_DM_assembly/Plate2,,0.0,0.0,0.0003704268292682,0.0,0.0,0.0,0.0,0.0,not_assessable,review_required,False,low growth,0.5124508512299915,0.006116207943067675,0.0,0.0,0.12887723880038054,0.007863695926800994,0.0,0.0013106159878004937,0.037134119654346286,0.23634774980002102,0.0,0.0681520313656249,0.0,0.0,0.0017474879837339917,0.0,4.146238850294772e-23,4.146238850294772e-23,4.146238850294772e-23,4.146238850294772e-23,2.3100001360992448e-21,7.142862959805344e-19,1.3082325981205424e-09,9.992530170926821e-20,0.0,1.3284198818898026e-20,2.605113934336268e-20,2.3640872997093348e-20,1.5761988317934208e-19,4.146238850294772e-23,8.53117906997947e-17,4.146238850294772e-23
2024930_WZY_DM_assembly_Plate2H8,2024930_WZY_DM_assembly_Plate2,low growth,,H8,Plate2_H8,blank,cycle 5,,0.1235,48 h,,"growth curve data NA, so 48 h label rather than 0: 0.05:48 was used",Ho lab/7_Shared data/16s rRNA/Raw reads/2024930_DM_assembly/Plate2,,0.0,0.0,0.0002291280148423,0.0,0.0,0.0,0.0,0.0,not_assessable,review_required,False,low growth,0.6035026159962216,0.01821365991398867,0.0,0.0,0.12119089096615791,0.005954465741110198,0.0,0.0,0.04343257364105075,0.20455341134172456,0.0,0.0,0.0,0.0,0.0031523642158823016,0.0,3.582836353662306e-23,3.582836353662306e-23,3.582836353662306e-23,3.582836353662306e-23,3.808770450350823e-21,1.5458319047966932e-18,1.8183863204372598e-08,2.941068982987464e-19,0.0,3.5496499730422074e-21,1.3418721764841175e-19,6.28993678407068e-20,5.615937554029372e-19,3.582836353662306e-23,8.057176151214957e-16,3.582836353662306e-23
2024930_WZY_DM_assembly_Plate2H9,2024930_WZY_DM_assembly_Plate2,low growth,,H9,Plate2_H9,blank,cycle 5,,-0.0005,48 h,,"growth curve data NA, so 48 h label rather than 0: 0.05:48 was used",Ho lab/7_Shared data/16s rRNA/Raw reads/2024930_DM_assembly/Plate2,,-0.0,-0.0,-0.0,-0.0,-0.0,-0.0,-0.0,-0.0,not_assessable,review_required,False,low growth,0.0,0.0,0.0,0.0,0.0,0.0,0.0,0.0,0.0,0.0,0.0,0.0,0.0,0.0,0.0,0.0,0.0625,0.0625,0.0625,0.0625,0.0625,0.0625,0.0625,0.125,0.0,0.0625,0.0625,0.0625,0.0625,0.0625,0.0625,0.0625
