Sample ID,Experiment ID,growth_qc,Unnamed: 3,Growth Well ID,16S Well ID,Media,Protocol,Initial OD,Final OD,Growth curve time,Growth curve OD,Notes,Data location,Unnamed: 14,Bb,Bbi,Bc,Bl,Bt47,Bt61,Pg,Pj,contamination_status,modeling_action_default,included_in_carbon_score,carbon_score_exclusion_reason,Ai,Ac,Bfi,Bf,Bt,Bu,Bx,Ba,Csp,Dl,Ls,Mf,Pm,Bd,Bv,Rg,Af,Ao,As,Bl.s,Col,Cs,Et,Eu.c,Eu.l,Im,Ld,Lsp,Mi,Pc,Va,Vp
2024930_WZY_DM_assembly_Plate1A10,2024930_WZY_DM_assembly_Plate1,,,A10,Plate1_A10,Galactose,cycle 5,,0.8905,48 h,,"growth curve data NA, so 48 h label rather than 0: 0.05:48 was used",Ho lab/7_Shared data/16s rRNA/Raw reads/2024930_DM_assembly/Plate1,,0.0,0.0,0.0011048572338748,0.0,0.0,0.0,0.0,0.0,not_assessable,review_required,True,,0.0099437151048739,0.0008659691833073,0.0,0.0008659691833073,0.0019708264171822,0.0043895679291786,0.0057034522073001,0.1783597907549922,0.0026128380530825,0.0690834381235015,0.0051062320808812,2.9861006320942943e-05,0.0022992974867126,0.0255610214107271,0.0,0.0,1.9531250000000002e-24,1.9531250000000002e-24,1.9531250000000002e-24,1.9531250000000002e-24,1.2095898220190842e-14,0.011912335870733341,0.04722796747852612,1.1134515809085626e-18,2.6945458654204903e-11,7.213736279346643e-18,3.416235197244334e-20,7.959174347704805e-15,3.1756695813382846e-14,1.9531250000000002e-24,0.04967967987188953,1.9531250000000002e-24
2024930_WZY_DM_assembly_Plate1A11,2024930_WZY_DM_assembly_Plate1,,,A11,Plate1_A11,Galactose,cycle 5,,0.9725,48 h,,"growth curve data NA, so 48 h label rather than 0: 0.05:48 was used",Ho lab/7_Shared data/16s rRNA/Raw reads/2024930_DM_assembly/Plate1,,0.0,0.0,0.0006273103927357,0.0,0.0,0.0,0.0,0.0,not_assessable,review_required,True,,0.0905498424591262,0.0001930185823802,0.0,0.0027746421217158,0.0044635547175428,0.0125220805319175,0.0126668444687027,0.0447561837894162,0.0042705361351626,0.0151278313940506,0.101214119135634,0.0288562780658446,0.0055251569206341,0.4066660257523507,0.0,0.0,1.9531250000000002e-24,1.9531250000000002e-24,1.9531250000000002e-24,1.9531250000000002e-24,0.00016071554016498985,0.08941613826379993,0.03537491592550831,0.1909209423366514,0.3909175835841979,0.016448460828333806,3.343359022361119e-06,0.11714276464155948,0.01405445941671194,1.9531250000000002e-24,0.18984479285725972,1.9531250000000002e-24
2024930_WZY_DM_assembly_Plate1A12,2024930_WZY_DM_assembly_Plate1,,,A12,Plate1_A12,Galactose,cycle 5,,0.9375,48 h,,"growth curve data NA, so 48 h label rather than 0: 0.05:48 was used",Ho lab/7_Shared data/16s rRNA/Raw reads/2024930_DM_assembly/Plate1,,0.0,8.011177194421658e-05,0.0010254306808859,0.0,0.0,0.0,0.0,0.0,not_assessable,review_required,True,,0.2642566909351928,1.6022354388843314e-05,0.0,0.0005447600492206,0.0183616181296144,0.010831111566858,0.0087482054963084,0.2116873461853979,0.0029481132075471,0.0107830445036915,0.0002243129614438,0.1069972826086956,0.0011696318703855,0.1912267996308449,0.0,0.0,1.9531250000000002e-24,1.9531250000000002e-24,1.9531250000000002e-24,1.9531250000000002e-24,0.05605830049932608,0.05542573297726936,0.02478409281688554,0.10170818890461168,0.3403942891845958,0.025405277655387522,0.049708662225058944,0.12267299203804206,0.3016208378949468,1.9531250000000002e-24,0.19908053696438263,1.9531250000000002e-24
2024930_WZY_DM_assembly_Plate1A1,2024930_WZY_DM_assembly_Plate1,,,A1,Plate1_A1,Glucose,cycle 5,,1.2345,48 h,,"growth curve data NA, so 48 h label rather than 0: 0.05:48 was used",Ho lab/7_Shared data/16s rRNA/Raw reads/2024930_DM_assembly/Plate1,,0.0,0.0,0.0,0.0,0.0,0.0,0.0,0.0,not_assessable,review_required,True,,0.0540149782135076,0.00039845073832,0.0,0.0024156076010651,0.371704732510288,0.0034117344468651,0.00014941902687,0.0461704793028322,0.0164111897845557,0.0130990680222706,0.0,0.247238683127572,0.001220255386105,0.0120282316630355,0.0,0.0,1.9531250000000002e-24,1.9531250000000002e-24,1.9531250000000002e-24,1.9531250000000002e-24,0.06782423273910214,0.04803515376646108,0.03901083378503164,0.003956414542376814,0.12263822869015512,0.04094516603038523,0.07403794959809959,0.1241716932143927,0.5538351301444198,1.9531250000000002e-24,0.17645598187227954,1.9531250000000002e-24
2024930_WZY_DM_assembly_Plate1A2,2024930_WZY_DM_assembly_Plate1,,,A2,Plate1_A2,Glucose,cycle 5,,1.0345,48 h,,"growth curve data NA, so 48 h label rather than 0: 0.05:48 was used",Ho lab/7_Shared data/16s rRNA/Raw reads/2024930_DM_assembly/Plate1,,0.0,0.0,0.000369082715238,0.0,0.0,0.0,0.0,0.0,not_assessable,review_required,True,,0.0356650455356304,0.0001748286545864,0.0,0.0018842643883203,0.0074205051168904,0.0134812318092197,0.0006798892122805,0.1813167402121866,0.0060995775044596,0.0012238005821049,0.0,0.0162007886583419,0.002583579006666,0.0761087409632898,0.0,0.0,1.9531250000000002e-24,1.9531250000000002e-24,1.9531250000000002e-24,1.9531250000000002e-24,1.1213383151854022e-10,0.016287242857498486,0.00026623881670257386,2.0390718845669218e-11,0.0003975290614699358,1.8718240848204254e-10,1.2233997096124614e-15,1.707088814718638e-08,5.856397838933946e-09,1.9531250000000002e-24,0.07984231980100301,1.9531250000000002e-24
2024930_WZY_DM_assembly_Plate1A3,2024930_WZY_DM_assembly_Plate1,,,A3,Plate1_A3,Glucose,cycle 5,,1.0485,48 h,,"growth curve data NA, so 48 h label rather than 0: 0.05:48 was used",Ho lab/7_Shared data/16s rRNA/Raw reads/2024930_DM_assembly/Plate1,,0.0,0.0,0.0,0.0,0.0,0.0,0.0,0.0,not_assessable,review_required,True,,0.0022076055430228,0.0,0.0,0.0013290686432484,0.1268697389622945,0.0071859813084112,0.0026130841121495,0.1698054141153722,0.0035366741862713,0.0161740895907186,0.0,0.0059470190138575,0.0020048662584595,0.1062353851111827,0.0,0.0,1.9531250000000002e-24,1.9531250000000002e-24,1.9531250000000002e-24,1.9531250000000002e-24,5.696973157479131e-08,0.02761905248902503,0.01979032037173278,1.4567056472972004e-06,0.1777113713192591,2.062497883748615e-08,1.1244420978920482e-09,0.011162826674197105,0.00018397248934137164,1.9531250000000002e-24,0.10071266898873563,1.9531250000000002e-24
2024930_WZY_DM_assembly_Plate1A4,2024930_WZY_DM_assembly_Plate1,,,A4,Plate1_A4,Glucose,cycle 5,,1.0625,48 h,,"growth curve data NA, so 48 h label rather than 0: 0.05:48 was used",Ho lab/7_Shared data/16s rRNA/Raw reads/2024930_DM_assembly/Plate1,,0.0,0.0,0.0,0.0,0.0,0.0,0.0,0.0,not_assessable,review_required,True,,0.0323568684407796,0.0007964767616191,0.0,0.001758886181909,0.0084625655922038,0.0105201305597201,0.001261088205897,0.0572467672413793,0.0082634464017991,0.0240270489755122,0.0003982383808095,0.0,0.003019974387806,0.0202769708895552,0.0,0.0004646114442778,1.9531250000000002e-24,1.9531250000000002e-24,1.9531250000000002e-24,1.9531250000000002e-24,7.61379617897106e-18,6.7958488513493945e-09,0.02588186408987761,1.8261046768973664e-17,1.593932007346923e-14,1.1768173595929308e-19,4.5251546041870607e-17,2.4698027935837754e-16,2.1553041453860975e-15,1.9531250000000002e-24,0.018996813274090713,1.9531250000000002e-24
2024930_WZY_DM_assembly_Plate1A5,2024930_WZY_DM_assembly_Plate1,,,A5,Plate1_A5,Glucose,cycle 5,,1.0755,48 h,,"growth curve data NA, so 48 h label rather than 0: 0.05:48 was used",Ho lab/7_Shared data/16s rRNA/Raw reads/2024930_DM_assembly/Plate1,,0.0,0.0006192728469194,0.0005750390721395,0.0,0.0,0.0,0.0,0.0,not_assessable,review_required,True,,0.0291058238052151,0.001061610594719,0.0016808834416385,0.0015039483425187,0.0054849880727153,0.0100410668750514,0.0027867278111376,0.0627234926379863,0.0261421608949576,0.001061610594719,0.0041579748293164,8.846754955992432e-05,0.0023886238381179,0.7008841613885004,0.0,0.0001769350991198,1.9531250000000002e-24,1.9531250000000002e-24,1.9531250000000002e-24,1.9531250000000002e-24,0.00020549119374135746,0.08818070851042127,0.04989358717325006,0.2918391871799334,0.5090457201684763,0.016778832179262144,1.8694608502647595e-11,0.1569240368389829,8.8046817801134e-09,1.9531250000000002e-24,0.26147568171625685,1.9531250000000002e-24
2024930_WZY_DM_assembly_Plate1A6,2024930_WZY_DM_assembly_Plate1,,,A6,Plate1_A6,Glucose,cycle 5,,1.0595,48 h,,"growth curve data NA, so 48 h label rather than 0: 0.05:48 was used",Ho lab/7_Shared data/16s rRNA/Raw reads/2024930_DM_assembly/Plate1,,0.0,0.0,0.0,0.0,0.0,0.0,0.0,0.0,not_assessable,review_required,True,,0.0996329520993801,8.243211701548278e-05,0.0,0.0014563007339401,0.0003572058404004,0.0058801576804377,0.0001648642340309,0.0910874893021084,0.0035445810316657,0.0272575533597863,0.0,0.0,0.0017035970849866,0.3534963951347286,0.0020882802977255,0.0,1.9531250000000002e-24,1.9531250000000002e-24,1.9531250000000002e-24,1.9531250000000002e-24,6.200651457430682e-08,0.052270778683053555,0.032550358110796124,0.11053249549380152,0.3340798726438278,0.004436482668964121,1.474532012876541e-10,0.09692871375085017,5.7507532462110846e-08,1.9531250000000002e-24,0.1595621675782369,1.9531250000000002e-24
2024930_WZY_DM_assembly_Plate1A7,2024930_WZY_DM_assembly_Plate1,,,A7,Plate1_A7,Galactose,cycle 5,,0.9425,48 h,,"growth curve data NA, so 48 h label rather than 0: 0.05:48 was used",Ho lab/7_Shared data/16s rRNA/Raw reads/2024930_DM_assembly/Plate1,,0.0,0.0,0.0006623330990864,0.0,0.0,0.0,0.0,0.0,not_assessable,review_required,True,,0.0282674304788675,0.0006859878526252,0.0,0.0009225353880132,0.0005204045778536,0.0023418206003413,0.0037611058126694,0.0164163989559281,0.0003311665495432,0.0055825218351571,0.0660204171267945,0.0,0.0019396897901817,0.3489549242043971,0.0,0.0,1.9531250000000002e-24,1.9531250000000002e-24,1.9531250000000002e-24,1.9531250000000002e-24,1.3465984550592957e-13,0.06191809144585095,0.012901374010339944,0.054259373938893886,0.2674517198577419,0.0003985964930255285,1.2106225803161137e-16,0.07346573427303203,3.3587464689976604e-11,1.9531250000000002e-24,0.13253369710316776,1.9531250000000002e-24
2024930_WZY_DM_assembly_Plate1A8,2024930_WZY_DM_assembly_Plate1,,,A8,Plate1_A8,Galactose,cycle 5,,0.9185,48 h,,"growth curve data NA, so 48 h label rather than 0: 0.05:48 was used",Ho lab/7_Shared data/16s rRNA/Raw reads/2024930_DM_assembly/Plate1,,0.0,0.0,1.3141516317800063e-05,0.0,0.0,0.0,0.0,0.0,not_assessable,review_required,True,,0.0070832772952942,0.000459953071123,0.0,0.0005519436853476,0.0069781451647518,0.0034299357589458,0.0032328130141788,0.0840794214012848,0.0014849913439114,0.000328537907945,0.0167160087562416,0.0,0.0019186613823988,0.1991071137309888,0.0,0.0,1.9531250000000002e-24,1.9531250000000002e-24,1.9531250000000002e-24,1.9531250000000002e-24,3.489971116337368e-15,0.031453999544407446,7.206372674434179e-10,1.618075064618586e-08,0.024102110614948456,1.0449367297439414e-11,1.6028630310744419e-19,7.581041514740865e-05,7.598294176305689e-14,1.9531250000000002e-24,0.08866398672595797,1.9531250000000002e-24
2024930_WZY_DM_assembly_Plate1A9,2024930_WZY_DM_assembly_Plate1,,,A9,Plate1_A9,Galactose,cycle 5,,0.8635,48 h,,"growth curve data NA, so 48 h label rather than 0: 0.05:48 was used",Ho lab/7_Shared data/16s rRNA/Raw reads/2024930_DM_assembly/Plate1,,0.0,0.0,0.0001490935251798,0.0,0.0,0.0,0.0,0.0,not_assessable,review_required,True,,0.0018885179856115,0.000563242206235,0.0,0.0010436546762589,0.0321876354916067,0.0146277314148681,0.0007454676258992,0.1195398752997602,0.0024351942446043,0.0631328249400479,0.0115795971223021,0.0,0.0020541774580335,0.2739842014388489,0.0,0.0,1.9531250000000002e-24,1.9531250000000002e-24,1.9531250000000002e-24,1.9531250000000002e-24,2.712074166114187e-10,0.05018423911040851,0.05084396311906679,0.000942876940708629,0.2628135318155235,5.434693531715258e-06,4.2719534243363566e-14,0.06669123554517611,2.2868052133693557e-10,1.9531250000000002e-24,0.12940747886068818,1.9531250000000002e-24
2024930_WZY_DM_assembly_Plate1B10,2024930_WZY_DM_assembly_Plate1,,,B10,Plate1_B10,Oligo_xylose,cycle 5,,0.8885,48 h,,"growth curve data NA, so 48 h label rather than 0: 0.05:48 was used",Ho lab/7_Shared data/16s rRNA/Raw reads/2024930_DM_assembly/Plate1,,0.0,0.0,0.079570596609292,0.0,0.0,0.0,0.0001437330141063,0.003334605927268,not_assessable,review_required,True,,0.0,0.0,0.0208412870454251,0.0,0.0387791672059013,0.2498942183253526,0.0820715510547431,0.0536986540701436,0.0023572214313446,0.0200938753720719,0.0,0.008020302187136,0.0166442830335188,0.0478630936974246,0.0012361039213148,0.0,1.9531250000000002e-24,1.9531250000000002e-24,1.9531250000000002e-24,1.9531250000000002e-24,0.05202240958576651,0.06441496092294888,0.03956253655890372,0.006815115701953254,0.16741440241636646,3.272844746834863e-09,0.1487116809594006,0.10530057963492419,0.34642500853811314,1.9531250000000002e-24,0.15912684644834169,1.9531250000000002e-24
2024930_WZY_DM_assembly_Plate1B11,2024930_WZY_DM_assembly_Plate1,,,B11,Plate1_B11,Oligo_xylose,cycle 5,,0.8875,48 h,,"growth curve data NA, so 48 h label rather than 0: 0.05:48 was used",Ho lab/7_Shared data/16s rRNA/Raw reads/2024930_DM_assembly/Plate1,,0.0,0.0,0.038890044651918,0.0,0.0,0.0,0.0005764156687639,0.0017292470062918,not_assessable,review_required,True,,0.0,0.0015130911305053,0.0076194946214735,0.0,0.0212913537649685,0.2303320986401461,0.003548558960828,0.0259747310736756,0.0035665719504769,0.0833641160949868,0.0,0.0647927237669981,0.0120506900750964,0.0805360767201136,0.0,0.0,1.9531250000000002e-24,1.9531250000000002e-24,1.9531250000000002e-24,1.9531250000000002e-24,0.04390368338515497,0.07202753052397363,0.07629974678706744,0.017856759459272294,0.22972614513560588,0.011713407202593519,0.12272999522572237,0.1039866749729049,0.22615237387369466,1.9531250000000002e-24,0.14970968699772436,1.9531250000000002e-24
2024930_WZY_DM_assembly_Plate1B12,2024930_WZY_DM_assembly_Plate1,,,B12,Plate1_B12,Oligo_xylose,cycle 5,,0.9915,48 h,,"growth curve data NA, so 48 h label rather than 0: 0.05:48 was used",Ho lab/7_Shared data/16s rRNA/Raw reads/2024930_DM_assembly/Plate1,,0.0,0.0,0.0465340931697612,3.287466843501326e-05,0.0,0.0,0.0001150613395225,0.0023176641246684,not_assessable,review_required,True,,1.643733421750663e-05,0.001430048076923,0.0059503149867374,0.0,0.0004438080238726,0.0028765334880636,0.073326947944297,0.3866882874668435,0.0073803630636604,0.1273729028514589,8.218667108753316e-05,0.0006246187002652,0.0123444379973474,0.0972597065649867,0.0003780586870026,0.0,1.9531250000000002e-24,1.9531250000000002e-24,1.9531250000000002e-24,1.9531250000000002e-24,0.009858675533592222,0.04241284541106223,0.09117874120610456,9.652310497901839e-10,0.2593175879194503,2.8557513141362692e-08,2.655917306489853e-12,0.024490507335279115,0.0050565442436810255,1.9531250000000002e-24,0.13140335150642724,1.9531250000000002e-24
2024930_WZY_DM_assembly_Plate1B1,2024930_WZY_DM_assembly_Plate1,high other species,,B1,Plate1_B1,Fructose,cycle 5,,0.8335,48 h,,"growth curve data NA, so 48 h label rather than 0: 0.05:48 was used",Ho lab/7_Shared data/16s rRNA/Raw reads/2024930_DM_assembly/Plate1,,0.0,0.4967089001761147,8.509660787666862e-05,0.0,0.0,0.0,0.0,0.0,not_assessable,review_required,False,high other species,0.029656167845019,0.0042335562418642,0.0,0.0014466423339033,0.0057652951836442,0.0067439061742259,0.0056589244237984,4.254830393833431e-05,0.0191254626202812,0.009169159498711,0.0,0.0779697669669976,0.000127644911815,0.0006807728630133,0.0,2.1274151969167156e-05,1.9531250000000002e-24,1.9531250000000002e-24,1.9531250000000002e-24,1.9531250000000002e-24,4.123736745027607e-16,1.9298510193877688e-08,0.028547680199892785,9.381969006747735e-14,6.857825660106178e-13,0.005784285570120101,1.2421193053060046e-18,6.993873812621076e-15,3.760614905991012e-11,1.9531250000000002e-24,0.030924202591859132,1.9531250000000002e-24
2024930_WZY_DM_assembly_Plate1B2,2024930_WZY_DM_assembly_Plate1,high other species,,B2,Plate1_B2,Fructose,cycle 5,,0.8915,48 h,,"growth curve data NA, so 48 h label rather than 0: 0.05:48 was used",Ho lab/7_Shared data/16s rRNA/Raw reads/2024930_DM_assembly/Plate1,,0.0,0.2317699236832228,0.0,0.0,0.0,0.0,0.0001487134576087,0.0,not_assessable,review_required,False,high other species,0.1091370887026147,0.0001673026398098,0.0,0.001003815838859,0.0788553108970349,0.0267870115517744,0.0015800804870928,5.576754660327787e-05,0.0117855415154927,0.0348918949914508,0.0,0.0031787501563868,0.0001301242754076,0.0994707139580466,0.0,0.0,1.9531250000000002e-24,1.9531250000000002e-24,1.9531250000000002e-24,1.9531250000000002e-24,4.3543301214277174e-11,0.03084607427021334,0.0419627898045634,0.0028780967838513754,0.17856354941584562,3.5461800264079403e-09,0.01312360735714753,0.03371802609704336,0.0015904916747473247,1.9531250000000002e-24,0.08756001194910135,1.9531250000000002e-24
2024930_WZY_DM_assembly_Plate1B3,2024930_WZY_DM_assembly_Plate1,high other species,,B3,Plate1_B3,Fructose,cycle 5,,0.9065,48 h,,"growth curve data NA, so 48 h label rather than 0: 0.05:48 was used",Ho lab/7_Shared data/16s rRNA/Raw reads/2024930_DM_assembly/Plate1,,0.0,0.1692873356390602,5.649030971521156e-05,0.0,0.0,0.0,0.0,0.0,not_assessable,review_required,False,high other species,0.09378803670468,0.0006496385617249,0.0,0.0026974122889013,0.0048581666355081,0.0230904140960927,0.0012004190814482,0.0,0.0033329282731974,0.0416898485698261,0.0,0.0,4.236773228640867e-05,0.3472883015516919,0.0,0.0,1.9531250000000002e-24,1.9531250000000002e-24,1.9531250000000002e-24,1.9531250000000002e-24,1.5962118062675056e-10,0.05315591473388587,0.04077149479881872,0.12188619727589217,0.31139484423992275,0.001922105059291174,4.6561774659706377e-07,0.09586491450225343,3.0272476956304643e-09,1.9531250000000002e-24,0.14684442882881973,1.9531250000000002e-24
2024930_WZY_DM_assembly_Plate1B4,2024930_WZY_DM_assembly_Plate1,high other species,,B4,Plate1_B4,Fructose,cycle 5,,0.8665,48 h,,"growth curve data NA, so 48 h label rather than 0: 0.05:48 was used",Ho lab/7_Shared data/16s rRNA/Raw reads/2024930_DM_assembly/Plate1,,0.0,0.2128345835857596,0.000200714514807,0.0,0.0,0.0,0.0,0.0,not_assessable,review_required,False,high other species,0.0878357595951676,0.0005249456541106,0.0,7.71978903103952e-05,0.0003705498734898,0.0113017711414418,0.0128457289476497,7.71978903103952e-05,0.0009726934179109,0.0027019261608638,0.0,0.0,0.0,0.0036591800007127,0.0,0.0,1.9531250000000002e-24,1.9531250000000002e-24,1.9531250000000002e-24,1.9531250000000002e-24,4.907104879305493e-19,1.4859028526762994e-14,4.15552154110243e-16,8.888060027580113e-15,4.9624793646351305e-14,1.0570248336209691e-19,4.057046618365473e-13,7.285082449501319e-16,1.2380136315145267e-12,1.9531250000000002e-24,0.000437690395446016,1.9531250000000002e-24
2024930_WZY_DM_assembly_Plate1B5,2024930_WZY_DM_assembly_Plate1,high other species,,B5,Plate1_B5,Fructose,cycle 5,,0.8965,48 h,,"growth curve data NA, so 48 h label rather than 0: 0.05:48 was used",Ho lab/7_Shared data/16s rRNA/Raw reads/2024930_DM_assembly/Plate1,,0.0,0.1600786878689248,0.0,0.0,0.0,0.0,4.945661168422794e-05,8.65490704473989e-05,not_assessable,review_required,False,high other species,0.0781661747669222,0.000445109505158,0.0,0.000222554752579,0.0019040795498427,0.018892425663375,0.0003461962817895,9.891322336845589e-05,0.0103611601478457,0.0189789747338224,0.0401093120759088,0.0,0.0,0.0002349189055,0.0,0.0,1.9531250000000002e-24,1.9531250000000002e-24,1.9531250000000002e-24,1.9531250000000002e-24,1.508643381081958e-18,0.01891145525871844,0.02826698582364104,5.087218521764326e-15,7.837177271505766e-14,1.1785958737719873e-18,2.8675178012998625e-12,1.655724059445554e-15,1.60976864561598e-11,1.9531250000000002e-24,0.006299779475390012,1.9531250000000002e-24
2024930_WZY_DM_assembly_Plate1B6,2024930_WZY_DM_assembly_Plate1,high other species,,B6,Plate1_B6,Fructose,cycle 5,,0.7905,48 h,,"growth curve data NA, so 48 h label rather than 0: 0.05:48 was used",Ho lab/7_Shared data/16s rRNA/Raw reads/2024930_DM_assembly/Plate1,,0.0,0.1715680253092059,0.0001401347278851,0.0,0.0,0.0,0.0,0.0,not_assessable,review_required,False,high other species,0.0608292514965977,0.0003449470224864,0.0,1.0779594452702056e-05,0.0002048122946013,0.0102082759467088,0.0004743021559188,6.467756671621235e-05,0.0056269483043104,0.0124719907817762,0.0161154937067895,0.0,0.0,0.0705416660984822,0.0,0.0,1.9531250000000002e-24,1.9531250000000002e-24,1.9531250000000002e-24,1.9531250000000002e-24,5.249991452355503e-19,0.009675386622022024,0.013358540944075523,2.5713909555953366e-13,4.3074616588371407e-11,3.6779782875730116e-17,1.0538907372460506e-15,1.4001563383432592e-12,2.5815905865866117e-14,1.9531250000000002e-24,0.03960068047683818,1.9531250000000002e-24
2024930_WZY_DM_assembly_Plate1B7,2024930_WZY_DM_assembly_Plate1,,,B7,Plate1_B7,Oligo_xylose,cycle 5,,0.9945,48 h,,"growth curve data NA, so 48 h label rather than 0: 0.05:48 was used",Ho lab/7_Shared data/16s rRNA/Raw reads/2024930_DM_assembly/Plate1,,0.0,0.0,0.0412874257372749,0.0,0.0,0.0,0.0009758523487538,0.0019871902374623,not_assessable,review_required,True,,0.0,0.0025904444166919,0.0104150059766997,0.0,0.0033178979857629,0.1590461900768942,0.044090783393695,0.2681287398975933,0.0003725981695241,0.0474441669194126,0.0,0.0,0.0112134306256801,0.0522524575832723,0.0034598401455817,0.0002129132397281,1.9531250000000002e-24,1.9531250000000002e-24,1.9531250000000002e-24,1.9531250000000002e-24,0.041434147459826806,0.054066433330598795,0.047221218558965904,2.0063689193696727e-06,0.23449835658971036,1.346298482253749e-11,0.09120938165287537,0.07363100359394387,0.18655170687811148,1.9531250000000002e-24,0.145608720424356,1.9531250000000002e-24
2024930_WZY_DM_assembly_Plate1B8,2024930_WZY_DM_assembly_Plate1,,,B8,Plate1_B8,Oligo_xylose,cycle 5,,0.8925,48 h,,"growth curve data NA, so 48 h label rather than 0: 0.05:48 was used",Ho lab/7_Shared data/16s rRNA/Raw reads/2024930_DM_assembly/Plate1,,0.0,0.0,0.0537845335799329,0.0,0.0,0.0,0.0004470581435672,0.0020289561900358,not_assessable,review_required,True,,0.0,0.0021665125419026,0.0151655877933186,0.0,0.0004126690556005,0.033563749855508,0.0008941162871344,0.042539301814819,0.0009972835510345,0.1027202057565599,0.0002407236157669,0.0605591839093746,0.0159909259045197,0.0745211536238585,0.0440524216853542,0.0003095017917003,1.9531250000000002e-24,1.9531250000000002e-24,1.9531250000000002e-24,1.9531250000000002e-24,1.5743350040820516e-08,0.03545739638140232,0.06852258060989454,1.1631635777687606e-06,0.058972812314402503,0.006086815794847171,1.1457241142957972e-09,0.003138012459835058,3.0139832562854145e-05,1.9531250000000002e-24,0.08331622540669484,1.9531250000000002e-24
2024930_WZY_DM_assembly_Plate1B9,2024930_WZY_DM_assembly_Plate1,,,B9,Plate1_B9,Oligo_xylose,cycle 5,,0.8505,48 h,,"growth curve data NA, so 48 h label rather than 0: 0.05:48 was used",Ho lab/7_Shared data/16s rRNA/Raw reads/2024930_DM_assembly/Plate1,,0.0,0.0,0.0038653032440056,0.0,0.0,0.0,0.0003165550070521,0.0022325458392101,not_assessable,review_required,True,,8.330394922425952e-05,0.0010662905500705,0.0114459626234132,0.0,0.0002332510578279,0.0153945698166431,0.0258075634696756,0.2469462270803949,0.003598730606488,0.0620447813822284,0.0,0.0449008286318758,0.0011329337094499,0.0073807299012693,0.0001166255289139,0.0001999294781382,1.9531250000000002e-24,1.9531250000000002e-24,1.9531250000000002e-24,1.9531250000000002e-24,6.614103881891372e-08,0.021128639477013173,0.045621281544372484,1.2411130566231782e-13,0.00013555344405337516,3.276886424203735e-05,4.4204730149589267e-16,1.6884298095841095e-10,3.7486559578270802e-06,1.9531250000000002e-24,0.07729259839096454,1.9531250000000002e-24
2024930_WZY_DM_assembly_Plate1C10,2024930_WZY_DM_assembly_Plate1,,,C10,Plate1_C10,Xylan,cycle 5,,0.8855,48 h,,"growth curve data NA, so 48 h label rather than 0: 0.05:48 was used",Ho lab/7_Shared data/16s rRNA/Raw reads/2024930_DM_assembly/Plate1,,0.0,0.0,0.0493681280310378,0.0,0.0,0.0,0.0023704946653734,0.0052906692531522,not_assessable,review_required,True,,0.0,3.435499515033947e-05,0.0025766246362754,0.0,0.046860213385063,0.1697480310378273,0.0227430067895247,0.0018551697381183,0.0031263045586808,0.0148757129000969,0.0,0.0012024248302618,0.0102034335596508,0.0479252182347235,0.0,0.0001717749757516,1.9531250000000002e-24,1.9531250000000002e-24,1.9531250000000002e-24,1.9531250000000002e-24,3.1471784331007366e-05,0.04433944728115785,0.029103626321515814,0.0025934716637523534,0.1370708823756947,4.295399018867156e-15,0.0970653335947688,0.053600717617305074,0.10849409741076756,1.9531250000000002e-24,0.10013890636583961,1.9531250000000002e-24
2024930_WZY_DM_assembly_Plate1C11,2024930_WZY_DM_assembly_Plate1,,,C11,Plate1_C11,Xylan,cycle 5,,0.9635,48 h,,"growth curve data NA, so 48 h label rather than 0: 0.05:48 was used",Ho lab/7_Shared data/16s rRNA/Raw reads/2024930_DM_assembly/Plate1,,0.0,0.0,0.019201143912324,0.0,0.0,0.0,0.0006238638816278,0.0036507590110074,not_assessable,review_required,True,,9.242427875968249e-05,4.621213937984124e-05,0.0056147749346507,0.0,0.0310314515935633,0.13098830907216,0.0315859972661214,0.1739655986954123,2.310606968992062e-05,0.0029113647809299,0.0,0.0079484879733326,0.0109753831027122,0.1209833808964243,0.0,0.0001386364181395,1.9531250000000002e-24,1.9531250000000002e-24,1.9531250000000002e-24,1.9531250000000002e-24,0.022046009305514595,0.04924848117671478,0.015990311947931372,0.0013159054580294555,0.2728335405738231,3.8861971136384714e-08,0.07925582843519581,0.07687551598531688,0.09632027118945147,1.9531250000000002e-24,0.1418613401165533,1.9531250000000002e-24
2024930_WZY_DM_assembly_Plate1C12,2024930_WZY_DM_assembly_Plate1,,,C12,Plate1_C12,Xylan,cycle 5,,0.8945,48 h,,"growth curve data NA, so 48 h label rather than 0: 0.05:48 was used",Ho lab/7_Shared data/16s rRNA/Raw reads/2024930_DM_assembly/Plate1,,0.0,0.0002235070379521,0.024511271828757,0.0,0.0,0.0,0.0006208528832005,0.0020115633415697,not_assessable,review_required,True,,0.0003476776145922,0.0004470140759043,0.0053393347955245,0.0,0.0335757239234848,0.0156951608873094,0.0030545961853466,0.138624031761015,0.0002980093839362,0.0309929759293706,0.0,0.0057615147561009,0.0013410422277131,0.0896759904494849,0.0009188622671367,0.0,1.9531250000000002e-24,1.9531250000000002e-24,1.9531250000000002e-24,1.9531250000000002e-24,9.868705995680037e-13,0.02037511294392844,0.023952283442449856,9.459799099509715e-12,6.528074359139814e-05,1.8840683511797017e-13,2.4562047703323324e-15,1.9690707765052897e-08,5.928277081293777e-11,1.9531250000000002e-24,0.07316201140116609,1.9531250000000002e-24
2024930_WZY_DM_assembly_Plate1C1,2024930_WZY_DM_assembly_Plate1,,,C1,Plate1_C1,Xylose,cycle 5,,0.8155,48 h,,"growth curve data NA, so 48 h label rather than 0: 0.05:48 was used",Ho lab/7_Shared data/16s rRNA/Raw reads/2024930_DM_assembly/Plate1,,0.0,0.0,0.0021565497692586,0.0,0.0,0.0,0.0,0.0,not_assessable,review_required,True,,0.0164066923622033,0.0002959970271531,0.0092886686139965,0.0001127607722488,0.1034298183452304,0.0053279464887567,0.0016632213906701,0.0914489862937933,0.0021565497692586,0.0003100921236842,0.0,0.1204285047617401,2.8190193062205098e-05,0.0486562732253659,0.0,0.0,1.9531250000000002e-24,1.9531250000000002e-24,1.9531250000000002e-24,1.9531250000000002e-24,4.217854343080829e-05,0.023503128193177163,2.886297764177393e-10,6.457413760555727e-05,0.11533279830239522,0.019609275340111518,8.675257371878945e-11,0.01331358102146288,0.12818445172265544,1.9531250000000002e-24,0.09589180979516086,1.9531250000000002e-24
2024930_WZY_DM_assembly_Plate1C2,2024930_WZY_DM_assembly_Plate1,,,C2,Plate1_C2,Xylose,cycle 5,,0.9295,48 h,,"growth curve data NA, so 48 h label rather than 0: 0.05:48 was used",Ho lab/7_Shared data/16s rRNA/Raw reads/2024930_DM_assembly/Plate1,,0.0,0.0,0.0088358767205266,0.0,0.0,0.0,0.0,0.0,not_assessable,review_required,True,,0.2042093058049072,0.0004920706163973,0.0805926092160383,0.0001069718731298,0.1822158886894075,0.0075094254937163,0.012387342908438,0.0302088569718731,0.0017543387193297,0.0348514362657091,0.0,0.0931297127468581,0.0002353381208856,0.0419971573907839,0.0,0.0001283662477558,1.9531250000000002e-24,1.9531250000000002e-24,1.9531250000000002e-24,1.9531250000000002e-24,0.059392718295267155,0.03966181867456766,0.034525805690721396,0.016917261927710956,0.1401334110188592,0.021344115052560765,0.08460750092537778,0.10765196444568743,0.4450237260098213,1.9531250000000002e-24,0.14779726697232243,1.9531250000000002e-24
2024930_WZY_DM_assembly_Plate1C3,2024930_WZY_DM_assembly_Plate1,,,C3,Plate1_C3,Xylose,cycle 5,,0.8765,48 h,,"growth curve data NA, so 48 h label rather than 0: 0.05:48 was used",Ho lab/7_Shared data/16s rRNA/Raw reads/2024930_DM_assembly/Plate1,,0.0,0.0,0.0011311888932342,0.0,0.0,0.0,0.0,0.0,not_assessable,review_required,True,,0.1012242667188111,0.0012340242471646,0.0049703754399687,0.0,0.0599530113414157,0.0006170121235823,0.0187503128666405,0.2193478099335158,0.0002399491591709,0.0490867422761048,0.0,0.0488467931169339,0.0002399491591709,0.0182018576456785,0.0,0.0006512905748924,1.9531250000000002e-24,1.9531250000000002e-24,1.9531250000000002e-24,1.9531250000000002e-24,0.0006603867121416873,0.026783346947746995,0.03632566369214441,6.637532178732981e-08,0.1382880550113533,0.008738030666181026,1.3175877313237744e-07,0.010555890603331225,0.1536993404775892,1.9531250000000002e-24,0.10109977610871565,1.9531250000000002e-24
2024930_WZY_DM_assembly_Plate1C4,2024930_WZY_DM_assembly_Plate1,,,C4,Plate1_C4,Xylose,cycle 5,,0.8405,48 h,,"growth curve data NA, so 48 h label rather than 0: 0.05:48 was used",Ho lab/7_Shared data/16s rRNA/Raw reads/2024930_DM_assembly/Plate1,,0.0,0.0,0.0112975707642324,0.0,0.0,0.0,0.0,0.0,not_assessable,review_required,True,,0.1760136538339031,0.0021595672392924,0.0574159323041641,0.0002320196207504,0.0517225277642112,0.0016776803346569,0.0008745354935977,0.1654835325844605,0.0016419850083876,0.027057057312127,0.0,0.0,0.0,0.1424421994776293,0.0,0.0003212579364236,1.9531250000000002e-24,1.9531250000000002e-24,1.9531250000000002e-24,1.9531250000000002e-24,0.027981368846479254,0.03769375043484261,0.02868100558713901,0.014939382862883804,0.28232325289094523,0.00022585526878132815,0.03219545232100781,0.08144500143129953,0.15246377733575603,1.9531250000000002e-24,0.13815661855206074,1.9531250000000002e-24
2024930_WZY_DM_assembly_Plate1C5,2024930_WZY_DM_assembly_Plate1,,,C5,Plate1_C5,Xylose,cycle 5,,0.7795,48 h,,"growth curve data NA, so 48 h label rather than 0: 0.05:48 was used",Ho lab/7_Shared data/16s rRNA/Raw reads/2024930_DM_assembly/Plate1,,0.0,0.0,0.0105540811345476,0.0,0.0,0.0,0.0,0.0,not_assessable,review_required,True,,0.0933645659378773,0.0010614161292808,0.1280107905351591,0.000460614546669,0.0940254476787503,0.001882511625517,0.001321763481746,0.1333979780592451,0.001321763481746,0.0313418158929167,0.0002603473524651,0.0,0.0001001335971019,0.0152403334789199,0.0,0.0003404542301466,1.9531250000000002e-24,1.9531250000000002e-24,1.9531250000000002e-24,1.9531250000000002e-24,0.034844387930254794,0.016552496031151238,0.02706899817969072,6.727211707158954e-06,0.0700819698961893,1.5609858333614905e-11,0.04088798304688928,0.015364334039120303,0.23127747607216118,1.9531250000000002e-24,0.09345481218492166,1.9531250000000002e-24
2024930_WZY_DM_assembly_Plate1C6,2024930_WZY_DM_assembly_Plate1,,,C6,Plate1_C6,Xylose,cycle 5,,0.9555,48 h,,"growth curve data NA, so 48 h label rather than 0: 0.05:48 was used",Ho lab/7_Shared data/16s rRNA/Raw reads/2024930_DM_assembly/Plate1,,0.0,0.0,0.0026595883184807,0.0,0.0,0.0,0.0,0.0,not_assessable,review_required,True,,0.0030456575905183,0.0002359312218007,0.03787768524546,0.0003860692720375,0.1540630878358661,0.0039035893061572,0.0163221508900312,0.1882731149969696,0.0011153112303306,0.0027024849042627,0.0015657253810411,0.0,0.0001286897573458,0.1668891669846685,0.0353038900985431,0.0001072414644548,1.9531250000000002e-24,1.9531250000000002e-24,1.9531250000000002e-24,1.9531250000000002e-24,0.00582807517265423,0.03695661133220228,0.00010953687707610681,0.00895764194160998,0.28831381207906237,2.621281972727071e-05,0.0003592645845976675,0.07693691715529379,0.10615723894302745,1.9531250000000002e-24,0.14432262529627424,1.9531250000000002e-24
2024930_WZY_DM_assembly_Plate1C7,2024930_WZY_DM_assembly_Plate1,,,C7,Plate1_C7,Xylan,cycle 5,,0.8385,48 h,,"growth curve data NA, so 48 h label rather than 0: 0.05:48 was used",Ho lab/7_Shared data/16s rRNA/Raw reads/2024930_DM_assembly/Plate1,,0.0,0.0,0.0422199028389251,0.0,0.0,0.0,0.0001697282526187,0.000551616821011,not_assessable,review_required,True,,0.0,0.0002121603157734,0.0054313040838014,0.0,0.0290235311978138,0.2738989676635798,0.0070861545468346,0.0346245635342341,0.0014426901472597,0.0325453924396538,0.0,0.0037340215576134,0.0136206922726582,0.1891621375436465,0.0019943069682708,0.0002121603157734,1.9531250000000002e-24,1.9531250000000002e-24,1.9531250000000002e-24,1.9531250000000002e-24,0.05062326601252554,0.0828094335502241,0.05028945236108813,0.11924496244322651,0.3184951878703863,4.045386104969915e-06,0.14603594949085766,0.12773519318116716,0.18275596079365847,1.9531250000000002e-24,0.1878803415697071,1.9531250000000002e-24
2024930_WZY_DM_assembly_Plate1C8,2024930_WZY_DM_assembly_Plate1,,,C8,Plate1_C8,Xylan,cycle 5,,0.7715,48 h,,"growth curve data NA, so 48 h label rather than 0: 0.05:48 was used",Ho lab/7_Shared data/16s rRNA/Raw reads/2024930_DM_assembly/Plate1,,0.0,0.0,0.0402545551348793,0.0,0.0,0.0,9.1280170373876e-05,0.0026014848556554,not_assessable,review_required,True,,0.0001825603407477,0.0010040818741126,0.1012753490298154,0.0,0.0356449065309985,0.0265625295787979,0.0681862872692853,0.0225005619971604,0.0044727283483199,0.0449554839091339,0.0,0.058145468528159,0.0132812647893989,0.1193031826786559,0.0247825662565073,0.0005933211074301,1.9531250000000002e-24,1.9531250000000002e-24,1.9531250000000002e-24,1.9531250000000002e-24,0.026915614823412395,0.03554084714333094,0.04055701973691824,0.03793497325320285,0.2152133624333007,0.010804484139879039,0.040056256845029274,0.06630902479668901,0.1494481959662723,1.9531250000000002e-24,0.12216251156800242,1.9531250000000002e-24
2024930_WZY_DM_assembly_Plate1C9,2024930_WZY_DM_assembly_Plate1,,,C9,Plate1_C9,Xylan,cycle 5,,0.8225,48 h,,"growth curve data NA, so 48 h label rather than 0: 0.05:48 was used",Ho lab/7_Shared data/16s rRNA/Raw reads/2024930_DM_assembly/Plate1,,0.0,0.0,0.0334160290742157,0.0,0.0,0.0,0.0007551644988523,0.004530986993114,not_assessable,review_required,True,,0.0,0.0017620504973221,0.0350522188217291,0.0,0.0326608645753634,0.034171193573068,0.0041534047436878,0.0347375669472073,0.0011956771231828,0.1066040550879877,0.0,0.0701673680183626,0.0279410864575363,0.0036499617444529,0.1394537107880642,0.0,1.9531250000000002e-24,1.9531250000000002e-24,1.9531250000000002e-24,1.9531250000000002e-24,0.0009197055061128186,0.03464845428084655,0.07131913475136704,1.2710655715160535e-06,0.010364435515378335,0.008761435811159969,0.0015139571440887752,0.03972850280039995,0.23145587382916888,1.9531250000000002e-24,0.09879639324784088,1.9531250000000002e-24
2024930_WZY_DM_assembly_Plate1D10,2024930_WZY_DM_assembly_Plate1,,,D10,Plate1_D10,Sucrose,cycle 5,,1.0385,48 h,,"growth curve data NA, so 48 h label rather than 0: 0.05:48 was used",Ho lab/7_Shared data/16s rRNA/Raw reads/2024930_DM_assembly/Plate1,,0.0,0.0,0.0,0.0,0.0,0.0,0.0,0.0,not_assessable,review_required,True,,0.0274219281606599,0.0,0.0,0.0041898955228374,0.0087862734471441,0.0012819829584801,0.0012194472044079,0.0169159214765302,0.0052842712191009,0.0124133471833318,0.0,6.253575407220065e-05,0.0011256435732996,0.8687154276939753,0.0,0.0,1.9531250000000002e-24,1.9531250000000002e-24,1.9531250000000002e-24,1.9531250000000002e-24,0.0004164160335331292,0.10108872375404368,0.03624315011987987,0.3605277887867977,0.5954588121244908,0.02006595844940598,1.1177004011565015e-12,0.18638343042623073,4.253718731835464e-09,1.9531250000000002e-24,0.3004176385073942,1.9531250000000002e-24
2024930_WZY_DM_assembly_Plate1D11,2024930_WZY_DM_assembly_Plate1,,,D11,Plate1_D11,Sucrose,cycle 5,,1.0475,48 h,,"growth curve data NA, so 48 h label rather than 0: 0.05:48 was used",Ho lab/7_Shared data/16s rRNA/Raw reads/2024930_DM_assembly/Plate1,,0.0,0.0,0.0,0.0,0.0,0.0,0.0,0.0,not_assessable,review_required,True,,0.0744535617268706,0.0,0.0,0.0015991289315941,0.0035510068922165,0.011617201355993,0.0004468154367689,0.0180607502862402,0.0002116494174168,0.0060437666973486,0.0,0.0041859551444671,0.0007525312619266,0.8077717598724828,0.0,0.0,1.9531250000000002e-24,1.9531250000000002e-24,1.9531250000000002e-24,1.9531250000000002e-24,0.003582535175234104,0.09749467583328088,0.026843241284993737,0.3499814896982199,0.583060037686076,0.02004782976430218,1.4594372045749188e-07,0.18399977319016908,5.582789398470739e-07,1.9531250000000002e-24,0.2925822238746929,1.9531250000000002e-24
2024930_WZY_DM_assembly_Plate1D12,2024930_WZY_DM_assembly_Plate1,,,D12,Plate1_D12,Sucrose,cycle 5,,1.0265,48 h,,"growth curve data NA, so 48 h label rather than 0: 0.05:48 was used",Ho lab/7_Shared data/16s rRNA/Raw reads/2024930_DM_assembly/Plate1,,0.0,0.0,0.0002597550483324,0.0,0.0,0.0,0.0,0.0,not_assessable,review_required,True,,0.3032380434232501,0.0002078040386659,0.0,0.0010909712029961,0.0037924237056531,0.0070653373146414,0.0026495014929905,0.0217155220405891,0.0269625740169036,0.0277418391619009,0.0,0.0223908851662533,0.0031690115896553,0.2676516018017106,0.0,0.0,1.9531250000000002e-24,1.9531250000000002e-24,1.9531250000000002e-24,1.9531250000000002e-24,0.01128330655561359,0.05544621792867436,0.06026819315788416,0.16792873562995705,0.34998056868009203,0.014828274504824756,0.054348539443993614,0.118859288362817,0.1271954628972749,1.9531250000000002e-24,0.17391091881661205,1.9531250000000002e-24
2024930_WZY_DM_assembly_Plate1D1,2024930_WZY_DM_assembly_Plate1,,,D1,Plate1_D1,Maltose,cycle 5,,0.9025,48 h,,"growth curve data NA, so 48 h label rather than 0: 0.05:48 was used",Ho lab/7_Shared data/16s rRNA/Raw reads/2024930_DM_assembly/Plate1,,0.0,0.0,0.0,0.0,0.0,0.0,0.0011149329001032,0.0,not_assessable,review_required,True,,0.0011454790069553,0.000213822747965,0.0,0.000229095801391,0.0294006278451879,0.0103551302228765,0.0044750046538389,0.1442234435023946,0.0018938586248328,0.0012371173275118,0.0,0.0328217918126279,0.0010385676329728,0.3489281785720329,0.0,0.0,1.9531250000000002e-24,1.9531250000000002e-24,1.9531250000000002e-24,1.9531250000000002e-24,7.413544794687596e-07,0.050471190074339894,0.003348876586235526,0.07949243404773294,0.32696537506663637,0.01227806167838168,4.583646912524011e-15,0.09036595956335382,2.216695662052442e-08,1.9531250000000002e-24,0.16303733417107888,1.9531250000000002e-24
2024930_WZY_DM_assembly_Plate1D2,2024930_WZY_DM_assembly_Plate1,,,D2,Plate1_D2,Maltose,cycle 5,,0.9905,48 h,,"growth curve data NA, so 48 h label rather than 0: 0.05:48 was used",Ho lab/7_Shared data/16s rRNA/Raw reads/2024930_DM_assembly/Plate1,,0.0,0.0,0.0,0.0,0.0,0.0,0.0005830267611259,0.0,not_assessable,review_required,True,,0.0008745401416889,0.0003331581492148,0.0,0.0,0.0231961361390821,0.0012909878282074,0.0031441800332149,0.111670447139944,0.0013326325968592,0.0086204671109335,0.0,0.0016449683617481,0.0007496058357333,0.5276183964346528,0.0,0.0,1.9531250000000002e-24,1.9531250000000002e-24,1.9531250000000002e-24,1.9531250000000002e-24,1.3460633858708827e-07,0.06526545862150941,0.02023838878990112,0.19707031572785746,0.40161495900575456,0.011358863294963556,1.5214860980135476e-16,0.11901773514627603,1.11461727039255e-10,1.9531250000000002e-24,0.20220538988631245,1.9531250000000002e-24
2024930_WZY_DM_assembly_Plate1D3,2024930_WZY_DM_assembly_Plate1,,,D3,Plate1_D3,Maltose,cycle 5,,0.9495,48 h,,"growth curve data NA, so 48 h label rather than 0: 0.05:48 was used",Ho lab/7_Shared data/16s rRNA/Raw reads/2024930_DM_assembly/Plate1,,0.0,0.0,0.0,0.0,0.0,0.0,0.0060086118346234,0.0,not_assessable,review_required,True,,0.0164583715470119,0.0008011482446164,0.0,0.0012888036978612,0.002716937525221,0.0068794251439891,0.0038489948273964,0.0965557797424703,0.0002438277266223,0.0028388513885322,0.0013758850287978,0.0010275597050515,0.0007140669136798,0.5473235812025387,0.0,0.0,1.9531250000000002e-24,1.9531250000000002e-24,1.9531250000000002e-24,1.9531250000000002e-24,1.5864366197557265e-07,0.06742855847139814,0.012634488555017321,0.20993237098964598,0.4102786762402706,0.011681181172851144,1.9288402789085805e-15,0.12279345699354692,1.0688658980351717e-10,1.9531250000000002e-24,0.20703887398783155,1.9531250000000002e-24
2024930_WZY_DM_assembly_Plate1D4,2024930_WZY_DM_assembly_Plate1,,,D4,Plate1_D4,Maltose,cycle 5,,0.9865,48 h,,"growth curve data NA, so 48 h label rather than 0: 0.05:48 was used",Ho lab/7_Shared data/16s rRNA/Raw reads/2024930_DM_assembly/Plate1,,0.0,0.0,0.0,0.0,0.0,0.0,0.003357591172757,0.0,not_assessable,review_required,True,,0.0060653259894966,0.0003249281780087,0.0,0.0002707734816739,0.0245140258742154,0.0084300810627824,0.0027979926439642,0.0789394956906805,0.0008123204450218,0.0149105930575124,0.0,0.0034478489999817,0.0008664751413566,0.4750449962487877,0.0042601694450035,0.0,1.9531250000000002e-24,1.9531250000000002e-24,1.9531250000000002e-24,1.9531250000000002e-24,6.983104362032962e-09,0.06095742612308312,0.02320685421127795,0.17142756385578067,0.36944942909032374,0.009336748114525992,9.629125858277862e-15,0.11069568592095623,7.679734523423478e-11,1.9531250000000002e-24,0.18450943519259827,1.9531250000000002e-24
2024930_WZY_DM_assembly_Plate1D5,2024930_WZY_DM_assembly_Plate1,,,D5,Plate1_D5,Maltose,cycle 5,,0.9975,48 h,,"growth curve data NA, so 48 h label rather than 0: 0.05:48 was used",Ho lab/7_Shared data/16s rRNA/Raw reads/2024930_DM_assembly/Plate1,,0.0,0.0,0.0,0.0,0.0,0.0,0.0,0.0,not_assessable,review_required,True,,0.0035334886317694,0.0002688523958955,0.0,0.0002880561384594,0.0087377028666037,0.0021316154246,0.0043592495620199,0.1138205821766166,0.0014018732071693,0.0162079587239859,0.0010946133261459,0.0025925052461351,0.0009793908707621,0.6082593419710067,0.0,0.0,1.9531250000000002e-24,1.9531250000000002e-24,1.9531250000000002e-24,1.9531250000000002e-24,3.0385821607545913e-06,0.07514000371978242,0.02826191732481297,0.23867649766441837,0.451201918477152,0.014230057031209773,2.1587643583490047e-16,0.1348389032582537,3.3901829941581425e-10,1.9531250000000002e-24,0.22795247910792804,1.9531250000000002e-24
2024930_WZY_DM_assembly_Plate1D6,2024930_WZY_DM_assembly_Plate1,,,D6,Plate1_D6,Maltose,cycle 5,,0.9395,48 h,,"growth curve data NA, so 48 h label rather than 0: 0.05:48 was used",Ho lab/7_Shared data/16s rRNA/Raw reads/2024930_DM_assembly/Plate1,,0.0,0.0,0.000445235838537,0.0,0.0,0.0,0.0,0.0,not_assessable,review_required,True,,0.0119689869536128,0.0007595199598572,0.0,0.0003404744647636,0.0035095060214094,7.857103033006244e-05,0.0051856880017841,0.1497825741525423,0.0001833324041034,0.001780943354148,0.0,0.000445235838537,0.0012047557983942,0.5754804164808207,0.0,0.0,1.9531250000000002e-24,1.9531250000000002e-24,1.9531250000000002e-24,1.9531250000000002e-24,1.1645974355087093e-05,0.07036080894603466,0.012599055033055815,0.22147270595011195,0.43836369353052523,0.013082793380301992,7.1782951039483e-17,0.12882084342089634,1.0713794499823578e-09,1.9531250000000002e-24,0.2227707591538976,1.9531250000000002e-24
2024930_WZY_DM_assembly_Plate1D7,2024930_WZY_DM_assembly_Plate1,,,D7,Plate1_D7,Sucrose,cycle 5,,1.0385,48 h,,"growth curve data NA, so 48 h label rather than 0: 0.05:48 was used",Ho lab/7_Shared data/16s rRNA/Raw reads/2024930_DM_assembly/Plate1,,0.0,0.0,0.0,0.0,0.0,0.0,0.0,0.0,not_assessable,review_required,True,,0.1534808517595128,8.488985163689868e-05,0.0,0.0006791188130951,0.0047113867658478,0.0080220909796869,0.0035229288429312,0.2202042751461151,0.0303056770343728,0.0521223689050557,0.020882903502677,0.0,0.0001697797032737,0.1450343115216414,0.0,4.244492581844934e-05,1.9531250000000002e-24,1.9531250000000002e-24,1.9531250000000002e-24,1.9531250000000002e-24,0.00020254907515418697,0.04904517158595711,0.07549462733291022,9.843750455843929e-05,0.2823148159365286,9.137697321396162e-05,2.4330065820896375e-06,0.06446685568547982,0.030942343461343638,1.9531250000000002e-24,0.13529546757639346,1.9531250000000002e-24
2024930_WZY_DM_assembly_Plate1D8,2024930_WZY_DM_assembly_Plate1,,,D8,Plate1_D8,Sucrose,cycle 5,,1.0065,48 h,,"growth curve data NA, so 48 h label rather than 0: 0.05:48 was used",Ho lab/7_Shared data/16s rRNA/Raw reads/2024930_DM_assembly/Plate1,,0.0,0.0,0.0,0.0,0.0,0.0,0.0,0.0,not_assessable,review_required,True,,0.057651998443211,8.515804792202517e-05,0.0,0.0012433074996615,0.002231140855557,0.0029975632868552,0.0009367385271422,0.1021385626776769,0.0152943854067957,0.019722603898741,0.0003065689725192,0.0057396524299444,0.0006131379450385,0.5756513723433058,0.0,0.0,1.9531250000000002e-24,1.9531250000000002e-24,1.9531250000000002e-24,1.9531250000000002e-24,4.483852924445185e-05,0.07555697074623795,0.04578328418863215,0.2378723187070327,0.4536203939031076,0.015085634649723198,1.1226281252329052e-12,0.13680566243944353,3.5291203963681206e-08,1.9531250000000002e-24,0.22832628128385712,1.9531250000000002e-24
2024930_WZY_DM_assembly_Plate1D9,2024930_WZY_DM_assembly_Plate1,,,D9,Plate1_D9,Sucrose,cycle 5,,0.9825,48 h,,"growth curve data NA, so 48 h label rather than 0: 0.05:48 was used",Ho lab/7_Shared data/16s rRNA/Raw reads/2024930_DM_assembly/Plate1,,0.0,5.0899702977136146e-05,8.483283829522691e-05,0.0,0.0,0.0,0.0,0.0,not_assessable,review_required,True,,0.0061588640602334,0.0002375319472266,0.0,0.000407197623817,0.002256553498653,0.0002714650825447,0.0,0.0111131018166747,0.0001866322442494,0.0131830230710782,0.0003562979208399,0.0,0.0008822615182703,0.7366035349174553,0.0,5.0899702977136146e-05,1.9531250000000002e-24,1.9531250000000002e-24,1.9531250000000002e-24,1.9531250000000002e-24,3.349291830430645e-08,0.08415240397813673,0.026638218578306946,0.29433472204409583,0.49288547869321747,0.016155038356788123,1.215308372927217e-16,0.1534001294347643,2.3414463989411715e-12,1.9531250000000002e-24,0.2476014158941487,1.9531250000000002e-24
2024930_WZY_DM_assembly_Plate1E10,2024930_WZY_DM_assembly_Plate1,,,E10,Plate1_E10,Rhamonse,cycle 5,,0.7445,48 h,,"growth curve data NA, so 48 h label rather than 0: 0.05:48 was used",Ho lab/7_Shared data/16s rRNA/Raw reads/2024930_DM_assembly/Plate1,,0.0,0.0,0.000196007020623,0.0,0.0,0.0,0.0,0.0,not_assessable,review_required,True,,0.3134478938130759,0.0001633391838525,0.0,0.0,0.0934626810004388,0.0002613426941641,0.0,0.0,0.0002286748573935,0.0029074374725756,0.0,0.0109763931548924,0.0003593462044756,0.011074396665204,0.0,0.0201233874506362,1.9531250000000002e-24,1.9531250000000002e-24,1.9531250000000002e-24,1.9531250000000002e-24,0.0008516465593586282,0.020355949675434394,1.0578614097564414e-07,0.00025794374929087984,0.024020919453414943,0.0008542309358075583,0.06440559195022322,0.06560977454792649,0.3472436197997834,1.9531250000000002e-24,0.09224536509427665,1.9531250000000002e-24
2024930_WZY_DM_assembly_Plate1E11,2024930_WZY_DM_assembly_Plate1,,,E11,Plate1_E11,Rhamonse,cycle 5,,0.7305,48 h,,"growth curve data NA, so 48 h label rather than 0: 0.05:48 was used",Ho lab/7_Shared data/16s rRNA/Raw reads/2024930_DM_assembly/Plate1,,0.0,0.0,9.455086720165677e-05,0.0,0.0,0.0,0.0,0.0,not_assessable,review_required,True,,0.083724792907067,0.0,0.0,0.0,0.0228340344292001,0.0001733432565363,0.0,0.0,0.000803682371214,0.0010715764949521,0.0,0.0238425770126844,0.0002836526016049,0.4723761325394771,0.0,0.0058148783329018,1.9531250000000002e-24,1.9531250000000002e-24,1.9531250000000002e-24,1.9531250000000002e-24,8.803182121226949e-08,0.06008383284764996,0.006023236502697437,0.2079964178012299,0.3812790469611893,0.014926666008266087,7.128801029937232e-11,0.11909090934758465,4.56043115044251e-08,1.9531250000000002e-24,0.18533325403792958,1.9531250000000002e-24
2024930_WZY_DM_assembly_Plate1E12,2024930_WZY_DM_assembly_Plate1,,,E12,Plate1_E12,Rhamonse,cycle 5,,0.6965,48 h,,"growth curve data NA, so 48 h label rather than 0: 0.05:48 was used",Ho lab/7_Shared data/16s rRNA/Raw reads/2024930_DM_assembly/Plate1,,0.0,0.0,1.34254708070703e-05,0.0,0.0,0.0,0.0,0.0,not_assessable,review_required,True,,0.0992008037934424,0.0,0.0001879565912989,0.0,0.015667524431851,0.0001074037664565,0.0,8.055282484242179e-05,0.0004833169490545,0.0130495576244723,0.0,0.03725568148962,0.0002416584745272,0.3688916613658706,0.1109078143372077,0.0051419553191079,1.9531250000000002e-24,1.9531250000000002e-24,1.9531250000000002e-24,1.9531250000000002e-24,2.436200183917319e-08,0.05542556194994667,0.01838397373431875,0.18231803263136662,0.35368099645616513,0.015029726549324577,1.0714108614871724e-10,0.11700672373730506,0.007288473170297492,1.9531250000000002e-24,0.1844819093588067,1.9531250000000002e-24
2024930_WZY_DM_assembly_Plate1E1,2024930_WZY_DM_assembly_Plate1,,,E1,Plate1_E1,Lactose,cycle 5,,0.8715,48 h,,"growth curve data NA, so 48 h label rather than 0: 0.05:48 was used",Ho lab/7_Shared data/16s rRNA/Raw reads/2024930_DM_assembly/Plate1,,0.0,0.0113128848711759,0.0,0.0,0.0,0.0,0.0015670599536923,0.0079211660672939,not_assessable,review_required,True,,0.0039498497462929,0.0003005320459135,0.0,0.0067619710330558,0.0051305113552391,0.0011591950342381,0.0082860978373318,0.3270861988275285,0.0005151977929947,0.0698522341002019,0.0,0.0072342356766343,0.003778117148628,0.0364073107049608,0.0,0.0003219986206217,1.9531250000000002e-24,1.9531250000000002e-24,1.9531250000000002e-24,1.9531250000000002e-24,7.090310055712523e-08,0.022910513012798412,0.04716647823888214,3.7785961512539655e-16,0.00026074655448405824,6.38955670322588e-13,2.4924009157507566e-20,1.32551736930023e-10,5.415007241745825e-09,1.9531250000000002e-24,0.08303275543602634,1.9531250000000002e-24
2024930_WZY_DM_assembly_Plate1E2,2024930_WZY_DM_assembly_Plate1,,,E2,Plate1_E2,Lactose,cycle 5,,0.8545,48 h,,"growth curve data NA, so 48 h label rather than 0: 0.05:48 was used",Ho lab/7_Shared data/16s rRNA/Raw reads/2024930_DM_assembly/Plate1,,0.0,0.003867179289192,0.0001649507753683,0.0,0.0,0.0,0.0003115736868069,0.0039954743367007,not_assessable,review_required,True,,0.0204905518735388,0.0004765244621753,0.0,0.0057549492739634,0.0168799626793642,0.0006231473736138,0.0069462604294017,0.1347831113398966,0.0024009501748064,0.0229281577762048,0.0217185187568367,0.003867179289192,0.0154137335649786,0.07536417647942,0.0,0.0,1.9531250000000002e-24,1.9531250000000002e-24,1.9531250000000002e-24,1.9531250000000002e-24,6.236745960434455e-11,0.02385196485907455,0.022132707383933928,1.3962742913795647e-11,3.575339322575128e-05,1.1440536277167833e-13,6.33750600495272e-16,1.438617410252157e-09,1.3103148835069284e-09,1.9531250000000002e-24,0.06859271629945782,1.9531250000000002e-24
2024930_WZY_DM_assembly_Plate1E3,2024930_WZY_DM_assembly_Plate1,,,E3,Plate1_E3,Lactose,cycle 5,,0.9325,48 h,,"growth curve data NA, so 48 h label rather than 0: 0.05:48 was used",Ho lab/7_Shared data/16s rRNA/Raw reads/2024930_DM_assembly/Plate1,,0.0,0.0090892476393542,0.0,0.0,0.0,0.0,0.0006898089726295,0.0091298246377442,not_assessable,review_required,True,,0.0079530916844349,0.0020694269178886,0.0,0.0070603977198555,0.0129034854880118,0.0071415517166354,0.0004869239806796,0.1771591749706279,0.0010550019581393,0.0396437274270049,0.0066546277359557,0.0,0.0096167486184239,0.0131875244767416,0.0,0.0,1.9531250000000002e-24,1.9531250000000002e-24,1.9531250000000002e-24,1.9531250000000002e-24,2.275710144309993e-12,0.0016055816485196289,0.029034666414012363,1.1285999714509137e-17,4.7432327662556074e-11,2.626690397249634e-18,5.737605283976638e-18,6.432239638294929e-15,1.6213844434204382e-12,1.9531250000000002e-24,0.04932420119360648,1.9531250000000002e-24
2024930_WZY_DM_assembly_Plate1E4,2024930_WZY_DM_assembly_Plate1,,,E4,Plate1_E4,Lactose,cycle 5,,0.8065,48 h,,"growth curve data NA, so 48 h label rather than 0: 0.05:48 was used",Ho lab/7_Shared data/16s rRNA/Raw reads/2024930_DM_assembly/Plate1,,0.0,0.0011865663196016,0.0,0.0,0.0,0.0,0.0,0.0090361588954277,not_assessable,review_required,True,,0.0020536724762335,4.563716613852422e-05,0.0,0.0085797872340425,0.0289796004979628,4.563716613852422e-05,0.0004107344952467,0.0909548721140787,0.0017342123132639,0.0020993096423721,0.0025100441376188,0.0,0.012276397691263,0.0296185208239022,0.0,0.0,1.9531250000000002e-24,1.9531250000000002e-24,1.9531250000000002e-24,1.9531250000000002e-24,3.2380832220188494e-15,1.196883389466169e-11,3.923757802887026e-14,5.990263383041221e-17,2.5011045368064423e-13,2.802493956551375e-19,1.162516170619067e-18,3.2216598602505114e-16,1.1939279621209312e-14,1.9531250000000002e-24,0.03154456253975147,1.9531250000000002e-24
2024930_WZY_DM_assembly_Plate1E5,2024930_WZY_DM_assembly_Plate1,,,E5,Plate1_E5,Lactose,cycle 5,,0.9085,48 h,,"growth curve data NA, so 48 h label rather than 0: 0.05:48 was used",Ho lab/7_Shared data/16s rRNA/Raw reads/2024930_DM_assembly/Plate1,,0.0,0.0037769341903526,0.0,0.0,0.0,0.0,0.0007232427173015,0.0005625221134567,not_assessable,review_required,True,,0.0,0.0015536325038329,0.0,0.0087056993749262,0.0569754540629791,0.0068574124307111,0.0013125515980658,0.342790261233636,0.0060270226441797,0.069056286118646,0.0017411398749852,0.0,0.0226883919094232,0.0113040158037504,0.0011250442269135,0.0,1.9531250000000002e-24,1.9531250000000002e-24,1.9531250000000002e-24,1.9531250000000002e-24,0.00966478561382214,0.026966582376018008,0.05521943413806347,1.0279055801149455e-12,0.08056708400546868,4.4281848666444637e-13,9.504742849577644e-12,3.687047699589665e-07,0.001483827584345189,1.9531250000000002e-24,0.09340067397304999,1.9531250000000002e-24
2024930_WZY_DM_assembly_Plate1E6,2024930_WZY_DM_assembly_Plate1,,,E6,Plate1_E6,Lactose,cycle 5,,0.9105,48 h,,"growth curve data NA, so 48 h label rather than 0: 0.05:48 was used",Ho lab/7_Shared data/16s rRNA/Raw reads/2024930_DM_assembly/Plate1,,0.0,0.0106111888975826,0.0005249351398097,0.0,0.0,0.0,0.0032620969402462,0.0106111888975826,not_assessable,review_required,True,,0.0125984433554338,0.0,0.0,0.0084739529712144,0.0252718774451262,0.0130108923938557,0.0043119672198657,0.020060021414158,0.0018372729893341,0.0055118189680023,0.0047244162582876,0.0,0.0182977391590824,0.0924635753407733,0.0,0.0,1.9531250000000002e-24,1.9531250000000002e-24,1.9531250000000002e-24,1.9531250000000002e-24,6.065820380672995e-14,0.006313649371834375,1.485840687987968e-07,2.1809035190504537e-10,2.511130373807103e-07,1.9468402424466911e-16,6.029786163832683e-13,8.032254079694823e-10,2.3620080294468854e-12,1.9531250000000002e-24,0.05478817843466359,1.9531250000000002e-24
2024930_WZY_DM_assembly_Plate1E7,2024930_WZY_DM_assembly_Plate1,,,E7,Plate1_E7,Rhamonse,cycle 5,,0.7245,48 h,,"growth curve data NA, so 48 h label rather than 0: 0.05:48 was used",Ho lab/7_Shared data/16s rRNA/Raw reads/2024930_DM_assembly/Plate1,,0.0,0.0,0.0002253293084522,0.0,0.0,0.0,0.0,0.0,not_assessable,review_required,True,,0.081476427003293,0.0002120746432491,0.0,0.0,0.0015375411635565,9.278265642151482e-05,0.0001590559824368,0.0,0.000729006586169,0.00884086169045,0.0,0.0,0.0012857025246981,0.4350446212952799,0.0,0.005050027442371,1.9531250000000002e-24,1.9531250000000002e-24,1.9531250000000002e-24,1.9531250000000002e-24,6.99493382025805e-11,0.05375894117562085,0.01449176701925693,0.16413982833011195,0.335605720923803,0.006424467717042871,4.944311194339531e-13,0.10328651901615683,6.511385634486166e-11,1.9531250000000002e-24,0.16195351039844383,1.9531250000000002e-24
2024930_WZY_DM_assembly_Plate1E8,2024930_WZY_DM_assembly_Plate1,,,E8,Plate1_E8,Rhamonse,cycle 5,,0.7565,48 h,,"growth curve data NA, so 48 h label rather than 0: 0.05:48 was used",Ho lab/7_Shared data/16s rRNA/Raw reads/2024930_DM_assembly/Plate1,,0.0,0.0,0.0007310944672626,0.0,0.0,0.0,0.0,0.0,not_assessable,review_required,True,,0.320859084319884,0.0008224812756704,0.0,0.0,0.0088645204155593,0.0003655472336313,0.0,0.0,0.0024674438270113,0.0287868446484658,0.0,0.0,0.0017363493597487,0.2035184223242329,0.0131597004107272,0.0434087339937182,1.9531250000000002e-24,1.9531250000000002e-24,1.9531250000000002e-24,1.9531250000000002e-24,0.009545450010047403,0.04504462249214874,0.03278147183300765,0.11923176812665796,0.2786865765068514,0.006854614555425015,0.0514809754996121,0.10349416114308281,0.2076792325931547,1.9531250000000002e-24,0.14282333202024736,1.9531250000000002e-24
2024930_WZY_DM_assembly_Plate1E9,2024930_WZY_DM_assembly_Plate1,,,E9,Plate1_E9,Rhamonse,cycle 5,,0.8905,48 h,,"growth curve data NA, so 48 h label rather than 0: 0.05:48 was used",Ho lab/7_Shared data/16s rRNA/Raw reads/2024930_DM_assembly/Plate1,,0.0,0.0,0.0008689621523663,0.0,0.0,0.0,0.0,0.0,not_assessable,review_required,True,,0.2131129678678469,0.0,0.0,0.0,0.0402515682721126,0.0,0.0,0.0,0.0016448212169791,0.021444744545898,0.0001551718129225,0.0438205199693315,0.0006517216142747,0.007572384470621,0.3564606886457099,0.0098068585767059,1.9531250000000002e-24,1.9531250000000002e-24,1.9531250000000002e-24,1.9531250000000002e-24,5.914362697545227e-08,0.03292426357627681,0.01980533593193189,2.2066515041207198e-05,0.008560559369607151,0.009075575330409017,0.006872038847150315,0.10096239865502807,0.44561175873792175,1.9531250000000002e-24,0.15786716075258822,1.9531250000000002e-24
2024930_WZY_DM_assembly_Plate1F10,2024930_WZY_DM_assembly_Plate1,,,F10,Plate1_F10,Ribose,cycle 5,,0.9365,48 h,,"growth curve data NA, so 48 h label rather than 0: 0.05:48 was used",Ho lab/7_Shared data/16s rRNA/Raw reads/2024930_DM_assembly/Plate1,,0.0,0.0,0.0002175630154489,0.0,0.0,0.0,0.0,0.0,not_assessable,review_required,True,,0.0303500406551283,0.0017948948774538,0.0,0.0,0.0390525612730863,0.0008702520617957,0.0374752294110814,0.0,0.0361698513183877,0.0507465733534673,0.0,0.0,0.0023931931699384,0.323570594726449,0.0,0.0100078987106516,1.9531250000000002e-24,1.9531250000000002e-24,1.9531250000000002e-24,1.9531250000000002e-24,1.0958327188005656e-11,0.05047118667129686,0.07945665059847952,0.08982708484319146,0.2910684788875805,0.000853890333356261,2.672050053223608e-11,0.08330602353011798,2.1177454227719603e-09,1.9531250000000002e-24,0.13995186667486015,1.9531250000000002e-24
2024930_WZY_DM_assembly_Plate1F11,2024930_WZY_DM_assembly_Plate1,,,F11,Plate1_F11,Ribose,cycle 5,,0.9335,48 h,,"growth curve data NA, so 48 h label rather than 0: 0.05:48 was used",Ho lab/7_Shared data/16s rRNA/Raw reads/2024930_DM_assembly/Plate1,,0.0,0.0,0.0,0.0,0.0,0.0,0.0,0.0,not_assessable,review_required,True,,0.0024712459164132,0.0007886955052382,0.0,0.000262898501746,0.0796582460290638,0.0016299707108257,0.0043115354286358,0.0,0.0602563366002027,0.0764508843077616,0.0,0.0088333896586684,0.0016299707108257,0.3669011490368368,0.0,0.0065724625436521,1.9531250000000002e-24,1.9531250000000002e-24,1.9531250000000002e-24,1.9531250000000002e-24,1.646327006210759e-10,0.06144513984090288,0.12208173041668374,0.12097965204045272,0.3174706983637229,0.008573461076002417,6.5290286450172875e-12,0.09654003689315625,4.989894646867081e-10,1.9531250000000002e-24,0.15704250096418534,1.9531250000000002e-24
2024930_WZY_DM_assembly_Plate1F12,2024930_WZY_DM_assembly_Plate1,,,F12,Plate1_F12,Ribose,cycle 5,,0.8465,48 h,,"growth curve data NA, so 48 h label rather than 0: 0.05:48 was used",Ho lab/7_Shared data/16s rRNA/Raw reads/2024930_DM_assembly/Plate1,,0.0,0.0,0.0,0.0,0.0,0.0,0.0,0.0,not_assessable,review_required,True,,0.0004107791658371,5.266399562014733e-05,0.0,0.0,0.0545177682659765,0.0003475823710929,0.0001369263886123,5.266399562014733e-05,0.007509885775433,0.0005477055544495,0.0,0.0045607020207047,0.0005477055544495,0.6832837447740394,0.0,0.0007056975413099,1.9531250000000002e-24,1.9531250000000002e-24,1.9531250000000002e-24,1.9531250000000002e-24,2.0817584423640273e-07,0.07986545613792145,0.02680712153111909,0.285549895259071,0.47857384789315605,0.016413391362847307,2.849557612571044e-13,0.1501434393834947,1.80338467309832e-10,1.9531250000000002e-24,0.24003979234558187,1.9531250000000002e-24
2024930_WZY_DM_assembly_Plate1F1,2024930_WZY_DM_assembly_Plate1,high other species,,F1,Plate1_F1,Glucuronic_acid,cycle 5,,0.8065,48 h,,"growth curve data NA, so 48 h label rather than 0: 0.05:48 was used",Ho lab/7_Shared data/16s rRNA/Raw reads/2024930_DM_assembly/Plate1,,0.0,0.0,0.0674804507619858,0.0,0.0,0.0,0.0,0.0,not_assessable,review_required,False,high other species,0.0088712617512641,4.2043894555754427e-05,0.0069792864962552,0.0,0.1995122942985733,0.0,0.0004905121031504,0.0,0.0003503657879646,0.0340975984847168,0.0,0.0031813213547187,0.0017518289398231,0.0005465706292248,0.0,2.8029263037169617e-05,1.9531250000000002e-24,1.9531250000000002e-24,1.9531250000000002e-24,1.9531250000000002e-24,2.589544035679011e-13,5.3174255154565e-06,0.024153008042421695,8.606148337292303e-07,4.217035583589883e-05,1.0432067916983614e-13,8.317329824311206e-06,4.319545632527025e-08,0.003083619119317742,1.9531250000000002e-24,0.0463609145649879,1.9531250000000002e-24
2024930_WZY_DM_assembly_Plate1F2,2024930_WZY_DM_assembly_Plate1,high other species,,F2,Plate1_F2,Glucuronic_acid,cycle 5,,0.8425,48 h,,"growth curve data NA, so 48 h label rather than 0: 0.05:48 was used",Ho lab/7_Shared data/16s rRNA/Raw reads/2024930_DM_assembly/Plate1,,0.0,0.0,0.0087539039039039,0.0,0.0,0.0,0.0004048048048048,0.0,not_assessable,review_required,False,high other species,0.0624411411411411,0.0001518018018018,0.0069828828828828,0.0,0.0487789789789789,0.0,0.0009108108108108,0.0003036036036036,0.0138139639639639,0.1122827327327327,0.0,0.0645157657657657,0.0031878378378378,0.0120429429429429,0.0,0.0003036036036036,1.9531250000000002e-24,1.9531250000000002e-24,1.9531250000000002e-24,1.9531250000000002e-24,1.3536657409631193e-12,0.024549364925778375,0.08434766556419687,4.74415837149882e-08,7.63631070171983e-05,0.007544779588839541,2.853192280023817e-12,1.287064684301773e-07,3.2796279458952774e-05,1.9531250000000002e-24,0.05267504199412974,1.9531250000000002e-24
2024930_WZY_DM_assembly_Plate1F3,2024930_WZY_DM_assembly_Plate1,high other species,,F3,Plate1_F3,Glucuronic_acid,cycle 5,,0.8805,48 h,,"growth curve data NA, so 48 h label rather than 0: 0.05:48 was used",Ho lab/7_Shared data/16s rRNA/Raw reads/2024930_DM_assembly/Plate1,,0.0,0.0,0.1573495764641588,0.0,0.0,0.0,0.0002205460424446,0.0,not_assessable,review_required,False,high other species,0.1923963475726386,6.0148920666727386e-05,0.0001403474815556,0.0,0.1574097253848256,0.0,0.0003608935240003,0.0001002482011112,0.0007017374077784,0.0429262797158211,0.0,0.0027868999908917,0.002566353948447,0.0013633755351124,0.0,0.0002405956826669,1.9531250000000002e-24,1.9531250000000002e-24,1.9531250000000002e-24,1.9531250000000002e-24,1.772814974974964e-07,0.018765715581151796,0.033285850003240476,0.00011342454566120725,0.020499909827799364,9.462581004761876e-08,0.05062317659578023,0.040185706684314745,0.2645820869704299,1.9531250000000002e-24,0.0759501750909099,1.9531250000000002e-24
2024930_WZY_DM_assembly_Plate1F4,2024930_WZY_DM_assembly_Plate1,high other species,,F4,Plate1_F4,Glucuronic_acid,cycle 5,,0.8055,48 h,,"growth curve data NA, so 48 h label rather than 0: 0.05:48 was used",Ho lab/7_Shared data/16s rRNA/Raw reads/2024930_DM_assembly/Plate1,,0.0,0.0,0.1352952305765775,0.0,0.0,0.0,0.0001608047040888,0.0,not_assessable,review_required,False,high other species,0.1385405618772799,0.0009502096150705,0.0021489355910056,0.0,0.2502559753906462,0.0,0.0001900419230141,4.3855828387869544e-05,0.0036400337561931,0.0168260194914792,0.0,0.0,0.0002192791419393,0.001432623727337,0.0,0.0002631349703272,1.9531250000000002e-24,1.9531250000000002e-24,1.9531250000000002e-24,1.9531250000000002e-24,2.5498504171988176e-06,0.016788985876581754,0.020247131000032448,0.00018321007601953114,0.017385034333564597,2.8891796957689314e-07,0.059967088951121544,0.05260163695988102,0.3017137935675984,1.9531250000000002e-24,0.08332970769913486,1.9531250000000002e-24
2024930_WZY_DM_assembly_Plate1F5,2024930_WZY_DM_assembly_Plate1,high other species,,F5,Plate1_F5,Glucuronic_acid,cycle 5,,0.8725,48 h,,"growth curve data NA, so 48 h label rather than 0: 0.05:48 was used",Ho lab/7_Shared data/16s rRNA/Raw reads/2024930_DM_assembly/Plate1,,0.0,0.0,0.2489384576918955,0.0,0.0,0.0,0.0,0.0,not_assessable,review_required,False,high other species,0.0465590956173875,0.0019010072507768,0.0008414294388684,0.0,0.4258256241740186,0.0,0.0,0.0,0.0054848733792906,0.0036461942350966,0.0,0.0,0.0004362967460799,0.0006856091724113,0.0,0.0,1.9531250000000002e-24,1.9531250000000002e-24,1.9531250000000002e-24,1.9531250000000002e-24,0.0024876510284662836,0.022589407444882952,0.012225233045331812,0.00044089320662039417,0.031464812366215233,0.000231699156449915,0.0772145862500621,0.07867091408599508,0.37292088227307546,1.9531250000000002e-24,0.10107417614655533,1.9531250000000002e-24
2024930_WZY_DM_assembly_Plate1F6,2024930_WZY_DM_assembly_Plate1,high other species,,F6,Plate1_F6,Glucuronic_acid,cycle 5,,0.9325,48 h,,"growth curve data NA, so 48 h label rather than 0: 0.05:48 was used",Ho lab/7_Shared data/16s rRNA/Raw reads/2024930_DM_assembly/Plate1,,0.0,0.0,0.3227714802952235,0.0,0.0,0.0,0.0002856844450633,0.0,not_assessable,review_required,False,high other species,0.022724899039131,0.000181799192313,0.0151672469015457,0.0,0.2427798356774822,0.0,0.0006233115165018,0.0,0.00085705333519,0.0187253168082439,0.0,0.0,0.0038437543517615,0.007635566077148,0.0,0.0,1.9531250000000002e-24,1.9531250000000002e-24,1.9531250000000002e-24,1.9531250000000002e-24,1.4128196221302943e-09,0.0005644743206318189,0.012156230126086307,8.478073755568921e-05,0.004563399520706287,6.856195134180225e-12,0.020571033724956257,0.0005218823083458617,0.1565099044962513,1.9531250000000002e-24,0.061976033157713724,1.9531250000000002e-24
2024930_WZY_DM_assembly_Plate1F7,2024930_WZY_DM_assembly_Plate1,,,F7,Plate1_F7,Ribose,cycle 5,,0.9915,48 h,,"growth curve data NA, so 48 h label rather than 0: 0.05:48 was used",Ho lab/7_Shared data/16s rRNA/Raw reads/2024930_DM_assembly/Plate1,,0.0,0.0,0.0,0.0,0.0,0.0,0.0,0.0,not_assessable,review_required,True,,0.0634697541679461,0.0002686360926972,0.0,0.0002865451655437,0.0252697017863916,0.0,0.0012715441721005,0.0,0.0137004407275617,0.0121960786084569,0.0,0.0,5.3727218539457766e-05,0.8396310622617994,0.0,0.0014506349005653,1.9531250000000002e-24,1.9531250000000002e-24,1.9531250000000002e-24,1.9531250000000002e-24,0.0014049588946916849,0.1004923611576732,0.04527962167983963,0.3618376923182206,0.5945120579695202,0.020371885464852475,4.407239280211657e-09,0.1880858703542805,2.2514455036904673e-07,1.9531250000000002e-24,0.2991265300422494,1.9531250000000002e-24
2024930_WZY_DM_assembly_Plate1F8,2024930_WZY_DM_assembly_Plate1,,,F8,Plate1_F8,Ribose,cycle 5,,1.0275,48 h,,"growth curve data NA, so 48 h label rather than 0: 0.05:48 was used",Ho lab/7_Shared data/16s rRNA/Raw reads/2024930_DM_assembly/Plate1,,0.0,0.0,0.0,0.0,0.0,0.0,0.0,0.0,not_assessable,review_required,True,,0.0763639805706021,0.0005047004407089,0.0,0.0003224475037862,0.0369693072819309,0.0002102918502953,0.0033786890614127,2.803891337271971e-05,0.0349364860624087,0.0018365488259131,5.607782674543942e-05,0.0,0.0007290117476907,0.7560552796387006,0.0,0.0017384126291086,1.9531250000000002e-24,1.9531250000000002e-24,1.9531250000000002e-24,1.9531250000000002e-24,0.0010426021493107952,0.09382519520056928,0.06097130427461383,0.33472947974528133,0.5538734695480991,0.019155778130624596,2.174693203974915e-07,0.17559922935452243,9.791021137734531e-07,1.9531250000000002e-24,0.2814997500771633,1.9531250000000002e-24
2024930_WZY_DM_assembly_Plate1F9,2024930_WZY_DM_assembly_Plate1,,,F9,Plate1_F9,Ribose,cycle 5,,1.0255,48 h,,"growth curve data NA, so 48 h label rather than 0: 0.05:48 was used",Ho lab/7_Shared data/16s rRNA/Raw reads/2024930_DM_assembly/Plate1,,0.0,0.0,0.0,0.0,0.0,0.0,0.0,0.0,not_assessable,review_required,True,,0.0660504424679253,0.0001499049846513,0.0,6.918691599293851e-05,0.0187496542340863,0.0,0.0002536853586407,0.0,0.0010723971978905,0.0018565155791438,0.0,0.0287010389844039,0.0005996199386054,0.7573776382220323,0.0,0.0001729672899823,1.9531250000000002e-24,1.9531250000000002e-24,1.9531250000000002e-24,1.9531250000000002e-24,0.001204363492059738,0.09083895050988787,0.02261212692835634,0.33341353800294565,0.5516369635616162,0.021995871959322417,3.909112238199361e-10,0.17452610387244713,4.976892824607333e-07,1.9531250000000002e-24,0.27614755290378096,1.9531250000000002e-24
2024930_WZY_DM_assembly_Plate1G10,2024930_WZY_DM_assembly_Plate1,,,G10,Plate1_G10,Acetate,cycle 5,,0.2295,48 h,,"growth curve data NA, so 48 h label rather than 0: 0.05:48 was used",Ho lab/7_Shared data/16s rRNA/Raw reads/2024930_DM_assembly/Plate1,,0.0,0.0,0.0002603905410247,0.0,0.0,0.0,0.0,0.0,not_assessable,review_required,True,,0.1721181476173414,0.0002878000716589,0.0,0.0007400573271228,0.0094425833034754,0.0023572196345395,0.0,0.0,0.0001096381225367,0.0019460766750268,0.0,0.0,0.0,0.0,0.0,1.3704765317090649e-05,1.9531250000000002e-24,1.9531250000000002e-24,1.9531250000000002e-24,1.9531250000000002e-24,9.155032322567117e-16,6.514861311615448e-12,1.4434180854488146e-16,1.7168368882979231e-09,1.603815326842348e-08,2.421878607489005e-16,1.506758978719563e-08,3.4990015858774526e-11,2.765328412910883e-06,1.9531250000000002e-24,0.03369699778392197,1.9531250000000002e-24
2024930_WZY_DM_assembly_Plate1G11,2024930_WZY_DM_assembly_Plate1,,,G11,Plate1_G11,Acetate,cycle 5,,0.3265,48 h,,"growth curve data NA, so 48 h label rather than 0: 0.05:48 was used",Ho lab/7_Shared data/16s rRNA/Raw reads/2024930_DM_assembly/Plate1,,0.0,0.0,0.0,0.0,0.0,0.0,0.0,0.0,not_assessable,review_required,True,,0.2344506024096385,0.0002145673603504,0.0,0.0002503285870755,0.0010370755750273,0.0005006571741511,0.0,0.0,0.0021099123767798,0.0128025191675794,0.0,0.021349452354874,0.0,0.0,0.0,0.0,1.9531250000000002e-24,1.9531250000000002e-24,1.9531250000000002e-24,1.9531250000000002e-24,5.231961730570183e-12,1.710277650375861e-05,0.0017184398952404688,1.7683393493929203e-05,0.0005716218182812564,6.030234515205087e-08,0.00012414469201930248,4.302929598784387e-06,0.08688135219254826,1.9531250000000002e-24,0.0556828433604068,1.9531250000000002e-24
2024930_WZY_DM_assembly_Plate1G12,2024930_WZY_DM_assembly_Plate1,,,G12,Plate1_G12,Acetate,cycle 5,,0.0915,48 h,,"growth curve data NA, so 48 h label rather than 0: 0.05:48 was used",Ho lab/7_Shared data/16s rRNA/Raw reads/2024930_DM_assembly/Plate1,,0.0,0.0,0.0,0.0,0.0,0.0,2.775951863275522e-05,0.0,not_assessable,review_required,True,,0.061704783334176,3.701269151034029e-05,0.0,4.163927794913283e-05,0.0034144207918288,8.327855589826566e-05,0.0,0.0,0.0005320574404611,0.0019292865449764,0.0,0.015073418617586,0.0,0.0,0.0,0.0,1.9531250000000002e-24,1.9531250000000002e-24,1.9531250000000002e-24,1.9531250000000002e-24,2.3571103540632148e-20,2.4671811388333366e-18,1.6473440124984428e-19,7.424944710442675e-18,2.0022384100225583e-17,4.021929384293852e-17,9.562053121431097e-19,1.119210099636283e-18,3.667729379304441e-16,1.9531250000000002e-24,1.4478300013548044e-10,1.9531250000000002e-24
2024930_WZY_DM_assembly_Plate1G1,2024930_WZY_DM_assembly_Plate1,,,G1,Plate1_G1,Arabinose,cycle 5,,0.7565,48 h,,"growth curve data NA, so 48 h label rather than 0: 0.05:48 was used",Ho lab/7_Shared data/16s rRNA/Raw reads/2024930_DM_assembly/Plate1,,0.0,0.0,0.0004377260234341,0.0,0.0,0.0,0.0,0.0,not_assessable,review_required,True,,0.2044910072809682,7.295433723901827e-05,0.0,0.0,0.0590200588263657,0.0216674381599884,0.0004012488548146,0.1051819157143545,0.0014773253290901,0.0772951203047398,0.0,0.0607527243357924,0.0,0.0150468320555475,0.0,0.0,1.9531250000000002e-24,1.9531250000000002e-24,1.9531250000000002e-24,1.9531250000000002e-24,0.005039531634107408,0.03647640670754434,0.05646518833762599,2.292978049898746e-05,0.13275767459857735,0.013828479741072389,0.0437965692709145,0.06492277104187866,0.26038703407486186,1.9531250000000002e-24,0.10725908333300417,1.9531250000000002e-24
2024930_WZY_DM_assembly_Plate1G2,2024930_WZY_DM_assembly_Plate1,,,G2,Plate1_G2,Arabinose,cycle 5,,0.7425,48 h,,"growth curve data NA, so 48 h label rather than 0: 0.05:48 was used",Ho lab/7_Shared data/16s rRNA/Raw reads/2024930_DM_assembly/Plate1,,0.0,0.0,0.0013230329175654,0.0,0.0,0.0,0.0,0.0,not_assessable,review_required,True,,0.0143444621588671,0.0011837662946637,0.0,0.0,0.0049439651130075,0.002181843758792,0.0068472756259964,0.3205685548157179,0.0022978992778767,0.005129653943543,0.0,0.0029942323923848,0.0,0.0300119572352996,0.0,0.0001624777267185,1.9531250000000002e-24,1.9531250000000002e-24,1.9531250000000002e-24,1.9531250000000002e-24,1.9736785381906763e-09,0.001319269692802831,3.078675944185212e-08,2.137359729348492e-17,5.78143914578615e-07,3.5356774222418263e-15,1.135673934710637e-20,5.304769193418711e-13,3.8030993061593704e-10,1.9531250000000002e-24,0.07747349616124871,1.9531250000000002e-24
2024930_WZY_DM_assembly_Plate1G3,2024930_WZY_DM_assembly_Plate1,,,G3,Plate1_G3,Arabinose,cycle 5,,0.6975,48 h,,"growth curve data NA, so 48 h label rather than 0: 0.05:48 was used",Ho lab/7_Shared data/16s rRNA/Raw reads/2024930_DM_assembly/Plate1,,0.0,0.0,0.0005476700993567,0.0,0.0,0.0,0.0,0.0,not_assessable,review_required,True,,0.002485579681696,0.0015166248905263,0.0,0.0,0.0276573400175157,0.0132283393229245,0.0094157128620179,0.005855857216199,0.0040653972759943,0.1043732823966418,0.0,0.0,6.319270377193247e-05,0.1432157309817896,0.0,0.0,1.9531250000000002e-24,1.9531250000000002e-24,1.9531250000000002e-24,1.9531250000000002e-24,5.730654942562123e-18,0.032181983634132494,0.07076185455115198,7.047504062828822e-10,0.00017294234909747254,8.81716707806103e-14,9.536414454129458e-16,5.6827283433254655e-06,1.139360633203256e-14,1.9531250000000002e-24,0.06569683015247572,1.9531250000000002e-24
2024930_WZY_DM_assembly_Plate1G4,2024930_WZY_DM_assembly_Plate1,,,G4,Plate1_G4,Arabinose,cycle 5,,0.6885,48 h,,"growth curve data NA, so 48 h label rather than 0: 0.05:48 was used",Ho lab/7_Shared data/16s rRNA/Raw reads/2024930_DM_assembly/Plate1,,0.0,0.0,0.0011817952342487,0.0,0.0,0.0,0.0,0.0,not_assessable,review_required,True,,0.0038002827140549,0.0001158622778675,0.0,0.0,0.0355928917609046,0.0160121668012924,0.0077859450726979,0.0962120355411954,0.0017611066235864,0.035013580371567,0.0,0.0,0.000139034733441,0.0559846526655896,0.0009732431340872,0.0,1.9531250000000002e-24,1.9531250000000002e-24,1.9531250000000002e-24,1.9531250000000002e-24,6.060592602680498e-16,0.0069495418893028476,0.02682747313224451,2.632608316511226e-14,3.2534552832376512e-09,4.1899972728186003e-17,1.597353210722886e-15,6.1633170226868726e-12,6.071701992968009e-13,1.9531250000000002e-24,0.0535070259552727,1.9531250000000002e-24
2024930_WZY_DM_assembly_Plate1G5,2024930_WZY_DM_assembly_Plate1,,,G5,Plate1_G5,Arabinose,cycle 5,,0.6635,48 h,,"growth curve data NA, so 48 h label rather than 0: 0.05:48 was used",Ho lab/7_Shared data/16s rRNA/Raw reads/2024930_DM_assembly/Plate1,,0.0,0.0,0.0011377058274705,0.0,0.0,0.0,0.0,0.0,not_assessable,review_required,True,,0.0005353909776332,0.0008532793706029,0.0,0.0,0.0253976095014751,0.0094195350127341,0.0049523665431071,0.196003290717906,0.0015894419648485,0.0239587462490859,0.0,0.0,0.0,0.000451736137378,0.0,0.0,1.9531250000000002e-24,1.9531250000000002e-24,1.9531250000000002e-24,1.9531250000000002e-24,2.767447199826268e-14,5.6208688494488706e-08,0.015895620547628542,2.5809715575612135e-19,1.0006329448108345e-12,4.714642967345124e-19,6.821168644262238e-19,1.6031704514653525e-16,2.813581585974745e-13,1.9531250000000002e-24,0.04620867933837076,1.9531250000000002e-24
2024930_WZY_DM_assembly_Plate1G6,2024930_WZY_DM_assembly_Plate1,,,G6,Plate1_G6,Arabinose,cycle 5,,0.8365,48 h,,"growth curve data NA, so 48 h label rather than 0: 0.05:48 was used",Ho lab/7_Shared data/16s rRNA/Raw reads/2024930_DM_assembly/Plate1,,0.0,0.0,8.330290456431536e-05,0.0,0.0,0.0,0.0,0.0,not_assessable,review_required,True,,0.0022769460580912,2.7767634854771787e-05,0.0,0.0,0.0031099751037344,0.0015272199170124,0.0058589709543568,0.3118027717842324,0.0025823900414937,0.0075805643153526,0.0,0.0348206141078838,0.0,0.0768052780082987,0.0,0.0,1.9531250000000002e-24,1.9531250000000002e-24,1.9531250000000002e-24,1.9531250000000002e-24,1.3613505263722897e-07,0.020913700073845503,0.000159446650925584,2.944323648332082e-13,0.014365337094254289,4.2183565206506725e-05,1.6332320342264957e-21,1.9785776895238404e-08,4.018844226710029e-08,1.9531250000000002e-24,0.09650357346371774,1.9531250000000002e-24
2024930_WZY_DM_assembly_Plate1G7,2024930_WZY_DM_assembly_Plate1,,,G7,Plate1_G7,Acetate,cycle 5,,0.2455,48 h,,"growth curve data NA, so 48 h label rather than 0: 0.05:48 was used",Ho lab/7_Shared data/16s rRNA/Raw reads/2024930_DM_assembly/Plate1,,0.0,0.0,0.0,0.0,0.0,0.0,0.0,0.0,not_assessable,review_required,True,,0.0847290417558886,3.9427194860813704e-05,0.0,0.0,0.0005914079229122,0.0025890524625267,0.0,0.0,0.0001839935760171,0.0156657387580299,0.0,0.1200163811563169,0.0,5.25695931477516e-05,0.0,0.0001182815845824,1.9531250000000002e-24,1.9531250000000002e-24,1.9531250000000002e-24,1.9531250000000002e-24,4.130941900819365e-12,8.314244026727604e-05,1.0427626223229835e-05,1.0996192587816251e-07,1.987406138562656e-06,0.016891137698402163,8.580843037821384e-16,1.3058404472644151e-09,0.00050656250265966,1.9531250000000002e-24,0.05186629336620031,1.9531250000000002e-24
2024930_WZY_DM_assembly_Plate1G8,2024930_WZY_DM_assembly_Plate1,,,G8,Plate1_G8,Acetate,cycle 5,,0.1395,48 h,,"growth curve data NA, so 48 h label rather than 0: 0.05:48 was used",Ho lab/7_Shared data/16s rRNA/Raw reads/2024930_DM_assembly/Plate1,,0.0,8.684374351525213e-05,1.4473957252542024e-05,0.0,0.0,0.0,0.0,0.0,not_assessable,review_required,True,,0.0016645050840423,1.4473957252542024e-05,0.0,5.78958290101681e-05,0.0101172961195268,0.0012881821954762,0.0,0.0,0.0001302656152728,0.0051672027391575,0.0,0.0925899045445113,5.78958290101681e-05,0.0004631666320813,0.0,0.0,1.9531250000000002e-24,1.9531250000000002e-24,1.9531250000000002e-24,1.9531250000000002e-24,1.9734649710817983e-17,2.4798172504311796e-13,2.5758277115526794e-17,1.041411865736479e-15,3.918960528942697e-15,0.008911658084702937,1.3955454834638389e-22,5.691027349886557e-17,3.206160003995427e-13,1.9531250000000002e-24,0.0019080940977622093,1.9531250000000002e-24
2024930_WZY_DM_assembly_Plate1G9,2024930_WZY_DM_assembly_Plate1,,,G9,Plate1_G9,Acetate,cycle 5,,0.2075,48 h,,"growth curve data NA, so 48 h label rather than 0: 0.05:48 was used",Ho lab/7_Shared data/16s rRNA/Raw reads/2024930_DM_assembly/Plate1,,0.0,0.0,0.0006042786738351,0.0,0.0,0.0,0.0,0.0,not_assessable,review_required,True,,0.1386897028076463,9.296594982078852e-05,0.0,0.0001394489247311,0.0008211992234169,0.0013480062724014,7.747162485065711e-05,3.098864994026284e-05,0.001425477897252,0.0011465800477897,0.0,0.015215427120669,0.0,0.0,0.0,0.0002479091995221,1.9531250000000002e-24,1.9531250000000002e-24,1.9531250000000002e-24,1.9531250000000002e-24,8.984313120039847e-17,2.972084687996012e-13,2.937620481183628e-16,1.0320783765852654e-11,6.543389337459982e-11,7.945745601457243e-14,3.749764893286202e-12,2.938020260303219e-13,9.474918200700575e-09,1.9531250000000002e-24,0.021716043898950176,1.9531250000000002e-24
2024930_WZY_DM_assembly_Plate1H10,2024930_WZY_DM_assembly_Plate1,,,H10,Plate1_H10,Propionate,cycle 5,,0.2375,48 h,,"growth curve data NA, so 48 h label rather than 0: 0.05:48 was used",Ho lab/7_Shared data/16s rRNA/Raw reads/2024930_DM_assembly/Plate1,,0.0,0.0,0.0,0.0,0.0,0.0,0.0,0.0,not_assessable,review_required,True,,0.1647680213378255,3.3340352354881725e-05,0.0,0.0,0.0096020214782059,0.0036007580543272,0.0,5.0010528532322594e-05,0.0015336562083245,0.0081850565031234,0.0,0.0192540534849441,0.0,0.0,0.0,0.0,1.9531250000000002e-24,1.9531250000000002e-24,1.9531250000000002e-24,1.9531250000000002e-24,9.773608599509926e-15,3.1717978974271894e-09,8.72944646629857e-09,1.7647933682843702e-08,2.444591729818295e-07,4.4795325664693155e-11,1.0746230136418591e-08,3.7658890881753057e-10,4.0658671421986134e-05,1.9531250000000002e-24,0.041268100830628096,1.9531250000000002e-24
2024930_WZY_DM_assembly_Plate1H11,2024930_WZY_DM_assembly_Plate1,,,H11,Plate1_H11,Propionate,cycle 5,,0.1145,48 h,,"growth curve data NA, so 48 h label rather than 0: 0.05:48 was used",Ho lab/7_Shared data/16s rRNA/Raw reads/2024930_DM_assembly/Plate1,,0.0,0.0,0.0,0.0,0.0,0.0,5.982757119219716e-05,0.0,not_assessable,review_required,True,,0.0347099625533397,3.988504746146477e-05,0.0,0.0005883044500566,0.0004187929983453,0.0009672124009405,0.0,0.0,0.0005583906644605,0.0287471479578507,0.0,0.0298240442393102,0.0,0.0,0.0,0.0,1.9531250000000002e-24,1.9531250000000002e-24,1.9531250000000002e-24,1.9531250000000002e-24,1.5836937124836295e-20,8.538978647305567e-15,0.013605782815207083,7.857891397486661e-19,5.820716714187739e-18,8.28961177554064e-14,8.185349397782026e-21,5.423770874048872e-19,2.7443731573366783e-17,1.9531250000000002e-24,2.0205620180103426e-11,1.9531250000000002e-24
2024930_WZY_DM_assembly_Plate1H12,2024930_WZY_DM_assembly_Plate1,,,H12,Plate1_H12,Propionate,cycle 5,,0.1865,48 h,,"growth curve data NA, so 48 h label rather than 0: 0.05:48 was used",Ho lab/7_Shared data/16s rRNA/Raw reads/2024930_DM_assembly/Plate1,,0.0,0.0,0.0,0.0,0.0,0.0,3.985042735042735e-05,0.0,not_assessable,review_required,True,,0.0911113603988604,0.0001062678062678,0.0,0.0001594017094017,0.0077708333333333,0.0002789529914529,0.0,0.0,0.0018464031339031,0.0072262108262108,0.0,0.0063893518518518,0.0,2.6566951566951567e-05,0.0,0.0,1.9531250000000002e-24,1.9531250000000002e-24,1.9531250000000002e-24,1.9531250000000002e-24,2.554194478667068e-19,4.725604855655888e-16,5.914431959456565e-12,9.210846136468723e-16,4.30001263005433e-15,4.902852790423208e-18,7.995297458775007e-16,1.1116896296299544e-16,1.3531471059896583e-13,1.9531250000000002e-24,9.428787703576526e-07,1.9531250000000002e-24
2024930_WZY_DM_assembly_Plate1H1,2024930_WZY_DM_assembly_Plate1,,,H1,Plate1_H1,Mannose,cycle 5,,0.7865,48 h,,"growth curve data NA, so 48 h label rather than 0: 0.05:48 was used",Ho lab/7_Shared data/16s rRNA/Raw reads/2024930_DM_assembly/Plate1,,0.0,0.0,0.0002261107056768,0.0,0.0,0.0,0.0,0.0,not_assessable,review_required,True,,0.1453196112253698,0.0003130763617063,0.0,0.0006435458546186,0.1111768946681704,0.0478658970786616,0.0001217519184413,0.0,0.0511705920077843,5.217939361772705e-05,0.0,0.09174876711117,5.217939361772705e-05,0.0195498794754417,0.0,0.0011653397907959,1.9531250000000002e-24,1.9531250000000002e-24,1.9531250000000002e-24,1.9531250000000002e-24,0.0045573303233253796,0.03744893411494733,0.06710418111887359,0.0011687586467327656,0.051755359596098394,0.01794029124180278,0.0632167082692809,0.06953689128250845,0.31129984796311433,1.9531250000000002e-24,0.1141914587461758,1.9531250000000002e-24
2024930_WZY_DM_assembly_Plate1H2,2024930_WZY_DM_assembly_Plate1,,,H2,Plate1_H2,Mannose,cycle 5,,0.9825,48 h,,"growth curve data NA, so 48 h label rather than 0: 0.05:48 was used",Ho lab/7_Shared data/16s rRNA/Raw reads/2024930_DM_assembly/Plate1,,0.0,0.0,0.0008881281596303,0.0,0.0,0.0,0.0,0.0,not_assessable,review_required,True,,0.1807834209380963,0.0002631490843349,0.0,0.0001973618132511,0.0754579999330409,0.0011183836084234,0.0004276172620442,0.0001973618132511,0.0196703940540359,0.0018749372258863,0.0001644681777093,0.0453274297766915,0.0010854899728815,0.0172691586594797,0.0,0.0006249790752954,1.9531250000000002e-24,1.9531250000000002e-24,1.9531250000000002e-24,1.9531250000000002e-24,1.0075424519723464e-08,0.014137505341062137,0.029024963355084928,0.0002834144003694093,0.014387042012398482,0.006856356798401352,0.0057231147319926874,0.00923323378355675,0.19710506407353567,1.9531250000000002e-24,0.07658384808586614,1.9531250000000002e-24
2024930_WZY_DM_assembly_Plate1H3,2024930_WZY_DM_assembly_Plate1,,,H3,Plate1_H3,Mannose,cycle 5,,0.0535,48 h,,"growth curve data NA, so 48 h label rather than 0: 0.05:48 was used",Ho lab/7_Shared data/16s rRNA/Raw reads/2024930_DM_assembly/Plate1,,0.0,0.0,0.0,0.0,0.0,0.0,0.0,0.0,not_assessable,review_required,True,,0.0,0.0,0.0,0.0,0.0,0.0,0.0,0.0,0.0,0.0,0.0,0.0,0.0,0.0535,0.0,0.0,1.9531250000000002e-24,1.9531250000000002e-24,1.9531250000000002e-24,1.9531250000000002e-24,2.5601456605872098e-23,7.052572076990763e-17,2.198670768987333e-22,7.132522907134362e-21,9.683095884586636e-20,9.647698982622558e-22,6.019610098964788e-24,5.111590647500003e-20,6.39141989530556e-23,1.9531250000000002e-24,6.027430110177501e-11,1.9531250000000002e-24
2024930_WZY_DM_assembly_Plate1H4,2024930_WZY_DM_assembly_Plate1,,,H4,Plate1_H4,Mannose,cycle 5,,0.9825,48 h,,"growth curve data NA, so 48 h label rather than 0: 0.05:48 was used",Ho lab/7_Shared data/16s rRNA/Raw reads/2024930_DM_assembly/Plate1,,0.0,0.0,0.0001044149574141,0.0,0.0,0.0,0.0,0.0,not_assessable,review_required,True,,0.0568763189457543,0.0,0.0,1.4916422487740448e-05,0.0175118800006072,0.0066676408520199,0.0,0.0,0.0036097742420331,0.0009844838841908,4.4749267463221345e-05,0.0193018506991361,5.9665689950961786e-05,0.7736253359041706,0.0,0.0,1.9531250000000002e-24,1.9531250000000002e-24,1.9531250000000002e-24,1.9531250000000002e-24,0.0006262070012581205,0.09283817833569245,0.02607425471309554,0.3365210843489566,0.5557237105837013,0.02099061846379699,1.960856905871506e-09,0.1760264247258949,1.4552574328238268e-07,1.9531250000000002e-24,0.2794798679797654,1.9531250000000002e-24
2024930_WZY_DM_assembly_Plate1H5,2024930_WZY_DM_assembly_Plate1,,,H5,Plate1_H5,Mannose,cycle 5,,0.9205,48 h,,"growth curve data NA, so 48 h label rather than 0: 0.05:48 was used",Ho lab/7_Shared data/16s rRNA/Raw reads/2024930_DM_assembly/Plate1,,0.0,0.0,0.0,0.0,0.0,0.0,0.0,0.0,not_assessable,review_required,True,,0.0073296189411338,0.0,0.0,0.0038803864982473,0.0377468421370724,0.0035744062008944,0.0001251737580079,4.172458600265925e-05,0.0029624456061888,0.0002086229300132,0.000194714734679,0.0033657832708811,0.0008066753293847,0.7683582512389702,0.0,9.735736733953826e-05,1.9531250000000002e-24,1.9531250000000002e-24,1.9531250000000002e-24,1.9531250000000002e-24,7.0858768962248096e-06,0.08893124241141401,0.02340165695008023,0.32152415822955294,0.5305570167884707,0.01812192889785053,1.496681146281998e-12,0.16674308593522882,6.647644648036163e-10,1.9531250000000002e-24,0.2667124792592005,1.9531250000000002e-24
2024930_WZY_DM_assembly_Plate1H6,2024930_WZY_DM_assembly_Plate1,,,H6,Plate1_H6,Mannose,cycle 5,,0.9705,48 h,,"growth curve data NA, so 48 h label rather than 0: 0.05:48 was used",Ho lab/7_Shared data/16s rRNA/Raw reads/2024930_DM_assembly/Plate1,,0.0,0.0,0.0003347834419317,0.0,0.0,0.0,0.0,0.0,not_assessable,review_required,True,,0.1647506515906477,0.0001487926408585,0.0,0.0155488309697202,0.0456049444231506,0.0164415868148716,0.0007811613645074,0.0,0.0878620544269835,0.0370865657339977,7.439632042928326e-05,0.0695977577615944,0.0021946914526638,0.1956251245688003,0.0,0.0,1.9531250000000002e-24,1.9531250000000002e-24,1.9531250000000002e-24,1.9531250000000002e-24,0.002072342758485273,0.05537990189459887,0.12981353141376112,0.11729176833773018,0.29314622315815037,0.018544603946612934,0.025186917845537265,0.09756532018740212,0.08744365946640337,1.9531250000000002e-24,0.1561960959889644,1.9531250000000002e-24
2024930_WZY_DM_assembly_Plate1H7,2024930_WZY_DM_assembly_Plate1,,,H7,Plate1_H7,Propionate,cycle 5,,0.2025,48 h,,"growth curve data NA, so 48 h label rather than 0: 0.05:48 was used",Ho lab/7_Shared data/16s rRNA/Raw reads/2024930_DM_assembly/Plate1,,0.0,0.0,0.0,0.0,0.0,0.0,8.869422392554065e-05,0.0,not_assessable,review_required,True,,0.1736522036682179,0.0004212975636463,0.0,0.00032151656173,0.008148781823159,0.0015964960306597,0.0,2.2173555981385164e-05,0.0001663016698603,0.0086033397207774,0.0,1.1086777990692582e-05,0.0,0.0,0.0,0.0,1.9531250000000002e-24,1.9531250000000002e-24,1.9531250000000002e-24,1.9531250000000002e-24,8.502669622802231e-16,3.596256116513997e-11,6.457440822208103e-11,1.5261625241539185e-09,1.9015996131614175e-08,3.011348268807025e-16,1.1687184033065054e-08,4.403139357870062e-11,2.473316570128572e-06,1.9531250000000002e-24,0.033528357742349635,1.9531250000000002e-24
2024930_WZY_DM_assembly_Plate1H8,2024930_WZY_DM_assembly_Plate1,,,H8,Plate1_H8,Propionate,cycle 5,,0.2515,48 h,,"growth curve data NA, so 48 h label rather than 0: 0.05:48 was used",Ho lab/7_Shared data/16s rRNA/Raw reads/2024930_DM_assembly/Plate1,,0.0,0.0,0.0,0.0,0.0,0.0,0.0,0.0,not_assessable,review_required,True,,0.2087241914253479,0.0001655227529146,0.0,0.0001655227529146,0.0152044471605866,0.0053676664159458,0.0,0.0,0.0021517957878901,0.0008985520872508,0.0,0.0001655227529146,0.0,4.729221511846559e-05,0.0,0.0,1.9531250000000002e-24,1.9531250000000002e-24,1.9531250000000002e-24,1.9531250000000002e-24,1.2643484913958602e-13,1.783661560261222e-08,1.5210466164987271e-12,2.628279389207906e-06,3.983783735427929e-05,2.2218440859171332e-14,0.00012713264313714065,5.5042723655275964e-08,0.009939959803925936,1.9531250000000002e-24,0.04884029159707009,1.9531250000000002e-24
2024930_WZY_DM_assembly_Plate1H9,2024930_WZY_DM_assembly_Plate1,,,H9,Plate1_H9,Propionate,cycle 5,,0.1155,48 h,,"growth curve data NA, so 48 h label rather than 0: 0.05:48 was used",Ho lab/7_Shared data/16s rRNA/Raw reads/2024930_DM_assembly/Plate1,,0.0,0.0,0.0,0.0,0.0,0.0,0.000464247937381,0.0,not_assessable,review_required,True,,0.0572613179606515,0.000378728580495,0.0,0.0002199069177067,0.0083808969748254,0.0018814258514914,0.0,0.0,0.0011606198434525,0.0148070657922572,0.0,0.0,0.0,0.0,0.0,0.0,1.9531250000000002e-24,1.9531250000000002e-24,1.9531250000000002e-24,1.9531250000000002e-24,4.089903127149569e-21,2.009497946949645e-17,1.1300558326559148e-07,8.839868002501648e-19,3.852603553203984e-18,3.147567674781786e-21,3.1054002889800393e-18,4.268705935488806e-19,2.2807819670304434e-17,1.9531250000000002e-24,1.2062053822848659e-12,1.9531250000000002e-24
2024930_WZY_DM_assembly_Plate2A10,2024930_WZY_DM_assembly_Plate2,,,A10,Plate2_A10,N_acetylglutamic_acid,cycle 5,,0.5255,48 h,,"growth curve data NA, so 48 h label rather than 0: 0.05:48 was used",Ho lab/7_Shared data/16s rRNA/Raw reads/2024930_DM_assembly/Plate2,,0.0,7.543784094171691e-05,0.0001885946023542,0.0,0.0,0.0,0.0,0.0,not_assessable,review_required,True,,0.1251639510957986,0.0002137405493348,0.0002388864963154,0.0084867571059431,0.0446717748109866,0.0029420757967269,0.0001885946023542,3.771892047085846e-05,0.0401706503014642,0.0812591276677194,0.0001383027083931,0.0,0.0066133840558905,0.0079964111398219,0.0624625322997415,0.0004526270456503,1.9531250000000002e-24,1.9531250000000002e-24,1.9531250000000002e-24,1.9531250000000002e-24,3.033053872415473e-13,0.02466405248711653,0.09613508370224323,1.7744262330345656e-06,0.0009511405743234101,1.307648027100333e-13,6.080730946937751e-07,4.573209028510751e-05,0.02526789869953728,1.9531250000000002e-24,0.0684833288624726,1.9531250000000002e-24
2024930_WZY_DM_assembly_Plate2A11,2024930_WZY_DM_assembly_Plate2,,,A11,Plate2_A11,N_acetylglutamic_acid,cycle 5,,0.5895,48 h,,"growth curve data NA, so 48 h label rather than 0: 0.05:48 was used",Ho lab/7_Shared data/16s rRNA/Raw reads/2024930_DM_assembly/Plate2,,0.0,0.0,3.0726329780302835e-05,0.0,0.0,0.0,0.0,0.0,not_assessable,review_required,True,,0.0120908107685491,0.0003533527924734,0.0,0.0057535052513617,0.0426788720648406,0.0019818482708295,4.6089494670454255e-05,0.0,0.0305266086367308,0.0085496012613692,0.0,0.004770262698392,0.003656433243856,0.3742313335591983,0.0480559797763936,0.0,1.9531250000000002e-24,1.9531250000000002e-24,1.9531250000000002e-24,1.9531250000000002e-24,4.475140908081357e-12,0.05142574516449275,0.049753625673523094,0.12333912648558505,0.29990599876093327,0.003686450483949519,1.1924999582081905e-14,0.09397883964540203,4.6091238728631986e-10,1.9531250000000002e-24,0.15726647960531154,1.9531250000000002e-24
2024930_WZY_DM_assembly_Plate2A12,2024930_WZY_DM_assembly_Plate2,,,A12,Plate2_A12,N_acetylglutamic_acid,cycle 5,,0.5715,48 h,,"growth curve data NA, so 48 h label rather than 0: 0.05:48 was used",Ho lab/7_Shared data/16s rRNA/Raw reads/2024930_DM_assembly/Plate2,,0.0,0.0,0.0,0.0,0.0,0.0,0.0,0.0,not_assessable,review_required,True,,0.1478789919551438,0.0008707642613359,0.0003366955143832,0.0321950572891272,0.0075814541686981,0.002310427840078,0.0001509324719648,0.0,0.0005921196977084,0.1077773951730863,0.0,0.0734808934666016,0.0060489090687469,0.0088353547050219,0.0514795831301804,0.0,1.9531250000000002e-24,1.9531250000000002e-24,1.9531250000000002e-24,1.9531250000000002e-24,4.888568524532231e-08,0.029468073376760072,0.06920202532478731,3.0989706302907915e-05,0.03231920602597036,0.012206537835900677,4.403454665251747e-08,0.020974860809400794,0.19253502118613472,1.9531250000000002e-24,0.07929256281331346,1.9531250000000002e-24
2024930_WZY_DM_assembly_Plate2A1,2024930_WZY_DM_assembly_Plate2,,,A1,Plate2_A1,Sugar_mix,cycle 5,,0.9295,48 h,,"growth curve data NA, so 48 h label rather than 0: 0.05:48 was used",Ho lab/7_Shared data/16s rRNA/Raw reads/2024930_DM_assembly/Plate2,,0.0,0.0040834046676895,0.0011109262698861,0.0,0.0,0.0,0.0001050876201243,0.000915763546798,not_assessable,review_required,True,,0.0036630541871921,0.0002552127917305,0.0008407009609949,0.0032727287410159,0.0779900266494387,0.0426805862876524,0.0027773156747153,0.0216630622627796,0.0174445449406444,0.0893695146571913,0.0,0.2135380440927077,0.0081517968182185,0.001711426956311,0.0,0.0002101752402487,1.9531250000000002e-24,1.9531250000000002e-24,1.9531250000000002e-24,1.9531250000000002e-24,0.020711362789604223,0.04272911888962277,0.0802229031265443,6.028216216717976e-05,0.061185186904804956,0.03048679141178191,0.000645104444657583,0.0565694606652784,0.2753195034384856,1.9531250000000002e-24,0.10577388031047379,1.9531250000000002e-24
2024930_WZY_DM_assembly_Plate2A2,2024930_WZY_DM_assembly_Plate2,,,A2,Plate2_A2,Sugar_mix,cycle 5,,0.8055,48 h,,"growth curve data NA, so 48 h label rather than 0: 0.05:48 was used",Ho lab/7_Shared data/16s rRNA/Raw reads/2024930_DM_assembly/Plate2,,0.0,0.0077335783905364,0.0028770253665444,0.0,0.0,0.0,0.0,0.0012497865294901,not_assessable,review_required,True,,0.0331738639203598,9.226611962679109e-05,0.000427779281906,0.0015685240336554,0.0294832191352882,0.0014678700849716,0.0013252769910029,0.0096208399283572,0.0064921796901032,0.0320750583138953,0.0,0.0046468572975674,0.0005116575724758,0.3115071955181606,0.0,0.0003187375041652,1.9531250000000002e-24,1.9531250000000002e-24,1.9531250000000002e-24,1.9531250000000002e-24,9.051709863257096e-14,0.04306423142417816,0.035357810179358524,0.028959436790261014,0.252038010406313,9.289895976019867e-05,2.5950159120995277e-15,0.06972529827824682,2.4885238929569483e-12,1.9531250000000002e-24,0.12254577920605543,1.9531250000000002e-24
2024930_WZY_DM_assembly_Plate2A3,2024930_WZY_DM_assembly_Plate2,,,A3,Plate2_A3,Sugar_mix,cycle 5,,0.9615,48 h,,"growth curve data NA, so 48 h label rather than 0: 0.05:48 was used",Ho lab/7_Shared data/16s rRNA/Raw reads/2024930_DM_assembly/Plate2,,0.0,0.0009412116597781,0.0013112606884088,0.0,0.0,0.0,0.0,0.0009251225715767,not_assessable,review_required,True,,0.0016973988052408,0.000530939910644,0.0027190559060256,8.04454410066766e-06,0.2359947457371864,0.0011503698063954,0.0001367572497113,0.1405301408945633,0.0009814343802814,0.0235866033031575,1.608908820133532e-05,0.0,0.0004263608373353,0.1734001480898914,0.0011664588945968,0.000193069058416,1.9531250000000002e-24,1.9531250000000002e-24,1.9531250000000002e-24,1.9531250000000002e-24,0.0002903133627603798,0.03931879142092386,0.025660139728383775,0.024295179281827357,0.30411837457662794,0.0009010285613041391,0.005697335274173433,0.08240011261315654,0.06699519090657312,1.9531250000000002e-24,0.13586358213296998,1.9531250000000002e-24
2024930_WZY_DM_assembly_Plate2A4,2024930_WZY_DM_assembly_Plate2,,,A4,Plate2_A4,Sugar_mix,cycle 5,,0.9055,48 h,,"growth curve data NA, so 48 h label rather than 0: 0.05:48 was used",Ho lab/7_Shared data/16s rRNA/Raw reads/2024930_DM_assembly/Plate2,,0.0,0.016248078986907,0.0007191135436789,0.0,0.0,0.0,0.0,3.887100236102168e-05,not_assessable,review_required,True,,0.0669553015668598,0.001030081562567,0.001068952564928,0.0006413715389568,0.2694537883666022,0.0388321313586606,1.943550118051084e-05,0.0317770444301352,0.0017686306074264,0.1917312191457394,0.0,0.0002526615153466,0.0066469414037347,0.0064720218931101,0.0007579845460399,0.0060444408671388,1.9531250000000002e-24,1.9531250000000002e-24,1.9531250000000002e-24,1.9531250000000002e-24,0.006166765678226365,0.04879332979551682,0.1251504384016435,7.952618552982273e-05,0.14912269101101105,2.111936964984076e-05,0.07884571935903699,0.0833443565654136,0.2829287487397412,1.9531250000000002e-24,0.1013772344831463,1.9531250000000002e-24
2024930_WZY_DM_assembly_Plate2A5,2024930_WZY_DM_assembly_Plate2,,,A5,Plate2_A5,Sugar_mix,cycle 5,,0.9605,48 h,,"growth curve data NA, so 48 h label rather than 0: 0.05:48 was used",Ho lab/7_Shared data/16s rRNA/Raw reads/2024930_DM_assembly/Plate2,,0.0,0.0002581265189755,0.0028730603851187,0.0,0.0,0.0,0.0,0.0,not_assessable,review_required,True,,0.0106954161992895,5.611446064684988e-05,0.0048033978313703,0.0005835903907272,0.0024465904842026,0.0217948565152364,0.001032506075902,0.1386476093662366,0.0070479762572443,0.0502561109553187,0.0,3.3668676388109927e-05,0.0080468136567582,0.1541800920732847,0.0,0.0009090542624789,1.9531250000000002e-24,1.9531250000000002e-24,1.9531250000000002e-24,1.9531250000000002e-24,1.2072910300633006e-10,0.033696372670805864,0.04544214498947069,7.420622376924898e-09,0.07812709792324848,4.004035679328108e-12,1.0631545844167197e-13,0.000735150825681307,4.985731084373093e-11,1.9531250000000002e-24,0.09361717865507284,1.9531250000000002e-24
2024930_WZY_DM_assembly_Plate2A6,2024930_WZY_DM_assembly_Plate2,,,A6,Plate2_A6,Sugar_mix,cycle 5,,0.9195,48 h,,"growth curve data NA, so 48 h label rather than 0: 0.05:48 was used",Ho lab/7_Shared data/16s rRNA/Raw reads/2024930_DM_assembly/Plate2,,0.0,0.0104928374878601,0.0019348494658465,0.0,0.0,0.0,0.0,0.0009674247329232,not_assessable,review_required,True,,0.009302160893493,0.0004465037228876,0.0011906765943671,0.0,0.0019348494658465,0.02135776141146,0.0015627630301068,0.1660993849142117,0.0087812398834574,0.0475526464875364,0.0,0.0,0.0031255260602136,0.1954942133376497,0.0,0.0005953382971835,1.9531250000000002e-24,1.9531250000000002e-24,1.9531250000000002e-24,1.9531250000000002e-24,2.366381572823486e-10,0.038825558724951234,0.046673279502942984,9.865504635098596e-08,0.16488232620232932,5.590129059053466e-10,8.216722782404666e-15,0.02029358606769467,4.786125462549451e-11,1.9531250000000002e-24,0.11021875452239864,1.9531250000000002e-24
2024930_WZY_DM_assembly_Plate2A7,2024930_WZY_DM_assembly_Plate2,,,A7,Plate2_A7,N_acetylglutamic_acid,cycle 5,,0.5765,48 h,,"growth curve data NA, so 48 h label rather than 0: 0.05:48 was used",Ho lab/7_Shared data/16s rRNA/Raw reads/2024930_DM_assembly/Plate2,,0.0,0.0,0.0002073834255137,0.0,0.0,0.0,0.0,0.0,not_assessable,review_required,True,,0.2189580129502226,0.0011794932326093,0.0001425761050406,0.0041347070461801,0.0248600881334592,0.0023201020729349,0.0003240366023652,0.0001036917127568,0.0297595215612212,0.0702770583209676,0.0,0.0,0.0057678515221008,0.0083731058051171,0.0625520257205809,0.0009461868789064,1.9531250000000002e-24,1.9531250000000002e-24,1.9531250000000002e-24,1.9531250000000002e-24,2.0540146236905944e-10,0.026324219801120166,0.07972852430516725,2.372456242507502e-05,0.012171799020048375,6.822210665548582e-11,0.010003673188546057,0.021357010677108296,0.1939099990069928,1.9531250000000002e-24,0.08049971887651838,1.9531250000000002e-24
2024930_WZY_DM_assembly_Plate2A8,2024930_WZY_DM_assembly_Plate2,,,A8,Plate2_A8,N_acetylglutamic_acid,cycle 5,,0.5745,48 h,,"growth curve data NA, so 48 h label rather than 0: 0.05:48 was used",Ho lab/7_Shared data/16s rRNA/Raw reads/2024930_DM_assembly/Plate2,,0.0,0.0,0.0,0.0,0.0,0.0,0.0,0.0,not_assessable,review_required,True,,0.0572424481617535,0.0006540499104405,0.0001046479856704,0.0032964115486201,0.0013429824827711,0.0010290385257597,0.0004273126081544,0.0,0.0024505069977837,0.0397051898964753,0.0,0.0,0.0034533835271258,0.0111275691429612,0.3068889386441604,3.48826618901606e-05,1.9531250000000002e-24,1.9531250000000002e-24,1.9531250000000002e-24,1.9531250000000002e-24,2.116445231358059e-19,0.012487135439723497,0.02842222370683056,3.715398481557408e-09,3.8398058740772777e-07,6.154929743004163e-18,3.0790828656532095e-17,0.007797978395641511,0.13678699438567957,1.9531250000000002e-24,0.09573095695873984,1.9531250000000002e-24
2024930_WZY_DM_assembly_Plate2A9,2024930_WZY_DM_assembly_Plate2,,,A9,Plate2_A9,N_acetylglutamic_acid,cycle 5,,0.5625,48 h,,"growth curve data NA, so 48 h label rather than 0: 0.05:48 was used",Ho lab/7_Shared data/16s rRNA/Raw reads/2024930_DM_assembly/Plate2,,0.0,0.0,5.016051364365972e-05,0.0,0.0,0.0,0.0,0.0,not_assessable,review_required,True,,0.0290429373996789,0.0016385767790262,0.0006855270197966,0.00018392188336,0.0388576779026217,0.0028591492776886,0.0005183253076511,0.0,0.0561296147672552,0.0866940877474585,0.0,0.0,0.0010199304440877,0.0141619850187265,0.0858413590155163,0.0004681647940074,1.9531250000000002e-24,1.9531250000000002e-24,1.9531250000000002e-24,1.9531250000000002e-24,3.195178990018601e-19,0.021913871863980736,0.11434677574131201,8.766226039290761e-14,3.208204711187281e-11,2.513453737444087e-17,3.7871973385908967e-16,1.0369965426869384e-10,2.5503440424954915e-10,1.9531250000000002e-24,0.05525725231234818,1.9531250000000002e-24
2024930_WZY_DM_assembly_Plate2B10,2024930_WZY_DM_assembly_Plate2,,,B10,Plate2_B10,N_acetylgalactosamine,cycle 5,,0.5345,48 h,,"growth curve data NA, so 48 h label rather than 0: 0.05:48 was used",Ho lab/7_Shared data/16s rRNA/Raw reads/2024930_DM_assembly/Plate2,,0.0,0.0,0.0002761106414952,0.0,0.0,0.0,0.0,0.0005898727341035,not_assessable,review_required,True,,0.2918614985441908,0.0005145698318775,0.0,0.0001882572555649,0.0019327744904667,0.0019453249741711,0.0,0.0,0.0018449211045364,0.0319535315112238,0.0,0.0,0.0,0.000916185310416,0.0473278740490278,0.0001129543533389,1.9531250000000002e-24,1.9531250000000002e-24,1.9531250000000002e-24,1.9531250000000002e-24,1.8398200875195613e-10,0.013220274705246273,0.0267477773775405,2.4404146424719072e-05,0.0033935966272100717,1.1448173196302582e-10,0.026739565464949096,0.022488861797219865,0.23315583133940615,1.9531250000000002e-24,0.07523401512810765,1.9531250000000002e-24
2024930_WZY_DM_assembly_Plate2B11,2024930_WZY_DM_assembly_Plate2,,,B11,Plate2_B11,N_acetylgalactosamine,cycle 5,,0.4865,48 h,,"growth curve data NA, so 48 h label rather than 0: 0.05:48 was used",Ho lab/7_Shared data/16s rRNA/Raw reads/2024930_DM_assembly/Plate2,,0.0,0.0,0.0005028494007877,0.0,0.0,0.0,0.0,0.0003261725842947,not_assessable,review_required,True,,0.1029482219180378,0.0010736514233036,0.0,0.0131963991395927,0.0121499287649803,0.0008562030337737,0.0,4.0771573036846666e-05,0.0560473224013185,0.0064419085398217,0.0,0.0633862055479509,0.0,0.0059118780903427,0.0262976646087661,5.4362097382462214e-05,1.9531250000000002e-24,1.9531250000000002e-24,1.9531250000000002e-24,1.9531250000000002e-24,3.453894310133414e-13,0.00984416092960926,0.06885978848311826,1.258374074964202e-07,1.9485848500124045e-06,0.006299975549566379,1.983888950863197e-13,5.4940968417346075e-09,0.0003902731519005909,1.9531250000000002e-24,0.06423971286149054,1.9531250000000002e-24
2024930_WZY_DM_assembly_Plate2B12,2024930_WZY_DM_assembly_Plate2,,,B12,Plate2_B12,N_acetylgalactosamine,cycle 5,,0.5855,48 h,,"growth curve data NA, so 48 h label rather than 0: 0.05:48 was used",Ho lab/7_Shared data/16s rRNA/Raw reads/2024930_DM_assembly/Plate2,,0.0,0.0,4.350141165981475e-05,0.0,0.0,0.0,0.0,5.0751646936450546e-05,not_assessable,review_required,True,,0.1865123024914557,8.70028233196295e-05,0.0,0.003820873990787,0.004835906929516,0.0013412935261776,0.0,0.0,0.0166247894893258,0.0415873495467829,0.0,0.0012107892911981,0.0,0.0005292671751944,0.2798445812075882,0.0001595051760859,1.9531250000000002e-24,1.9531250000000002e-24,1.9531250000000002e-24,1.9531250000000002e-24,3.4003388223304386e-14,0.025364375832475215,0.04744281140194065,5.764307122217503e-07,0.00015498174586926503,2.2287279771407442e-12,6.194881124548416e-07,0.06159458248353582,0.3033918705735689,1.9531250000000002e-24,0.11574407171333682,1.9531250000000002e-24
2024930_WZY_DM_assembly_Plate2B1,2024930_WZY_DM_assembly_Plate2,,,B1,Plate2_B1,Water,cycle 5,,0.2605,48 h,,"growth curve data NA, so 48 h label rather than 0: 0.05:48 was used",Ho lab/7_Shared data/16s rRNA/Raw reads/2024930_DM_assembly/Plate2,,0.0,0.0,0.0064069955817378,0.0,0.0,0.0,0.0,0.0,not_assessable,review_required,True,,0.0289273932253313,0.0031075846833578,0.0,0.0,0.0031075846833578,0.0130058173784977,0.0,0.0,0.010281885125184,0.0108573637702503,0.0,0.0,0.0,0.0,0.0,0.0008440353460972,1.9531250000000002e-24,1.9531250000000002e-24,1.9531250000000002e-24,1.9531250000000002e-24,1.9729011869371278e-21,6.710891721633621e-16,0.015563093102223431,2.307261896114027e-20,7.962166019465971e-20,2.5197133057695255e-22,2.599808205839352e-18,3.56176040148646e-20,2.6936738670568686e-19,1.9531250000000002e-24,4.0173577971671865e-13,1.9531250000000002e-24
2024930_WZY_DM_assembly_Plate2B2,2024930_WZY_DM_assembly_Plate2,,,B2,Plate2_B2,Water,cycle 5,,0.2725,48 h,,"growth curve data NA, so 48 h label rather than 0: 0.05:48 was used",Ho lab/7_Shared data/16s rRNA/Raw reads/2024930_DM_assembly/Plate2,,0.0,0.0,0.0016386975740131,0.0,0.0,0.0,0.0,0.0,not_assessable,review_required,True,,0.1706066252055921,0.0001120476973684,0.0,0.0,0.0139219263980263,0.0031093236019736,0.0,0.0,0.0012745425575657,0.0109386564555921,0.0,0.0019748406661184,0.0,0.0,0.0,7.002981085526316e-05,1.9531250000000002e-24,1.9531250000000002e-24,1.9531250000000002e-24,1.9531250000000002e-24,1.8913837443991275e-15,5.154359310688088e-10,4.870630827451533e-07,4.7566003117007005e-09,7.01415654564623e-08,1.7425785578569496e-15,4.6799950103016636e-08,1.4554310337906902e-10,8.821217455005177e-06,1.9531250000000002e-24,0.03690362547764579,1.9531250000000002e-24
2024930_WZY_DM_assembly_Plate2B3,2024930_WZY_DM_assembly_Plate2,,,B3,Plate2_B3,Water,cycle 5,,0.1635,48 h,,"growth curve data NA, so 48 h label rather than 0: 0.05:48 was used",Ho lab/7_Shared data/16s rRNA/Raw reads/2024930_DM_assembly/Plate2,,0.0,0.0,0.0045399963221772,0.0,0.0,0.0,0.0,0.0,not_assessable,review_required,True,,0.035538249356381,0.0028863552776756,0.0,0.0,0.029825671202648,0.0029765538801029,0.0,0.0,0.0003607944097094,0.0233313718278778,0.0,0.0,0.0,0.000270595807282,0.0,0.0002104634056638,1.9531250000000002e-24,1.9531250000000002e-24,1.9531250000000002e-24,1.9531250000000002e-24,9.219368705233562e-21,6.68896432478657e-16,0.003979645802943974,1.2512276202389062e-18,9.048968152140818e-18,4.41295320535278e-21,6.345435756175819e-18,1.2585079761268484e-18,3.634892672374431e-17,1.9531250000000002e-24,7.034859796316007e-12,1.9531250000000002e-24
2024930_WZY_DM_assembly_Plate2B4,2024930_WZY_DM_assembly_Plate2,,,B4,Plate2_B4,Water,cycle 5,,0.1775,48 h,,"growth curve data NA, so 48 h label rather than 0: 0.05:48 was used",Ho lab/7_Shared data/16s rRNA/Raw reads/2024930_DM_assembly/Plate2,,0.0,0.0,0.0003573825503355,0.0,0.0,0.0,0.0,0.0,not_assessable,review_required,True,,0.0148379940343027,1.3236390753169276e-05,0.0,0.0,0.0016677852348993,0.0022898956002982,0.0,0.0001058911260253,0.0022104772557792,0.0201987322893363,0.0,0.0733163683818046,0.0,0.0,2.6472781506338552e-05,0.0,1.9531250000000002e-24,1.9531250000000002e-24,1.9531250000000002e-24,1.9531250000000002e-24,2.1916051547656124e-18,2.2433639518538956e-12,0.004061768354525178,9.497861465595841e-17,6.129435977533236e-16,0.0013515130222571065,6.506639206585028e-22,1.8406619654441297e-17,1.6095825978420495e-14,1.9531250000000002e-24,2.6317524199144638e-05,1.9531250000000002e-24
2024930_WZY_DM_assembly_Plate2B5,2024930_WZY_DM_assembly_Plate2,,,B5,Plate2_B5,Water,cycle 5,,0.1775,48 h,,"growth curve data NA, so 48 h label rather than 0: 0.05:48 was used",Ho lab/7_Shared data/16s rRNA/Raw reads/2024930_DM_assembly/Plate2,,0.0,0.0,0.001135720438046,0.0,0.0,0.0,0.0,0.0,not_assessable,review_required,True,,0.1282490463885812,8.736311061892457e-05,0.0,0.0,0.0086707887289282,0.0009609942168081,0.0,0.0,0.0015725359911406,0.0120342684877568,0.0,0.0019875107665805,0.0,0.0,0.0,0.0,1.9531250000000002e-24,1.9531250000000002e-24,1.9531250000000002e-24,1.9531250000000002e-24,8.386578535872752e-18,2.702936418579919e-13,2.551944794696059e-07,5.562165419870456e-13,4.8177586850585586e-12,1.4370239022640895e-17,1.8754378573892544e-12,4.2906949972458414e-14,3.126871311223572e-10,1.9531250000000002e-24,0.007082247878953918,1.9531250000000002e-24
2024930_WZY_DM_assembly_Plate2B6,2024930_WZY_DM_assembly_Plate2,,,B6,Plate2_B6,Water,cycle 5,,0.1835,48 h,,"growth curve data NA, so 48 h label rather than 0: 0.05:48 was used",Ho lab/7_Shared data/16s rRNA/Raw reads/2024930_DM_assembly/Plate2,,0.0,0.0,0.0005381231671554,0.0,0.0,0.0,0.0,0.0,not_assessable,review_required,True,,0.0341952812583311,0.0003913623033857,0.0,0.0,0.0374729405491868,0.0007827246067715,0.0,0.0001956811516928,0.0022503332444681,0.0215738469741402,0.0,0.0,0.0,0.0,0.0,0.0,1.9531250000000002e-24,1.9531250000000002e-24,1.9531250000000002e-24,1.9531250000000002e-24,6.888052162963291e-21,3.2901389430347604e-16,0.007570611075999326,2.233835624764712e-18,1.4006917401257093e-17,7.414799319616619e-21,6.246577171446842e-18,1.3257038572324063e-18,7.535830282884352e-17,1.9531250000000002e-24,1.0453304100338605e-11,1.9531250000000002e-24
2024930_WZY_DM_assembly_Plate2B7,2024930_WZY_DM_assembly_Plate2,,,B7,Plate2_B7,N_acetylgalactosamine,cycle 5,,0.5515,48 h,,"growth curve data NA, so 48 h label rather than 0: 0.05:48 was used",Ho lab/7_Shared data/16s rRNA/Raw reads/2024930_DM_assembly/Plate2,,0.0,0.0,0.0002995993571606,0.0,0.0,0.0,0.0007240317798048,0.0006990651667081,not_assessable,review_required,True,,0.0027213608275424,0.0,0.0,0.0001997329047737,0.0003370492768057,0.0016602797709318,0.0,0.0,0.0053428552026981,0.0016103465447384,0.0,0.0,0.0,0.000936247991127,0.4700963579981439,3.744991964508024e-05,1.9531250000000002e-24,1.9531250000000002e-24,1.9531250000000002e-24,1.9531250000000002e-24,5.478720133184958e-23,0.005130066330605002,5.889791376840174e-12,1.224958395530297e-10,1.7673921551995007e-09,3.472268513320906e-20,1.5562876958987704e-22,0.03015654105738027,0.2183299356220064,1.9531250000000002e-24,0.11931145499370312,1.9531250000000002e-24
2024930_WZY_DM_assembly_Plate2B8,2024930_WZY_DM_assembly_Plate2,,,B8,Plate2_B8,N_acetylgalactosamine,cycle 5,,0.4855,48 h,,"growth curve data NA, so 48 h label rather than 0: 0.05:48 was used",Ho lab/7_Shared data/16s rRNA/Raw reads/2024930_DM_assembly/Plate2,,0.0,0.0,0.0001411260287411,0.0,0.0,0.0,0.0,0.0006350671293352,not_assessable,review_required,True,,0.0218216121941027,0.0007409116508911,0.0009790618243918,0.0020992496775248,0.0022315553294696,0.0001499464055374,0.0,1.7640753592645748e-05,0.0166264102610686,0.0299539996003124,0.0,0.0,0.0,0.0,0.3434478316952201,1.7640753592645748e-05,1.9531250000000002e-24,1.9531250000000002e-24,1.9531250000000002e-24,1.9531250000000002e-24,6.043499376132407e-22,0.0071141378723286325,0.03722463037841339,5.759798089533667e-11,1.7086159018660344e-09,1.1263759262960564e-19,5.0062521566854016e-21,0.0004095189450335404,0.08261991908681507,1.9531250000000002e-24,0.09510612691649581,1.9531250000000002e-24
2024930_WZY_DM_assembly_Plate2B9,2024930_WZY_DM_assembly_Plate2,,,B9,Plate2_B9,N_acetylgalactosamine,cycle 5,,0.3785,48 h,,"growth curve data NA, so 48 h label rather than 0: 0.05:48 was used",Ho lab/7_Shared data/16s rRNA/Raw reads/2024930_DM_assembly/Plate2,,0.0,0.0,7.018790950673755e-05,0.0,0.0,0.0,0.000163771788849,0.0,not_assessable,review_required,True,,0.005778804549388,0.0020354493756953,0.0011931944616145,0.0338305723822474,0.0418553900358511,0.011393837309927,0.0003509395475336,7.018790950673755e-05,0.0402644640870317,0.0377844912844603,0.0,0.0,0.0,0.0038369390530349,0.0736739090122388,0.0004913153665471,1.9531250000000002e-24,1.9531250000000002e-24,1.9531250000000002e-24,1.9531250000000002e-24,3.736723919076248e-18,0.001201076377304423,0.06895039487047092,1.232544885253208e-13,2.871858974132451e-12,1.531053408982288e-19,1.6961307108386345e-16,6.944227408161153e-13,4.910842361894283e-10,1.9531250000000002e-24,0.04813320107974816,1.9531250000000002e-24
2024930_WZY_DM_assembly_Plate2C10,2024930_WZY_DM_assembly_Plate2,,,C10,Plate2_C10,Urea,cycle 5,,0.1715,48 h,,"growth curve data NA, so 48 h label rather than 0: 0.05:48 was used",Ho lab/7_Shared data/16s rRNA/Raw reads/2024930_DM_assembly/Plate2,,0.0,0.0,0.0010135110750214,0.0,0.0,0.0,0.0,0.0,not_assessable,review_required,True,,0.1301394640682095,0.0004874137231019,0.0,0.0,0.0085955023232733,0.0009903008977308,0.0,0.0,0.0010135110750214,0.006607163802048,0.0,0.0,0.0,6.189380610817882e-05,0.0,2.321017729056706e-05,1.9531250000000002e-24,1.9531250000000002e-24,1.9531250000000002e-24,1.9531250000000002e-24,7.760619763893388e-18,3.68269368694488e-14,1.2739360001027148e-12,5.166163253364002e-13,3.588136340089621e-12,3.793513004689595e-18,2.393574343420137e-12,3.2473763242774484e-14,2.810266376238619e-10,1.9531250000000002e-24,0.00598600565545476,1.9531250000000002e-24
2024930_WZY_DM_assembly_Plate2C11,2024930_WZY_DM_assembly_Plate2,,,C11,Plate2_C11,Urea,cycle 5,,0.1625,48 h,,"growth curve data NA, so 48 h label rather than 0: 0.05:48 was used",Ho lab/7_Shared data/16s rRNA/Raw reads/2024930_DM_assembly/Plate2,,0.0,0.0,0.0058345301600328,0.0,0.0,0.0,0.0,0.0,not_assessable,review_required,True,,0.0073681780878128,0.0026005334427574,0.0,0.0,0.0526441321296676,0.0046342839556832,0.0,0.0,0.0064013130898645,0.0229046983996717,0.0,0.0010668855149774,0.0,0.0,0.0,0.0003000615510874,1.9531250000000002e-24,1.9531250000000002e-24,1.9531250000000002e-24,1.9531250000000002e-24,8.695563051767588e-21,5.3112808483159126e-15,0.020366929016520135,8.227057481894586e-19,5.612572924512882e-18,7.413986265813278e-21,6.370048144336461e-18,9.227480919449203e-19,2.290390206992149e-17,1.9531250000000002e-24,2.860336432286414e-11,1.9531250000000002e-24
2024930_WZY_DM_assembly_Plate2C12,2024930_WZY_DM_assembly_Plate2,,,C12,Plate2_C12,Urea,cycle 5,,0.1295,48 h,,"growth curve data NA, so 48 h label rather than 0: 0.05:48 was used",Ho lab/7_Shared data/16s rRNA/Raw reads/2024930_DM_assembly/Plate2,,0.0,0.0,0.0011517353579175,0.0,0.0,0.0,0.0006320498915401,0.0,not_assessable,review_required,True,,0.0269253253796095,0.0001123644251626,0.0,0.0,0.0172338937093275,0.0024860629067245,0.0,5.61822125813449e-05,0.0023736984815618,0.0184277657266811,0.0,0.0455637744034707,0.0,0.0,0.0,0.0,1.9531250000000002e-24,1.9531250000000002e-24,1.9531250000000002e-24,1.9531250000000002e-24,5.645767392745255e-19,1.6557903940577772e-13,0.0018967873199953766,9.46792398702425e-17,5.945011309481312e-16,3.989838889567509e-09,1.1873842788574812e-19,2.1621141904494463e-17,1.2165288748484497e-14,1.9531250000000002e-24,1.8104497211057153e-06,1.9531250000000002e-24
2024930_WZY_DM_assembly_Plate2C1,2024930_WZY_DM_assembly_Plate2,,,C1,Plate2_C1,Butyrate,cycle 5,,0.2865,48 h,,"growth curve data NA, so 48 h label rather than 0: 0.05:48 was used",Ho lab/7_Shared data/16s rRNA/Raw reads/2024930_DM_assembly/Plate2,,0.0,1.4080238520387266e-05,0.0006805448618187,0.0,0.0,0.0,0.0,0.0,not_assessable,review_required,True,,0.2118090280621856,0.0018585914846911,0.0,0.0001361089723637,0.0010231639991481,0.0030413315204036,0.0,0.0,0.0017177890994872,0.0247436724931605,0.0,0.0005303556509345,0.0,0.0,4.693412840129089e-06,0.000183043100765,1.9531250000000002e-24,1.9531250000000002e-24,1.9531250000000002e-24,1.9531250000000002e-24,5.122977375580661e-14,1.6546333424997986e-06,0.01869689601022287,4.857595011191866e-07,1.8805409762565374e-05,1.864626205210309e-14,9.161081665151955e-06,2.806106964194797e-08,0.0016324861369784107,1.9531250000000002e-24,0.04620324484183135,1.9531250000000002e-24
2024930_WZY_DM_assembly_Plate2C2,2024930_WZY_DM_assembly_Plate2,,,C2,Plate2_C2,Butyrate,cycle 5,,0.2135,48 h,,"growth curve data NA, so 48 h label rather than 0: 0.05:48 was used",Ho lab/7_Shared data/16s rRNA/Raw reads/2024930_DM_assembly/Plate2,,0.0,0.0,0.0016621476510067,0.0,0.0,0.0,0.0,0.0,not_assessable,review_required,True,,0.0643938926174496,0.0003152348993288,0.0,0.0,0.0239578523489932,0.0076229530201342,0.0,5.731543624161073e-05,0.0007164429530201,0.0225536241610738,0.0,0.0,0.0,0.0,0.0,0.0001146308724832,1.9531250000000002e-24,1.9531250000000002e-24,1.9531250000000002e-24,1.9531250000000002e-24,1.3523861727394216e-19,1.494926365438011e-13,0.00685316537893474,2.479308024919143e-16,2.220147307741898e-15,5.183316072420706e-20,7.390134196699894e-15,1.172318067920862e-16,2.5586260372508957e-14,1.9531250000000002e-24,1.8680578470834877e-07,1.9531250000000002e-24
2024930_WZY_DM_assembly_Plate2C3,2024930_WZY_DM_assembly_Plate2,,,C3,Plate2_C3,Butyrate,cycle 5,,0.2735,48 h,,"growth curve data NA, so 48 h label rather than 0: 0.05:48 was used",Ho lab/7_Shared data/16s rRNA/Raw reads/2024930_DM_assembly/Plate2,,0.0,0.0,0.0006115148127445,0.0,0.0,0.0,0.0,0.0,not_assessable,review_required,True,,0.1236788708775852,0.0074910564561207,0.0,0.0,0.0042296441214831,0.0093765604620831,0.0,0.0004586361095584,0.0059622694242593,0.014166759828582,0.0,0.0,0.0,0.0,0.0,0.0002038382709148,1.9531250000000002e-24,1.9531250000000002e-24,1.9531250000000002e-24,1.9531250000000002e-24,6.530676895658077e-17,1.1096333848650409e-10,0.01310664980653089,5.926644398862715e-13,8.026918366446104e-12,3.469003519415346e-18,3.946147285607359e-11,1.836291650423234e-13,2.8157709006644575e-10,1.9531250000000002e-24,0.01946937076835633,1.9531250000000002e-24
2024930_WZY_DM_assembly_Plate2C4,2024930_WZY_DM_assembly_Plate2,,,C4,Plate2_C4,Butyrate,cycle 5,,0.2265,48 h,,"growth curve data NA, so 48 h label rather than 0: 0.05:48 was used",Ho lab/7_Shared data/16s rRNA/Raw reads/2024930_DM_assembly/Plate2,,0.0,0.0,0.0005507598784194,0.0,0.0,0.0,0.0,0.0,not_assessable,review_required,True,,0.0425117781155015,0.0002409574468085,0.0,0.0,0.0028226443768996,0.008295820668693,0.0,0.0005507598784194,0.0049224164133738,0.0056108662613981,0.0,0.0002065349544072,0.0,0.0,0.0,0.0,1.9531250000000002e-24,1.9531250000000002e-24,1.9531250000000002e-24,1.9531250000000002e-24,1.4816560601172592e-21,7.3236235306187e-18,3.0487437328271803e-09,8.083754543357912e-20,2.1725211431387e-19,5.497197610736719e-22,1.9881471357791177e-18,4.7515996647463824e-20,1.1597834020753624e-18,1.9531250000000002e-24,1.3244372334982486e-13,1.9531250000000002e-24
2024930_WZY_DM_assembly_Plate2C5,2024930_WZY_DM_assembly_Plate2,,,C5,Plate2_C5,Butyrate,cycle 5,,0.3495,48 h,,"growth curve data NA, so 48 h label rather than 0: 0.05:48 was used",Ho lab/7_Shared data/16s rRNA/Raw reads/2024930_DM_assembly/Plate2,,0.0,0.0,0.0018154240282685,0.0,0.0,0.0,0.0,0.0,not_assessable,review_required,True,,0.1802703710247349,1.234982332155477e-05,0.0,1.234982332155477e-05,0.0120534275618374,0.0031368551236749,0.0,0.0001111484098939,0.0017536749116607,0.088844628975265,0.0,0.0018648233215547,0.0,0.0,0.0,0.000358144876325,1.9531250000000002e-24,1.9531250000000002e-24,1.9531250000000002e-24,1.9531250000000002e-24,9.249663575194197e-15,0.012350286782213896,0.0579884612642062,3.91532436139835e-08,1.904849522832405e-05,4.714138357064706e-14,6.89351964922021e-07,4.616905486470751e-08,0.00010803102394494688,1.9531250000000002e-24,0.04272025470223928,1.9531250000000002e-24
2024930_WZY_DM_assembly_Plate2C6,2024930_WZY_DM_assembly_Plate2,,,C6,Plate2_C6,Butyrate,cycle 5,,0.2605,48 h,,"growth curve data NA, so 48 h label rather than 0: 0.05:48 was used",Ho lab/7_Shared data/16s rRNA/Raw reads/2024930_DM_assembly/Plate2,,0.0,0.0,0.0017307763787576,0.0,0.0,0.0,0.0,0.0,not_assessable,review_required,True,,0.1386799702643683,0.0008351298610788,0.0,0.0,0.0001452399758397,0.0053133624494726,0.0,7.261998791989964e-05,0.0014766064210379,0.0319285880221158,0.0,0.0,0.0,0.0,0.0,0.0001089299818798,1.9531250000000002e-24,1.9531250000000002e-24,1.9531250000000002e-24,1.9531250000000002e-24,2.3849312727247037e-17,1.4032590731750376e-09,0.022517468352285828,1.8681676805538162e-12,4.4075158688886536e-11,1.1048145215559714e-17,4.0383393368166285e-11,4.606839840600664e-13,1.2208893269133495e-09,1.9531250000000002e-24,0.015494628425302307,1.9531250000000002e-24
2024930_WZY_DM_assembly_Plate2C7,2024930_WZY_DM_assembly_Plate2,,,C7,Plate2_C7,Urea,cycle 5,,0.2715,48 h,,"growth curve data NA, so 48 h label rather than 0: 0.05:48 was used",Ho lab/7_Shared data/16s rRNA/Raw reads/2024930_DM_assembly/Plate2,,0.0,0.0,0.0008767902274641,0.0,0.0,0.0,0.0,0.0,not_assessable,review_required,True,,0.056152695871946,0.0022110362257792,0.0,0.0,0.0374732518955349,0.0027828559393428,0.0,0.0001524852569502,0.0062900168491996,0.0056800758213984,0.0,0.0,0.0,0.0,0.0,0.0,1.9531250000000002e-24,1.9531250000000002e-24,1.9531250000000002e-24,1.9531250000000002e-24,1.421841191038994e-19,7.064249806749196e-16,2.439609937975867e-06,1.8928337359277586e-16,8.378585289164254e-16,5.623439979310167e-20,1.1656038695459322e-15,4.088280138039794e-17,1.8302869593451785e-14,1.9531250000000002e-24,3.3544738230938385e-07,1.9531250000000002e-24
2024930_WZY_DM_assembly_Plate2C8,2024930_WZY_DM_assembly_Plate2,,,C8,Plate2_C8,Urea,cycle 5,,0.1725,48 h,,"growth curve data NA, so 48 h label rather than 0: 0.05:48 was used",Ho lab/7_Shared data/16s rRNA/Raw reads/2024930_DM_assembly/Plate2,,0.0,0.0,0.0001368737247789,0.0,0.0,0.0,0.0,0.0,not_assessable,review_required,True,,0.1329043867603717,0.0004790580367263,0.0,0.0,0.0112725289050102,0.0001270970301518,0.0,0.0,0.0015936012242121,0.0071858705508954,0.0,0.0,0.0,0.0,0.0,7.821355701654953e-05,1.9531250000000002e-24,1.9531250000000002e-24,1.9531250000000002e-24,1.9531250000000002e-24,1.2115695601515483e-17,7.079632845993482e-14,3.673624778520006e-11,1.1591762398796344e-12,8.6240165733486e-12,6.60727882566512e-18,4.3081432202326585e-12,6.536254967435084e-14,7.319315540167981e-10,1.9531250000000002e-24,0.009550719847409142,1.9531250000000002e-24
2024930_WZY_DM_assembly_Plate2C9,2024930_WZY_DM_assembly_Plate2,,,C9,Plate2_C9,Urea,cycle 5,,0.2215,48 h,,"growth curve data NA, so 48 h label rather than 0: 0.05:48 was used",Ho lab/7_Shared data/16s rRNA/Raw reads/2024930_DM_assembly/Plate2,,0.0,0.0,0.0005841344108889,0.0,0.0,0.0,0.0,0.0,not_assessable,review_required,True,,0.1430846660995321,0.0006029774564015,0.0,6.595065929391748e-05,0.0114659931943853,0.0012530625265844,0.0,0.0,0.0013001701403658,0.0053985325393449,0.0,0.0265310080816673,0.0,0.0,0.0,0.000103636750319,1.9531250000000002e-24,1.9531250000000002e-24,1.9531250000000002e-24,1.9531250000000002e-24,2.7819628587261843e-15,1.1285481456556919e-10,3.6124801246909047e-12,1.1806640645049652e-09,1.209718321686541e-08,5.635730673622714e-10,7.526365874409113e-11,2.455732661643343e-11,2.0580637258052033e-06,1.9531250000000002e-24,0.03635417708606896,1.9531250000000002e-24
2024930_WZY_DM_assembly_Plate2D10,2024930_WZY_DM_assembly_Plate2,,,D10,Plate2_D10,Glutamate,cycle 5,,0.4235,48 h,,"growth curve data NA, so 48 h label rather than 0: 0.05:48 was used",Ho lab/7_Shared data/16s rRNA/Raw reads/2024930_DM_assembly/Plate2,,0.0,0.0,0.003270126247798,0.0,0.0,0.0,0.0,0.0,not_assessable,review_required,True,,0.2452346007046388,0.0011066206694069,0.0,4.973576042278332e-05,0.0192353053435114,0.0065029506752789,0.0,6.216970052847915e-05,0.0028100704638872,0.0212869054609512,0.0,0.0,0.0,9.947152084556664e-05,0.0,0.0001367733411626,1.9531250000000002e-24,1.9531250000000002e-24,1.9531250000000002e-24,1.9531250000000002e-24,1.5511745930301354e-11,0.0013389958396140976,0.01956860017826676,3.0169824985045852e-05,0.0017868346122091986,2.335049932721761e-12,0.015443269115312193,9.989086938665374e-05,0.12745271351767837,1.9531250000000002e-24,0.05867148747503749,1.9531250000000002e-24
2024930_WZY_DM_assembly_Plate2D11,2024930_WZY_DM_assembly_Plate2,,,D11,Plate2_D11,Glutamate,cycle 5,,0.2505,48 h,,"growth curve data NA, so 48 h label rather than 0: 0.05:48 was used",Ho lab/7_Shared data/16s rRNA/Raw reads/2024930_DM_assembly/Plate2,,0.0,0.0,0.0027126587005227,0.0,0.0,0.0,0.0,0.0,not_assessable,review_required,True,,0.0495138162808065,0.0014030993278566,0.0,0.0002182598954443,0.0294962658700522,0.0001247199402539,0.0,0.0,0.0050511575802837,0.0017772591486183,0.0,6.235997012696042e-05,0.0,0.0,0.0,0.0,1.9531250000000002e-24,1.9531250000000002e-24,1.9531250000000002e-24,1.9531250000000002e-24,1.5009436561554e-20,3.125771175087534e-18,3.581975918344076e-12,6.5340865029787875e-18,1.8728283622567304e-17,9.550692444114406e-21,1.3770971364846391e-17,1.3593300816484967e-18,2.7386221422948773e-16,1.9531250000000002e-24,1.540855081770092e-10,1.9531250000000002e-24
2024930_WZY_DM_assembly_Plate2D12,2024930_WZY_DM_assembly_Plate2,,,D12,Plate2_D12,Glutamate,cycle 5,,0.1905,48 h,,"growth curve data NA, so 48 h label rather than 0: 0.05:48 was used",Ho lab/7_Shared data/16s rRNA/Raw reads/2024930_DM_assembly/Plate2,,0.0,0.0,0.0003286686475606,0.0,0.0,0.0,0.0,0.0,not_assessable,review_required,True,,0.034656282948337,0.0009677465733729,0.0,0.0005112623406498,0.0178394038148183,0.0057882200709287,0.0,0.0,0.0003286686475606,0.0136580082430748,0.0,0.0029945365666634,0.0,0.0,0.0,0.0,1.9531250000000002e-24,1.9531250000000002e-24,1.9531250000000002e-24,1.9531250000000002e-24,3.7454036088179825e-21,3.1438841975709057e-17,9.913524448171777e-10,3.389041021883147e-19,1.3693879180339664e-18,6.836403541267793e-21,2.1413914788614782e-18,2.1391617221377414e-19,6.975884713018168e-18,1.9531250000000002e-24,5.140235233791386e-13,1.9531250000000002e-24
2024930_WZY_DM_assembly_Plate2D1,2024930_WZY_DM_assembly_Plate2,,,D1,Plate2_D1,Succinate,cycle 5,,0.2235,48 h,,"growth curve data NA, so 48 h label rather than 0: 0.05:48 was used",Ho lab/7_Shared data/16s rRNA/Raw reads/2024930_DM_assembly/Plate2,,0.0,0.0,0.0,0.0,0.0,0.0,0.0,0.0,not_assessable,review_required,True,,0.0625663664614145,0.0002057892616677,0.0,0.0,0.0035755884214766,0.0008038643033895,0.0,0.0,0.0005466277263048,0.0056849283535708,0.0,0.0,0.0,3.215457213558152e-05,0.0,4.501640098981412e-05,1.9531250000000002e-24,1.9531250000000002e-24,1.9531250000000002e-24,1.9531250000000002e-24,3.0371874167209384e-21,4.839469086890652e-19,2.1315097890086018e-16,6.568485390829625e-19,1.868609605331453e-18,2.2442347970984394e-21,1.5753149573263159e-18,1.9400938451062798e-19,1.551309684600746e-17,1.9531250000000002e-24,3.423207068166375e-13,1.9531250000000002e-24
2024930_WZY_DM_assembly_Plate2D2,2024930_WZY_DM_assembly_Plate2,,,D2,Plate2_D2,Succinate,cycle 5,,0.2285,48 h,,"growth curve data NA, so 48 h label rather than 0: 0.05:48 was used",Ho lab/7_Shared data/16s rRNA/Raw reads/2024930_DM_assembly/Plate2,,0.0,0.0,6.282650536156173e-05,0.0,0.0,0.0,0.0,0.0,not_assessable,review_required,True,,0.0393084501878837,0.0011099349280542,0.0,0.0,0.0137171203372743,0.0044606818806708,0.0,0.0001256530107231,0.0031622674365319,0.0132145082943818,0.0,4.188433690770782e-05,0.0,0.0,0.0,0.0001047108422692,1.9531250000000002e-24,1.9531250000000002e-24,1.9531250000000002e-24,1.9531250000000002e-24,2.0434180277867543e-21,1.7558068921451598e-17,5.083862319690284e-06,1.486380529577006e-19,5.697413514140669e-19,1.0725030274662411e-21,1.1402957203135475e-18,1.0495972754098028e-19,2.5315577886709456e-18,1.9531250000000002e-24,1.5530188195213003e-13,1.9531250000000002e-24
2024930_WZY_DM_assembly_Plate2D3,2024930_WZY_DM_assembly_Plate2,,,D3,Plate2_D3,Succinate,cycle 5,,0.2515,48 h,,"growth curve data NA, so 48 h label rather than 0: 0.05:48 was used",Ho lab/7_Shared data/16s rRNA/Raw reads/2024930_DM_assembly/Plate2,,0.0,0.0,0.0,0.0,0.0,0.0,0.0,0.0,not_assessable,review_required,True,,0.0648084463542366,0.0018236873908956,0.0,0.0,0.0264772391567073,0.0012495635826507,0.0,0.0,0.0044916744997985,0.0,0.0,0.0,0.0,0.0,0.0,0.0001688599436014,1.9531250000000002e-24,1.9531250000000002e-24,1.9531250000000002e-24,1.9531250000000002e-24,7.203690677286045e-20,1.791017939286623e-17,4.782689098958349e-14,7.976981964911566e-17,2.5289693968129446e-16,3.09140838165476e-20,2.7427263974804146e-16,1.2363383611860867e-17,6.254429676861023e-15,1.9531250000000002e-24,2.072034131187435e-08,1.9531250000000002e-24
2024930_WZY_DM_assembly_Plate2D4,2024930_WZY_DM_assembly_Plate2,,,D4,Plate2_D4,Succinate,cycle 5,,0.2165,48 h,,"growth curve data NA, so 48 h label rather than 0: 0.05:48 was used",Ho lab/7_Shared data/16s rRNA/Raw reads/2024930_DM_assembly/Plate2,,0.0,0.0,0.0001021987577639,0.0,0.0,0.0,0.0,0.0,not_assessable,review_required,True,,0.0886063229813664,0.0001183354037267,0.0,0.0,0.0006078136645962,0.0001882608695652,0.0,8.06832298136646e-05,0.0006831180124223,0.0075250559006211,0.0,0.0195576149068322,0.0,0.0,0.0,0.0,1.9531250000000002e-24,1.9531250000000002e-24,1.9531250000000002e-24,1.9531250000000002e-24,6.816177668984796e-19,1.6254688512254165e-15,1.3322647626554917e-13,1.679928045207579e-15,8.10419238261079e-15,1.0401907418504439e-14,1.3179048271464235e-16,1.7081409449659935e-16,3.2700095399598187e-13,1.9531250000000002e-24,7.461373677828923e-06,1.9531250000000002e-24
2024930_WZY_DM_assembly_Plate2D5,2024930_WZY_DM_assembly_Plate2,,,D5,Plate2_D5,Succinate,cycle 5,,0.3325,48 h,,"growth curve data NA, so 48 h label rather than 0: 0.05:48 was used",Ho lab/7_Shared data/16s rRNA/Raw reads/2024930_DM_assembly/Plate2,,0.0,0.0,0.0,0.0,0.0,0.0,0.0,0.0,not_assessable,review_required,True,,0.046404964606849,0.0001590300363497,0.0,0.0,0.0196561124928257,0.0069019035775779,0.0,0.0,0.0027353166252152,0.0,0.0,0.0083967859192653,0.0,6.361201453988904e-05,0.0,0.0,1.9531250000000002e-24,1.9531250000000002e-24,1.9531250000000002e-24,1.9531250000000002e-24,3.252602248759098e-20,3.4732421981891405e-17,7.592408561934251e-17,1.2271313807157115e-17,3.311298353552015e-17,7.4880540427368255e-19,5.0079583604832694e-17,2.4336404665144394e-18,6.172918045820742e-16,1.9531250000000002e-24,1.4885658813184302e-09,1.9531250000000002e-24
2024930_WZY_DM_assembly_Plate2D6,2024930_WZY_DM_assembly_Plate2,,,D6,Plate2_D6,Succinate,cycle 5,,0.2535,48 h,,"growth curve data NA, so 48 h label rather than 0: 0.05:48 was used",Ho lab/7_Shared data/16s rRNA/Raw reads/2024930_DM_assembly/Plate2,,0.0,0.0,0.0,0.0,0.0,0.0,0.0,0.0,not_assessable,review_required,True,,0.0204828094992739,0.0004037191437538,0.0,0.0,0.007421307789592,0.0003206004965103,0.0,4.749636985338891e-05,0.0001543632020235,0.0064595063000608,0.0,3.562227739004169e-05,0.0,0.0,0.0,5.9370462316736146e-05,1.9531250000000002e-24,1.9531250000000002e-24,1.9531250000000002e-24,1.9531250000000002e-24,4.9157286921371893e-23,1.4552583782590323e-21,1.3479358145369249e-17,4.469183096593073e-22,8.453405427830617e-22,4.533015588141023e-23,6.528161388833729e-22,3.3625367000290465e-22,1.770240498146148e-21,1.9531250000000002e-24,1.6073202277814247e-19,1.9531250000000002e-24
2024930_WZY_DM_assembly_Plate2D7,2024930_WZY_DM_assembly_Plate2,,,D7,Plate2_D7,Glutamate,cycle 5,,0.2965,48 h,,"growth curve data NA, so 48 h label rather than 0: 0.05:48 was used",Ho lab/7_Shared data/16s rRNA/Raw reads/2024930_DM_assembly/Plate2,,0.0,0.0,0.0048470097967539,0.0,0.0,0.0,0.0,0.0,not_assessable,review_required,True,,0.201623468343325,0.0004508846322561,0.0,0.0,0.0149485597309548,0.000225442316128,0.0,0.0,0.0002167714578154,0.0060609299605205,0.0,0.0,0.0,0.0,0.0,0.000112721158064,1.9531250000000002e-24,1.9531250000000002e-24,1.9531250000000002e-24,1.9531250000000002e-24,2.4784926925373827e-14,1.0486067611480733e-09,4.303002793545782e-12,3.7810549251135193e-07,6.044466672088781e-06,8.270964691679036e-15,3.075231288435632e-06,6.570876629222314e-09,0.001270506217302019,1.9531250000000002e-24,0.04421124642031011,1.9531250000000002e-24
2024930_WZY_DM_assembly_Plate2D8,2024930_WZY_DM_assembly_Plate2,,,D8,Plate2_D8,Glutamate,cycle 5,,0.3835,48 h,,"growth curve data NA, so 48 h label rather than 0: 0.05:48 was used",Ho lab/7_Shared data/16s rRNA/Raw reads/2024930_DM_assembly/Plate2,,0.0,0.0,0.0065465977503168,0.0,0.0,0.0,0.0,0.0,not_assessable,review_required,True,,0.0217814876425855,0.0001215145754119,0.0,0.0,0.0236497742395437,0.0047846364068441,0.0,3.0378643852978453e-05,0.0003493544043092,0.0240598859315589,0.0,4.556796577946768e-05,0.0,0.0,4.556796577946768e-05,0.0001822718631178,1.9531250000000002e-24,1.9531250000000002e-24,1.9531250000000002e-24,1.9531250000000002e-24,8.159834980535081e-22,8.242396559469686e-17,0.004311928694731193,4.255134790422934e-20,2.3324597575124635e-19,6.135869171376526e-22,3.4963915776124555e-19,5.359587953924182e-20,5.407511710368136e-19,1.9531250000000002e-24,4.9812692103974975e-15,1.9531250000000002e-24
2024930_WZY_DM_assembly_Plate2D9,2024930_WZY_DM_assembly_Plate2,,,D9,Plate2_D9,Glutamate,cycle 5,,0.5655,48 h,,"growth curve data NA, so 48 h label rather than 0: 0.05:48 was used",Ho lab/7_Shared data/16s rRNA/Raw reads/2024930_DM_assembly/Plate2,,0.0,0.0,0.0005051236880629,0.0,0.0,0.0,0.0,0.0,not_assessable,review_required,True,,0.3907552663573431,0.0006594670371932,0.0,0.0,0.0110565962831551,0.0003928739796044,0.0,4.209364067191028e-05,0.0013329652879438,0.002637868148773,0.0,0.0,0.0,0.0,0.0,0.0,1.9531250000000002e-24,1.9531250000000002e-24,1.9531250000000002e-24,1.9531250000000002e-24,3.867995064708908e-06,0.013235828734750002,1.0314290618521827e-07,0.0001840197236031669,0.01261946354512503,4.506683415401278e-07,0.06231686480809787,0.054557788933564035,0.3131318423072106,1.9531250000000002e-24,0.0843445531179765,1.9531250000000002e-24
2024930_WZY_DM_assembly_Plate2E10,2024930_WZY_DM_assembly_Plate2,,,E10,Plate2_E10,Acid_mix,cycle 5,,0.3025,48 h,,"growth curve data NA, so 48 h label rather than 0: 0.05:48 was used",Ho lab/7_Shared data/16s rRNA/Raw reads/2024930_DM_assembly/Plate2,,0.0,0.0,2.49731693222158e-05,0.0,0.0,0.0,0.0,0.0,not_assessable,review_required,True,,0.0648553207297944,0.0001581634057073,0.0,0.0005410853353146,0.0046200363246099,0.0019312584275846,0.0,2.49731693222158e-05,0.0004578414375739,0.0485478411623875,0.0,0.1538180742453011,0.0,4.1621948870359665e-05,0.0,0.0001331902363851,1.9531250000000002e-24,1.9531250000000002e-24,1.9531250000000002e-24,1.9531250000000002e-24,1.814422794874941e-10,0.01483445938841996,0.032374323955665134,1.703575464108817e-06,0.00014644652186781142,0.02139148828386666,7.04322688919075e-17,1.0125384622038591e-07,0.013024673567967899,1.9531250000000002e-24,0.05902094795170892,1.9531250000000002e-24
2024930_WZY_DM_assembly_Plate2E11,2024930_WZY_DM_assembly_Plate2,,,E11,Plate2_E11,Acid_mix,cycle 5,,0.1445,48 h,,"growth curve data NA, so 48 h label rather than 0: 0.05:48 was used",Ho lab/7_Shared data/16s rRNA/Raw reads/2024930_DM_assembly/Plate2,,0.0,0.0,0.0,0.0,0.0,0.0,0.0,0.0,not_assessable,review_required,True,,0.0181356275303643,0.0012108558516147,0.0,0.0013196968270407,0.0094963751059222,2.7210243856510684e-05,0.0,5.442048771302137e-05,0.0013196968270407,0.0025033424347989,0.0,0.0153873929008567,0.0,0.0002584973166368,0.0,0.0,1.9531250000000002e-24,1.9531250000000002e-24,1.9531250000000002e-24,1.9531250000000002e-24,7.217189029142444e-22,2.1510169027722868e-20,8.220125185411977e-19,9.048870467726998e-21,1.7304525740997836e-20,1.2935512547600315e-18,6.090751079712431e-22,3.444255442247663e-21,8.329639897947368e-20,1.9531250000000002e-24,6.134420306124416e-16,1.9531250000000002e-24
2024930_WZY_DM_assembly_Plate2E12,2024930_WZY_DM_assembly_Plate2,,,E12,Plate2_E12,Acid_mix,cycle 5,,0.1185,48 h,,"growth curve data NA, so 48 h label rather than 0: 0.05:48 was used",Ho lab/7_Shared data/16s rRNA/Raw reads/2024930_DM_assembly/Plate2,,0.0,0.0,0.0,9.260224016671008e-05,0.0,0.0,0.0,0.0,not_assessable,review_required,True,,0.0011575280020838,0.0002160718937223,0.0,0.0019755144568898,0.011174003646783,0.0056333029434748,0.0,7.71685334722584e-05,0.001435334722584,0.0367476556394894,0.0,0.0,0.0,7.71685334722584e-05,0.0,0.0004012763740557,1.9531250000000002e-24,1.9531250000000002e-24,1.9531250000000002e-24,1.9531250000000002e-24,4.457183909770165e-23,1.0595028943770242e-16,0.022764160322231483,1.689795481007941e-22,1.1478790791966684e-21,3.565252885181596e-23,1.0826260436814962e-21,7.53793279884257e-22,5.57179181593459e-22,1.9531250000000002e-24,1.8749681779687285e-19,1.9531250000000002e-24
2024930_WZY_DM_assembly_Plate2E1,2024930_WZY_DM_assembly_Plate2,,,E1,Plate2_E1,Pyruvate,cycle 5,,0.1505,48 h,,"growth curve data NA, so 48 h label rather than 0: 0.05:48 was used",Ho lab/7_Shared data/16s rRNA/Raw reads/2024930_DM_assembly/Plate2,,0.0,0.0,5.63248502994012e-05,0.0,0.0,0.0,0.0,0.0,not_assessable,review_required,True,,7.040606287425149e-05,0.000746304266467,0.0,0.0,0.0177141654191616,0.0121802488772455,0.0024923746257485,0.0,0.0025627806886227,0.059816991017964,0.0,0.0,5.63248502994012e-05,0.0010701721556886,0.0005069236526946,0.0,1.9531250000000002e-24,1.9531250000000002e-24,1.9531250000000002e-24,1.9531250000000002e-24,3.1573133594433467e-22,3.045386561456109e-11,0.039091274987824935,3.9748005629153484e-21,9.991066254651999e-20,2.477943180188566e-22,3.15550027329244e-19,6.205091159145873e-20,2.6497677887317743e-20,1.9531250000000002e-24,2.0638507663753112e-15,1.9531250000000002e-24
2024930_WZY_DM_assembly_Plate2E2,2024930_WZY_DM_assembly_Plate2,low growth,,E2,Plate2_E2,Pyruvate,cycle 5,,-0.0185,48 h,,"growth curve data NA, so 48 h label rather than 0: 0.05:48 was used",Ho lab/7_Shared data/16s rRNA/Raw reads/2024930_DM_assembly/Plate2,,-0.0,-0.0,-0.0,-0.0,-0.0,-0.0,-0.0,-0.0,not_assessable,review_required,False,low growth,0.0,0.0,0.0,0.0,0.0,0.0,0.0,0.0,0.0,0.0,0.0,0.0,0.0,0.0,0.0,0.0,1.9531250000000002e-24,1.9531250000000002e-24,1.9531250000000002e-24,1.9531250000000002e-24,1.9531250000000002e-24,1.9531250000000002e-24,1.9531250000000002e-24,1.9531250000000002e-24,1.9531250000000002e-24,1.9531250000000002e-24,1.9531250000000002e-24,1.9531250000000002e-24,1.9531250000000002e-24,1.9531250000000002e-24,1.9531250000000002e-24,1.9531250000000002e-24
2024930_WZY_DM_assembly_Plate2E3,2024930_WZY_DM_assembly_Plate2,low growth,,E3,Plate2_E3,Pyruvate,cycle 5,,-0.0085,48 h,,"growth curve data NA, so 48 h label rather than 0: 0.05:48 was used",Ho lab/7_Shared data/16s rRNA/Raw reads/2024930_DM_assembly/Plate2,,-0.0,-0.0,-0.0,-0.0,-0.0,-0.0,-0.0,-0.0,not_assessable,review_required,False,low growth,0.0,0.0,0.0,0.0,0.0,0.0,0.0,0.0,0.0,0.0,0.0,0.0,0.0,0.0,0.0,0.0,1.9531250000000002e-24,1.9531250000000002e-24,1.9531250000000002e-24,1.9531250000000002e-24,1.9531250000000002e-24,1.9531250000000002e-24,1.9531250000000002e-24,1.9531250000000002e-24,1.9531250000000002e-24,1.9531250000000002e-24,1.9531250000000002e-24,1.9531250000000002e-24,1.9531250000000002e-24,1.9531250000000002e-24,1.9531250000000002e-24,1.9531250000000002e-24
2024930_WZY_DM_assembly_Plate2E4,2024930_WZY_DM_assembly_Plate2,,,E4,Plate2_E4,Pyruvate,cycle 5,,0.0595,48 h,,"growth curve data NA, so 48 h label rather than 0: 0.05:48 was used",Ho lab/7_Shared data/16s rRNA/Raw reads/2024930_DM_assembly/Plate2,,0.0,0.0,0.0002588128681468,0.0,0.0,0.0,0.0,0.0,not_assessable,review_required,True,,3.23516085183507e-05,4.852741277752605e-05,0.0,0.0,0.0074840054372451,0.0002102854553692,0.0001024467603081,2.695967376529225e-05,0.0002426370638876,0.0010298595378341,0.0,1.07838695061169e-05,0.0,0.0001833257816039,0.0,0.0,1.9531250000000002e-24,1.9531250000000002e-24,1.9531250000000002e-24,1.9531250000000002e-24,4.743932761137406e-24,1.1207482227145727e-23,7.486937839073675e-23,9.044685633249377e-24,1.0522409517983293e-23,4.652879779272555e-24,1.017755657782517e-23,8.067532075819156e-24,1.2988841928678608e-23,1.9531250000000002e-24,5.354427727140073e-23,1.9531250000000002e-24
2024930_WZY_DM_assembly_Plate2E5,2024930_WZY_DM_assembly_Plate2,,,E5,Plate2_E5,Pyruvate,cycle 5,,0.2005,48 h,,"growth curve data NA, so 48 h label rather than 0: 0.05:48 was used",Ho lab/7_Shared data/16s rRNA/Raw reads/2024930_DM_assembly/Plate2,,0.0,0.0,0.0014748024316109,0.0,0.0,0.0,0.0,0.0,not_assessable,review_required,True,,4.875379939209727e-05,0.000536291793313,0.0,0.0,0.0084465957446808,0.0009385106382978,0.0024011246200607,3.6565349544072946e-05,0.0005972340425531,2.437689969604863e-05,0.0,0.0,0.0,0.0001584498480243,0.0,0.0,1.9531250000000002e-24,1.9531250000000002e-24,1.9531250000000002e-24,1.9531250000000002e-24,7.450712965458386e-24,1.9257469489650994e-23,5.2651236493096857e-23,1.9842480871376353e-23,2.3704280029929405e-23,6.037080958863778e-24,2.7926731091374636e-23,1.468824968413821e-23,3.485072122384433e-23,1.9531250000000002e-24,4.189449214319775e-22,1.9531250000000002e-24
2024930_WZY_DM_assembly_Plate2E6,2024930_WZY_DM_assembly_Plate2,,,E6,Plate2_E6,Pyruvate,cycle 5,,0.1365,48 h,,"growth curve data NA, so 48 h label rather than 0: 0.05:48 was used",Ho lab/7_Shared data/16s rRNA/Raw reads/2024930_DM_assembly/Plate2,,0.0,0.0,0.0002198389458272,0.0,0.0,0.0,1.9985358711566618e-05,0.0,not_assessable,review_required,True,,5.995607613469986e-05,0.0,0.0,0.0,0.0093531478770131,0.0028678989751098,0.0059656295754026,9.992679355783309e-06,0.0001898609077598,0.0,0.0,0.0,0.0,0.0001398975109809,0.0,0.0,1.9531250000000002e-24,1.9531250000000002e-24,1.9531250000000002e-24,1.9531250000000002e-24,1.2119606498792105e-23,6.65605993843356e-23,1.9737691358602258e-23,7.215856853031569e-23,9.220954562685258e-23,8.740567771190287e-24,1.8675710885339817e-22,3.819771605213705e-23,1.7279717682457598e-22,1.9531250000000002e-24,6.500761763422287e-21,1.9531250000000002e-24
2024930_WZY_DM_assembly_Plate2E7,2024930_WZY_DM_assembly_Plate2,,,E7,Plate2_E7,Acid_mix,cycle 5,,0.3265,48 h,,"growth curve data NA, so 48 h label rather than 0: 0.05:48 was used",Ho lab/7_Shared data/16s rRNA/Raw reads/2024930_DM_assembly/Plate2,,0.0,0.0,0.0,0.0,0.0,0.0,0.0,0.0,not_assessable,review_required,True,,0.0270624441465594,0.0005835567470956,0.0,0.0,0.0134947497765862,0.0047413985701519,0.0,0.0,0.0010941689008042,0.0054708445040214,0.0,0.1194832439678284,0.0,0.0013130026809651,0.0,0.0,1.9531250000000002e-24,1.9531250000000002e-24,1.9531250000000002e-24,1.9531250000000002e-24,5.640402871232778e-14,7.048078853705365e-08,1.2212370521141997e-13,7.227746446369012e-11,5.66333583713748e-10,0.015768758698592834,3.964456965196727e-19,1.1902437108411734e-12,1.0244999795290469e-07,1.9531250000000002e-24,0.04136598184654118,1.9531250000000002e-24
2024930_WZY_DM_assembly_Plate2E8,2024930_WZY_DM_assembly_Plate2,,,E8,Plate2_E8,Acid_mix,cycle 5,,0.2605,48 h,,"growth curve data NA, so 48 h label rather than 0: 0.05:48 was used",Ho lab/7_Shared data/16s rRNA/Raw reads/2024930_DM_assembly/Plate2,,0.0,0.0,0.0,0.0,0.0,0.0,0.0,0.0,not_assessable,review_required,True,,0.0584646061616642,0.000248213434969,0.0,0.0,0.0136413966968397,0.0081496744481499,0.0,0.0001447911703986,0.001220382721931,0.0506458829601397,0.0,0.0512147054152771,0.0,0.0008066936636493,0.0,0.0001137644910274,1.9531250000000002e-24,1.9531250000000002e-24,1.9531250000000002e-24,1.9531250000000002e-24,1.061280558430517e-16,1.0100598029894482e-05,0.03368856122738518,2.8954774576612054e-13,1.2970469430083639e-11,5.683229081071174e-06,1.2569095814526075e-15,1.668183467626574e-13,1.6259580587986916e-10,1.9531250000000002e-24,0.02096835954679147,1.9531250000000002e-24
2024930_WZY_DM_assembly_Plate2E9,2024930_WZY_DM_assembly_Plate2,,,E9,Plate2_E9,Acid_mix,cycle 5,,0.1185,48 h,,"growth curve data NA, so 48 h label rather than 0: 0.05:48 was used",Ho lab/7_Shared data/16s rRNA/Raw reads/2024930_DM_assembly/Plate2,,0.0,0.0,0.0,0.0,0.0,0.0,0.0,0.0,not_assessable,review_required,True,,0.0457368421052631,0.000730440967283,0.0,0.0004307728781412,0.0006555239449976,0.0025097202465623,0.0,0.0001498340445708,0.0004869606448553,0.007060929350403,0.0,0.0,0.0,0.0004307728781412,0.0,0.0,1.9531250000000002e-24,1.9531250000000002e-24,1.9531250000000002e-24,1.9531250000000002e-24,6.186996752125633e-22,1.3538167498109117e-19,1.1472859856238175e-15,2.790861073126478e-20,7.296894494561602e-20,3.588294471542999e-22,8.853777088807171e-20,1.510370025014157e-20,2.874261892612883e-19,1.9531250000000002e-24,1.3673082212189838e-15,1.9531250000000002e-24
2024930_WZY_DM_assembly_Plate2F10,2024930_WZY_DM_assembly_Plate2,,,F10,Plate2_F10,Host_sugar_mix,cycle 5,,0.9255,48 h,,"growth curve data NA, so 48 h label rather than 0: 0.05:48 was used",Ho lab/7_Shared data/16s rRNA/Raw reads/2024930_DM_assembly/Plate2,,0.0,0.0018681825194785,0.0065326891923165,0.0,0.0,0.0,0.0,0.0009043431304481,not_assessable,review_required,True,,0.0017491900023142,5.949625858211834e-05,0.0196932615906811,0.0008210483684332,0.1681959230116485,0.0338533711332253,0.0011304289130602,0.0558193898017434,0.0027963241533595,0.02578567846949,0.0001903880274627,0.0,0.0093171140939597,0.3703166126668209,0.0007734513615675,0.0102214572244079,1.9531250000000002e-24,1.9531250000000002e-24,1.9531250000000002e-24,1.9531250000000002e-24,0.02286765908958522,0.06279927541976678,0.03571991531795098,0.19228280001071152,0.3973099228414341,0.010085829380130149,0.04885072206042066,0.1239351368853066,0.02739329645734898,1.9531250000000002e-24,0.18917736334277396,1.9531250000000002e-24
2024930_WZY_DM_assembly_Plate2F11,2024930_WZY_DM_assembly_Plate2,,,F11,Plate2_F11,Host_sugar_mix,cycle 5,,0.8325,48 h,,"growth curve data NA, so 48 h label rather than 0: 0.05:48 was used",Ho lab/7_Shared data/16s rRNA/Raw reads/2024930_DM_assembly/Plate2,,0.0,0.0038260184388103,0.0064036683235677,0.0,0.0,0.0,0.0,0.0001849434894893,not_assessable,review_required,True,,0.0512640234928216,0.0007513329260503,0.0029013009913637,0.0001271486490239,0.0068313501430118,0.0161016425536641,0.0002196203937685,0.1349740704229263,0.0064499041959401,0.0042883771625336,0.0,0.0,0.0095014717725139,0.2714739246341396,0.0015373427563799,0.0048663255671878,1.9531250000000002e-24,1.9531250000000002e-24,1.9531250000000002e-24,1.9531250000000002e-24,1.139943035885041e-06,0.04300664987319245,0.019623163919972434,0.010617394188607384,0.283727141133982,1.2858874387759324e-05,1.5579292208246828e-10,0.07213978697482998,5.9396114055734227e-08,1.9531250000000002e-24,0.13801952083987684,1.9531250000000002e-24
2024930_WZY_DM_assembly_Plate2F12,2024930_WZY_DM_assembly_Plate2,,,F12,Plate2_F12,Host_sugar_mix,cycle 5,,0.9485,48 h,,"growth curve data NA, so 48 h label rather than 0: 0.05:48 was used",Ho lab/7_Shared data/16s rRNA/Raw reads/2024930_DM_assembly/Plate2,,0.0,0.0016294676355594,0.0024161071837605,0.0,0.0,0.0,0.0,0.0008709223569369,not_assessable,review_required,True,,0.0016201028790332,0.000599344417677,0.0040736690888985,0.0,0.0179709677737846,0.0024816604794439,0.0001217418348406,0.1584142213972592,0.0113594496662849,0.0322896805023498,0.0,2.809426957861064e-05,0.0002434836696812,0.2746964031831286,0.0,0.0008334633308321,1.9531250000000002e-24,1.9531250000000002e-24,1.9531250000000002e-24,1.9531250000000002e-24,1.6313385877413207e-10,0.042535163418610904,0.04093885187470642,5.107133030957755e-05,0.23731046956091562,1.0660985905398685e-06,1.5318505346386522e-18,0.05372433520590303,8.476862913292849e-12,1.9531250000000002e-24,0.1290729447594442,1.9531250000000002e-24
2024930_WZY_DM_assembly_Plate2F1,2024930_WZY_DM_assembly_Plate2,,,F1,Plate2_F1,Lactate,cycle 5,,0.1955,48 h,,"growth curve data NA, so 48 h label rather than 0: 0.05:48 was used",Ho lab/7_Shared data/16s rRNA/Raw reads/2024930_DM_assembly/Plate2,,0.0,0.0,0.0,0.0,0.0,0.0,0.0,0.0,not_assessable,review_required,True,,0.0333290112680526,0.0018243770830026,0.0,9.3080463418505e-05,0.0042382637676559,0.0052000952229804,0.0,0.0,9.928582764640534e-05,0.0154947944770671,0.0,0.0344707982859863,0.0,0.0002358038406602,0.0,0.0001179019203301,1.9531250000000002e-24,1.9531250000000002e-24,1.9531250000000002e-24,1.9531250000000002e-24,1.1386877581875526e-19,6.373009380480297e-15,1.7788673558747272e-08,6.687161388335246e-18,3.471410770577279e-17,1.7105556995933515e-12,1.2245031066591808e-19,2.7079113144526133e-18,3.951280308226997e-16,1.9531250000000002e-24,5.913211208802293e-09,1.9531250000000002e-24
2024930_WZY_DM_assembly_Plate2F2,2024930_WZY_DM_assembly_Plate2,,,F2,Plate2_F2,Lactate,cycle 5,,0.1855,48 h,,"growth curve data NA, so 48 h label rather than 0: 0.05:48 was used",Ho lab/7_Shared data/16s rRNA/Raw reads/2024930_DM_assembly/Plate2,,0.0,0.0,0.0,0.0,0.0,0.0,0.0,0.0,not_assessable,review_required,True,,0.0185004112687641,0.0178900884227842,0.0,0.0042722599218589,0.0455071972033724,0.0439050997326753,0.0,0.0,0.0005721776681061,0.000724758379601,0.0,0.0,0.0,0.008658955377339,0.0,0.0003051614229899,1.9531250000000002e-24,1.9531250000000002e-24,1.9531250000000002e-24,1.9531250000000002e-24,7.381811355947085e-16,4.1455412168119293e-07,1.860619144472877e-14,8.513930139365059e-14,1.2995285287257632e-12,3.8825339885911625e-20,2.830758005780439e-08,3.2957312573522257e-13,5.472124054361848e-12,1.9531250000000002e-24,0.029973180580780023,1.9531250000000002e-24
2024930_WZY_DM_assembly_Plate2F3,2024930_WZY_DM_assembly_Plate2,,,F3,Plate2_F3,Lactate,cycle 5,,0.2805,48 h,,"growth curve data NA, so 48 h label rather than 0: 0.05:48 was used",Ho lab/7_Shared data/16s rRNA/Raw reads/2024930_DM_assembly/Plate2,,0.0,0.0,0.0,0.0,0.0,0.0,0.0,0.0,not_assessable,review_required,True,,0.1111876589560373,0.0046540511081506,0.0,0.0003057405837471,0.0079832263533971,0.0007473658713818,0.0,0.0,6.794235194380527e-05,0.0745667312583262,0.0,0.0,0.0,0.0065904081385491,0.0,0.0003057405837471,1.9531250000000002e-24,1.9531250000000002e-24,1.9531250000000002e-24,1.9531250000000002e-24,6.559289775781929e-18,2.073898666722279e-05,0.04633885658629104,8.546552551646248e-14,1.5471228134509045e-11,1.0897337182665126e-17,1.7593448992468744e-13,4.293193558608276e-13,1.6166701164156115e-11,1.9531250000000002e-24,0.007759417735870084,1.9531250000000002e-24
2024930_WZY_DM_assembly_Plate2F4,2024930_WZY_DM_assembly_Plate2,,,F4,Plate2_F4,Lactate,cycle 5,,0.1965,48 h,,"growth curve data NA, so 48 h label rather than 0: 0.05:48 was used",Ho lab/7_Shared data/16s rRNA/Raw reads/2024930_DM_assembly/Plate2,,0.0,0.0,0.0,0.0,0.0,0.0,0.0,0.0,not_assessable,review_required,True,,0.0091613295697878,0.0006694082149114,0.0,0.0021994841347089,0.0036721822075141,0.0029262701966128,0.0001147556939848,0.0001721335409772,0.0001338816429822,0.0048579910453572,0.0,0.0,0.0,0.0054508954642787,0.0,0.0,1.9531250000000002e-24,1.9531250000000002e-24,1.9531250000000002e-24,1.9531250000000002e-24,2.900794060970678e-23,2.938524168021043e-21,6.724854503956604e-19,1.5984379581542758e-22,3.3170752602817627e-22,1.9780851039086814e-23,1.6508321589706773e-22,1.747659084462252e-22,2.3527377713910966e-22,1.9531250000000002e-24,1.6530860589197622e-19,1.9531250000000002e-24
2024930_WZY_DM_assembly_Plate2F5,2024930_WZY_DM_assembly_Plate2,,,F5,Plate2_F5,Lactate,cycle 5,,0.2745,48 h,,"growth curve data NA, so 48 h label rather than 0: 0.05:48 was used",Ho lab/7_Shared data/16s rRNA/Raw reads/2024930_DM_assembly/Plate2,,0.0,0.0,0.0,0.0,0.0,0.0,0.0,0.0,not_assessable,review_required,True,,0.0041919674392007,0.0020221164519492,0.0,0.0004062699720811,0.000120034309933,0.0064449191025597,0.0,5.540045073833631e-05,0.0004801372397322,0.0173403410810992,0.0,0.0256781089172188,0.0,0.0042012008476571,0.0,0.0001385011268458,1.9531250000000002e-24,1.9531250000000002e-24,1.9531250000000002e-24,1.9531250000000002e-24,1.4048935993382597e-21,1.0490926222474378e-16,3.0793751367296473e-07,6.5927136313737956e-21,2.919872948106851e-20,3.6871964633184744e-16,3.6308163182545145e-22,9.938063399473252e-21,3.982548555182127e-20,1.9531250000000002e-24,1.6497989901996056e-14,1.9531250000000002e-24
2024930_WZY_DM_assembly_Plate2F6,2024930_WZY_DM_assembly_Plate2,,,F6,Plate2_F6,Lactate,cycle 5,,0.2185,48 h,,"growth curve data NA, so 48 h label rather than 0: 0.05:48 was used",Ho lab/7_Shared data/16s rRNA/Raw reads/2024930_DM_assembly/Plate2,,0.0,0.0,0.0,0.0,0.0,0.0,0.0,0.0,not_assessable,review_required,True,,0.0107515873015873,0.0018497354497354,0.0,0.000520238095238,0.0001156084656084,0.0011175485008818,1.9268077601410936e-05,7.707231040564374e-05,0.0011946208112874,0.0224473104056437,0.0,0.0,0.0,0.0014258377425044,0.0,0.0002697530864197,1.9531250000000002e-24,1.9531250000000002e-24,1.9531250000000002e-24,1.9531250000000002e-24,1.794623633119781e-23,9.767231556282278e-20,0.0012171917309693533,3.68734910843098e-23,1.349642994100584e-22,1.782625436332184e-23,5.0169085642332366e-23,1.093951836688893e-22,7.078347988211409e-23,1.9531250000000002e-24,6.453442231679333e-21,1.9531250000000002e-24
2024930_WZY_DM_assembly_Plate2F7,2024930_WZY_DM_assembly_Plate2,,,F7,Plate2_F7,Host_sugar_mix,cycle 5,,1.0175,48 h,,"growth curve data NA, so 48 h label rather than 0: 0.05:48 was used",Ho lab/7_Shared data/16s rRNA/Raw reads/2024930_DM_assembly/Plate2,,0.0,0.0005743960191099,0.0051270163187221,0.0,0.0,0.0,0.0,0.0005212112025256,not_assessable,review_required,True,,0.0848085085252516,0.0005212112025256,0.0196358342829066,0.000138280523119,0.1696808388304044,0.0028613431322328,0.0016593662774287,0.1268670614800798,0.0094988082419477,0.0192741775301337,0.0,0.0,0.0078500789278359,0.2659028089946371,0.002776247425698,2.1273926633701663e-05,1.9531250000000002e-24,1.9531250000000002e-24,1.9531250000000002e-24,1.9531250000000002e-24,0.02900250590063818,0.05151202359457378,0.03632794096969959,0.13480942956361003,0.3630153021823613,0.00915204597089003,0.04247016735779067,0.11199742851590365,0.11884901453281824,1.9531250000000002e-24,0.17524338643577297,1.9531250000000002e-24
2024930_WZY_DM_assembly_Plate2F8,2024930_WZY_DM_assembly_Plate2,,,F8,Plate2_F8,Host_sugar_mix,cycle 5,,1.1495,48 h,,"growth curve data NA, so 48 h label rather than 0: 0.05:48 was used",Ho lab/7_Shared data/16s rRNA/Raw reads/2024930_DM_assembly/Plate2,,0.0,0.0012225601973964,0.0052488584474885,0.0,0.0,0.0,0.0,0.0007987393289656,not_assessable,review_required,True,,0.1139589111999773,0.0010921537763407,0.0028200388553277,0.0004238208684307,0.0317539635270427,0.0579004509486939,0.002722234039536,0.0023473155790011,0.0086720270001985,0.0037002821974531,0.002021299526362,0.0,0.0035046725658697,0.4104216086672906,0.0019071939079383,0.0040915014606199,1.9531250000000002e-24,1.9531250000000002e-24,1.9531250000000002e-24,1.9531250000000002e-24,0.0008964349721802886,0.06690290855453578,0.03038693741805921,0.21091449300511875,0.3933798309104137,0.010025341228850628,0.053977286118899064,0.12757065412371807,0.0007064714448288387,1.9531250000000002e-24,0.1935126466785957,1.9531250000000002e-24
2024930_WZY_DM_assembly_Plate2F9,2024930_WZY_DM_assembly_Plate2,,,F9,Plate2_F9,Host_sugar_mix,cycle 5,,0.9225,48 h,,"growth curve data NA, so 48 h label rather than 0: 0.05:48 was used",Ho lab/7_Shared data/16s rRNA/Raw reads/2024930_DM_assembly/Plate2,,0.0,0.0038297626979652,0.0026831979396238,0.0,0.0,0.0,0.0,0.0001773038286095,not_assessable,review_required,True,,0.0086169660704218,0.0002600456152939,0.0002600456152939,1.182025524063349e-05,0.0890892637486546,0.030283493926503,0.0008510583773256,0.1369376569627389,0.000803777356363,0.0053427553687663,1.182025524063349e-05,0.0052954743478038,0.0073758392701552,0.3093006188816565,0.0019503421147045,0.003321491722618,1.9531250000000002e-24,1.9531250000000002e-24,1.9531250000000002e-24,1.9531250000000002e-24,0.0005551957896980581,0.05179524180591026,0.014260659180079061,0.09726327023196006,0.3426755393697881,0.005077821336355306,0.00015941659877989115,0.09740942759388019,7.358295806734703e-05,1.9531250000000002e-24,0.1641124046421415,1.9531250000000002e-24
2024930_WZY_DM_assembly_Plate2G10,2024930_WZY_DM_assembly_Plate2,,,G10,Plate2_G10,Master_mix,cycle 5,,0.7635,48 h,,"growth curve data NA, so 48 h label rather than 0: 0.05:48 was used",Ho lab/7_Shared data/16s rRNA/Raw reads/2024930_DM_assembly/Plate2,,0.0,0.0059617775928328,0.0063729346682006,0.0,0.0,0.0,0.0,0.0,not_assessable,review_required,True,,0.1412137664308618,0.0005232908231953,0.0002990233275402,3.737791594252564e-05,0.0045227278290456,0.0102602379262232,0.001140026436247,0.1004157711795951,0.01095172937116,0.0064103125841431,0.0,7.475583188505128e-05,0.0129888257900276,0.064215259589259,0.0054571757276087,0.0054571757276087,1.9531250000000002e-24,1.9531250000000002e-24,1.9531250000000002e-24,1.9531250000000002e-24,5.3156020565959585e-08,0.018903757617732782,0.022617565108231628,4.606853690441417e-06,0.09386811756996732,5.889465083169119e-12,4.120357904446019e-06,0.0003094905970521682,0.0027004449053002616,1.9531250000000002e-24,0.08216798667394437,1.9531250000000002e-24
2024930_WZY_DM_assembly_Plate2G11,2024930_WZY_DM_assembly_Plate2,,,G11,Plate2_G11,Master_mix,cycle 5,,0.9235,48 h,,"growth curve data NA, so 48 h label rather than 0: 0.05:48 was used",Ho lab/7_Shared data/16s rRNA/Raw reads/2024930_DM_assembly/Plate2,,0.0,0.0041159981233872,0.0055313237938853,0.0,0.0,0.0,0.0,0.0,not_assessable,review_required,True,,0.0532191336304636,5.7768394714207526e-05,0.0176049182891547,8.665259207131127e-05,0.0272233560090702,0.0135466885604816,0.0008520838220345,0.1262817108452576,0.0109471107983423,0.0485687778559699,0.0,0.0,0.0082753225428102,0.051500523887716,0.0,0.0012275783876769,1.9531250000000002e-24,1.9531250000000002e-24,1.9531250000000002e-24,1.9531250000000002e-24,1.7733675431519205e-09,0.02121897438599307,0.04684478658671835,8.443349360384723e-10,0.0011013869984324222,2.064222018383766e-14,7.110812195393416e-10,1.328554150898383e-07,6.636280543824588e-07,1.9531250000000002e-24,0.07143194471698411,1.9531250000000002e-24
2024930_WZY_DM_assembly_Plate2G12,2024930_WZY_DM_assembly_Plate2,,,G12,Plate2_G12,Master_mix,cycle 5,,0.7395,48 h,,"growth curve data NA, so 48 h label rather than 0: 0.05:48 was used",Ho lab/7_Shared data/16s rRNA/Raw reads/2024930_DM_assembly/Plate2,,0.0,0.006490327780763,0.0026159994626544,0.0,0.0,0.0,0.0,0.0005408606483969,not_assessable,review_required,True,,0.0310939682966147,1.103797241626366e-05,0.0241510836467848,0.000463594841483,0.0094595423607379,0.0012252149382052,0.0005629365932294,0.0126164024717893,0.0010927592692101,0.0070863782912412,0.0,0.0959751701594125,0.0038743283181085,0.3858323258104962,0.0,0.0003532151173204,1.9531250000000002e-24,1.9531250000000002e-24,1.9531250000000002e-24,1.9531250000000002e-24,0.0001334974881351118,0.05455557041636071,0.012215750573146281,0.17229617661453078,0.3457663120426608,0.02188564091079751,1.144068546344058e-13,0.10610322389648982,1.2281797951421025e-06,1.9531250000000002e-24,0.1708708344056063,1.9531250000000002e-24
2024930_WZY_DM_assembly_Plate2G1,2024930_WZY_DM_assembly_Plate2,,,G1,Plate2_G1,Fucose,cycle 5,,0.2985,48 h,,"growth curve data NA, so 48 h label rather than 0: 0.05:48 was used",Ho lab/7_Shared data/16s rRNA/Raw reads/2024930_DM_assembly/Plate2,,0.0,0.0,0.0004881766267192,0.0,0.0,0.0,0.0,0.0,not_assessable,review_required,True,,0.14299573715113,0.0004321563580793,0.0,0.0002000723879996,0.0053859486849513,0.0029930829244751,0.0009203329847985,0.0,0.0019767151934368,0.0517387195367168,0.0,0.0153815651894152,0.0,0.0002720984476795,0.0,0.0041134882972733,1.9531250000000002e-24,1.9531250000000002e-24,1.9531250000000002e-24,1.9531250000000002e-24,1.192281614866744e-15,2.4402822362517965e-05,0.035959892725834525,2.1316339038858642e-10,1.551051774143562e-08,1.4812328267382647e-12,1.4563650484743346e-10,4.828636695731602e-11,4.758976162323733e-07,1.9531250000000002e-24,0.032554802702959185,1.9531250000000002e-24
2024930_WZY_DM_assembly_Plate2G2,2024930_WZY_DM_assembly_Plate2,,,G2,Plate2_G2,Fucose,cycle 5,,0.3035,48 h,,"growth curve data NA, so 48 h label rather than 0: 0.05:48 was used",Ho lab/7_Shared data/16s rRNA/Raw reads/2024930_DM_assembly/Plate2,,0.0,0.0,0.0001465357688903,0.0,0.0,0.0,0.0,0.0,not_assessable,review_required,True,,0.1897882433411121,2.4422628148386575e-05,0.0,0.0002198036533354,0.0138598414742093,0.0035046471392934,0.0059469099541321,2.4422628148386575e-05,0.0011356522088999,0.0386976543011185,0.0,0.0189397481290737,0.0,0.0016973726563128,0.0,0.0007448901585257,1.9531250000000002e-24,1.9531250000000002e-24,1.9531250000000002e-24,1.9531250000000002e-24,4.36557039830993e-13,0.001023983906493426,0.028445456241176306,4.916067295433978e-06,0.00040487606498032286,2.7686453182878e-09,9.072413988507277e-06,5.056305054770344e-07,0.02068799788926822,1.9531250000000002e-24,0.052032453266581985,1.9531250000000002e-24
2024930_WZY_DM_assembly_Plate2G3,2024930_WZY_DM_assembly_Plate2,,,G3,Plate2_G3,Fucose,cycle 5,,0.4515,48 h,,"growth curve data NA, so 48 h label rather than 0: 0.05:48 was used",Ho lab/7_Shared data/16s rRNA/Raw reads/2024930_DM_assembly/Plate2,,0.0,0.0,0.0014378307497775,0.0,0.0,0.0,0.0,0.0,not_assessable,review_required,True,,0.1310751884981033,0.0034888540251955,0.0,0.0013955416100782,0.0027276495106074,0.0036157214442935,0.0207428230225261,0.0,0.0003383131175947,0.0094939118625017,0.0,0.0397940804570786,0.0,0.0075909005760314,0.0,0.0045249379478293,1.9531250000000002e-24,1.9531250000000002e-24,1.9531250000000002e-24,1.9531250000000002e-24,7.331892230828101e-14,7.678898282890556e-08,1.0381868887276218e-09,1.059270539495971e-07,2.5951641137746822e-06,2.974735933911065e-06,2.902156646078431e-10,9.009634953539895e-10,0.00021474666304005795,1.9531250000000002e-24,0.04807470876320727,1.9531250000000002e-24
2024930_WZY_DM_assembly_Plate2G4,2024930_WZY_DM_assembly_Plate2,,,G4,Plate2_G4,Fucose,cycle 5,,0.5215,48 h,,"growth curve data NA, so 48 h label rather than 0: 0.05:48 was used",Ho lab/7_Shared data/16s rRNA/Raw reads/2024930_DM_assembly/Plate2,,0.0,0.0,0.0009302432432432,0.0,0.0,0.0,0.0,0.0,not_assessable,review_required,True,,0.062890081081081,0.0013248918918918,0.0,0.0048767297297297,0.0047357837837837,0.0033545135135135,0.0237634864864864,0.0003382702702702,0.0080902972972972,0.1253855135135135,0.0,0.0043693243243243,0.0,0.021903,0.0,0.0045948378378378,1.9531250000000002e-24,1.9531250000000002e-24,1.9531250000000002e-24,1.9531250000000002e-24,2.179733468301187e-18,0.017471412113489737,0.08451493346508919,1.1459669509847704e-13,3.159084605280308e-10,2.948662229599344e-16,9.582389022117603e-15,2.117460712195322e-12,4.6045106050897426e-12,1.9531250000000002e-24,0.02446667211543808,1.9531250000000002e-24
2024930_WZY_DM_assembly_Plate2G5,2024930_WZY_DM_assembly_Plate2,,,G5,Plate2_G5,Fucose,cycle 5,,0.4815,48 h,,"growth curve data NA, so 48 h label rather than 0: 0.05:48 was used",Ho lab/7_Shared data/16s rRNA/Raw reads/2024930_DM_assembly/Plate2,,0.0,0.0,0.0002325143420061,0.0,0.0,0.0,0.0,0.0,not_assessable,review_required,True,,0.1478140175001448,0.0007068435996986,0.0,0.0010788665469085,0.1818634177435243,0.0020740279306947,0.0001395086052036,3.7202294720982794e-05,2.790172104073709e-05,0.054436257750478,0.0,0.0,5.580344208147418e-05,0.0015717969519615,0.0044084719244364,0.000344121226169,1.9531250000000002e-24,1.9531250000000002e-24,1.9531250000000002e-24,1.9531250000000002e-24,9.02985456009953e-09,0.019759275589292535,0.03887399369752342,7.718412390424643e-05,0.020007895754987338,3.479972173271465e-09,0.04384458269592113,0.031658264762421215,0.239927193969704,1.9531250000000002e-24,0.07267254212078102,1.9531250000000002e-24
2024930_WZY_DM_assembly_Plate2G6,2024930_WZY_DM_assembly_Plate2,,,G6,Plate2_G6,Fucose,cycle 5,,0.3945,48 h,,"growth curve data NA, so 48 h label rather than 0: 0.05:48 was used",Ho lab/7_Shared data/16s rRNA/Raw reads/2024930_DM_assembly/Plate2,,0.0,0.0,0.0001839033823097,0.0,0.0,0.0,0.0,0.0,not_assessable,review_required,True,,0.1476063036309328,0.000347373055474,0.0,0.0010761753483312,0.1331664825014244,0.0016483192044061,0.0094812410435263,3.405618190921804e-05,0.0001021685457276,0.0197117180890554,0.0,0.0,4.767865467290527e-05,0.0044749823028712,0.0,0.0042093440839793,1.9531250000000002e-24,1.9531250000000002e-24,1.9531250000000002e-24,1.9531250000000002e-24,1.3325587453415317e-10,0.0018087108135847697,0.011665640084948255,5.237160803869075e-05,0.004037708060011304,2.500599442006202e-11,0.022639532595085856,0.0012223384939568855,0.183108880949646,1.9531250000000002e-24,0.06319990992552849,1.9531250000000002e-24
2024930_WZY_DM_assembly_Plate2G7,2024930_WZY_DM_assembly_Plate2,,,G7,Plate2_G7,Master_mix,cycle 5,,0.7845,48 h,,"growth curve data NA, so 48 h label rather than 0: 0.05:48 was used",Ho lab/7_Shared data/16s rRNA/Raw reads/2024930_DM_assembly/Plate2,,0.0,0.0019772275967413,0.0061214167515274,0.0,0.0,0.0,0.0,0.0001697619653767,not_assessable,review_required,True,,0.0947970786659877,0.0005492298879837,0.0548331148167006,5.991598778004074e-05,0.0002696219450101,0.0055622008655804,0.0007689218431771,0.0979826120162932,0.0007888938391038,0.0038745672097759,0.0,0.0,0.0002496499490835,0.4258628691446028,0.0,0.0028160514256619,1.9531250000000002e-24,1.9531250000000002e-24,1.9531250000000002e-24,1.9531250000000002e-24,0.009148075471606508,0.0581301618868957,0.012985156565027366,0.18734498191128815,0.3905091701189568,0.009218960712165285,2.6930063262234652e-06,0.11595436316824523,3.619266382683585e-05,1.9531250000000002e-24,0.19100163485294538,1.9531250000000002e-24
2024930_WZY_DM_assembly_Plate2G8,2024930_WZY_DM_assembly_Plate2,,,G8,Plate2_G8,Master_mix,cycle 5,,0.7775,48 h,,"growth curve data NA, so 48 h label rather than 0: 0.05:48 was used",Ho lab/7_Shared data/16s rRNA/Raw reads/2024930_DM_assembly/Plate2,,0.0,0.0017959532755369,0.002750763877721,0.0,0.0,0.0,0.0,0.0001818686861303,not_assessable,review_required,True,,0.0396132731977602,0.0004660385082089,0.004944554904168,0.0,0.0158566760719872,0.0005569728512741,0.000863876259119,0.0063995043932106,0.0042170801596467,0.0188120422216049,0.0,0.0,0.0053764930337275,0.3396511381412552,0.0005797064370403,0.0033532039005277,1.9531250000000002e-24,1.9531250000000002e-24,1.9531250000000002e-24,1.9531250000000002e-24,2.3636312539188126e-12,0.0438680753319661,0.02553375213326032,0.060999412973015615,0.26654552480059623,4.9797629988418235e-05,1.1317379241563403e-14,0.07631242138803734,2.58599453332876e-12,1.9531250000000002e-24,0.12922588054375989,1.9531250000000002e-24
2024930_WZY_DM_assembly_Plate2G9,2024930_WZY_DM_assembly_Plate2,,,G9,Plate2_G9,Master_mix,cycle 5,,0.9205,48 h,,"growth curve data NA, so 48 h label rather than 0: 0.05:48 was used",Ho lab/7_Shared data/16s rRNA/Raw reads/2024930_DM_assembly/Plate2,,0.0,0.0021338529176658,0.0026489208633093,0.0,0.0,0.0,0.0,0.0,not_assessable,review_required,True,,0.1544100119904076,0.0006622302158273,0.0046724020783373,0.0,0.0642731215027977,0.0199036970423661,0.0058129096722621,0.0093815947242206,0.0061072342126298,0.053971762589928,0.0,0.0,0.0008829736211031,0.343145623501199,0.0,0.0059232813749,1.9531250000000002e-24,1.9531250000000002e-24,1.9531250000000002e-24,1.9531250000000002e-24,0.00022499287381569147,0.06052438096156374,0.053456118754734105,0.18311204977710133,0.37738116724581916,0.009909212612200373,0.039718414074625646,0.11940153973143486,0.009632685994117991,1.9531250000000002e-24,0.1740393349978466,1.9531250000000002e-24
2024930_WZY_DM_assembly_Plate2H10,2024930_WZY_DM_assembly_Plate2,low growth,,H10,Plate2_H10,blank,cycle 5,,0.0055,48 h,,"growth curve data NA, so 48 h label rather than 0: 0.05:48 was used",Ho lab/7_Shared data/16s rRNA/Raw reads/2024930_DM_assembly/Plate2,,0.0,0.0,0.0,0.0,0.0,0.0,0.0,0.0,not_assessable,review_required,False,low growth,0.0,0.0,0.0,0.0,0.0015714285714285,0.0,0.0,0.0,0.0,0.0,0.0,0.0,0.0,0.0023571428571428,0.0,0.0,1.9531250000000002e-24,1.9531250000000002e-24,1.9531250000000002e-24,1.9531250000000002e-24,2.5895039274563896e-24,5.3600095008837825e-24,2.6970461827082058e-24,3.772767785290471e-24,4.310624302440866e-24,3.0206508342888284e-24,2.800404986586186e-24,3.968192284466369e-24,3.3003332937597606e-24,1.9531250000000002e-24,1.4253949221865564e-23,1.9531250000000002e-24
2024930_WZY_DM_assembly_Plate2H11,2024930_WZY_DM_assembly_Plate2,low growth,,H11,Plate2_H11,blank,cycle 5,,-0.0065,48 h,,"growth curve data NA, so 48 h label rather than 0: 0.05:48 was used",Ho lab/7_Shared data/16s rRNA/Raw reads/2024930_DM_assembly/Plate2,,-0.0,-0.0,-0.0,-0.0,-0.0,-0.0,-0.0,-0.0,not_assessable,review_required,False,low growth,0.0,0.0,0.0,0.0,0.0,0.0,0.0,0.0,0.0,0.0,0.0,0.0,0.0,0.0,0.0,0.0,1.9531250000000002e-24,1.9531250000000002e-24,1.9531250000000002e-24,1.9531250000000002e-24,1.9531250000000002e-24,1.9531250000000002e-24,1.9531250000000002e-24,1.9531250000000002e-24,1.9531250000000002e-24,1.9531250000000002e-24,1.9531250000000002e-24,1.9531250000000002e-24,1.9531250000000002e-24,1.9531250000000002e-24,1.9531250000000002e-24,1.9531250000000002e-24
2024930_WZY_DM_assembly_Plate2H12,2024930_WZY_DM_assembly_Plate2,low growth,,H12,Plate2_H12,blank,cycle 5,,0.0015,48 h,,"growth curve data NA, so 48 h label rather than 0: 0.05:48 was used",Ho lab/7_Shared data/16s rRNA/Raw reads/2024930_DM_assembly/Plate2,,0.0,0.0,0.0,0.0,0.0,0.0,0.0,0.0,not_assessable,review_required,False,low growth,0.00015,0.0,0.0,0.0,0.0,0.0,0.0,0.0002,0.0,0.0001,0.0,0.0,0.0,0.0,0.0009,0.0,1.9531250000000002e-24,1.9531250000000002e-24,1.9531250000000002e-24,1.9531250000000002e-24,2.0340951652286513e-24,2.3256027903199914e-24,2.4644391470542976e-24,2.1739589066949773e-24,2.227968695728291e-24,2.0417733931750726e-24,2.027782721223574e-24,2.2715653407191543e-24,2.4024208153754282e-24,1.9531250000000002e-24,3.31314018046219e-24,1.9531250000000002e-24
2024930_WZY_DM_assembly_Plate2H1,2024930_WZY_DM_assembly_Plate2,,,H1,Plate2_H1,Sialic_acid,cycle 5,,0.6325,48 h,,"growth curve data NA, so 48 h label rather than 0: 0.05:48 was used",Ho lab/7_Shared data/16s rRNA/Raw reads/2024930_DM_assembly/Plate2,,0.0,0.0,0.0,0.0,0.0,0.0,0.000332051757149,0.0,not_assessable,review_required,True,,0.2469488450373664,0.0002539219319374,0.0,0.102994642085109,0.0003125193008461,0.001347739484899,0.001855583348774,0.0514094249891915,0.0014454017664134,0.0432839231671916,0.0,0.0347287073065283,0.0,0.0004883114075721,0.0006250386016922,0.0,1.9531250000000002e-24,1.9531250000000002e-24,1.9531250000000002e-24,1.9531250000000002e-24,0.0034623993647012285,0.022069970570395912,0.03481977985993548,0.00010127430022698846,0.05748224596383919,0.0028266590912442886,0.003234750317250997,0.037488825175222784,0.2858464321802086,1.9531250000000002e-24,0.09066342326408602,1.9531250000000002e-24
2024930_WZY_DM_assembly_Plate2H2,2024930_WZY_DM_assembly_Plate2,,,H2,Plate2_H2,Sialic_acid,cycle 5,,0.5895,48 h,,"growth curve data NA, so 48 h label rather than 0: 0.05:48 was used",Ho lab/7_Shared data/16s rRNA/Raw reads/2024930_DM_assembly/Plate2,,0.0,0.0,0.0,0.0,0.0,0.0,0.0009675830939679,0.0,not_assessable,review_required,True,,0.0396104329093147,0.0001814218301189,0.0,0.0010280570373409,0.0080430344686089,0.0009071091505949,0.0116109971276159,0.0132437935986869,0.0029632232252769,0.0012699528108329,0.0,0.2054299856380796,0.0,0.0239476815757078,0.0096153569963069,0.0,1.9531250000000002e-24,1.9531250000000002e-24,1.9531250000000002e-24,1.9531250000000002e-24,4.17335317940578e-07,0.01837886836686682,1.1770188469127221e-11,0.00010832216852123477,0.009992025269134314,0.028141085572858156,6.8050060666769694e-18,0.0003078730816091036,0.15473035248615968,1.9531250000000002e-24,0.08285843329533091,1.9531250000000002e-24
2024930_WZY_DM_assembly_Plate2H3,2024930_WZY_DM_assembly_Plate2,,,H3,Plate2_H3,Sialic_acid,cycle 5,,0.5235,48 h,,"growth curve data NA, so 48 h label rather than 0: 0.05:48 was used",Ho lab/7_Shared data/16s rRNA/Raw reads/2024930_DM_assembly/Plate2,,0.0,0.0,0.0,0.0,0.0,0.0,0.0002135094285303,0.0,not_assessable,review_required,True,,0.214916078882971,6.279689074420612e-05,0.0,0.0042827479487548,0.0004019001007629,0.0033282352094429,0.0041571541672664,0.0544323448970778,0.0014066503526702,0.0054130919821505,0.0,0.1209593709514898,0.0,0.0009168346048654,0.0047097668058154,0.0,1.9531250000000002e-24,1.9531250000000002e-24,1.9531250000000002e-24,1.9531250000000002e-24,0.00036927891723786185,0.020973136535972325,4.262530133234145e-07,2.3259706232264593e-05,0.020407340579875356,0.020250781210126297,9.902579320687884e-05,0.033808535027810276,0.279341438511753,1.9531250000000002e-24,0.09311048296542324,1.9531250000000002e-24
2024930_WZY_DM_assembly_Plate2H4,2024930_WZY_DM_assembly_Plate2,,,H4,Plate2_H4,Sialic_acid,cycle 5,,0.6175,48 h,,"growth curve data NA, so 48 h label rather than 0: 0.05:48 was used",Ho lab/7_Shared data/16s rRNA/Raw reads/2024930_DM_assembly/Plate2,,0.0,0.0,0.0,0.0,0.0,0.0,0.000234606095145,0.0,not_assessable,review_required,True,,0.0949819533772965,0.0002010909386957,0.0,0.0710018589378273,0.0002513636733696,0.0019941518087329,0.0069543949632283,0.0544453716518765,0.0015249396184428,0.0004859697685147,0.0,0.0333978534017205,0.0,0.0088480013026133,0.0001508182040218,8.378789112323266e-05,1.9531250000000002e-24,1.9531250000000002e-24,1.9531250000000002e-24,1.9531250000000002e-24,8.884614114639891e-11,1.8053638371910652e-08,1.5291911928751604e-14,2.1285412842680918e-07,6.836380944425295e-05,1.1757218068009381e-08,9.941672882416447e-15,2.1827027714264214e-10,0.001104508738135088,1.9531250000000002e-24,0.0567956497781072,1.9531250000000002e-24
2024930_WZY_DM_assembly_Plate2H5,2024930_WZY_DM_assembly_Plate2,,,H5,Plate2_H5,Sialic_acid,cycle 5,,0.6445,48 h,,"growth curve data NA, so 48 h label rather than 0: 0.05:48 was used",Ho lab/7_Shared data/16s rRNA/Raw reads/2024930_DM_assembly/Plate2,,0.0,0.0,0.0,0.0,0.0,0.0,0.0006225665031951,0.0,not_assessable,review_required,True,,0.0233701887353247,0.0,0.0,0.1331813419527418,0.0037832887501857,0.0007901805617476,0.0100807883786595,0.1225498216674097,0.0036875092881557,0.0009099048892851,0.0,0.0006944010997176,0.0,0.0204728600089166,0.0,0.00028733838609,1.9531250000000002e-24,1.9531250000000002e-24,1.9531250000000002e-24,1.9531250000000002e-24,2.076281417839913e-09,2.2235985959714956e-09,1.9311307802651639e-10,1.9266057263572236e-09,4.1170319055898204e-05,1.615571882394913e-18,2.676731740854519e-20,1.0127285388667995e-12,1.156554392840662e-05,1.9531250000000002e-24,0.06112906480863299,1.9531250000000002e-24
2024930_WZY_DM_assembly_Plate2H6,2024930_WZY_DM_assembly_Plate2,,,H6,Plate2_H6,Sialic_acid,cycle 5,,0.6825,48 h,,"growth curve data NA, so 48 h label rather than 0: 0.05:48 was used",Ho lab/7_Shared data/16s rRNA/Raw reads/2024930_DM_assembly/Plate2,,0.0,0.0,0.0,0.0,0.0,0.0,0.00071368045289,0.0,not_assessable,review_required,True,,0.0142489993870118,0.0001476580247358,0.0,0.2336688241445209,0.0014273609057801,0.0071860238704792,0.0086379944470486,0.0010336061731511,0.0004429740742076,0.0047988858039159,0.0,0.0942796487938557,0.0,0.0179896693469873,0.0014027512349908,0.0,1.9531250000000002e-24,1.9531250000000002e-24,1.9531250000000002e-24,1.9531250000000002e-24,0.0038765601611507757,0.0023935010832940723,4.10576703006389e-10,0.0030222059642395884,0.02797226501013941,0.012135353187896701,2.2508983427884936e-19,9.392569083762564e-06,0.2166355660164713,1.9531250000000002e-24,0.07937893435312642,1.9531250000000002e-24
2024930_WZY_DM_assembly_Plate2H7,2024930_WZY_DM_assembly_Plate2,low growth,,H7,Plate2_H7,blank,cycle 5,,0.0945,48 h,,"growth curve data NA, so 48 h label rather than 0: 0.05:48 was used",Ho lab/7_Shared data/16s rRNA/Raw reads/2024930_DM_assembly/Plate2,,0.0,0.0,0.0003704268292682,0.0,0.0,0.0,0.0,0.0,not_assessable,review_required,False,low growth,0.024139481707317,0.0002881097560975,0.0,0.0,0.0060708841463414,0.0003704268292682,0.0,6.173780487804878e-05,0.001749237804878,0.0111333841463414,0.0,0.0032103658536585,0.0,0.0,8.231707317073171e-05,0.0,1.9531250000000002e-24,1.9531250000000002e-24,1.9531250000000002e-24,1.9531250000000002e-24,1.0881473978514486e-22,3.3647131103838824e-20,6.16255330544339e-11,1.3587990197159819e-21,3.3482767650531314e-21,6.257647413707397e-22,1.2271635418781508e-21,1.1136256674929688e-21,7.42483357688779e-21,1.9531250000000002e-24,4.018692536217265e-18,1.9531250000000002e-24
2024930_WZY_DM_assembly_Plate2H8,2024930_WZY_DM_assembly_Plate2,low growth,,H8,Plate2_H8,blank,cycle 5,,0.1235,48 h,,"growth curve data NA, so 48 h label rather than 0: 0.05:48 was used",Ho lab/7_Shared data/16s rRNA/Raw reads/2024930_DM_assembly/Plate2,,0.0,0.0,0.0002291280148423,0.0,0.0,0.0,0.0,0.0,not_assessable,review_required,False,low growth,0.0328989641311069,0.0009928880643166,0.0,0.0,0.0066065244279529,0.0003245980210265,0.0,0.0,0.0023676561533704,0.0111508967223252,0.0,0.0,0.0,0.0,0.0001718460111317,0.0,1.9531250000000002e-24,1.9531250000000002e-24,1.9531250000000002e-24,1.9531250000000002e-24,2.076289300301825e-22,8.426851357500241e-20,9.91263745125761e-10,4.309400683303182e-21,1.172335881330543e-20,1.9350339840421052e-22,7.314998051799285e-21,3.428856796328564e-21,3.0614370717774194e-20,1.9531250000000002e-24,4.392238611248876e-17,1.9531250000000002e-24
2024930_WZY_DM_assembly_Plate2H9,2024930_WZY_DM_assembly_Plate2,low growth,,H9,Plate2_H9,blank,cycle 5,,-0.0005,48 h,,"growth curve data NA, so 48 h label rather than 0: 0.05:48 was used",Ho lab/7_Shared data/16s rRNA/Raw reads/2024930_DM_assembly/Plate2,,-0.0,-0.0,-0.0,-0.0,-0.0,-0.0,-0.0,-0.0,not_assessable,review_required,False,low growth,0.0,0.0,0.0,0.0,0.0,0.0,0.0,0.0,0.0,0.0,0.0,0.0,0.0,0.0,0.0,0.0,1.9531250000000002e-24,1.9531250000000002e-24,1.9531250000000002e-24,1.9531250000000002e-24,1.9531250000000002e-24,1.9531250000000002e-24,1.9531250000000002e-24,1.9531250000000002e-24,1.9531250000000002e-24,1.9531250000000002e-24,1.9531250000000002e-24,1.9531250000000002e-24,1.9531250000000002e-24,1.9531250000000002e-24,1.9531250000000002e-24,1.9531250000000002e-24
