Sample ID,Experiment ID,growth_qc,Growth Well ID,16S Well ID,Media,Protocol,Initial OD,Final OD,Growth curve time,Growth curve OD,Notes,Data location,Bb,Bbi,Bc,Bl,Bt47,Bt61,Pg,Pj,contamination_status,modeling_action_default,included_in_carbon_score,carbon_score_exclusion_reason,Ai,Ac,Bfi,Bf,Bt,Bu,Bx,Ba,Csp,Dl,Ls,Mf,Pm,Bd,Bv,Rg,Af,Ao,As,Bl.s,Col,Cs,Et,Eu.c,Eu.l,Im,Ld,Lsp,Mi,Pc,Va,Vp
2024930_WZY_DM_assembly_Plate1A1,2024930_WZY_DM_assembly_Plate1,,A1,Plate1_A1,Glucose,cycle 5,,1.2345,48 h,,"growth curve data NA, so 48 h label rather than 0: 0.05:48 was used",Ho lab/7_Shared data/16s rRNA/Raw reads/2024930_DM_assembly/Plate1,0.0,0.0,0.0,0.0,0.0,0.0,0.0,0.0,not_assessable,review_required,True,,-0.7062297307694126,0.0,0.0,-0.7062297307694123,-0.7062297307694126,-0.7062297307694123,0.0,-0.7062297307694123,-0.7062297307694126,-0.7062297307694126,0.0,-0.7062297307694123,0.0,-0.7062297307694123,0.0,0.0,0.0,0.0,-0.8921083951418171,0.0,0.4672411191734615,2.9506675076593716,3.686446906920529,1.2289051158275968,0.0,3.390976433809986,5.125704920636353,5.91333081575167,0.21303707719554732,0.0,0.48506178342177675,-2.942193626578124
2024930_WZY_DM_assembly_Plate1A2,2024930_WZY_DM_assembly_Plate1,,A2,Plate1_A2,Glucose,cycle 5,,1.0345,48 h,,"growth curve data NA, so 48 h label rather than 0: 0.05:48 was used",Ho lab/7_Shared data/16s rRNA/Raw reads/2024930_DM_assembly/Plate1,0.0,0.0,0.000369082715238,0.0,0.0,0.0,0.0,0.0,not_assessable,review_required,True,,0.9820359271287743,0.0,0.0,0.9820359271287743,0.9820359271287743,0.9820359271287743,0.37698867382226003,0.9820359271287743,0.9820359271287743,0.9820359271287743,0.0,0.9820359271287744,0.9820359271287744,0.9820359271287744,0.0,0.0,0.0,0.0,-1.5965866078631825,0.0,-6.445267860598433,2.587575818468379,2.5312516971134498,2.406859635237687,0.0,-0.14831277911039648,0.0,0.0,-0.4021962838563435,0.0,0.3528783361316525,-8.244737601229108
2024930_WZY_DM_assembly_Plate1A3,2024930_WZY_DM_assembly_Plate1,,A3,Plate1_A3,Glucose,cycle 5,,1.0485,48 h,,"growth curve data NA, so 48 h label rather than 0: 0.05:48 was used",Ho lab/7_Shared data/16s rRNA/Raw reads/2024930_DM_assembly/Plate1,0.0,0.0,0.0,0.0,0.0,0.0,0.0,0.0,not_assessable,review_required,True,,0.10240230394240218,0.0,0.0,0.10240230394240218,0.10240230394240218,0.10240230394240218,0.10240230394240218,0.10240230394240189,0.10240230394240218,0.10240230394240189,0.0,0.10240230394240218,0.10240230394240189,0.10240230394240218,0.0,0.0,0.0,0.0,-0.6091928270295296,0.0,-7.131650031488884,1.2194208802924211,3.658560132252798,4.422659022979955,0.0,0.0,0.0,5.84617363566667,3.902020432842954,0.0,2.819757353507717,-8.583486220998278
2024930_WZY_DM_assembly_Plate1A4,2024930_WZY_DM_assembly_Plate1,,A4,Plate1_A4,Glucose,cycle 5,,1.0625,48 h,,"growth curve data NA, so 48 h label rather than 0: 0.05:48 was used",Ho lab/7_Shared data/16s rRNA/Raw reads/2024930_DM_assembly/Plate1,0.0,0.0,0.0,0.0,0.0,0.0,0.0,0.0,not_assessable,review_required,True,,2.2003092329207163,1.7845505663980559,0.0,2.2003092329207163,2.2003092329207163,2.2003092329207163,2.2003092329207163,2.2003092329207163,2.2003092329207163,2.2003092329207163,0.7845505663978747,0.0,2.2003092329207163,2.2003092329207163,0.0,1.0069429877344775,0.0,0.0,-1.5842413334774754,0.0,-8.635336957419277,1.6817726339416417,4.898175954330918,-2.189103391636362,0.0,-1.4587104513935958,0.0,0.0,-5.698851286043614,0.0,0.19101981431462864,-8.028220876078755
2024930_WZY_DM_assembly_Plate1A5,2024930_WZY_DM_assembly_Plate1,,A5,Plate1_A5,Glucose,cycle 5,,1.0755,48 h,,"growth curve data NA, so 48 h label rather than 0: 0.05:48 was used",Ho lab/7_Shared data/16s rRNA/Raw reads/2024930_DM_assembly/Plate1,0.0,0.0006192728469194,0.0005750390721395,0.0,0.0,0.0,0.0,0.0,not_assessable,review_required,True,,-1.065902455225369,0.0,-0.6458151234123813,-0.48535045121917547,-1.0659024552253693,-1.0659024552253693,-1.065902455225369,-1.0659024552253693,-1.065902455225369,0.0,-1.065902455225369,0.0,-1.0659024552253693,-1.0659024552253693,0.0,0.0,0.0,0.0,0.0,0.0,-5.904691047764494,4.112331042929815,2.076677974758956,2.8387745609554766,0.0,1.3416456585828866,0.0,6.1444440380946554,1.1937968311192175,0.0,0.6248469413375248,-3.617056130431008
2024930_WZY_DM_assembly_Plate1A6,2024930_WZY_DM_assembly_Plate1,,A6,Plate1_A6,Glucose,cycle 5,,1.0595,48 h,,"growth curve data NA, so 48 h label rather than 0: 0.05:48 was used",Ho lab/7_Shared data/16s rRNA/Raw reads/2024930_DM_assembly/Plate1,0.0,0.0,0.0,0.0,0.0,0.0,0.0,0.0,not_assessable,review_required,True,,-0.5301804175122741,0.0,0.0,-0.45892472288350067,0.0,-0.5301804175122741,0.0,-0.5301804175122741,-0.5301804175122741,-0.5301804175122743,0.0,0.0,-0.5301804175122741,-0.5301804175122741,-0.5301804175122741,0.0,0.0,0.0,-1.5383591903779734,0.0,-3.547987891575776,1.2311962117865642,3.6164275404953177,6.331679077983404,0.0,-2.452103457027559,0.0,6.097802483189473,-1.0621807488401576,0.0,0.5460658468663473,-7.430793586702532
2024930_WZY_DM_assembly_Plate1A7,2024930_WZY_DM_assembly_Plate1,,A7,Plate1_A7,Galactose,cycle 5,,0.9425,48 h,,"growth curve data NA, so 48 h label rather than 0: 0.05:48 was used",Ho lab/7_Shared data/16s rRNA/Raw reads/2024930_DM_assembly/Plate1,0.0,0.0,0.0006623330990864,0.0,0.0,0.0,0.0,0.0,not_assessable,review_required,True,,-0.6911591623867189,0.0,0.0,0.0,0.0,-0.6911591623867192,-0.6911591623867192,-0.6911591623867192,0.0,-0.6911591623867189,-0.6911591623867189,0.0,-0.6911591623867189,-0.6911591623867189,0.0,0.0,0.0,0.0,0.0,0.0,-6.560856813028084,1.3902905216599102,3.6348612976360566,2.9811815347039814,0.0,-4.108889901803168,0.0,7.1505857825611585,7.077576811570335,0.0,3.254747920249271,-8.343046686025112
2024930_WZY_DM_assembly_Plate1A8,2024930_WZY_DM_assembly_Plate1,,A8,Plate1_A8,Galactose,cycle 5,,0.9185,48 h,,"growth curve data NA, so 48 h label rather than 0: 0.05:48 was used",Ho lab/7_Shared data/16s rRNA/Raw reads/2024930_DM_assembly/Plate1,0.0,0.0,1.3141516317800063e-05,0.0,0.0,0.0,0.0,0.0,not_assessable,review_required,True,,0.49319661414277133,0.0,0.0,0.0,0.49319661414277155,0.49319661414277155,0.49319661414277155,0.49319661414277155,0.49319661414277155,0.0,0.49319661414277155,0.0,0.49319661414277177,0.49319661414277133,0.0,0.0,0.0,0.0,0.0,0.0,-5.814725816552097,2.4453437113014056,-0.9709766572340879,3.3932861310172986,0.0,-2.952429358100377,0.0,6.980347801428994,-2.683516209014708,0.0,0.10366045490423689,-8.667969558234956
2024930_WZY_DM_assembly_Plate1A9,2024930_WZY_DM_assembly_Plate1,,A9,Plate1_A9,Galactose,cycle 5,,0.8635,48 h,,"growth curve data NA, so 48 h label rather than 0: 0.05:48 was used",Ho lab/7_Shared data/16s rRNA/Raw reads/2024930_DM_assembly/Plate1,0.0,0.0,0.0001490935251798,0.0,0.0,0.0,0.0,0.0,not_assessable,review_required,True,,-0.6620550297930815,0.0,0.0,-0.27362546998682785,-0.6620550297930818,-0.6620550297930821,0.0,-0.6620550297930818,-0.6620550297930818,-0.6620550297930821,-0.6620550297930818,0.0,-0.6620550297930818,-0.6620550297930818,0.0,0.0,0.0,0.0,0.0,0.0,-2.02426600105023,1.6845671926924737,5.191856391372899,2.421292370318987,0.0,-2.9073703437943834,0.0,6.457208977762651,2.6575301756266536,0.0,-1.2207994884251845,-6.143402892578374
2024930_WZY_DM_assembly_Plate1A10,2024930_WZY_DM_assembly_Plate1,,A10,Plate1_A10,Galactose,cycle 5,,0.8905,48 h,,"growth curve data NA, so 48 h label rather than 0: 0.05:48 was used",Ho lab/7_Shared data/16s rRNA/Raw reads/2024930_DM_assembly/Plate1,0.0,0.0,0.0011048572338748,0.0,0.0,0.0,0.0,0.0,not_assessable,review_required,True,,0.3968205100684803,0.3583116699135599,0.0,0.3583116699135599,0.3968205100684803,0.3968205100684803,0.3968205100684803,0.3968205100684803,0.3968205100684803,0.39682051006848,0.3968205100684803,0.0,0.39682051006848,0.3968205100684803,0.0,0.0,0.0,0.0,0.0,0.0,-6.4703787508846755,2.1323286663648715,4.352091239765208,-5.04088398490973,0.0,-3.1936225843818624,0.0,6.049382750597513,8.124460245861059,0.0,-0.8117344752121237,-8.528135753836832
2024930_WZY_DM_assembly_Plate1A11,2024930_WZY_DM_assembly_Plate1,,A11,Plate1_A11,Galactose,cycle 5,,0.9725,48 h,,"growth curve data NA, so 48 h label rather than 0: 0.05:48 was used",Ho lab/7_Shared data/16s rRNA/Raw reads/2024930_DM_assembly/Plate1,0.0,0.0,0.0006273103927357,0.0,0.0,0.0,0.0,0.0,not_assessable,review_required,True,,-1.304268721334435,0.0,0.0,-1.3042687213344353,-1.304268721334435,-1.3042687213344348,-1.3042687213344353,-1.304268721334435,-1.304268721334435,-1.3042687213344353,-1.3042687213344353,-1.304268721334435,-1.304268721334435,-1.304268721334435,0.0,0.0,0.0,0.0,-0.19153436161009438,0.0,-6.825635132761572,1.1440285279346665,1.9019595456066667,2.0122187668970937,0.0,-2.849366194423764,0.0,7.089402089120904,7.533648950554084,0.0,2.9560584286177494,-4.187608658396331
2024930_WZY_DM_assembly_Plate1A12,2024930_WZY_DM_assembly_Plate1,,A12,Plate1_A12,Galactose,cycle 5,,0.9375,48 h,,"growth curve data NA, so 48 h label rather than 0: 0.05:48 was used",Ho lab/7_Shared data/16s rRNA/Raw reads/2024930_DM_assembly/Plate1,0.0,8.011177194421658e-05,0.0010254306808859,0.0,0.0,0.0,0.0,0.0,not_assessable,review_required,True,,-1.2162767013518268,0.0,0.0,0.0,-1.2162767013518265,-1.2162767013518268,-1.2162767013518268,-1.2162767013518268,-1.2162767013518265,-1.2162767013518268,0.0,-1.2162767013518268,-0.3208662274316615,-1.2162767013518268,0.0,0.0,0.0,0.0,0.0,0.0,0.7752335659437268,4.670429179702544,3.483517825987562,2.5283674211012133,0.0,2.648148306086168,4.194777552824586,5.834696124375231,7.715704572207908,0.0,1.577197081801787,-5.294691344567544
2024930_WZY_DM_assembly_Plate1B1,2024930_WZY_DM_assembly_Plate1,high other species,B1,Plate1_B1,Fructose,cycle 5,,0.8335,48 h,,"growth curve data NA, so 48 h label rather than 0: 0.05:48 was used",Ho lab/7_Shared data/16s rRNA/Raw reads/2024930_DM_assembly/Plate1,0.0,0.4967089001761147,8.509660787666862e-05,0.0,0.0,0.0,0.0,0.0,not_assessable,review_required,False,high other species,0.6244336090204151,0.6244336090204151,0.0,0.6244336090204151,0.6244336090204151,0.6244336090204153,0.624433609020415,0.0,0.6244336090204151,0.6244336090204151,0.0,0.6244336090204151,0.0,0.6244336090204151,0.0,0.0,0.0,0.0,-4.570272937530587,0.0,-6.37872371610947,-4.241878271488496,6.7189891427330615,-6.531383924137,0.0,-3.049107087390358,0.0,0.0,0.0,0.0,0.5712393773015966,-7.316608576829258
2024930_WZY_DM_assembly_Plate1B2,2024930_WZY_DM_assembly_Plate1,high other species,B2,Plate1_B2,Fructose,cycle 5,,0.8915,48 h,,"growth curve data NA, so 48 h label rather than 0: 0.05:48 was used",Ho lab/7_Shared data/16s rRNA/Raw reads/2024930_DM_assembly/Plate1,0.0,0.2317699236832228,0.0,0.0,0.0,0.0,0.0001487134576087,0.0,not_assessable,review_required,False,high other species,-0.43232294225917517,0.0,0.0,-0.43232294225917495,-0.43232294225917495,-0.43232294225917495,-0.4323229422591747,0.0,-0.43232294225917495,-0.43232294225917517,0.0,-0.43232294225917495,0.0,-0.4323229422591747,0.0,0.0,0.0,0.0,-2.1819014514698853,0.0,-8.068184990722818,0.9415826573187626,5.4064881728629945,1.8195735146812415,0.0,-0.7336276227170304,1.9352152854784839,6.303827681157035,6.7617829960078755,0.0,1.4362182159442443,-6.488967877133125
2024930_WZY_DM_assembly_Plate1B3,2024930_WZY_DM_assembly_Plate1,high other species,B3,Plate1_B3,Fructose,cycle 5,,0.9065,48 h,,"growth curve data NA, so 48 h label rather than 0: 0.05:48 was used",Ho lab/7_Shared data/16s rRNA/Raw reads/2024930_DM_assembly/Plate1,0.0,0.1692873356390602,5.649030971521156e-05,0.0,0.0,0.0,0.0,0.0,not_assessable,review_required,False,high other species,-0.949478741632831,0.0,0.0,-0.9494787416328306,-0.9494787416328306,-0.9494787416328306,-0.7034959503458864,0.0,-0.9494787416328306,-0.9494787416328306,0.0,0.0,0.0,-0.9494787416328306,0.0,0.0,0.0,0.0,-1.901435327957817,0.0,-7.514483341903468,1.1961025779964778,4.7096610128831635,2.7799777436400444,0.0,-2.9980085876529023,0.0,6.228100668041334,6.027306182236262,0.0,1.482191279884933,0.0
2024930_WZY_DM_assembly_Plate1B4,2024930_WZY_DM_assembly_Plate1,high other species,B4,Plate1_B4,Fructose,cycle 5,,0.8665,48 h,,"growth curve data NA, so 48 h label rather than 0: 0.05:48 was used",Ho lab/7_Shared data/16s rRNA/Raw reads/2024930_DM_assembly/Plate1,0.0,0.2128345835857596,0.000200714514807,0.0,0.0,0.0,0.0,0.0,not_assessable,review_required,False,high other species,2.4216310944553427,2.1056898592201225,0.0,0.0,1.6031895186908018,2.4216310944553427,2.4216310944553427,0.0,2.4216310944553423,2.4216310944553427,0.0,0.0,0.0,2.4216310944553423,0.0,0.0,0.0,0.0,-0.47923897287642137,0.0,-8.22321757587305,-3.429485937679414,0.0,-2.909478878799026,0.0,-3.769023432160162,0.0,0.0,-8.84992637968374,0.0,1.1734882290690796,-4.010223852538852
2024930_WZY_DM_assembly_Plate1B5,2024930_WZY_DM_assembly_Plate1,high other species,B5,Plate1_B5,Fructose,cycle 5,,0.8965,48 h,,"growth curve data NA, so 48 h label rather than 0: 0.05:48 was used",Ho lab/7_Shared data/16s rRNA/Raw reads/2024930_DM_assembly/Plate1,0.0,0.1600786878689248,0.0,0.0,0.0,0.0,4.945661168422794e-05,8.65490704473989e-05,not_assessable,review_required,False,high other species,0.4383771340310656,0.0,0.0,0.0,0.4383771340310653,0.4383771340310656,0.0,0.0,0.4383771340310653,0.4383771340310656,0.4383771340310653,0.0,0.0,0.0,0.0,0.0,0.0,0.0,0.0,0.0,-8.149730058405932,5.354854445581814,5.704173622982531,0.0,0.0,0.0,0.0,7.675881147708776,-0.1724971207288272,0.0,1.207207486366902,-6.8386800172490885
2024930_WZY_DM_assembly_Plate1B6,2024930_WZY_DM_assembly_Plate1,high other species,B6,Plate1_B6,Fructose,cycle 5,,0.7905,48 h,,"growth curve data NA, so 48 h label rather than 0: 0.05:48 was used",Ho lab/7_Shared data/16s rRNA/Raw reads/2024930_DM_assembly/Plate1,0.0,0.1715680253092059,0.0001401347278851,0.0,0.0,0.0,0.0,0.0,not_assessable,review_required,False,high other species,0.93712354753053,0.09404418300499034,0.0,0.0,0.0,0.93712354753053,0.5534758016422874,0.0,0.9371235475305298,0.9371235475305298,0.93712354753053,0.0,0.0,0.93712354753053,0.0,0.0,0.0,0.0,0.0,0.0,-8.140359637645147,3.0506424432659447,5.601375880255625,-1.190343637012115,0.0,0.0,0.0,7.522524631851655,-8.086086560696124,0.0,4.756511366273369,-7.171987168705026
2024930_WZY_DM_assembly_Plate1B7,2024930_WZY_DM_assembly_Plate1,,B7,Plate1_B7,Oligo_xylose,cycle 5,,0.9945,48 h,,"growth curve data NA, so 48 h label rather than 0: 0.05:48 was used",Ho lab/7_Shared data/16s rRNA/Raw reads/2024930_DM_assembly/Plate1,0.0,0.0,0.0412874257372749,0.0,0.0,0.0,0.0009758523487538,0.0019871902374623,not_assessable,review_required,True,,0.0,-0.772756037091243,-0.7727560370912427,0.0,-0.7727560370912427,-0.7727560370912427,-0.772756037091243,-0.772756037091243,0.0,-0.7727560370912427,0.0,0.0,-0.7727560370912427,-0.772756037091243,-0.772756037091243,0.0,0.0,0.0,0.0,0.0,-1.7096235913694038,0.22722222365280828,-0.6896136420728635,6.269932930555934,0.0,0.0,5.703152691976055,5.882860383980404,2.5687452283772942,0.0,1.0530821206178913,-6.782028099998976
2024930_WZY_DM_assembly_Plate1B8,2024930_WZY_DM_assembly_Plate1,,B8,Plate1_B8,Oligo_xylose,cycle 5,,0.8925,48 h,,"growth curve data NA, so 48 h label rather than 0: 0.05:48 was used",Ho lab/7_Shared data/16s rRNA/Raw reads/2024930_DM_assembly/Plate1,0.0,0.0,0.0537845335799329,0.0,0.0,0.0,0.0004470581435672,0.0020289561900358,not_assessable,review_required,True,,0.0,-0.2745527934531861,-0.27455279345318634,0.0,0.0,-0.27455279345318634,-0.09654636947590393,-0.27455279345318634,-0.2540876464623505,-0.27455279345318634,0.0,-0.27455279345318634,-0.27455279345318634,-0.27455279345318634,-0.27455279345318634,0.0,0.0,0.0,-0.09654636947590393,0.0,-6.2818030246742635,3.186625053258054,2.7602853073671874,-5.1840092107263,0.0,-1.291269789860443,0.0,6.435563147713046,1.83137366754391,0.0,-0.15342120169690207,-7.652905037414257
2024930_WZY_DM_assembly_Plate1B9,2024930_WZY_DM_assembly_Plate1,,B9,Plate1_B9,Oligo_xylose,cycle 5,,0.8505,48 h,,"growth curve data NA, so 48 h label rather than 0: 0.05:48 was used",Ho lab/7_Shared data/16s rRNA/Raw reads/2024930_DM_assembly/Plate1,0.0,0.0,0.0038653032440056,0.0,0.0,0.0,0.0003165550070521,0.0022325458392101,not_assessable,review_required,True,,0.0,-0.09910474976806107,-0.09910474976806107,0.0,0.0,-0.0991047497680609,-0.09910474976806107,-0.0991047497680609,-0.09910474976806107,-0.09910474976806107,0.0,-0.09910474976806107,-0.0991047497680609,-0.0991047497680609,0.0,0.0,0.0,0.0,0.0,0.0,-4.1841967427090925,0.41613826999645903,-0.016416697553996686,-4.275248722836994,0.0,-3.3343188775553743,0.0,5.370390077530541,0.05159568363806578,0.0,0.5723584041442806,-3.1636878839086595
2024930_WZY_DM_assembly_Plate1B10,2024930_WZY_DM_assembly_Plate1,,B10,Plate1_B10,Oligo_xylose,cycle 5,,0.8885,48 h,,"growth curve data NA, so 48 h label rather than 0: 0.05:48 was used",Ho lab/7_Shared data/16s rRNA/Raw reads/2024930_DM_assembly/Plate1,0.0,0.0,0.079570596609292,0.0,0.0,0.0,0.0001437330141063,0.003334605927268,not_assessable,review_required,True,,0.0,0.0,-1.0349559666751786,0.0,-1.0349559666751789,-1.0349559666751786,-1.0349559666751789,-1.0349559666751786,-1.0349559666751786,-1.0349559666751786,0.0,-1.0349559666751789,-1.0349559666751789,-1.0349559666751789,-0.6179311930104321,0.0,0.0,0.0,0.0,0.0,5.143707528995506,-0.03315324264460396,0.9450737809653696,5.767116338832569,0.0,-1.60105737444608,6.391983986838282,6.002286867981791,1.0753804016561057,0.0,-0.5066612762210659,-2.4862871872000305
2024930_WZY_DM_assembly_Plate1B11,2024930_WZY_DM_assembly_Plate1,,B11,Plate1_B11,Oligo_xylose,cycle 5,,0.8875,48 h,,"growth curve data NA, so 48 h label rather than 0: 0.05:48 was used",Ho lab/7_Shared data/16s rRNA/Raw reads/2024930_DM_assembly/Plate1,0.0,0.0,0.038890044651918,0.0,0.0,0.0,0.0005764156687639,0.0017292470062918,not_assessable,review_required,True,,0.0,-0.8382504913624289,-0.9857160139905192,0.0,-0.9857160139905192,-0.9857160139905192,-0.9857160139905192,-0.9857160139905192,-0.9857160139905192,-0.9857160139905192,0.0,-0.9857160139905192,-0.9857160139905192,-0.9857160139905196,0.0,0.0,0.0,0.0,0.0,0.0,0.15664762221222944,3.505471011998581,-0.3004316757695855,0.8874209295556788,0.0,-2.6308084114920263,6.1003718427611275,6.222074397884233,0.6354765377462793,0.0,6.521115051693714,-6.182334999902032
2024930_WZY_DM_assembly_Plate1B12,2024930_WZY_DM_assembly_Plate1,,B12,Plate1_B12,Oligo_xylose,cycle 5,,0.9915,48 h,,"growth curve data NA, so 48 h label rather than 0: 0.05:48 was used",Ho lab/7_Shared data/16s rRNA/Raw reads/2024930_DM_assembly/Plate1,0.0,0.0,0.0465340931697612,3.287466843501326e-05,0.0,0.0,0.0001150613395225,0.0023176641246684,not_assessable,review_required,True,,0.0,-0.6014986569622255,-0.9027102950335734,0.0,0.0,-0.9027102950335734,-0.9027102950335734,-0.9027102950335736,-0.9027102950335734,-0.9027102950335734,0.0,0.0,-0.9027102950335736,-0.9027102950335734,0.0,0.0,0.0,0.0,0.0,0.0,-3.348974999738059,2.4117027535238806,2.9900900065115197,1.3491067592838808,0.0,0.0,0.0,5.901164527123002,7.755776202327112,0.0,2.8096076174358555,-5.826110268154705
2024930_WZY_DM_assembly_Plate1C1,2024930_WZY_DM_assembly_Plate1,,C1,Plate1_C1,Xylose,cycle 5,,0.8155,48 h,,"growth curve data NA, so 48 h label rather than 0: 0.05:48 was used",Ho lab/7_Shared data/16s rRNA/Raw reads/2024930_DM_assembly/Plate1,0.0,0.0,0.0021565497692586,0.0,0.0,0.0,0.0,0.0,not_assessable,review_required,True,,-0.08807345848472577,0.0,-0.08807345848472593,0.0,-0.08807345848472577,-0.0880734584847261,-0.08807345848472593,-0.08807345848472593,-0.08807345848472593,0.0,0.0,-0.08807345848472577,0.0,-0.08807345848472593,0.0,0.0,0.0,0.0,0.0,0.0,-4.598549221562795,2.9888604268615167,-0.982290590352023,0.446818503942027,0.0,-0.021517505797785816,0.0,5.420860781823542,1.3555027577818815,0.0,-0.09287646542487801,-7.637993910022771
2024930_WZY_DM_assembly_Plate1C2,2024930_WZY_DM_assembly_Plate1,,C2,Plate1_C2,Xylose,cycle 5,,0.9295,48 h,,"growth curve data NA, so 48 h label rather than 0: 0.05:48 was used",Ho lab/7_Shared data/16s rRNA/Raw reads/2024930_DM_assembly/Plate1,0.0,0.0,0.0088358767205266,0.0,0.0,0.0,0.0,0.0,not_assessable,review_required,True,,-0.9878144822620178,0.0,-0.9878144822620178,0.0,-0.9878144822620178,-0.9878144822620178,-0.9878144822620178,-0.9878144822620178,-0.9301804899823404,-0.9878144822620178,0.0,-0.9878144822620178,0.0,-0.9878144822620178,0.0,0.0,0.0,0.0,0.0,0.0,-1.1597797777555403,1.6465192731264224,2.6280902283865832,5.566530906890151,0.0,2.1345790785695797,5.478996335327339,5.972313247581928,8.223210780251444,0.0,2.8776052672319907,-7.20426029128193
2024930_WZY_DM_assembly_Plate1C3,2024930_WZY_DM_assembly_Plate1,,C3,Plate1_C3,Xylose,cycle 5,,0.8765,48 h,,"growth curve data NA, so 48 h label rather than 0: 0.05:48 was used",Ho lab/7_Shared data/16s rRNA/Raw reads/2024930_DM_assembly/Plate1,0.0,0.0,0.0011311888932342,0.0,0.0,0.0,0.0,0.0,not_assessable,review_required,True,,-0.4072094438564513,-0.4072094438564511,-0.4072094438564511,0.0,-0.4072094438564511,0.0,-0.4072094438564513,-0.4072094438564513,0.0,-0.4072094438564511,0.0,-0.4072094438564511,0.0,-0.4072094438564511,0.0,0.0,0.0,0.0,0.0,0.0,-6.2465799411363925,5.1304887879865735,2.6708831543115577,-1.3166697585808114,0.0,-1.7989758628634895,0.0,5.952904530365855,8.28993549296259,0.0,0.09477480718706016,-7.489446944441872
2024930_WZY_DM_assembly_Plate1C4,2024930_WZY_DM_assembly_Plate1,,C4,Plate1_C4,Xylose,cycle 5,,0.8405,48 h,,"growth curve data NA, so 48 h label rather than 0: 0.05:48 was used",Ho lab/7_Shared data/16s rRNA/Raw reads/2024930_DM_assembly/Plate1,0.0,0.0,0.0112975707642324,0.0,0.0,0.0,0.0,0.0,not_assessable,review_required,True,,-0.8820288468282533,-0.8820288468282537,-0.8820288468282533,0.0,-0.8820288468282537,-0.8820288468282533,-0.07679259508100394,-0.8820288468282537,-0.8820288468282533,-0.8820288468282537,0.0,0.0,0.0,-0.8820288468282537,0.0,0.0,0.0,0.0,0.0,0.0,-1.4677222005879873,3.078931161102876,2.03486359567968,2.144941068311908,0.0,-1.7100102644094692,3.9919816027158035,5.950537187383971,7.844364096033441,0.0,0.2670774267710998,-6.250393254666838
2024930_WZY_DM_assembly_Plate1C5,2024930_WZY_DM_assembly_Plate1,,C5,Plate1_C5,Xylose,cycle 5,,0.7795,48 h,,"growth curve data NA, so 48 h label rather than 0: 0.05:48 was used",Ho lab/7_Shared data/16s rRNA/Raw reads/2024930_DM_assembly/Plate1,0.0,0.0,0.0105540811345476,0.0,0.0,0.0,0.0,0.0,not_assessable,review_required,True,,-0.6059245143006095,-0.4650363372903786,-0.6059245143006095,0.0,-0.6059245143006095,-0.6059245143006095,-0.6059245143006097,-0.6059245143006095,-0.6059245143006097,-0.6059245143006092,0.0,0.0,0.0,-0.6059245143006095,0.0,0.0,0.0,0.0,0.0,0.0,5.3206734506731586,1.418201092849782,2.8511383478608074,-4.544470804784901,0.0,-1.322078383448429,5.1269892861351,5.784598114604718,8.308512753491428,0.0,-0.4312382826259972,-7.699108113656196
2024930_WZY_DM_assembly_Plate1C6,2024930_WZY_DM_assembly_Plate1,,C6,Plate1_C6,Xylose,cycle 5,,0.9555,48 h,,"growth curve data NA, so 48 h label rather than 0: 0.05:48 was used",Ho lab/7_Shared data/16s rRNA/Raw reads/2024930_DM_assembly/Plate1,0.0,0.0,0.0026595883184807,0.0,0.0,0.0,0.0,0.0,not_assessable,review_required,True,,-0.5699069354367214,0.0,-0.5699069354367212,0.0,-0.5699069354367209,-0.5699069354367212,-0.5699069354367212,-0.5699069354367214,-0.22713984699971604,-0.5699069354367212,-0.5699069354367212,0.0,0.0,-0.5699069354367212,-0.5699069354367212,0.0,0.0,0.0,0.0,0.0,-3.9857852693596936,2.0539934691672883,1.309467856601053,3.3483119909000534,0.0,-1.7228333795602255,0.0,5.971140009209986,0.3559261958518614,0.0,0.7939268709543412,-3.952964883560783
2024930_WZY_DM_assembly_Plate1C7,2024930_WZY_DM_assembly_Plate1,,C7,Plate1_C7,Xylan,cycle 5,,0.8385,48 h,,"growth curve data NA, so 48 h label rather than 0: 0.05:48 was used",Ho lab/7_Shared data/16s rRNA/Raw reads/2024930_DM_assembly/Plate1,0.0,0.0,0.0422199028389251,0.0,0.0,0.0,0.0001697282526187,0.000551616821011,not_assessable,review_required,True,,0.0,0.0,-1.2813302804719398,0.0,-1.2813302804719398,-1.28133028047194,-1.28133028047194,-1.28133028047194,-0.8587210965418266,-1.2813302804719398,0.0,-1.28133028047194,-1.28133028047194,-1.28133028047194,-1.2813302804719398,0.0,0.0,0.0,-0.8156523746499375,0.0,1.8353940236128021,-0.5441616031385481,3.1041826460158117,5.580331016249944,0.0,-2.310417066399545,6.138188607405603,6.090069832709089,7.617947826905398,0.0,1.0000386042908382,-6.971543860515839
2024930_WZY_DM_assembly_Plate1C8,2024930_WZY_DM_assembly_Plate1,,C8,Plate1_C8,Xylan,cycle 5,,0.7715,48 h,,"growth curve data NA, so 48 h label rather than 0: 0.05:48 was used",Ho lab/7_Shared data/16s rRNA/Raw reads/2024930_DM_assembly/Plate1,0.0,0.0,0.0402545551348793,0.0,0.0,0.0,9.1280170373876e-05,0.0026014848556554,not_assessable,review_required,True,,0.0,-0.46277171439522075,-0.9202379350425781,0.0,-0.9202379350425781,-0.9202379350425781,-0.9202379350425781,-0.9202379350425778,-0.9202379350425781,-0.9202379350425781,0.0,-0.9202379350425784,-0.9202379350425781,-0.9202379350425781,-0.9202379350425781,0.0,0.0,0.0,-1.8362301099226803,0.0,5.036432226888814,-1.6456686927470723,4.804699440671041,0.9512030851875226,0.0,1.5322822712746742,4.424376545402757,5.9511516857762485,8.06991490787141,0.0,1.0124692548167802,-6.585482077416751
2024930_WZY_DM_assembly_Plate1C9,2024930_WZY_DM_assembly_Plate1,,C9,Plate1_C9,Xylan,cycle 5,,0.8225,48 h,,"growth curve data NA, so 48 h label rather than 0: 0.05:48 was used",Ho lab/7_Shared data/16s rRNA/Raw reads/2024930_DM_assembly/Plate1,0.0,0.0,0.0334160290742157,0.0,0.0,0.0,0.0007551644988523,0.004530986993114,not_assessable,review_required,True,,0.0,-0.708764717859972,-0.7087647178599717,0.0,-0.708764717859972,-0.708764717859972,-0.708764717859972,-0.708764717859972,-0.6092743969774009,-0.708764717859972,0.0,-0.708764717859972,-0.708764717859972,-0.7087647178599717,-0.708764717859972,0.0,0.0,0.0,-0.26823747914238233,0.0,-3.4698713403120527,-1.6831317368036467,-1.3104580826185204,-5.658263090413177,0.0,3.518825201468689,0.0,6.357549765570481,8.389900167926013,0.0,5.575148722793372,-4.40574100289234
2024930_WZY_DM_assembly_Plate1C10,2024930_WZY_DM_assembly_Plate1,,C10,Plate1_C10,Xylan,cycle 5,,0.8855,48 h,,"growth curve data NA, so 48 h label rather than 0: 0.05:48 was used",Ho lab/7_Shared data/16s rRNA/Raw reads/2024930_DM_assembly/Plate1,0.0,0.0,0.0493681280310378,0.0,0.0,0.0,0.0023704946653734,0.0052906692531522,not_assessable,review_required,True,,0.0,0.0,-0.18614441581353025,0.0,-0.18614441581353025,-0.18614441581353025,-0.18614441581353025,-0.18614441581353025,-0.18614441581353025,-0.18614441581353025,0.0,-0.18614441581353006,-0.18614441581353042,-0.18614441581353025,0.0,0.0,0.0,0.0,0.0,0.0,-5.124103085267971,0.16928817377119332,-0.953122376683725,3.3374481348248595,0.0,-3.29078414437467,6.588441524592225,6.167728295335835,1.0210381556469934,0.0,0.2004459450167634,-7.891704983137925
2024930_WZY_DM_assembly_Plate1C11,2024930_WZY_DM_assembly_Plate1,,C11,Plate1_C11,Xylan,cycle 5,,0.9635,48 h,,"growth curve data NA, so 48 h label rather than 0: 0.05:48 was used",Ho lab/7_Shared data/16s rRNA/Raw reads/2024930_DM_assembly/Plate1,0.0,0.0,0.019201143912324,0.0,0.0,0.0,0.0006238638816278,0.0036507590110074,not_assessable,review_required,True,,0.0,0.0,-0.530817300206444,0.0,-0.5308173002064438,-0.5308173002064438,-0.5308173002064438,-0.530817300206444,0.0,-0.5308173002064438,0.0,-0.5308173002064438,-0.5308173002064438,-0.530817300206444,0.0,0.0,0.0,0.0,0.0,0.0,-1.057554406021872,-0.24168877433515445,-2.0508879757672567,4.53448104198062,0.0,-3.3781596895204484,5.73650454441774,5.894050087879835,2.374037149881854,0.0,0.5658214074847346,-7.575114896931913
2024930_WZY_DM_assembly_Plate1C12,2024930_WZY_DM_assembly_Plate1,,C12,Plate1_C12,Xylan,cycle 5,,0.8945,48 h,,"growth curve data NA, so 48 h label rather than 0: 0.05:48 was used",Ho lab/7_Shared data/16s rRNA/Raw reads/2024930_DM_assembly/Plate1,0.0,0.0002235070379521,0.024511271828757,0.0,0.0,0.0,0.0006208528832005,0.0020115633415697,not_assessable,review_required,True,,0.0,0.0,0.5669618063215289,0.0,0.5669618063215291,0.5669618063215291,0.5669618063215289,0.5669618063215289,0.0,0.5669618063215289,0.0,0.5669618063215291,0.5669618063215289,0.5669618063215289,0.5669618063215289,0.0,0.0,0.0,0.0,0.0,-4.193814415289519,-8.434735709901743e-05,-0.3301827482815166,-1.1498154270992815,0.0,-3.013693646741318,0.0,5.073931928401207,-1.0996411396863166,0.0,0.9801690497499614,-4.270747075524379
2024930_WZY_DM_assembly_Plate1D1,2024930_WZY_DM_assembly_Plate1,,D1,Plate1_D1,Maltose,cycle 5,,0.9025,48 h,,"growth curve data NA, so 48 h label rather than 0: 0.05:48 was used",Ho lab/7_Shared data/16s rRNA/Raw reads/2024930_DM_assembly/Plate1,0.0,0.0,0.0,0.0,0.0,0.0,0.0011149329001032,0.0,not_assessable,review_required,True,,-0.3457355640111816,0.0,0.0,0.0,-0.6173842112920902,-0.6173842112920904,-0.6173842112920904,-0.6173842112920906,-0.6173842112920904,-0.4567668764000139,0.0,-0.6173842112920904,-0.2043797147656325,-0.6173842112920904,0.0,0.0,0.0,0.0,-1.0357801107899336,0.0,-6.551545101152117,-0.9616557168637206,-0.19487404015218293,3.89530691599307,0.0,1.1897650386662437,0.0,6.027789621994373,-2.286989881201046,0.0,5.896176123370635,-5.174908596274567
2024930_WZY_DM_assembly_Plate1D2,2024930_WZY_DM_assembly_Plate1,,D2,Plate1_D2,Maltose,cycle 5,,0.9905,48 h,,"growth curve data NA, so 48 h label rather than 0: 0.05:48 was used",Ho lab/7_Shared data/16s rRNA/Raw reads/2024930_DM_assembly/Plate1,0.0,0.0,0.0,0.0,0.0,0.0,0.0005830267611259,0.0,not_assessable,review_required,True,,0.0,0.0,0.0,0.0,-0.8021457283744525,-0.3830959655664517,-0.8021457283744525,-0.8021457283744525,-0.42889965517952067,-0.8021457283744525,0.0,-0.7326804033566455,0.0,-0.8021457283744525,0.0,0.0,0.0,0.0,-0.4732937745380266,0.0,-7.271839214464762,-0.8468390488926933,0.9190033423897384,4.697221428984528,0.0,0.0,0.0,6.094122520917386,-0.855164409881659,0.0,2.57967374823614,-5.557538468032225
2024930_WZY_DM_assembly_Plate1D3,2024930_WZY_DM_assembly_Plate1,,D3,Plate1_D3,Maltose,cycle 5,,0.9495,48 h,,"growth curve data NA, so 48 h label rather than 0: 0.05:48 was used",Ho lab/7_Shared data/16s rRNA/Raw reads/2024930_DM_assembly/Plate1,0.0,0.0,0.0,0.0,0.0,0.0,0.0060086118346234,0.0,not_assessable,review_required,True,,-0.8909417437367078,0.0,0.0,-0.4499512839517625,-0.8909417437367074,-0.8909417437367074,-0.8909417437367074,-0.8909417437367078,0.0,-0.8909417437367074,-0.5442786664999493,-0.12314096768465757,0.0,-0.8909417437367078,0.0,0.0,0.0,0.0,-0.02185763184740694,0.0,-6.642710591037518,-0.842657967847325,-0.6884373046757911,3.62927027431838,0.0,0.0,0.0,6.124261734840277,0.0,0.0,2.6847365808543455,-5.668334521781395
2024930_WZY_DM_assembly_Plate1D4,2024930_WZY_DM_assembly_Plate1,,D4,Plate1_D4,Maltose,cycle 5,,0.9865,48 h,,"growth curve data NA, so 48 h label rather than 0: 0.05:48 was used",Ho lab/7_Shared data/16s rRNA/Raw reads/2024930_DM_assembly/Plate1,0.0,0.0,0.0,0.0,0.0,0.0,0.003357591172757,0.0,not_assessable,review_required,True,,-0.691379305592524,0.0,0.0,0.0,-0.691379305592524,-0.691379305592524,-0.6913793055925244,-0.691379305592524,0.0,-0.691379305592524,0.0,-0.691379305592524,0.0,-0.691379305592524,-0.6913793055925244,0.0,0.0,0.0,0.0,0.0,-6.657486643698199,-0.7942551586880335,3.673519149554428,4.505002657045379,0.0,0.0,0.0,6.140668634965093,0.14435080392948704,0.0,4.280502251022761,-7.463716540323142
2024930_WZY_DM_assembly_Plate1D5,2024930_WZY_DM_assembly_Plate1,,D5,Plate1_D5,Maltose,cycle 5,,0.9975,48 h,,"growth curve data NA, so 48 h label rather than 0: 0.05:48 was used",Ho lab/7_Shared data/16s rRNA/Raw reads/2024930_DM_assembly/Plate1,0.0,0.0,0.0,0.0,0.0,0.0,0.0,0.0,not_assessable,review_required,True,,-0.9985413981734884,0.0,0.0,0.0,-0.9985413981734881,-0.9985413981734881,-0.9985413981734881,-0.9985413981734881,-0.4909671238280907,-0.9985413981734881,-0.1340325791128259,-0.9985413981734881,0.0,-0.9985413981734884,0.0,0.0,0.0,0.0,-0.3672317554059335,0.0,-6.992668006114212,-0.8113057170675521,0.5430850414985514,7.4013293443734405,0.0,0.0,0.0,6.106614275225333,3.9167634701343346,0.0,2.0443550260953316,0.0
2024930_WZY_DM_assembly_Plate1D6,2024930_WZY_DM_assembly_Plate1,,D6,Plate1_D6,Maltose,cycle 5,,0.9395,48 h,,"growth curve data NA, so 48 h label rather than 0: 0.05:48 was used",Ho lab/7_Shared data/16s rRNA/Raw reads/2024930_DM_assembly/Plate1,0.0,0.0,0.000445235838537,0.0,0.0,0.0,0.0,0.0,not_assessable,review_required,True,,-1.007245011416037,0.0,0.0,0.0,-1.0072450114160372,0.0,-1.0072450114160372,-1.007245011416037,0.0,-0.9233604287685224,0.0,0.0,-0.3594595435751536,-1.0072450114160374,0.0,0.0,0.0,0.0,-0.420860088239292,0.0,-3.931294610310804,-1.4054822134572837,-0.5355251323730166,3.978361198422902,0.0,0.0,0.0,6.054347270814323,1.8684987585054265,0.0,2.9170672427212674,-5.237843711494784
2024930_WZY_DM_assembly_Plate1D7,2024930_WZY_DM_assembly_Plate1,,D7,Plate1_D7,Sucrose,cycle 5,,1.0385,48 h,,"growth curve data NA, so 48 h label rather than 0: 0.05:48 was used",Ho lab/7_Shared data/16s rRNA/Raw reads/2024930_DM_assembly/Plate1,0.0,0.0,0.0,0.0,0.0,0.0,0.0,0.0,not_assessable,review_required,True,,-0.6176092772597205,0.0,0.0,0.0,-0.6176092772597205,-0.6176092772597205,-0.6176092772597203,-0.6176092772597203,-0.6176092772597203,-0.6176092772597205,-0.6176092772597203,0.0,0.0,-0.6176092772597205,0.0,0.0,0.0,0.0,-1.3414309980402517,0.0,-8.137313550347258,0.11606070090462951,5.322512675202533,1.8177140190261962,0.0,-1.7447866922714734,0.0,6.4335147307073415,7.864792088685208,0.0,1.5981516984221664,0.0
2024930_WZY_DM_assembly_Plate1D8,2024930_WZY_DM_assembly_Plate1,,D8,Plate1_D8,Sucrose,cycle 5,,1.0065,48 h,,"growth curve data NA, so 48 h label rather than 0: 0.05:48 was used",Ho lab/7_Shared data/16s rRNA/Raw reads/2024930_DM_assembly/Plate1,0.0,0.0,0.0,0.0,0.0,0.0,0.0,0.0,not_assessable,review_required,True,,-1.0537782640128897,0.0,0.0,-0.30483598122870503,-1.0537782640128894,-1.0537782640128894,0.0,-1.0537782640128897,-1.0537782640128894,-1.0537782640128897,0.0,-1.0537782640128897,0.0,-1.0537782640128897,0.0,0.0,0.0,0.0,0.0,0.0,-7.393170453786004,1.4016026935891994,4.149993792364042,4.73727843517729,0.0,-0.015146580355292419,0.0,6.0553407493996545,5.489075806948654,0.0,2.6944547957831224,-2.4414409094710647
2024930_WZY_DM_assembly_Plate1D9,2024930_WZY_DM_assembly_Plate1,,D9,Plate1_D9,Sucrose,cycle 5,,0.9825,48 h,,"growth curve data NA, so 48 h label rather than 0: 0.05:48 was used",Ho lab/7_Shared data/16s rRNA/Raw reads/2024930_DM_assembly/Plate1,0.0,5.0899702977136146e-05,8.483283829522691e-05,0.0,0.0,0.0,0.0,0.0,not_assessable,review_required,True,,-1.099884812467329,0.0,0.0,0.0,-1.099884812467329,0.0,0.0,-1.099884812467329,0.0,-1.099884812467329,0.0,0.0,0.0,-1.0998848124673293,0.0,0.0,0.0,0.0,-0.6202419878644876,0.0,-6.878371276576669,0.9320891296024297,3.304639973943477,7.109372542010961,0.0,0.0,0.0,6.160012800602803,-5.775230719001966,0.0,3.2567208329766095,-2.104510488966208
2024930_WZY_DM_assembly_Plate1D10,2024930_WZY_DM_assembly_Plate1,,D10,Plate1_D10,Sucrose,cycle 5,,1.0385,48 h,,"growth curve data NA, so 48 h label rather than 0: 0.05:48 was used",Ho lab/7_Shared data/16s rRNA/Raw reads/2024930_DM_assembly/Plate1,0.0,0.0,0.0,0.0,0.0,0.0,0.0,0.0,not_assessable,review_required,True,,-1.309821875247977,0.0,0.0,-1.3098218752479769,-1.309821875247977,-0.3038758680208511,-0.23172608226501565,-1.309821875247977,-1.309821875247977,-1.309821875247977,0.0,0.0,-0.11624886484507961,-1.3098218752479773,0.0,0.0,0.0,0.0,0.0,0.0,-2.9575511188260215,3.0908261784897215,3.438287209930598,8.113191940466765,0.0,0.5784745379777091,0.0,6.136099639106369,0.2625210713056284,0.0,2.7724961922887457,-5.757698556912722
2024930_WZY_DM_assembly_Plate1D11,2024930_WZY_DM_assembly_Plate1,,D11,Plate1_D11,Sucrose,cycle 5,,1.0475,48 h,,"growth curve data NA, so 48 h label rather than 0: 0.05:48 was used",Ho lab/7_Shared data/16s rRNA/Raw reads/2024930_DM_assembly/Plate1,0.0,0.0,0.0,0.0,0.0,0.0,0.0,0.0,not_assessable,review_required,True,,-1.27013649517012,0.0,0.0,-0.6103360185162757,-1.2701364951701202,-1.2701364951701202,0.0,-1.2701364951701202,0.0,-1.27013649517012,0.0,-1.2701364951701202,0.0,-1.2701364951701202,0.0,0.0,0.0,0.0,-0.13758302138119424,0.0,-1.6726202967706856,0.9520595075253817,3.0156012393379483,8.600494228231586,0.0,-0.42223846377413904,0.0,6.130810177935053,3.3171255284049486,0.0,2.562532656507205,-5.999113083589868
2024930_WZY_DM_assembly_Plate1D12,2024930_WZY_DM_assembly_Plate1,,D12,Plate1_D12,Sucrose,cycle 5,,1.0265,48 h,,"growth curve data NA, so 48 h label rather than 0: 0.05:48 was used",Ho lab/7_Shared data/16s rRNA/Raw reads/2024930_DM_assembly/Plate1,0.0,0.0,0.0002597550483324,0.0,0.0,0.0,0.0,0.0,not_assessable,review_required,True,,-0.889963694465955,0.0,0.0,-0.08824451278597636,-0.8899636944659548,-0.889963694465955,-0.889963694465955,-0.8899636944659548,-0.889963694465955,-0.889963694465955,0.0,-0.889963694465955,-0.889963694465955,-0.889963694465955,0.0,0.0,0.0,0.0,-2.105318026144891,0.0,-2.2600184055674233,-0.27220959096816266,4.707236657687368,3.711040624758041,0.0,-2.4183438152742727,4.541044765992963,6.031663686718246,1.8583898079803303,0.0,0.9328070971300286,-7.070423235698736
2024930_WZY_DM_assembly_Plate1E1,2024930_WZY_DM_assembly_Plate1,,E1,Plate1_E1,Lactose,cycle 5,,0.8715,48 h,,"growth curve data NA, so 48 h label rather than 0: 0.05:48 was used",Ho lab/7_Shared data/16s rRNA/Raw reads/2024930_DM_assembly/Plate1,0.0,0.0113128848711759,0.0,0.0,0.0,0.0,0.0015670599536923,0.0079211660672939,not_assessable,review_required,True,,-0.19565345760319194,0.0,0.0,-0.19565345760319214,-0.19565345760319214,-0.19565345760319194,-0.19565345760319214,-0.19565345760319214,0.0,-0.19565345760319214,0.0,-0.19565345760319214,-0.19565345760319214,-0.19565345760319194,0.0,0.0,0.0,0.0,-0.7359094617385762,0.0,-2.9722861125107163,-0.17604719183462456,5.685617949484106,-4.885421363269386,0.0,-5.329045893905436,0.0,5.6651702067898055,8.156356851073427,0.0,-0.48150532802588886,-7.601033456676742
2024930_WZY_DM_assembly_Plate1E2,2024930_WZY_DM_assembly_Plate1,,E2,Plate1_E2,Lactose,cycle 5,,0.8545,48 h,,"growth curve data NA, so 48 h label rather than 0: 0.05:48 was used",Ho lab/7_Shared data/16s rRNA/Raw reads/2024930_DM_assembly/Plate1,0.0,0.003867179289192,0.0001649507753683,0.0,0.0,0.0,0.0003115736868069,0.0039954743367007,not_assessable,review_required,True,,0.1819371050477679,0.0,0.0,0.1819371050477679,0.1819371050477679,0.0,0.1819371050477679,0.1819371050477682,0.1819371050477679,0.1819371050477679,0.1819371050477679,0.1819371050477679,0.1819371050477679,0.1819371050477682,0.0,0.0,0.0,0.0,-0.9789733091895432,0.0,0.0,3.5752010444434625,5.045855718976545,-2.322927710406915,0.0,-3.690347189453023,0.0,6.907404280594473,-0.502016718354997,0.0,0.4392904007313304,-7.19633187290386
2024930_WZY_DM_assembly_Plate1E3,2024930_WZY_DM_assembly_Plate1,,E3,Plate1_E3,Lactose,cycle 5,,0.9325,48 h,,"growth curve data NA, so 48 h label rather than 0: 0.05:48 was used",Ho lab/7_Shared data/16s rRNA/Raw reads/2024930_DM_assembly/Plate1,0.0,0.0090892476393542,0.0,0.0,0.0,0.0,0.0006898089726295,0.0091298246377442,not_assessable,review_required,True,,0.686186200332997,0.686186200332997,0.0,0.686186200332997,0.6861862003329968,0.686186200332997,0.0,0.686186200332997,0.686186200332997,0.6861862003329973,0.6861862003329968,0.0,0.6861862003329968,0.686186200332997,0.0,0.0,0.0,0.0,0.0,0.0,-4.458470142399847,1.291049081870618,5.786611228786314,-4.897354383633061,0.0,-4.018938081200258,0.0,5.525487010187855,7.992517943300012,0.0,-2.3950804766149245,-6.648015198205882
2024930_WZY_DM_assembly_Plate1E4,2024930_WZY_DM_assembly_Plate1,,E4,Plate1_E4,Lactose,cycle 5,,0.8065,48 h,,"growth curve data NA, so 48 h label rather than 0: 0.05:48 was used",Ho lab/7_Shared data/16s rRNA/Raw reads/2024930_DM_assembly/Plate1,0.0,0.0011865663196016,0.0,0.0,0.0,0.0,0.0,0.0090361588954277,not_assessable,review_required,True,,1.867241641066489,0.0,0.0,1.867241641066489,1.8672416410664892,0.0,0.9121768725300766,1.8672416410664892,1.8672416410664892,1.867241641066489,1.867241641066489,0.0,1.8672416410664892,1.8672416410664892,0.0,0.0,0.0,0.0,0.0,0.0,-2.1038289205172123,1.7009135455287971,0.0,-1.6563699435459796,0.0,-0.4599727307423874,0.0,0.0,-8.517061922949315,0.0,3.3927356930451,-8.568061525418337
2024930_WZY_DM_assembly_Plate1E5,2024930_WZY_DM_assembly_Plate1,,E5,Plate1_E5,Lactose,cycle 5,,0.9085,48 h,,"growth curve data NA, so 48 h label rather than 0: 0.05:48 was used",Ho lab/7_Shared data/16s rRNA/Raw reads/2024930_DM_assembly/Plate1,0.0,0.0037769341903526,0.0,0.0,0.0,0.0,0.0007232427173015,0.0005625221134567,not_assessable,review_required,True,,0.0,-0.3476457767122117,0.0,-0.3476457767122117,-0.3476457767122117,-0.3476457767122117,-0.3476457767122117,-0.34764577671221153,-0.3476457767122117,-0.3476457767122117,-0.3476457767122117,0.0,-0.34764577671221153,-0.3476457767122117,-0.3164853308399927,0.0,0.0,0.0,-0.053450925006121947,0.0,-4.073369438961731,0.5399689063277822,4.945264231838713,0.7894171551679265,0.0,-3.8666824134005346,0.0,5.940821594923865,8.20463180332922,0.0,0.0967338009752966,-7.6525136227722745
2024930_WZY_DM_assembly_Plate1E6,2024930_WZY_DM_assembly_Plate1,,E6,Plate1_E6,Lactose,cycle 5,,0.9105,48 h,,"growth curve data NA, so 48 h label rather than 0: 0.05:48 was used",Ho lab/7_Shared data/16s rRNA/Raw reads/2024930_DM_assembly/Plate1,0.0,0.0106111888975826,0.0005249351398097,0.0,0.0,0.0,0.0032620969402462,0.0106111888975826,not_assessable,review_required,True,,1.6132503584354256,0.0,0.0,1.6132503584354259,1.6132503584354256,1.6132503584354259,1.6132503584354256,1.6132503584354259,1.6132503584354259,1.6132503584354259,1.6132503584354259,0.0,1.6132503584354256,1.6132503584354259,0.0,0.0,0.0,0.0,-2.4155872021015807,0.0,-2.546831735379861,1.7374373724551595,0.0,0.0,0.0,-2.7144316838759184,0.0,4.337634935376613,-2.2962882737292585,0.0,-1.4891658807716974,-7.28105045933335
2024930_WZY_DM_assembly_Plate1E7,2024930_WZY_DM_assembly_Plate1,,E7,Plate1_E7,Rhamonse,cycle 5,,0.7245,48 h,,"growth curve data NA, so 48 h label rather than 0: 0.05:48 was used",Ho lab/7_Shared data/16s rRNA/Raw reads/2024930_DM_assembly/Plate1,0.0,0.0,0.0002253293084522,0.0,0.0,0.0,0.0,0.0,not_assessable,review_required,True,,-0.9541539657663346,0.0,0.0,0.0,-0.9541539657663349,0.0,0.0,0.0,-0.009394926255351245,-0.9541539657663346,0.0,0.0,-0.8279480549178706,-0.9541539657663343,0.0,-0.9541539657663346,0.0,0.0,0.0,0.0,0.0,2.2964294864270802,2.946184831299875,5.928488440344508,0.0,0.0,0.0,6.186817065815379,-5.938841646430132,0.0,1.245682547044622,-7.110678262092621
2024930_WZY_DM_assembly_Plate1E8,2024930_WZY_DM_assembly_Plate1,,E8,Plate1_E8,Rhamonse,cycle 5,,0.7565,48 h,,"growth curve data NA, so 48 h label rather than 0: 0.05:48 was used",Ho lab/7_Shared data/16s rRNA/Raw reads/2024930_DM_assembly/Plate1,0.0,0.0,0.0007310944672626,0.0,0.0,0.0,0.0,0.0,not_assessable,review_required,True,,-1.1647416877098682,-0.1220376720456728,0.0,0.0,-1.164741687709868,0.0,0.0,0.0,-1.164741687709868,-1.1647416877098682,0.0,0.0,-1.1647416877098677,-1.1647416877098682,-1.1647416877098682,-1.164741687709868,0.0,0.0,0.0,0.0,0.4129371189415041,-0.37656740247076853,2.9988666850863064,2.885010568854388,0.0,2.0656513028143078,4.731421562134513,6.043286862003646,2.985545173216898,0.0,2.0390356233646294,-5.89755650698136
2024930_WZY_DM_assembly_Plate1E9,2024930_WZY_DM_assembly_Plate1,,E9,Plate1_E9,Rhamonse,cycle 5,,0.8905,48 h,,"growth curve data NA, so 48 h label rather than 0: 0.05:48 was used",Ho lab/7_Shared data/16s rRNA/Raw reads/2024930_DM_assembly/Plate1,0.0,0.0,0.0008689621523663,0.0,0.0,0.0,0.0,0.0,not_assessable,review_required,True,,-0.8387380330119097,0.0,0.0,0.0,-0.8387380330119097,0.0,0.0,0.0,-0.8387380330119094,-0.8387380330119097,0.0,-0.8387380330119094,0.0,-0.8387380330119094,-0.8387380330119094,-0.8387380330119094,0.0,0.0,0.0,0.0,0.0,5.440900553226727,3.432347667728931,-1.516283302074729,0.0,2.734712163458805,1.3553142705674617,6.338324508010961,1.1941752355898039,0.0,0.3526895533685927,-1.2248204879144056
2024930_WZY_DM_assembly_Plate1E10,2024930_WZY_DM_assembly_Plate1,,E10,Plate1_E10,Rhamonse,cycle 5,,0.7445,48 h,,"growth curve data NA, so 48 h label rather than 0: 0.05:48 was used",Ho lab/7_Shared data/16s rRNA/Raw reads/2024930_DM_assembly/Plate1,0.0,0.0,0.000196007020623,0.0,0.0,0.0,0.0,0.0,not_assessable,review_required,True,,-0.5168284202497312,0.0,0.0,0.0,-0.5168284202497312,0.0,0.0,0.0,0.0,-0.516828420249731,0.0,-0.5168284202497312,0.0,-0.5168284202497312,0.0,-0.516828420249731,0.0,0.0,0.0,0.0,0.0,0.8080379629910058,-0.6995042193245268,-2.7572593819450857,0.0,-1.8650902850426094,5.84283010568475,6.124071949671244,2.0423799932413087,0.0,2.616986418947646,-8.02823978574811
2024930_WZY_DM_assembly_Plate1E11,2024930_WZY_DM_assembly_Plate1,,E11,Plate1_E11,Rhamonse,cycle 5,,0.7305,48 h,,"growth curve data NA, so 48 h label rather than 0: 0.05:48 was used",Ho lab/7_Shared data/16s rRNA/Raw reads/2024930_DM_assembly/Plate1,0.0,0.0,9.455086720165677e-05,0.0,0.0,0.0,0.0,0.0,not_assessable,review_required,True,,-1.1269694879949828,0.0,0.0,0.0,-1.1269694879949828,0.0,0.0,0.0,-0.1379279082331804,-0.552965407512159,0.0,-1.1269694879949828,0.0,-1.1269694879949825,0.0,-1.1269694879949825,0.0,0.0,0.0,0.0,0.0,1.654305319750666,0.0,6.393530476934422,0.0,0.9357524767637668,0.0,6.1559286875267425,-3.335867285845232,0.0,4.795485567520556,-7.043639349676581
2024930_WZY_DM_assembly_Plate1E12,2024930_WZY_DM_assembly_Plate1,,E12,Plate1_E12,Rhamonse,cycle 5,,0.6965,48 h,,"growth curve data NA, so 48 h label rather than 0: 0.05:48 was used",Ho lab/7_Shared data/16s rRNA/Raw reads/2024930_DM_assembly/Plate1,0.0,0.0,1.34254708070703e-05,0.0,0.0,0.0,0.0,0.0,not_assessable,review_required,True,,-1.3384017691463943,0.0,0.0,0.0,-1.3384017691463943,0.0,0.0,0.0,0.0,-1.3384017691463943,0.0,-1.3384017691463943,0.0,-1.3384017691463943,-1.3384017691463943,-1.3384017691463943,0.0,0.0,0.0,0.0,0.0,2.915244629811352,3.164789163212606,8.252118897471966,0.0,1.938853951613565,0.0,6.123930390002324,6.580419725878289,0.0,1.2705937307156359,-3.729213797914009
2024930_WZY_DM_assembly_Plate1F1,2024930_WZY_DM_assembly_Plate1,high other species,F1,Plate1_F1,Glucuronic_acid,cycle 5,,0.8065,48 h,,"growth curve data NA, so 48 h label rather than 0: 0.05:48 was used",Ho lab/7_Shared data/16s rRNA/Raw reads/2024930_DM_assembly/Plate1,0.0,0.0,0.0674804507619858,0.0,0.0,0.0,0.0,0.0,not_assessable,review_required,False,high other species,0.3622662638217906,0.0,0.36226626382179034,0.0,0.36226626382179034,0.0,0.0,0.0,0.0,0.3622662638217906,0.0,0.3622662638217906,0.36226626382179034,0.0,0.0,0.0,0.0,0.0,0.0,0.0,-6.099173121186091,1.0864105272528308,5.47716664338229,-5.608628931081412,0.0,-6.917829103338084,0.0,5.35719231149328,0.342876621866165,0.0,4.368572746421007,-6.765725442116278
2024930_WZY_DM_assembly_Plate1F2,2024930_WZY_DM_assembly_Plate1,high other species,F2,Plate1_F2,Glucuronic_acid,cycle 5,,0.8425,48 h,,"growth curve data NA, so 48 h label rather than 0: 0.05:48 was used",Ho lab/7_Shared data/16s rRNA/Raw reads/2024930_DM_assembly/Plate1,0.0,0.0,0.0087539039039039,0.0,0.0,0.0,0.0004048048048048,0.0,not_assessable,review_required,False,high other species,-0.08862094337402503,0.0,-0.08862094337402536,0.0,-0.0886209433740252,0.0,-0.0886209433740252,0.0,-0.08862094337402503,-0.08862094337402503,0.0,-0.0886209433740252,-0.08862094337402503,-0.08862094337402503,0.0,0.0,0.0,0.0,0.0,0.0,-4.912515258421908,-0.7962555483794249,6.515158106198937,0.0,0.0,-5.320262721770274,0.0,6.372739953676468,8.47163451337846,0.0,-0.9022836246600752,-8.454173974922204
2024930_WZY_DM_assembly_Plate1F3,2024930_WZY_DM_assembly_Plate1,high other species,F3,Plate1_F3,Glucuronic_acid,cycle 5,,0.8805,48 h,,"growth curve data NA, so 48 h label rather than 0: 0.05:48 was used",Ho lab/7_Shared data/16s rRNA/Raw reads/2024930_DM_assembly/Plate1,0.0,0.0,0.1573495764641588,0.0,0.0,0.0,0.0002205460424446,0.0,not_assessable,review_required,False,high other species,-0.47433706099506534,0.0,0.0,0.0,-0.47433706099506534,0.0,0.0,0.0,0.0,-0.47433706099506534,0.0,-0.47433706099506556,-0.47433706099506534,-0.47433706099506534,0.0,0.0,0.0,0.0,0.0,0.0,-6.195753247522763,0.48227805319858136,5.086227781312709,-5.2017451932513845,0.0,-7.022241617360218,5.490364469493972,6.272259575866722,3.0826932177874573,0.0,0.9384092715422521,-6.7331795428993235
2024930_WZY_DM_assembly_Plate1F4,2024930_WZY_DM_assembly_Plate1,high other species,F4,Plate1_F4,Glucuronic_acid,cycle 5,,0.8055,48 h,,"growth curve data NA, so 48 h label rather than 0: 0.05:48 was used",Ho lab/7_Shared data/16s rRNA/Raw reads/2024930_DM_assembly/Plate1,0.0,0.0,0.1352952305765775,0.0,0.0,0.0,0.0001608047040888,0.0,not_assessable,review_required,False,high other species,-0.5842709079120716,-0.5039900446535542,-0.5842709079120716,0.0,-0.5842709079120716,0.0,0.0,0.0,-0.5842709079120716,-0.5842709079120716,0.0,0.0,0.0,-0.5842709079120713,0.0,0.0,0.0,0.0,0.0,0.0,-2.5095282281949753,-0.1618967941795681,4.396809774352063,-5.555094385601568,0.0,-7.205283176035094,5.792440473862326,6.18310436023723,8.393149967066362,0.0,1.0206094149581433,-6.834769057123193
2024930_WZY_DM_assembly_Plate1F5,2024930_WZY_DM_assembly_Plate1,high other species,F5,Plate1_F5,Glucuronic_acid,cycle 5,,0.8725,48 h,,"growth curve data NA, so 48 h label rather than 0: 0.05:48 was used",Ho lab/7_Shared data/16s rRNA/Raw reads/2024930_DM_assembly/Plate1,0.0,0.0,0.2489384576918955,0.0,0.0,0.0,0.0,0.0,not_assessable,review_required,False,high other species,-0.9050887592279737,-0.9050887592279735,-0.4323103405366874,0.0,-0.9050887592279737,0.0,0.0,0.0,-0.9050887592279737,-0.9050887592279737,0.0,0.0,0.0,-0.1368544570105396,0.0,0.0,0.0,0.0,0.0,0.0,0.9835266136220533,2.343512332008323,3.660161430259241,-5.952673357098516,0.0,-4.889311132919302,5.975683654600797,6.1713015312033574,8.364326393392838,0.0,0.9369371004301074,-3.654702761873209
2024930_WZY_DM_assembly_Plate1F6,2024930_WZY_DM_assembly_Plate1,high other species,F6,Plate1_F6,Glucuronic_acid,cycle 5,,0.9325,48 h,,"growth curve data NA, so 48 h label rather than 0: 0.05:48 was used",Ho lab/7_Shared data/16s rRNA/Raw reads/2024930_DM_assembly/Plate1,0.0,0.0,0.3227714802952235,0.0,0.0,0.0,0.0002856844450633,0.0,not_assessable,review_required,False,high other species,-0.22923943983482603,0.0,-0.2292394398348262,0.0,-0.2292394398348262,0.0,-0.03246246392895862,0.0,-0.2292394398348262,-0.2292394398348262,0.0,0.0,-0.2292394398348262,-0.2292394398348262,0.0,0.0,0.0,0.0,0.0,0.0,-1.637324522087991,-1.0013929827467034,4.561564010916471,-2.9943944230956103,0.0,-7.155290458736811,4.310238748683564,5.893541643158671,5.931138961740522,0.0,0.23519222585172592,-7.691863798328497
2024930_WZY_DM_assembly_Plate1F7,2024930_WZY_DM_assembly_Plate1,,F7,Plate1_F7,Ribose,cycle 5,,0.9915,48 h,,"growth curve data NA, so 48 h label rather than 0: 0.05:48 was used",Ho lab/7_Shared data/16s rRNA/Raw reads/2024930_DM_assembly/Plate1,0.0,0.0,0.0,0.0,0.0,0.0,0.0,0.0,not_assessable,review_required,True,,-1.398043607623005,0.0,0.0,0.0,-1.3980436076230047,0.0,-0.3588969030325702,0.0,-1.398043607623005,-1.3980436076230047,0.0,0.0,0.0,-1.398043607623005,0.0,-0.5489997864124538,0.0,0.0,0.0,0.0,0.0,4.687783956471227,3.712487721817999,4.5197832221727055,0.0,1.629251574487655,0.0,6.128963066506054,3.4341963141899163,0.0,3.330112029716088,-1.7089956706110707
2024930_WZY_DM_assembly_Plate1F8,2024930_WZY_DM_assembly_Plate1,,F8,Plate1_F8,Ribose,cycle 5,,1.0275,48 h,,"growth curve data NA, so 48 h label rather than 0: 0.05:48 was used",Ho lab/7_Shared data/16s rRNA/Raw reads/2024930_DM_assembly/Plate1,0.0,0.0,0.0,0.0,0.0,0.0,0.0,0.0,not_assessable,review_required,True,,-1.251378300617003,0.0,0.0,0.0,-1.2513783006170032,0.0,-1.251378300617003,0.0,-1.251378300617003,-0.8378588577119339,0.0,0.0,0.0,-1.2513783006170032,0.0,-0.758632166561373,0.0,0.0,0.0,0.0,0.0,1.4241253956618596,4.148445239109471,3.9889385639914026,0.0,2.0729172860234093,0.0,6.102899369898917,-2.2392260351936,0.0,3.1506416439607925,-5.286739638497697
2024930_WZY_DM_assembly_Plate1F9,2024930_WZY_DM_assembly_Plate1,,F9,Plate1_F9,Ribose,cycle 5,,1.0255,48 h,,"growth curve data NA, so 48 h label rather than 0: 0.05:48 was used",Ho lab/7_Shared data/16s rRNA/Raw reads/2024930_DM_assembly/Plate1,0.0,0.0,0.0,0.0,0.0,0.0,0.0,0.0,not_assessable,review_required,True,,-1.2072854427530453,0.0,0.0,0.0,-1.2072854427530453,0.0,0.0,0.0,-0.0645118629447387,-0.8562699299513482,0.0,-1.2072854427530453,0.0,-1.2072854427530453,0.0,0.0,0.0,0.0,0.0,0.0,0.0,2.7526242983320084,2.6444597298789967,5.186407206541683,0.0,-0.8137356484323665,0.0,6.131435319205552,0.13967214780926523,0.0,2.0364868754105214,-6.4647486120183295
2024930_WZY_DM_assembly_Plate1F10,2024930_WZY_DM_assembly_Plate1,,F10,Plate1_F10,Ribose,cycle 5,,0.9365,48 h,,"growth curve data NA, so 48 h label rather than 0: 0.05:48 was used",Ho lab/7_Shared data/16s rRNA/Raw reads/2024930_DM_assembly/Plate1,0.0,0.0,0.0002175630154489,0.0,0.0,0.0,0.0,0.0,not_assessable,review_required,True,,-0.6187886172673394,-0.6187886172673391,0.0,0.0,-0.6187886172673389,0.0,-0.6187886172673389,0.0,-0.6187886172673394,-0.6187886172673391,0.0,0.0,-0.6187886172673391,-0.6187886172673391,0.0,-0.6187886172673391,0.0,0.0,0.0,0.0,0.0,-0.0636055519749043,5.514025171390479,1.9861893924724612,0.0,-2.252041535790335,0.0,6.111127796053875,6.4823430327866225,0.0,0.2415961275628467,-7.854491463240349
2024930_WZY_DM_assembly_Plate1F11,2024930_WZY_DM_assembly_Plate1,,F11,Plate1_F11,Ribose,cycle 5,,0.9335,48 h,,"growth curve data NA, so 48 h label rather than 0: 0.05:48 was used",Ho lab/7_Shared data/16s rRNA/Raw reads/2024930_DM_assembly/Plate1,0.0,0.0,0.0,0.0,0.0,0.0,0.0,0.0,not_assessable,review_required,True,,-0.8643468670396657,0.0,0.0,0.0,-0.8643468670396657,-0.8041241131338598,-0.8643468670396653,0.0,-0.8643468670396657,-0.8643468670396653,0.0,-0.8643468670396653,-0.8041241131338598,-0.8643468670396653,0.0,-0.8643468670396653,0.0,0.0,0.0,0.0,0.0,0.9637304190941864,5.865755547641645,1.3318398571928314,0.0,-4.33776783657006,0.0,6.126301185610718,6.762077779722976,0.0,3.896930167280163,-7.587597665924464
2024930_WZY_DM_assembly_Plate1F12,2024930_WZY_DM_assembly_Plate1,,F12,Plate1_F12,Ribose,cycle 5,,0.8465,48 h,,"growth curve data NA, so 48 h label rather than 0: 0.05:48 was used",Ho lab/7_Shared data/16s rRNA/Raw reads/2024930_DM_assembly/Plate1,0.0,0.0,0.0,0.0,0.0,0.0,0.0,0.0,not_assessable,review_required,True,,0.0,0.0,0.0,0.0,-1.2658944630504834,0.0,0.0,0.0,-1.2658944630504836,0.0,0.0,-1.2658944630504834,0.0,-1.2658944630504834,0.0,0.0,0.0,0.0,0.0,0.0,0.0,2.2982307802367123,3.153549691886891,3.564148695059144,0.0,-2.453322667791742,0.0,6.132338832103975,0.0,0.0,1.4365558249807806,-4.29898460946305
2024930_WZY_DM_assembly_Plate1G1,2024930_WZY_DM_assembly_Plate1,,G1,Plate1_G1,Arabinose,cycle 5,,0.7565,48 h,,"growth curve data NA, so 48 h label rather than 0: 0.05:48 was used",Ho lab/7_Shared data/16s rRNA/Raw reads/2024930_DM_assembly/Plate1,0.0,0.0,0.0004377260234341,0.0,0.0,0.0,0.0,0.0,not_assessable,review_required,True,,-0.8433692869960114,0.0,0.0,0.0,-0.8433692869960118,-0.8433692869960118,0.0,-0.8433692869960118,-0.8433692869960114,-0.8433692869960118,0.0,-0.8433692869960114,0.0,-0.8433692869960118,0.0,0.0,0.0,0.0,0.0,0.0,-3.898981655798926,0.33710406170812784,5.394530586626818,-0.4501436779568876,0.0,-1.3474315784206639,4.744797885948009,6.202817395126296,8.348623174115591,0.0,-1.048130336873694,-5.257737643130907
2024930_WZY_DM_assembly_Plate1G2,2024930_WZY_DM_assembly_Plate1,,G2,Plate1_G2,Arabinose,cycle 5,,0.7425,48 h,,"growth curve data NA, so 48 h label rather than 0: 0.05:48 was used",Ho lab/7_Shared data/16s rRNA/Raw reads/2024930_DM_assembly/Plate1,0.0,0.0,0.0013230329175654,0.0,0.0,0.0,0.0,0.0,not_assessable,review_required,True,,0.26240380631914784,0.26240380631914784,0.0,0.0,0.26240380631914784,0.26240380631914784,0.26240380631914784,0.26240380631914784,0.26240380631914784,0.26240380631914784,0.0,0.26240380631914784,0.0,0.26240380631914784,0.0,0.0,0.0,0.0,-1.1928935477987246,0.0,-7.174558565984369,1.2016857262622411,2.2113080964742617,-4.448083834787132,0.0,-4.687817609340337,0.0,0.0,2.3814936826027546,0.0,-0.6196526233760423,-5.309130678347052
2024930_WZY_DM_assembly_Plate1G3,2024930_WZY_DM_assembly_Plate1,,G3,Plate1_G3,Arabinose,cycle 5,,0.6975,48 h,,"growth curve data NA, so 48 h label rather than 0: 0.05:48 was used",Ho lab/7_Shared data/16s rRNA/Raw reads/2024930_DM_assembly/Plate1,0.0,0.0,0.0005476700993567,0.0,0.0,0.0,0.0,0.0,not_assessable,review_required,True,,-0.14164945461075246,-0.14164945461075212,0.0,0.0,-0.14164945461075212,-0.14164945461075246,-0.1416494546107523,-0.1416494546107523,-0.1416494546107523,-0.14164945461075246,0.0,0.0,0.0,-0.14164945461075246,0.0,0.0,0.0,0.0,0.0,0.0,-6.818699944442823,1.4220908406383928,6.5015899677874325,-3.85284500022097,0.0,-5.827556768186278,0.0,6.629483954742119,7.990347057282142,0.0,-1.3864263183239536,-6.0366158045705856
2024930_WZY_DM_assembly_Plate1G4,2024930_WZY_DM_assembly_Plate1,,G4,Plate1_G4,Arabinose,cycle 5,,0.6885,48 h,,"growth curve data NA, so 48 h label rather than 0: 0.05:48 was used",Ho lab/7_Shared data/16s rRNA/Raw reads/2024930_DM_assembly/Plate1,0.0,0.0,0.0011817952342487,0.0,0.0,0.0,0.0,0.0,not_assessable,review_required,True,,0.8082114383912214,0.0,0.0,0.0,0.8082114383912214,0.8082114383912214,0.8082114383912217,0.8082114383912217,0.8082114383912217,0.8082114383912217,0.0,0.0,0.0,0.8082114383912217,0.8082114383912217,0.0,0.0,0.0,-0.15389878639784363,0.0,-4.554519512907973,4.539252694223283,6.134410083206362,-3.269376003817939,0.0,-4.707557167201147,0.0,0.0,6.3870092076229525,0.0,-0.09848352173081402,-8.721797261149066
2024930_WZY_DM_assembly_Plate1G5,2024930_WZY_DM_assembly_Plate1,,G5,Plate1_G5,Arabinose,cycle 5,,0.6635,48 h,,"growth curve data NA, so 48 h label rather than 0: 0.05:48 was used",Ho lab/7_Shared data/16s rRNA/Raw reads/2024930_DM_assembly/Plate1,0.0,0.0,0.0011377058274705,0.0,0.0,0.0,0.0,0.0,not_assessable,review_required,True,,0.48555726712230496,0.7925849880222542,0.0,0.0,0.792584988022254,0.7925849880222542,0.792584988022254,0.7925849880222542,0.792584988022254,0.7925849880222542,0.0,0.0,0.0,0.2404447692857334,0.0,0.0,0.0,0.0,-0.05052428371805558,0.0,-3.7346314307372714,2.022289123019578,5.752110573106195,-3.709780566786617,0.0,-3.845257121406642,0.0,0.0,1.9014150619349142,0.0,-0.4087639033460944,-8.523091304544579
2024930_WZY_DM_assembly_Plate1G6,2024930_WZY_DM_assembly_Plate1,,G6,Plate1_G6,Arabinose,cycle 5,,0.8365,48 h,,"growth curve data NA, so 48 h label rather than 0: 0.05:48 was used",Ho lab/7_Shared data/16s rRNA/Raw reads/2024930_DM_assembly/Plate1,0.0,0.0,8.330290456431536e-05,0.0,0.0,0.0,0.0,0.0,not_assessable,review_required,True,,0.05319236926308345,0.0,0.0,0.0,0.053192369263083135,0.053192369263083135,0.053192369263083135,0.053192369263083135,0.053192369263083135,0.053192369263083135,0.0,0.05319236926308345,0.0,0.053192369263083135,0.0,0.0,0.0,0.0,0.0,0.0,-6.926064327508252,1.566194422770359,3.5804447132475445,4.630365802131076,0.0,-5.017991679362575,0.0,1.5593280772212332,7.723738488506687,0.0,-1.0806786611976105,-5.706557297215379
2024930_WZY_DM_assembly_Plate1G7,2024930_WZY_DM_assembly_Plate1,,G7,Plate1_G7,Acetate,cycle 5,,0.2455,48 h,,"growth curve data NA, so 48 h label rather than 0: 0.05:48 was used",Ho lab/7_Shared data/16s rRNA/Raw reads/2024930_DM_assembly/Plate1,0.0,0.0,0.0,0.0,0.0,0.0,0.0,0.0,not_assessable,review_required,True,,-0.9274314286089484,0.0,0.0,0.0,-0.9274314286089481,-0.9274314286089481,0.0,0.0,0.0,-0.9274314286089481,0.0,-0.9274314286089481,0.0,0.0,0.0,0.0,0.0,0.0,0.0,0.0,0.0,4.85458449815035,1.0567593170443739,-5.1297242755631345,0.0,4.922046170019769,0.0,0.0,8.452284949738546,0.0,3.1356245123381266,-5.260393227329317
2024930_WZY_DM_assembly_Plate1G8,2024930_WZY_DM_assembly_Plate1,,G8,Plate1_G8,Acetate,cycle 5,,0.1395,48 h,,"growth curve data NA, so 48 h label rather than 0: 0.05:48 was used",Ho lab/7_Shared data/16s rRNA/Raw reads/2024930_DM_assembly/Plate1,0.0,8.684374351525213e-05,1.4473957252542024e-05,0.0,0.0,0.0,0.0,0.0,not_assessable,review_required,True,,0.13654546060153488,0.0,0.0,0.0,0.13654546060153488,0.13654546060153488,0.0,0.0,0.038784859182997844,0.13654546060153488,0.0,0.13654546060153488,0.0,0.13654546060153488,0.0,0.0,0.0,0.0,0.0,0.0,-0.19174601577674968,-1.5396693191973478,0.0,-1.5902953922675247,0.0,0.17076213682328337,0.0,0.0,-1.2558763531967414,0.0,1.3783414297547782,-7.1596272412749755
2024930_WZY_DM_assembly_Plate1G9,2024930_WZY_DM_assembly_Plate1,,G9,Plate1_G9,Acetate,cycle 5,,0.2075,48 h,,"growth curve data NA, so 48 h label rather than 0: 0.05:48 was used",Ho lab/7_Shared data/16s rRNA/Raw reads/2024930_DM_assembly/Plate1,0.0,0.0,0.0006042786738351,0.0,0.0,0.0,0.0,0.0,not_assessable,review_required,True,,0.17696157656008685,0.0,0.0,0.0,0.17696157656008685,0.17696157656008654,0.0,0.0,0.17696157656008654,0.17696157656008654,0.0,0.17696157656008654,0.0,0.0,0.0,0.17696157656008654,0.0,0.0,0.0,0.0,0.0,-5.369432455266828,0.0,-5.374650164537854,0.0,-1.6184600031065504,0.0,0.0,-1.4308329999308989,0.0,4.923869813112943,-7.10325834190247
2024930_WZY_DM_assembly_Plate1G10,2024930_WZY_DM_assembly_Plate1,,G10,Plate1_G10,Acetate,cycle 5,,0.2295,48 h,,"growth curve data NA, so 48 h label rather than 0: 0.05:48 was used",Ho lab/7_Shared data/16s rRNA/Raw reads/2024930_DM_assembly/Plate1,0.0,0.0,0.0002603905410247,0.0,0.0,0.0,0.0,0.0,not_assessable,review_required,True,,-0.05016879614060053,-0.05016879614060053,0.0,-0.05016879614060053,-0.050168796140600366,-0.05016879614060053,0.0,0.0,0.0,-0.0501687961406002,0.0,0.0,0.0,0.0,0.0,0.0,0.0,0.0,0.0,0.0,0.0,-5.105818186416111,0.0,-5.223605564523241,0.0,0.0,0.0,0.0,6.2531768675023764,0.0,2.1863317105287043,-6.3673907892318455
2024930_WZY_DM_assembly_Plate1G11,2024930_WZY_DM_assembly_Plate1,,G11,Plate1_G11,Acetate,cycle 5,,0.3265,48 h,,"growth curve data NA, so 48 h label rather than 0: 0.05:48 was used",Ho lab/7_Shared data/16s rRNA/Raw reads/2024930_DM_assembly/Plate1,0.0,0.0,0.0,0.0,0.0,0.0,0.0,0.0,not_assessable,review_required,True,,-0.8182358086281295,0.0,0.0,0.0,-0.8182358086281295,-0.616740061847965,0.0,0.0,-0.8182358086281295,-0.8182358086281293,0.0,-0.8182358086281295,0.0,0.0,0.0,0.0,0.0,0.0,0.0,0.0,0.0,-0.09627573932107816,4.084892812893715,-5.2230130688146765,0.0,0.0,0.0,4.844015477962033,8.518443870521004,0.0,1.798634983578386,-6.210264576072688
2024930_WZY_DM_assembly_Plate1G12,2024930_WZY_DM_assembly_Plate1,,G12,Plate1_G12,Acetate,cycle 5,,0.0915,48 h,,"growth curve data NA, so 48 h label rather than 0: 0.05:48 was used",Ho lab/7_Shared data/16s rRNA/Raw reads/2024930_DM_assembly/Plate1,0.0,0.0,0.0,0.0,0.0,0.0,2.775951863275522e-05,0.0,not_assessable,review_required,True,,0.14342623747177022,0.0,0.0,0.0,0.1434262374717699,0.008037300852618369,0.0,0.0,0.14342623747177022,0.14342623747177022,0.0,0.14342623747177022,0.0,0.0,0.0,0.0,0.0,0.0,0.0,0.0,0.0,-3.869611744439168,0.0,0.0,0.0,0.0,0.0,0.0,0.0,0.0,-4.283400697520778,-5.8808003014801775
2024930_WZY_DM_assembly_Plate1H1,2024930_WZY_DM_assembly_Plate1,,H1,Plate1_H1,Mannose,cycle 5,,0.7865,48 h,,"growth curve data NA, so 48 h label rather than 0: 0.05:48 was used",Ho lab/7_Shared data/16s rRNA/Raw reads/2024930_DM_assembly/Plate1,0.0,0.0,0.0002261107056768,0.0,0.0,0.0,0.0,0.0,not_assessable,review_required,True,,-0.5707941025421038,0.0,0.0,0.0,-0.5707941025421036,-0.5707941025421036,0.0,0.0,-0.5707941025421036,0.0,0.0,-0.5707941025421036,0.0,-0.5707941025421036,0.0,-0.5676468274482704,0.0,0.0,-2.3903008858887493,0.0,-4.752759483184885,0.5823917786020807,5.393290008112613,-3.012076910146073,0.0,3.0935695176759954,5.657792186860765,5.954450299737582,8.193015343065301,0.0,0.9144013681571922,-6.821511947677447
2024930_WZY_DM_assembly_Plate1H2,2024930_WZY_DM_assembly_Plate1,,H2,Plate1_H2,Mannose,cycle 5,,0.9825,48 h,,"growth curve data NA, so 48 h label rather than 0: 0.05:48 was used",Ho lab/7_Shared data/16s rRNA/Raw reads/2024930_DM_assembly/Plate1,0.0,0.0,0.0008881281596303,0.0,0.0,0.0,0.0,0.0,not_assessable,review_required,True,,0.3820743359312775,0.0,0.0,0.0,0.3820743359312775,0.3820743359312777,0.0,0.0,0.3820743359312772,0.3820743359312775,0.0,0.3820743359312775,0.3820743359312775,0.3820743359312775,0.0,0.0,0.0,0.0,-3.1881905186320547,0.0,-8.228560830392711,3.453719621281793,4.890187740647201,-2.145121796740173,0.0,0.39368004340231927,1.4846698610976334,5.73652022886722,1.5228651077224424,0.0,3.457819208689606,-7.696684421324893
2024930_WZY_DM_assembly_Plate1H3,2024930_WZY_DM_assembly_Plate1,,H3,Plate1_H3,Mannose,cycle 5,,0.0535,48 h,,"growth curve data NA, so 48 h label rather than 0: 0.05:48 was used",Ho lab/7_Shared data/16s rRNA/Raw reads/2024930_DM_assembly/Plate1,0.0,0.0,0.0,0.0,0.0,0.0,0.0,0.0,not_assessable,review_required,True,,0.0,0.0,0.0,0.0,0.0,0.0,0.0,0.0,0.0,0.0,0.0,0.0,0.0,-5.687385694688337e-08,0.0,0.0,0.0,0.0,0.0,0.0,0.0,0.0,0.0,0.0,0.0,0.0,0.0,0.0,0.0,0.0,0.0,0.0
2024930_WZY_DM_assembly_Plate1H4,2024930_WZY_DM_assembly_Plate1,,H4,Plate1_H4,Mannose,cycle 5,,0.9825,48 h,,"growth curve data NA, so 48 h label rather than 0: 0.05:48 was used",Ho lab/7_Shared data/16s rRNA/Raw reads/2024930_DM_assembly/Plate1,0.0,0.0,0.0001044149574141,0.0,0.0,0.0,0.0,0.0,not_assessable,review_required,True,,-1.2776423633529244,0.0,0.0,0.0,-1.2776423633529244,-1.2776423633529244,0.0,0.0,-1.2776423633529244,-0.0030635125377302163,0.0,-1.2776423633529244,0.0,-1.2776423633529244,0.0,0.0,0.0,0.0,-1.0461322344297177,0.0,-1.434402824145722,1.6070179983546473,2.9110006207712775,6.439590172996045,0.0,2.4289042382200945,0.0,6.1346775699490985,-4.848173356590853,0.0,3.0486801408142523,-5.347224897161938
2024930_WZY_DM_assembly_Plate1H5,2024930_WZY_DM_assembly_Plate1,,H5,Plate1_H5,Mannose,cycle 5,,0.9205,48 h,,"growth curve data NA, so 48 h label rather than 0: 0.05:48 was used",Ho lab/7_Shared data/16s rRNA/Raw reads/2024930_DM_assembly/Plate1,0.0,0.0,0.0,0.0,0.0,0.0,0.0,0.0,not_assessable,review_required,True,,-1.2930094003955839,0.0,0.0,-1.2930094003955839,-1.2930094003955837,-1.2930094003955839,0.0,0.0,-1.293009400395584,0.0,0.0,-1.2930094003955839,0.0,-1.2930094003955839,0.0,0.0,0.0,0.0,-1.9115913499156627,0.0,-3.787639772905653,4.10757997665092,2.719808519177786,8.63779845362669,0.0,1.4527812761792878,0.0,6.136011238413378,0.0,0.0,2.5407451437968995,-5.871570012896551
2024930_WZY_DM_assembly_Plate1H6,2024930_WZY_DM_assembly_Plate1,,H6,Plate1_H6,Mannose,cycle 5,,0.9705,48 h,,"growth curve data NA, so 48 h label rather than 0: 0.05:48 was used",Ho lab/7_Shared data/16s rRNA/Raw reads/2024930_DM_assembly/Plate1,0.0,0.0,0.0003347834419317,0.0,0.0,0.0,0.0,0.0,not_assessable,review_required,True,,-0.8160209255502824,0.0,0.0,-0.8160209255502822,-0.8160209255502824,-0.8160209255502824,0.0,0.0,-0.8160209255502824,-0.8160209255502824,0.0,-0.8160209255502824,-0.8160209255502824,-0.8160209255502824,0.0,0.0,0.0,0.0,0.0,0.0,-3.336826415428077,-0.41006264611902926,5.8460032468442344,3.440249413918625,0.0,-1.143994577058629,3.3429971735140094,5.964955554058057,7.476825985203506,0.0,0.8280647813345084,-7.363179194401556
2024930_WZY_DM_assembly_Plate1H7,2024930_WZY_DM_assembly_Plate1,,H7,Plate1_H7,Propionate,cycle 5,,0.2025,48 h,,"growth curve data NA, so 48 h label rather than 0: 0.05:48 was used",Ho lab/7_Shared data/16s rRNA/Raw reads/2024930_DM_assembly/Plate1,0.0,0.0,0.0,0.0,0.0,0.0,8.869422392554065e-05,0.0,not_assessable,review_required,True,,-0.4338570193934733,-0.43385701939347354,0.0,-0.43385701939347354,-0.43385701939347354,-0.43385701939347354,0.0,0.0,0.0,-0.4338570193934733,0.0,0.0,0.0,0.0,0.0,0.0,0.0,0.0,0.0,0.0,0.0,-2.2190131208733272,0.0,0.0,0.0,0.0,0.0,0.0,7.457990116700288,0.0,3.5249965850608014,-4.956827109677939
2024930_WZY_DM_assembly_Plate1H8,2024930_WZY_DM_assembly_Plate1,,H8,Plate1_H8,Propionate,cycle 5,,0.2515,48 h,,"growth curve data NA, so 48 h label rather than 0: 0.05:48 was used",Ho lab/7_Shared data/16s rRNA/Raw reads/2024930_DM_assembly/Plate1,0.0,0.0,0.0,0.0,0.0,0.0,0.0,0.0,not_assessable,review_required,True,,-0.7248422150326895,0.0,0.0,0.0,-0.7248422150326895,-0.7248422150326895,0.0,0.0,-0.7248422150326893,-0.7248422150326895,0.0,0.0,0.0,0.0,0.0,0.0,0.0,0.0,0.0,0.0,0.0,-1.1556506559881539,0.0,-4.617022219374293,0.0,0.0,0.0,0.0,8.349565291352201,0.0,2.2521348909947303,-3.0153809775065064
2024930_WZY_DM_assembly_Plate1H9,2024930_WZY_DM_assembly_Plate1,,H9,Plate1_H9,Propionate,cycle 5,,0.1155,48 h,,"growth curve data NA, so 48 h label rather than 0: 0.05:48 was used",Ho lab/7_Shared data/16s rRNA/Raw reads/2024930_DM_assembly/Plate1,0.0,0.0,0.0,0.0,0.0,0.0,0.000464247937381,0.0,not_assessable,review_required,True,,0.449294075158901,0.44929407515890124,0.0,0.449294075158901,0.449294075158901,0.44929407515890124,0.0,0.0,0.449294075158901,0.44929407515890124,0.0,0.0,0.0,0.0,0.0,0.0,0.0,0.0,0.0,0.0,0.0,-6.689698183229431,0.9463458803481227,-1.974339045252306,0.0,0.0,0.0,0.0,0.0,0.0,-5.342314507659384,-6.920968755912322
2024930_WZY_DM_assembly_Plate1H10,2024930_WZY_DM_assembly_Plate1,,H10,Plate1_H10,Propionate,cycle 5,,0.2375,48 h,,"growth curve data NA, so 48 h label rather than 0: 0.05:48 was used",Ho lab/7_Shared data/16s rRNA/Raw reads/2024930_DM_assembly/Plate1,0.0,0.0,0.0,0.0,0.0,0.0,0.0,0.0,not_assessable,review_required,True,,-0.5226869664823439,0.0,0.0,0.0,-0.5226869664823439,-0.5226869664823437,0.0,0.0,-0.5226869664823437,-0.5226869664823437,0.0,-0.5226869664823437,0.0,0.0,0.0,0.0,0.0,0.0,0.0,0.0,0.0,-2.1860788067031858,0.0,-4.524965747700679,0.0,-1.5936784977845793,0.0,0.0,8.090233003421119,0.0,1.1801835385134403,-4.233502933540352
2024930_WZY_DM_assembly_Plate1H11,2024930_WZY_DM_assembly_Plate1,,H11,Plate1_H11,Propionate,cycle 5,,0.1145,48 h,,"growth curve data NA, so 48 h label rather than 0: 0.05:48 was used",Ho lab/7_Shared data/16s rRNA/Raw reads/2024930_DM_assembly/Plate1,0.0,0.0,0.0,0.0,0.0,0.0,5.982757119219716e-05,0.0,not_assessable,review_required,True,,0.010056343621050727,0.0,0.0,0.010056343621050727,0.010056343621051046,0.010056343621050727,0.0,0.0,0.010056343621050727,0.010056343621051046,0.0,0.010056343621051046,0.0,0.0,0.0,0.0,0.0,0.0,0.0,0.0,0.0,-3.0642888239888926,7.290499101454551,-1.938757941905075,0.0,0.0,0.0,0.0,0.0,0.0,-5.40710428535015,-6.746112863962714
2024930_WZY_DM_assembly_Plate1H12,2024930_WZY_DM_assembly_Plate1,,H12,Plate1_H12,Propionate,cycle 5,,0.1865,48 h,,"growth curve data NA, so 48 h label rather than 0: 0.05:48 was used",Ho lab/7_Shared data/16s rRNA/Raw reads/2024930_DM_assembly/Plate1,0.0,0.0,0.0,0.0,0.0,0.0,3.985042735042735e-05,0.0,not_assessable,review_required,True,,0.6981599432820115,0.0,0.0,0.4719597145837067,0.6981599432820115,0.6981599432820115,0.0,0.0,0.6981599432820117,0.6981599432820117,0.0,0.6981599432820115,0.0,0.0,0.0,0.0,0.0,0.0,0.0,0.0,0.0,-6.81637115505341,0.0,-1.7434261222581184,0.0,-0.8326934603549377,0.0,0.0,0.0,0.0,-6.141578517767112,-7.6093238834063985
2024930_WZY_DM_assembly_Plate2A1,2024930_WZY_DM_assembly_Plate2,,A1,Plate2_A1,Sugar_mix,cycle 5,,0.9295,48 h,,"growth curve data NA, so 48 h label rather than 0: 0.05:48 was used",Ho lab/7_Shared data/16s rRNA/Raw reads/2024930_DM_assembly/Plate2,0.0,0.0040834046676895,0.0011109262698861,0.0,0.0,0.0,0.0001050876201243,0.000915763546798,not_assessable,review_required,True,,-0.49524462951067516,0.0,0.0,-0.49524462951067516,-0.49524462951067516,-0.49524462951067516,-0.49524462951067516,-0.4952446295106754,-0.4952446295106754,-0.49524462951067516,0.0,-0.49524462951067516,-0.49524462951067516,-0.49524462951067516,0.0,0.0,0.0,0.0,0.0,0.0,-1.952914419062531,2.3908940265674565,5.155141272054863,-2.0058292679801726,0.0,-1.2695168728356092,0.0,6.169663431403899,1.530800229601301,0.0,-1.1828754669375763,-5.779415649196913
2024930_WZY_DM_assembly_Plate2A2,2024930_WZY_DM_assembly_Plate2,,A2,Plate2_A2,Sugar_mix,cycle 5,,0.8055,48 h,,"growth curve data NA, so 48 h label rather than 0: 0.05:48 was used",Ho lab/7_Shared data/16s rRNA/Raw reads/2024930_DM_assembly/Plate2,0.0,0.0077335783905364,0.0028770253665444,0.0,0.0,0.0,0.0,0.0012497865294901,not_assessable,review_required,True,,-0.4304582909088374,0.0,0.0,-0.4304582909088374,-0.4304582909088374,-0.4304582909088374,-0.4304582909088374,-0.4304582909088374,-0.4304582909088374,-0.4304582909088374,0.0,-0.4304582909088374,0.0,-0.4304582909088374,0.0,0.0,0.0,0.0,-0.6454106047193928,0.0,-3.8527547666966018,0.6181112373750245,2.202072722559889,4.637507215995654,0.0,-5.118951822772226,0.0,6.308859641583433,0.0,0.0,0.25429421030321003,-8.026602762814115
2024930_WZY_DM_assembly_Plate2A3,2024930_WZY_DM_assembly_Plate2,,A3,Plate2_A3,Sugar_mix,cycle 5,,0.9615,48 h,,"growth curve data NA, so 48 h label rather than 0: 0.05:48 was used",Ho lab/7_Shared data/16s rRNA/Raw reads/2024930_DM_assembly/Plate2,0.0,0.0009412116597781,0.0013112606884088,0.0,0.0,0.0,0.0,0.0009251225715767,not_assessable,review_required,True,,-0.5447001176190953,0.0,-0.5447001176190953,0.0,-0.5447001176190953,-0.2635147115389902,0.0,-0.5447001176190955,-0.034380712323501296,-0.5447001176190953,0.0,0.0,0.0,-0.5447001176190953,-0.2835524647756167,0.0,0.0,0.0,0.0,0.0,-5.954806787980812,0.29838645156775684,1.0010723215553623,7.38347244946285,0.0,-3.6428021858687174,0.0,6.077017290507172,-0.2233159064873207,0.0,5.726957301523004,-5.3704299154555954
2024930_WZY_DM_assembly_Plate2A4,2024930_WZY_DM_assembly_Plate2,,A4,Plate2_A4,Sugar_mix,cycle 5,,0.9055,48 h,,"growth curve data NA, so 48 h label rather than 0: 0.05:48 was used",Ho lab/7_Shared data/16s rRNA/Raw reads/2024930_DM_assembly/Plate2,0.0,0.016248078986907,0.0007191135436789,0.0,0.0,0.0,0.0,3.887100236102168e-05,not_assessable,review_required,True,,-0.9809092684018241,-0.21332473979943298,-0.2667639987608678,0.0,-0.9809092684018238,-0.9809092684018241,0.0,-0.9809092684018238,-0.9809092684018238,-0.9809092684018238,0.0,0.0,-0.9809092684018238,-0.9809092684018241,0.0,-0.9809092684018238,0.0,0.0,-0.572867126486637,0.0,-6.219784208375795,5.3553202049642294,1.484342814904484,0.0,0.0,-6.279413930257308,5.396338404251521,6.404021771028876,8.419405958520318,0.0,0.3380282993760122,-0.43960059562312703
2024930_WZY_DM_assembly_Plate2A5,2024930_WZY_DM_assembly_Plate2,,A5,Plate2_A5,Sugar_mix,cycle 5,,0.9605,48 h,,"growth curve data NA, so 48 h label rather than 0: 0.05:48 was used",Ho lab/7_Shared data/16s rRNA/Raw reads/2024930_DM_assembly/Plate2,0.0,0.0002581265189755,0.0028730603851187,0.0,0.0,0.0,0.0,0.0,not_assessable,review_required,True,,0.0683079597665507,0.0,0.068307959766551,0.0,0.0683079597665507,0.0683079597665507,0.0683079597665507,0.0683079597665507,0.0683079597665507,0.068307959766551,0.0,0.0,0.0683079597665507,0.068307959766551,0.0,0.0,0.0,0.0,0.0,0.0,-2.5013209789370854,5.522087913569335,2.2427107512543,6.175637651217369,0.0,-4.840470169920066,0.0,6.1258493793464845,-0.5840545068928034,0.0,5.94973437744152,-8.090012339425748
2024930_WZY_DM_assembly_Plate2A6,2024930_WZY_DM_assembly_Plate2,,A6,Plate2_A6,Sugar_mix,cycle 5,,0.9195,48 h,,"growth curve data NA, so 48 h label rather than 0: 0.05:48 was used",Ho lab/7_Shared data/16s rRNA/Raw reads/2024930_DM_assembly/Plate2,0.0,0.0104928374878601,0.0019348494658465,0.0,0.0,0.0,0.0,0.0009674247329232,not_assessable,review_required,True,,-0.23256372831590547,0.0,-0.23256372831590508,0.0,-0.23256372831590527,-0.23256372831590527,-0.23256372831590508,-0.23256372831590508,-0.23256372831590527,-0.23256372831590547,0.0,0.0,-0.23256372831590508,-0.23256372831590527,0.0,0.0,0.0,0.0,0.0,0.0,-6.24265458158788,4.209744985955612,2.1098073628299367,1.9976625032782813,0.0,-1.3482279515453721,0.0,6.105355044259394,7.219731272052849,0.0,0.12359606902426623,-8.067340716720237
2024930_WZY_DM_assembly_Plate2A7,2024930_WZY_DM_assembly_Plate2,,A7,Plate2_A7,N_acetylglutamic_acid,cycle 5,,0.5765,48 h,,"growth curve data NA, so 48 h label rather than 0: 0.05:48 was used",Ho lab/7_Shared data/16s rRNA/Raw reads/2024930_DM_assembly/Plate2,0.0,0.0,0.0002073834255137,0.0,0.0,0.0,0.0,0.0,not_assessable,review_required,True,,-0.8712956093811545,-0.8712956093811542,0.0,-0.8712956093811545,-0.8712956093811545,-0.8712956093811542,0.0,0.0,-0.8712956093811542,-0.8712956093811545,0.0,0.0,-0.8712956093811542,-0.8712956093811542,-0.8712956093811542,-0.7153236185250352,0.0,0.0,-2.1104615603661867,0.0,-3.1657439958673974,0.8913642289709207,0.8793878758978046,-6.228537448631472,0.0,0.0,2.1857925254497776,6.346477352728434,8.348303735643693,0.0,-0.08510336535407431,-4.907042010829639
2024930_WZY_DM_assembly_Plate2A8,2024930_WZY_DM_assembly_Plate2,,A8,Plate2_A8,N_acetylglutamic_acid,cycle 5,,0.5745,48 h,,"growth curve data NA, so 48 h label rather than 0: 0.05:48 was used",Ho lab/7_Shared data/16s rRNA/Raw reads/2024930_DM_assembly/Plate2,0.0,0.0,0.0,0.0,0.0,0.0,0.0,0.0,not_assessable,review_required,True,,-0.7926022751837267,-0.18709383887270967,0.0,-0.7926022751837267,-0.7926022751837265,-0.7926022751837267,0.0,0.0,-0.7926022751837267,-0.7926022751837265,0.0,0.0,-0.7926022751837265,-0.7926022751837265,-0.7926022751837265,0.0,0.0,0.0,-1.4896566088931409,0.0,-5.673808211903435,2.15877573637717,0.3311590751436729,-5.054331387557793,0.0,4.320705461236115,0.0,6.447764268961397,4.7105188302167695,0.0,1.65727530198265,-6.5411227769271205
2024930_WZY_DM_assembly_Plate2A9,2024930_WZY_DM_assembly_Plate2,,A9,Plate2_A9,N_acetylglutamic_acid,cycle 5,,0.5625,48 h,,"growth curve data NA, so 48 h label rather than 0: 0.05:48 was used",Ho lab/7_Shared data/16s rRNA/Raw reads/2024930_DM_assembly/Plate2,0.0,0.0,5.016051364365972e-05,0.0,0.0,0.0,0.0,0.0,not_assessable,review_required,True,,-0.4932450119555414,-0.4932450119555414,-0.2854890910722266,0.0,-0.4932450119555416,-0.4932450119555414,0.0,0.0,-0.4932450119555416,-0.4932450119555414,0.0,0.0,-0.4932450119555414,-0.4932450119555416,-0.4932450119555416,0.0,0.0,0.0,-2.17586459989785,0.0,0.0,0.8904533122480474,2.9234259083875584,-6.61137037928972,0.0,0.0,0.0,6.264321984697346,8.121334291878819,0.0,2.8642828956996227,-8.123155480216429
2024930_WZY_DM_assembly_Plate2A10,2024930_WZY_DM_assembly_Plate2,,A10,Plate2_A10,N_acetylglutamic_acid,cycle 5,,0.5255,48 h,,"growth curve data NA, so 48 h label rather than 0: 0.05:48 was used",Ho lab/7_Shared data/16s rRNA/Raw reads/2024930_DM_assembly/Plate2,0.0,7.543784094171691e-05,0.0001885946023542,0.0,0.0,0.0,0.0,0.0,not_assessable,review_required,True,,-0.86000439364415,0.0,0.0,-0.8600043936441497,-0.8600043936441497,-0.8600043936441497,0.0,0.0,-0.8600043936441497,-0.8600043936441497,0.0,0.0,-0.8600043936441497,-0.8600043936441497,-0.86000439364415,0.0,0.0,0.0,-2.665280626276726,0.0,0.0,1.1392712578167574,1.977618670983662,-6.116273956383104,0.0,0.0,0.0,6.334499062693909,8.314892368049781,0.0,3.7103277023240295,-7.239542112589164
2024930_WZY_DM_assembly_Plate2A11,2024930_WZY_DM_assembly_Plate2,,A11,Plate2_A11,N_acetylglutamic_acid,cycle 5,,0.5895,48 h,,"growth curve data NA, so 48 h label rather than 0: 0.05:48 was used",Ho lab/7_Shared data/16s rRNA/Raw reads/2024930_DM_assembly/Plate2,0.0,0.0,3.0726329780302835e-05,0.0,0.0,0.0,0.0,0.0,not_assessable,review_required,True,,-1.1944709401700953,0.0,0.0,-1.1944709401700953,-1.1944709401700953,-1.1944709401700953,0.0,0.0,-1.1944709401700953,-1.194470940170095,0.0,-1.1944709401700953,-1.1944709401700953,-1.1944709401700953,-1.1944709401700953,0.0,0.0,0.0,-1.7493579956431438,0.0,0.0,2.1168384333156696,0.6402700367793375,2.8019624210287857,0.0,0.0,0.0,6.17104229324133,0.0,0.0,4.747634133622557,-3.514563772664626
2024930_WZY_DM_assembly_Plate2A12,2024930_WZY_DM_assembly_Plate2,,A12,Plate2_A12,N_acetylglutamic_acid,cycle 5,,0.5715,48 h,,"growth curve data NA, so 48 h label rather than 0: 0.05:48 was used",Ho lab/7_Shared data/16s rRNA/Raw reads/2024930_DM_assembly/Plate2,0.0,0.0,0.0,0.0,0.0,0.0,0.0,0.0,not_assessable,review_required,True,,-1.0133915645742755,-0.6075286979569066,0.0,-1.0133915645742755,-1.0133915645742755,-1.0133915645742755,0.0,0.0,-0.05113534943249182,-1.0133915645742755,0.0,-1.0133915645742755,-1.0133915645742755,-1.0133915645742755,-1.0133915645742755,0.0,0.0,0.0,-2.7185600103456933,0.0,0.0,3.9873610532554244,0.26557391891801674,-6.29197343808984,0.0,3.6134585103033063,0.0,6.358064425430478,8.452538509856403,0.0,0.11023541003266701,-4.7073849347890215
2024930_WZY_DM_assembly_Plate2B1,2024930_WZY_DM_assembly_Plate2,,B1,Plate2_B1,Water,cycle 5,,0.2605,48 h,,"growth curve data NA, so 48 h label rather than 0: 0.05:48 was used",Ho lab/7_Shared data/16s rRNA/Raw reads/2024930_DM_assembly/Plate2,0.0,0.0,0.0064069955817378,0.0,0.0,0.0,0.0,0.0,not_assessable,review_required,True,,1.5881867450621088,1.5881867450621086,0.0,0.0,1.5881867450621086,1.588186745062109,0.0,0.0,1.5881867450621088,1.5881867450621088,0.0,0.0,0.0,0.0,0.0,1.5881867450621088,0.0,0.0,0.0,0.0,0.0,-6.037386732504971,7.41044156786389,-6.815546962024121,0.0,-3.576295889945967,0.0,0.0,0.0,0.0,-7.068554750598653,-8.64211248804756
2024930_WZY_DM_assembly_Plate2B2,2024930_WZY_DM_assembly_Plate2,,B2,Plate2_B2,Water,cycle 5,,0.2725,48 h,,"growth curve data NA, so 48 h label rather than 0: 0.05:48 was used",Ho lab/7_Shared data/16s rRNA/Raw reads/2024930_DM_assembly/Plate2,0.0,0.0,0.0016386975740131,0.0,0.0,0.0,0.0,0.0,not_assessable,review_required,True,,-0.23987081558362092,0.0,0.0,0.0,-0.23987081558362072,-0.23987081558362072,0.0,0.0,-0.23987081558362092,-0.23987081558362092,0.0,-0.23987081558362072,0.0,0.0,0.0,0.0,0.0,0.0,0.0,0.0,0.0,-1.9169171739232242,1.8184325471234308,-5.527458608581184,0.0,-0.8964837101029264,0.0,0.0,7.969077078668543,0.0,1.1985768442050764,-7.1005113640310755
2024930_WZY_DM_assembly_Plate2B3,2024930_WZY_DM_assembly_Plate2,,B3,Plate2_B3,Water,cycle 5,,0.1635,48 h,,"growth curve data NA, so 48 h label rather than 0: 0.05:48 was used",Ho lab/7_Shared data/16s rRNA/Raw reads/2024930_DM_assembly/Plate2,0.0,0.0,0.0045399963221772,0.0,0.0,0.0,0.0,0.0,not_assessable,review_required,True,,0.5520922132524126,0.5520922132524126,0.0,0.0,0.5520922132524129,0.5520922132524126,0.0,0.0,0.5520922132524126,0.5520922132524129,0.0,0.0,0.0,0.5520922132524129,0.0,0.5520922132524126,0.0,0.0,0.0,0.0,0.0,-6.7996744971116065,6.907513647721671,0.0,0.0,-5.557552605349227,0.0,0.0,-0.1825131740020999,0.0,-2.989868096059818,-7.859645518651328
2024930_WZY_DM_assembly_Plate2B4,2024930_WZY_DM_assembly_Plate2,,B4,Plate2_B4,Water,cycle 5,,0.1775,48 h,,"growth curve data NA, so 48 h label rather than 0: 0.05:48 was used",Ho lab/7_Shared data/16s rRNA/Raw reads/2024930_DM_assembly/Plate2,0.0,0.0,0.0003573825503355,0.0,0.0,0.0,0.0,0.0,not_assessable,review_required,True,,0.4365704686868865,0.0,0.0,0.0,0.4365704686868865,0.43657046868688676,0.0,0.0,0.43657046868688676,0.4365704686868865,0.0,0.43657046868688676,0.0,0.0,0.0,0.0,0.0,0.0,0.0,0.0,0.0,-7.575648173574478,6.344212604272089,-3.2001848565065827,0.0,-4.3972217035661405,0.0,0.0,0.0,0.0,-1.2560586713420425,-4.89429497171099
2024930_WZY_DM_assembly_Plate2B5,2024930_WZY_DM_assembly_Plate2,,B5,Plate2_B5,Water,cycle 5,,0.1775,48 h,,"growth curve data NA, so 48 h label rather than 0: 0.05:48 was used",Ho lab/7_Shared data/16s rRNA/Raw reads/2024930_DM_assembly/Plate2,0.0,0.0,0.001135720438046,0.0,0.0,0.0,0.0,0.0,not_assessable,review_required,True,,0.07024764752503827,0.0,0.0,0.0,0.07024764752503797,0.07024764752503827,0.0,0.0,0.07024764752503797,0.07024764752503797,0.0,0.07024764752503827,0.0,0.0,0.0,0.0,0.0,0.0,0.0,0.0,0.0,-5.126089092592217,2.1338071295021095,0.0,0.0,-4.262662145467668,0.0,0.0,0.0,0.0,6.340080010497168,-6.212949932982222
2024930_WZY_DM_assembly_Plate2B6,2024930_WZY_DM_assembly_Plate2,,B6,Plate2_B6,Water,cycle 5,,0.1835,48 h,,"growth curve data NA, so 48 h label rather than 0: 0.05:48 was used",Ho lab/7_Shared data/16s rRNA/Raw reads/2024930_DM_assembly/Plate2,0.0,0.0,0.0005381231671554,0.0,0.0,0.0,0.0,0.0,not_assessable,review_required,True,,0.7234968707441123,0.7234968707441121,0.0,0.0,0.7234968707441123,0.7234968707441121,0.0,0.7234968707441123,0.7234968707441121,0.7234968707441123,0.0,0.0,0.0,0.0,0.0,0.0,0.0,0.0,0.0,0.0,0.0,-6.84850578897619,6.975517760027764,0.0,0.0,-5.21590280261059,0.0,0.0,0.0,0.0,-6.5645672799700865,-7.799134415252638
2024930_WZY_DM_assembly_Plate2B7,2024930_WZY_DM_assembly_Plate2,,B7,Plate2_B7,N_acetylgalactosamine,cycle 5,,0.5515,48 h,,"growth curve data NA, so 48 h label rather than 0: 0.05:48 was used",Ho lab/7_Shared data/16s rRNA/Raw reads/2024930_DM_assembly/Plate2,0.0,0.0,0.0002995993571606,0.0,0.0,0.0,0.0007240317798048,0.0006990651667081,not_assessable,review_required,True,,-0.9370697961012161,0.0,0.0,0.0,0.0,-0.9370697961012164,0.0,0.0,-0.9370697961012161,-0.9370697961012164,0.0,0.0,0.0,-0.7680433683351625,-0.9370697961012161,0.0,0.0,0.0,-2.0390705649224485,0.0,0.0,2.0943950925398718,0.0,-0.965489432541299,0.0,4.774318981973658,0.0,6.430640716314363,8.03024449414892,0.0,4.971236030872632,-6.622039015511564
2024930_WZY_DM_assembly_Plate2B8,2024930_WZY_DM_assembly_Plate2,,B8,Plate2_B8,N_acetylgalactosamine,cycle 5,,0.4855,48 h,,"growth curve data NA, so 48 h label rather than 0: 0.05:48 was used",Ho lab/7_Shared data/16s rRNA/Raw reads/2024930_DM_assembly/Plate2,0.0,0.0,0.0001411260287411,0.0,0.0,0.0,0.0,0.0006350671293352,not_assessable,review_required,True,,-0.9758842529728641,-0.6121385792547813,-0.9758842529728644,-0.9758842529728644,-0.9758842529728644,0.0,0.0,0.0,-0.9758842529728644,-0.9758842529728644,0.0,0.0,0.0,0.0,-0.9758842529728644,0.0,0.0,0.0,-2.114638919783976,0.0,0.0,2.082880203367529,5.066755034292657,-5.8423306111593964,0.0,4.496226899208639,0.0,6.399464340226293,8.07069237802059,0.0,1.000553210766642,-3.8010217384010154
2024930_WZY_DM_assembly_Plate2B9,2024930_WZY_DM_assembly_Plate2,,B9,Plate2_B9,N_acetylgalactosamine,cycle 5,,0.3785,48 h,,"growth curve data NA, so 48 h label rather than 0: 0.05:48 was used",Ho lab/7_Shared data/16s rRNA/Raw reads/2024930_DM_assembly/Plate2,0.0,0.0,7.018790950673755e-05,0.0,0.0,0.0,0.000163771788849,0.0,not_assessable,review_required,True,,-0.37300975835082884,-0.3730097583508286,-0.3730097583508286,-0.3730097583508286,-0.37300975835082884,-0.3730097583508286,0.0,0.0,-0.3730097583508286,-0.37300975835082884,0.0,0.0,0.0,-0.37300975835082884,-0.3730097583508286,-0.37300975835082884,0.0,0.0,-5.069739066086707,0.0,0.0,-1.4694071533108528,6.913196577289739,-3.562359506318097,0.0,-1.8429116734098299,0.0,1.3546916071690187,7.7224521567475914,0.0,-0.10182424178831634,-4.870627051621744
2024930_WZY_DM_assembly_Plate2B10,2024930_WZY_DM_assembly_Plate2,,B10,Plate2_B10,N_acetylgalactosamine,cycle 5,,0.5345,48 h,,"growth curve data NA, so 48 h label rather than 0: 0.05:48 was used",Ho lab/7_Shared data/16s rRNA/Raw reads/2024930_DM_assembly/Plate2,0.0,0.0,0.0002761106414952,0.0,0.0,0.0,0.0,0.0005898727341035,not_assessable,review_required,True,,-0.7618518630501631,0.0,0.0,0.0,-0.7618518630501631,-0.7618518630501634,0.0,0.0,-0.7618518630501634,-0.7618518630501631,0.0,0.0,0.0,-0.7618518630501634,-0.7618518630501631,0.0,0.0,0.0,-2.057569788524261,0.0,0.0,0.23043330753311486,4.912712591951133,-5.496103234636693,0.0,0.0,4.433678192718528,6.287052670218907,8.413145338193285,0.0,0.5168074783416698,-7.308925150425529
2024930_WZY_DM_assembly_Plate2B11,2024930_WZY_DM_assembly_Plate2,,B11,Plate2_B11,N_acetylgalactosamine,cycle 5,,0.4865,48 h,,"growth curve data NA, so 48 h label rather than 0: 0.05:48 was used",Ho lab/7_Shared data/16s rRNA/Raw reads/2024930_DM_assembly/Plate2,0.0,0.0,0.0005028494007877,0.0,0.0,0.0,0.0,0.0003261725842947,not_assessable,review_required,True,,-0.21957853938932964,-0.21957853938932945,0.0,-0.21957853938932964,-0.21957853938932964,-0.21957853938932964,0.0,0.0,-0.21957853938932964,-0.21957853938932945,0.0,-0.21957853938932964,0.0,-0.21957853938932964,-0.21957853938932945,0.0,0.0,0.0,-4.711058464942231,0.0,0.0,2.0363414791435783,6.525016187097099,-6.724482548618792,0.0,3.877168225231475,0.0,0.0,7.918601613689431,0.0,0.6767683436429583,-7.6405824340224235
2024930_WZY_DM_assembly_Plate2B12,2024930_WZY_DM_assembly_Plate2,,B12,Plate2_B12,N_acetylgalactosamine,cycle 5,,0.5855,48 h,,"growth curve data NA, so 48 h label rather than 0: 0.05:48 was used",Ho lab/7_Shared data/16s rRNA/Raw reads/2024930_DM_assembly/Plate2,0.0,0.0,4.350141165981475e-05,0.0,0.0,0.0,0.0,5.0751646936450546e-05,not_assessable,review_required,True,,-1.0956449647775204,0.0,0.0,-1.0956449647775204,-1.0956449647775204,-1.0956449647775206,0.0,0.0,-1.0956449647775204,-1.0956449647775204,0.0,-1.0484390065482503,0.0,0.0,-1.0956449647775204,0.0,0.0,0.0,0.0,0.0,0.0,1.4722848711913386,5.08584179305182,-5.045195779163262,0.0,4.114127148031418,0.0,6.3780731385476575,8.237319335018435,0.0,1.8890987861932835,-3.1035265666525396
2024930_WZY_DM_assembly_Plate2C1,2024930_WZY_DM_assembly_Plate2,,C1,Plate2_C1,Butyrate,cycle 5,,0.2865,48 h,,"growth curve data NA, so 48 h label rather than 0: 0.05:48 was used",Ho lab/7_Shared data/16s rRNA/Raw reads/2024930_DM_assembly/Plate2,0.0,1.4080238520387266e-05,0.0006805448618187,0.0,0.0,0.0,0.0,0.0,not_assessable,review_required,True,,-0.8546406964117029,-0.8546406964117027,0.0,0.0,-0.8546406964117029,-0.8546406964117027,0.0,0.0,-0.8546406964117027,-0.8546406964117027,0.0,-0.8546406964117027,0.0,0.0,0.0,0.0,0.0,0.0,0.0,0.0,0.0,-0.043825226329024775,5.336762862895133,-1.7083727502559136,0.0,-2.6753744746985815,0.0,4.428823378631038,8.469031403508101,0.0,1.6533755396031906,-6.26064600295459
2024930_WZY_DM_assembly_Plate2C2,2024930_WZY_DM_assembly_Plate2,,C2,Plate2_C2,Butyrate,cycle 5,,0.2135,48 h,,"growth curve data NA, so 48 h label rather than 0: 0.05:48 was used",Ho lab/7_Shared data/16s rRNA/Raw reads/2024930_DM_assembly/Plate2,0.0,0.0,0.0016621476510067,0.0,0.0,0.0,0.0,0.0,not_assessable,review_required,True,,0.6558017662721944,0.6558017662721949,0.0,0.0,0.6558017662721947,0.6558017662721947,0.0,0.0,0.6558017662721947,0.6558017662721947,0.0,0.0,0.0,0.0,0.0,0.0,0.0,0.0,0.0,0.0,0.0,-4.056549748585249,6.773692208685789,-6.789992276187777,0.0,-1.7578914330206898,0.0,0.0,0.0,0.0,-6.328354364046793,-7.805778762417306
2024930_WZY_DM_assembly_Plate2C3,2024930_WZY_DM_assembly_Plate2,,C3,Plate2_C3,Butyrate,cycle 5,,0.2735,48 h,,"growth curve data NA, so 48 h label rather than 0: 0.05:48 was used",Ho lab/7_Shared data/16s rRNA/Raw reads/2024930_DM_assembly/Plate2,0.0,0.0,0.0006115148127445,0.0,0.0,0.0,0.0,0.0,not_assessable,review_required,True,,0.4116430675947018,0.4116430675947018,0.0,0.0,0.41164306759470204,0.41164306759470204,0.0,0.41164306759470204,0.4116430675947018,0.4116430675947018,0.0,0.0,0.0,0.0,0.0,0.0,0.0,0.0,0.0,0.0,0.0,-4.085351534021666,6.245884957094043,-7.441750782583264,0.0,-4.544897709686544,0.0,0.0,0.08647496289865846,0.0,-0.08852265417593572,-5.6235075443829246
2024930_WZY_DM_assembly_Plate2C4,2024930_WZY_DM_assembly_Plate2,,C4,Plate2_C4,Butyrate,cycle 5,,0.2265,48 h,,"growth curve data NA, so 48 h label rather than 0: 0.05:48 was used",Ho lab/7_Shared data/16s rRNA/Raw reads/2024930_DM_assembly/Plate2,0.0,0.0,0.0005507598784194,0.0,0.0,0.0,0.0,0.0,not_assessable,review_required,True,,1.7939000807098122,1.7939000807098122,0.0,0.0,1.793900080709812,1.7939000807098122,0.0,1.793900080709812,1.7939000807098122,1.7939000807098122,0.0,1.6642873425786848,0.0,0.0,0.0,0.0,0.0,0.0,0.0,0.0,0.0,-8.751501222544631,0.0,-6.789250499144125,0.0,-4.7530303112313534,0.0,0.0,0.0,0.0,-6.705384938996266,-5.2627046846482815
2024930_WZY_DM_assembly_Plate2C5,2024930_WZY_DM_assembly_Plate2,,C5,Plate2_C5,Butyrate,cycle 5,,0.3495,48 h,,"growth curve data NA, so 48 h label rather than 0: 0.05:48 was used",Ho lab/7_Shared data/16s rRNA/Raw reads/2024930_DM_assembly/Plate2,0.0,0.0,0.0018154240282685,0.0,0.0,0.0,0.0,0.0,not_assessable,review_required,True,,-1.1361061058227337,0.0,0.0,0.0,-1.1361061058227335,-1.1361061058227335,0.0,0.0,-1.1361061058227337,-1.1361061058227335,0.0,-1.1361061058227335,0.0,0.0,0.0,-0.042764235322883724,0.0,0.0,0.0,0.0,0.0,-1.1808789276144622,6.27468839047682,-4.784696082382795,0.0,-4.1847832401956575,0.0,6.393148584011563,8.524828260435495,0.0,0.6829230923678057,-0.1389795505821738
2024930_WZY_DM_assembly_Plate2C6,2024930_WZY_DM_assembly_Plate2,,C6,Plate2_C6,Butyrate,cycle 5,,0.2605,48 h,,"growth curve data NA, so 48 h label rather than 0: 0.05:48 was used",Ho lab/7_Shared data/16s rRNA/Raw reads/2024930_DM_assembly/Plate2,0.0,0.0,0.0017307763787576,0.0,0.0,0.0,0.0,0.0,not_assessable,review_required,True,,-0.14185709511130037,-0.14185709511130037,0.0,0.0,0.0,-0.14185709511130054,0.0,0.0,-0.14185709511130037,-0.1418570951113002,0.0,0.0,0.0,0.0,0.0,0.0,0.0,0.0,0.0,0.0,0.0,-2.761614289760496,6.402084895968193,-6.218434672597881,0.0,-0.7110930689991544,0.0,0.0,7.526512176080305,0.0,1.2431156336747813,-0.16677255277490421
2024930_WZY_DM_assembly_Plate2C7,2024930_WZY_DM_assembly_Plate2,,C7,Plate2_C7,Urea,cycle 5,,0.2715,48 h,,"growth curve data NA, so 48 h label rather than 0: 0.05:48 was used",Ho lab/7_Shared data/16s rRNA/Raw reads/2024930_DM_assembly/Plate2,0.0,0.0,0.0008767902274641,0.0,0.0,0.0,0.0,0.0,not_assessable,review_required,True,,1.2880909932048683,1.2880909932048683,0.0,0.0,1.2880909932048688,1.2880909932048683,0.0,0.46047517938224247,1.2880909932048683,1.2880909932048683,0.0,0.0,0.0,0.0,0.0,0.0,0.0,0.0,0.0,0.0,0.0,-7.496564732797013,0.0,-5.556088478652321,0.0,-5.211303175470561,0.0,0.0,0.0,0.0,-3.420311699621856,-8.301022999030868
2024930_WZY_DM_assembly_Plate2C8,2024930_WZY_DM_assembly_Plate2,,C8,Plate2_C8,Urea,cycle 5,,0.1725,48 h,,"growth curve data NA, so 48 h label rather than 0: 0.05:48 was used",Ho lab/7_Shared data/16s rRNA/Raw reads/2024930_DM_assembly/Plate2,0.0,0.0,0.0001368737247789,0.0,0.0,0.0,0.0,0.0,not_assessable,review_required,True,,0.03847510359885061,0.03847510359885061,0.0,0.0,0.03847510359885061,0.0,0.0,0.0,0.038475103598850924,0.03847510359885061,0.0,0.0,0.0,0.0,0.0,0.0,0.0,0.0,0.0,0.0,0.0,-5.793730085406771,0.0,0.0,0.0,-2.790776768017338,0.0,0.0,0.0,0.0,1.324309966425897,-3.6479419898459264
2024930_WZY_DM_assembly_Plate2C9,2024930_WZY_DM_assembly_Plate2,,C9,Plate2_C9,Urea,cycle 5,,0.2215,48 h,,"growth curve data NA, so 48 h label rather than 0: 0.05:48 was used",Ho lab/7_Shared data/16s rRNA/Raw reads/2024930_DM_assembly/Plate2,0.0,0.0,0.0005841344108889,0.0,0.0,0.0,0.0,0.0,not_assessable,review_required,True,,-0.23995117414680953,-0.23995117414680936,0.0,0.0,-0.23995117414680953,-0.23995117414680953,0.0,0.0,-0.23995117414680936,-0.23995117414680953,0.0,-0.23995117414680953,0.0,0.0,0.0,0.0,0.0,0.0,0.0,0.0,0.0,-5.166283455038936,0.0,0.0,0.0,-3.1900740183736818,0.0,0.0,7.081941638405601,0.0,2.550308948442067,-6.176527486535742
2024930_WZY_DM_assembly_Plate2C10,2024930_WZY_DM_assembly_Plate2,,C10,Plate2_C10,Urea,cycle 5,,0.1715,48 h,,"growth curve data NA, so 48 h label rather than 0: 0.05:48 was used",Ho lab/7_Shared data/16s rRNA/Raw reads/2024930_DM_assembly/Plate2,0.0,0.0,0.0010135110750214,0.0,0.0,0.0,0.0,0.0,not_assessable,review_required,True,,0.10289278797851666,0.10289278797851695,0.0,0.0,0.10289278797851666,0.10289278797851695,0.0,0.0,0.10289278797851695,0.10289278797851666,0.0,0.0,0.0,0.0,0.0,0.0,0.0,0.0,0.0,0.0,0.0,-4.8488223187565005,0.0,0.0,0.0,0.0,0.0,0.0,0.0,0.0,1.2702462039581652,-6.218569060610704
2024930_WZY_DM_assembly_Plate2C11,2024930_WZY_DM_assembly_Plate2,,C11,Plate2_C11,Urea,cycle 5,,0.1625,48 h,,"growth curve data NA, so 48 h label rather than 0: 0.05:48 was used",Ho lab/7_Shared data/16s rRNA/Raw reads/2024930_DM_assembly/Plate2,0.0,0.0,0.0058345301600328,0.0,0.0,0.0,0.0,0.0,not_assessable,review_required,True,,0.4038986061556241,0.4038986061556244,0.0,0.0,0.4038986061556244,0.4038986061556241,0.0,0.0,0.4038986061556241,0.4038986061556241,0.0,0.4038986061556241,0.0,0.0,0.0,0.4038986061556244,0.0,0.0,0.0,0.0,0.0,-7.191812521079075,7.434967315939102,0.0,0.0,-5.133968446506771,0.0,0.0,0.0,0.0,-7.210589728109703,-5.509113218662109
2024930_WZY_DM_assembly_Plate2C12,2024930_WZY_DM_assembly_Plate2,,C12,Plate2_C12,Urea,cycle 5,,0.1295,48 h,,"growth curve data NA, so 48 h label rather than 0: 0.05:48 was used",Ho lab/7_Shared data/16s rRNA/Raw reads/2024930_DM_assembly/Plate2,0.0,0.0,0.0011517353579175,0.0,0.0,0.0,0.0006320498915401,0.0,not_assessable,review_required,True,,0.05347905788847928,0.0,0.0,0.0,0.05347905788847928,0.05347905788847928,0.0,0.0,0.053479057888479585,0.05347905788847928,0.0,0.053479057888479585,0.0,0.0,0.0,0.0,0.0,0.0,0.0,0.0,0.0,-0.8152436471560971,6.266239967045641,0.0,0.0,-4.072631489849232,0.0,0.0,0.0,0.0,-4.450323250193621,-4.40770068442464
2024930_WZY_DM_assembly_Plate2D1,2024930_WZY_DM_assembly_Plate2,,D1,Plate2_D1,Succinate,cycle 5,,0.2235,48 h,,"growth curve data NA, so 48 h label rather than 0: 0.05:48 was used",Ho lab/7_Shared data/16s rRNA/Raw reads/2024930_DM_assembly/Plate2,0.0,0.0,0.0,0.0,0.0,0.0,0.0,0.0,not_assessable,review_required,True,,1.6052374412385209,1.4861303124556475,0.0,0.0,1.6052374412385209,1.6052374412385206,0.0,0.0,1.6052374412385206,1.6052374412385206,0.0,0.0,0.0,0.0,0.0,0.0,0.0,0.0,0.0,0.0,0.0,-4.801245726632337,0.0,-1.050817872659361,0.0,-0.40445482727404825,0.0,0.0,0.0,0.0,-7.349007757595374,-8.897875218750926
2024930_WZY_DM_assembly_Plate2D2,2024930_WZY_DM_assembly_Plate2,,D2,Plate2_D2,Succinate,cycle 5,,0.2285,48 h,,"growth curve data NA, so 48 h label rather than 0: 0.05:48 was used",Ho lab/7_Shared data/16s rRNA/Raw reads/2024930_DM_assembly/Plate2,0.0,0.0,6.282650536156173e-05,0.0,0.0,0.0,0.0,0.0,not_assessable,review_required,True,,1.5882494476630853,1.588249447663085,0.0,0.0,1.5882494476630848,1.588249447663085,0.0,0.7258972481307995,1.5882494476630848,1.588249447663085,0.0,0.0,0.0,0.0,0.0,0.46286284229631686,0.0,0.0,0.0,0.0,0.0,-0.012116918383542428,3.2588538468772312,-0.9450027225254826,0.0,-4.838087518609072,0.0,0.0,0.0,0.0,-8.947147994357143,-7.184771712582007
2024930_WZY_DM_assembly_Plate2D3,2024930_WZY_DM_assembly_Plate2,,D3,Plate2_D3,Succinate,cycle 5,,0.2515,48 h,,"growth curve data NA, so 48 h label rather than 0: 0.05:48 was used",Ho lab/7_Shared data/16s rRNA/Raw reads/2024930_DM_assembly/Plate2,0.0,0.0,0.0,0.0,0.0,0.0,0.0,0.0,not_assessable,review_required,True,,1.3447732205228946,1.3447732205228944,0.0,0.0,1.3447732205228944,1.3447732205228944,0.0,0.0,1.3447732205228946,0.0,0.0,0.0,0.0,0.0,0.0,0.7700419578596233,0.0,0.0,0.0,0.0,0.0,-7.031118604532137,0.0,-3.5462841382985073,0.0,-3.332159332945646,0.0,0.0,0.0,0.0,-6.636670374755628,-8.46856949170134
2024930_WZY_DM_assembly_Plate2D4,2024930_WZY_DM_assembly_Plate2,,D4,Plate2_D4,Succinate,cycle 5,,0.2165,48 h,,"growth curve data NA, so 48 h label rather than 0: 0.05:48 was used",Ho lab/7_Shared data/16s rRNA/Raw reads/2024930_DM_assembly/Plate2,0.0,0.0,0.0001021987577639,0.0,0.0,0.0,0.0,0.0,not_assessable,review_required,True,,0.8809016803683758,0.010097605426096693,0.0,0.0,0.8809016803683759,0.679949003733731,0.0,0.0,0.8809016803683761,0.8809016803683758,0.0,0.8809016803683759,0.0,0.0,0.0,0.0,0.0,0.0,0.0,0.0,0.0,-4.523073861824192,0.0,-4.535497577272269,0.0,-0.5026543205851437,0.0,0.0,0.0,0.0,-3.514842139966801,-8.629856766210583
2024930_WZY_DM_assembly_Plate2D5,2024930_WZY_DM_assembly_Plate2,,D5,Plate2_D5,Succinate,cycle 5,,0.3325,48 h,,"growth curve data NA, so 48 h label rather than 0: 0.05:48 was used",Ho lab/7_Shared data/16s rRNA/Raw reads/2024930_DM_assembly/Plate2,0.0,0.0,0.0,0.0,0.0,0.0,0.0,0.0,not_assessable,review_required,True,,1.9794463328661616,0.9153912684555158,0.0,0.0,1.9794463328661613,1.9794463328661613,0.0,0.0,1.9794463328661613,0.0,0.0,1.9794463328661613,0.0,0.0,0.0,0.0,0.0,0.0,0.0,0.0,0.0,-5.745873801310984,0.0,-5.878459440928793,0.0,-6.31618952606774,0.0,0.0,0.0,0.0,-8.70677398162205,-7.091775107146082
2024930_WZY_DM_assembly_Plate2D6,2024930_WZY_DM_assembly_Plate2,,D6,Plate2_D6,Succinate,cycle 5,,0.2535,48 h,,"growth curve data NA, so 48 h label rather than 0: 0.05:48 was used",Ho lab/7_Shared data/16s rRNA/Raw reads/2024930_DM_assembly/Plate2,0.0,0.0,0.0,0.0,0.0,0.0,0.0,0.0,not_assessable,review_required,True,,2.8407842589248933,2.8407842589248933,0.0,0.0,2.8407842589248933,2.8407842589248933,0.0,0.42468766931255103,2.125127387453513,2.8407842589248933,0.0,0.00965017003370736,0.0,0.0,0.0,0.7466157641999136,0.0,0.0,0.0,0.0,0.0,-1.8506899510825012,0.0,-2.466546459749424,0.0,-2.1537590187184943,0.0,0.0,0.0,0.0,-7.750380361204462,-9.302650320288722
2024930_WZY_DM_assembly_Plate2D7,2024930_WZY_DM_assembly_Plate2,,D7,Plate2_D7,Glutamate,cycle 5,,0.2965,48 h,,"growth curve data NA, so 48 h label rather than 0: 0.05:48 was used",Ho lab/7_Shared data/16s rRNA/Raw reads/2024930_DM_assembly/Plate2,0.0,0.0,0.0048470097967539,0.0,0.0,0.0,0.0,0.0,not_assessable,review_required,True,,-0.42018016003506653,-0.42018016003506653,0.0,0.0,-0.42018016003506653,0.0,0.0,0.0,0.0,-0.42018016003506653,0.0,0.0,0.0,0.0,0.0,0.0,0.0,0.0,0.0,0.0,0.0,-5.030459999829077,0.0,0.0,0.0,-1.870580260247662,0.0,0.0,8.322751472354915,0.0,1.2868333782326107,-3.735420676966035
2024930_WZY_DM_assembly_Plate2D8,2024930_WZY_DM_assembly_Plate2,,D8,Plate2_D8,Glutamate,cycle 5,,0.3835,48 h,,"growth curve data NA, so 48 h label rather than 0: 0.05:48 was used",Ho lab/7_Shared data/16s rRNA/Raw reads/2024930_DM_assembly/Plate2,0.0,0.0,0.0065465977503168,0.0,0.0,0.0,0.0,0.0,not_assessable,review_required,True,,2.101368304892045,0.4681114840089397,0.0,0.0,2.101368304892045,2.101368304892045,0.0,0.0,1.9916734400659009,2.101368304892045,0.0,0.0,0.0,0.0,0.0,1.0530739847297,0.0,0.0,0.0,0.0,0.0,-8.416421589403452,7.186271442709475,0.0,0.0,-4.400166180654499,0.0,0.0,0.0,0.0,-6.679626134401414,-8.390151022257276
2024930_WZY_DM_assembly_Plate2D9,2024930_WZY_DM_assembly_Plate2,,D9,Plate2_D9,Glutamate,cycle 5,,0.5655,48 h,,"growth curve data NA, so 48 h label rather than 0: 0.05:48 was used",Ho lab/7_Shared data/16s rRNA/Raw reads/2024930_DM_assembly/Plate2,0.0,0.0,0.0005051236880629,0.0,0.0,0.0,0.0,0.0,not_assessable,review_required,True,,-0.7639367692901361,-0.22306276517063403,0.0,0.0,-0.7639367692901361,0.0,0.0,0.0,-0.7639367692901361,-0.7639367692901361,0.0,0.0,0.0,0.0,0.0,0.0,0.0,0.0,0.0,0.0,0.0,4.606949712015454,0.0,-2.2831837576083007,0.0,-2.2230627651707433,5.922940747270944,6.149317794283545,8.40805316417515,0.0,0.23066807453200433,-7.660881228841628
2024930_WZY_DM_assembly_Plate2D10,2024930_WZY_DM_assembly_Plate2,,D10,Plate2_D10,Glutamate,cycle 5,,0.4235,48 h,,"growth curve data NA, so 48 h label rather than 0: 0.05:48 was used",Ho lab/7_Shared data/16s rRNA/Raw reads/2024930_DM_assembly/Plate2,0.0,0.0,0.003270126247798,0.0,0.0,0.0,0.0,0.0,not_assessable,review_required,True,,-0.6949389078619622,-0.6949389078619622,0.0,0.0,-0.694938907861962,-0.694938907861962,0.0,0.0,-0.6949389078619622,-0.6949389078619622,0.0,0.0,0.0,0.0,0.0,0.0,0.0,0.0,0.0,0.0,0.0,-2.454883626473992,4.9431927210168105,-4.2853113691519455,0.0,-3.6250802875885495,3.68219792515609,5.8666887353396,8.469784751008852,0.0,-0.29748157000852,-2.3969101451102626
2024930_WZY_DM_assembly_Plate2D11,2024930_WZY_DM_assembly_Plate2,,D11,Plate2_D11,Glutamate,cycle 5,,0.2505,48 h,,"growth curve data NA, so 48 h label rather than 0: 0.05:48 was used",Ho lab/7_Shared data/16s rRNA/Raw reads/2024930_DM_assembly/Plate2,0.0,0.0,0.0027126587005227,0.0,0.0,0.0,0.0,0.0,not_assessable,review_required,True,,1.499326880427053,1.4993268804270528,0.0,1.3162714580555634,1.4993268804270532,0.5089165359981244,0.0,0.0,1.4993268804270532,1.499326880427053,0.0,0.0,0.0,0.0,0.0,0.0,0.0,0.0,0.0,0.0,0.0,-6.306505862450598,0.0,-0.009589655571071325,0.0,-5.209262000407664,0.0,0.0,0.0,0.0,-6.937367617653654,-8.667354690836675
2024930_WZY_DM_assembly_Plate2D12,2024930_WZY_DM_assembly_Plate2,,D12,Plate2_D12,Glutamate,cycle 5,,0.1905,48 h,,"growth curve data NA, so 48 h label rather than 0: 0.05:48 was used",Ho lab/7_Shared data/16s rRNA/Raw reads/2024930_DM_assembly/Plate2,0.0,0.0,0.0003286686475606,0.0,0.0,0.0,0.0,0.0,not_assessable,review_required,True,,1.30913805612538,1.3091380561253798,0.0,1.30913805612538,1.3091380561253798,1.3091380561253798,0.0,0.0,1.30913805612538,1.30913805612538,0.0,1.3091380561253798,0.0,0.0,0.0,0.0,0.0,0.0,0.0,0.0,0.0,-6.005271466375533,0.0,0.0,0.0,-5.370953124823168,0.0,0.0,0.0,0.0,-6.939081186681073,-8.524043687402234
2024930_WZY_DM_assembly_Plate2E1,2024930_WZY_DM_assembly_Plate2,,E1,Plate2_E1,Pyruvate,cycle 5,,0.1505,48 h,,"growth curve data NA, so 48 h label rather than 0: 0.05:48 was used",Ho lab/7_Shared data/16s rRNA/Raw reads/2024930_DM_assembly/Plate2,0.0,0.0,5.63248502994012e-05,0.0,0.0,0.0,0.0,0.0,not_assessable,review_required,True,,0.0,0.054374822155697465,0.0,0.0,0.05437482215569777,0.054374822155697465,0.05437482215569777,0.0,0.05437482215569777,0.05437482215569777,0.0,0.0,0.0,0.05437482215569777,0.05437482215569777,0.0,0.0,0.0,0.0,0.0,0.0,0.3487432733794873,8.079250391037906,-2.1973298681420563,0.0,-2.310540478590055,0.0,0.0,0.0,0.0,-7.500737875058754,-6.872638870959595
2024930_WZY_DM_assembly_Plate2E2,2024930_WZY_DM_assembly_Plate2,low growth,E2,Plate2_E2,Pyruvate,cycle 5,,-0.0185,48 h,,"growth curve data NA, so 48 h label rather than 0: 0.05:48 was used",Ho lab/7_Shared data/16s rRNA/Raw reads/2024930_DM_assembly/Plate2,-0.0,-0.0,-0.0,-0.0,-0.0,-0.0,-0.0,-0.0,not_assessable,review_required,False,low growth,,,,,,,,,,,,,,,,,,,,,,,,,,,,,,,,
2024930_WZY_DM_assembly_Plate2E3,2024930_WZY_DM_assembly_Plate2,low growth,E3,Plate2_E3,Pyruvate,cycle 5,,-0.0085,48 h,,"growth curve data NA, so 48 h label rather than 0: 0.05:48 was used",Ho lab/7_Shared data/16s rRNA/Raw reads/2024930_DM_assembly/Plate2,-0.0,-0.0,-0.0,-0.0,-0.0,-0.0,-0.0,-0.0,not_assessable,review_required,False,low growth,,,,,,,,,,,,,,,,,,,,,,,,,,,,,,,,
2024930_WZY_DM_assembly_Plate2E4,2024930_WZY_DM_assembly_Plate2,,E4,Plate2_E4,Pyruvate,cycle 5,,0.0595,48 h,,"growth curve data NA, so 48 h label rather than 0: 0.05:48 was used",Ho lab/7_Shared data/16s rRNA/Raw reads/2024930_DM_assembly/Plate2,0.0,0.0,0.0002588128681468,0.0,0.0,0.0,0.0,0.0,not_assessable,review_required,True,,1.7875344185688893,2.3724969192900454,0.0,0.0,2.6602975249584735,2.660297524958474,2.6602975249584735,1.5245000127350956,2.6602975249584735,2.6602975249584735,0.0,0.20257191784773304,0.0,2.660297524958474,0.0,0.0,0.0,0.0,0.0,0.0,0.0,0.0,0.0,-4.001706011526424,0.0,-1.0658363489457563,0.0,0.0,0.0,0.0,-9.559778793998673,-6.10260722710169
2024930_WZY_DM_assembly_Plate2E5,2024930_WZY_DM_assembly_Plate2,,E5,Plate2_E5,Pyruvate,cycle 5,,0.2005,48 h,,"growth curve data NA, so 48 h label rather than 0: 0.05:48 was used",Ho lab/7_Shared data/16s rRNA/Raw reads/2024930_DM_assembly/Plate2,0.0,0.0,0.0014748024316109,0.0,0.0,0.0,0.0,0.0,not_assessable,review_required,True,,1.8862995008353145,3.9156640376194733,0.0,0.0,3.9156640376194733,3.9156640376194733,3.9156640376194733,1.4712620015564706,3.9156640376194733,0.8862995008353143,0.0,0.0,0.0,3.58673921897626,0.0,0.0,0.0,0.0,0.0,0.0,0.0,0.0,0.0,-4.405263690852561,0.0,0.0,0.0,0.0,0.0,0.0,-9.156285241185337,-8.413838040512852
2024930_WZY_DM_assembly_Plate2E6,2024930_WZY_DM_assembly_Plate2,,E6,Plate2_E6,Pyruvate,cycle 5,,0.1365,48 h,,"growth curve data NA, so 48 h label rather than 0: 0.05:48 was used",Ho lab/7_Shared data/16s rRNA/Raw reads/2024930_DM_assembly/Plate2,0.0,0.0,0.0002198389458272,0.0,0.0,0.0,1.9985358711566618e-05,0.0,not_assessable,review_required,True,,1.6896598793878705,0.0,0.0,0.0,2.8740459781445695,2.8740459781445695,2.8740459781445695,0.0,2.8740459781445695,0.0,0.0,0.0,0.0,2.8740459781445695,0.0,0.0,0.0,0.0,0.0,0.0,0.0,0.0,0.0,-0.31811424177234604,0.0,0.0,0.0,0.0,0.0,0.0,-8.908811358064904,-8.572448172913973
2024930_WZY_DM_assembly_Plate2E7,2024930_WZY_DM_assembly_Plate2,,E7,Plate2_E7,Acid_mix,cycle 5,,0.3265,48 h,,"growth curve data NA, so 48 h label rather than 0: 0.05:48 was used",Ho lab/7_Shared data/16s rRNA/Raw reads/2024930_DM_assembly/Plate2,0.0,0.0,0.0,0.0,0.0,0.0,0.0,0.0,not_assessable,review_required,True,,0.41009945633922334,0.41009945633922357,0.0,0.0,0.41009945633922334,0.41009945633922357,0.0,0.0,0.41009945633922357,0.41009945633922357,0.0,0.41009945633922334,0.0,0.41009945633922334,0.0,0.0,0.0,0.0,0.0,0.0,0.0,-2.3578268874003343,0.0,-3.7685273012485774,0.0,1.539931095677238,0.0,0.0,6.074315445095779,0.0,0.41487426211076456,-8.17763996657032
2024930_WZY_DM_assembly_Plate2E8,2024930_WZY_DM_assembly_Plate2,,E8,Plate2_E8,Acid_mix,cycle 5,,0.2605,48 h,,"growth curve data NA, so 48 h label rather than 0: 0.05:48 was used",Ho lab/7_Shared data/16s rRNA/Raw reads/2024930_DM_assembly/Plate2,0.0,0.0,0.0,0.0,0.0,0.0,0.0,0.0,not_assessable,review_required,True,,-0.5749105469023059,0.0,0.0,0.0,-0.5749105469023059,-0.5749105469023061,0.0,0.0,-0.5749105469023061,-0.5749105469023061,0.0,-0.5749105469023059,0.0,-0.5749105469023059,0.0,0.0,0.0,0.0,0.0,0.0,0.0,-0.5760633946351673,6.456074931018727,-5.229505851757206,0.0,-5.1299701782062925,0.0,0.0,8.28896093876769,0.0,-0.6105315009640443,-4.985580268871119
2024930_WZY_DM_assembly_Plate2E9,2024930_WZY_DM_assembly_Plate2,,E9,Plate2_E9,Acid_mix,cycle 5,,0.1185,48 h,,"growth curve data NA, so 48 h label rather than 0: 0.05:48 was used",Ho lab/7_Shared data/16s rRNA/Raw reads/2024930_DM_assembly/Plate2,0.0,0.0,0.0,0.0,0.0,0.0,0.0,0.0,not_assessable,review_required,True,,1.025999354389066,1.025999354389066,0.0,1.025999354389066,1.025999354389066,1.025999354389066,0.0,1.025999354389066,1.025999354389066,1.025999354389066,0.0,0.0,0.0,1.025999354389066,0.0,0.0,0.0,0.0,0.0,0.0,0.0,0.0,0.0,-0.9234409048682133,0.0,-3.2211214535089745,0.0,0.0,0.0,0.0,-7.066398858710441,-8.505269154865427
2024930_WZY_DM_assembly_Plate2E10,2024930_WZY_DM_assembly_Plate2,,E10,Plate2_E10,Acid_mix,cycle 5,,0.3025,48 h,,"growth curve data NA, so 48 h label rather than 0: 0.05:48 was used",Ho lab/7_Shared data/16s rRNA/Raw reads/2024930_DM_assembly/Plate2,0.0,0.0,2.49731693222158e-05,0.0,0.0,0.0,0.0,0.0,not_assessable,review_required,True,,-1.204007353693662,0.0,0.0,-0.8390401069834547,-1.204007353693662,-1.204007353693662,0.0,0.0,-0.5980320074796837,-1.204007353693662,0.0,-1.204007353693662,0.0,0.0,0.0,0.0,0.0,0.0,0.0,0.0,0.0,5.2087020859447595,5.500806773176096,-4.525756106505544,0.0,-0.7135106731526571,0.0,5.333211809378058,8.525961370493052,0.0,4.2448859423014635,-3.927807964189884
2024930_WZY_DM_assembly_Plate2E11,2024930_WZY_DM_assembly_Plate2,,E11,Plate2_E11,Acid_mix,cycle 5,,0.1445,48 h,,"growth curve data NA, so 48 h label rather than 0: 0.05:48 was used",Ho lab/7_Shared data/16s rRNA/Raw reads/2024930_DM_assembly/Plate2,0.0,0.0,0.0,0.0,0.0,0.0,0.0,0.0,not_assessable,review_required,True,,1.5393710676591603,1.5393710676591603,0.0,1.5393710676591603,1.5393710676591603,0.0,0.0,0.13052336603447945,1.5393710676591603,1.5393710676591603,0.0,1.5393710676591603,0.0,1.5393710676591605,0.0,0.0,0.0,0.0,0.0,0.0,0.0,-3.130311109483297,0.0,0.0,0.0,-2.346039800538614,0.0,0.0,0.0,0.0,-4.346039800538761,-9.278527981812786
2024930_WZY_DM_assembly_Plate2E12,2024930_WZY_DM_assembly_Plate2,,E12,Plate2_E12,Acid_mix,cycle 5,,0.1185,48 h,,"growth curve data NA, so 48 h label rather than 0: 0.05:48 was used",Ho lab/7_Shared data/16s rRNA/Raw reads/2024930_DM_assembly/Plate2,0.0,0.0,0.0,9.260224016671008e-05,0.0,0.0,0.0,0.0,not_assessable,review_required,True,,0.5187687445760911,0.5187687445760911,0.0,0.5187687445760909,0.5187687445760911,0.5187687445760909,0.0,0.0,0.5187687445760911,0.5187687445760909,0.0,0.0,0.0,0.0,0.0,0.5187687445760909,0.0,0.0,0.0,0.0,0.0,-6.002911784983198,8.166760374392501,-3.599556090751988,0.0,-4.260069624480265,0.0,0.0,0.0,0.0,-8.665413727555325,-0.2303222810855991
2024930_WZY_DM_assembly_Plate2F1,2024930_WZY_DM_assembly_Plate2,,F1,Plate2_F1,Lactate,cycle 5,,0.1955,48 h,,"growth curve data NA, so 48 h label rather than 0: 0.05:48 was used",Ho lab/7_Shared data/16s rRNA/Raw reads/2024930_DM_assembly/Plate2,0.0,0.0,0.0,0.0,0.0,0.0,0.0,0.0,not_assessable,review_required,True,,1.0390826210046145,1.0390826210046147,0.0,0.0,1.0390826210046145,1.0390826210046145,0.0,0.0,0.061573716464480927,1.0390826210046147,0.0,1.0390826210046147,0.0,1.0390826210046147,0.0,0.30950122990798895,0.0,0.0,0.0,0.0,0.0,0.0,0.0,-3.8298460175174447,0.0,-2.5999199234955377,0.0,0.0,0.0,0.0,-7.984844904095138,-7.906089002915263
2024930_WZY_DM_assembly_Plate2F2,2024930_WZY_DM_assembly_Plate2,,F2,Plate2_F2,Lactate,cycle 5,,0.1855,48 h,,"growth curve data NA, so 48 h label rather than 0: 0.05:48 was used",Ho lab/7_Shared data/16s rRNA/Raw reads/2024930_DM_assembly/Plate2,0.0,0.0,0.0,0.0,0.0,0.0,0.0,0.0,not_assessable,review_required,True,,0.09322266753902324,0.09322266753902354,0.0,0.09322266753902324,0.09322266753902324,0.09322266753902324,0.0,0.0,0.09322266753902324,0.09322266753902354,0.0,0.0,0.0,0.09322266753902324,0.0,0.09322266753902324,0.0,0.0,0.0,0.0,0.0,2.492484226858765,0.0,0.0,0.0,-5.612971171731331,0.0,0.0,0.0,0.0,2.4826708475160197,-7.32363292648506
2024930_WZY_DM_assembly_Plate2F3,2024930_WZY_DM_assembly_Plate2,,F3,Plate2_F3,Lactate,cycle 5,,0.2805,48 h,,"growth curve data NA, so 48 h label rather than 0: 0.05:48 was used",Ho lab/7_Shared data/16s rRNA/Raw reads/2024930_DM_assembly/Plate2,0.0,0.0,0.0,0.0,0.0,0.0,0.0,0.0,not_assessable,review_required,True,,-0.809228128240341,-0.8092281282403412,0.0,-0.12430729622422562,-0.8092281282403412,-0.809228128240341,0.0,0.0,0.0,-0.8092281282403412,0.0,0.0,0.0,-0.8092281282403412,0.0,-0.12430729622422562,0.0,0.0,0.0,0.0,0.0,5.538963176722961,6.604041275687894,-5.149139149204262,0.0,-2.2397845136442704,0.0,5.631213143595616,8.428278668602951,0.0,-2.1322865801191706,-5.267265250066376
2024930_WZY_DM_assembly_Plate2F4,2024930_WZY_DM_assembly_Plate2,,F4,Plate2_F4,Lactate,cycle 5,,0.1965,48 h,,"growth curve data NA, so 48 h label rather than 0: 0.05:48 was used",Ho lab/7_Shared data/16s rRNA/Raw reads/2024930_DM_assembly/Plate2,0.0,0.0,0.0,0.0,0.0,0.0,0.0,0.0,not_assessable,review_required,True,,2.7426874180894294,2.7426874180894294,0.0,2.7426874180894294,2.742687418089429,2.7426874180894294,1.9667238451255156,2.551686345846672,2.1891162664612454,2.7426874180894294,0.0,0.0,0.0,2.7426874180894294,0.0,0.0,0.0,0.0,0.0,0.0,0.0,0.0,0.0,-3.20892953464601,0.0,-0.4464288483723546,0.0,0.0,0.0,0.0,-9.596901487148875,-6.035678707496986
2024930_WZY_DM_assembly_Plate2F5,2024930_WZY_DM_assembly_Plate2,,F5,Plate2_F5,Lactate,cycle 5,,0.2745,48 h,,"growth curve data NA, so 48 h label rather than 0: 0.05:48 was used",Ho lab/7_Shared data/16s rRNA/Raw reads/2024930_DM_assembly/Plate2,0.0,0.0,0.0,0.0,0.0,0.0,0.0,0.0,not_assessable,review_required,True,,2.163431687337048,2.1634316873370474,0.0,2.163431687337048,0.9700723747344798,2.1634316873370474,0.0,0.0,2.163431687337048,2.1634316873370474,0.0,2.1634316873370474,0.0,2.163431687337048,0.0,1.1765232522022266,0.0,0.0,0.0,0.0,0.0,0.0,1.6787446575844698,-2.3635888119496595,0.0,-2.982717915822081,0.0,0.0,0.0,0.0,-8.294480721221229,-8.814530487785225
2024930_WZY_DM_assembly_Plate2F6,2024930_WZY_DM_assembly_Plate2,,F6,Plate2_F6,Lactate,cycle 5,,0.2185,48 h,,"growth curve data NA, so 48 h label rather than 0: 0.05:48 was used",Ho lab/7_Shared data/16s rRNA/Raw reads/2024930_DM_assembly/Plate2,0.0,0.0,0.0,0.0,0.0,0.0,0.0,0.0,not_assessable,review_required,True,,2.1651242922013596,2.1651242922013596,0.0,2.1651242922013596,1.246738057754197,2.1651242922013596,0.0,0.6617755570338597,2.1651242922013596,2.1651242922013596,0.0,0.0,0.0,2.1651242922013596,0.0,2.1651242922013596,0.0,0.0,0.0,0.0,0.0,0.0,7.5178882795194175,-1.7820534836946975,0.0,-0.08161376555346143,0.0,0.0,0.0,0.0,-4.972384695798878,-9.611044319699806
2024930_WZY_DM_assembly_Plate2F7,2024930_WZY_DM_assembly_Plate2,,F7,Plate2_F7,Host_sugar_mix,cycle 5,,1.0175,48 h,,"growth curve data NA, so 48 h label rather than 0: 0.05:48 was used",Ho lab/7_Shared data/16s rRNA/Raw reads/2024930_DM_assembly/Plate2,0.0,0.0005743960191099,0.0051270163187221,0.0,0.0,0.0,0.0,0.0005212112025256,not_assessable,review_required,True,,-0.9022197713593204,0.0,-0.9022197713593201,0.0,-0.9022197713593204,-0.9022197713593201,-0.7144536136888965,-0.9022197713593201,-0.9022197713593204,-0.9022197713593204,0.0,0.0,-0.9022197713593201,-0.9022197713593201,-0.9022197713593201,0.0,0.0,0.0,0.0,0.0,1.4529500576483498,0.17796828507802598,4.1053405453866,6.264079894682605,0.0,-2.8308928112700587,3.9949494181763314,5.954594792106797,0.13710283223196498,0.0,0.35748664473765823,-4.724246350707327
2024930_WZY_DM_assembly_Plate2F8,2024930_WZY_DM_assembly_Plate2,,F8,Plate2_F8,Host_sugar_mix,cycle 5,,1.1495,48 h,,"growth curve data NA, so 48 h label rather than 0: 0.05:48 was used",Ho lab/7_Shared data/16s rRNA/Raw reads/2024930_DM_assembly/Plate2,0.0,0.0012225601973964,0.0052488584474885,0.0,0.0,0.0,0.0,0.0007987393289656,not_assessable,review_required,True,,-0.6754594137229339,0.0,-0.6754594137229339,0.0,-0.6754594137229339,-0.6754594137229339,-0.6754594137229339,-0.6754594137229339,-0.6754594137229337,-0.6754594137229337,-0.6754594137229342,0.0,-0.6754594137229339,-0.6754594137229339,-0.6754594137229337,-0.6754594137229339,0.0,0.0,0.0,0.0,-6.447370614203913,3.8428159872121617,0.17824905577335073,5.782819293552816,0.0,-1.7395985503725326,4.4614360853805675,6.12736153215664,0.712878707666085,0.0,0.5135302232934569,-7.722348414229452
2024930_WZY_DM_assembly_Plate2F9,2024930_WZY_DM_assembly_Plate2,,F9,Plate2_F9,Host_sugar_mix,cycle 5,,0.9225,48 h,,"growth curve data NA, so 48 h label rather than 0: 0.05:48 was used",Ho lab/7_Shared data/16s rRNA/Raw reads/2024930_DM_assembly/Plate2,0.0,0.0038297626979652,0.0026831979396238,0.0,0.0,0.0,0.0,0.0001773038286095,not_assessable,review_required,True,,-0.7373483626904997,0.0,0.0,0.0,-0.7373483626904995,-0.7373483626904995,0.0,-0.7373483626904995,0.0,-0.7373483626904995,0.0,-0.7373483626904992,-0.7373483626904992,-0.7373483626904995,-0.7373483626904995,-0.7373483626904995,0.0,0.0,0.0,0.0,-3.1058281432869084,0.25568705165546185,-0.7014591682361444,8.22517433615545,0.0,0.0,0.0,6.013456703645302,-0.9867492281555267,0.0,1.9390073804638757,-6.303836844908893
2024930_WZY_DM_assembly_Plate2F10,2024930_WZY_DM_assembly_Plate2,,F10,Plate2_F10,Host_sugar_mix,cycle 5,,0.9255,48 h,,"growth curve data NA, so 48 h label rather than 0: 0.05:48 was used",Ho lab/7_Shared data/16s rRNA/Raw reads/2024930_DM_assembly/Plate2,0.0,0.0018681825194785,0.0065326891923165,0.0,0.0,0.0,0.0,0.0009043431304481,not_assessable,review_required,True,,-0.9329607512850249,0.0,-1.1002610490494817,0.0,-1.1002610490494817,-1.100261049049482,-0.30314401477961195,-1.1002610490494817,-1.1002610490494817,-1.100261049049482,0.0,0.0,-1.1002610490494817,-1.1002610490494817,0.0,-1.1002610490494817,0.0,0.0,-0.14267934258641055,0.0,-0.03717868819560131,-0.051100397097568175,1.0386184179110838,5.417299432464404,0.0,-2.416282990130401,4.1860643685819525,6.030761814996799,2.6556072228167578,0.0,1.1616747042127948,-6.793477684912147
2024930_WZY_DM_assembly_Plate2F11,2024930_WZY_DM_assembly_Plate2,,F11,Plate2_F11,Host_sugar_mix,cycle 5,,0.8325,48 h,,"growth curve data NA, so 48 h label rather than 0: 0.05:48 was used",Ho lab/7_Shared data/16s rRNA/Raw reads/2024930_DM_assembly/Plate2,0.0,0.0038260184388103,0.0064036683235677,0.0,0.0,0.0,0.0,0.0001849434894893,not_assessable,review_required,True,,-0.5218456186823176,0.0,-0.5218456186823174,0.0,-0.5218456186823174,-0.5218456186823174,0.0,-0.5218456186823176,-0.5218456186823176,-0.5218456186823174,0.0,0.0,-0.5218456186823176,-0.5218456186823174,-0.5218456186823174,-0.5218456186823176,0.0,0.0,-0.22283572707105928,0.0,-6.034529584853093,0.5576569886022232,0.27961799695617184,7.031608593144511,0.0,-5.310298568321487,0.0,6.062565837607589,-2.377073866756535,0.0,4.2258003077396555,-0.9975434152288747
2024930_WZY_DM_assembly_Plate2F12,2024930_WZY_DM_assembly_Plate2,,F12,Plate2_F12,Host_sugar_mix,cycle 5,,0.9485,48 h,,"growth curve data NA, so 48 h label rather than 0: 0.05:48 was used",Ho lab/7_Shared data/16s rRNA/Raw reads/2024930_DM_assembly/Plate2,0.0,0.0016294676355594,0.0024161071837605,0.0,0.0,0.0,0.0,0.0008709223569369,not_assessable,review_required,True,,-0.254271988692046,0.0,-0.2542719886920462,0.0,-0.2542719886920458,-0.254271988692046,0.0,-0.254271988692046,-0.2542719886920462,-0.254271988692046,0.0,0.0,0.0,-0.2542719886920462,0.0,0.0,0.0,0.0,0.0,0.0,-5.533823946951483,0.13156330382300338,4.1391845089979284,6.092100260014437,0.0,-5.485106164456624,0.0,6.140285369542542,-1.4588469075717418,0.0,6.83494316935502,-7.062590223309044
2024930_WZY_DM_assembly_Plate2G1,2024930_WZY_DM_assembly_Plate2,,G1,Plate2_G1,Fucose,cycle 5,,0.2985,48 h,,"growth curve data NA, so 48 h label rather than 0: 0.05:48 was used",Ho lab/7_Shared data/16s rRNA/Raw reads/2024930_DM_assembly/Plate2,0.0,0.0,0.0004881766267192,0.0,0.0,0.0,0.0,0.0,not_assessable,review_required,True,,-0.8034397889398309,-0.5361838173967198,0.0,0.0,-0.8034397889398309,-0.8034397889398309,-0.8034397889398309,0.0,-0.8034397889398309,-0.8034397889398313,0.0,-0.8034397889398309,0.0,0.0,0.0,-0.8034397889398309,0.0,0.0,0.0,0.0,0.0,0.6707468813450528,4.166731190407592,-5.467796842416476,0.0,0.0,0.0,4.838823993809863,8.504745364675202,0.0,0.6804075332646702,-6.99713262519572
2024930_WZY_DM_assembly_Plate2G2,2024930_WZY_DM_assembly_Plate2,,G2,Plate2_G2,Fucose,cycle 5,,0.3035,48 h,,"growth curve data NA, so 48 h label rather than 0: 0.05:48 was used",Ho lab/7_Shared data/16s rRNA/Raw reads/2024930_DM_assembly/Plate2,0.0,0.0,0.0001465357688903,0.0,0.0,0.0,0.0,0.0,not_assessable,review_required,True,,-1.086375031346501,0.0,0.0,0.0,-1.0863750313465013,-1.086375031346501,-1.086375031346501,0.0,-1.086375031346501,-1.0863750313465013,0.0,-1.0863750313465013,0.0,-1.086375031346501,0.0,-1.086375031346501,0.0,0.0,0.0,0.0,0.0,0.3556546171506313,5.280405819487108,-1.9044493883172149,0.0,-4.59170276999805,0.0,5.791469649402323,8.513852156177256,0.0,1.3029338781307784,-3.266157385189981
2024930_WZY_DM_assembly_Plate2G3,2024930_WZY_DM_assembly_Plate2,,G3,Plate2_G3,Fucose,cycle 5,,0.4515,48 h,,"growth curve data NA, so 48 h label rather than 0: 0.05:48 was used",Ho lab/7_Shared data/16s rRNA/Raw reads/2024930_DM_assembly/Plate2,0.0,0.0,0.0014378307497775,0.0,0.0,0.0,0.0,0.0,not_assessable,review_required,True,,0.135048319534471,0.135048319534471,0.0,0.13504831953447127,0.13504831953447127,0.13504831953447127,0.13504831953447127,0.0,0.0,0.13504831953447127,0.0,0.13504831953447127,0.0,0.135048319534471,0.0,0.13504831953447127,0.0,0.0,0.0,0.0,0.0,-2.043703393887059,-5.9124153616117585,-6.253570732178194,0.0,-0.9457868196109974,0.0,0.0,8.336818282334812,0.0,3.42390838107463,-8.100728388938057
2024930_WZY_DM_assembly_Plate2G4,2024930_WZY_DM_assembly_Plate2,,G4,Plate2_G4,Fucose,cycle 5,,0.5215,48 h,,"growth curve data NA, so 48 h label rather than 0: 0.05:48 was used",Ho lab/7_Shared data/16s rRNA/Raw reads/2024930_DM_assembly/Plate2,0.0,0.0,0.0009302432432432,0.0,0.0,0.0,0.0,0.0,not_assessable,review_required,True,,-0.5246583407565452,-0.5246583407565452,0.0,-0.5246583407565454,-0.5246583407565452,-0.5246583407565454,-0.5246583407565454,0.0,-0.5246583407565452,-0.5246583407565454,0.0,-0.5246583407565454,0.0,-0.5246583407565452,0.0,-0.5246583407565452,0.0,0.0,0.0,0.0,0.0,3.9934332495488905,3.628316444337588,-6.042235841081356,0.0,-1.185439811146334,0.0,6.410644412190342,8.47600172212874,0.0,-1.2322822804148443,-8.255369022611982
2024930_WZY_DM_assembly_Plate2G5,2024930_WZY_DM_assembly_Plate2,,G5,Plate2_G5,Fucose,cycle 5,,0.4815,48 h,,"growth curve data NA, so 48 h label rather than 0: 0.05:48 was used",Ho lab/7_Shared data/16s rRNA/Raw reads/2024930_DM_assembly/Plate2,0.0,0.0,0.0002325143420061,0.0,0.0,0.0,0.0,0.0,not_assessable,review_required,True,,-1.0512242267369252,-0.5545520729141692,0.0,-1.0512242267369252,-1.0512242267369254,-1.0512242267369254,0.0,0.0,0.0,-1.0512242267369256,0.0,0.0,0.0,-1.0512242267369254,-1.0512242267369252,0.0,0.0,0.0,0.0,0.0,0.0,4.164713247586213,1.1721135689338833,-4.6229060912169455,0.0,-0.49644911835067335,5.246231781624839,6.3132235192635155,8.438353165116965,0.0,0.9387048375139607,-6.630242322762308
2024930_WZY_DM_assembly_Plate2G6,2024930_WZY_DM_assembly_Plate2,,G6,Plate2_G6,Fucose,cycle 5,,0.3945,48 h,,"growth curve data NA, so 48 h label rather than 0: 0.05:48 was used",Ho lab/7_Shared data/16s rRNA/Raw reads/2024930_DM_assembly/Plate2,0.0,0.0,0.0001839033823097,0.0,0.0,0.0,0.0,0.0,not_assessable,review_required,True,,-0.9162308927525286,0.0,0.0,-0.9162308927525286,-0.9162308927525286,-0.9162308927525286,-0.9162308927525286,0.0,0.0,-0.9162308927525286,0.0,0.0,0.0,-0.9162308927525286,0.0,-0.9162308927525282,0.0,0.0,0.0,0.0,0.0,1.4082409199655688,-0.7834069185727123,-3.7315476947346418,0.0,0.0,4.36339685109891,5.956637121715954,8.475571881999153,0.0,4.383713715566914,-6.851419751753539
2024930_WZY_DM_assembly_Plate2G7,2024930_WZY_DM_assembly_Plate2,,G7,Plate2_G7,Master_mix,cycle 5,,0.7845,48 h,,"growth curve data NA, so 48 h label rather than 0: 0.05:48 was used",Ho lab/7_Shared data/16s rRNA/Raw reads/2024930_DM_assembly/Plate2,0.0,0.0019772275967413,0.0061214167515274,0.0,0.0,0.0,0.0,0.0001697619653767,not_assessable,review_required,True,,-1.2128408219343845,0.0,-1.2128408219343847,0.0,0.0,-1.2128408219343847,0.0,-1.2128408219343845,-0.0233440168528223,-1.212840821934385,0.0,0.0,0.0,-1.2128408219343847,0.0,-1.2128408219343845,0.0,0.0,-0.7307905240990158,0.0,-1.9956518936873977,0.6753313692082232,-1.0305327481994109,6.233688916461358,0.0,-1.9435649428739048,0.0,5.977003046828253,6.193835383385161,0.0,1.2345771928595974,-3.8693103881805184
2024930_WZY_DM_assembly_Plate2G8,2024930_WZY_DM_assembly_Plate2,,G8,Plate2_G8,Master_mix,cycle 5,,0.7775,48 h,,"growth curve data NA, so 48 h label rather than 0: 0.05:48 was used",Ho lab/7_Shared data/16s rRNA/Raw reads/2024930_DM_assembly/Plate2,0.0,0.0017959532755369,0.002750763877721,0.0,0.0,0.0,0.0,0.0001818686861303,not_assessable,review_required,True,,-0.5287448769677925,0.0,-0.5287448769677925,0.0,-0.5287448769677925,0.0,-0.16078294885168817,-0.5287448769677925,-0.5287448769677925,-0.5287448769677927,0.0,0.0,-0.5287448769677925,-0.5287448769677925,0.0,-0.5287448769677925,0.0,0.0,0.0,0.0,-2.4674442870857667,3.3730725892575,3.193186212819012,5.660780572237033,0.0,-4.587047703553817,0.0,6.239140433724007,-7.762065035977398,0.0,1.5019738253730848,-7.003298710489739
2024930_WZY_DM_assembly_Plate2G9,2024930_WZY_DM_assembly_Plate2,,G9,Plate2_G9,Master_mix,cycle 5,,0.9205,48 h,,"growth curve data NA, so 48 h label rather than 0: 0.05:48 was used",Ho lab/7_Shared data/16s rRNA/Raw reads/2024930_DM_assembly/Plate2,0.0,0.0021338529176658,0.0026489208633093,0.0,0.0,0.0,0.0,0.0,not_assessable,review_required,True,,-1.047006527073022,0.0,-1.047006527073022,0.0,-1.0470065270730222,-1.0470065270730218,-1.047006527073022,-1.047006527073022,-1.047006527073022,-1.047006527073022,0.0,0.0,0.0,-1.0470065270730222,0.0,-1.0470065270730222,0.0,0.0,0.0,0.0,-6.647907893655939,0.19728948473095473,0.6582752369109205,5.296883087766439,0.0,-4.999130295337338,3.5498424240716338,6.131154229489197,1.2443895663914122,0.0,2.618729747230657,-2.9698359885432954
2024930_WZY_DM_assembly_Plate2G10,2024930_WZY_DM_assembly_Plate2,,G10,Plate2_G10,Master_mix,cycle 5,,0.7635,48 h,,"growth curve data NA, so 48 h label rather than 0: 0.05:48 was used",Ho lab/7_Shared data/16s rRNA/Raw reads/2024930_DM_assembly/Plate2,0.0,0.0059617775928328,0.0063729346682006,0.0,0.0,0.0,0.0,0.0,not_assessable,review_required,True,,0.01801800065584315,0.0,0.0,0.0,0.01801800065584315,0.01801800065584315,0.01801800065584315,0.01801800065584315,0.01801800065584315,0.01801800065584315,0.0,0.0,0.01801800065584283,0.01801800065584315,0.01801800065584315,0.01801800065584315,0.0,0.0,-1.0109776440219005,0.0,-0.1305592597745447,-0.3581596211198891,3.0252281859897696,0.12233460428557931,0.0,-6.002044519251976,0.0,5.475748516758946,-0.1505531013701147,0.0,6.725375719871286,-6.284917105609938
2024930_WZY_DM_assembly_Plate2G11,2024930_WZY_DM_assembly_Plate2,,G11,Plate2_G11,Master_mix,cycle 5,,0.9235,48 h,,"growth curve data NA, so 48 h label rather than 0: 0.05:48 was used",Ho lab/7_Shared data/16s rRNA/Raw reads/2024930_DM_assembly/Plate2,0.0,0.0041159981233872,0.0055313237938853,0.0,0.0,0.0,0.0,0.0,not_assessable,review_required,True,,0.23542000214434522,0.0,0.23542000214434547,0.0,0.23542000214434547,0.23542000214434547,0.13445375421193054,0.23542000214434575,0.23542000214434547,0.23542000214434547,0.0,0.0,0.23542000214434547,0.23542000214434547,0.0,0.23542000214434575,0.0,0.0,-0.2062152615857446,0.0,-6.508744647865717,-0.22909138431702003,5.29844712609285,-3.921777707723972,0.0,-5.51523990923757,0.0,5.832362192331623,-0.2069491803099548,0.0,5.330739219086527,-6.034243034611808
2024930_WZY_DM_assembly_Plate2G12,2024930_WZY_DM_assembly_Plate2,,G12,Plate2_G12,Master_mix,cycle 5,,0.7395,48 h,,"growth curve data NA, so 48 h label rather than 0: 0.05:48 was used",Ho lab/7_Shared data/16s rRNA/Raw reads/2024930_DM_assembly/Plate2,0.0,0.006490327780763,0.0026159994626544,0.0,0.0,0.0,0.0,0.0005408606483969,not_assessable,review_required,True,,-1.0697401938395523,0.0,-1.069740193839552,0.0,-1.069740193839552,-0.7473574088039475,0.0,-1.069740193839552,-0.582298162533526,-1.0697401938395519,0.0,-1.069740193839552,-1.0697401938395519,-1.0697401938395519,0.0,0.0,0.0,0.0,0.0,0.0,-5.91402943245125,0.2963759920871333,-2.2820438740419484,3.1726632621989626,0.0,-2.177367384844522,0.0,6.053697071562891,5.314406729452251,0.0,3.321642911891565,-0.7473574088039475
2024930_WZY_DM_assembly_Plate2H1,2024930_WZY_DM_assembly_Plate2,,H1,Plate2_H1,Sialic_acid,cycle 5,,0.6325,48 h,,"growth curve data NA, so 48 h label rather than 0: 0.05:48 was used",Ho lab/7_Shared data/16s rRNA/Raw reads/2024930_DM_assembly/Plate2,0.0,0.0,0.0,0.0,0.0,0.0,0.000332051757149,0.0,not_assessable,review_required,True,,-0.9068369699092079,0.0,0.0,-0.9068369699092077,0.0,-0.9068369699092077,-0.9068369699092077,-0.9068369699092077,-0.9068369699092077,-0.9068369699092079,0.0,-0.9068369699092077,0.0,0.0,0.0,0.0,0.0,0.0,-1.2315649146826868,0.0,-2.8302501427685884,-0.10410503340131326,4.921205288975097,-4.5648379831640575,0.0,2.4036951278664986,4.764566439872911,5.959970860750488,7.5225921758538234,0.0,1.445047080464516,-3.028031520597546
2024930_WZY_DM_assembly_Plate2H2,2024930_WZY_DM_assembly_Plate2,,H2,Plate2_H2,Sialic_acid,cycle 5,,0.5895,48 h,,"growth curve data NA, so 48 h label rather than 0: 0.05:48 was used",Ho lab/7_Shared data/16s rRNA/Raw reads/2024930_DM_assembly/Plate2,0.0,0.0,0.0,0.0,0.0,0.0,0.0009675830939679,0.0,not_assessable,review_required,True,,-0.2462835253549533,0.0,0.0,-0.2462835253549535,-0.2462835253549535,-0.2462835253549533,-0.2462835253549535,-0.2462835253549535,-0.2462835253549535,-0.2462835253549535,0.0,-0.24628352535495368,0.0,-0.2462835253549535,-0.2462835253549533,0.0,0.0,0.0,-2.4986233932482866,0.0,-4.2718525314012945,-0.019905966615255198,-0.9651911931671302,-6.205103713546712,0.0,2.42492941778152,0.0,2.5297540175792763,8.447655754411198,0.0,3.1581566246500254,-8.254967427631305
2024930_WZY_DM_assembly_Plate2H3,2024930_WZY_DM_assembly_Plate2,,H3,Plate2_H3,Sialic_acid,cycle 5,,0.5235,48 h,,"growth curve data NA, so 48 h label rather than 0: 0.05:48 was used",Ho lab/7_Shared data/16s rRNA/Raw reads/2024930_DM_assembly/Plate2,0.0,0.0,0.0,0.0,0.0,0.0,0.0002135094285303,0.0,not_assessable,review_required,True,,-0.8315209674492176,0.0,0.0,-0.8315209674492176,0.0,-0.8315209674492176,-0.8315209674492176,-0.8315209674492176,-0.8315209674492176,-0.8315209674492176,0.0,-0.8315209674492176,0.0,-0.8090604838948968,-0.8315209674492176,0.0,0.0,0.0,-0.3471563795779097,0.0,-3.0243773881512133,0.32559242603068655,-1.7277603817929892,-1.8860224657097595,0.0,1.4229142452958294,0.0,5.850863461485454,8.446900448114947,0.0,3.9476712743496405,-7.252231122157851
2024930_WZY_DM_assembly_Plate2H4,2024930_WZY_DM_assembly_Plate2,,H4,Plate2_H4,Sialic_acid,cycle 5,,0.6175,48 h,,"growth curve data NA, so 48 h label rather than 0: 0.05:48 was used",Ho lab/7_Shared data/16s rRNA/Raw reads/2024930_DM_assembly/Plate2,0.0,0.0,0.0,0.0,0.0,0.0,0.000234606095145,0.0,not_assessable,review_required,True,,0.2892849722514817,0.0,0.0,0.289284972251482,0.0,0.2892849722514817,0.2892849722514817,0.2892849722514817,0.289284972251482,0.0,0.0,0.2892849722514814,0.0,0.2892849722514817,0.0,0.0,0.0,0.0,-0.3515835141654979,0.0,-6.673127862531036,4.475227391121823,-0.49743438062907935,-2.551882164651468,0.0,0.0,0.0,0.0,0.8627599313350707,0.0,0.7363378156545966,-7.643072648660619
2024930_WZY_DM_assembly_Plate2H5,2024930_WZY_DM_assembly_Plate2,,H5,Plate2_H5,Sialic_acid,cycle 5,,0.6445,48 h,,"growth curve data NA, so 48 h label rather than 0: 0.05:48 was used",Ho lab/7_Shared data/16s rRNA/Raw reads/2024930_DM_assembly/Plate2,0.0,0.0,0.0,0.0,0.0,0.0,0.0006225665031951,0.0,not_assessable,review_required,True,,0.18902721517956073,0.0,0.0,0.18902721517956073,0.18902721517956045,0.18902721517956073,0.18902721517956073,0.18902721517956045,0.18902721517956045,0.18902721517956073,0.0,0.18902721517956073,0.0,0.18902721517956045,0.0,0.0,0.0,0.0,-0.9234274918732948,0.0,-7.696016995770276,-0.6764555335538442,-2.7267355808682314,-2.1336451992636594,0.0,0.0,0.0,0.0,8.1913498912186,0.0,3.3588848996213176,-7.829846541460056
2024930_WZY_DM_assembly_Plate2H6,2024930_WZY_DM_assembly_Plate2,,H6,Plate2_H6,Sialic_acid,cycle 5,,0.6825,48 h,,"growth curve data NA, so 48 h label rather than 0: 0.05:48 was used",Ho lab/7_Shared data/16s rRNA/Raw reads/2024930_DM_assembly/Plate2,0.0,0.0,0.0,0.0,0.0,0.0,0.00071368045289,0.0,not_assessable,review_required,True,,-0.3491836641656975,0.0,0.0,-0.34918366416569774,-0.3491836641656975,-0.34918366416569774,-0.34918366416569774,-0.3491836641656975,0.0,-0.3491836641656975,0.0,-0.34918366416569774,0.0,-0.34918366416569774,-0.3491836641656975,0.0,0.0,0.0,-2.634242367166949,0.0,-2.1733425051474087,2.1387078975819653,-0.7929401131859017,-5.413770861862017,0.0,2.4076158747515986,0.0,0.0,8.474815623077596,0.0,-0.2148534971267087,-5.125349691941698
2024930_WZY_DM_assembly_Plate2H7,2024930_WZY_DM_assembly_Plate2,low growth,H7,Plate2_H7,blank,cycle 5,,0.0945,48 h,,"growth curve data NA, so 48 h label rather than 0: 0.05:48 was used",Ho lab/7_Shared data/16s rRNA/Raw reads/2024930_DM_assembly/Plate2,0.0,0.0,0.0003704268292682,0.0,0.0,0.0,0.0,0.0,not_assessable,review_required,False,low growth,0.9987386876290908,0.9987386876290908,0.0,0.0,0.9987386876290909,0.9987386876290908,0.0,0.3902448226006707,0.9987386876290908,0.9987386876290908,0.0,0.9987386876290909,0.0,0.0,0.8052823218795147,0.0,0.0,0.0,0.0,0.0,0.0,-4.872632824708189,0.0,0.0,0.0,-0.12847172913758062,0.0,0.0,0.0,0.0,-6.928077151590444,-8.437720689954402
2024930_WZY_DM_assembly_Plate2H8,2024930_WZY_DM_assembly_Plate2,low growth,H8,Plate2_H8,blank,cycle 5,,0.1235,48 h,,"growth curve data NA, so 48 h label rather than 0: 0.05:48 was used",Ho lab/7_Shared data/16s rRNA/Raw reads/2024930_DM_assembly/Plate2,0.0,0.0,0.0002291280148423,0.0,0.0,0.0,0.0,0.0,not_assessable,review_required,False,low growth,1.1771465716759522,1.1771465716759524,0.0,0.0,1.1771465716759524,1.1771465716759524,0.0,0.0,1.1771465716759522,1.1771465716759522,0.0,0.0,0.0,0.0,1.1771465716759524,0.0,0.0,0.0,0.0,0.0,0.0,-6.651434089383443,0.0,0.0,0.0,-0.30935942138368183,0.0,0.0,0.0,0.0,-6.793175198648572,-8.428949042125435
2024930_WZY_DM_assembly_Plate2H9,2024930_WZY_DM_assembly_Plate2,low growth,H9,Plate2_H9,blank,cycle 5,,-0.0005,48 h,,"growth curve data NA, so 48 h label rather than 0: 0.05:48 was used",Ho lab/7_Shared data/16s rRNA/Raw reads/2024930_DM_assembly/Plate2,-0.0,-0.0,-0.0,-0.0,-0.0,-0.0,-0.0,-0.0,not_assessable,review_required,False,low growth,,,,,,,,,,,,,,,,,,,,,,,,,,,,,,,,
2024930_WZY_DM_assembly_Plate2H10,2024930_WZY_DM_assembly_Plate2,low growth,H10,Plate2_H10,blank,cycle 5,,0.0055,48 h,,"growth curve data NA, so 48 h label rather than 0: 0.05:48 was used",Ho lab/7_Shared data/16s rRNA/Raw reads/2024930_DM_assembly/Plate2,0.0,0.0,0.0,0.0,0.0,0.0,0.0,0.0,not_assessable,review_required,False,low growth,0.0,0.0,0.0,0.0,0.4854268271702364,0.0,0.0,0.0,0.0,0.0,0.0,0.0,0.0,0.4854268271702364,0.0,0.0,0.0,0.0,0.0,0.0,0.0,-8.158429362604469,0.0,0.0,0.0,0.0,0.0,0.0,0.0,0.0,0.0,0.0
2024930_WZY_DM_assembly_Plate2H11,2024930_WZY_DM_assembly_Plate2,low growth,H11,Plate2_H11,blank,cycle 5,,-0.0065,48 h,,"growth curve data NA, so 48 h label rather than 0: 0.05:48 was used",Ho lab/7_Shared data/16s rRNA/Raw reads/2024930_DM_assembly/Plate2,-0.0,-0.0,-0.0,-0.0,-0.0,-0.0,-0.0,-0.0,not_assessable,review_required,False,low growth,,,,,,,,,,,,,,,,,,,,,,,,,,,,,,,,
2024930_WZY_DM_assembly_Plate2H12,2024930_WZY_DM_assembly_Plate2,low growth,H12,Plate2_H12,blank,cycle 5,,0.0015,48 h,,"growth curve data NA, so 48 h label rather than 0: 0.05:48 was used",Ho lab/7_Shared data/16s rRNA/Raw reads/2024930_DM_assembly/Plate2,0.0,0.0,0.0,0.0,0.0,0.0,0.0,0.0,not_assessable,review_required,False,low growth,0.15200309344504975,0.0,0.0,0.0,0.0,0.0,0.0,0.15200309344505006,0.0,0.15200309344505006,0.0,0.0,0.0,0.0,0.15200309344505006,0.0,0.0,0.0,0.0,0.0,0.0,0.0,0.0,0.0,0.0,0.0,0.0,0.0,0.0,0.0,0.0,-6.643856189774724
