Sample ID,Experiment ID,growth_qc,Growth Well ID,16S Well ID,Media,Protocol,Final OD,observation_relative_abundance_defined,included_in_primary_score,data_use_status,contamination_status,Ai,Ac,Bfi,Bf,Bt,Bu,Bx,Ba,Csp,Dl,Ls,Mf,Pm,Bd,Bv,Rg,Af,Ao,As,Bl.s,Col,Cs,Et,Eu.c,Eu.l,Im,Ld,Lsp,Mi,Pc,Va,Vp
2024930_WZY_DM_assembly_Plate1A10,2024930_WZY_DM_assembly_Plate1,,A10,Plate1_A10,Galactose,cycle 5,0.8905,True,True,explicit_user_selected_validation_only,not_assessable,0.00994371510487,0.000865969183307,0.0,0.000865969183307,0.00197082641718,0.00438956792918,0.0057034522073,0.178359790755,0.00261283805308,0.0690834381235,0.00510623208088,2.98610063209e-05,0.00229929748671,0.0255610214107,0.0,0.0,1.9531250000000002e-24,1.9531250000000002e-24,1.9531250000000002e-24,1.9531250000000002e-24,3.848646555068399e-14,0.020197889428554397,0.04762085910168413,4.18152283541399e-17,4.917794924441483e-09,7.86418093961589e-18,6.319056636769722e-20,1.2112701717584118e-11,6.410346172727847e-12,1.9531250000000002e-24,0.05083388189097888,1.9531250000000002e-24
2024930_WZY_DM_assembly_Plate1A11,2024930_WZY_DM_assembly_Plate1,,A11,Plate1_A11,Galactose,cycle 5,0.9725,True,True,explicit_user_selected_validation_only,not_assessable,0.0905498424591,0.00019301858238,0.0,0.00277464212172,0.00446355471754,0.0125220805319,0.0126668444687,0.0447561837894,0.00427053613516,0.0151278313941,0.101214119136,0.0288562780658,0.00552515692063,0.406666025752,0.0,0.0,1.9531250000000002e-24,1.9531250000000002e-24,1.9531250000000002e-24,1.9531250000000002e-24,0.0010707412566792667,0.08974405416161689,2.0753903995126294e-24,2.29423014403409e-24,2.327944188933717e-24,0.016583625810685208,1.9612490797806344e-24,2.0078789887726048e-24,0.2687739009434275,1.9531250000000002e-24,0.19026312038097454,1.9531250000000002e-24
2024930_WZY_DM_assembly_Plate1A12,2024930_WZY_DM_assembly_Plate1,,A12,Plate1_A12,Galactose,cycle 5,0.9375,True,True,explicit_user_selected_validation_only,not_assessable,0.264256690935,1.60223543888e-05,0.0,0.000544760049221,0.0183616181296,0.0108311115669,0.00874820549631,0.211687346185,0.00294811320755,0.0107830445037,0.000224312961444,0.106997282609,0.00116963187039,0.191226799631,0.0,0.0,1.9531250000000002e-24,1.9531250000000002e-24,1.9531250000000002e-24,1.9531250000000002e-24,0.05772650077432162,0.05552851954415971,5.006765898502844e-21,1.467072225939881e-18,4.9019929994854795e-18,0.025301936787691517,2.3100063851864734e-24,2.216432862686246e-24,0.43403504342914667,1.9531250000000002e-24,0.19887055881187127,1.9531250000000002e-24
2024930_WZY_DM_assembly_Plate1A1,2024930_WZY_DM_assembly_Plate1,,A1,Plate1_A1,Glucose,cycle 5,1.2345,True,True,explicit_user_selected_validation_only,not_assessable,0.0540149782135,0.00039845073832,0.0,0.00241560760107,0.37170473251,0.00341173444687,0.00014941902687,0.0461704793028,0.0164111897846,0.0130990680223,0.0,0.247238683128,0.00122025538611,0.012028231663,0.0,0.0,1.9531250000000002e-24,1.9531250000000002e-24,1.9531250000000002e-24,1.9531250000000002e-24,0.06862314580860507,0.04833758567136608,4.304187479074232e-18,1.9544536069870114e-15,4.323189356839741e-15,0.040896393459279395,2.3201189487696274e-24,2.0480388137262126e-24,0.5735621391358607,1.9531250000000002e-24,0.17561848615362574,1.9531250000000002e-24
2024930_WZY_DM_assembly_Plate1A2,2024930_WZY_DM_assembly_Plate1,,A2,Plate1_A2,Glucose,cycle 5,1.0345,True,True,explicit_user_selected_validation_only,not_assessable,0.0356650455356,0.000174828654586,0.0,0.00188426438832,0.00742050511689,0.0134812318092,0.000679889212281,0.181316740212,0.00609957750446,0.0012238005821,0.0,0.0162007886583,0.00258357900667,0.0761087409633,0.0,0.0,1.9531250000000002e-24,1.9531250000000002e-24,1.9531250000000002e-24,1.9531250000000002e-24,6.034130558844948e-10,0.02185379398619568,0.013541411089916643,1.4270942692460299e-08,0.04772477203895703,1.000867074603329e-09,4.359729802059911e-15,0.0006634860591107011,1.0966196092695055e-05,1.9531250000000002e-24,0.07990824415906911,1.9531250000000002e-24
2024930_WZY_DM_assembly_Plate1A3,2024930_WZY_DM_assembly_Plate1,,A3,Plate1_A3,Glucose,cycle 5,1.0485,True,True,explicit_user_selected_validation_only,not_assessable,0.00220760554302,0.0,0.0,0.00132906864325,0.126869738962,0.00718598130841,0.00261308411215,0.169805414115,0.00353667418627,0.0161740895907,0.0,0.00594701901386,0.00200486625846,0.106235385111,0.0,0.0,1.9531250000000002e-24,1.9531250000000002e-24,1.9531250000000002e-24,1.9531250000000002e-24,4.1826678502577086e-07,0.028621207194497168,0.021970884854202385,0.0002538103378533598,0.20134167144290901,1.4825329943250354e-07,7.948723424494349e-11,6.470597909281485e-06,0.040130315891842426,1.9531250000000002e-24,0.10073710318562899,1.9531250000000002e-24
2024930_WZY_DM_assembly_Plate1A4,2024930_WZY_DM_assembly_Plate1,,A4,Plate1_A4,Glucose,cycle 5,1.0625,True,True,explicit_user_selected_validation_only,not_assessable,0.0323568684408,0.000796476761619,0.0,0.00175888618191,0.0084625655922,0.0105201305597,0.0012610882059,0.0572467672414,0.0082634464018,0.0240270489755,0.00039823838081,0.0,0.00301997438781,0.0202769708896,0.0,0.000464611444278,1.9531250000000002e-24,1.9531250000000002e-24,1.9531250000000002e-24,1.9531250000000002e-24,1.738497099971327e-17,0.0048376801278826945,0.026552392494182897,1.3783820724446738e-15,8.254871431588289e-13,1.8186740477536587e-19,1.2793709785659022e-16,1.2143334940890603e-13,2.0214879088193143e-13,1.9531250000000002e-24,0.03142588459181759,1.9531250000000002e-24
2024930_WZY_DM_assembly_Plate1A5,2024930_WZY_DM_assembly_Plate1,,A5,Plate1_A5,Glucose,cycle 5,1.0755,True,True,explicit_user_selected_validation_only,not_assessable,0.0291058238052,0.00106161059472,0.00168088344164,0.00150394834252,0.00548498807272,0.0100410668751,0.00278672781114,0.062723492638,0.026142160895,0.00106161059472,0.00415797482932,8.84675495599e-05,0.00238862383812,0.700884161389,0.0,0.00017693509912,1.9531250000000002e-24,1.9531250000000002e-24,1.9531250000000002e-24,1.9531250000000002e-24,3.76404164963518e-06,0.0882960506062416,2.0420582863009058e-24,2.159865213921472e-24,2.1796559231686613e-24,0.016919571820458654,1.960036349994854e-24,2.0004261443402506e-24,0.1532100341866953,1.9531250000000002e-24,0.26152543404275697,1.9531250000000002e-24
2024930_WZY_DM_assembly_Plate1A6,2024930_WZY_DM_assembly_Plate1,,A6,Plate1_A6,Glucose,cycle 5,1.0595,True,True,explicit_user_selected_validation_only,not_assessable,0.0996329520994,8.24321170155e-05,0.0,0.00145630073394,0.0003572058404,0.00588015768044,0.000164864234031,0.0910874893021,0.00354458103167,0.0272575533598,0.0,0.0,0.00170359708499,0.353496395135,0.00208828029773,0.0,1.9531250000000002e-24,1.9531250000000002e-24,1.9531250000000002e-24,1.9531250000000002e-24,6.011835988739212e-07,0.05232322327507982,3.6498748418506456e-14,9.096953554994208e-12,3.952322394661609e-11,0.006412049104367695,4.107407042507399e-24,5.194562762951606e-24,0.1270069259834628,1.9531250000000002e-24,0.15959269905358806,1.9531250000000002e-24
2024930_WZY_DM_assembly_Plate1A7,2024930_WZY_DM_assembly_Plate1,,A7,Plate1_A7,Galactose,cycle 5,0.9425,True,True,explicit_user_selected_validation_only,not_assessable,0.0282674304789,0.000685987852625,0.0,0.000922535388013,0.000520404577854,0.00234182060034,0.00376110581267,0.0164163989559,0.000331166549543,0.00558252183516,0.0660204171268,0.0,0.00193968979018,0.348954924204,0.0,0.0,1.9531250000000002e-24,1.9531250000000002e-24,1.9531250000000002e-24,1.9531250000000002e-24,7.467783306330387e-13,0.06210890220003562,5.557076915252023e-16,1.3003051401316664e-12,4.1909335687334144e-12,0.0019798358718923254,2.8103769452225168e-24,2.849355723511171e-24,0.00013956369751340385,1.9531250000000002e-24,0.1328732089124996,1.9531250000000002e-24
2024930_WZY_DM_assembly_Plate1A8,2024930_WZY_DM_assembly_Plate1,,A8,Plate1_A8,Galactose,cycle 5,0.9185,True,True,explicit_user_selected_validation_only,not_assessable,0.00708327729529,0.000459953071123,0.0,0.000551943685348,0.00697814516475,0.00342993575895,0.00323281301418,0.0840794214013,0.00148499134391,0.000328537907945,0.0167160087562,0.0,0.0019186613824,0.199107113731,0.0,0.0,1.9531250000000002e-24,1.9531250000000002e-24,1.9531250000000002e-24,1.9531250000000002e-24,1.3169516262045746e-14,0.03190853564083016,0.0042489848135459475,2.808233664948769e-05,0.11827471929083762,6.25712598536513e-11,3.6430026035921734e-19,0.00021569000167704817,7.898377403116017e-12,1.9531250000000002e-24,0.08877928239232831,1.9531250000000002e-24
2024930_WZY_DM_assembly_Plate1A9,2024930_WZY_DM_assembly_Plate1,,A9,Plate1_A9,Galactose,cycle 5,0.8635,True,True,explicit_user_selected_validation_only,not_assessable,0.00188851798561,0.000563242206235,0.0,0.00104365467626,0.0321876354916,0.0146277314149,0.000745467625899,0.1195398753,0.0024351942446,0.06313282494,0.0115795971223,0.0,0.00205417745803,0.273984201439,0.0,0.0,1.9531250000000002e-24,1.9531250000000002e-24,1.9531250000000002e-24,1.9531250000000002e-24,1.8980331936019988e-09,0.05026577183950127,5.97476568320876e-06,4.55621515826644e-06,2.4803006063499135e-05,3.759553724538635e-05,8.38549103197446e-23,3.4955493734813926e-23,0.0005684957070229197,1.9531250000000002e-24,0.129622058573858,1.9531250000000002e-24
2024930_WZY_DM_assembly_Plate1B10,2024930_WZY_DM_assembly_Plate1,,B10,Plate1_B10,Oligo_xylose,cycle 5,0.8885,True,True,explicit_user_selected_validation_only,not_assessable,0.0,0.0,0.0208412870454,0.0,0.0387791672059,0.249894218325,0.0820715510547,0.0536986540701,0.00235722143134,0.0200938753721,0.0,0.00802030218714,0.0166442830335,0.0478630936974,0.00123610392131,0.0,1.9531250000000002e-24,1.9531250000000002e-24,1.9531250000000002e-24,1.9531250000000002e-24,0.05399300678370622,0.06461565747150042,2.7344118374294504e-20,8.296231042250266e-18,1.7767087153554647e-17,9.282748753245345e-09,2.0562083085557218e-24,2.071928704269029e-24,0.40900166780934544,1.9531250000000002e-24,0.15890333578966662,1.9531250000000002e-24
2024930_WZY_DM_assembly_Plate1B11,2024930_WZY_DM_assembly_Plate1,,B11,Plate1_B11,Oligo_xylose,cycle 5,0.8875,True,True,explicit_user_selected_validation_only,not_assessable,0.0,0.00151309113051,0.00761949462147,0.0,0.021291353765,0.23033209864,0.00354855896083,0.0259747310737,0.00356657195048,0.083364116095,0.0,0.064792723767,0.0120506900751,0.0805360767201,0.0,0.0,1.9531250000000002e-24,1.9531250000000002e-24,1.9531250000000002e-24,1.9531250000000002e-24,0.04700754689899389,0.07227645591425598,1.9299975342067436e-22,2.014287021216271e-20,3.703276414910711e-20,0.011995752378350816,1.9878776952191073e-24,2.052895821783284e-24,0.3462538986717057,1.9531250000000002e-24,0.1495907647824761,1.9531250000000002e-24
2024930_WZY_DM_assembly_Plate1B12,2024930_WZY_DM_assembly_Plate1,,B12,Plate1_B12,Oligo_xylose,cycle 5,0.9915,True,True,explicit_user_selected_validation_only,not_assessable,1.64373342175e-05,0.00143004807692,0.00595031498674,0.0,0.000443808023873,0.00287653348806,0.0733269479443,0.386688287467,0.00738036306366,0.127372902851,8.21866710875e-05,0.000624618700265,0.0123444379973,0.097259706565,0.000378058687003,0.0,1.9531250000000002e-24,1.9531250000000002e-24,1.9531250000000002e-24,1.9531250000000002e-24,0.017696278798040282,0.04247030299371257,0.09192431491306138,4.77437840627737e-06,0.0017212795528220592,4.831672323092357e-08,3.7282104583922816e-22,3.5254165033064646e-24,0.18228534990773693,1.9531250000000002e-24,0.13155307657876672,1.9531250000000002e-24
2024930_WZY_DM_assembly_Plate1B1,2024930_WZY_DM_assembly_Plate1,,B1,Plate1_B1,Fructose,cycle 5,0.8335,True,False,explicit_user_selected_validation_only,not_assessable,0.029656167845,0.00423355624186,0.0,0.0014466423339,0.00576529518364,0.00674390617423,0.0056589244238,4.25483039383e-05,0.0191254626203,0.00916915949871,0.0,0.077969766967,0.000127644911815,0.000680772863013,0.0,2.12741519692e-05,1.9531250000000002e-24,1.9531250000000002e-24,1.9531250000000002e-24,1.9531250000000002e-24,1.2668246113248255e-15,0.006541875937377291,0.029060083638718395,6.06074237528954e-11,6.146653894191606e-11,0.007567779178084617,2.2842906420426107e-18,9.384097114785077e-12,3.4449088557160314e-08,1.9531250000000002e-24,0.037286732425476234,1.9531250000000002e-24
2024930_WZY_DM_assembly_Plate1B2,2024930_WZY_DM_assembly_Plate1,,B2,Plate1_B2,Fructose,cycle 5,0.8915,True,False,explicit_user_selected_validation_only,not_assessable,0.109137088703,0.00016730263981,0.0,0.00100381583886,0.078855310897,0.0267870115518,0.00158008048709,5.57675466033e-05,0.0117855415155,0.0348918949915,0.0,0.00317875015639,0.000130124275408,0.099470713958,0.0,0.0,1.9531250000000002e-24,1.9531250000000002e-24,1.9531250000000002e-24,1.9531250000000002e-24,2.5459165004976707e-10,0.031440955019962864,0.04243119691272798,0.043469830846483044,0.16677723961135907,2.9921021524928596e-08,1.0817992525589323e-09,2.0289988426832848e-06,0.06178330843526015,1.9531250000000002e-24,0.08751474327062214,1.9531250000000002e-24
2024930_WZY_DM_assembly_Plate1B3,2024930_WZY_DM_assembly_Plate1,,B3,Plate1_B3,Fructose,cycle 5,0.9065,True,False,explicit_user_selected_validation_only,not_assessable,0.0937880367047,0.000649638561725,0.0,0.0026974122889,0.00485816663551,0.0230904140961,0.00120041908145,0.0,0.0033329282732,0.0416898485698,0.0,0.0,4.23677322864e-05,0.347288301552,0.0,0.0,1.9531250000000002e-24,1.9531250000000002e-24,1.9531250000000002e-24,1.9531250000000002e-24,1.2620984286402363e-09,0.05326099429233315,5.801526927588764e-12,4.800900058581751e-10,1.753100152081911e-09,0.004190751077678227,5.6234512967855346e-24,4.807642622332601e-24,0.0948255556274921,1.9531250000000002e-24,0.1468919111055226,1.9531250000000002e-24
2024930_WZY_DM_assembly_Plate1B4,2024930_WZY_DM_assembly_Plate1,,B4,Plate1_B4,Fructose,cycle 5,0.8665,True,False,explicit_user_selected_validation_only,not_assessable,0.0878357595952,0.000524945654111,0.0,7.71978903104e-05,0.00037054987349,0.0113017711414,0.0128457289476,7.71978903104e-05,0.000972693417911,0.00270192616086,0.0,0.0,0.0,0.00365918000071,0.0,0.0,1.9531250000000002e-24,1.9531250000000002e-24,1.9531250000000002e-24,1.9531250000000002e-24,9.955460279218437e-19,1.8718270335883214e-09,5.454832480645298e-11,3.1964302558277383e-12,2.9302469754124625e-12,2.177381109628746e-19,1.9015421084313853e-12,4.831793977670383e-13,5.615702242147214e-10,1.9531250000000002e-24,0.018852373307306464,1.9531250000000002e-24
2024930_WZY_DM_assembly_Plate1B5,2024930_WZY_DM_assembly_Plate1,,B5,Plate1_B5,Fructose,cycle 5,0.8965,True,False,explicit_user_selected_validation_only,not_assessable,0.0781661747669,0.000445109505158,0.0,0.000222554752579,0.00190407954984,0.0188924256634,0.00034619628179,9.89132233685e-05,0.0103611601478,0.0189789747338,0.0401093120759,0.0,0.0,0.0002349189055,0.0,0.0,1.9531250000000002e-24,1.9531250000000002e-24,1.9531250000000002e-24,1.9531250000000002e-24,3.2047234921830056e-18,0.023231022051824018,0.02883212706034814,1.481711177558604e-12,5.0399085876663785e-12,2.5618913772026437e-18,1.4792486038264337e-11,1.0623904778741919e-12,1.0944317379852604e-08,1.9531250000000002e-24,0.025875787244028944,1.9531250000000002e-24
2024930_WZY_DM_assembly_Plate1B6,2024930_WZY_DM_assembly_Plate1,,B6,Plate1_B6,Fructose,cycle 5,0.7905,True,False,explicit_user_selected_validation_only,not_assessable,0.0608292514966,0.000344947022486,0.0,1.07795944527e-05,0.000204812294601,0.0102082759467,0.000474302155919,6.46775667162e-05,0.00562694830431,0.0124719907818,0.0161154937068,0.0,0.0,0.0705416660985,0.0,0.0,1.9531250000000002e-24,1.9531250000000002e-24,1.9531250000000002e-24,1.9531250000000002e-24,1.1349020660980906e-18,0.01951254893035273,0.018653976426586096,2.1836107763004623e-10,8.020971686319702e-09,1.0842563663859906e-16,3.877703120912837e-15,8.678394287313301e-09,5.233521595793031e-12,1.9531250000000002e-24,0.04282637244446046,1.9531250000000002e-24
2024930_WZY_DM_assembly_Plate1B7,2024930_WZY_DM_assembly_Plate1,,B7,Plate1_B7,Oligo_xylose,cycle 5,0.9945,True,True,explicit_user_selected_validation_only,not_assessable,0.0,0.00259044441669,0.0104150059767,0.0,0.00331789798576,0.159046190077,0.0440907833937,0.268128739898,0.000372598169524,0.0474441669194,0.0,0.0,0.0112134306257,0.0522524575833,0.00345984014558,0.000212913239728,1.9531250000000002e-24,1.9531250000000002e-24,1.9531250000000002e-24,1.9531250000000002e-24,0.044657203065642526,0.05412333922867832,5.637906839184128e-12,1.1690713605479008e-10,5.102539284050832e-10,1.9209110621603196e-11,4.7374244903539075e-24,3.456494681850136e-24,0.29954738790862573,1.9531250000000002e-24,0.1455549346732143,1.9531250000000002e-24
2024930_WZY_DM_assembly_Plate1B8,2024930_WZY_DM_assembly_Plate1,,B8,Plate1_B8,Oligo_xylose,cycle 5,0.8925,True,True,explicit_user_selected_validation_only,not_assessable,0.0,0.0021665125419,0.0151655877933,0.0,0.000412669055601,0.0335637498555,0.000894116287134,0.0425393018148,0.000997283551035,0.102720205757,0.000240723615767,0.0605591839094,0.0159909259045,0.0745211536239,0.0440524216854,0.0003095017917,1.9531250000000002e-24,1.9531250000000002e-24,1.9531250000000002e-24,1.9531250000000002e-24,1.1727572520000074e-07,0.035738342281183,0.06911870144644754,0.00026996286905926975,0.13718151566814316,0.007308803650808986,6.977968282639067e-13,5.95554501067164e-14,0.013600226415648531,1.9531250000000002e-24,0.08346397425708646,1.9531250000000002e-24
2024930_WZY_DM_assembly_Plate1B9,2024930_WZY_DM_assembly_Plate1,,B9,Plate1_B9,Oligo_xylose,cycle 5,0.8505,True,True,explicit_user_selected_validation_only,not_assessable,8.33039492243e-05,0.00106629055007,0.0114459626234,0.0,0.000233251057828,0.0153945698166,0.0258075634697,0.24694622708,0.00359873060649,0.0620447813822,0.0,0.0449008286319,0.00113293370945,0.00738072990127,0.000116625528914,0.000199929478138,1.9531250000000002e-24,1.9531250000000002e-24,1.9531250000000002e-24,1.9531250000000002e-24,4.4168695426653315e-07,0.024266574066281795,0.046002421046109784,1.9663057595762487e-11,0.02599682745425053,0.00014462028462246967,9.057361167179345e-16,9.371417850360951e-07,0.012015009980534804,1.9531250000000002e-24,0.07744755562171447,1.9531250000000002e-24
2024930_WZY_DM_assembly_Plate1C10,2024930_WZY_DM_assembly_Plate1,,C10,Plate1_C10,Xylan,cycle 5,0.8855,True,True,explicit_user_selected_validation_only,not_assessable,0.0,3.43549951503e-05,0.00257662463628,0.0,0.0468602133851,0.169748031038,0.0227430067895,0.00185516973812,0.00312630455868,0.0148757129001,0.0,0.00120242483026,0.0102034335597,0.0479252182347,0.0,0.000171774975752,1.9531250000000002e-24,1.9531250000000002e-24,1.9531250000000002e-24,1.9531250000000002e-24,0.00025239407186855117,0.04448813547070281,0.029480561184736413,0.006703517509910765,0.09056110149764736,9.05486587594616e-15,3.501050578145324e-16,1.8753677577364955e-16,0.19741769258939276,1.9531250000000002e-24,0.09996228964369674,1.9531250000000002e-24
2024930_WZY_DM_assembly_Plate1C11,2024930_WZY_DM_assembly_Plate1,,C11,Plate1_C11,Xylan,cycle 5,0.9635,True,True,explicit_user_selected_validation_only,not_assessable,9.24242787597e-05,4.62121393798e-05,0.00561477493465,0.0,0.0310314515936,0.130988309072,0.0315859972661,0.173965598695,2.31060696899e-05,0.00291136478093,0.0,0.00794848797333,0.0109753831027,0.120983380896,0.0,0.00013863641814,1.9531250000000002e-24,1.9531250000000002e-24,1.9531250000000002e-24,1.9531250000000002e-24,0.02866232532143379,0.049304836520713886,7.310204307071704e-11,1.0505000044176118e-07,4.4581209796838686e-07,1.8222982253759733e-07,2.7533148077707697e-23,1.4566867892131572e-23,0.2690082050915252,1.9531250000000002e-24,0.14172388232615363,1.9531250000000002e-24
2024930_WZY_DM_assembly_Plate1C12,2024930_WZY_DM_assembly_Plate1,,C12,Plate1_C12,Xylan,cycle 5,0.8945,True,True,explicit_user_selected_validation_only,not_assessable,0.000347677614592,0.000447014075904,0.00533933479552,0.0,0.0335757239235,0.0156951608873,0.00305459618535,0.138624031761,0.000298009383936,0.0309929759294,0.0,0.0057615147561,0.00134104222771,0.0896759904495,0.000918862267137,0.0,1.9531250000000002e-24,1.9531250000000002e-24,1.9531250000000002e-24,1.9531250000000002e-24,4.345660820397746e-12,0.023833108413806304,0.02494229732629792,1.0403567639676182e-08,0.021551649971993065,5.797125204017111e-13,9.428017402418527e-15,0.0007012086669498306,5.9177851257788764e-08,1.9531250000000002e-24,0.0732937238176778,1.9531250000000002e-24
2024930_WZY_DM_assembly_Plate1C1,2024930_WZY_DM_assembly_Plate1,,C1,Plate1_C1,Xylose,cycle 5,0.8155,True,True,explicit_user_selected_validation_only,not_assessable,0.0164066923622,0.000295997027153,0.009288668614,0.000112760772249,0.103429818345,0.00532794648876,0.00166322139067,0.0914489862938,0.00215654976926,0.000310092123684,0.0,0.120428504762,2.81901930622e-05,0.0486562732254,0.0,0.0,1.9531250000000002e-24,1.9531250000000002e-24,1.9531250000000002e-24,1.9531250000000002e-24,0.0003527664727622302,0.025761645259124683,0.003272181800207699,0.00042580015658550774,0.09603487566366667,0.019593752538737096,6.675661366571092e-11,5.6609259322051916e-05,0.20129213029986698,1.9531250000000002e-24,0.09554899909749295,1.9531250000000002e-24
2024930_WZY_DM_assembly_Plate1C2,2024930_WZY_DM_assembly_Plate1,,C2,Plate1_C2,Xylose,cycle 5,0.9295,True,True,explicit_user_selected_validation_only,not_assessable,0.204209305805,0.000492070616397,0.080592609216,0.00010697187313,0.182215888689,0.00750942549372,0.0123873429084,0.0302088569719,0.00175433871933,0.0348514362657,0.0,0.0931297127469,0.000235338120886,0.0419971573908,0.0,0.000128366247756,1.9531250000000002e-24,1.9531250000000002e-24,1.9531250000000002e-24,1.9531250000000002e-24,0.06072607066358419,0.039890580600709484,2.2421568410041943e-07,1.7939756352105643e-05,4.798277991453343e-05,0.021323597893640148,4.201864313775035e-22,4.38070475617409e-21,0.4814070723096694,1.9531250000000002e-24,0.14710640877405817,1.9531250000000002e-24
2024930_WZY_DM_assembly_Plate1C3,2024930_WZY_DM_assembly_Plate1,,C3,Plate1_C3,Xylose,cycle 5,0.8765,True,True,explicit_user_selected_validation_only,not_assessable,0.101224266719,0.00123402424716,0.00497037543997,0.0,0.0599530113414,0.000617012123582,0.0187503128666,0.219347809934,0.000239949159171,0.0490867422761,0.0,0.0488467931169,0.000239949159171,0.0182018576457,0.0,0.000651290574892,1.9531250000000002e-24,1.9531250000000002e-24,1.9531250000000002e-24,1.9531250000000002e-24,0.0033674308685771185,0.028009365302126735,0.03675102411200976,2.7194321229528955e-07,0.12674344405331173,0.00966121594301021,1.4451648406522944e-11,6.961533133861718e-08,0.21332532221318187,1.9531250000000002e-24,0.1009076059661538,1.9531250000000002e-24
2024930_WZY_DM_assembly_Plate1C4,2024930_WZY_DM_assembly_Plate1,,C4,Plate1_C4,Xylose,cycle 5,0.8405,True,True,explicit_user_selected_validation_only,not_assessable,0.176013653834,0.00215956723929,0.0574159323042,0.00023201962075,0.0517225277642,0.00167768033466,0.000874535493598,0.165483532584,0.00164198500839,0.0270570573121,0.0,0.0,0.0,0.142442199478,0.0,0.000321257936424,1.9531250000000002e-24,1.9531250000000002e-24,1.9531250000000002e-24,1.9531250000000002e-24,0.03369776282619766,0.03779920368245141,0.00037013634949329864,0.007334511417108698,0.04808967076240193,0.0011802934061578272,9.280214280500923e-20,4.65428409853115e-17,0.27972174448593556,1.9531250000000002e-24,0.13800848049788755,1.9531250000000002e-24
2024930_WZY_DM_assembly_Plate1C5,2024930_WZY_DM_assembly_Plate1,,C5,Plate1_C5,Xylose,cycle 5,0.7795,True,True,explicit_user_selected_validation_only,not_assessable,0.0933645659379,0.00106141612928,0.128010790535,0.000460614546669,0.0940254476788,0.00188251162552,0.00132176348175,0.133397978059,0.00132176348175,0.0313418158929,0.000260347352465,0.0,0.000100133597102,0.0152403334789,0.0,0.000340454230147,1.9531250000000002e-24,1.9531250000000002e-24,1.9531250000000002e-24,1.9531250000000002e-24,0.03924810497178862,0.0220062744544801,0.027604323805508126,2.0604189774859955e-05,0.06591388280128492,7.595136707722332e-11,1.1878096689341327e-07,0.00611654527455189,0.26342069771554716,1.9531250000000002e-24,0.09319392843450985,1.9531250000000002e-24
2024930_WZY_DM_assembly_Plate1C6,2024930_WZY_DM_assembly_Plate1,,C6,Plate1_C6,Xylose,cycle 5,0.9555,True,True,explicit_user_selected_validation_only,not_assessable,0.00304565759052,0.000235931221801,0.0378776852455,0.000386069272038,0.154063087836,0.00390358930616,0.01632215089,0.188273114997,0.00111531123033,0.00270248490426,0.00156572538104,0.0,0.000128689757346,0.166889166985,0.0353038900985,0.000107241464455,1.9531250000000002e-24,1.9531250000000002e-24,1.9531250000000002e-24,1.9531250000000002e-24,0.01379509583428734,0.03703971466897187,3.956002107505591e-07,0.0011713313780169837,0.010184948262478809,0.00019353991390146596,3.320444808920065e-20,2.3383594718596237e-16,0.26608083848784525,1.9531250000000002e-24,0.1441899377881286,1.9531250000000002e-24
2024930_WZY_DM_assembly_Plate1C7,2024930_WZY_DM_assembly_Plate1,,C7,Plate1_C7,Xylan,cycle 5,0.8385,True,True,explicit_user_selected_validation_only,not_assessable,0.0,0.000212160315773,0.0054313040838,0.0,0.0290235311978,0.273898967664,0.00708615454683,0.0346245635342,0.00144269014726,0.0325453924397,0.0,0.00373402155761,0.0136206922727,0.189162137544,0.00199430696827,0.000212160315773,1.9531250000000002e-24,1.9531250000000002e-24,1.9531250000000002e-24,1.9531250000000002e-24,0.03274204909699817,0.08300012446246835,2.3050693078504486e-24,3.1905514835879768e-24,3.335432763448459e-24,1.789474375175985e-05,1.963131717425563e-24,2.0205341018259944e-24,0.3706236461125926,1.9531250000000002e-24,0.18784782443095807,1.9531250000000002e-24
2024930_WZY_DM_assembly_Plate1C8,2024930_WZY_DM_assembly_Plate1,,C8,Plate1_C8,Xylan,cycle 5,0.7715,True,True,explicit_user_selected_validation_only,not_assessable,0.000182560340748,0.00100408187411,0.10127534903,0.0,0.035644906531,0.0265625295788,0.0681862872693,0.0225005619972,0.00447272834832,0.0449554839091,0.0,0.0581454685282,0.0132812647894,0.119303182679,0.0247825662565,0.00059332110743,1.9531250000000002e-24,1.9531250000000002e-24,1.9531250000000002e-24,1.9531250000000002e-24,0.03309533844130975,0.03583789812695856,0.04092672216293734,0.06997278464665728,0.1773394404342569,0.011441735892437209,2.2498412535233056e-17,2.810923852272478e-16,0.2094953469195703,1.9531250000000002e-24,0.12207248916003584,1.9531250000000002e-24
2024930_WZY_DM_assembly_Plate1C9,2024930_WZY_DM_assembly_Plate1,,C9,Plate1_C9,Xylan,cycle 5,0.8225,True,True,explicit_user_selected_validation_only,not_assessable,0.0,0.00176205049732,0.0350522188217,0.0,0.0326608645754,0.0341711935731,0.00415340474369,0.0347375669472,0.00119567712318,0.106604055088,0.0,0.0701673680184,0.0279410864575,0.00364996174445,0.139453710788,0.0,1.9531250000000002e-24,1.9531250000000002e-24,1.9531250000000002e-24,1.9531250000000002e-24,0.004450687035908186,0.03494582521349034,0.07190040641152395,2.502791610081859e-06,0.010686825280224162,0.009410326479663125,5.818492587426443e-15,3.182509010541539e-17,0.2621652435206337,1.9531250000000002e-24,0.09860936141394569,1.9531250000000002e-24
2024930_WZY_DM_assembly_Plate1D10,2024930_WZY_DM_assembly_Plate1,,D10,Plate1_D10,Sucrose,cycle 5,1.0385,True,True,explicit_user_selected_validation_only,not_assessable,0.0274219281607,0.0,0.0,0.00418989552284,0.00878627344714,0.00128198295848,0.00121944720441,0.0169159214765,0.0052842712191,0.0124133471833,0.0,6.25357540722e-05,0.0011256435733,0.868715427694,0.0,0.0,1.9531250000000002e-24,1.9531250000000002e-24,1.9531250000000002e-24,1.9531250000000002e-24,7.243318003915742e-09,0.1011950569382254,1.9891059893283543e-24,2.0210573615610636e-24,2.0273321672909483e-24,0.007711251009007156,1.9574224333217873e-24,1.9817355709418545e-24,6.369466249534511e-05,1.9531250000000002e-24,0.30046868573750624,1.9531250000000002e-24
2024930_WZY_DM_assembly_Plate1D11,2024930_WZY_DM_assembly_Plate1,,D11,Plate1_D11,Sucrose,cycle 5,1.0475,True,True,explicit_user_selected_validation_only,not_assessable,0.0744535617269,0.0,0.0,0.00159912893159,0.00355100689222,0.011617201356,0.000446815436769,0.0180607502862,0.000211649417417,0.00604376669735,0.0,0.00418595514447,0.000752531261927,0.807771759872,0.0,0.0,1.9531250000000002e-24,1.9531250000000002e-24,1.9531250000000002e-24,1.9531250000000002e-24,3.6612125487725536e-08,0.09759472444068223,1.9888023259638205e-24,2.0241187991538427e-24,2.0306817285676555e-24,0.020098650683378468,1.9570438901430206e-24,1.9779382076198477e-24,0.0004650510091289686,1.9531250000000002e-24,0.2926264652723439,1.9531250000000002e-24
2024930_WZY_DM_assembly_Plate1D12,2024930_WZY_DM_assembly_Plate1,,D12,Plate1_D12,Sucrose,cycle 5,1.0265,True,True,explicit_user_selected_validation_only,not_assessable,0.303238043423,0.000207804038666,0.0,0.001090971203,0.00379242370565,0.00706533731464,0.00264950149299,0.0217155220406,0.0269625740169,0.0277418391619,0.0,0.0223908851663,0.00316901158966,0.267651601802,0.0,0.0,1.9531250000000002e-24,1.9531250000000002e-24,1.9531250000000002e-24,1.9531250000000002e-24,0.0201071244484195,0.05561661134136402,4.3977655393361193e-17,2.049000155041116e-15,5.961344939188476e-15,0.015122799578338564,2.5150439247967754e-24,2.5802987972756388e-24,0.3430300043425776,1.9531250000000002e-24,0.17376645572688285,1.9531250000000002e-24
2024930_WZY_DM_assembly_Plate1D1,2024930_WZY_DM_assembly_Plate1,,D1,Plate1_D1,Maltose,cycle 5,0.9025,True,True,explicit_user_selected_validation_only,not_assessable,0.00114547900696,0.000213822747965,0.0,0.000229095801391,0.0294006278452,0.0103551302229,0.00447500465384,0.144223443502,0.00189385862483,0.00123711732751,0.0,0.0328217918126,0.00103856763297,0.348928178572,0.0,0.0,1.9531250000000002e-24,1.9531250000000002e-24,1.9531250000000002e-24,1.9531250000000002e-24,7.623942026430252e-06,0.05049793522906159,4.103033396491347e-15,9.913316825716997e-12,4.8935468763706626e-11,0.012806943967942757,4.85273556204774e-24,7.164560895370383e-24,0.09051939400130868,1.9531250000000002e-24,0.1630387344065265,1.9531250000000002e-24
2024930_WZY_DM_assembly_Plate1D2,2024930_WZY_DM_assembly_Plate1,,D2,Plate1_D2,Maltose,cycle 5,0.9905,True,True,explicit_user_selected_validation_only,not_assessable,0.000874540141689,0.000333158149215,0.0,0.0,0.0231961361391,0.00129098782821,0.00314418003321,0.11167044714,0.00133263259686,0.00862046711093,0.0,0.00164496836175,0.000749605835733,0.527618396435,0.0,0.0,1.9531250000000002e-24,1.9531250000000002e-24,1.9531250000000002e-24,1.9531250000000002e-24,1.5633013540798855e-06,0.06529251151247724,1.8620669586678956e-23,4.283524776400425e-22,7.545541934336687e-22,0.012067739227923348,2.028019361797633e-24,2.1653641278767988e-24,0.03741337073357716,1.9531250000000002e-24,0.2022615657588238,1.9531250000000002e-24
2024930_WZY_DM_assembly_Plate1D3,2024930_WZY_DM_assembly_Plate1,,D3,Plate1_D3,Maltose,cycle 5,0.9495,True,True,explicit_user_selected_validation_only,not_assessable,0.016458371547,0.000801148244616,0.0,0.00128880369786,0.00271693752522,0.00687942514399,0.0038489948274,0.0965557797425,0.000243827726622,0.00283885138853,0.0013758850288,0.00102755970505,0.00071406691368,0.547323581203,0.0,0.0,1.9531250000000002e-24,1.9531250000000002e-24,1.9531250000000002e-24,1.9531250000000002e-24,1.897346177230489e-06,0.06746182270739513,8.379624816684436e-24,7.372544465207228e-23,1.0422317091971473e-22,0.012354695860971501,2.0032224357487163e-24,2.131969663080395e-24,0.04775468266388418,1.9531250000000002e-24,0.2070873757511011,1.9531250000000002e-24
2024930_WZY_DM_assembly_Plate1D4,2024930_WZY_DM_assembly_Plate1,,D4,Plate1_D4,Maltose,cycle 5,0.9865,True,True,explicit_user_selected_validation_only,not_assessable,0.0060653259895,0.000324928178009,0.0,0.000270773481674,0.0245140258742,0.00843008106278,0.00279799264396,0.0789394956907,0.000812320445022,0.0149105930575,0.0,0.00344784899998,0.000866475141357,0.475044996249,0.004260169445,0.0,1.9531250000000002e-24,1.9531250000000002e-24,1.9531250000000002e-24,1.9531250000000002e-24,7.079766451618801e-08,0.06099993052718745,1.5482163122156419e-21,3.522186471298116e-19,1.0016008418673538e-18,0.010396093570620426,2.147789507001572e-24,2.3397476448764896e-24,0.026629712246844718,1.9531250000000002e-24,0.18456778051771588,1.9531250000000002e-24
2024930_WZY_DM_assembly_Plate1D5,2024930_WZY_DM_assembly_Plate1,,D5,Plate1_D5,Maltose,cycle 5,0.9975,True,True,explicit_user_selected_validation_only,not_assessable,0.00353348863177,0.000268852395896,0.0,0.000288056138459,0.0087377028666,0.0021316154246,0.00435924956202,0.113820582177,0.00140187320717,0.016207958724,0.00109461332615,0.00259250524614,0.000979390870762,0.608259341971,0.0,0.0,1.9531250000000002e-24,1.9531250000000002e-24,1.9531250000000002e-24,1.9531250000000002e-24,3.9889331018934015e-05,0.07518244519934149,2.7699702703050585e-24,4.5988153734968984e-24,4.969220278953102e-24,0.014529680537066814,1.9696476913616813e-24,2.0559895086777706e-24,0.0812668179866654,1.9531250000000002e-24,0.22802397080036,1.9531250000000002e-24
2024930_WZY_DM_assembly_Plate1D6,2024930_WZY_DM_assembly_Plate1,,D6,Plate1_D6,Maltose,cycle 5,0.9395,True,True,explicit_user_selected_validation_only,not_assessable,0.0119689869536,0.000759519959857,0.0,0.000340474464764,0.00350950602141,7.85710303301e-05,0.00518568800178,0.149782574153,0.000183332404103,0.00178094335415,0.0,0.000445235838537,0.00120475579839,0.575480416481,0.0,0.0,1.9531250000000002e-24,1.9531250000000002e-24,1.9531250000000002e-24,1.9531250000000002e-24,0.00014248548434367658,0.0703693410970635,4.391438713981591e-24,1.36236129607355e-23,1.623239962312875e-23,0.013524241799372911,1.9820039574467204e-24,2.0845528446883866e-24,0.08653504446608228,1.9531250000000002e-24,0.2228205157490256,1.9531250000000002e-24
2024930_WZY_DM_assembly_Plate1D7,2024930_WZY_DM_assembly_Plate1,,D7,Plate1_D7,Sucrose,cycle 5,1.0385,True,True,explicit_user_selected_validation_only,not_assessable,0.15348085176,8.48898516369e-05,0.0,0.000679118813095,0.00471138676585,0.00802209097969,0.00352292884293,0.220204275146,0.0303056770344,0.0521223689051,0.0208829035027,0.0,0.000169779703274,0.145034311522,0.0,4.24449258184e-05,1.9531250000000002e-24,1.9531250000000002e-24,1.9531250000000002e-24,1.9531250000000002e-24,0.0013687311428772617,0.04916144059092601,0.001383396681702621,9.967592171469012e-07,5.1999403284216044e-06,0.0004834321463216872,5.873223890138914e-23,1.767263105404264e-23,0.228093003690557,1.9531250000000002e-24,0.13533585971390252,1.9531250000000002e-24
2024930_WZY_DM_assembly_Plate1D8,2024930_WZY_DM_assembly_Plate1,,D8,Plate1_D8,Sucrose,cycle 5,1.0065,True,True,explicit_user_selected_validation_only,not_assessable,0.0576519984432,8.5158047922e-05,0.0,0.00124330749966,0.00223114085556,0.00299756328686,0.000936738527142,0.102138562678,0.0152943854068,0.0197226038987,0.000306568972519,0.00573965242994,0.000613137945039,0.575651372343,0.0,0.0,1.9531250000000002e-24,1.9531250000000002e-24,1.9531250000000002e-24,1.9531250000000002e-24,0.0003427838075586197,0.07563665902146736,2.67000043379442e-24,4.217691890805361e-24,4.521939113729953e-24,0.015307745345705618,1.9675901027861214e-24,2.0421164955691724e-24,0.165410780167346,1.9531250000000002e-24,0.22837969427237598,1.9531250000000002e-24
2024930_WZY_DM_assembly_Plate1D9,2024930_WZY_DM_assembly_Plate1,,D9,Plate1_D9,Sucrose,cycle 5,0.9825,True,True,explicit_user_selected_validation_only,not_assessable,0.00615886406023,0.000237531947227,0.0,0.000407197623817,0.00225655349865,0.000271465082545,0.0,0.0111131018167,0.000186632244249,0.0131830230711,0.00035629792084,0.0,0.00088226151827,0.736603534917,0.0,5.08997029771e-05,1.9531250000000002e-24,1.9531250000000002e-24,1.9531250000000002e-24,1.9531250000000002e-24,4.79700837375945e-07,0.08423182419146247,2.1146883417888856e-24,2.358713690950895e-24,2.3993972816052386e-24,0.016350279173636552,1.9621495844434684e-24,2.016371265773385e-24,0.03287410851656767,1.9531250000000002e-24,0.24764494497644787,1.9531250000000002e-24
2024930_WZY_DM_assembly_Plate1E10,2024930_WZY_DM_assembly_Plate1,,E10,Plate1_E10,Rhamonse,cycle 5,0.7445,True,True,explicit_user_selected_validation_only,not_assessable,0.313447893813,0.000163339183853,0.0,0.0,0.0934626810004,0.000261342694164,0.0,0.0,0.000228674857394,0.00290743747258,0.0,0.0109763931549,0.000359346204476,0.0110743966652,0.0,0.0201233874506,1.9531250000000002e-24,1.9531250000000002e-24,1.9531250000000002e-24,1.9531250000000002e-24,0.004239846969570061,0.023910470124155103,0.00907673787345269,0.0001494608860868283,0.015869441277188444,0.003090889880524095,8.450627402539904e-07,0.07585026713533895,0.35649599170342267,1.9531250000000002e-24,0.09150571936365683,1.9531250000000002e-24
2024930_WZY_DM_assembly_Plate1E11,2024930_WZY_DM_assembly_Plate1,,E11,Plate1_E11,Rhamonse,cycle 5,0.7305,True,True,explicit_user_selected_validation_only,not_assessable,0.0837247929071,0.0,0.0,0.0,0.0228340344292,0.000173343256536,0.0,0.0,0.000803682371214,0.00107157649495,0.0,0.0238425770127,0.000283652601605,0.472376132539,0.0,0.0058148783329,1.9531250000000002e-24,1.9531250000000002e-24,1.9531250000000002e-24,1.9531250000000002e-24,1.0388662387742297e-06,0.06016951916364561,1.5122866231552648e-21,6.727914824763154e-19,1.7568482336787515e-18,0.01524219646726176,2.1587500017563446e-24,2.233085776181391e-24,0.17176497214203443,1.9531250000000002e-24,0.18529595904941928,1.9531250000000002e-24
2024930_WZY_DM_assembly_Plate1E12,2024930_WZY_DM_assembly_Plate1,,E12,Plate1_E12,Rhamonse,cycle 5,0.6965,True,True,explicit_user_selected_validation_only,not_assessable,0.0992008037934,0.0,0.000187956591299,0.0,0.0156675244319,0.000107403766457,0.0,8.05528248424e-05,0.000483316949055,0.0130495576245,0.0,0.0372556814896,0.000241658474527,0.368891661366,0.110907814337,0.00514195531911,1.9531250000000002e-24,1.9531250000000002e-24,1.9531250000000002e-24,1.9531250000000002e-24,2.5169406225442616e-07,0.05547465343240667,1.238693153041495e-19,9.589955220015292e-17,2.891968433079236e-16,0.015217428397336336,2.5292829908958576e-24,2.6570832736085285e-24,0.2590835533144059,1.9531250000000002e-24,0.18439604910891333,1.9531250000000002e-24
2024930_WZY_DM_assembly_Plate1E1,2024930_WZY_DM_assembly_Plate1,,E1,Plate1_E1,Lactose,cycle 5,0.8715,True,True,explicit_user_selected_validation_only,not_assessable,0.00394984974629,0.000300532045914,0.0,0.00676197103306,0.00513051135524,0.00115919503424,0.00828609783733,0.327086198828,0.000515197792995,0.0698522341002,0.0,0.00723423567663,0.00377811714863,0.036407310705,0.0,0.000321998620622,1.9531250000000002e-24,1.9531250000000002e-24,1.9531250000000002e-24,1.9531250000000002e-24,4.4598897755807156e-07,0.025251415106195055,0.04756042028898506,3.0219079857122136e-14,0.04081205411851173,1.0390657378748381e-12,4.512884518624088e-20,6.271584167761042e-07,1.4409122668285532e-05,1.9531250000000002e-24,0.0832572583488433,1.9531250000000002e-24
2024930_WZY_DM_assembly_Plate1E2,2024930_WZY_DM_assembly_Plate1,,E2,Plate1_E2,Lactose,cycle 5,0.8545,True,True,explicit_user_selected_validation_only,not_assessable,0.0204905518735,0.000476524462175,0.0,0.00575494927396,0.0168799626794,0.000623147373614,0.0069462604294,0.13478311134,0.00240095017481,0.0229281577762,0.0217185187568,0.00386717928919,0.015413733565,0.0753641764794,0.0,0.0,1.9531250000000002e-24,1.9531250000000002e-24,1.9531250000000002e-24,1.9531250000000002e-24,3.3019758481937416e-10,0.025949008847079208,0.02357095265866029,1.693784175662896e-08,0.014938241111373974,3.8313404298034107e-13,2.2338884283822403e-15,2.9249507444576617e-05,2.4673783701365065e-06,1.9531250000000002e-24,0.06882598976783552,1.9531250000000002e-24
2024930_WZY_DM_assembly_Plate1E3,2024930_WZY_DM_assembly_Plate1,,E3,Plate1_E3,Lactose,cycle 5,0.9325,True,True,explicit_user_selected_validation_only,not_assessable,0.00795309168443,0.00206942691789,0.0,0.00706039771986,0.012903485488,0.00714155171664,0.00048692398068,0.177159174971,0.00105500195814,0.039643727427,0.00665462773596,0.0,0.00961674861842,0.0131875244767,0.0,0.0,1.9531250000000002e-24,1.9531250000000002e-24,1.9531250000000002e-24,1.9531250000000002e-24,9.278566594578974e-12,0.016566165366129634,0.029463085934485718,7.497209877542383e-16,9.232559246106656e-09,3.3251471018640343e-18,1.4105196617775778e-17,9.009690402675624e-12,8.020576214217257e-10,1.9531250000000002e-24,0.050474543022898076,1.9531250000000002e-24
2024930_WZY_DM_assembly_Plate1E4,2024930_WZY_DM_assembly_Plate1,,E4,Plate1_E4,Lactose,cycle 5,0.8065,True,True,explicit_user_selected_validation_only,not_assessable,0.00205367247623,4.56371661385e-05,0.0,0.00857978723404,0.028979600498,4.56371661385e-05,0.000410734495247,0.0909548721141,0.00173421231326,0.00209930964237,0.00251004413762,0.0,0.0122763976913,0.0296185208239,0.0,0.0,1.9531250000000002e-24,1.9531250000000002e-24,1.9531250000000002e-24,1.9531250000000002e-24,1.005423304677014e-14,2.204942915527927e-05,6.271265587606068e-08,6.1167001519073364e-15,2.040917715031816e-11,5.112643045892723e-19,2.691073159889292e-18,1.7508403935296296e-13,1.7351445990413583e-12,1.9531250000000002e-24,0.03771059841249241,1.9531250000000002e-24
2024930_WZY_DM_assembly_Plate1E5,2024930_WZY_DM_assembly_Plate1,,E5,Plate1_E5,Lactose,cycle 5,0.9085,True,True,explicit_user_selected_validation_only,not_assessable,0.0,0.00155363250383,0.0,0.00870569937493,0.056975454063,0.00685741243071,0.00131255159807,0.342790261234,0.00602702264418,0.0690562861186,0.00174113987499,0.0,0.0226883919094,0.0113040158038,0.00112504422691,0.0,1.9531250000000002e-24,1.9531250000000002e-24,1.9531250000000002e-24,1.9531250000000002e-24,0.017166143790059367,0.028087525111072233,0.055672690704105826,9.177527435668138e-12,0.128453860487304,7.048058586487209e-13,9.976525809462872e-12,1.8996144443781737e-09,0.08317805486119507,1.9531250000000002e-24,0.09343569691181076,1.9531250000000002e-24
2024930_WZY_DM_assembly_Plate1E6,2024930_WZY_DM_assembly_Plate1,,E6,Plate1_E6,Lactose,cycle 5,0.9105,True,True,explicit_user_selected_validation_only,not_assessable,0.0125984433554,0.0,0.0,0.00847395297121,0.0252718774451,0.0130108923939,0.00431196721987,0.0200600214142,0.00183727298933,0.005511818968,0.00472441625829,0.0,0.0182977391591,0.0924635753408,0.0,0.0,1.9531250000000002e-24,1.9531250000000002e-24,1.9531250000000002e-24,1.9531250000000002e-24,2.440500884135557e-13,0.018418222626502806,0.009000990984334298,8.561159126632348e-07,0.0001458333361469259,6.210758790140341e-16,3.2160464916170986e-12,2.74925083558574e-05,1.3986218334273248e-09,1.9531250000000002e-24,0.05528553372691778,1.9531250000000002e-24
2024930_WZY_DM_assembly_Plate1E7,2024930_WZY_DM_assembly_Plate1,,E7,Plate1_E7,Rhamonse,cycle 5,0.7245,True,True,explicit_user_selected_validation_only,not_assessable,0.0814764270033,0.000212074643249,0.0,0.0,0.00153754116356,9.27826564215e-05,0.000159055982437,0.0,0.000729006586169,0.00884086169045,0.0,0.0,0.0012857025247,0.435044621295,0.0,0.00505002744237,1.9531250000000002e-24,1.9531250000000002e-24,1.9531250000000002e-24,1.9531250000000002e-24,5.833953655131928e-10,0.05382575278799538,4.038524841106098e-16,9.442923566696025e-13,3.4418010120784977e-12,0.008194134265683117,3.2746367478634525e-24,3.9194980514056325e-24,0.0331098463729202,1.9531250000000002e-24,0.16198226896009849,1.9531250000000002e-24
2024930_WZY_DM_assembly_Plate1E8,2024930_WZY_DM_assembly_Plate1,,E8,Plate1_E8,Rhamonse,cycle 5,0.7565,True,True,explicit_user_selected_validation_only,not_assessable,0.32085908432,0.00082248127567,0.0,0.0,0.00886452041556,0.000365547233631,0.0,0.0,0.00246744382701,0.0287868446485,0.0,0.0,0.00173634935975,0.203518422324,0.0131597004107,0.0434087339937,1.9531250000000002e-24,1.9531250000000002e-24,1.9531250000000002e-24,1.9531250000000002e-24,0.018241680661340687,0.045160476220888625,4.971657091683153e-08,7.350437200312284e-06,2.4976561303828954e-05,0.008445575409366154,1.5819448979255256e-22,2.2165082914359013e-22,0.35501888417189525,1.9531250000000002e-24,0.1426164728809235,1.9531250000000002e-24
2024930_WZY_DM_assembly_Plate1E9,2024930_WZY_DM_assembly_Plate1,,E9,Plate1_E9,Rhamonse,cycle 5,0.8905,True,True,explicit_user_selected_validation_only,not_assessable,0.213112967868,0.0,0.0,0.0,0.0402515682721,0.0,0.0,0.0,0.00164482121698,0.0214447445459,0.000155171812923,0.0438205199693,0.000651721614275,0.00757238447062,0.356460688646,0.00980685857671,1.9531250000000002e-24,1.9531250000000002e-24,1.9531250000000002e-24,1.9531250000000002e-24,4.498134704864733e-07,0.03316365705366852,7.026861464140824e-07,6.106649372616761e-06,0.0002681204699026016,0.009727112335325767,1.8152505230250838e-20,7.674141179486091e-15,0.44798755056248685,1.9531250000000002e-24,0.15732842329293914,1.9531250000000002e-24
2024930_WZY_DM_assembly_Plate1F10,2024930_WZY_DM_assembly_Plate1,,F10,Plate1_F10,Ribose,cycle 5,0.9365,True,True,explicit_user_selected_validation_only,not_assessable,0.0303500406551,0.00179489487745,0.0,0.0,0.0390525612731,0.000870252061796,0.0374752294111,0.0,0.0361698513184,0.0507465733535,0.0,0.0,0.00239319316994,0.323570594726,0.0,0.0100078987107,1.9531250000000002e-24,1.9531250000000002e-24,1.9531250000000002e-24,1.9531250000000002e-24,7.624324158351306e-11,0.050645166226772516,4.276976318707515e-05,8.803620145097218e-08,3.408963982991685e-07,0.0026929179492070684,1.8658910142882652e-23,1.0308396675078567e-23,0.05840500378086134,1.9531250000000002e-24,0.1400525212093709,1.9531250000000002e-24
2024930_WZY_DM_assembly_Plate1F11,2024930_WZY_DM_assembly_Plate1,,F11,Plate1_F11,Ribose,cycle 5,0.9335,True,True,explicit_user_selected_validation_only,not_assessable,0.00247124591641,0.000788695505238,0.0,0.000262898501746,0.0796582460291,0.00162997071083,0.00431153542864,0.0,0.0602563366002,0.0764508843078,0.0,0.00883338965867,0.00162997071083,0.366901149037,0.0,0.00657246254365,1.9531250000000002e-24,1.9531250000000002e-24,1.9531250000000002e-24,1.9531250000000002e-24,1.3425958000966945e-09,0.061674995351068365,2.7267180271940803e-16,5.369472177777146e-16,1.5599624550752443e-15,0.00969755400969043,2.2133090662616434e-24,2.3807851953272326e-24,0.052088731032767274,1.9531250000000002e-24,0.15717716684633198,1.9531250000000002e-24
2024930_WZY_DM_assembly_Plate1F12,2024930_WZY_DM_assembly_Plate1,,F12,Plate1_F12,Ribose,cycle 5,0.8465,True,True,explicit_user_selected_validation_only,not_assessable,0.000410779165837,5.26639956201e-05,0.0,0.0,0.054517768266,0.000347582371093,0.000136926388612,5.26639956201e-05,0.00750988577543,0.00054770555445,0.0,0.0045607020207,0.00054770555445,0.683283744774,0.0,0.00070569754131,1.9531250000000002e-24,1.9531250000000002e-24,1.9531250000000002e-24,1.9531250000000002e-24,3.021642536157469e-06,0.07995808458247997,2.258892155585906e-24,2.7970306013836912e-24,2.8895157601617264e-24,0.016617031673216,1.9628688811789932e-24,2.0188711820458417e-24,0.12779376245213428,1.9531250000000002e-24,0.24004410317237443,1.9531250000000002e-24
2024930_WZY_DM_assembly_Plate1F1,2024930_WZY_DM_assembly_Plate1,,F1,Plate1_F1,Glucuronic_acid,cycle 5,0.8065,True,False,explicit_user_selected_validation_only,not_assessable,0.00887126175126,4.20438945558e-05,0.00697928649626,0.0,0.199512294299,0.0,0.00049051210315,0.0,0.000350365787965,0.0340975984847,0.0,0.00318132135472,0.00175182893982,0.000546570629225,0.0,2.80292630372e-05,1.9531250000000002e-24,1.9531250000000002e-24,1.9531250000000002e-24,1.9531250000000002e-24,1.0673301583571577e-12,0.012191125871617317,0.025144242108134655,3.84166359916147e-05,0.00020313155721845373,5.058823521947088e-13,7.78331782698935e-05,0.0019248314507290323,0.11419685664506962,1.9531250000000002e-24,0.04673479261028822,1.9531250000000002e-24
2024930_WZY_DM_assembly_Plate1F2,2024930_WZY_DM_assembly_Plate1,,F2,Plate1_F2,Glucuronic_acid,cycle 5,0.8425,True,False,explicit_user_selected_validation_only,not_assessable,0.0624411411411,0.000151801801802,0.00698288288288,0.0,0.048778978979,0.0,0.000910810810811,0.000303603603604,0.013813963964,0.112282732733,0.0,0.0645157657658,0.00318783783784,0.0120429429429,0.0,0.000303603603604,1.9531250000000002e-24,1.9531250000000002e-24,1.9531250000000002e-24,1.9531250000000002e-24,6.399883654879711e-12,0.026547533192825625,0.08511040274792117,4.873888241462508e-05,0.00872529851375498,0.008711403220478807,3.412504205088294e-12,5.3837882145318084e-14,0.04008506894784785,1.9531250000000002e-24,0.05323184404122957,1.9531250000000002e-24
2024930_WZY_DM_assembly_Plate1F3,2024930_WZY_DM_assembly_Plate1,,F3,Plate1_F3,Glucuronic_acid,cycle 5,0.8805,True,False,explicit_user_selected_validation_only,not_assessable,0.192396347573,6.01489206667e-05,0.000140347481556,0.0,0.157409725385,0.0,0.000360893524,0.000100248201111,0.000701737407778,0.0429262797158,0.0,0.00278689999089,0.00256635394845,0.00136337553511,0.0,0.000240595682667,1.9531250000000002e-24,1.9531250000000002e-24,1.9531250000000002e-24,1.9531250000000002e-24,1.362151130894179e-06,0.023114212619302358,0.03376129276317249,0.00010211828049482745,0.01091607600357034,1.0640734652391736e-06,6.250961827605532e-05,0.06313727522756656,0.28755165972616537,1.9531250000000002e-24,0.07548375279291009,1.9531250000000002e-24
2024930_WZY_DM_assembly_Plate1F4,2024930_WZY_DM_assembly_Plate1,,F4,Plate1_F4,Glucuronic_acid,cycle 5,0.8055,True,False,explicit_user_selected_validation_only,not_assessable,0.138540561877,0.000950209615071,0.00214893559101,0.0,0.250255975391,0.0,0.000190041923014,4.38558283879e-05,0.00364003375619,0.0168260194915,0.0,0.0,0.000219279141939,0.00143262372734,0.0,0.000263134970327,1.9531250000000002e-24,1.9531250000000002e-24,1.9531250000000002e-24,1.9531250000000002e-24,2.0940186701824424e-05,0.022187074179435204,0.022331091674562598,0.00011814460519629412,0.00881930005633952,4.080624010154887e-06,7.053825873862976e-05,0.06888134813429038,0.31634295932447365,1.9531250000000002e-24,0.08273541690068643,1.9531250000000002e-24
2024930_WZY_DM_assembly_Plate1F5,2024930_WZY_DM_assembly_Plate1,,F5,Plate1_F5,Glucuronic_acid,cycle 5,0.8725,True,False,explicit_user_selected_validation_only,not_assessable,0.0465590956174,0.00190100725078,0.000841429438868,0.0,0.425825624174,0.0,0.0,0.0,0.00548487337929,0.0036461942351,0.0,0.0,0.00043629674608,0.000685609172411,0.0,0.0,1.9531250000000002e-24,1.9531250000000002e-24,1.9531250000000002e-24,1.9531250000000002e-24,0.008448828818415252,0.025197042217763213,0.018340722527984583,0.00014413952163610207,0.019435016589810044,0.0016234988954348308,8.276485443122113e-09,0.00020452158767213222,0.38213297416196806,1.9531250000000002e-24,0.10021729839597285,1.9531250000000002e-24
2024930_WZY_DM_assembly_Plate1F6,2024930_WZY_DM_assembly_Plate1,,F6,Plate1_F6,Glucuronic_acid,cycle 5,0.9325,True,False,explicit_user_selected_validation_only,not_assessable,0.0227248990391,0.000181799192313,0.0151672469015,0.0,0.242779835677,0.0,0.000623311516502,0.0,0.00085705333519,0.0187253168082,0.0,0.0,0.00384375435176,0.00763556607715,0.0,0.0,1.9531250000000002e-24,1.9531250000000002e-24,1.9531250000000002e-24,1.9531250000000002e-24,8.968655430852108e-09,0.01576820476450618,0.018199989492350375,0.00017561316918725134,0.0019449772155645023,5.0581215691703006e-11,0.029160003380492593,0.03834815491991415,0.21806002830191865,1.9531250000000002e-24,0.06159276799382316,1.9531250000000002e-24
2024930_WZY_DM_assembly_Plate1F7,2024930_WZY_DM_assembly_Plate1,,F7,Plate1_F7,Ribose,cycle 5,0.9915,True,True,explicit_user_selected_validation_only,not_assessable,0.0634697541679,0.000268636092697,0.0,0.000286545165544,0.0252697017864,0.0,0.0012715441721,0.0,0.0137004407276,0.0121960786085,0.0,0.0,5.37272185395e-05,0.839631062262,0.0,0.00145063490057,1.9531250000000002e-24,1.9531250000000002e-24,1.9531250000000002e-24,1.9531250000000002e-24,9.637296478007131e-09,0.10062320860550428,1.987777981049409e-24,2.0190687732330274e-24,2.0251566395601733e-24,0.010307284161115256,1.957181665185369e-24,1.9795070059908915e-24,9.85424682641442e-05,1.9531250000000002e-24,0.2991793640766144,1.9531250000000002e-24
2024930_WZY_DM_assembly_Plate1F8,2024930_WZY_DM_assembly_Plate1,,F8,Plate1_F8,Ribose,cycle 5,1.0275,True,True,explicit_user_selected_validation_only,not_assessable,0.0763639805706,0.000504700440709,0.0,0.000322447503786,0.0369693072819,0.000210291850295,0.00337868906141,2.80389133727e-05,0.0349364860624,0.00183654882591,5.60778267454e-05,0.0,0.000729011747691,0.756055279639,0.0,0.00173841262911,1.9531250000000002e-24,1.9531250000000002e-24,1.9531250000000002e-24,1.9531250000000002e-24,2.0296973784135615e-07,0.09398426503422455,2.0000218525656446e-24,2.051847980965868e-24,2.0610416487276367e-24,0.019248561644634243,1.9578576708495683e-24,1.9838023051036934e-24,0.004558779991167805,1.9531250000000002e-24,0.2815353857956701,1.9531250000000002e-24
2024930_WZY_DM_assembly_Plate1F9,2024930_WZY_DM_assembly_Plate1,,F9,Plate1_F9,Ribose,cycle 5,1.0255,True,True,explicit_user_selected_validation_only,not_assessable,0.0660504424679,0.000149904984651,0.0,6.91869159929e-05,0.0187496542341,0.0,0.000253685358641,0.0,0.00107239719789,0.00185651557914,0.0,0.0287010389844,0.000599619938605,0.757377638222,0.0,0.000172967289982,1.9531250000000002e-24,1.9531250000000002e-24,1.9531250000000002e-24,1.9531250000000002e-24,5.685824766549746e-07,0.0909521611680302,2.003075264266748e-24,2.0684716960193093e-24,2.079259933500089e-24,0.022038004682529342,1.9569558257339828e-24,1.975853610950693e-24,0.016204801183461157,1.9531250000000002e-24,0.2761590329912803,1.9531250000000002e-24
2024930_WZY_DM_assembly_Plate1G10,2024930_WZY_DM_assembly_Plate1,,G10,Plate1_G10,Acetate,cycle 5,0.2295,True,True,explicit_user_selected_validation_only,not_assessable,0.172118147617,0.000287800071659,0.0,0.000740057327123,0.00944258330348,0.00235721963454,0.0,0.0,0.000109638122537,0.00194607667503,0.0,0.0,0.0,0.0,0.0,1.37047653171e-05,1.9531250000000002e-24,1.9531250000000002e-24,1.9531250000000002e-24,1.9531250000000002e-24,2.7825491227406136e-15,1.1334309540671066e-05,1.3270069275777566e-11,4.418635108150566e-06,2.80854699194321e-06,9.620418713166905e-16,1.2483079639292134e-07,5.744189197725943e-07,0.009917625856951945,1.9531250000000002e-24,0.03879658343612689,1.9531250000000002e-24
2024930_WZY_DM_assembly_Plate1G11,2024930_WZY_DM_assembly_Plate1,,G11,Plate1_G11,Acetate,cycle 5,0.3265,True,True,explicit_user_selected_validation_only,not_assessable,0.23445060241,0.00021456736035,0.0,0.000250328587076,0.00103707557503,0.000500657174151,0.0,0.0,0.00210991237678,0.0128025191676,0.0,0.0213494523549,0.0,0.0,0.0,0.0,1.9531250000000002e-24,1.9531250000000002e-24,1.9531250000000002e-24,1.9531250000000002e-24,2.5476229332286724e-11,0.013138037533017866,0.014811747795092922,5.050981066379652e-05,0.0002476695878489714,7.309786148423879e-07,0.0009266160400891576,0.01934329968778459,0.18208384568086716,1.9531250000000002e-24,0.05523935066531894,1.9531250000000002e-24
2024930_WZY_DM_assembly_Plate1G12,2024930_WZY_DM_assembly_Plate1,,G12,Plate1_G12,Acetate,cycle 5,0.0915,True,True,explicit_user_selected_validation_only,not_assessable,0.0617047833342,3.70126915103e-05,0.0,4.16392779491e-05,0.00341442079183,8.32785558983e-05,0.0,0.0,0.000532057440461,0.00192928654498,0.0,0.0150734186176,0.0,0.0,0.0,0.0,1.9531250000000002e-24,1.9531250000000002e-24,1.9531250000000002e-24,1.9531250000000002e-24,4.048019744985756e-20,4.189696474007587e-15,2.2284744824793527e-16,4.3286898523141334e-16,3.2766250099673584e-16,1.2879448381260346e-16,2.052532526566222e-18,9.277154388473258e-17,3.8321814122004946e-14,1.9531250000000002e-24,7.473075759095661e-07,1.9531250000000002e-24
2024930_WZY_DM_assembly_Plate1G1,2024930_WZY_DM_assembly_Plate1,,G1,Plate1_G1,Arabinose,cycle 5,0.7565,True,True,explicit_user_selected_validation_only,not_assessable,0.204491007281,7.2954337239e-05,0.0,0.0,0.0590200588264,0.02166743816,0.000401248854815,0.105181915714,0.00147732532909,0.0772951203047,0.0,0.0607527243358,0.0,0.0150468320555,0.0,0.0,1.9531250000000002e-24,1.9531250000000002e-24,1.9531250000000002e-24,1.9531250000000002e-24,0.012542495722478142,0.036726736239761436,0.057083224594739176,3.189400247264562e-05,0.10939140276750237,0.014061062960008674,6.966572683607714e-16,2.9273833340019817e-16,0.29425649218290006,1.9531250000000002e-24,0.10692903195476032,1.9531250000000002e-24
2024930_WZY_DM_assembly_Plate1G2,2024930_WZY_DM_assembly_Plate1,,G2,Plate1_G2,Arabinose,cycle 5,0.7425,True,True,explicit_user_selected_validation_only,not_assessable,0.0143444621589,0.00118376629466,0.0,0.0,0.00494396511301,0.00218184375879,0.006847275626,0.320568554816,0.00229789927788,0.00512965394354,0.0,0.00299423239238,0.0,0.0300119572353,0.0,0.000162477726719,1.9531250000000002e-24,1.9531250000000002e-24,1.9531250000000002e-24,1.9531250000000002e-24,1.0663594792432704e-08,0.016244435769186154,0.0076173683379210134,1.5512555793246007e-15,0.00036900181061879397,6.484804665002636e-15,1.977485352787703e-20,3.254953168567187e-09,8.938224805079574e-07,1.9531250000000002e-24,0.07759772476802741,1.9531250000000002e-24
2024930_WZY_DM_assembly_Plate1G3,2024930_WZY_DM_assembly_Plate1,,G3,Plate1_G3,Arabinose,cycle 5,0.6975,True,True,explicit_user_selected_validation_only,not_assessable,0.0024855796817,0.00151662489053,0.0,0.0,0.0276573400175,0.0132283393229,0.00941571286202,0.0058558572162,0.00406539727599,0.104373282397,0.0,0.0,6.31927037719e-05,0.143215730982,0.0,0.0,1.9531250000000002e-24,1.9531250000000002e-24,1.9531250000000002e-24,1.9531250000000002e-24,1.521350979877025e-17,0.032650928569694516,0.07139897923568729,1.8441972610164962e-06,0.034791115325316244,2.1859222163344796e-13,1.4455142658282522e-15,5.246288390023269e-11,1.2719524149976303e-12,1.9531250000000002e-24,0.0659756861838795,1.9531250000000002e-24
2024930_WZY_DM_assembly_Plate1G4,2024930_WZY_DM_assembly_Plate1,,G4,Plate1_G4,Arabinose,cycle 5,0.6885,True,True,explicit_user_selected_validation_only,not_assessable,0.00380028271405,0.000115862277868,0.0,0.0,0.0355928917609,0.0160121668013,0.0077859450727,0.0962120355412,0.00176110662359,0.0350135803716,0.0,0.0,0.000139034733441,0.0559846526656,0.000973243134087,0.0,1.9531250000000002e-24,1.9531250000000002e-24,1.9531250000000002e-24,1.9531250000000002e-24,1.7898974984755565e-15,0.018579725939782712,0.027417422818120207,1.2741464099606901e-11,1.1836641997551712e-06,7.843594649229256e-17,5.810687650283449e-15,6.731061641388057e-08,2.7102707662799995e-10,1.9531250000000002e-24,0.054163971098265255,1.9531250000000002e-24
2024930_WZY_DM_assembly_Plate1G5,2024930_WZY_DM_assembly_Plate1,,G5,Plate1_G5,Arabinose,cycle 5,0.6635,True,True,explicit_user_selected_validation_only,not_assessable,0.000535390977633,0.000853279370603,0.0,0.0,0.0253976095015,0.00941953501273,0.00495236654311,0.196003290718,0.00158944196485,0.0239587462491,0.0,0.0,0.0,0.000451736137378,0.0,0.0,1.9531250000000002e-24,1.9531250000000002e-24,1.9531250000000002e-24,1.9531250000000002e-24,8.886624967855525e-14,0.0073629945864167054,0.0196821098196777,6.48763833071908e-18,1.0441126744582803e-10,5.529218341918708e-19,1.456665749107771e-18,7.366388639509989e-14,8.828278112186584e-11,1.9531250000000002e-24,0.047810288821712295,1.9531250000000002e-24
2024930_WZY_DM_assembly_Plate1G6,2024930_WZY_DM_assembly_Plate1,,G6,Plate1_G6,Arabinose,cycle 5,0.8365,True,True,explicit_user_selected_validation_only,not_assessable,0.00227694605809,2.77676348548e-05,0.0,0.0,0.00310997510373,0.00152721991701,0.00585897095436,0.311802771784,0.00258239004149,0.00758056431535,0.0,0.0348206141079,0.0,0.0768052780083,0.0,0.0,1.9531250000000002e-24,1.9531250000000002e-24,1.9531250000000002e-24,1.9531250000000002e-24,9.440536601986689e-07,0.024057015558727496,0.013258279934680232,3.829259307592183e-11,0.10778095068884873,0.00023434950219175106,2.5027741089402713e-21,0.00042566921489447786,8.018791824697933e-05,1.9531250000000002e-24,0.09659909297179323,1.9531250000000002e-24
2024930_WZY_DM_assembly_Plate1G7,2024930_WZY_DM_assembly_Plate1,,G7,Plate1_G7,Acetate,cycle 5,0.2455,True,True,explicit_user_selected_validation_only,not_assessable,0.0847290417559,3.94271948608e-05,0.0,0.0,0.000591407922912,0.00258905246253,0.0,0.0,0.000183993576017,0.015665738758,0.0,0.120016381156,0.0,5.25695931478e-05,0.0,0.000118281584582,1.9531250000000002e-24,1.9531250000000002e-24,1.9531250000000002e-24,1.9531250000000002e-24,2.1289796058756255e-11,0.014416652502424002,0.011872937447345392,1.6776290232476266e-05,2.6796363750278425e-05,0.016990315134785057,2.1300884180412187e-15,4.640941021990944e-05,0.08804573684616113,1.9531250000000002e-24,0.05188694578520271,1.9531250000000002e-24
2024930_WZY_DM_assembly_Plate1G8,2024930_WZY_DM_assembly_Plate1,,G8,Plate1_G8,Acetate,cycle 5,0.1395,True,True,explicit_user_selected_validation_only,not_assessable,0.00166450508404,1.44739572525e-05,0.0,5.78958290102e-05,0.0101172961195,0.00128818219548,0.0,0.0,0.000130265615273,0.00516720273916,0.0,0.0925899045445,5.78958290102e-05,0.000463166632081,0.0,0.0,1.9531250000000002e-24,1.9531250000000002e-24,1.9531250000000002e-24,1.9531250000000002e-24,5.206780178929114e-17,1.363751988858925e-07,8.781436435589518e-13,2.2114615228267437e-13,1.5568429638453597e-13,0.010082701805074387,1.438772215292418e-22,1.6679943477162816e-14,9.811370239776057e-11,1.9531250000000002e-24,0.021972177148558855,1.9531250000000002e-24
2024930_WZY_DM_assembly_Plate1G9,2024930_WZY_DM_assembly_Plate1,,G9,Plate1_G9,Acetate,cycle 5,0.2075,True,True,explicit_user_selected_validation_only,not_assessable,0.138689702808,9.29659498208e-05,0.0,0.000139448924731,0.000821199223417,0.0013480062724,7.74716248507e-05,3.09886499403e-05,0.00142547789725,0.00114658004779,0.0,0.0152154271207,0.0,0.0,0.0,0.000247909199522,1.9531250000000002e-24,1.9531250000000002e-24,1.9531250000000002e-24,1.9531250000000002e-24,2.4351519904252282e-16,1.5239937325581575e-07,3.9197808226527895e-11,1.872563179902911e-08,1.0632308711400367e-08,4.4265035967372513e-13,1.9552810349016035e-11,1.2541741221877527e-09,2.4006975984280136e-05,1.9531250000000002e-24,0.03260232354783217,1.9531250000000002e-24
2024930_WZY_DM_assembly_Plate1H10,2024930_WZY_DM_assembly_Plate1,,H10,Plate1_H10,Propionate,cycle 5,0.2375,True,True,explicit_user_selected_validation_only,not_assessable,0.164768021338,3.33403523549e-05,0.0,0.0,0.00960202147821,0.00360075805433,0.0,5.00105285323e-05,0.00153365620832,0.00818505650312,0.0,0.0192540534849,0.0,0.0,0.0,0.0,1.9531250000000002e-24,1.9531250000000002e-24,1.9531250000000002e-24,1.9531250000000002e-24,3.421482610664183e-14,0.003860981654753711,0.006690912372031565,1.574721185207106e-05,1.6017504516341623e-05,3.6014911078574906e-10,8.36619079221946e-08,1.0915570545399697e-05,0.046143546556863424,1.9531250000000002e-24,0.04341917414943524,1.9531250000000002e-24
2024930_WZY_DM_assembly_Plate1H11,2024930_WZY_DM_assembly_Plate1,,H11,Plate1_H11,Propionate,cycle 5,0.1145,True,True,explicit_user_selected_validation_only,not_assessable,0.0347099625533,3.98850474615e-05,0.0,0.000588304450057,0.000418792998345,0.000967212400941,0.0,0.0,0.000558390664461,0.0287471479579,0.0,0.0298240442393,0.0,0.0,0.0,0.0,1.9531250000000002e-24,1.9531250000000002e-24,1.9531250000000002e-24,1.9531250000000002e-24,2.6853280060797403e-20,9.03320250021632e-10,0.018693035241961947,2.57236564758455e-17,7.84600989727413e-17,3.498333846137216e-13,1.2642227320014426e-20,3.524745461494769e-17,1.5318499485101106e-15,1.9531250000000002e-24,7.24957214034508e-08,1.9531250000000002e-24
2024930_WZY_DM_assembly_Plate1H12,2024930_WZY_DM_assembly_Plate1,,H12,Plate1_H12,Propionate,cycle 5,0.1865,True,True,explicit_user_selected_validation_only,not_assessable,0.0911113603989,0.000106267806268,0.0,0.000159401709402,0.00777083333333,0.000278952991453,0.0,0.0,0.0018464031339,0.00722621082621,0.0,0.00638935185185,0.0,2.6566951567e-05,0.0,0.0,1.9531250000000002e-24,1.9531250000000002e-24,1.9531250000000002e-24,1.9531250000000002e-24,4.977917754862863e-19,1.1291924231601081e-11,9.564998876141138e-05,1.8753496159941061e-13,1.718764850495521e-13,1.3613822948034585e-17,2.620771632710537e-15,4.106611023503596e-14,5.0470538524583684e-11,1.9531250000000002e-24,0.004565970651654397,1.9531250000000002e-24
2024930_WZY_DM_assembly_Plate1H1,2024930_WZY_DM_assembly_Plate1,,H1,Plate1_H1,Mannose,cycle 5,0.7865,True,True,explicit_user_selected_validation_only,not_assessable,0.145319611225,0.000313076361706,0.0,0.000643545854619,0.111176894668,0.0478658970787,0.000121751918441,0.0,0.0511705920078,5.21793936177e-05,0.0,0.0917487671112,5.21793936177e-05,0.0195498794754,0.0,0.0011653397908,1.9531250000000002e-24,1.9531250000000002e-24,1.9531250000000002e-24,1.9531250000000002e-24,0.012119868734160103,0.037774562592200155,0.06782439293896461,0.0005169904727113844,0.030209612421846485,0.018013019869620457,6.973606633380679e-18,4.153841879823452e-20,0.3313086519477649,1.9531250000000002e-24,0.11371966231749236,1.9531250000000002e-24
2024930_WZY_DM_assembly_Plate1H2,2024930_WZY_DM_assembly_Plate1,,H2,Plate1_H2,Mannose,cycle 5,0.9825,True,True,explicit_user_selected_validation_only,not_assessable,0.180783420938,0.000263149084335,0.0,0.000197361813251,0.075457999933,0.00111838360842,0.000427617262044,0.000197361813251,0.019670394054,0.00187493722589,0.000164468177709,0.0453274297767,0.00108548997288,0.0172691586595,0.0,0.000624979075295,1.9531250000000002e-24,1.9531250000000002e-24,1.9531250000000002e-24,1.9531250000000002e-24,7.245073644041325e-08,0.021131014506782946,0.029601482694579313,0.0005089505375883513,0.0067521175705537026,0.008553223317004175,5.745094718909415e-05,0.04972215372139828,0.24259688905522017,1.9531250000000002e-24,0.07616356755079147,1.9531250000000002e-24
2024930_WZY_DM_assembly_Plate1H3,2024930_WZY_DM_assembly_Plate1,,H3,Plate1_H3,Mannose,cycle 5,0.0535,True,True,explicit_user_selected_validation_only,not_assessable,0.0,0.0,0.0,0.0,0.0,0.0,0.0,0.0,0.0,0.0,0.0,0.0,0.0,0.0535,0.0,0.0,1.9531250000000002e-24,1.9531250000000002e-24,1.9531250000000002e-24,1.9531250000000002e-24,3.129268086675287e-23,5.857153876854514e-13,4.9118350368821225e-21,6.507952597575432e-20,6.384652989317122e-19,1.49836512657628e-21,1.9531250000000002e-24,1.5794851151708167e-18,1.5533899324279094e-22,1.9531250000000002e-24,2.5802308647960456e-07,1.9531250000000002e-24
2024930_WZY_DM_assembly_Plate1H4,2024930_WZY_DM_assembly_Plate1,,H4,Plate1_H4,Mannose,cycle 5,0.9825,True,True,explicit_user_selected_validation_only,not_assessable,0.0568763189458,0.0,0.0,1.49164224877e-05,0.0175118800006,0.00666764085202,0.0,0.0,0.00360977424203,0.000984483884191,4.47492674632e-05,0.0193018506991,5.9665689951e-05,0.773625335904,0.0,0.0,1.9531250000000002e-24,1.9531250000000002e-24,1.9531250000000002e-24,1.9531250000000002e-24,2.847671823413858e-07,0.09295060005975002,1.9974189490253377e-24,2.0500752616856407e-24,2.0590995016712204e-24,0.02104081449348592,1.9571367759220322e-24,1.9777673114565295e-24,0.006824319522380011,1.9531250000000002e-24,0.2794983632279395,1.9531250000000002e-24
2024930_WZY_DM_assembly_Plate1H5,2024930_WZY_DM_assembly_Plate1,,H5,Plate1_H5,Mannose,cycle 5,0.9205,True,True,explicit_user_selected_validation_only,not_assessable,0.00732961894113,0.0,0.0,0.00388038649825,0.0377468421371,0.00357440620089,0.000125173758008,4.17245860027e-05,0.00296244560619,0.000208622930013,0.000194714734679,0.00336578327088,0.000806675329385,0.768358251239,0.0,9.73573673395e-05,1.9531250000000002e-24,1.9531250000000002e-24,1.9531250000000002e-24,1.9531250000000002e-24,1.5478878540802913e-06,0.08902515439375612,2.030834840085967e-24,2.1329493223483947e-24,2.150048125604304e-24,0.018239085557853668,1.9592210532639314e-24,1.9936997758847352e-24,0.06449732543434882,1.9531250000000002e-24,0.2667286098594792,1.9531250000000002e-24
2024930_WZY_DM_assembly_Plate1H6,2024930_WZY_DM_assembly_Plate1,,H6,Plate1_H6,Mannose,cycle 5,0.9705,True,True,explicit_user_selected_validation_only,not_assessable,0.164750651591,0.000148792640859,0.0,0.0155488309697,0.0456049444232,0.0164415868149,0.000781161364507,0.0,0.087862054427,0.037086565734,7.43963204293e-05,0.0695977577616,0.00219469145266,0.195625124569,0.0,0.0,1.9531250000000002e-24,1.9531250000000002e-24,1.9531250000000002e-24,1.9531250000000002e-24,0.008166561023726496,0.055697545257694665,1.5091844130265146e-10,4.928055230070019e-13,1.3199202890990537e-12,0.018575584145232717,2.817071875255692e-24,2.5794981628194926e-24,0.3006335619726928,1.9531250000000002e-24,0.15602027690709636,1.9531250000000002e-24
2024930_WZY_DM_assembly_Plate1H7,2024930_WZY_DM_assembly_Plate1,,H7,Plate1_H7,Propionate,cycle 5,0.2025,True,True,explicit_user_selected_validation_only,not_assessable,0.173652203668,0.000421297563646,0.0,0.00032151656173,0.00814878182316,0.00159649603066,0.0,2.21735559814e-05,0.00016630166986,0.00860333972078,0.0,1.10867779907e-05,0.0,0.0,0.0,0.0,1.9531250000000002e-24,1.9531250000000002e-24,1.9531250000000002e-24,1.9531250000000002e-24,2.5748204271836315e-15,0.00010415927209803523,0.0012431571847773579,4.000744630404428e-06,3.56855403630697e-06,1.1619364401702673e-15,9.577735632113992e-08,7.672925138619695e-07,0.0090453846263524,1.9531250000000002e-24,0.03872051525282032,1.9531250000000002e-24
2024930_WZY_DM_assembly_Plate1H8,2024930_WZY_DM_assembly_Plate1,,H8,Plate1_H8,Propionate,cycle 5,0.2515,True,True,explicit_user_selected_validation_only,not_assessable,0.208724191425,0.000165522752915,0.0,0.000165522752915,0.0152044471606,0.00536766641595,0.0,0.0,0.00215179578789,0.000898552087251,0.0,0.000165522752915,0.0,4.72922151185e-05,0.0,0.0,1.9531250000000002e-24,1.9531250000000002e-24,1.9531250000000002e-24,1.9531250000000002e-24,4.998217261037881e-13,0.006211842375107187,1.9828041485021832e-05,4.3638786124718745e-05,6.61919799804706e-05,1.220518981928683e-13,0.0010817677395753874,0.0023589636071535422,0.13203929330047795,1.9531250000000002e-24,0.04871916976260227,1.9531250000000002e-24
2024930_WZY_DM_assembly_Plate1H9,2024930_WZY_DM_assembly_Plate1,,H9,Plate1_H9,Propionate,cycle 5,0.1155,True,True,explicit_user_selected_validation_only,not_assessable,0.0572613179607,0.000378728580495,0.0,0.000219906917707,0.00838089697483,0.00188142585149,0.0,0.0,0.00116061984345,0.0148070657923,0.0,0.0,0.0,0.0,0.0,0.0,1.9531250000000002e-24,1.9531250000000002e-24,1.9531250000000002e-24,1.9531250000000002e-24,6.2899307440732645e-21,9.827105440587888e-14,0.008692039478320866,2.950741921518317e-17,4.78738684543605e-17,4.920694384784573e-21,7.401638005804356e-18,2.5789439725026195e-17,1.2281145839188497e-15,1.9531250000000002e-24,2.17926580262462e-09,1.9531250000000002e-24
2024930_WZY_DM_assembly_Plate2A10,2024930_WZY_DM_assembly_Plate2,,A10,Plate2_A10,N_acetylglutamic_acid,cycle 5,0.5255,True,True,explicit_user_selected_validation_only,not_assessable,0.125163951096,0.000213740549335,0.000238886496315,0.00848675710594,0.044671774811,0.00294207579673,0.000188594602354,3.77189204709e-05,0.0401706503015,0.0812591276677,0.000138302708393,0.0,0.00661338405589,0.00799641113982,0.0624625322997,0.00045262704565,1.9531250000000002e-24,1.9531250000000002e-24,1.9531250000000002e-24,1.9531250000000002e-24,1.2464257170363014e-12,0.02659000896689682,0.09696346812328488,1.8185003136657905e-05,0.0017060021171139191,3.5574326520656265e-13,2.978999107019643e-12,1.0814795947536687e-19,0.14950609872696294,1.9531250000000002e-24,0.06814383987574545,1.9531250000000002e-24
2024930_WZY_DM_assembly_Plate2A11,2024930_WZY_DM_assembly_Plate2,,A11,Plate2_A11,N_acetylglutamic_acid,cycle 5,0.5895,True,True,explicit_user_selected_validation_only,not_assessable,0.0120908107685,0.000353352792473,0.0,0.00575350525136,0.0426788720648,0.00198184827083,4.60894946705e-05,0.0,0.0305266086367,0.00854960126137,0.0,0.00477026269839,0.00365643324386,0.374231333559,0.0480559797764,0.0,1.9531250000000002e-24,1.9531250000000002e-24,1.9531250000000002e-24,1.9531250000000002e-24,3.065177369742422e-11,0.05152372973764674,5.3381687313073416e-12,5.227399178787918e-11,1.9021509445194576e-10,0.0058831317197869885,5.0174603435499124e-24,6.633988413517891e-24,0.03354104562536267,1.9531250000000002e-24,0.1572766602487217,1.9531250000000002e-24
2024930_WZY_DM_assembly_Plate2A12,2024930_WZY_DM_assembly_Plate2,,A12,Plate2_A12,N_acetylglutamic_acid,cycle 5,0.5715,True,True,explicit_user_selected_validation_only,not_assessable,0.147878991955,0.000870764261336,0.000336695514383,0.0321950572891,0.0075814541687,0.00231042784008,0.000150932471965,0.0,0.000592119697708,0.107777395173,0.0,0.0734808934666,0.00604890906875,0.00883535470502,0.0514795831302,0.0,1.9531250000000002e-24,1.9531250000000002e-24,1.9531250000000002e-24,1.9531250000000002e-24,3.674745741182972e-07,0.0303092197685175,0.06989357921978862,7.138944736435952e-05,0.024376310818574463,0.012589486458107925,2.7277998585010515e-11,8.823274522797799e-12,0.23907599326701762,1.9531250000000002e-24,0.07899977638323667,1.9531250000000002e-24
2024930_WZY_DM_assembly_Plate2A1,2024930_WZY_DM_assembly_Plate2,,A1,Plate2_A1,Sugar_mix,cycle 5,0.9295,True,True,explicit_user_selected_validation_only,not_assessable,0.00366305418719,0.000255212791731,0.000840700960995,0.00327272874102,0.0779900266494,0.0426805862877,0.00277731567472,0.0216630622628,0.0174445449406,0.0893695146572,0.0,0.213538044093,0.00815179681822,0.00171142695631,0.0,0.000210175240249,1.9531250000000002e-24,1.9531250000000002e-24,1.9531250000000002e-24,1.9531250000000002e-24,0.027841028136771664,0.04305395064795366,0.08105645776904635,1.446059724354356e-05,0.03676207316810104,0.030290253866279038,2.6730008551458963e-20,1.7106066643236874e-23,0.30266971694044575,1.9531250000000002e-24,0.10537795406331006,1.9531250000000002e-24
2024930_WZY_DM_assembly_Plate2A2,2024930_WZY_DM_assembly_Plate2,,A2,Plate2_A2,Sugar_mix,cycle 5,0.8055,True,True,explicit_user_selected_validation_only,not_assessable,0.0331738639204,9.22661196268e-05,0.000427779281906,0.00156852403366,0.0294832191353,0.00146787008497,0.001325276991,0.00962083992836,0.0064921796901,0.0320750583139,0.0,0.00464685729757,0.000511657572476,0.311507195518,0.0,0.000318737504165,1.9531250000000002e-24,1.9531250000000002e-24,1.9531250000000002e-24,1.9531250000000002e-24,4.78489338652079e-13,0.04316446122221933,0.007444234515527155,0.03779903250337862,0.1662649033704741,0.0007091026195380269,7.124155972965292e-20,3.4200641183900464e-19,1.350609647160708e-07,1.9531250000000002e-24,0.12261567506029632,1.9531250000000002e-24
2024930_WZY_DM_assembly_Plate2A3,2024930_WZY_DM_assembly_Plate2,,A3,Plate2_A3,Sugar_mix,cycle 5,0.9615,True,True,explicit_user_selected_validation_only,not_assessable,0.00169739880524,0.000530939910644,0.00271905590603,8.0445441006e-06,0.235994745737,0.0011503698064,0.000136757249711,0.140530140895,0.000981434380281,0.0235866033032,1.60890882013e-05,0.0,0.000426360837335,0.17340014809,0.0011664588946,0.000193069058416,1.9531250000000002e-24,1.9531250000000002e-24,1.9531250000000002e-24,1.9531250000000002e-24,0.0019439738603078264,0.039403269734071794,7.904191627878057e-05,0.006393254105348839,0.03996258901479015,0.0028076059149362014,4.850777851910593e-20,7.115123246909272e-18,0.24769302669452417,1.9531250000000002e-24,0.13570998967437808,1.9531250000000002e-24
2024930_WZY_DM_assembly_Plate2A4,2024930_WZY_DM_assembly_Plate2,,A4,Plate2_A4,Sugar_mix,cycle 5,0.9055,True,True,explicit_user_selected_validation_only,not_assessable,0.0669553015669,0.00103008156257,0.00106895256493,0.000641371538957,0.269453788367,0.0388321313587,1.94355011805e-05,0.0317770444301,0.00176863060743,0.191731219146,0.0,0.000252661515347,0.00664694140373,0.00647202189311,0.00075798454604,0.00604444086714,1.9531250000000002e-24,1.9531250000000002e-24,1.9531250000000002e-24,1.9531250000000002e-24,0.013932142693315271,0.049028539017195255,0.12626315057447776,4.171766623714435e-05,0.04910514600360779,8.756310552779721e-05,1.0069078308609545e-22,1.979943355569112e-24,0.3337419391182203,1.9531250000000002e-24,0.10106120470793438,1.9531250000000002e-24
2024930_WZY_DM_assembly_Plate2A5,2024930_WZY_DM_assembly_Plate2,,A5,Plate2_A5,Sugar_mix,cycle 5,0.9605,True,True,explicit_user_selected_validation_only,not_assessable,0.0106954161993,5.61144606468e-05,0.00480339783137,0.000583590390727,0.0024465904842,0.0217948565152,0.0010325060759,0.138647609366,0.00704797625724,0.0502561109553,0.0,3.36686763881e-05,0.00804681365676,0.154180092073,0.0,0.000909054262479,1.9531250000000002e-24,1.9531250000000002e-24,1.9531250000000002e-24,1.9531250000000002e-24,7.108626331492577e-10,0.03397158598110017,0.045872430307191105,5.5930551603367115e-06,0.1546218297700852,1.3107543291046528e-11,1.0617283247526307e-13,1.2584150351384663e-09,1.4899842808922905e-08,1.9531250000000002e-24,0.09376212703777805,1.9531250000000002e-24
2024930_WZY_DM_assembly_Plate2A6,2024930_WZY_DM_assembly_Plate2,,A6,Plate2_A6,Sugar_mix,cycle 5,0.9195,True,True,explicit_user_selected_validation_only,not_assessable,0.00930216089349,0.000446503722888,0.00119067659437,0.0,0.00193484946585,0.0213577614115,0.00156276303011,0.166099384914,0.00878123988346,0.0475526464875,0.0,0.0,0.00312552606021,0.195494213338,0.0,0.000595338297184,1.9531250000000002e-24,1.9531250000000002e-24,1.9531250000000002e-24,1.9531250000000002e-24,1.4784154849104567e-09,0.03891429816646164,0.04714018527124739,0.0001410285993019861,0.20601374232764313,2.414261165199091e-09,9.539185072221129e-17,5.406366218785953e-16,2.7880331181901932e-08,1.9531250000000002e-24,0.11036729264346773,1.9531250000000002e-24
2024930_WZY_DM_assembly_Plate2A7,2024930_WZY_DM_assembly_Plate2,,A7,Plate2_A7,N_acetylglutamic_acid,cycle 5,0.5765,True,True,explicit_user_selected_validation_only,not_assessable,0.21895801295,0.00117949323261,0.000142576105041,0.00413470704618,0.0248600881335,0.00232010207293,0.000324036602365,0.000103691712757,0.0297595215612,0.070277058321,0.0,0.0,0.0057678515221,0.00837310580512,0.0625520257206,0.000946186878906,1.9531250000000002e-24,1.9531250000000002e-24,1.9531250000000002e-24,1.9531250000000002e-24,1.1774074801326873e-09,0.02775891745738782,0.08046557456940301,4.956386224038491e-05,0.008294296820566644,3.167764632040768e-10,1.5453013859609046e-11,9.785687537991534e-15,0.2396520507237855,1.9531250000000002e-24,0.08024081265616893,1.9531250000000002e-24
2024930_WZY_DM_assembly_Plate2A8,2024930_WZY_DM_assembly_Plate2,,A8,Plate2_A8,N_acetylglutamic_acid,cycle 5,0.5745,True,True,explicit_user_selected_validation_only,not_assessable,0.0572424481618,0.000654049910441,0.00010464798567,0.00329641154862,0.00134298248277,0.00102903852576,0.000427312608154,0.0,0.00245050699778,0.0397051898965,0.0,0.0,0.00345338352713,0.011127569143,0.306888938644,3.48826618902e-05,1.9531250000000002e-24,1.9531250000000002e-24,1.9531250000000002e-24,1.9531250000000002e-24,4.0705459623942643e-19,0.02029242855745019,0.028886902886246093,2.190104280298511e-08,6.384430132898047e-07,4.026594500617172e-18,8.421740326418868e-17,0.008088724008087352,0.20889246724565644,1.9531250000000002e-24,0.0954745124977169,1.9531250000000002e-24
2024930_WZY_DM_assembly_Plate2A9,2024930_WZY_DM_assembly_Plate2,,A9,Plate2_A9,N_acetylglutamic_acid,cycle 5,0.5625,True,True,explicit_user_selected_validation_only,not_assessable,0.0290429373997,0.00163857677903,0.000685527019797,0.00018392188336,0.0388576779026,0.00285914927769,0.000518325307651,0.0,0.0561296147673,0.0866940877475,0.0,0.0,0.00101993044409,0.0141619850187,0.0858413590155,0.000468164794007,1.9531250000000002e-24,1.9531250000000002e-24,1.9531250000000002e-24,1.9531250000000002e-24,6.325947244445298e-19,0.02484226869562802,0.11526783529498667,5.618330990056914e-11,5.5343385106163764e-09,3.129021019221396e-17,4.6956728133554255e-16,1.2932900105772707e-23,4.451311380991797e-07,1.9531250000000002e-24,0.05584477021715172,1.9531250000000002e-24
2024930_WZY_DM_assembly_Plate2B10,2024930_WZY_DM_assembly_Plate2,,B10,Plate2_B10,N_acetylgalactosamine,cycle 5,0.5345,True,True,explicit_user_selected_validation_only,not_assessable,0.291861498544,0.000514569831878,0.0,0.000188257255565,0.00193277449047,0.00194532497417,0.0,0.0,0.00184492110454,0.0319535315112,0.0,0.0,0.0,0.000916185310416,0.047327874049,0.000112954353339,1.9531250000000002e-24,1.9531250000000002e-24,1.9531250000000002e-24,1.9531250000000002e-24,1.0524228438043641e-09,0.02072078280681943,0.02744404967246705,3.0216610251715182e-05,0.0016399903726328803,7.788250490826471e-10,0.0005369458978330527,0.055715138055092324,0.2630854976476451,1.9531250000000002e-24,0.07483791625375372,1.9531250000000002e-24
2024930_WZY_DM_assembly_Plate2B11,2024930_WZY_DM_assembly_Plate2,,B11,Plate2_B11,N_acetylgalactosamine,cycle 5,0.4865,True,True,explicit_user_selected_validation_only,not_assessable,0.102948221918,0.0010736514233,0.0,0.0131963991396,0.012149928765,0.000856203033774,0.0,4.07715730368e-05,0.0560473224013,0.00644190853982,0.0,0.063386205548,0.0,0.00591187809034,0.0262976646088,5.43620973825e-05,1.9531250000000002e-24,1.9531250000000002e-24,1.9531250000000002e-24,1.9531250000000002e-24,1.4959770345955368e-12,0.01967428654946753,0.06951482882712848,2.4760052543498354e-05,3.17877062519684e-05,0.007995197749518875,4.039918592933557e-13,1.363032586226615e-07,0.08626296309534041,1.9531250000000002e-24,0.06398888470703802,1.9531250000000002e-24
2024930_WZY_DM_assembly_Plate2B12,2024930_WZY_DM_assembly_Plate2,,B12,Plate2_B12,N_acetylgalactosamine,cycle 5,0.5855,True,True,explicit_user_selected_validation_only,not_assessable,0.186512302491,8.70028233196e-05,0.0,0.00382087399079,0.00483590692952,0.00134129352618,0.0,0.0,0.0166247894893,0.0415873495468,0.0,0.0012107892912,0.0,0.000529267175194,0.279844581208,0.000159505176086,1.9531250000000002e-24,1.9531250000000002e-24,1.9531250000000002e-24,1.9531250000000002e-24,1.2491413326880636e-13,0.026905476712869286,0.0479044495750643,9.723038188759071e-07,0.00016522226704550962,4.2394485680363296e-12,1.3726588661210643e-14,2.5801542192228596e-12,0.3145252919334886,1.9531250000000002e-24,0.11539242211077877,1.9531250000000002e-24
2024930_WZY_DM_assembly_Plate2B1,2024930_WZY_DM_assembly_Plate2,,B1,Plate2_B1,Water,cycle 5,0.2605,True,True,explicit_user_selected_validation_only,not_assessable,0.0289273932253,0.00310758468336,0.0,0.0,0.00310758468336,0.0130058173785,0.0,0.0,0.0102818851252,0.0108573637703,0.0,0.0,0.0,0.0,0.0,0.000844035346097,1.9531250000000002e-24,1.9531250000000002e-24,1.9531250000000002e-24,1.9531250000000002e-24,2.8946076218643676e-21,1.950131877752092e-11,0.019527195374835323,2.9075838037552217e-19,5.074062868465853e-19,1.9531250000000002e-24,6.02806204595214e-18,9.405640468885176e-19,4.931554263211809e-18,1.9531250000000002e-24,5.466849955695349e-10,1.9531250000000002e-24
2024930_WZY_DM_assembly_Plate2B2,2024930_WZY_DM_assembly_Plate2,,B2,Plate2_B2,Water,cycle 5,0.2725,True,True,explicit_user_selected_validation_only,not_assessable,0.170606625206,0.000112047697368,0.0,0.0,0.013921926398,0.00310932360197,0.0,0.0,0.00127454255757,0.0109386564556,0.0,0.00197484066612,0.0,0.0,0.0,7.00298108553e-05,1.9531250000000002e-24,1.9531250000000002e-24,1.9531250000000002e-24,1.9531250000000002e-24,5.98872679290406e-15,0.0014681607735720428,0.009882827952538207,8.905721555282382e-06,9.4765532047789e-06,7.385726001529229e-15,4.049016324714742e-07,3.40648082289315e-06,0.022317751580095607,1.9531250000000002e-24,0.040666801363613336,1.9531250000000002e-24
2024930_WZY_DM_assembly_Plate2B3,2024930_WZY_DM_assembly_Plate2,,B3,Plate2_B3,Water,cycle 5,0.1635,True,True,explicit_user_selected_validation_only,not_assessable,0.0355382493564,0.00288635527768,0.0,0.0,0.0298256712026,0.0029765538801,0.0,0.0,0.000360794409709,0.0233313718279,0.0,0.0,0.0,0.000270595807282,0.0,0.000210463405664,1.9531250000000002e-24,1.9531250000000002e-24,1.9531250000000002e-24,1.9531250000000002e-24,1.4807486394231636e-20,1.887104978639699e-11,0.015493607166097902,4.5942425847285486e-17,1.305897617042332e-16,6.61333130762428e-21,1.5763839464947065e-17,1.0845787072743942e-16,2.183557005381446e-15,1.9531250000000002e-24,2.0142437182567777e-08,1.9531250000000002e-24
2024930_WZY_DM_assembly_Plate2B4,2024930_WZY_DM_assembly_Plate2,,B4,Plate2_B4,Water,cycle 5,0.1775,True,True,explicit_user_selected_validation_only,not_assessable,0.0148379940343,1.32363907532e-05,0.0,0.0,0.0016677852349,0.0022898956003,0.0,0.000105891126025,0.00221047725578,0.0201987322893,0.0,0.0733163683818,0.0,0.0,2.64727815063e-05,0.0,1.9531250000000002e-24,1.9531250000000002e-24,1.9531250000000002e-24,1.9531250000000002e-24,5.0468232127560545e-18,3.1152052287660386e-06,0.015567341605644639,1.095429333556821e-14,1.8105842039546846e-14,0.0035215566071815575,7.711092183352957e-22,3.750985876227624e-15,3.094119102706792e-12,1.9531250000000002e-24,0.012549138360936837,1.9531250000000002e-24
2024930_WZY_DM_assembly_Plate2B5,2024930_WZY_DM_assembly_Plate2,,B5,Plate2_B5,Water,cycle 5,0.1775,True,True,explicit_user_selected_validation_only,not_assessable,0.128249046389,8.73631106189e-05,0.0,0.0,0.00867078872893,0.000960994216808,0.0,0.0,0.00157253599114,0.0120342684878,0.0,0.00198751076658,0.0,0.0,0.0,0.0,1.9531250000000002e-24,1.9531250000000002e-24,1.9531250000000002e-24,1.9531250000000002e-24,1.976928153201619e-17,1.3183710577929207e-07,0.009383447059663293,5.425150175190131e-10,5.707599810165602e-10,4.27753243340251e-17,9.709605843162418e-12,1.0276554442489415e-10,4.0345235439010647e-07,1.9531250000000002e-24,0.025887597478981932,1.9531250000000002e-24
2024930_WZY_DM_assembly_Plate2B6,2024930_WZY_DM_assembly_Plate2,,B6,Plate2_B6,Water,cycle 5,0.1835,True,True,explicit_user_selected_validation_only,not_assessable,0.0341952812583,0.000391362303386,0.0,0.0,0.0374729405492,0.000782724606772,0.0,0.000195681151693,0.00225033324447,0.0215738469741,0.0,0.0,0.0,0.0,0.0,0.0,1.9531250000000002e-24,1.9531250000000002e-24,1.9531250000000002e-24,1.9531250000000002e-24,1.0910373038428192e-20,6.644679463056186e-12,0.016563500438406372,9.560346655185612e-17,2.1749463540812238e-16,1.1809935276635911e-20,1.55472619627483e-17,1.1627870281142338e-16,5.3958714927973114e-15,1.9531250000000002e-24,3.2671903708754423e-08,1.9531250000000002e-24
2024930_WZY_DM_assembly_Plate2B7,2024930_WZY_DM_assembly_Plate2,,B7,Plate2_B7,N_acetylgalactosamine,cycle 5,0.5515,True,True,explicit_user_selected_validation_only,not_assessable,0.00272136082754,0.0,0.0,0.000199732904774,0.000337049276806,0.00166027977093,0.0,0.0,0.0053428552027,0.00161034654474,0.0,0.0,0.0,0.000936247991127,0.470096357998,3.74499196451e-05,1.9531250000000002e-24,1.9531250000000002e-24,1.9531250000000002e-24,1.9531250000000002e-24,6.588861101367488e-23,0.017734921064392714,7.598801017017212e-05,6.380758804863757e-10,2.7669347091119246e-09,1.0313686528686825e-20,2.0146361482335272e-22,0.058496958867196296,0.25468237784203057,1.9531250000000002e-24,0.11901852766528187,1.9531250000000002e-24
2024930_WZY_DM_assembly_Plate2B8,2024930_WZY_DM_assembly_Plate2,,B8,Plate2_B8,N_acetylgalactosamine,cycle 5,0.4855,True,True,explicit_user_selected_validation_only,not_assessable,0.0218216121941,0.000740911650891,0.000979061824392,0.00209924967752,0.00223155532947,0.000149946405537,0.0,1.76407535926e-05,0.0166264102611,0.0299539996003,0.0,0.0,0.0,0.0,0.343447831695,1.76407535926e-05,1.9531250000000002e-24,1.9531250000000002e-24,1.9531250000000002e-24,1.9531250000000002e-24,8.304913830931905e-22,0.018496769938035607,0.03753592432033574,3.766856627649206e-10,2.887119301011914e-09,5.0376720191630054e-20,8.012731024511202e-21,0.0006112731397707651,0.1822319203552994,1.9531250000000002e-24,0.09483175464305729,1.9531250000000002e-24
2024930_WZY_DM_assembly_Plate2B9,2024930_WZY_DM_assembly_Plate2,,B9,Plate2_B9,N_acetylgalactosamine,cycle 5,0.3785,True,True,explicit_user_selected_validation_only,not_assessable,0.00577880454939,0.0020354493757,0.00119319446161,0.0338305723822,0.0418553900359,0.0113938373099,0.000350939547534,7.01879095067e-05,0.040264464087,0.0377844912845,0.0,0.0,0.0,0.00383693905303,0.0736739090122,0.000491315366547,1.9531250000000002e-24,1.9531250000000002e-24,1.9531250000000002e-24,1.9531250000000002e-24,8.162945515498251e-18,0.016444216704390686,0.06951875459976888,8.312228280820456e-11,3.207017065456754e-10,1.8939133227528074e-19,5.050363078195773e-16,9.37226663091025e-10,9.038596813609908e-07,1.9531250000000002e-24,0.049363772332567085,1.9531250000000002e-24
2024930_WZY_DM_assembly_Plate2C10,2024930_WZY_DM_assembly_Plate2,,C10,Plate2_C10,Urea,cycle 5,0.1715,True,True,explicit_user_selected_validation_only,not_assessable,0.130139464068,0.000487413723102,0.0,0.0,0.00859550232327,0.000990300897731,0.0,0.0,0.00101351107502,0.00660716380205,0.0,0.0,0.0,6.18938061082e-05,0.0,2.32101772906e-05,1.9531250000000002e-24,1.9531250000000002e-24,1.9531250000000002e-24,1.9531250000000002e-24,1.818614787764843e-17,7.083654262233139e-09,1.2844903844071657e-05,4.943720785411835e-10,4.046521950232293e-10,1.0767559800087987e-17,1.2627788779085397e-11,7.14963408143018e-11,3.575299751592001e-07,1.9531250000000002e-24,0.025280988445625107,1.9531250000000002e-24
2024930_WZY_DM_assembly_Plate2C11,2024930_WZY_DM_assembly_Plate2,,C11,Plate2_C11,Urea,cycle 5,0.1625,True,True,explicit_user_selected_validation_only,not_assessable,0.00736817808781,0.00260053344276,0.0,0.0,0.0526441321297,0.00463428395568,0.0,0.0,0.00640131308986,0.0229046983997,0.0,0.00106688551498,0.0,0.0,0.0,0.000300061551087,1.9531250000000002e-24,1.9531250000000002e-24,1.9531250000000002e-24,1.9531250000000002e-24,1.3920672672737037e-20,4.27495125276089e-10,0.02224901926824355,2.7035545289352567e-17,7.465663654644891e-17,1.1420605785184965e-20,1.5735531487701612e-17,7.169423529291443e-17,1.2270988014495335e-15,1.9531250000000002e-24,1.1345169287891084e-07,1.9531250000000002e-24
2024930_WZY_DM_assembly_Plate2C12,2024930_WZY_DM_assembly_Plate2,,C12,Plate2_C12,Urea,cycle 5,0.1295,True,True,explicit_user_selected_validation_only,not_assessable,0.0269253253796,0.000112364425163,0.0,0.0,0.0172338937093,0.00248606290672,0.0,5.61822125813e-05,0.00237369848156,0.0184277657267,0.0,0.0455637744035,0.0,0.0,0.0,0.0,1.9531250000000002e-24,1.9531250000000002e-24,1.9531250000000002e-24,1.9531250000000002e-24,1.1819484732101784e-18,7.156975654327735e-08,0.0148013501113356,1.0857916479442097e-14,1.738963686960457e-14,3.462893218363117e-08,2.0723499491883915e-19,4.665318850160596e-15,2.503377326447716e-12,1.9531250000000002e-24,0.006055240545667238,1.9531250000000002e-24
2024930_WZY_DM_assembly_Plate2C1,2024930_WZY_DM_assembly_Plate2,,C1,Plate2_C1,Butyrate,cycle 5,0.2865,True,True,explicit_user_selected_validation_only,not_assessable,0.211809028062,0.00185859148469,0.0,0.000136108972364,0.00102316399915,0.0030413315204,0.0,0.0,0.00171778909949,0.0247436724932,0.0,0.000530355650935,0.0,0.0,4.6934128401e-06,0.000183043100765,1.9531250000000002e-24,1.9531250000000002e-24,1.9531250000000002e-24,1.9531250000000002e-24,1.9292489361092104e-13,0.011168452885963121,0.021278421620761906,3.406311621199562e-05,0.0001333241346217196,8.584127536709428e-14,9.041372259901016e-05,0.001311289887086944,0.10494732421667384,1.9531250000000002e-24,0.04670685983121779,1.9531250000000002e-24
2024930_WZY_DM_assembly_Plate2C2,2024930_WZY_DM_assembly_Plate2,,C2,Plate2_C2,Butyrate,cycle 5,0.2135,True,True,explicit_user_selected_validation_only,not_assessable,0.0643938926174,0.000315234899329,0.0,0.0,0.023957852349,0.00762295302013,0.0,5.73154362416e-05,0.00071644295302,0.0225536241611,0.0,0.0,0.0,0.0,0.0,0.000114630872483,1.9531250000000002e-24,1.9531250000000002e-24,1.9531250000000002e-24,1.9531250000000002e-24,2.525572441139566e-19,5.592175269206933e-08,0.016354074986976726,3.628265035748106e-14,8.043741143662792e-14,9.249574583858576e-20,2.7700933925845832e-14,4.379797740044038e-14,6.8125221995916165e-12,1.9531250000000002e-24,0.0017528992153671074,1.9531250000000002e-24
2024930_WZY_DM_assembly_Plate2C3,2024930_WZY_DM_assembly_Plate2,,C3,Plate2_C3,Butyrate,cycle 5,0.2735,True,True,explicit_user_selected_validation_only,not_assessable,0.123678870878,0.00749105645612,0.0,0.0,0.00422964412148,0.00937656046208,0.0,0.000458636109558,0.00596226942426,0.0141667598286,0.0,0.0,0.0,0.0,0.0,0.000203838270915,1.9531250000000002e-24,1.9531250000000002e-24,1.9531250000000002e-24,1.9531250000000002e-24,1.7046331206833993e-16,0.0003790222177194271,0.018508168770961068,5.85317644474711e-10,1.0344878560716159e-09,8.928826049351185e-18,2.395659237025768e-10,6.804024650902961e-10,3.659408022275423e-07,1.9531250000000002e-24,0.031595932478702564,1.9531250000000002e-24
2024930_WZY_DM_assembly_Plate2C4,2024930_WZY_DM_assembly_Plate2,,C4,Plate2_C4,Butyrate,cycle 5,0.2265,True,True,explicit_user_selected_validation_only,not_assessable,0.0425117781155,0.000240957446809,0.0,0.0,0.0028226443769,0.00829582066869,0.0,0.000550759878419,0.00492241641337,0.0056108662614,0.0,0.000206534954407,0.0,0.0,0.0,0.0,1.9531250000000002e-24,1.9531250000000002e-24,1.9531250000000002e-24,1.9531250000000002e-24,2.148203090221573e-21,2.1473558795912485e-14,0.005361849339900649,1.4221638546858542e-18,1.642929432658203e-18,7.824240375944655e-22,4.5660702396022634e-18,1.3838948005558163e-18,3.036975939377566e-17,1.9531250000000002e-24,1.329503762659395e-10,1.9531250000000002e-24
2024930_WZY_DM_assembly_Plate2C5,2024930_WZY_DM_assembly_Plate2,,C5,Plate2_C5,Butyrate,cycle 5,0.3495,True,True,explicit_user_selected_validation_only,not_assessable,0.180270371025,1.23498233216e-05,0.0,1.23498233216e-05,0.0120534275618,0.00313685512367,0.0,0.000111148409894,0.00175367491166,0.0888446289753,0.0,0.00186482332155,0.0,0.0,0.0,0.000358144876325,1.9531250000000002e-24,1.9531250000000002e-24,1.9531250000000002e-24,1.9531250000000002e-24,3.1847542430660176e-14,0.020458636883845447,0.05852888958623153,1.922697433938672e-05,0.0011600066208829073,1.4580116005485515e-13,3.12025951342673e-06,0.0011386696599257164,0.061558005866493744,1.9531250000000002e-24,0.04450001709586076,1.9531250000000002e-24
2024930_WZY_DM_assembly_Plate2C6,2024930_WZY_DM_assembly_Plate2,,C6,Plate2_C6,Butyrate,cycle 5,0.2605,True,True,explicit_user_selected_validation_only,not_assessable,0.138679970264,0.000835129861079,0.0,0.0,0.00014523997584,0.00531336244947,0.0,7.26199879199e-05,0.00147660642104,0.0319285880221,0.0,0.0,0.0,0.0,0.0,0.00010892998188,1.9531250000000002e-24,1.9531250000000002e-24,1.9531250000000002e-24,1.9531250000000002e-24,5.932279454307592e-17,0.0027125113522048065,0.023814585777933443,2.404006752615684e-09,7.3133798716875914e-09,2.777504308721405e-17,2.4679842004341934e-10,2.2411608037510726e-09,2.0475755768768057e-06,1.9531250000000002e-24,0.029843486472243885,1.9531250000000002e-24
2024930_WZY_DM_assembly_Plate2C7,2024930_WZY_DM_assembly_Plate2,,C7,Plate2_C7,Urea,cycle 5,0.2715,True,True,explicit_user_selected_validation_only,not_assessable,0.0561526958719,0.00221103622578,0.0,0.0,0.0374732518955,0.00278285593934,0.0,0.00015248525695,0.0062900168492,0.0056800758214,0.0,0.0,0.0,0.0,0.0,0.0,1.9531250000000002e-24,1.9531250000000002e-24,1.9531250000000002e-24,1.9531250000000002e-24,2.662494832431748e-19,2.0636998821809107e-11,0.010835929106510189,2.562439379066854e-14,2.5590713706187035e-14,1.1622821408155296e-19,3.951729081421631e-15,1.0945810984186056e-14,4.4557954863898015e-12,1.9531250000000002e-24,0.0025418999752814496,1.9531250000000002e-24
2024930_WZY_DM_assembly_Plate2C8,2024930_WZY_DM_assembly_Plate2,,C8,Plate2_C8,Urea,cycle 5,0.1725,True,True,explicit_user_selected_validation_only,not_assessable,0.13290438676,0.000479058036726,0.0,0.0,0.011272528905,0.000127097030152,0.0,0.0,0.00159360122421,0.0071858705509,0.0,0.0,0.0,0.0,0.0,7.82135570165e-05,1.9531250000000002e-24,1.9531250000000002e-24,1.9531250000000002e-24,1.9531250000000002e-24,2.910230334142794e-17,1.8562163992327563e-08,0.0007507341494916532,1.3318224523319378e-09,1.0997895153764358e-09,1.9520419380976148e-17,2.3512265414104887e-11,1.78230595406296e-10,1.1170251315412613e-06,1.9531250000000002e-24,0.027084670906689496,1.9531250000000002e-24
2024930_WZY_DM_assembly_Plate2C9,2024930_WZY_DM_assembly_Plate2,,C9,Plate2_C9,Urea,cycle 5,0.2215,True,True,explicit_user_selected_validation_only,not_assessable,0.1430846661,0.000602977456402,0.0,6.59506592939e-05,0.0114659931944,0.00125306252658,0.0,0.0,0.00130017014037,0.00539853253934,0.0,0.0265310080817,0.0,0.0,0.0,0.000103636750319,1.9531250000000002e-24,1.9531250000000002e-24,1.9531250000000002e-24,1.9531250000000002e-24,9.153868774556527e-15,0.0003958667861284291,6.145842568917177e-05,3.0968051720892733e-06,2.2342889818613915e-06,5.289882448316083e-09,4.4995618017116337e-10,3.6609260936826886e-07,0.007942104937855035,1.9531250000000002e-24,0.04045835527480124,1.9531250000000002e-24
2024930_WZY_DM_assembly_Plate2D10,2024930_WZY_DM_assembly_Plate2,,D10,Plate2_D10,Glutamate,cycle 5,0.4235,True,True,explicit_user_selected_validation_only,not_assessable,0.245234600705,0.00110662066941,0.0,4.97357604228e-05,0.0192353053435,0.00650295067528,0.0,6.21697005285e-05,0.00281007046389,0.021286905461,0.0,0.0,0.0,9.94715208456e-05,0.0,0.000136773341163,1.9531250000000002e-24,1.9531250000000002e-24,1.9531250000000002e-24,1.9531250000000002e-24,7.84099439007753e-11,0.016499171572451746,0.02183237702239619,6.183807870918754e-05,0.0007035586825967545,1.5435152900134805e-11,0.024810903950801023,0.03230650660343161,0.20248827192210841,1.9531250000000002e-24,0.05828721540791133,1.9531250000000002e-24
2024930_WZY_DM_assembly_Plate2D11,2024930_WZY_DM_assembly_Plate2,,D11,Plate2_D11,Glutamate,cycle 5,0.2505,True,True,explicit_user_selected_validation_only,not_assessable,0.0495138162808,0.00140309932786,0.0,0.000218259895444,0.0294962658701,0.000124719940254,0.0,0.0,0.00505115758028,0.00177725914862,0.0,6.2359970127e-05,0.0,0.0,0.0,0.0,1.9531250000000002e-24,1.9531250000000002e-24,1.9531250000000002e-24,1.9531250000000002e-24,2.4824996420180893e-20,5.9451543556030415e-15,4.678349488887656e-05,3.6730706303125156e-16,3.024343309976516e-16,1.796562216228828e-20,3.600847130073659e-17,1.2047561060818268e-16,2.670046391045663e-14,1.9531250000000002e-24,8.210557008910647e-07,1.9531250000000002e-24
2024930_WZY_DM_assembly_Plate2D12,2024930_WZY_DM_assembly_Plate2,,D12,Plate2_D12,Glutamate,cycle 5,0.1905,True,True,explicit_user_selected_validation_only,not_assessable,0.0346562829483,0.000967746573373,0.0,0.00051126234065,0.0178394038148,0.00578822007093,0.0,0.0,0.000328668647561,0.0136580082431,0.0,0.00299453656666,0.0,0.0,0.0,0.0,1.9531250000000002e-24,1.9531250000000002e-24,1.9531250000000002e-24,1.9531250000000002e-24,5.733256781260297e-21,1.9166960896032854e-13,0.004123305978093858,8.76895459022386e-18,1.4258400098527394e-17,1.105233853232493e-20,4.924525169926828e-18,1.0256402297389668e-17,2.820177954391428e-16,1.9531250000000002e-24,7.452222118280047e-10,1.9531250000000002e-24
2024930_WZY_DM_assembly_Plate2D1,2024930_WZY_DM_assembly_Plate2,,D1,Plate2_D1,Succinate,cycle 5,0.2235,True,True,explicit_user_selected_validation_only,not_assessable,0.0625663664614,0.000205789261668,0.0,0.0,0.00357558842148,0.00080386430339,0.0,0.0,0.000546627726305,0.00568492835357,0.0,0.0,0.0,3.21545721356e-05,0.0,4.50164009898e-05,1.9531250000000002e-24,1.9531250000000002e-24,1.9531250000000002e-24,1.9531250000000002e-24,4.597368047654284e-21,3.468643337792376e-16,1.817774570096681e-11,2.0175361209113366e-17,2.0437902148967292e-17,3.6726002407827566e-21,3.612742513864784e-18,9.052971690293208e-18,7.629825496509695e-16,1.9531250000000002e-24,4.361150829274968e-10,1.9531250000000002e-24
2024930_WZY_DM_assembly_Plate2D2,2024930_WZY_DM_assembly_Plate2,,D2,Plate2_D2,Succinate,cycle 5,0.2285,True,True,explicit_user_selected_validation_only,not_assessable,0.0393084501879,0.00110993492805,0.0,0.0,0.0137171203373,0.00446068188067,0.0,0.000125653010723,0.00316226743653,0.0132145082944,0.0,4.18843369077e-05,0.0,0.0,0.0,0.000104710842269,1.9531250000000002e-24,1.9531250000000002e-24,1.9531250000000002e-24,1.9531250000000002e-24,3.0182421211798875e-21,8.05473870176187e-14,0.011243139938377366,3.0864649784750033e-18,5.101903491300098e-18,1.5450273318092736e-21,2.5480332912334604e-18,3.985709103425735e-18,8.009314212167349e-17,1.9531250000000002e-24,1.667067115646856e-10,1.9531250000000002e-24
2024930_WZY_DM_assembly_Plate2D3,2024930_WZY_DM_assembly_Plate2,,D3,Plate2_D3,Succinate,cycle 5,0.2515,True,True,explicit_user_selected_validation_only,not_assessable,0.0648084463542,0.0018236873909,0.0,0.0,0.0264772391567,0.00124956358265,0.0,0.0,0.0044916744998,0.0,0.0,0.0,0.0,0.0,0.0,0.000168859943601,1.9531250000000002e-24,1.9531250000000002e-24,1.9531250000000002e-24,1.9531250000000002e-24,1.3000000112153616e-19,8.194739709242109e-14,8.874998570229652e-08,8.612698905937473e-15,6.310667564678353e-15,6.407984657293484e-20,8.562236389424013e-16,2.2511629609790974e-15,1.2522052943647152e-12,1.9531250000000002e-24,0.00022771169688642464,1.9531250000000002e-24
2024930_WZY_DM_assembly_Plate2D4,2024930_WZY_DM_assembly_Plate2,,D4,Plate2_D4,Succinate,cycle 5,0.2165,True,True,explicit_user_selected_validation_only,not_assessable,0.0886063229814,0.000118335403727,0.0,0.0,0.000607813664596,0.000188260869565,0.0,8.06832298137e-05,0.000683118012422,0.00752505590062,0.0,0.0195576149068,0.0,0.0,0.0,0.0,1.9531250000000002e-24,1.9531250000000002e-24,1.9531250000000002e-24,1.9531250000000002e-24,1.4164898140088272e-18,7.278381171296499e-11,4.556245919447571e-07,3.9917812708323706e-13,3.5954236039238323e-13,4.681256262399128e-14,3.759071657113503e-16,7.22501441839358e-14,1.352912429234625e-10,1.9531250000000002e-24,0.009560203187449231,1.9531250000000002e-24
2024930_WZY_DM_assembly_Plate2D5,2024930_WZY_DM_assembly_Plate2,,D5,Plate2_D5,Succinate,cycle 5,0.3325,True,True,explicit_user_selected_validation_only,not_assessable,0.0464049646068,0.00015903003635,0.0,0.0,0.0196561124928,0.00690190357758,0.0,0.0,0.00273531662522,0.0,0.0,0.00839678591927,0.0,6.36120145399e-05,0.0,0.0,1.9531250000000002e-24,1.9531250000000002e-24,1.9531250000000002e-24,1.9531250000000002e-24,5.647990599323149e-20,2.2322160090510073e-13,3.669550566226059e-12,8.14655082408671e-16,5.885392494615053e-16,1.833432511615354e-18,1.3719948983545997e-16,2.590479729564776e-16,7.252536878879536e-14,1.9531250000000002e-24,1.2115869292075826e-05,1.9531250000000002e-24
2024930_WZY_DM_assembly_Plate2D6,2024930_WZY_DM_assembly_Plate2,,D6,Plate2_D6,Succinate,cycle 5,0.2535,True,True,explicit_user_selected_validation_only,not_assessable,0.0204828094993,0.000403719143754,0.0,0.0,0.00742130778959,0.00032060049651,0.0,4.74963698534e-05,0.000154363202024,0.00645950630006,0.0,3.562227739e-05,0.0,0.0,0.0,5.93704623167e-05,1.9531250000000002e-24,1.9531250000000002e-24,1.9531250000000002e-24,1.9531250000000002e-24,5.897130056155363e-23,5.0283221460603725e-20,2.0912269780457772e-13,1.9489448245531293e-21,2.4474195753025616e-21,1.9531250000000002e-24,9.323512182395963e-22,1.8942112255894633e-21,9.505066596522226e-21,1.9531250000000002e-24,4.097635834680704e-18,1.9531250000000002e-24
2024930_WZY_DM_assembly_Plate2D7,2024930_WZY_DM_assembly_Plate2,,D7,Plate2_D7,Glutamate,cycle 5,0.2965,True,True,explicit_user_selected_validation_only,not_assessable,0.201623468343,0.000450884632256,0.0,0.0,0.014948559731,0.000225442316128,0.0,0.0,0.000216771457815,0.00606092996052,0.0,0.0,0.0,0.0,0.0,0.000112721158064,1.9531250000000002e-24,1.9531250000000002e-24,1.9531250000000002e-24,1.9531250000000002e-24,9.000433249726566e-14,0.0022896732262679196,7.92776130177246e-05,3.218743881884234e-05,4.513574339243327e-05,4.1613453046186943e-14,3.046036192631316e-05,0.0003041257900840963,0.10098161169160523,1.9531250000000002e-24,0.045027972832941326,1.9531250000000002e-24
2024930_WZY_DM_assembly_Plate2D8,2024930_WZY_DM_assembly_Plate2,,D8,Plate2_D8,Glutamate,cycle 5,0.3835,True,True,explicit_user_selected_validation_only,not_assessable,0.0217814876426,0.000121514575412,0.0,0.0,0.0236497742395,0.00478463640684,0.0,3.0378643853e-05,0.000349354404309,0.0240598859316,0.0,4.55679657795e-05,0.0,0.0,4.55679657795e-05,0.000182271863118,1.9531250000000002e-24,1.9531250000000002e-24,1.9531250000000002e-24,1.9531250000000002e-24,1.1453787065942947e-21,8.263999112904307e-13,0.015581030180182299,6.365357946333952e-19,1.7995201326640117e-18,7.815264620755856e-22,7.267026983114099e-19,1.6270909977635352e-18,1.175144454986801e-17,1.9531250000000002e-24,2.2824218985111857e-12,1.9531250000000002e-24
2024930_WZY_DM_assembly_Plate2D9,2024930_WZY_DM_assembly_Plate2,,D9,Plate2_D9,Glutamate,cycle 5,0.5655,True,True,explicit_user_selected_validation_only,not_assessable,0.390755266357,0.000659467037193,0.0,0.0,0.0110565962832,0.000392873979604,0.0,4.20936406719e-05,0.00133296528794,0.00263786814877,0.0,0.0,0.0,0.0,0.0,0.0,1.9531250000000002e-24,1.9531250000000002e-24,1.9531250000000002e-24,1.9531250000000002e-24,3.186622553021512e-05,0.02074344020956217,0.00901565415422367,0.00010051891416644192,0.0057960066026429904,7.057957742254218e-06,0.00047632637719120113,0.06985472748950364,0.32514476205185094,1.9531250000000002e-24,0.08368490431647115,1.9531250000000002e-24
2024930_WZY_DM_assembly_Plate2E10,2024930_WZY_DM_assembly_Plate2,,E10,Plate2_E10,Acid_mix,cycle 5,0.3025,True,True,explicit_user_selected_validation_only,not_assessable,0.0648553207298,0.000158163405707,0.0,0.000541085335315,0.00462003632461,0.00193125842758,0.0,2.49731693222e-05,0.000457841437574,0.0485478411624,0.0,0.153818074245,0.0,4.16219488704e-05,0.0,0.000133190236385,1.9531250000000002e-24,1.9531250000000002e-24,1.9531250000000002e-24,1.9531250000000002e-24,1.1524753659112551e-09,0.021456415883531813,0.03285841180514318,2.198217025426678e-05,0.00025851155396039877,0.021317298034532594,1.2447125763386427e-16,0.0020090213443737215,0.13719029605496208,1.9531250000000002e-24,0.0584796137708717,1.9531250000000002e-24
2024930_WZY_DM_assembly_Plate2E11,2024930_WZY_DM_assembly_Plate2,,E11,Plate2_E11,Acid_mix,cycle 5,0.1445,True,True,explicit_user_selected_validation_only,not_assessable,0.0181356275304,0.00121085585161,0.0,0.00131969682704,0.00949637510592,2.72102438565e-05,0.0,5.4420487713e-05,0.00131969682704,0.0025033424348,0.0,0.0153873929009,0.0,0.000258497316637,0.0,0.0,1.9531250000000002e-24,1.9531250000000002e-24,1.9531250000000002e-24,1.9531250000000002e-24,1.0174293595492081e-21,3.1655870975636425e-18,2.649589006389026e-15,8.862948394704017e-20,8.470660394393086e-20,3.1866660693518727e-18,8.344877603953605e-22,4.2124328952474825e-20,1.148782881782535e-18,1.9531250000000002e-24,1.4416764503099092e-13,1.9531250000000002e-24
2024930_WZY_DM_assembly_Plate2E12,2024930_WZY_DM_assembly_Plate2,,E12,Plate2_E12,Acid_mix,cycle 5,0.1185,True,True,explicit_user_selected_validation_only,not_assessable,0.00115752800208,0.000216071893722,0.0,0.00197551445689,0.0111740036468,0.00563330294347,0.0,7.71685334723e-05,0.00143533472258,0.0367476556395,0.0,0.0,0.0,7.71685334723e-05,0.0,0.000401276374056,1.9531250000000002e-24,1.9531250000000002e-24,1.9531250000000002e-24,1.9531250000000002e-24,5.297976336828836e-23,1.2418205389596367e-12,0.02394148954862366,5.758554891532135e-22,3.541527483121164e-21,1.9531250000000002e-24,1.5793965568766322e-21,5.526862286725691e-21,2.2413151820987062e-21,1.9531250000000002e-24,5.629172252548886e-18,1.9531250000000002e-24
2024930_WZY_DM_assembly_Plate2E1,2024930_WZY_DM_assembly_Plate2,,E1,Plate2_E1,Pyruvate,cycle 5,0.1505,True,True,explicit_user_selected_validation_only,not_assessable,7.04060628743e-05,0.000746304266467,0.0,0.0,0.0177141654192,0.0121802488772,0.00249237462575,0.0,0.00256278068862,0.059816991018,0.0,0.0,5.63248502994e-05,0.00107017215569,0.000506923652695,0.0,1.9531250000000002e-24,1.9531250000000002e-24,1.9531250000000002e-24,1.9531250000000002e-24,4.1977549392755054e-22,9.13357719238933e-05,0.03940370545071622,3.205977323127976e-20,6.747478760168031e-19,1.9531250000000002e-24,6.426468927847345e-19,1.957057825926285e-18,2.7392807340762944e-19,1.9531250000000002e-24,8.616568393075683e-13,1.9531250000000002e-24
2024930_WZY_DM_assembly_Plate2E2,2024930_WZY_DM_assembly_Plate2,low growth,E2,Plate2_E2,Pyruvate,cycle 5,-0.0185,False,False,explicit_user_selected_validation_only,not_assessable,0.0,0.0,0.0,0.0,0.0,0.0,0.0,0.0,0.0,0.0,0.0,0.0,0.0,0.0,0.0,0.0,1.9531250000000002e-24,1.9531250000000002e-24,1.9531250000000002e-24,1.9531250000000002e-24,1.9531250000000002e-24,1.9531250000000002e-24,1.9531250000000002e-24,1.9531250000000002e-24,1.9531250000000002e-24,1.9531250000000002e-24,1.9531250000000002e-24,1.9531250000000002e-24,1.9531250000000002e-24,1.9531250000000002e-24,1.9531250000000002e-24,1.9531250000000002e-24
2024930_WZY_DM_assembly_Plate2E3,2024930_WZY_DM_assembly_Plate2,low growth,E3,Plate2_E3,Pyruvate,cycle 5,-0.0085,False,False,explicit_user_selected_validation_only,not_assessable,0.0,0.0,0.0,0.0,0.0,0.0,0.0,0.0,0.0,0.0,0.0,0.0,0.0,0.0,0.0,0.0,1.9531250000000002e-24,1.9531250000000002e-24,1.9531250000000002e-24,1.9531250000000002e-24,1.9531250000000002e-24,1.9531250000000002e-24,1.9531250000000002e-24,1.9531250000000002e-24,1.9531250000000002e-24,1.9531250000000002e-24,1.9531250000000002e-24,1.9531250000000002e-24,1.9531250000000002e-24,1.9531250000000002e-24,1.9531250000000002e-24,1.9531250000000002e-24
2024930_WZY_DM_assembly_Plate2E4,2024930_WZY_DM_assembly_Plate2,,E4,Plate2_E4,Pyruvate,cycle 5,0.0595,True,True,explicit_user_selected_validation_only,not_assessable,3.23516085184e-05,4.85274127775e-05,0.0,0.0,0.00748400543725,0.000210285455369,0.000102446760308,2.69596737653e-05,0.000242637063888,0.00102985953783,0.0,1.07838695061e-05,0.0,0.000183325781604,0.0,0.0,1.9531250000000002e-24,1.9531250000000002e-24,1.9531250000000002e-24,1.9531250000000002e-24,1.9531250000000002e-24,1.9531250000000002e-24,7.390876386761904e-22,1.3708248491994286e-23,1.413694461264345e-23,1.9531250000000002e-24,1.126444240271201e-23,1.3001180231137978e-23,2.0757935899391893e-23,1.9531250000000002e-24,1.3881290585187658e-22,1.9531250000000002e-24
2024930_WZY_DM_assembly_Plate2E5,2024930_WZY_DM_assembly_Plate2,,E5,Plate2_E5,Pyruvate,cycle 5,0.2005,True,True,explicit_user_selected_validation_only,not_assessable,4.87537993921e-05,0.000536291793313,0.0,0.0,0.00844659574468,0.000938510638298,0.00240112462006,3.65653495441e-05,0.000597234042553,2.4376899696e-05,0.0,0.0,0.0,0.000158449848024,0.0,0.0,1.9531250000000002e-24,1.9531250000000002e-24,1.9531250000000002e-24,1.9531250000000002e-24,8.045495610052646e-24,1.9531250000000002e-24,1.9531250000000002e-24,3.71513611517328e-23,3.667448404398777e-23,1.9531250000000002e-24,3.2804629736075594e-23,2.8896458764449685e-23,7.105980284705234e-23,1.9531250000000002e-24,1.9472761411275806e-21,1.9531250000000002e-24
2024930_WZY_DM_assembly_Plate2E6,2024930_WZY_DM_assembly_Plate2,,E6,Plate2_E6,Pyruvate,cycle 5,0.1365,True,True,explicit_user_selected_validation_only,not_assessable,5.99560761347e-05,0.0,0.0,0.0,0.00935314787701,0.00286789897511,0.0059656295754,9.9926793557e-06,0.00018986090776,0.0,0.0,0.0,0.0,0.000139897510981,0.0,0.0,1.9531250000000002e-24,1.9531250000000002e-24,1.9531250000000002e-24,1.9531250000000002e-24,1.3482451701739768e-23,4.472281461529933e-22,1.9531250000000002e-24,1.9139826737406545e-22,1.8071226075128353e-22,1.9531250000000002e-24,2.452484234248284e-22,1.0313878008345141e-22,5.22724924112152e-22,1.9531250000000002e-24,6.596643024227508e-20,1.9531250000000002e-24
2024930_WZY_DM_assembly_Plate2E7,2024930_WZY_DM_assembly_Plate2,,E7,Plate2_E7,Acid_mix,cycle 5,0.3265,True,True,explicit_user_selected_validation_only,not_assessable,0.0270624441466,0.000583556747096,0.0,0.0,0.0134947497766,0.00474139857015,0.0,0.0,0.0010941689008,0.00547084450402,0.0,0.119483243968,0.0,0.00131300268097,0.0,0.0,1.9531250000000002e-24,1.9531250000000002e-24,1.9531250000000002e-24,1.9531250000000002e-24,2.327979845414793e-13,0.008091883406109864,5.568787032762057e-07,1.794978803706337e-07,1.1210200048473174e-07,0.01594814001377893,6.196181826509091e-19,7.503806605895335e-09,0.0004247738069423401,1.9531250000000002e-24,0.043900505220755094,1.9531250000000002e-24
2024930_WZY_DM_assembly_Plate2E8,2024930_WZY_DM_assembly_Plate2,,E8,Plate2_E8,Acid_mix,cycle 5,0.2605,True,True,explicit_user_selected_validation_only,not_assessable,0.0584646061617,0.000248213434969,0.0,0.0,0.0136413966968,0.00814967444815,0.0,0.000144791170399,0.00122038272193,0.0506458829601,0.0,0.0512147054153,0.0,0.000806693663649,0.0,0.000113764491027,1.9531250000000002e-24,1.9531250000000002e-24,1.9531250000000002e-24,1.9531250000000002e-24,2.9722927709068925e-16,0.012771933021878942,0.034067371638867104,2.4742220385824835e-10,1.876539413628857e-09,5.056464617395445e-05,3.74080064439197e-15,5.926363338665257e-10,1.834150151195389e-07,1.9531250000000002e-24,0.032338539862789444,1.9531250000000002e-24
2024930_WZY_DM_assembly_Plate2E9,2024930_WZY_DM_assembly_Plate2,,E9,Plate2_E9,Acid_mix,cycle 5,0.1185,True,True,explicit_user_selected_validation_only,not_assessable,0.0457368421053,0.000730440967283,0.0,0.000430772878141,0.000655523944998,0.00250972024656,0.0,0.000149834044571,0.000486960644855,0.0070609293504,0.0,0.0,0.0,0.000430772878141,0.0,0.0,1.9531250000000002e-24,1.9531250000000002e-24,1.9531250000000002e-24,1.9531250000000002e-24,8.55437150711038e-22,5.0181187665948063e-17,2.4318990717599994e-10,3.6966540429545708e-19,4.5769088413072785e-19,1.9531250000000002e-24,1.701667876553905e-19,3.0226261454822386e-19,5.370045630993342e-18,1.9531250000000002e-24,4.156166361581808e-13,1.9531250000000002e-24
2024930_WZY_DM_assembly_Plate2F10,2024930_WZY_DM_assembly_Plate2,,F10,Plate2_F10,Host_sugar_mix,cycle 5,0.9255,True,True,explicit_user_selected_validation_only,not_assessable,0.00174919000231,5.94962585821e-05,0.0196932615907,0.000821048368433,0.168195923012,0.0338533711332,0.00113042891306,0.0558193898017,0.00279632415336,0.0257856784695,0.000190388027463,0.0,0.00931711409396,0.370316612667,0.000773451361568,0.0102214572244,1.9531250000000002e-24,1.9531250000000002e-24,1.9531250000000002e-24,1.9531250000000002e-24,0.030041710361365954,0.06289557691049535,1.774053059578884e-22,2.1126109924776287e-20,4.595140561781125e-20,0.010995919016508305,2.0634557982583953e-24,2.13566938375e-24,0.294770312498329,1.9531250000000002e-24,0.1891699488460659,1.9531250000000002e-24
2024930_WZY_DM_assembly_Plate2F11,2024930_WZY_DM_assembly_Plate2,,F11,Plate2_F11,Host_sugar_mix,cycle 5,0.8325,True,True,explicit_user_selected_validation_only,not_assessable,0.0512640234928,0.00075133292605,0.00290130099136,0.000127148649024,0.00683135014301,0.0161016425537,0.000219620393769,0.134974070423,0.00644990419594,0.00428837716253,0.0,0.0,0.00950147177251,0.271473924634,0.00153734275638,0.00486632556719,1.9531250000000002e-24,1.9531250000000002e-24,1.9531250000000002e-24,1.9531250000000002e-24,1.0724407474825407e-05,0.043041713054304674,4.3300861677501253e-07,0.00016084199704414167,0.001032202650690914,0.00011483814538750298,1.63861695643109e-21,2.202130210275475e-20,0.0743427138990744,1.9531250000000002e-24,0.13804323150833367,1.9531250000000002e-24
2024930_WZY_DM_assembly_Plate2F12,2024930_WZY_DM_assembly_Plate2,,F12,Plate2_F12,Host_sugar_mix,cycle 5,0.9485,True,True,explicit_user_selected_validation_only,not_assessable,0.00162010287903,0.000599344417677,0.0040736690889,0.0,0.0179709677738,0.00248166047944,0.000121741834841,0.158414221397,0.0113594496663,0.0322896805023,0.0,2.80942695786e-05,0.000243483669681,0.274696403183,0.0,0.000833463330832,1.9531250000000002e-24,1.9531250000000002e-24,1.9531250000000002e-24,1.9531250000000002e-24,1.0954940530113818e-09,0.042576885537559755,0.0066099105529886576,0.0028796067059458858,0.018415796936172946,8.227498596796006e-06,1.4072233696317857e-20,7.248726736335263e-20,7.718823783977939e-07,1.9531250000000002e-24,0.12919115709460552,1.9531250000000002e-24
2024930_WZY_DM_assembly_Plate2F1,2024930_WZY_DM_assembly_Plate2,,F1,Plate2_F1,Lactate,cycle 5,0.1955,True,True,explicit_user_selected_validation_only,not_assessable,0.0333290112681,0.001824377083,0.0,9.30804634185e-05,0.00423826376766,0.00520009522298,0.0,0.0,9.92858276464e-05,0.0154947944771,0.0,0.034470798286,0.0,0.00023580384066,0.0,0.00011790192033,1.9531250000000002e-24,1.9531250000000002e-24,1.9531250000000002e-24,1.9531250000000002e-24,2.158812361049137e-19,5.714518965177798e-10,0.007193681673467736,3.826910378825195e-16,6.296445342260152e-16,9.438864879355122e-12,2.1931752402043307e-19,2.9746415864387804e-16,4.116517930237836e-14,1.9531250000000002e-24,5.9573402877887505e-05,1.9531250000000002e-24
2024930_WZY_DM_assembly_Plate2F2,2024930_WZY_DM_assembly_Plate2,,F2,Plate2_F2,Lactate,cycle 5,0.1855,True,True,explicit_user_selected_validation_only,not_assessable,0.0185004112688,0.0178900884228,0.0,0.00427225992186,0.0455071972034,0.0439050997327,0.0,0.0,0.000572177668106,0.000724758379601,0.0,0.0,0.0,0.00865895537734,0.0,0.00030516142299,1.9531250000000002e-24,1.9531250000000002e-24,1.9531250000000002e-24,1.9531250000000002e-24,2.169906247274525e-15,0.00977316634168574,1.9211158499663723e-08,5.3567113919225784e-11,1.2999229210542522e-10,6.85424279468551e-20,2.2974597536273046e-07,1.4266269331936036e-09,3.381529475063038e-09,1.9531250000000002e-24,0.03680770790966904,1.9531250000000002e-24
2024930_WZY_DM_assembly_Plate2F3,2024930_WZY_DM_assembly_Plate2,,F3,Plate2_F3,Lactate,cycle 5,0.2805,True,True,explicit_user_selected_validation_only,not_assessable,0.111187658956,0.00465405110815,0.0,0.000305740583747,0.0079832263534,0.000747365871382,0.0,0.0,6.79423519438e-05,0.0745667312583,0.0,0.0,0.0,0.00659040813855,0.0,0.000305740583747,1.9531250000000002e-24,1.9531250000000002e-24,1.9531250000000002e-24,1.9531250000000002e-24,1.5255498351415224e-17,0.013299727774195372,0.046759620441992035,5.527421526484998e-11,2.3905841849553866e-09,2.035286089228698e-17,8.056027413517227e-13,2.057547563855744e-09,1.0950930072620574e-08,1.9531250000000002e-24,0.026436275746328716,1.9531250000000002e-24
2024930_WZY_DM_assembly_Plate2F4,2024930_WZY_DM_assembly_Plate2,,F4,Plate2_F4,Lactate,cycle 5,0.1965,True,True,explicit_user_selected_validation_only,not_assessable,0.00916132956979,0.000669408214911,0.0,0.00219948413471,0.00367218220751,0.00292627019661,0.000114755693985,0.000172133540977,0.000133881642982,0.00485799104536,0.0,0.0,0.0,0.00545089546428,0.0,0.0,1.9531250000000002e-24,1.9531250000000002e-24,1.9531250000000002e-24,1.9531250000000002e-24,3.3871696790012726e-23,1.4575439148706574e-19,1.7324887144389102e-15,5.273249520269896e-22,8.1527806461998215e-22,1.9531250000000002e-24,2.175429447732904e-22,7.912019492603006e-22,7.707362972199984e-22,1.9531250000000002e-24,4.213686913864679e-18,1.9531250000000002e-24
2024930_WZY_DM_assembly_Plate2F5,2024930_WZY_DM_assembly_Plate2,,F5,Plate2_F5,Lactate,cycle 5,0.2745,True,True,explicit_user_selected_validation_only,not_assessable,0.0041919674392,0.00202211645195,0.0,0.000406269972081,0.000120034309933,0.00644491910256,0.0,5.54004507383e-05,0.000480137239732,0.0173403410811,0.0,0.0256781089172,0.0,0.00420120084766,0.0,0.000138501126846,1.9531250000000002e-24,1.9531250000000002e-24,1.9531250000000002e-24,1.9531250000000002e-24,2.0754102677633806e-21,1.2248746531159329e-12,0.009424161834260114,5.985231278916059e-20,1.5764397752582033e-19,1.1350047823028945e-15,4.673866020287923e-22,1.719948945620691e-19,4.573160369068808e-19,1.9531250000000002e-24,9.702042164347957e-12,1.9531250000000002e-24
2024930_WZY_DM_assembly_Plate2F6,2024930_WZY_DM_assembly_Plate2,,F6,Plate2_F6,Lactate,cycle 5,0.2185,True,True,explicit_user_selected_validation_only,not_assessable,0.0107515873016,0.00184973544974,0.0,0.000520238095238,0.000115608465608,0.00111754850088,1.92680776014e-05,7.70723104056e-05,0.00119462081129,0.0224473104056,0.0,0.0,0.0,0.0014258377425,0.0,0.00026975308642,1.9531250000000002e-24,1.9531250000000002e-24,1.9531250000000002e-24,1.9531250000000002e-24,2.0319333037144733e-23,3.1433071447744104e-17,0.014396283476899275,8.261328905338347e-23,2.8526820820646293e-22,1.9531250000000002e-24,6.121186206965295e-23,4.229385539640329e-22,1.716753079463345e-22,1.9531250000000002e-24,7.094809877560574e-20,1.9531250000000002e-24
2024930_WZY_DM_assembly_Plate2F7,2024930_WZY_DM_assembly_Plate2,,F7,Plate2_F7,Host_sugar_mix,cycle 5,1.0175,True,True,explicit_user_selected_validation_only,not_assessable,0.0848085085253,0.000521211202526,0.0196358342829,0.000138280523119,0.16968083883,0.00286134313223,0.00165936627743,0.12686706148,0.00949880824195,0.0192741775301,0.0,0.0,0.00785007892784,0.265902808995,0.0027762474257,2.12739266337e-05,1.9531250000000002e-24,1.9531250000000002e-24,1.9531250000000002e-24,1.9531250000000002e-24,0.03479022710568701,0.0515787482821449,5.776358913543247e-16,9.339870038419209e-14,4.014401987939023e-13,0.010247472618860876,3.527729750183469e-24,4.428402502635569e-24,0.3226717919521314,1.9531250000000002e-24,0.17514937328217944,1.9531250000000002e-24
2024930_WZY_DM_assembly_Plate2F8,2024930_WZY_DM_assembly_Plate2,,F8,Plate2_F8,Host_sugar_mix,cycle 5,1.1495,True,True,explicit_user_selected_validation_only,not_assessable,0.1139589112,0.00109215377634,0.00282003885533,0.000423820868431,0.031753963527,0.0579004509487,0.00272223403954,0.002347315579,0.0086720270002,0.00370028219745,0.00202129952636,0.0,0.00350467256587,0.410421608667,0.00190719390794,0.00409150146062,1.9531250000000002e-24,1.9531250000000002e-24,1.9531250000000002e-24,1.9531250000000002e-24,0.005200320762181663,0.06702285001579293,1.5444532569480362e-23,3.789600985228557e-22,6.041810624363523e-22,0.011014607153945253,2.004444480117999e-24,2.1048447256531236e-24,0.26843539078062995,1.9531250000000002e-24,0.19348086882760232,1.9531250000000002e-24
2024930_WZY_DM_assembly_Plate2F9,2024930_WZY_DM_assembly_Plate2,,F9,Plate2_F9,Host_sugar_mix,cycle 5,0.9225,True,True,explicit_user_selected_validation_only,not_assessable,0.00861696607042,0.000260045615294,0.000260045615294,1.18202552406e-05,0.0890892637487,0.0302834939265,0.000851058377326,0.136937656963,0.000803777356363,0.00534275536877,1.18202552406e-05,0.0052954743478,0.00737583927016,0.309300618882,0.0019503421147,0.00332149172262,1.9531250000000002e-24,1.9531250000000002e-24,1.9531250000000002e-24,1.9531250000000002e-24,0.00343429154500396,0.05182364276993191,1.359447784661944e-15,2.6107368492707935e-12,1.1642888673007376e-11,0.006893180361808046,3.923291435067892e-24,5.210895289145923e-24,0.20574078280197539,1.9531250000000002e-24,0.1640750186334843,1.9531250000000002e-24
2024930_WZY_DM_assembly_Plate2G10,2024930_WZY_DM_assembly_Plate2,,G10,Plate2_G10,Master_mix,cycle 5,0.7635,True,True,explicit_user_selected_validation_only,not_assessable,0.141213766431,0.000523290823195,0.00029902332754,3.73779159425e-05,0.00452272782905,0.0102602379262,0.00114002643625,0.10041577118,0.0109517293712,0.00641031258414,0.0,7.47558318851e-05,0.01298882579,0.0642152595893,0.00545717572761,0.00545717572761,1.9531250000000002e-24,1.9531250000000002e-24,1.9531250000000002e-24,1.9531250000000002e-24,3.842608590995373e-07,0.023106933514897343,0.02392330641591563,0.0002063210339210529,0.11981347571917798,3.1632211305216296e-11,9.770019982786569e-06,0.03664542891172606,0.08709868513560812,1.9531250000000002e-24,0.08201640587004277,1.9531250000000002e-24
2024930_WZY_DM_assembly_Plate2G11,2024930_WZY_DM_assembly_Plate2,,G11,Plate2_G11,Master_mix,cycle 5,0.9235,True,True,explicit_user_selected_validation_only,not_assessable,0.0532191336305,5.77683947142e-05,0.0176049182892,8.66525920713e-05,0.0272233560091,0.0135466885605,0.000852083822035,0.126281710845,0.0109471107983,0.048568777856,0.0,0.0,0.00827532254281,0.0515005238877,0.0,0.00122757838768,1.9531250000000002e-24,1.9531250000000002e-24,1.9531250000000002e-24,1.9531250000000002e-24,1.0864315866338861e-08,0.024338103224905108,0.04725323079246447,5.697824280773243e-07,0.06386942860022025,5.250971827739867e-14,1.857943596118183e-09,0.0029236140950146387,0.0013429183656853113,1.9531250000000002e-24,0.07160413114050765,1.9531250000000002e-24
2024930_WZY_DM_assembly_Plate2G12,2024930_WZY_DM_assembly_Plate2,,G12,Plate2_G12,Master_mix,cycle 5,0.7395,True,True,explicit_user_selected_validation_only,not_assessable,0.0310939682966,1.10379724163e-05,0.0241510836468,0.000463594841483,0.00945954236074,0.00122521493821,0.000562936593229,0.0126164024718,0.00109275926921,0.00708637829124,0.0,0.0959751701594,0.00387432831811,0.38583232581,0.0,0.00035321511732,1.9531250000000002e-24,1.9531250000000002e-24,1.9531250000000002e-24,1.9531250000000002e-24,0.0012910737343805095,0.05468091291359679,3.774247907926115e-18,7.010303948393391e-15,2.1915064497860633e-14,0.02187938289336707,2.6100443378002374e-24,2.62639292240281e-24,0.19196945774476326,1.9531250000000002e-24,0.17077240937264315,1.9531250000000002e-24
2024930_WZY_DM_assembly_Plate2G1,2024930_WZY_DM_assembly_Plate2,,G1,Plate2_G1,Fucose,cycle 5,0.2985,True,True,explicit_user_selected_validation_only,not_assessable,0.142995737151,0.000432156358079,0.0,0.000200072388,0.00538594868495,0.00299308292448,0.000920332984799,0.0,0.00197671519344,0.0517387195367,0.0,0.0153815651894,0.0,0.00027209844768,0.0,0.00411348829727,1.9531250000000002e-24,1.9531250000000002e-24,1.9531250000000002e-24,1.9531250000000002e-24,3.712144216845837e-15,0.013434896785175935,0.03634158532886829,5.591571497277225e-07,4.336225865349373e-06,6.954849493981056e-12,9.248027349382235e-10,8.596351337672416e-07,0.001965812736917336,1.9531250000000002e-24,0.038330959023682686,1.9531250000000002e-24
2024930_WZY_DM_assembly_Plate2G2,2024930_WZY_DM_assembly_Plate2,,G2,Plate2_G2,Fucose,cycle 5,0.3035,True,True,explicit_user_selected_validation_only,not_assessable,0.189788243341,2.44226281484e-05,0.0,0.000219803653335,0.0138598414742,0.00350464713929,0.00594690995413,2.44226281484e-05,0.0011356522089,0.0386976543011,0.0,0.0189397481291,0.0,0.00169737265631,0.0,0.000744890158526,1.9531250000000002e-24,1.9531250000000002e-24,1.9531250000000002e-24,1.9531250000000002e-24,1.8756280075872736e-12,0.016287291384053007,0.028990969096787278,4.781652803212916e-05,0.0005257633188162593,2.328602310201208e-08,6.586900653765791e-05,0.009563927120632157,0.14457111202552989,1.9531250000000002e-24,0.05169087407253614,1.9531250000000002e-24
2024930_WZY_DM_assembly_Plate2G3,2024930_WZY_DM_assembly_Plate2,,G3,Plate2_G3,Fucose,cycle 5,0.4515,True,True,explicit_user_selected_validation_only,not_assessable,0.131075188498,0.0034888540252,0.0,0.00139554161008,0.00272764951061,0.00361572144429,0.0207428230225,0.0,0.000338313117595,0.0094939118625,0.0,0.0397940804571,0.0,0.00759090057603,0.0,0.00452493794783,1.9531250000000002e-24,1.9531250000000002e-24,1.9531250000000002e-24,1.9531250000000002e-24,2.9433482208639667e-13,0.008096423208364395,0.004476682734554308,3.518500117916801e-05,7.160780180868753e-05,3.4059528810118904e-05,1.8039807032758563e-09,3.1011301759803883e-05,0.07450128126182187,1.9531250000000002e-24,0.04866264012217126,1.9531250000000002e-24
2024930_WZY_DM_assembly_Plate2G4,2024930_WZY_DM_assembly_Plate2,,G4,Plate2_G4,Fucose,cycle 5,0.5215,True,True,explicit_user_selected_validation_only,not_assessable,0.0628900810811,0.00132489189189,0.0,0.00487672972973,0.00473578378378,0.00335451351351,0.0237634864865,0.00033827027027,0.0080902972973,0.125385513514,0.0,0.00436932432432,0.0,0.021903,0.0,0.00459483783784,1.9531250000000002e-24,1.9531250000000002e-24,1.9531250000000002e-24,1.9531250000000002e-24,4.914812100665092e-18,0.022552064595755074,0.08521598417379624,8.134190477600851e-11,8.107668232546582e-08,4.2640818710315533e-16,2.5476104521902938e-14,9.12045946527115e-13,2.46359988823196e-09,1.9531250000000002e-24,0.03424518792339053,1.9531250000000002e-24
2024930_WZY_DM_assembly_Plate2G5,2024930_WZY_DM_assembly_Plate2,,G5,Plate2_G5,Fucose,cycle 5,0.4815,True,True,explicit_user_selected_validation_only,not_assessable,0.1478140175,0.000706843599699,0.0,0.00107886654691,0.181863417744,0.00207402793069,0.000139508605204,3.7202294721e-05,2.79017210407e-05,0.0544362577505,0.0,0.0,5.58034420815e-05,0.00157179695196,0.00440847192444,0.000344121226169,1.9531250000000002e-24,1.9531250000000002e-24,1.9531250000000002e-24,1.9531250000000002e-24,6.171741757390995e-08,0.023613005563740207,0.039342523630103786,8.747796435059942e-05,0.010977508546317467,2.993641054585702e-08,3.0839860999918416e-05,0.05951195988052152,0.26974168096521134,1.9531250000000002e-24,0.07227803691414683,1.9531250000000002e-24
2024930_WZY_DM_assembly_Plate2G6,2024930_WZY_DM_assembly_Plate2,,G6,Plate2_G6,Fucose,cycle 5,0.3945,True,True,explicit_user_selected_validation_only,not_assessable,0.147606303631,0.000347373055474,0.0,0.00107617534833,0.133166482501,0.00164831920441,0.00948124104353,3.40561819092e-05,0.000102168545728,0.0197117180891,0.0,0.0,4.76786546729e-05,0.00447498230287,0.0,0.00420934408398,1.9531250000000002e-24,1.9531250000000002e-24,1.9531250000000002e-24,1.9531250000000002e-24,7.56699634007699e-10,0.016783826973042648,0.018035391911544428,8.477938609240902e-05,0.0016873552557316715,1.9221037778039324e-10,0.030915335344447178,0.04139902259181111,0.23261874077957087,1.9531250000000002e-24,0.06283526206879549,1.9531250000000002e-24
2024930_WZY_DM_assembly_Plate2G7,2024930_WZY_DM_assembly_Plate2,,G7,Plate2_G7,Master_mix,cycle 5,0.7845,True,True,explicit_user_selected_validation_only,not_assessable,0.094797078666,0.000549229887984,0.0548331148167,5.991598778e-05,0.00026962194501,0.00556220086558,0.000768921843177,0.0979826120163,0.000788893839104,0.00387456720978,0.0,0.0,0.000249649949084,0.425862869145,0.0,0.00281605142566,1.9531250000000002e-24,1.9531250000000002e-24,1.9531250000000002e-24,1.9531250000000002e-24,0.018349099430883857,0.0581613404278254,3.483842150191407e-21,1.4688158902938911e-18,4.6530326020464405e-18,0.010334184417749135,2.2764480560076456e-24,2.4137819624443464e-24,0.22007464866766419,1.9531250000000002e-24,0.19101290644342842,1.9531250000000002e-24
2024930_WZY_DM_assembly_Plate2G8,2024930_WZY_DM_assembly_Plate2,,G8,Plate2_G8,Master_mix,cycle 5,0.7775,True,True,explicit_user_selected_validation_only,not_assessable,0.0396132731978,0.000466038508209,0.00494455490417,0.0,0.015856676072,0.000556972851274,0.000863876259119,0.00639950439321,0.00421708015965,0.0188120422216,0.0,0.0,0.00537649303373,0.339651138141,0.00057970643704,0.00335320390053,1.9531250000000002e-24,1.9531250000000002e-24,1.9531250000000002e-24,1.9531250000000002e-24,1.5113722030413437e-11,0.0439497178608644,1.9719105885003773e-05,0.002733872925431257,0.012908909943596896,0.0004612885760954226,6.450714405554069e-21,3.487318547413899e-20,8.10258068168308e-06,1.9531250000000002e-24,0.1292805278892654,1.9531250000000002e-24
2024930_WZY_DM_assembly_Plate2G9,2024930_WZY_DM_assembly_Plate2,,G9,Plate2_G9,Master_mix,cycle 5,0.9205,True,True,explicit_user_selected_validation_only,not_assessable,0.15441001199,0.000662230215827,0.00467240207834,0.0,0.0642731215028,0.0199036970424,0.00581290967226,0.00938159472422,0.00610723421263,0.0539717625899,0.0,0.0,0.000882973621103,0.343145623501,0.0,0.0059232813749,1.9531250000000002e-24,1.9531250000000002e-24,1.9531250000000002e-24,1.9531250000000002e-24,0.0018434343379911044,0.06066211681739586,6.18029900795968e-20,9.502044628411286e-18,2.5123534364478103e-17,0.01085178360792547,2.1518190906874397e-24,2.2445768612744176e-24,0.28263410616580237,1.9531250000000002e-24,0.1740314344876038,1.9531250000000002e-24
2024930_WZY_DM_assembly_Plate2H10,2024930_WZY_DM_assembly_Plate2,low growth,H10,Plate2_H10,blank,cycle 5,0.0055,True,False,explicit_user_selected_validation_only,not_assessable,0.0,0.0,0.0,0.0,0.00157142857143,0.0,0.0,0.0,0.0,0.0,0.0,0.0,0.0,0.00235714285714,0.0,0.0,1.9531250000000002e-24,1.9531250000000002e-24,1.9531250000000002e-24,1.9531250000000002e-24,1.9531250000000002e-24,1.9531250000000002e-24,1.9531250000000002e-24,4.50832645954739e-24,4.9512943883844206e-24,1.9531250000000002e-24,1.9531250000000002e-24,1.9531250000000002e-24,3.7638129428263905e-24,1.9531250000000002e-24,2.5195105796910472e-23,1.9531250000000002e-24
2024930_WZY_DM_assembly_Plate2H11,2024930_WZY_DM_assembly_Plate2,low growth,H11,Plate2_H11,blank,cycle 5,-0.0065,False,False,explicit_user_selected_validation_only,not_assessable,0.0,0.0,0.0,0.0,0.0,0.0,0.0,0.0,0.0,0.0,0.0,0.0,0.0,0.0,0.0,0.0,1.9531250000000002e-24,1.9531250000000002e-24,1.9531250000000002e-24,1.9531250000000002e-24,1.9531250000000002e-24,1.9531250000000002e-24,1.9531250000000002e-24,1.9531250000000002e-24,1.9531250000000002e-24,1.9531250000000002e-24,1.9531250000000002e-24,1.9531250000000002e-24,1.9531250000000002e-24,1.9531250000000002e-24,1.9531250000000002e-24,1.9531250000000002e-24
2024930_WZY_DM_assembly_Plate2H12,2024930_WZY_DM_assembly_Plate2,low growth,H12,Plate2_H12,blank,cycle 5,0.0015,True,False,explicit_user_selected_validation_only,not_assessable,0.00015,0.0,0.0,0.0,0.0,0.0,0.0,0.0002,0.0,0.0001,0.0,0.0,0.0,0.0,0.0009,0.0,1.9531250000000002e-24,1.9531250000000002e-24,1.9531250000000002e-24,1.9531250000000002e-24,1.9531250000000002e-24,1.9531250000000002e-24,1.9531250000000002e-24,1.9531250000000002e-24,1.9531250000000002e-24,1.9531250000000002e-24,1.9531250000000002e-24,1.9531250000000002e-24,1.9531250000000002e-24,1.9531250000000002e-24,1.9531250000000002e-24,1.9531250000000002e-24
2024930_WZY_DM_assembly_Plate2H1,2024930_WZY_DM_assembly_Plate2,,H1,Plate2_H1,Sialic_acid,cycle 5,0.6325,True,True,explicit_user_selected_validation_only,not_assessable,0.246948845037,0.000253921931937,0.0,0.102994642085,0.000312519300846,0.0013477394849,0.00185558334877,0.0514094249892,0.00144540176641,0.0432839231672,0.0,0.0347287073065,0.0,0.000488311407572,0.000625038601692,0.0,1.9531250000000002e-24,1.9531250000000002e-24,1.9531250000000002e-24,1.9531250000000002e-24,0.009980919075868549,0.02493769266180011,0.035315697776417965,9.894370890455172e-05,0.04285965293175887,0.00503014926563689,9.856276597220324e-09,0.00032511023085720665,0.3076690442997888,1.9531250000000002e-24,0.09009408600155097,1.9531250000000002e-24
2024930_WZY_DM_assembly_Plate2H2,2024930_WZY_DM_assembly_Plate2,,H2,Plate2_H2,Sialic_acid,cycle 5,0.5895,True,True,explicit_user_selected_validation_only,not_assessable,0.0396104329093,0.000181421830119,0.0,0.00102805703734,0.00804303446861,0.000907109150595,0.0116109971276,0.0132437935987,0.00296322322528,0.00126995281083,0.0,0.205429985638,0.0,0.0239476815757,0.00961535699631,0.0,1.9531250000000002e-24,1.9531250000000002e-24,1.9531250000000002e-24,1.9531250000000002e-24,3.833857499716437e-06,0.02299961356002421,0.0004067387084667492,0.00029300575636860896,0.0055601816074301305,0.028074894424515953,4.916218654466718e-18,3.624324022426815e-05,0.21853801060834277,1.9531250000000002e-24,0.08238206149840824,1.9531250000000002e-24
2024930_WZY_DM_assembly_Plate2H3,2024930_WZY_DM_assembly_Plate2,,H3,Plate2_H3,Sialic_acid,cycle 5,0.5235,True,True,explicit_user_selected_validation_only,not_assessable,0.214916078883,6.27968907442e-05,0.0,0.00428274794875,0.000401900100763,0.00332823520944,0.00415715416727,0.0544323448971,0.00140665035267,0.00541309198215,0.0,0.120959370951,0.0,0.000916834604865,0.00470976680582,0.0,1.9531250000000002e-24,1.9531250000000002e-24,1.9531250000000002e-24,1.9531250000000002e-24,0.0023128928116813254,0.024282907046202253,0.010053607929869441,1.8730754691292477e-05,0.013141591325823794,0.020242089618335873,2.518318776147019e-09,0.0003042998317844097,0.29825410747878023,1.9531250000000002e-24,0.09256635700141475,1.9531250000000002e-24
2024930_WZY_DM_assembly_Plate2H4,2024930_WZY_DM_assembly_Plate2,,H4,Plate2_H4,Sialic_acid,cycle 5,0.6175,True,True,explicit_user_selected_validation_only,not_assessable,0.0949819533773,0.000201090938696,0.0,0.0710018589378,0.00025136367337,0.00199415180873,0.00695439496323,0.0544453716519,0.00152493961844,0.000485969768515,0.0,0.0333978534017,0.0,0.00884800130261,0.000150818204022,8.37878911232e-05,1.9531250000000002e-24,1.9531250000000002e-24,1.9531250000000002e-24,1.9531250000000002e-24,4.652706488722009e-10,0.006312626832327998,2.199610264269865e-08,2.1081596267601798e-05,0.0008916416934441554,1.1104917260038728e-07,3.5507515195989984e-14,5.7175929381206324e-06,0.10008939495158323,1.9531250000000002e-24,0.05649880169841891,1.9531250000000002e-24
2024930_WZY_DM_assembly_Plate2H5,2024930_WZY_DM_assembly_Plate2,,H5,Plate2_H5,Sialic_acid,cycle 5,0.6445,True,True,explicit_user_selected_validation_only,not_assessable,0.0233701887353,0.0,0.0,0.133181341953,0.00378328875019,0.000790180561748,0.0100807883787,0.122549821667,0.00368750928816,0.000909904889285,0.0,0.000694401099718,0.0,0.0204728600089,0.0,0.00028733838609,1.9531250000000002e-24,1.9531250000000002e-24,1.9531250000000002e-24,1.9531250000000002e-24,1.1438232987168049e-08,0.003335874195113284,0.0024003290594830843,2.089145702104322e-06,0.008276994050004616,2.9917707046997825e-18,4.876514812221403e-20,6.6091765222585814e-09,0.02592195062983293,1.9531250000000002e-24,0.061180553225040554,1.9531250000000002e-24
2024930_WZY_DM_assembly_Plate2H6,2024930_WZY_DM_assembly_Plate2,,H6,Plate2_H6,Sialic_acid,cycle 5,0.6825,True,True,explicit_user_selected_validation_only,not_assessable,0.014248999387,0.000147658024736,0.0,0.233668824145,0.00142736090578,0.00718602387048,0.00863799444705,0.00103360617315,0.000442974074208,0.00479888580392,0.0,0.0942796487939,0.0,0.017989669347,0.00140275123499,0.0,1.9531250000000002e-24,1.9531250000000002e-24,1.9531250000000002e-24,1.9531250000000002e-24,0.010629727770813594,0.017268557688105337,0.003782474583231288,0.005729325626316435,0.014602181377341063,0.012732539702192746,3.6543676726955686e-19,0.022594940994919148,0.2548446920398693,1.9531250000000002e-24,0.07879190012879109,1.9531250000000002e-24
2024930_WZY_DM_assembly_Plate2H7,2024930_WZY_DM_assembly_Plate2,,H7,Plate2_H7,blank,cycle 5,0.0945,True,False,explicit_user_selected_validation_only,not_assessable,0.0241394817073,0.000288109756098,0.0,0.0,0.00607088414634,0.000370426829268,0.0,6.1737804878e-05,0.00174923780488,0.0111333841463,0.0,0.00321036585366,0.0,0.0,8.23170731707e-05,0.0,1.9531250000000002e-24,1.9531250000000002e-24,1.9531250000000002e-24,1.9531250000000002e-24,1.3684334638356698e-22,6.1970352610264616e-18,0.0010039151339974646,8.019167166687765e-21,1.2343537611505458e-20,8.759941514150929e-22,1.806426161669345e-21,9.35214522850369e-21,5.664538038544784e-20,1.9531250000000002e-24,2.5367010219714966e-16,1.9531250000000002e-24
2024930_WZY_DM_assembly_Plate2H8,2024930_WZY_DM_assembly_Plate2,,H8,Plate2_H8,blank,cycle 5,0.1235,True,False,explicit_user_selected_validation_only,not_assessable,0.0328989641311,0.000992888064317,0.0,0.0,0.00660652442795,0.000324598021027,0.0,0.0,0.00236765615337,0.0111508967223,0.0,0.0,0.0,0.0,0.000171846011132,0.0,1.9531250000000002e-24,1.9531250000000002e-24,1.9531250000000002e-24,1.9531250000000002e-24,2.7002266024449773e-22,2.4906934970269883e-17,0.004096043672869056,3.466045856573934e-20,5.369002309294194e-20,1.9531250000000002e-24,1.2106508948291614e-20,4.194408794401431e-20,3.306367057308736e-19,1.9531250000000002e-24,5.361741320466318e-15,1.9531250000000002e-24
2024930_WZY_DM_assembly_Plate2H9,2024930_WZY_DM_assembly_Plate2,low growth,H9,Plate2_H9,blank,cycle 5,-0.0005,False,False,explicit_user_selected_validation_only,not_assessable,0.0,0.0,0.0,0.0,0.0,0.0,0.0,0.0,0.0,0.0,0.0,0.0,0.0,0.0,0.0,0.0,1.9531250000000002e-24,1.9531250000000002e-24,1.9531250000000002e-24,1.9531250000000002e-24,1.9531250000000002e-24,1.9531250000000002e-24,1.9531250000000002e-24,1.9531250000000002e-24,1.9531250000000002e-24,1.9531250000000002e-24,1.9531250000000002e-24,1.9531250000000002e-24,1.9531250000000002e-24,1.9531250000000002e-24,1.9531250000000002e-24,1.9531250000000002e-24
