Sample ID,Experiment ID,growth_qc,Growth Well ID,16S Well ID,Media,Protocol,Final OD,observation_relative_abundance_defined,included_in_primary_score,data_use_status,contamination_status,Ai,Ac,Bfi,Bf,Bt,Bu,Bx,Ba,Csp,Dl,Ls,Mf,Pm,Bd,Bv,Rg,Af,Ao,As,Bl.s,Col,Cs,Et,Eu.c,Eu.l,Im,Ld,Lsp,Mi,Pc,Va,Vp
2024930_WZY_DM_assembly_Plate1A10,2024930_WZY_DM_assembly_Plate1,,A10,Plate1_A10,Galactose,cycle 5,0.8905,True,True,explicit_user_selected_validation_only,not_assessable,0.023372525519582077,0.0020354451653690165,0.0,0.0020354451653690165,0.004632392445319185,0.010317601355498598,0.013405862985711389,0.4192315163018799,0.00614142937826514,0.1623793927614826,0.012002107699246756,7.01877643229966e-05,0.0054044578528723835,0.06008072626050765,0.0,0.0,4.5907855790313844e-24,4.5907855790313844e-24,4.5907855790313844e-24,4.5907855790313844e-24,9.046175285143973e-14,0.04747477991192472,0.11193198245124962,9.828595062378992e-17,1.1559189514116962e-08,1.848461744562284e-17,1.4852830249556478e-19,2.8470689980515247e-11,1.506740468037531e-11,4.5907855790313844e-24,0.11948413537858071,4.5907855790313844e-24
2024930_WZY_DM_assembly_Plate1A11,2024930_WZY_DM_assembly_Plate1,,A11,Plate1_A11,Galactose,cycle 5,0.9725,True,True,explicit_user_selected_validation_only,not_assessable,0.06986754348030012,0.00014893161413319792,0.0,0.0021408919531705067,0.003444043576832131,0.009661938466889286,0.009773637177500759,0.0345335180271642,0.0032951119626989326,0.01167251525774147,0.0780960151614718,0.022265276312905372,0.004263167454564719,0.31378029452698747,0.0,0.0,1.5070158285653358e-24,1.5070158285653358e-24,1.5070158285653358e-24,1.5070158285653358e-24,0.00082617549932216,0.0692458035922849,1.6013548454492509e-24,1.770209864412725e-24,1.7962233552587796e-24,0.012795794734954114,1.5132843043781707e-24,1.5492635739771265e-24,0.20738381978982237,1.5070158285653358e-24,0.14680552141125658,1.5070158285653358e-24
2024930_WZY_DM_assembly_Plate1A12,2024930_WZY_DM_assembly_Plate1,,A12,Plate1_A12,Galactose,cycle 5,0.9375,True,True,explicit_user_selected_validation_only,not_assessable,0.16523711230090765,1.0018620766420997e-05,0.0,0.00034063310605943946,0.011481339398340474,0.006772587638145115,0.005470166938481622,0.13236601756606328,0.0018434262210282166,0.006742531775824842,0.00014026069073039418,0.06690434947853059,0.0007313593159534851,0.1195722388476548,0.0,0.0,1.2212698714300212e-24,1.2212698714300212e-24,1.2212698714300212e-24,1.2212698714300212e-24,0.03609581372352552,0.03472143765729042,3.1306815207141284e-21,9.173458476811025e-19,3.0651680564390376e-18,0.015821052460868883,1.4444242949320767e-24,1.3859136907500058e-24,0.2713978479026368,1.2212698714300212e-24,0.12435180635719192,1.2212698714300212e-24
2024930_WZY_DM_assembly_Plate1A1,2024930_WZY_DM_assembly_Plate1,,A1,Plate1_A1,Glucose,cycle 5,1.2345,True,True,explicit_user_selected_validation_only,not_assessable,0.03224196234195628,0.00023783835752482627,0.0,0.001441895042497244,0.22187345777581116,0.0020364909363093093,8.918938407180987e-05,0.02755951967817134,0.009795967350580644,0.007818936003646571,0.0,0.14757870084441735,0.0007283799699227651,0.007179745417759802,0.0,0.0,1.1658355660207336e-24,1.1658355660207336e-24,1.1658355660207336e-24,1.1658355660207336e-24,0.04096169166637999,0.02885308239424142,2.5692031211140407e-18,1.1666286219074389e-15,2.5805454903531877e-15,0.024411376648604474,1.384897120191625e-24,1.2224903626920605e-24,0.34236372025728967,1.1658355660207336e-24,0.1048280459308117,1.1658355660207336e-24
2024930_WZY_DM_assembly_Plate1A2,2024930_WZY_DM_assembly_Plate1,,A2,Plate1_A2,Glucose,cycle 5,1.0345,True,True,explicit_user_selected_validation_only,not_assessable,0.07040890586099852,0.00034514169539650956,0.0,0.003719860494837383,0.014649347515753176,0.026614259622822965,0.0013422177043239272,0.357950287203946,0.012041610261641389,0.002415991867771619,0.0,0.03198313044007129,0.005100427276435266,0.15025168472966483,0.0,0.0,3.855803131458115e-24,3.855803131458115e-24,3.855803131458115e-24,3.855803131458115e-24,1.1912406786263783e-09,0.04314313077054147,0.026733063825849463,2.817328410749323e-08,0.09421687064367881,1.9758829570195652e-09,8.606853029424061e-15,0.0013098350716916965,2.164914853601143e-05,3.855803131458115e-24,0.15775255452562342,3.855803131458115e-24
2024930_WZY_DM_assembly_Plate1A3,2024930_WZY_DM_assembly_Plate1,,A3,Plate1_A3,Glucose,cycle 5,1.0485,True,True,explicit_user_selected_validation_only,not_assessable,0.002637613079274084,0.0,0.0,0.0015879507314036046,0.1515820088005769,0.008585699717238658,0.0031220726244515075,0.20288089175051435,0.004225563810677688,0.019324552968562028,0.0,0.0071054066625464585,0.0023953833066913456,0.12692840083521853,0.0,0.0,2.3335636485174943e-24,2.3335636485174943e-24,2.3335636485174943e-24,2.3335636485174943e-24,4.997387084382311e-07,0.03419617724711217,0.026250474609423497,0.0003032486799526626,0.24055992597039375,1.7713075728817638e-07,9.497012242185985e-11,7.730970657419556e-06,0.04794708294078842,2.3335636485174943e-24,0.1203591383300811,2.3335636485174943e-24
2024930_WZY_DM_assembly_Plate1A4,2024930_WZY_DM_assembly_Plate1,,A4,Plate1_A4,Glucose,cycle 5,1.0625,True,True,explicit_user_selected_validation_only,not_assessable,0.1396685104869406,0.0034379941042909346,0.0,0.007592236980315082,0.03652868735808309,0.045410172127433354,0.005443490665141342,0.2471058262460593,0.03566918883203086,0.1037128221460818,0.0017189970521476255,0.0,0.013035727645456425,0.08752559990528758,0.0,0.0020054965608374575,8.430669366038977e-24,8.430669366038977e-24,8.430669366038977e-24,8.430669366038977e-24,7.504227452762043e-17,0.020881859408300108,0.1146134743018245,5.949789958582594e-15,3.563217494982743e-12,7.85031146557792e-19,5.522408302998967e-16,5.241673824651116e-13,8.725758047591007e-13,8.430669366038977e-24,0.13564991617480338,8.430669366038977e-24
2024930_WZY_DM_assembly_Plate1A5,2024930_WZY_DM_assembly_Plate1,,A5,Plate1_A5,Glucose,cycle 5,1.0755,True,True,explicit_user_selected_validation_only,not_assessable,0.021256867320384176,0.0007753264676138621,0.0012276002403886152,0.0010983791624529715,0.004005853416004955,0.0073332961728769935,0.002035231977486388,0.045808872128156486,0.019092414265005964,0.0007753264676138621,0.0030366953314876267,6.461053896774883e-05,0.0017444845521311899,0.5118769949724956,0.0,0.0001292210779356437,1.4264265207881842e-24,1.4264265207881842e-24,1.4264265207881842e-24,1.4264265207881842e-24,2.7489939632081546e-06,0.0644852880719865,1.49137720144634e-24,1.5774151795023016e-24,1.5918689356804256e-24,0.012356877294122312,1.4314740896468639e-24,1.4609719834444726e-24,0.11189394227956045,1.4264265207881842e-24,0.19099996926936552,1.4264265207881842e-24
2024930_WZY_DM_assembly_Plate1A6,2024930_WZY_DM_assembly_Plate1,,A6,Plate1_A6,Glucose,cycle 5,1.0595,True,True,explicit_user_selected_validation_only,not_assessable,0.10689229570098302,8.843819280279986e-05,0.0,0.0015624080728489276,0.00038323216881159627,0.006308591086600796,0.00017687638560559972,0.09772420304706435,0.003802842290524149,0.0292435624201344,0.0,0.0,0.0018277226512610821,0.3792524501362186,0.002240434217675221,0.0,2.0954313873255164e-24,2.0954313873255164e-24,2.0954313873255164e-24,2.0954313873255164e-24,6.449863591043725e-07,0.05613553886036135,3.915807899352882e-14,9.759765508186779e-12,4.240292044084983e-11,0.006879236582586641,4.40667629434464e-24,5.573043126743629e-24,0.13626076114610003,2.0954313873255164e-24,0.17122076200186043,2.0954313873255164e-24
2024930_WZY_DM_assembly_Plate1A7,2024930_WZY_DM_assembly_Plate1,,A7,Plate1_A7,Galactose,cycle 5,0.9425,True,True,explicit_user_selected_validation_only,not_assessable,0.04201174428886364,0.0010195318697700628,0.0,0.0013710945834839799,0.0007734379701712124,0.003480470865765997,0.005589847148052473,0.024398452331705428,0.0004921877991991869,0.008296880043653202,0.09812115339756797,0.0,0.002882814252451743,0.5186253152702095,0.0,0.0,2.9027819888134334e-24,2.9027819888134334e-24,2.9027819888134334e-24,2.9027819888134334e-24,1.1098801601524467e-12,0.09230776455743406,8.259063183382776e-16,1.932545198456693e-12,6.228667637572075e-12,0.0029424803377847203,4.17685072812464e-24,4.234781938652516e-24,0.00020742296956626678,2.9027819888134334e-24,0.19747940230504876,2.9027819888134334e-24
2024930_WZY_DM_assembly_Plate1A8,2024930_WZY_DM_assembly_Plate1,,A8,Plate1_A8,Galactose,cycle 5,0.9185,True,True,explicit_user_selected_validation_only,not_assessable,0.012452447825294576,0.0008086005081364909,0.0,0.0009703206097644923,0.012267624852010455,0.006029849503539502,0.0056833064286185885,0.14781217288737797,0.0026106244976953526,0.000577571791526065,0.02938685275277305,0.0,0.003373019262514329,0.35003160853647786,0.0,0.0,3.433606527722804e-24,3.433606527722804e-24,3.433606527722804e-24,3.433606527722804e-24,2.315209574620769e-14,0.05609541440841225,0.00746974309989705,4.9368931549895814e-05,0.20792773028946038,1.1000068417604451e-10,6.404422410345091e-19,0.0003791844340341018,1.3885399147395811e-11,3.433606527722804e-24,0.15607455925700847,3.433606527722804e-24
2024930_WZY_DM_assembly_Plate1A9,2024930_WZY_DM_assembly_Plate1,,A9,Plate1_A9,Galactose,cycle 5,0.8635,True,True,explicit_user_selected_validation_only,not_assessable,0.0026813679944452033,0.000799706243957964,0.0,0.0014818086285118067,0.045700859765000976,0.020768841571071672,0.0010584347346498707,0.1697258898944814,0.003457553466518083,0.08963766163886913,0.01644101954489778,0.0,0.002916575713253446,0.38901004614201,0.0,0.0,2.773098749419216e-24,2.773098749419216e-24,2.773098749419216e-24,2.773098749419216e-24,2.694877939473338e-09,0.07136867790167685,8.483131005019678e-06,6.469035293426452e-06,3.521596676942166e-05,5.337914230728931e-05,1.1905942883345625e-22,4.963073841220799e-23,0.0008071653039080712,2.773098749419216e-24,0.1840408414864947,2.773098749419216e-24
2024930_WZY_DM_assembly_Plate1B10,2024930_WZY_DM_assembly_Plate1,,B10,Plate1_B10,Oligo_xylose,cycle 5,0.8885,True,True,explicit_user_selected_validation_only,not_assessable,0.0,0.0,0.016971546450719938,0.0,0.03157878091316964,0.20349469420148708,0.06683277947150125,0.04372806726890663,0.0019195404261489327,0.016362911681495312,0.0,0.006531119254839896,0.013553828130989763,0.038976034262714815,0.0010065882722468445,0.0,1.5904752710019687e-24,1.5904752710019687e-24,1.5904752710019687e-24,1.5904752710019687e-24,0.04396776555342145,0.052618037927912954,2.226695376981297e-20,6.755814561391583e-18,1.4468153730798297e-17,7.559158957548071e-09,1.6744184149947703e-24,1.6872199001185494e-24,0.3330596036860548,1.5904752710019687e-24,0.12939869493923165,1.5904752710019687e-24
2024930_WZY_DM_assembly_Plate1B11,2024930_WZY_DM_assembly_Plate1,,B11,Plate1_B11,Oligo_xylose,cycle 5,0.8875,True,True,explicit_user_selected_validation_only,not_assessable,0.0,0.0013024644857643755,0.006558839017576119,0.0,0.018327535978226957,0.19826920689770994,0.0030545893297016236,0.0223589736722411,0.0030700948592949787,0.07175959095357229,0.0,0.055773389943812875,0.010373199297309114,0.06932522280754463,0.0,0.0,1.6812443728363613e-24,1.6812443728363613e-24,1.6812443728363613e-24,1.6812443728363613e-24,0.040463960936844706,0.062215365014731884,1.6613363169142478e-22,1.733892464484952e-20,3.187769668416638e-20,0.010325909086228841,1.7111593927547082e-24,1.7671268087769212e-24,0.2980543583818019,1.6812443728363613e-24,0.12876729933763875,1.6812443728363613e-24
2024930_WZY_DM_assembly_Plate1B12,2024930_WZY_DM_assembly_Plate1,,B12,Plate1_B12,Oligo_xylose,cycle 5,0.9915,True,True,explicit_user_selected_validation_only,not_assessable,1.3884876328745538e-05,0.00120798424059875,0.0050263252310101085,0.0,0.00037489166087655186,0.0024298533575283572,0.0619404333025613,0.32664171563400274,0.006234309471608858,0.10759390667110495,6.942438164372768e-05,0.0005276253004923304,0.010427542122851997,0.0821568132372317,0.0003193521555615697,0.0,1.6498355950388238e-24,1.6498355950388238e-24,1.6498355950388238e-24,1.6498355950388238e-24,0.014948326738297706,0.03587533701688879,0.07764992347808093,4.032992992696901e-06,0.0014539920769322712,4.0813900708872674e-08,3.1492783718664167e-22,2.9779751088600626e-24,0.15397931967072837,1.6498355950388238e-24,0.11112496556877696,1.6498355950388238e-24
2024930_WZY_DM_assembly_Plate1B1,2024930_WZY_DM_assembly_Plate1,,B1,Plate1_B1,Fructose,cycle 5,0.8335,True,False,explicit_user_selected_validation_only,not_assessable,0.12300481004168047,0.01755951018528368,0.0,0.0060002346361694185,0.02391269980006594,0.02797168205398917,0.02347150607684137,0.0001764774892993689,0.07932663144020798,0.03803089894404034,0.0,0.3233949991413642,0.0005294324678985215,0.002823639828790732,0.0,8.823874464989184e-05,8.10097146968913e-24,8.10097146968913e-24,8.10097146968913e-24,8.10097146968913e-24,5.254405137122525e-15,0.027133721767392902,0.12053243313358723,2.5138125346486525e-10,2.549446032942069e-10,0.031388857963812314,9.474546339668507e-18,3.8922395133780986e-11,1.4288439478187517e-07,8.10097146968913e-24,0.15465408285527835,8.10097146968913e-24
2024930_WZY_DM_assembly_Plate1B2,2024930_WZY_DM_assembly_Plate1,,B2,Plate1_B2,Fructose,cycle 5,0.8915,True,False,explicit_user_selected_validation_only,not_assessable,0.13634249749564004,0.00020900740546033887,0.0,0.0012540444327620334,0.09851215710683148,0.03346440791870398,0.001973958829342093,6.966913515340466e-05,0.014723410562422766,0.04358965556102428,0.0,0.003971140703746439,0.00016256131535831897,0.12426651406851522,0.0,0.0,2.439994905360271e-24,2.439994905360271e-24,2.439994905360271e-24,2.439994905360271e-24,3.1805559248317266e-10,0.03927847427500586,0.053008334999242096,0.05430587689077318,0.2083510348706638,3.737965572300839e-08,1.351467348411568e-09,2.5347823816340992e-06,0.07718449040298854,2.439994905360271e-24,0.10933019019480579,2.439994905360271e-24
2024930_WZY_DM_assembly_Plate1B3,2024930_WZY_DM_assembly_Plate1,,B3,Plate1_B3,Fructose,cycle 5,0.9065,True,False,explicit_user_selected_validation_only,not_assessable,0.11468239508653909,0.0007943668384249687,0.0,0.0032983492638929855,0.005940482443875275,0.028234560452719545,0.0014678517666568273,0.0,0.00407544725800902,0.05097762841366948,0.0,0.0,5.180653294074288e-05,0.42465815051573313,0.0,0.0,2.388247592906185e-24,2.388247592906185e-24,2.388247592906185e-24,2.388247592906185e-24,1.54327220951589e-09,0.0651266260042008,7.094007152637071e-12,5.870457860449807e-10,2.143660655786542e-09,0.005124378200951821,6.876259339967086e-24,5.878702551213574e-24,0.11595105534635496,2.388247592906185e-24,0.17961689759495864,2.388247592906185e-24
2024930_WZY_DM_assembly_Plate1B4,2024930_WZY_DM_assembly_Plate1,,B4,Plate1_B4,Fructose,cycle 5,0.8665,True,False,explicit_user_selected_validation_only,not_assessable,0.6309164243345495,0.0037706377970433405,0.0,0.0005545055583884307,0.0026616266802650425,0.08117961374776056,0.0922697249154717,0.0005545055583884307,0.006986770035693941,0.019407694543566344,0.0,0.0,0.0,0.026283563467590355,0.0,0.0,1.402912261426788e-23,1.402912261426788e-23,1.402912261426788e-23,1.402912261426788e-23,7.150918294457805e-18,1.3445166575058882e-08,3.9181575020167117e-10,2.2959673337325048e-11,2.1047702583372302e-11,1.5639934241265832e-18,1.3658607306433213e-11,3.4706345041724883e-12,4.033708816399478e-09,1.402912261426788e-23,0.13541491542945447,1.402912261426788e-23
2024930_WZY_DM_assembly_Plate1B5,2024930_WZY_DM_assembly_Plate1,,B5,Plate1_B5,Fructose,cycle 5,0.8965,True,False,explicit_user_selected_validation_only,not_assessable,0.31556949489913033,0.0017969790914853865,0.0,0.0008984895457426933,0.007687077224677169,0.07627177921648919,0.001397650404490428,0.0003993286869969768,0.041829679962729946,0.07662119181742003,0.1619277825771661,0.0,0.0,0.0009484056316170629,0.0,0.0,7.885081642575916e-24,7.885081642575916e-24,7.885081642575916e-24,7.885081642575916e-24,1.2937987265404926e-17,0.09378739482578628,0.1163999620095833,5.981907766152648e-12,2.034692643065286e-11,1.0342770006350897e-17,5.971965957548986e-11,4.2890422550186204e-12,4.4183980063948957e-08,7.885081642575916e-24,0.10446473983236744,7.885081642575916e-24
2024930_WZY_DM_assembly_Plate1B6,2024930_WZY_DM_assembly_Plate1,,B6,Plate1_B6,Fructose,cycle 5,0.7905,True,False,explicit_user_selected_validation_only,not_assessable,0.23587646253138073,0.0013375946838549895,0.0,4.17998338705169e-05,0.0007941968435386577,0.03958444267535274,0.001839192690303519,0.0002507990032231014,0.021819513280412144,0.048362407788289256,0.0624907516364751,0.0,0.0,0.27353811284878354,0.0,0.0,7.573596658629825e-24,7.573596658629825e-24,7.573596658629825e-24,7.573596658629825e-24,4.400788733784363e-18,0.07566344979469844,0.0723341790896906,8.467347086918276e-10,3.1102773433587366e-08,4.204400841502235e-16,1.5036497612648398e-14,3.36520488840541e-08,2.0293929815431745e-11,7.573596658629825e-24,0.16606703167826029,7.573596658629825e-24
2024930_WZY_DM_assembly_Plate1B7,2024930_WZY_DM_assembly_Plate1,,B7,Plate1_B7,Oligo_xylose,cycle 5,0.9945,True,True,explicit_user_selected_validation_only,not_assessable,0.0,0.002259580123359197,0.009084750222005954,0.0,0.0028941197470418413,0.13873202894397596,0.03845929182570169,0.23388201934439437,0.0003250080999353106,0.04138436472510553,0.0,0.0,0.009781196150456209,0.04557851687192699,0.00301793235654217,0.00018571891424874894,1.7036622750914126e-24,1.7036622750914126e-24,1.7036622750914126e-24,1.7036622750914126e-24,0.03895336559310425,0.04721044031788769,4.917805666507707e-12,1.0197518202138877e-10,4.4508178869295856e-10,1.6755628597290556e-11,4.1323373492787776e-24,3.0150141918833515e-24,0.26128772320363475,1.7036622750914126e-24,0.12696394299194888,1.7036622750914126e-24
2024930_WZY_DM_assembly_Plate1B8,2024930_WZY_DM_assembly_Plate1,,B8,Plate1_B8,Oligo_xylose,cycle 5,0.8925,True,True,explicit_user_selected_validation_only,not_assessable,0.0,0.002924498825366655,0.020471491777566585,0.0,0.0005570473953092842,0.045306521485090324,0.001206936023168091,0.05742230233303789,0.0013461978719964244,0.1386583808161649,0.0003249443139300783,0.08174670526157435,0.021585586568182453,0.10059347546953779,0.05946480944925698,0.00041778554648095077,2.6364545128757877e-24,2.6364545128757877e-24,2.6364545128757877e-24,2.6364545128757877e-24,1.583063628566132e-07,0.048241927060441336,0.09330089592453163,0.000364413350113386,0.18517648694600528,0.009865896124875971,9.419313136367553e-13,8.039180042250304e-14,0.01835846569455056,2.6364545128757877e-24,0.1126650734554338,2.6364545128757877e-24
2024930_WZY_DM_assembly_Plate1B9,2024930_WZY_DM_assembly_Plate1,,B9,Plate1_B9,Oligo_xylose,cycle 5,0.8505,True,True,explicit_user_selected_validation_only,not_assessable,0.00013741398984821207,0.0017588990700553992,0.018880682205113294,0.0,0.0003847591715749278,0.025394105323866056,0.04257085405499566,0.40735003150519045,0.005936284361443157,0.10234593963885162,0.0,0.0740661405281901,0.0018688302619348925,0.012174879500546675,0.0001923795857874639,0.0003297935756351811,3.2217764154211316e-24,3.2217764154211316e-24,3.2217764154211316e-24,3.2217764154211316e-24,7.285845054746155e-07,0.04002891571702618,0.07588327177145815,3.2435187311152596e-11,0.04288305437075299,0.00023855832176034004,1.4940565808317247e-15,1.5458617860786948e-06,0.01981935400260431,3.2217764154211316e-24,0.12775357856463665,3.2217764154211316e-24
2024930_WZY_DM_assembly_Plate1C10,2024930_WZY_DM_assembly_Plate1,,C10,Plate1_C10,Xylan,cycle 5,0.8855,True,True,explicit_user_selected_validation_only,not_assessable,0.0,4.347699132283939e-05,0.003260774349222446,0.0,0.05930261616446784,0.2148198141266148,0.02878176825572145,0.0023477575314381363,0.003956406210381802,0.018825537242814896,0.0,0.001521694696298746,0.01291266642296037,0.06065040289540082,0.0,0.00021738495661482974,2.4717220394274798e-24,2.4717220394274798e-24,2.4717220394274798e-24,2.4717220394274798e-24,0.0003194101709098707,0.05630070012721743,0.03730828944128168,0.008483446769118441,0.11460703768912073,1.1459129113413598e-14,4.430655424077884e-16,2.373318563240443e-16,0.24983637081401402,2.4717220394274798e-24,0.12650444514506679,2.4717220394274798e-24
2024930_WZY_DM_assembly_Plate1C11,2024930_WZY_DM_assembly_Plate1,,C11,Plate1_C11,Xylan,cycle 5,0.9635,True,True,explicit_user_selected_validation_only,not_assessable,9.196398891179306e-05,4.598199445584678e-05,0.005586812326389662,0.0,0.03087690927716509,0.13033596328505478,0.03142869321057794,0.17309921812877938,2.299099722792339e-05,0.002896865650720934,0.0,0.007908903046410024,0.010920723683261122,0.12038086148509204,0.0,0.00013794598336813735,1.9433980795278305e-24,1.9433980795278305e-24,1.9433980795278305e-24,1.9433980795278305e-24,0.02851958168805188,0.049059289398163966,7.273798149795442e-11,1.045268321858132e-07,4.435918720112824e-07,1.8132228462195915e-07,2.7396027953957127e-23,1.4494322220187705e-23,0.2676684949258745,1.9433980795278305e-24,0.1410180714167681,1.9433980795278305e-24
2024930_WZY_DM_assembly_Plate1C12,2024930_WZY_DM_assembly_Plate1,,C12,Plate1_C12,Xylan,cycle 5,0.8945,True,True,explicit_user_selected_validation_only,not_assessable,0.0007391200152964853,0.0009502971625240525,0.011350771663481737,0.0,0.07137787576301126,0.03336598926196412,0.006493697277260447,0.29469770895629116,0.0006335314416827016,0.06588726993512002,0.0,0.012248274539207403,0.0028508914875679057,0.1906401696598819,0.0019533886118571226,0.0,4.152104476355219e-24,4.152104476355219e-24,4.152104476355219e-24,4.152104476355219e-24,9.238342525488629e-12,0.05066626873877729,0.053024268482101455,2.2116710280583054e-08,0.045816167588635257,1.2323977988910646e-12,2.0042809988985278e-14,0.0014906837221895515,1.2580486200757661e-07,4.152104476355219e-24,0.15581347776108706,4.152104476355219e-24
2024930_WZY_DM_assembly_Plate1C1,2024930_WZY_DM_assembly_Plate1,,C1,Plate1_C1,Xylose,cycle 5,0.8155,True,True,explicit_user_selected_validation_only,not_assessable,0.019487871792532387,0.0003515853158445463,0.011033082054369594,0.00013393726317915757,0.1228539546506128,0.0063285356852089605,0.0019755746318893077,0.10862312043813169,0.0025615501582988646,0.0003683274737417925,0.0,0.14304499707542107,3.348431579473e-05,0.057793929061754824,0.0,0.0,2.3199221850763097e-24,2.3199221850763097e-24,2.3199221850763097e-24,2.3199221850763097e-24,0.0004190160723518543,0.03059968632868315,0.0038866980617752456,0.0005057654935919032,0.11407024055971085,0.02327346237619786,7.929351631034937e-11,6.724048720996665e-05,0.23909482432713347,2.3199221850763097e-24,0.1134931162972724,2.3199221850763097e-24
2024930_WZY_DM_assembly_Plate1C2,2024930_WZY_DM_assembly_Plate1,,C2,Plate1_C2,Xylose,cycle 5,0.9295,True,True,explicit_user_selected_validation_only,not_assessable,0.14177867058648003,0.00034163535081038537,0.05595392897839433,7.426855452414775e-05,0.12650905577598753,0.0052136525275910065,0.008600298613858819,0.020973439797610995,0.0012180042941946345,0.024196695063929848,0.0,0.06465820356866887,0.00016339081995312506,0.029157834506154022,0.0,8.91222654289773e-05,1.3560178606828149e-24,1.3560178606828149e-24,1.3560178606828149e-24,1.3560178606828149e-24,0.04216096585160031,0.027695277960995565,1.5566872181011688e-07,1.2455234575233654e-05,3.3313539363491815e-05,0.014804571954070778,2.9172751655140796e-22,3.041440712576113e-21,0.3342318532151987,1.3560178606828149e-24,0.10213320587188737,1.3560178606828149e-24
2024930_WZY_DM_assembly_Plate1C3,2024930_WZY_DM_assembly_Plate1,,C3,Plate1_C3,Xylose,cycle 5,0.8765,True,True,explicit_user_selected_validation_only,not_assessable,0.0971321714205124,0.0011841375452484781,0.00476944289060334,0.0,0.05752934907352341,0.0005920687726261582,0.01799231214588761,0.21048044866917404,0.0002302489671326081,0.04710236013338997,0.0,0.04687211116622954,0.0002302489671326081,0.017466028792501413,0.0,0.0006249614822163937,1.8741679090877436e-24,1.8741679090877436e-24,1.8741679090877436e-24,1.8741679090877436e-24,0.0032312990054188554,0.026877057844818766,0.03526532608862135,2.6094962768797036e-07,0.12161970971237102,0.009270651332176189,1.3867425626585255e-11,6.680105982737747e-08,0.2047014262209271,1.8741679090877436e-24,0.09682831200493382,1.8741679090877436e-24
2024930_WZY_DM_assembly_Plate1C4,2024930_WZY_DM_assembly_Plate1,,C4,Plate1_C4,Xylose,cycle 5,0.8405,True,True,explicit_user_selected_validation_only,not_assessable,0.15002309066923145,0.0018406807920245695,0.04893776948721899,0.0001977590933578707,0.04408506558092668,0.0014299503673621565,0.0007453996595812401,0.14104787027788251,0.00139952589146029,0.023061752733137517,0.0,0.0,0.0,0.12140887108432291,0.0,0.0002738202831116847,1.664722267737744e-24,1.664722267737744e-24,1.664722267737744e-24,1.664722267737744e-24,0.028721877068654797,0.032217690149340866,0.0003154812022275349,0.006251481333267233,0.04098864423236977,0.0010060086864358215,7.909877433409377e-20,3.9670222741516776e-17,0.23841741660988638,1.664722267737744e-24,0.11762984479819957,1.664722267737744e-24
2024930_WZY_DM_assembly_Plate1C5,2024930_WZY_DM_assembly_Plate1,,C5,Plate1_C5,Xylose,cycle 5,0.7795,True,True,explicit_user_selected_validation_only,not_assessable,0.09156491103671048,0.0010409567320764518,0.12554331002698063,0.00045173594033537856,0.09221305390765303,0.0018462251474607896,0.0012962857418360493,0.13082665645951513,0.0012962857418360493,0.03073768463585165,0.00025532900975469395,0.0,9.820346529034233e-05,0.014946567417166172,0.0,0.00033389178198736007,1.915477409143918e-24,1.915477409143918e-24,1.915477409143918e-24,1.915477409143918e-24,0.038491575513687135,0.02158209104741249,0.02707223482580197,2.0207032344298672e-05,0.0646433553688684,7.44873614489694e-11,1.1649139646494961e-07,0.005998645399249985,0.2583431145344304,1.915477409143918e-24,0.09139756266786744,1.915477409143918e-24
2024930_WZY_DM_assembly_Plate1C6,2024930_WZY_DM_assembly_Plate1,,C6,Plate1_C6,Xylose,cycle 5,0.9555,True,True,explicit_user_selected_validation_only,not_assessable,0.0028081561080820633,0.0002175332196403027,0.03492396962588306,0.0003559634503204953,0.1420491924250688,0.003599185997683164,0.015049343649613918,0.17359150927277897,0.0010283388564795869,0.002491744152237935,0.0014436295485192425,0.0,0.00011865448344016509,0.15387508927477306,0.03255087995700599,9.887873620013758e-05,1.8008196048267377e-24,1.8008196048267377e-24,1.8008196048267377e-24,1.8008196048267377e-24,0.01271934926277033,0.0341513442985334,3.647511629789163e-07,0.0010799905327522317,0.009390722306671541,0.00017844760129036224,3.0615153196279927e-20,2.1560133529892383e-16,0.24533175829383602,1.8008196048267377e-24,0.13294595419525612,1.8008196048267377e-24
2024930_WZY_DM_assembly_Plate1C7,2024930_WZY_DM_assembly_Plate1,,C7,Plate1_C7,Xylan,cycle 5,0.8385,True,True,explicit_user_selected_validation_only,not_assessable,0.0,0.00016742189923861487,0.004286000620517379,0.0,0.02290331581588481,0.2161416719178859,0.005591891434579048,0.027323253955778563,0.001138468914825422,0.025682519343299636,0.0,0.002946625426603725,0.010748485931176997,0.14927336536177493,0.0015737658528459785,0.00016742189923861487,1.5412679593684594e-24,1.5412679593684594e-24,1.5412679593684594e-24,1.5412679593684594e-24,0.025837706853003403,0.06549782141828953,1.818997487776526e-24,2.5177573244772617e-24,2.6320873722526247e-24,1.4121264735076553e-05,1.549164552237054e-24,1.5944624496413354e-24,0.29246993957767864,1.5412679593684594e-24,0.14823620251264377,1.5412679593684594e-24
2024930_WZY_DM_assembly_Plate1C8,2024930_WZY_DM_assembly_Plate1,,C8,Plate1_C8,Xylan,cycle 5,0.7715,True,True,explicit_user_selected_validation_only,not_assessable,0.00014950824649826128,0.0008222953557371612,0.08293969974494893,0.0,0.02919148512874702,0.02175344986546917,0.055841330067036704,0.018426891380918072,0.0036629520392024873,0.036816405700119036,0.0,0.0476183765096651,0.010876724932734585,0.09770363908676279,0.02029574446210539,0.00048590180111853014,1.599516591311553e-24,1.599516591311553e-24,1.599516591311553e-24,1.599516591311553e-24,0.027103509981156335,0.02934953607772336,0.03351704121733966,0.05730438655109049,0.1452325771614724,0.009370238153399406,1.8425131073677868e-17,2.302013101375085e-16,0.17156673699861621,1.599516591311553e-24,0.09997156953813863,1.599516591311553e-24
2024930_WZY_DM_assembly_Plate1C9,2024930_WZY_DM_assembly_Plate1,,C9,Plate1_C9,Xylan,cycle 5,0.8225,True,True,explicit_user_selected_validation_only,not_assessable,0.0,0.0017912108064620845,0.03563230068570525,0.0,0.03320137173414203,0.0347366952825352,0.0042221397580964595,0.03531244161314452,0.001215464475812105,0.10836825379109842,0.0,0.0713285731860243,0.028403485645324432,0.003710365241958627,0.14176154096867524,0.0,1.985447415776255e-24,1.985447415776255e-24,1.985447415776255e-24,1.985447415776255e-24,0.004524341797822867,0.03552414636149406,0.07309029176474761,2.544210500845321e-06,0.010863682373362387,0.009566058696016903,5.914783268566592e-15,3.2351765968201444e-17,0.2665038362902501,1.985447415776255e-24,0.10024125531682058,1.985447415776255e-24
2024930_WZY_DM_assembly_Plate1D10,2024930_WZY_DM_assembly_Plate1,,D10,Plate1_D10,Sucrose,cycle 5,1.0385,True,True,explicit_user_selected_validation_only,not_assessable,0.020209912398443303,0.0,0.0,0.0030879455660080997,0.006475467940651735,0.0009448191657182362,0.0008987304259287204,0.012467004113480392,0.0038944985123504187,0.009148614848517344,0.0,4.608873979113706e-05,0.000829597316240762,0.6402417288086053,0.0,0.0,1.4394496594801803e-24,1.4394496594801803e-24,1.4394496594801803e-24,1.4394496594801803e-24,5.338312516732505e-09,0.07458057740841267,1.4659675847724475e-24,1.48951568941516e-24,1.4941402101044076e-24,0.005683178311209751,1.4426168602132031e-24,1.4605355994992706e-24,4.6942853242690314e-05,1.4394496594801803e-24,0.22144488825308703,1.4394496594801803e-24
2024930_WZY_DM_assembly_Plate1D11,2024930_WZY_DM_assembly_Plate1,,D11,Plate1_D11,Sucrose,cycle 5,1.0475,True,True,explicit_user_selected_validation_only,not_assessable,0.05558396859340868,0.0,0.0,0.0011938439243020839,0.00265103577309212,0.008672924979516555,0.00033357403767354137,0.013483413733299395,0.00015800875468754554,0.0045120277727427795,0.0,0.0031250620371540104,0.0005618089055556345,0.6030491905284591,0.0,0.0,1.4581228371211398e-24,1.4581228371211398e-24,1.4581228371211398e-24,1.4581228371211398e-24,2.7333107860069143e-08,0.07286020940262575,1.4847580620838337e-24,1.511123889199327e-24,1.5160235025147544e-24,0.015004826397058326,1.4610485194065578e-24,1.4766473579238166e-24,0.00034718796638063653,1.4581228371211398e-24,0.21846288986093607,1.4581228371211398e-24
2024930_WZY_DM_assembly_Plate1D12,2024930_WZY_DM_assembly_Plate1,,D12,Plate1_D12,Sucrose,cycle 5,1.0265,True,True,explicit_user_selected_validation_only,not_assessable,0.23410307271145359,0.00016042698147112003,0.0,0.0008422416527260824,0.0029277924118444668,0.005454517370014993,0.0020454440137556225,0.01676461956373436,0.0208154008458674,0.021417002026386033,0.0,0.017286007253542908,0.0024465114674372826,0.20662995213495083,0.0,0.0,1.5078337754994159e-24,1.5078337754994159e-24,1.5078337754994159e-24,1.5078337754994159e-24,0.015522919102206455,0.04293662979037825,3.395122901472463e-17,1.5818504395645616e-15,4.602223230315978e-15,0.01167496600797553,1.9416413064566736e-24,1.9920187788353167e-24,0.26482289999741426,1.5078337754994159e-24,0.13414959666883472,1.5078337754994159e-24
2024930_WZY_DM_assembly_Plate1D1,2024930_WZY_DM_assembly_Plate1,,D1,Plate1_D1,Maltose,cycle 5,0.9025,True,True,explicit_user_selected_validation_only,not_assessable,0.0012829715395032066,0.0002394880207062945,0.0,0.0002565943078995212,0.032929602847129494,0.011598062717088376,0.005012142147640078,0.16153466996595603,0.002121179611966837,0.0013856092626558468,0.0,0.036761411178385404,0.0011632275291416588,0.3908102372182548,0.0,0.0,2.1875597657109245e-24,2.1875597657109245e-24,2.1875597657109245e-24,2.1875597657109245e-24,8.539048362563294e-06,0.05655923269558856,4.5955229570727474e-15,1.1103218192734023e-11,5.480922244284843e-11,0.014344169137144726,5.435212323415155e-24,8.02452743869342e-24,0.10138449117890441,2.1875597657109245e-24,0.18260837152775514,2.1875597657109245e-24
2024930_WZY_DM_assembly_Plate1D2,2024930_WZY_DM_assembly_Plate1,,D2,Plate1_D2,Maltose,cycle 5,0.9905,True,True,explicit_user_selected_validation_only,not_assessable,0.0008767211870194363,0.0003339890236265952,0.0,0.0,0.02325398577000733,0.001294207466554936,0.0031520214104694133,0.11194894585683655,0.0013359560945063807,0.008641965986330003,0.0,0.0016490708041572535,0.0007514753031590873,0.5289342418547133,0.0,0.0,1.957995964702411e-24,1.957995964702411e-24,1.957995964702411e-24,1.957995964702411e-24,1.5672001243659422e-06,0.06545534672215866,1.8667108306316443e-23,4.294207604170152e-22,7.564360017369117e-22,0.01209783537221371,2.0330771080899196e-24,2.170764402940993e-24,0.03750667720819679,1.957995964702411e-24,0.20276599273992618,1.957995964702411e-24
2024930_WZY_DM_assembly_Plate1D3,2024930_WZY_DM_assembly_Plate1,,D3,Plate1_D3,Maltose,cycle 5,0.9495,True,True,explicit_user_selected_validation_only,not_assessable,0.016187494752364678,0.0007879627075226384,0.0,0.0012675921816663399,0.0026722213559468517,0.006766201510253447,0.003785646920929625,0.0949666358806378,0.00023981473707185074,0.002792128724481794,0.0013532403020526565,0.001010647820517226,0.000702314587140256,0.5383155662313355,0.0,0.0,1.9209798853991243e-24,1.9209798853991243e-24,1.9209798853991243e-24,1.9209798853991243e-24,1.8661190871545296e-06,0.06635151588007318,8.241710448661568e-24,7.251204926399348e-23,1.0250783484379491e-22,0.012151358586444835,1.9702528025874037e-24,2.0968810695979962e-24,0.04696872183344116,1.9209798853991243e-24,0.20367906986903322,1.9209798853991243e-24
2024930_WZY_DM_assembly_Plate1D4,2024930_WZY_DM_assembly_Plate1,,D4,Plate1_D4,Maltose,cycle 5,0.9865,True,True,explicit_user_selected_validation_only,not_assessable,0.006714789762581284,0.00035972088013836215,0.0,0.0002997674001151173,0.027138941957067068,0.009332758390246372,0.0030975964678510454,0.08739218938023442,0.0008993022003453519,0.016507191499655925,0.0,0.0038170382281299845,0.0009592556803685968,0.5259119267621105,0.004716340428473122,0.0,2.1622619753242155e-24,2.1622619753242155e-24,2.1622619753242155e-24,2.1622619753242155e-24,7.837854613765827e-08,0.06753168910149439,1.71399642187805e-21,3.8993356169673177e-19,1.108850388389121e-18,0.01150928784366853,2.377770793978799e-24,2.5902834505578595e-24,0.02948117207305109,2.1622619753242155e-24,0.2043309535659226,2.1622619753242155e-24
2024930_WZY_DM_assembly_Plate1D5,2024930_WZY_DM_assembly_Plate1,,D5,Plate1_D5,Maltose,cycle 5,0.9975,True,True,explicit_user_selected_validation_only,not_assessable,0.003038990131090114,0.00023122750997464045,0.0,0.0002477437606862547,0.0075148940741586135,0.0018333038290812092,0.00374918891172479,0.09789181797298321,0.0012056863020089052,0.013939715601314564,0.0009414262906127562,0.002229693846184033,0.0008423287863344701,0.5231357250659345,0.0,0.0,1.6797924709360527e-24,1.6797924709360527e-24,1.6797924709360527e-24,1.6797924709360527e-24,3.430696853313602e-05,0.06466094356091709,2.3823233048448714e-24,3.955228385088031e-24,4.273796511236184e-24,0.012496306161290717,1.694002873521116e-24,1.7682614768642217e-24,0.06989383116335672,1.6797924709360527e-24,0.19611287006381414,1.6797924709360527e-24
2024930_WZY_DM_assembly_Plate1D6,2024930_WZY_DM_assembly_Plate1,,D6,Plate1_D6,Maltose,cycle 5,0.9395,True,True,explicit_user_selected_validation_only,not_assessable,0.010461380347669011,0.0006638512693273937,0.0,0.00029758850004376654,0.0030674506927557315,6.867426924082213e-05,0.004532501769888492,0.13091604859642467,0.00016023996156142302,0.0015566167694595673,0.0,0.00038915419236445483,0.0010530054616883523,0.5029932393427778,0.0,0.0,1.707110515764698e-24,1.707110515764698e-24,1.707110515764698e-24,1.707110515764698e-24,0.00012453809595746123,0.061505659993205765,3.838295658482778e-24,1.1907590629365657e-23,1.418777604748186e-23,0.011820736201448434,1.732351896598806e-24,1.8219837858993968e-24,0.07563514080778996,1.707110515764698e-24,0.19475417372839682,1.707110515764698e-24
2024930_WZY_DM_assembly_Plate1D7,2024930_WZY_DM_assembly_Plate1,,D7,Plate1_D7,Sucrose,cycle 5,1.0385,True,True,explicit_user_selected_validation_only,not_assessable,0.14546636928248832,8.04570626559894e-05,0.0,0.0006436565012477256,0.004465366977409354,0.007603192420993794,0.00333896810022228,0.20870562052952407,0.028723171368213517,0.04940063647081862,0.01979243741339481,0.0,0.00016091412531216831,0.1374608915480956,0.0,4.0228531327947306e-05,1.851136472379843e-24,1.851136472379843e-24,1.851136472379843e-24,1.851136472379843e-24,0.0012972585674046692,0.046594322284850165,0.0013111582992737126,9.44710318613201e-07,4.928409188423705e-06,0.0004581882255241953,5.566535144186248e-23,1.6749799376410088e-23,0.21618241445184516,1.851136472379843e-24,0.12826887471989082,1.851136472379843e-24
2024930_WZY_DM_assembly_Plate1D8,2024930_WZY_DM_assembly_Plate1,,D8,Plate1_D8,Sucrose,cycle 5,1.0065,True,True,explicit_user_selected_validation_only,not_assessable,0.045406363065205194,6.706996021447632e-05,0.0,0.0009792214191304092,0.001757232957622115,0.0023608625995539772,0.0007377695623592395,0.08044371028152109,0.012045764854526879,0.015533402785644993,0.00024145185677195726,0.004520515318453499,0.0004829037135447021,0.45337951705771024,0.0,0.0,1.5382693619736807e-24,1.5382693619736807e-24,1.5382693619736807e-24,1.5382693619736807e-24,0.0002699744404214307,0.059570972269964,2.1028760902463453e-24,3.321828461501813e-24,3.561451722424938e-24,0.01205628706109141,1.5496619888837304e-24,1.6083585222221412e-24,0.13027652365905515,1.5382693619736807e-24,0.17987045713720937,1.5382693619736807e-24
2024930_WZY_DM_assembly_Plate1D9,2024930_WZY_DM_assembly_Plate1,,D9,Plate1_D9,Sucrose,cycle 5,0.9825,True,True,explicit_user_selected_validation_only,not_assessable,0.005342484366820555,0.00020604622902381482,0.0,0.00035322210689734865,0.001957439175720602,0.00023548140459852157,0.0,0.009640020000764176,0.00016189346566088724,0.011435565710823024,0.0003090693435352885,0.0,0.0007653145649441108,0.6389640737892613,0.0,4.41527633621469e-05,1.6942312213588172e-24,1.6942312213588172e-24,1.6942312213588172e-24,1.6942312213588172e-24,4.1611475742427884e-07,0.0730665914251175,1.8343787581963446e-24,2.046057665257215e-24,2.0813484989128036e-24,0.014182990568400838,1.702059564513461e-24,1.749093965989922e-24,0.02851652660383065,1.6942312213588172e-24,0.2148187123664816,1.6942312213588172e-24
2024930_WZY_DM_assembly_Plate1E10,2024930_WZY_DM_assembly_Plate1,,E10,Plate1_E10,Rhamonse,cycle 5,0.7445,True,True,explicit_user_selected_validation_only,not_assessable,0.30337741322585415,0.0001580914086642689,0.0,0.0,0.09045990403741729,0.000252946253862056,0.0,0.0,0.0002213279721297829,0.0028140270742206958,0.0,0.010623742662217965,0.0003478010990608109,0.010718597507405104,0.0,0.01947686154735121,1.890374833911778e-24,1.890374833911778e-24,1.890374833911778e-24,1.890374833911778e-24,0.004103628805587127,0.02314227250672754,0.008785119667194302,0.00014465899402889995,0.015359586518342561,0.0029915855076020894,8.179124926733665e-07,0.07341334330272273,0.3450424581665649,1.890374833911778e-24,0.08856581583055387,1.890374833911778e-24
2024930_WZY_DM_assembly_Plate1E11,2024930_WZY_DM_assembly_Plate1,,E11,Plate1_E11,Rhamonse,cycle 5,0.7305,True,True,explicit_user_selected_validation_only,not_assessable,0.08024240449970996,0.0,0.0,0.0,0.021884292136275824,0.00016613334264908237,0.0,0.0,0.0007702545886473138,0.0010270061181945015,0.0,0.02285088612988756,0.00027185456069910827,0.45272846175041026,0.0,0.005573018494329324,1.871888133093317e-24,1.871888133093317e-24,1.871888133093317e-24,1.871888133093317e-24,9.956563887271778e-07,0.05766687175493588,1.449385668464694e-21,6.448078807519617e-19,1.6837751604578354e-18,0.014608223584944215,2.068960517428674e-24,2.1402044234820735e-24,0.16462070427329456,1.871888133093317e-24,0.17758889310963363,1.871888133093317e-24
2024930_WZY_DM_assembly_Plate1E12,2024930_WZY_DM_assembly_Plate1,,E12,Plate1_E12,Rhamonse,cycle 5,0.6965,True,True,explicit_user_selected_validation_only,not_assessable,0.08512256764901098,0.0,0.00016128243971941586,0.0,0.013444043368080761,9.216139412574825e-05,0.0,6.912104559401086e-05,0.00041472627356458,0.011197609386256531,0.0,0.03196848358722144,0.00020736313678186094,0.3165398282979694,0.09516815960853477,0.004412226743754001,1.6759442321226014e-24,1.6759442321226014e-24,1.6759442321226014e-24,1.6759442321226014e-24,2.1597450849014394e-07,0.04760188182990961,1.0629020903473418e-19,8.228981830296913e-17,2.4815502412286884e-16,0.013057823411330308,2.1703358668788294e-24,2.27999917397691e-24,0.22231530844933478,1.6759442321226014e-24,0.15822719740430294,1.6759442321226014e-24
2024930_WZY_DM_assembly_Plate1E1,2024930_WZY_DM_assembly_Plate1,,E1,Plate1_E1,Lactose,cycle 5,0.8715,True,True,explicit_user_selected_validation_only,not_assessable,0.005915781920508938,0.0004501138417787982,0.0,0.010127561440015472,0.0076840862989288545,0.0017361533897186495,0.012410281637595751,0.48988461479886575,0.0007716237287630121,0.10461931722472703,0.0,0.01083488319136846,0.005658574010928756,0.05452807683261615,0.0,0.00048226483047706986,2.925240782727663e-24,2.925240782727663e-24,2.925240782727663e-24,2.925240782727663e-24,6.679680746495402e-07,0.0378196322765963,0.07123234870937972,4.525981942505354e-14,0.061125163588791796,1.5562329458516418e-12,6.759052206909173e-20,9.393097615279989e-07,2.158087847556837e-05,2.925240782727663e-24,0.12469633412102636,2.925240782727663e-24
2024930_WZY_DM_assembly_Plate1E2,2024930_WZY_DM_assembly_Plate1,,E2,Plate1_E2,Lactose,cycle 5,0.8545,True,True,explicit_user_selected_validation_only,not_assessable,0.04445160502078799,0.0010337582562986564,0.0,0.012484618941453838,0.03661889823283538,0.001351837719776334,0.015069014582205902,0.29239454680120286,0.005208551214439109,0.049739676101162145,0.04711552052741001,0.008389345849194194,0.03343810359803691,0.1634928442269927,0.0,0.0,4.237052354285705e-24,4.237052354285705e-24,4.237052354285705e-24,4.237052354285705e-24,7.163210005188521e-10,0.056293022221771544,0.051134136553028335,3.6744459413219047e-08,0.03240658415095531,8.311598073942295e-13,4.846132339040545e-15,6.345302752242719e-05,5.352658602035461e-06,4.237052354285705e-24,0.1493090928547079,4.237052354285705e-24
2024930_WZY_DM_assembly_Plate1E3,2024930_WZY_DM_assembly_Plate1,,E3,Plate1_E3,Lactose,cycle 5,0.9325,True,True,explicit_user_selected_validation_only,not_assessable,0.020850424132001943,0.005425365462925696,0.0,0.018510070402922962,0.03382874935701367,0.018722829832841615,0.0012765565795119283,0.46445383551310493,0.002765872588942511,0.10393298151518418,0.01744627325332969,0.0,0.02521199244533437,0.03457340736165031,0.0,0.0,5.120459595925678e-24,5.120459595925678e-24,5.120459595925678e-24,5.120459595925678e-24,2.432538898209144e-11,0.04343110677334533,0.07724264504259597,1.9655250053186903e-15,2.420477265237973e-08,8.717456069429325e-18,3.6979245759441095e-17,2.362048290749434e-11,2.1027346657762303e-09,5.120459595925678e-24,0.1323278633838397,5.120459595925678e-24
2024930_WZY_DM_assembly_Plate1E4,2024930_WZY_DM_assembly_Plate1,,E4,Plate1_E4,Lactose,cycle 5,0.8065,True,True,explicit_user_selected_validation_only,not_assessable,0.009462134740486912,0.00021026966089996511,0.0,0.03953069624920265,0.13352123467171972,0.00021026966089996511,0.0018924269481019895,0.41906743417395065,0.007990247114184851,0.009672404401393785,0.0115648313495096,0.0,0.05656253878229103,0.13646500992413954,0.0,0.0,8.998870135777074e-24,8.998870135777074e-24,8.998870135777074e-24,8.998870135777074e-24,4.6324089601394044e-14,0.00010159101416262396,2.889436396023537e-07,2.818221584716903e-14,9.403368179393634e-11,2.3556101540133048e-18,1.2398908360560121e-17,8.066859688881133e-13,7.994542547746899e-12,8.998870135777074e-24,0.17374862226250767,8.998870135777074e-24
2024930_WZY_DM_assembly_Plate1E5,2024930_WZY_DM_assembly_Plate1,,E5,Plate1_E5,Lactose,cycle 5,0.9085,True,True,explicit_user_selected_validation_only,not_assessable,0.0,0.0016596317115295876,0.0,0.009299660452558398,0.060862700869509324,0.007325271002626244,0.0014021026528511448,0.36617770711220143,0.00643822646715335,0.07376776814359796,0.0018599320905159527,0.0,0.024236345856324688,0.012075251418446696,0.0012018022738647797,0.0,2.0863802595468297e-24,2.0863802595468297e-24,2.0863802595468297e-24,2.0863802595468297e-24,0.018337333010494596,0.03000384406080869,0.05947105427502217,9.803679781492448e-12,0.1372178425770463,7.528924315123939e-13,1.0657191171954067e-11,2.0292188556803276e-09,0.08885301846522911,2.0863802595468297e-24,0.09981050550978694,2.0863802595468297e-24
2024930_WZY_DM_assembly_Plate1E6,2024930_WZY_DM_assembly_Plate1,,E6,Plate1_E6,Lactose,cycle 5,0.9105,True,True,explicit_user_selected_validation_only,not_assessable,0.043526823603047916,0.0,0.0,0.02927697063782771,0.08731273544197223,0.04495180889984979,0.014897573554669316,0.06930610305875562,0.006347661775447367,0.019042985326376653,0.016322558851194793,0.0,0.06321752951894279,0.31945579465903395,0.0,0.0,6.74792313236573e-24,6.74792313236573e-24,6.74792313236573e-24,6.74792313236573e-24,8.431775933756076e-13,0.06363379226544136,0.031097853582031248,2.9578262379758794e-06,0.0005038449369374251,2.1457778129680276e-15,1.1111236871959892e-11,9.498487454783909e-05,4.832149823086598e-09,6.74792313236573e-24,0.19100801634357972,6.74792313236573e-24
2024930_WZY_DM_assembly_Plate1E7,2024930_WZY_DM_assembly_Plate1,,E7,Plate1_E7,Rhamonse,cycle 5,0.7245,True,True,explicit_user_selected_validation_only,not_assessable,0.10293404793447782,0.0002679265929640691,0.0,0.0,0.001942467798995502,0.00011721788442185918,0.00020094494472336767,0.0,0.0009209976633146981,0.011169189844198868,0.0,0.0,0.0016243049698483798,0.5496179146417716,0.0,0.006380001994960922,2.4674997390826214e-24,2.4674997390826214e-24,2.4674997390826214e-24,2.4674997390826214e-24,7.370382910391365e-10,0.06800129585167579,5.102110203754486e-16,1.1929810655743781e-12,4.348233266830333e-12,0.0103521403712415,4.137044644323037e-24,4.951736534619259e-24,0.041829651090558084,2.4674997390826214e-24,0.20464189767426763,2.4674997390826214e-24
2024930_WZY_DM_assembly_Plate1E8,2024930_WZY_DM_assembly_Plate1,,E8,Plate1_E8,Rhamonse,cycle 5,0.7565,True,True,explicit_user_selected_validation_only,not_assessable,0.2688377455508008,0.0006891312190131027,0.0,0.0,0.0074273031382569845,0.0003062805417835081,0.0,0.0,0.002067393657039308,0.02411959266550049,0.0,0.0,0.0014548325734739678,0.1705216916379185,0.011026099504192886,0.0363708143368073,1.636462071478207e-24,1.636462071478207e-24,1.636462071478207e-24,1.636462071478207e-24,0.015284131083418381,0.03783854411027338,4.1655952706227865e-08,6.158700383791879e-06,2.0927075967829173e-05,0.007076282280569212,1.325461926207276e-22,1.8571426560265298e-22,0.2974591685661805,1.636462071478207e-24,0.11949386170246737,1.636462071478207e-24
2024930_WZY_DM_assembly_Plate1E9,2024930_WZY_DM_assembly_Plate1,,E9,Plate1_E9,Rhamonse,cycle 5,0.8905,True,True,explicit_user_selected_validation_only,not_assessable,0.15863659487731102,0.0,0.0,0.0,0.029962380013930392,0.0,0.0,0.0,0.0012243686513027149,0.015962995057543748,0.0001155064765382588,0.032619028974288755,0.00048512720145949597,0.005636716055050356,0.2653414779031555,0.00730000931720039,1.4538631903510351e-24,1.4538631903510351e-24,1.4538631903510351e-24,1.4538631903510351e-24,3.3483123059933966e-07,0.02468629516685011,5.230640755922188e-07,4.545655162484608e-06,0.00019958296666675967,0.007240647973242688,1.3512324693461162e-20,5.7124615057468946e-15,0.33347205606314123,1.4538631903510351e-24,0.11711180975184414,1.4538631903510351e-24
2024930_WZY_DM_assembly_Plate1F10,2024930_WZY_DM_assembly_Plate1,,F10,Plate1_F10,Ribose,cycle 5,0.9365,True,True,explicit_user_selected_validation_only,not_assessable,0.038698464332275105,0.0022886188583576134,0.0,0.0,0.049794798191055964,0.0011096333858729855,0.04778358767916787,0.0,0.04611913760035074,0.06470549681374493,0.0,0.0,0.0030514918111519853,0.41257556328422973,0.0,0.012760783937597987,2.490373538800315e-24,2.490373538800315e-24,2.490373538800315e-24,2.490373538800315e-24,9.721556549219365e-11,0.0645761955017204,5.453449548894606e-05,1.1225242959359745e-07,4.346671973358499e-07,0.003433662260667235,2.3791439914336134e-23,1.3143940253221279e-23,0.07447054128608738,2.490373538800315e-24,0.1785769435453886,2.490373538800315e-24
2024930_WZY_DM_assembly_Plate1F11,2024930_WZY_DM_assembly_Plate1,,F11,Plate1_F11,Ribose,cycle 5,0.9335,True,True,explicit_user_selected_validation_only,not_assessable,0.002775417105990768,0.0008857714168064246,0.0,0.0002952571389354749,0.08946291309751851,0.001830594261405335,0.004842217078548077,0.0,0.0676729362440297,0.08586077600250706,0.0,0.009920639868236896,0.001830594261405335,0.41206086309866585,0.0,0.007381428473386871,2.193523719813757e-24,2.193523719813757e-24,2.193523719813757e-24,2.193523719813757e-24,1.5078480556208272e-09,0.06926620939364947,3.062333782985721e-16,6.03036906743511e-16,1.7519690993799424e-15,0.010891169149148653,2.4857323192953613e-24,2.6738221044386366e-24,0.058500027932351456,2.193523719813757e-24,0.17652318396956343,2.193523719813757e-24
2024930_WZY_DM_assembly_Plate1F12,2024930_WZY_DM_assembly_Plate1,,F12,Plate1_F12,Ribose,cycle 5,0.8465,True,True,explicit_user_selected_validation_only,not_assessable,0.0003375093243524442,4.327042619900814e-05,0.0,0.0,0.04479354520127277,0.00028558481291373304,0.00011250310811720753,4.327042619900814e-05,0.006170362775981633,0.0004500124324704734,0.0,0.0037472189088335623,0.0004500124324704734,0.5614078176768833,0.0,0.0005798237110672513,1.6047500797239604e-24,1.6047500797239604e-24,1.6047500797239604e-24,1.6047500797239604e-24,2.482678323607556e-06,0.06569612421545466,1.8559781717833273e-24,2.2981299612471473e-24,2.374118730999383e-24,0.013653085646012902,1.612755964702551e-24,1.6587692494543207e-24,0.10499944984744311,1.6047500797239604e-24,0.1972279263760048,1.6047500797239604e-24
2024930_WZY_DM_assembly_Plate1F1,2024930_WZY_DM_assembly_Plate1,,F1,Plate1_F1,Glucuronic_acid,cycle 5,0.8065,True,False,explicit_user_selected_validation_only,not_assessable,0.01943907486258875,9.212831688445017e-05,0.015293300602812594,0.0,0.43717957305613864,0.0,0.0010748303636497274,0.0,0.0007677359740370848,0.07471606499317121,0.0,0.006971042644251909,0.003838679870174468,0.001197668119496976,0.0,6.141887792296679e-05,4.279768104644319e-24,4.279768104644319e-24,4.279768104644319e-24,4.279768104644319e-24,2.33877789125731e-12,0.026713698132506604,0.055097100999602855,8.41801182231775e-05,0.0004451102513306986,1.1085102876801837e-12,0.00017055127236740376,0.004217770111818939,0.2502328651367468,4.279768104644319e-24,0.1024072062928274,4.279768104644319e-24
2024930_WZY_DM_assembly_Plate1F2,2024930_WZY_DM_assembly_Plate1,,F2,Plate1_F2,Glucuronic_acid,cycle 5,0.8425,True,False,explicit_user_selected_validation_only,not_assessable,0.11390703101408375,0.000276921469240618,0.012738387585046536,0.0,0.08898409878257407,0.0,0.0016615288154418837,0.000553842938481236,0.025199853700929073,0.2048295800818639,0.0,0.11769162442717142,0.005815350854049329,0.021969103226315338,0.0,0.000553842938481236,3.5629500980235146e-24,3.5629500980235146e-24,3.5629500980235146e-24,3.5629500980235146e-24,1.167486264089229e-11,0.048428818427730204,0.15526098832052557,8.891095340889342e-05,0.01591695523577228,0.01589160701866359,6.225194082316796e-12,9.82127039831242e-14,0.07312440337255108,3.5629500980235146e-24,0.09710715081967171,3.5629500980235146e-24
2024930_WZY_DM_assembly_Plate1F3,2024930_WZY_DM_assembly_Plate1,,F3,Plate1_F3,Glucuronic_acid,cycle 5,0.8805,True,False,explicit_user_selected_validation_only,not_assessable,0.21492373424943806,6.719166347924236e-05,0.00015678054811864176,0.0,0.17584058332545216,0.0,0.0004031499808752307,0.00011198610579855108,0.0007839027405909746,0.047952450503017545,0.0,0.0031132137412044117,0.002866844308452291,0.0015230110388607413,0.0,0.00026876665391719284,2.181813343918399e-24,2.181813343918399e-24,2.181813343918399e-24,2.181813343918399e-24,1.5216432710750502e-06,0.025820619533803997,0.037714349598016214,0.00011407514984530765,0.012194222227362406,1.1886641589085796e-06,6.982877147030678e-05,0.07052991979015848,0.3212206327072924,2.181813343918399e-24,0.08432202705541578,2.181813343918399e-24
2024930_WZY_DM_assembly_Plate1F4,2024930_WZY_DM_assembly_Plate1,,F4,Plate1_F4,Glucuronic_acid,cycle 5,0.8055,True,False,explicit_user_selected_validation_only,not_assessable,0.14801001068701855,0.0010151578236446805,0.002295818462707624,0.0,0.26736133512290505,0.0,0.00020303156472872242,4.6853438014378084e-05,0.0038888353551872912,0.017976102384859378,0.0,0.0,0.00023426719007135625,0.0015305456418050827,0.0,0.00028112062808584114,2.086623933139075e-24,2.086623933139075e-24,2.086623933139075e-24,2.086623933139075e-24,2.2371478905050846e-05,0.023703592954440446,0.023857454254727708,0.00012621996071621346,0.00942211203639953,4.359540593526341e-06,7.535965126962245e-05,0.07358948841671417,0.33796546048332166,2.086623933139075e-24,0.08839050292388424,2.086623933139075e-24
2024930_WZY_DM_assembly_Plate1F5,2024930_WZY_DM_assembly_Plate1,,F5,Plate1_F5,Glucuronic_acid,cycle 5,0.8725,True,False,explicit_user_selected_validation_only,not_assessable,0.04472002136417939,0.0018259178736403665,0.0008081931571833167,0.0,0.40900560369475053,0.0,0.0,0.0,0.005268222061641604,0.003502170347799495,0.0,0.0,0.00041906311853978217,0.0006585277577049603,0.0,0.0,1.875976982986561e-24,1.875976982986561e-24,1.875976982986561e-24,1.875976982986561e-24,0.008115101899028764,0.02420176447481059,0.01761626793668719,0.0001384460415631467,0.01866733761866015,0.001559371038586802,7.94956604995605e-09,0.00019644302899035545,0.36703880395164173,1.875976982986561e-24,0.09625873668502581,1.875976982986561e-24
2024930_WZY_DM_assembly_Plate1F6,2024930_WZY_DM_assembly_Plate1,,F6,Plate1_F6,Glucuronic_acid,cycle 5,0.9325,True,False,explicit_user_selected_validation_only,not_assessable,0.03266064044107456,0.0002612851235288839,0.021798644591492645,0.0,0.3489276192491149,0.0,0.0008958347092422982,0.0,0.0012317727252078008,0.026912367723418987,0.0,0.0,0.005524314040324153,0.010973975188218871,0.0,0.0,2.8070669643775945e-24,2.8070669643775945e-24,2.8070669643775945e-24,2.8070669643775945e-24,1.2889915583913294e-08,0.02266235222117718,0.026157357699069992,0.0002523944579764155,0.0027953568195984552,7.269624810815338e-11,0.0419092900713061,0.05511466947610885,0.3133998600691502,2.8070669643775945e-24,0.08852225243137772,2.8070669643775945e-24
2024930_WZY_DM_assembly_Plate1F7,2024930_WZY_DM_assembly_Plate1,,F7,Plate1_F7,Ribose,cycle 5,0.9915,True,True,explicit_user_selected_validation_only,not_assessable,0.046402581496624094,0.00019639918804997708,0.0,0.00020949246725369877,0.018474616955927153,0.0,0.0009296228234371917,0.0,0.010016358590587578,0.008916523137510046,0.0,0.0,3.9279837610068525e-05,0.6138522088906115,0.0,0.001060555615474409,1.4279248938926934e-24,1.4279248938926934e-24,1.4279248938926934e-24,1.4279248938926934e-24,7.045803801994629e-09,0.0735653808492324,1.4532596032881712e-24,1.4761362246557804e-24,1.4805870487859425e-24,0.007535630152746158,1.430890711853334e-24,1.447212713722566e-24,7.204415669248112e-05,1.4279248938926934e-24,0.21872929879243933,1.4279248938926934e-24
2024930_WZY_DM_assembly_Plate1F8,2024930_WZY_DM_assembly_Plate1,,F8,Plate1_F8,Ribose,cycle 5,1.0275,True,True,explicit_user_selected_validation_only,not_assessable,0.05818401024704604,0.00038454642351641333,0.0,0.0002456824372463646,0.028168025522551182,0.00016022767646485476,0.002574324668538127,2.1363690195339367e-05,0.026619157983404886,0.0013993217077933188,4.272738039067873e-05,0.0,0.0005554559450794331,0.5760612242728613,0.0,0.0013245487921130217,1.4881445959813317e-24,1.4881445959813317e-24,1.4881445959813317e-24,1.4881445959813317e-24,1.546487390803772e-07,0.07160943417239475,1.5238767164109494e-24,1.563364600140576e-24,1.570369531723001e-24,0.014666057211840501,1.4917505600385954e-24,1.5115185560757095e-24,0.003473471389759586,1.4881445959813317e-24,0.21451026583006505,1.4881445959813317e-24
2024930_WZY_DM_assembly_Plate1F9,2024930_WZY_DM_assembly_Plate1,,F9,Plate1_F9,Ribose,cycle 5,1.0255,True,True,explicit_user_selected_validation_only,not_assessable,0.05158548062935857,0.00011707598606499258,0.0,5.403507049163717e-05,0.014643504103252495,0.0,0.00019812859180295598,0.0,0.0008375435926204153,0.0014499410581900643,0.0,0.022415548408956845,0.0004683039442607513,0.591512910827174,0.0,0.00013508767622889768,1.5253931402985088e-24,1.5253931402985088e-24,1.5253931402985088e-24,1.5253931402985088e-24,4.4406364650671884e-07,0.07103375500341129,1.5644043610184295e-24,1.615479058436852e-24,1.6239046858027873e-24,0.017211710038321497,1.5283850201302125e-24,1.5431442147216514e-24,0.012655970593358237,1.5253931402985088e-24,0.21568056041286068,1.5253931402985088e-24
2024930_WZY_DM_assembly_Plate1G10,2024930_WZY_DM_assembly_Plate1,,G10,Plate1_G10,Acetate,cycle 5,0.2295,True,True,explicit_user_selected_validation_only,not_assessable,0.7300916161794924,0.0012207917779922678,0.0,0.0031391788576937965,0.04005359690651407,0.009998865991173148,0.0,0.0,0.0004650635344742548,0.0082548777369106,0.0,0.0,0.0,0.0,0.0,5.81329418091758e-05,8.284775356888222e-24,8.284775356888222e-24,8.284775356888222e-24,8.284775356888222e-24,1.1803030733523137e-14,4.807793068538609e-05,5.62890459751227e-11,1.8742988418604513e-05,1.1913308624646988e-05,4.080794003342923e-15,5.295078941372447e-07,2.436573036063919e-06,0.04206863477683861,8.284775356888222e-24,0.1645675409321379,8.284775356888222e-24
2024930_WZY_DM_assembly_Plate1G11,2024930_WZY_DM_assembly_Plate1,,G11,Plate1_G11,Acetate,cycle 5,0.3265,True,True,explicit_user_selected_validation_only,not_assessable,0.41974343676602066,0.0003841459152816438,0.0,0.0004481702344970413,0.0018567052572035629,0.0008963404689922924,0.0,0.0,0.0037774348336117817,0.022920706278560927,0.0,0.03822251857065783,0.0,0.0,0.0,0.0,3.4967340305655234e-24,3.4967340305655234e-24,3.4967340305655234e-24,3.4967340305655234e-24,4.561080221526966e-11,0.02352139414351395,0.0265178841944347,9.042911939866554e-05,0.0004434097541978294,1.3086913526451334e-06,0.0016589464784115835,0.03463084763223236,0.325989775159567,3.4967340305655234e-24,0.09889654645645465,3.4967340305655234e-24
2024930_WZY_DM_assembly_Plate1G12,2024930_WZY_DM_assembly_Plate1,,G12,Plate1_G12,Acetate,cycle 5,0.0915,True,True,explicit_user_selected_validation_only,not_assessable,0.7450770755143216,0.0004469233413890508,0.0,0.0005027887590628331,0.0412286782431982,0.0010055775181268738,0.0,0.0,0.006424523032472888,0.023295879169972045,0.0,0.1820095307810571,0.0,0.0,0.0,0.0,2.3583725352898955e-23,2.3583725352898955e-23,2.3583725352898955e-23,2.3583725352898955e-23,4.887930157509433e-19,5.059002928896208e-14,2.690853383717718e-15,5.226835589880691e-15,3.95648124515891e-15,1.5551763114008728e-15,2.478405805282793e-17,1.120204089109476e-15,4.627308233104431e-13,2.3583725352898955e-23,9.023639871688648e-06,2.3583725352898955e-23
2024930_WZY_DM_assembly_Plate1G1,2024930_WZY_DM_assembly_Plate1,,G1,Plate1_G1,Arabinose,cycle 5,0.7565,True,True,explicit_user_selected_validation_only,not_assessable,0.17382350592896087,6.201338063820561e-05,0.0,0.0,0.05016882493634999,0.018417974049561518,0.0003410735935105559,0.08940779153485391,0.001255770957923876,0.06570317678616142,0.0,0.05164164272648506,0.0,0.012790259756592719,0.0,0.0,1.660214987111787e-24,1.660214987111787e-24,1.660214987111787e-24,1.660214987111787e-24,0.01066149855961277,0.031218830301672204,0.04852245759224531,2.711086126288212e-05,0.09298598212392407,0.011952326379995559,5.921796289602102e-16,2.488363870275256e-16,0.2501268676490204,1.660214987111787e-24,0.0908928928812279,1.660214987111787e-24
2024930_WZY_DM_assembly_Plate1G2,2024930_WZY_DM_assembly_Plate1,,G2,Plate1_G2,Arabinose,cycle 5,0.7425,True,True,explicit_user_selected_validation_only,not_assessable,0.0291260760335797,0.002403608216350165,0.0,0.0,0.010038599021264187,0.0044301798497533955,0.013903223996587027,0.6509065309048558,0.004665827714112997,0.010415635604211123,0.0,0.006079714900189385,0.0,0.060938537720603016,0.0,0.00032990701008922844,3.965772060529295e-24,3.965772060529295e-24,3.965772060529295e-24,3.965772060529295e-24,2.1652165781829275e-08,0.032983925510400594,0.015466878222995264,3.1497861300355514e-15,0.0007492490602684084,1.3167235665130234e-14,4.015235155041991e-20,6.609101995128346e-09,1.8148844647789812e-06,3.965772060529295e-24,0.15756026308899082,3.965772060529295e-24
2024930_WZY_DM_assembly_Plate1G3,2024930_WZY_DM_assembly_Plate1,,G3,Plate1_G3,Arabinose,cycle 5,0.6975,True,True,explicit_user_selected_validation_only,not_assessable,0.004810529892631399,0.002935238578557048,0.0,0.0,0.05352733685602784,0.025601803157305657,0.018222939508502158,0.011333282289403333,0.007868070078604938,0.20200148828840786,0.0,0.0,0.00012230160743952216,0.27717620966098666,0.0,0.0,3.7800301739349794e-24,3.7800301739349794e-24,3.7800301739349794e-24,3.7800301739349794e-24,2.944385335849319e-17,0.06319180554262575,0.13818383150031616,3.5692141021852658e-06,0.0673338704458481,4.230580191037009e-13,2.797612821342342e-15,1.0153537748711792e-10,2.4617054763522604e-12,3.7800301739349794e-24,0.12768772327481837,3.7800301739349794e-24
2024930_WZY_DM_assembly_Plate1G4,2024930_WZY_DM_assembly_Plate1,,G4,Plate1_G4,Arabinose,cycle 5,0.6885,True,True,explicit_user_selected_validation_only,not_assessable,0.010748829331197916,0.00032770821131876876,0.0,0.0,0.10067196251670263,0.04528927480409092,0.02202199180053754,0.27212889867801043,0.004981164812035103,0.09903342146022194,0.0,0.0,0.00039324985358082546,0.15834860770861361,0.0027527489750657783,0.0,5.524275130868518e-24,5.524275130868518e-24,5.524275130868518e-24,5.524275130868518e-24,5.062597753667731e-15,0.0525514331891171,0.07754823015764403,3.603832486723197e-11,3.3479099914275213e-06,2.2185049526963483e-16,1.6435116687209308e-14,1.903832905208989e-07,7.665808072745247e-10,5.524275130868518e-24,0.15319893940594068,5.524275130868518e-24
2024930_WZY_DM_assembly_Plate1G5,2024930_WZY_DM_assembly_Plate1,,G5,Plate1_G5,Arabinose,cycle 5,0.6635,True,True,explicit_user_selected_validation_only,not_assessable,0.001583918295296553,0.002524369783130083,0.0,0.0,0.07513712413323248,0.027867062507871975,0.014651244231507168,0.5798625884192221,0.004702257439167651,0.07088034371458952,0.0,0.0,0.0,0.0013364310616569288,0.0,0.0,5.7781893041568505e-24,5.7781893041568505e-24,5.7781893041568505e-24,5.7781893041568505e-24,2.6290483885729795e-13,0.02178292560168847,0.05822820169897072,1.9193242834841082e-17,3.0889373121993923e-10,1.6357821585214746e-18,4.309447911027788e-18,2.1792966680104524e-13,2.6117868626922775e-10,5.7781893041568505e-24,0.1414435325431131,5.7781893041568505e-24
2024930_WZY_DM_assembly_Plate1G6,2024930_WZY_DM_assembly_Plate1,,G6,Plate1_G6,Arabinose,cycle 5,0.8365,True,True,explicit_user_selected_validation_only,not_assessable,0.0033055317043798444,4.031136224859842e-05,0.0,0.0,0.00451487257183199,0.0022171249236671063,0.008505697434450201,0.4526562866887144,0.0037489566891103624,0.011005001893852272,0.0,0.05055044825971455,0.0,0.11150122797951174,0.0,0.0,2.83542800110625e-24,2.83542800110625e-24,2.83542800110625e-24,2.83542800110625e-24,1.370519645529165e-06,0.034924510995591504,0.019247563864728305,5.5590856008927265e-11,0.15646982429133496,0.00034021434396661835,3.63337512393369e-21,0.0006179606584938067,0.00011641193919892684,2.83542800110625e-24,0.14023668382396848,2.83542800110625e-24
2024930_WZY_DM_assembly_Plate1G7,2024930_WZY_DM_assembly_Plate1,,G7,Plate1_G7,Acetate,cycle 5,0.2455,True,True,explicit_user_selected_validation_only,not_assessable,0.2080320197735599,9.680410412911109e-05,0.0,0.0,0.0014520615619366664,0.006356802837821776,0.0,0.0,0.000451752485935688,0.03846349737390657,0.0,0.29467169296833845,0.0,0.00012907213883897847,0.0,0.00029041231238635115,4.7954341297851525e-24,4.7954341297851525e-24,4.7954341297851525e-24,4.7954341297851525e-24,5.227203309379848e-11,0.03539666301305681,0.029151175401371802,4.119019251302296e-05,6.579210100849808e-05,0.04171567978145459,5.229925734059481e-15,0.00011394727409241784,0.21617537610453155,4.7954341297851525e-24,0.12739606052284055,4.7954341297851525e-24
2024930_WZY_DM_assembly_Plate1G8,2024930_WZY_DM_assembly_Plate1,,G8,Plate1_G8,Acetate,cycle 5,0.1395,True,True,explicit_user_selected_validation_only,not_assessable,0.011590792558404344,0.00010078950050771248,0.0,0.0004031580020322426,0.07045186085490843,0.008970265545238637,0.0,0.0,0.0009071055045728941,0.035981851681375215,0.0,0.6447504347496299,0.0004031580020322426,0.003225264016253763,0.0,0.0,1.3600599320902682e-23,1.3600599320902682e-23,1.3600599320902682e-23,1.3600599320902682e-23,3.625744945440402e-16,9.496496319259841e-07,6.114959279228358e-12,1.5399527467806628e-12,1.0841086646695586e-12,0.07021096310935498,1.0018900180090731e-21,1.1615090069923621e-13,6.832154389515419e-10,1.3600599320902682e-23,0.1530034061339868,1.3600599320902682e-23
2024930_WZY_DM_assembly_Plate1G9,2024930_WZY_DM_assembly_Plate1,,G9,Plate1_G9,Acetate,cycle 5,0.2075,True,True,explicit_user_selected_validation_only,not_assessable,0.7228629220296092,0.00048454670228657485,0.0,0.0007268200534288197,0.004280162536864396,0.007025927183146995,0.00040378891857231937,0.000161515567429032,0.0074297161017156665,0.005976075994868451,0.0,0.07930414360772091,0.0,0.0,0.0,0.001292124539430171,1.0179859182073623e-23,1.0179859182073623e-23,1.0179859182073623e-23,1.0179859182073623e-23,1.2692226226931258e-15,7.943189295004063e-07,2.0430242201189423e-10,9.759963894245184e-08,5.5416527596743874e-08,2.307132584126854e-12,1.019109662549888e-10,6.536865768280124e-09,0.00012512646907258626,1.0179859182073623e-23,0.1699261761153712,1.0179859182073623e-23
2024930_WZY_DM_assembly_Plate1H10,2024930_WZY_DM_assembly_Plate1,,H10,Plate1_H10,Propionate,cycle 5,0.2375,True,True,explicit_user_selected_validation_only,not_assessable,0.5363816541163917,0.00010853534077622776,0.0,0.0,0.03125817814354969,0.011721816803835203,0.0,0.00016280301116417887,0.004992625675688898,0.026645426160538034,0.0,0.0626791592980933,0.0,0.0,0.0,0.0,6.358153783051273e-24,6.358153783051273e-24,6.358153783051273e-24,6.358153783051273e-24,1.1138208053574973e-13,0.012568942138605502,0.021781427102872092,5.1263075640194785e-05,5.214297955103659e-05,1.1724203167769407e-09,2.7235086149262793e-07,3.553427259258682e-05,0.15021453573320895,6.358153783051273e-24,0.14134568262409916,6.358153783051273e-24
2024930_WZY_DM_assembly_Plate1H11,2024930_WZY_DM_assembly_Plate1,,H11,Plate1_H11,Propionate,cycle 5,0.1145,True,True,explicit_user_selected_validation_only,not_assessable,0.3030197938269379,0.00034819855653841114,0.0,0.005135928708940473,0.003656084843646769,0.008443814996053196,0.0,0.0,0.004874779791537755,0.2509641096252682,0.0,0.2603654706512772,0.0,0.0,0.0,0.0,1.7050883702609187e-23,1.7050883702609187e-23,1.7050883702609187e-23,1.7050883702609187e-23,2.344305435393283e-19,7.886033167017319e-09,0.16319117821924767,2.245688703874618e-16,6.849607797142622e-16,3.054063798445423e-12,1.1036730766106346e-19,3.0771212771966383e-16,1.3373130404809606e-14,1.7050883702609187e-23,6.328914506685415e-07,1.7050883702609187e-23
2024930_WZY_DM_assembly_Plate1H12,2024930_WZY_DM_assembly_Plate1,,H12,Plate1_H12,Propionate,cycle 5,0.1865,True,True,explicit_user_selected_validation_only,not_assessable,0.7619473935768981,0.0008886979368163942,0.0,0.0013330469052245913,0.06498603662955248,0.0023328320841388534,0.0,0.0,0.015441126652130491,0.06043145970339773,0.0,0.05343296345097281,0.0,0.00022217448420409856,0.0,0.0,1.6333621807032597e-23,1.6333621807032597e-23,1.6333621807032597e-23,1.6333621807032597e-23,4.162940210915471e-18,9.443226617479127e-11,0.0007999031000452155,1.5683200708409106e-12,1.4373711382125957e-12,1.138498741151224e-16,2.1917026657942144e-14,3.4342825659647375e-13,4.220757445928032e-10,1.6333621807032597e-23,0.038184364956740144,1.6333621807032597e-23
2024930_WZY_DM_assembly_Plate1H1,2024930_WZY_DM_assembly_Plate1,,H1,Plate1_H1,Mannose,cycle 5,0.7865,True,True,explicit_user_selected_validation_only,not_assessable,0.13447221183377456,0.0002897067400372593,0.0,0.0005955082989665055,0.1028780823509703,0.04429294158800553,0.00011266373223650631,0.0,0.047350957177270225,4.828445667290739e-05,0.0,0.08490016964993388,4.828445667290739e-05,0.01809057643342006,0.0,0.0010783528656992808,1.807333755739209e-24,1.807333755739209e-24,1.807333755739209e-24,1.807333755739209e-24,0.011215179713728405,0.03495487594555747,0.06276163318840873,0.00047839965835614994,0.027954612366234453,0.016668435892821062,6.453060949890951e-18,3.843777866448965e-20,0.3065780788396279,1.807333755739209e-24,0.10523104481160604,1.807333755739209e-24
2024930_WZY_DM_assembly_Plate1H2,2024930_WZY_DM_assembly_Plate1,,H2,Plate1_H2,Mannose,cycle 5,0.9825,True,True,explicit_user_selected_validation_only,not_assessable,0.2319076848738287,0.0003375657712867754,0.0,0.00025317432846476087,0.09679698491640427,0.001434654527963985,0.0005485443783405289,0.00025317432846476087,0.025233041403633548,0.0024051561204222836,0.00021097860705375358,0.05814570410414225,0.0013924588065555431,0.022152753740714678,0.0,0.0008017187068052898,2.5054548402120065e-24,2.5054548402120065e-24,2.5054548402120065e-24,2.5054548402120065e-24,9.293928872527757e-08,0.02710671491820004,0.03797257118442787,0.0006528781249685696,0.008661568332198045,0.01097201395660918,7.369766589935631e-05,0.06378322468200588,0.3112015615507336,2.5054548402120065e-24,0.09770208203158763,2.5054548402120065e-24
2024930_WZY_DM_assembly_Plate1H3,2024930_WZY_DM_assembly_Plate1,,H3,Plate1_H3,Mannose,cycle 5,0.0535,True,True,explicit_user_selected_validation_only,not_assessable,0.0,0.0,0.0,0.0,0.0,0.0,0.0,0.0,0.0,0.0,0.0,0.0,0.0,0.9999951771508826,0.0,0.0,3.6506833277996595e-23,3.6506833277996595e-23,3.6506833277996595e-23,3.6506833277996595e-23,5.849071018107396e-22,1.0947898371374035e-11,9.180955790360467e-20,1.2164338711592506e-18,1.193387326560577e-17,2.800668972312807e-20,3.6506833277996595e-23,2.9522943879484544e-17,2.903518580677841e-21,3.6506833277996595e-23,4.82283816959233e-06,3.6506833277996595e-23
2024930_WZY_DM_assembly_Plate1H4,2024930_WZY_DM_assembly_Plate1,,H4,Plate1_H4,Mannose,cycle 5,0.9825,True,True,explicit_user_selected_validation_only,not_assessable,0.044468983484660704,0.0,0.0,1.1662466164307477e-05,0.013691735276928409,0.0052131223754595946,0.0,0.0,0.0028223168117675695,0.0007697227668464826,3.498739849300062e-05,0.015091231216626541,4.664986465738628e-05,0.6048621451471498,0.0,0.0,1.5270588001879048e-24,1.5270588001879048e-24,1.5270588001879048e-24,1.5270588001879048e-24,2.2264639068115296e-07,0.07267380828364167,1.5616902060908634e-24,1.6028597603351445e-24,1.6099153994186579e-24,0.01645084719892423,1.5301954236636787e-24,1.5463254925740368e-24,0.005335622237155591,1.5270588001879048e-24,0.2185269428251343,1.5270588001879048e-24
2024930_WZY_DM_assembly_Plate1H5,2024930_WZY_DM_assembly_Plate1,,H5,Plate1_H5,Mannose,cycle 5,0.9205,True,True,explicit_user_selected_validation_only,not_assessable,0.0057841801408040185,0.0,0.0,0.003062213015723488,0.029787978941483377,0.002820748190105396,9.878106502328742e-05,3.292702167445544e-05,0.002337818538884995,0.00016463510837188265,0.00015365943448058164,0.002656113081735881,0.0006365890857057177,0.6063511041345284,0.0,7.682971724029082e-05,1.5413116190957353e-24,1.5413116190957353e-24,1.5413116190957353e-24,1.5413116190957353e-24,1.221518097690172e-06,0.07025433848775069,1.6026364597703322e-24,1.683220261620713e-24,1.696713808695767e-24,0.014393402619904553,1.5461223289716131e-24,1.5733312663345694e-24,0.050898164271391086,1.5413116190957353e-24,0.2104892956270943,1.5413116190957353e-24
2024930_WZY_DM_assembly_Plate1H6,2024930_WZY_DM_assembly_Plate1,,H6,Plate1_H6,Mannose,cycle 5,0.9705,True,True,explicit_user_selected_validation_only,not_assessable,0.14023598651392175,0.00012665250531860962,0.0,0.01323518680573895,0.03881899288008277,0.013995101837689764,0.0006649256529203597,0.0,0.07478830439043511,0.031568136950573436,6.332625265913456e-05,0.05924170936261175,0.001868124453440767,0.16651638136732683,0.0,0.0,1.6625027489418803e-24,1.6625027489418803e-24,1.6625027489418803e-24,1.6625027489418803e-24,0.006951388237489619,0.04740982891531886,1.284619896482211e-10,4.1947675478675535e-13,1.123518007813805e-12,0.015811563368781107,2.397895545128676e-24,2.195672466727903e-24,0.25589971108034093,1.6625027489418803e-24,0.13280467929534517,1.6625027489418803e-24
2024930_WZY_DM_assembly_Plate1H7,2024930_WZY_DM_assembly_Plate1,,H7,Plate1_H7,Propionate,cycle 5,0.2025,True,True,explicit_user_selected_validation_only,not_assessable,0.7173788614196153,0.0017404326587473029,0.0,0.0013282249237814888,0.033663631688957446,0.006595323759469552,0.0,9.160171888156745e-05,0.0006870128916096903,0.03554146692603495,0.0,4.5800859440783726e-05,0.0,0.0,0.0,0.0,8.068602408230662e-24,8.068602408230662e-24,8.068602408230662e-24,8.068602408230662e-24,1.06369035773621e-14,0.000430294913889157,0.005135637020110766,1.6527573892913693e-05,1.4742140769918805e-05,4.800104017596816e-15,3.956681768277585e-07,3.1697808512839913e-06,0.03736760943593451,8.068602408230662e-24,0.1599592666198211,8.068602408230662e-24
2024930_WZY_DM_assembly_Plate1H8,2024930_WZY_DM_assembly_Plate1,,H8,Plate1_H8,Propionate,cycle 5,0.2515,True,True,explicit_user_selected_validation_only,not_assessable,0.4929353033417069,0.00039090825007425187,0.0,0.00039090825007425187,0.03590771497105736,0.012676596109532184,0.0,0.0,0.005081807250953466,0.0021220733575415527,0.0,0.00039090825007425187,0.0,0.00011168807144961756,0.0,0.0,4.612614655571525e-24,4.612614655571525e-24,4.612614655571525e-24,4.612614655571525e-24,1.1804083297276872e-12,0.014670251610890053,4.682706674948704e-05,0.00010305991906827723,0.0001563228656328784,2.88244927664511e-13,0.002554766197498835,0.005571066934433944,0.3118317462472149,4.612614655571525e-24,0.11505805130457922,4.612614655571525e-24
2024930_WZY_DM_assembly_Plate1H9,2024930_WZY_DM_assembly_Plate1,,H9,Plate1_H9,Propionate,cycle 5,0.1155,True,True,explicit_user_selected_validation_only,not_assessable,0.6171597481418396,0.004081918539018435,0.0,0.002370146248464751,0.09032890702478616,0.020277917903497027,0.0,0.0,0.01250910520019171,0.15958984739693552,0.0,0.0,0.0,0.0,0.0,0.0,2.105068789923457e-23,2.105068789923457e-23,2.105068789923457e-23,2.105068789923457e-23,6.779257292865871e-20,1.0591607274633504e-12,0.09368238605617059,3.1802955397667735e-16,5.15982266041218e-16,5.303500889170744e-20,7.977450066088982e-17,2.7795734873479586e-16,1.32365602870139e-14,2.105068789923457e-23,2.3488022661389208e-08,2.105068789923457e-23
2024930_WZY_DM_assembly_Plate2A10,2024930_WZY_DM_assembly_Plate2,,A10,Plate2_A10,N_acetylglutamic_acid,cycle 5,0.5255,True,True,explicit_user_selected_validation_only,not_assessable,0.17288694926656975,0.00029523637745141327,0.0003299700689154729,0.01172262086938257,0.06170440288732466,0.0040638419013916665,0.00026050268598597237,5.21005371973326e-05,0.05548707211514748,0.11224192396863646,0.0001910353030564718,0.0,0.009134960855254875,0.011045313885819592,0.0862784895986303,0.0006252064463668862,2.697820097795397e-24,2.697820097795397e-24,2.697820097795397e-24,2.697820097795397e-24,1.7216677631127411e-12,0.03672835102282448,0.1339340764441299,2.511865187356059e-05,0.0023564732407968907,4.913824412311668e-13,4.114843475062852e-12,1.493830341674019e-19,0.2065103656389547,2.697820097795397e-24,0.09412598822796157,2.697820097795397e-24
2024930_WZY_DM_assembly_Plate2A11,2024930_WZY_DM_assembly_Plate2,,A11,Plate2_A11,N_acetylglutamic_acid,cycle 5,0.5895,True,True,explicit_user_selected_validation_only,not_assessable,0.015482792272857983,0.0004524831286870334,0.0,0.007367605725803271,0.054652092673612984,0.0025378401565530778,5.901953852453485e-05,0.0,0.039090607682671925,0.010948124396291291,0.0,0.006108522237280714,0.004682216722946859,0.47921897963898513,0.06153770550152874,0.0,2.5010587988614546e-24,2.5010587988614546e-24,2.5010587988614546e-24,2.5010587988614546e-24,3.925088681300631e-11,0.06597830533657649,6.835749824124577e-12,6.693904748169555e-11,2.435784374555144e-10,0.007533597876548694,6.425069230169049e-24,8.495101487705018e-24,0.04295072116957532,2.5010587988614546e-24,0.20139938558495177,2.5010587988614546e-24
2024930_WZY_DM_assembly_Plate2A12,2024930_WZY_DM_assembly_Plate2,,A12,Plate2_A12,N_acetylglutamic_acid,cycle 5,0.5715,True,True,explicit_user_selected_validation_only,not_assessable,0.16525475218277672,0.0009730789364623736,0.000376257188765168,0.03597797187743563,0.00847227394013377,0.0025819027780821908,0.0001686670156535824,0.0,0.0006616936767938776,0.12044122356229725,0.0,0.08211488785159672,0.006759655011961513,0.009873507608635299,0.057528426723673046,0.0,2.18261690582259e-24,2.18261690582259e-24,2.18261690582259e-24,2.18261690582259e-24,4.106527835804426e-07,0.033870548720157975,0.07810606469814328,7.977769713396891e-05,0.02724052382423384,0.01406874930129455,3.04831594847481e-11,9.860008006744177e-12,0.2671673879966312,2.18261690582259e-24,0.08828223871501135,2.18261690582259e-24
2024930_WZY_DM_assembly_Plate2A1,2024930_WZY_DM_assembly_Plate2,,A1,Plate2_A1,Sugar_mix,cycle 5,0.9295,True,True,explicit_user_selected_validation_only,not_assessable,0.0032981647467670524,0.00022979016678344486,0.0007569558435208238,0.002946720962280869,0.0702211715551485,0.03842902612735494,0.002500657697349518,0.019505130039311834,0.015706833753015452,0.08046710957998987,0.0,0.19226678425453236,0.007339768268425693,0.0015409458243091229,0.0,0.00018923896088043104,1.7585674936386828e-24,1.7585674936386828e-24,1.7585674936386828e-24,1.7585674936386828e-24,0.025067687460252973,0.038765198378094286,0.07298214491245648,1.3020127360561581e-05,0.033100076478560926,0.027272937381530492,2.4067340361359228e-20,1.540207244432043e-23,0.2725197442663881,1.7585674936386828e-24,0.09488089321568635,1.7585674936386828e-24
2024930_WZY_DM_assembly_Plate2A2,2024930_WZY_DM_assembly_Plate2,,A2,Plate2_A2,Sugar_mix,cycle 5,0.8055,True,True,explicit_user_selected_validation_only,not_assessable,0.04091957687703935,0.0001138091897969487,0.0005276607890584906,0.0019347562265535554,0.036367209285126864,0.0018106007467673956,0.0016347138170795875,0.011867194608829576,0.008008028445707728,0.03956421288941387,0.0,0.005731844649776155,0.0006311236888741228,0.3842405173342266,0.0,0.00039315901929816877,2.40915706351652e-24,2.40915706351652e-24,2.40915706351652e-24,2.40915706351652e-24,5.902110566558741e-13,0.05324286292295404,0.009182377044764531,0.046624668748597824,0.20508583238137307,0.0008746698673244696,8.787563870137722e-20,4.2186094737913753e-19,1.6659613550135163e-07,2.40915706351652e-24,0.15124501487071193,2.40915706351652e-24
2024930_WZY_DM_assembly_Plate2A3,2024930_WZY_DM_assembly_Plate2,,A3,Plate2_A3,Sugar_mix,cycle 5,0.9615,True,True,explicit_user_selected_validation_only,not_assessable,0.001606578341315163,0.000502531613871291,0.002573570992254362,7.614115361623128e-06,0.22336768825027825,0.0010888184967255475,0.00012943996114835035,0.1330109812537264,0.0009289220741254043,0.022324586240506927,1.5228230723340907e-05,0.0,0.0004035481141690545,0.1641222566212697,0.001104046727447658,0.00018273876868046945,1.848621734146625e-24,1.848621734146625e-24,1.848621734146625e-24,1.848621734146625e-24,0.0018399602323343168,0.03729497130334567,7.481272542287445e-05,0.006051178747427839,0.03782436383002123,0.002657383073418077,4.591233722654208e-20,6.734423795388612e-18,0.23444004482255743,1.848621734146625e-24,0.12844873546386912,1.848621734146625e-24
2024930_WZY_DM_assembly_Plate2A4,2024930_WZY_DM_assembly_Plate2,,A4,Plate2_A4,Sugar_mix,cycle 5,0.9055,True,True,explicit_user_selected_validation_only,not_assessable,0.05163461799898938,0.0007943787384477703,0.0008243552946147376,0.0004946131767680713,0.2077974873551861,0.029946579611617834,1.4988278083869265e-05,0.024505834667112755,0.0013639333056355734,0.1478593632976537,0.0,0.00019484761509068604,0.005125991104682518,0.004991096601931164,0.000584542845271287,0.004661354484086812,1.506211769929982e-24,1.506211769929982e-24,1.506211769929982e-24,1.506211769929982e-24,0.010744195740167916,0.03780984961544747,0.09737167027390463,3.217184762900349e-05,0.0378689274238793,6.752695304068568e-05,7.765076101516479e-23,1.5268935608078643e-24,0.2573752508513889,1.506211769929982e-24,0.07793642291936977,1.506211769929982e-24
2024930_WZY_DM_assembly_Plate2A5,2024930_WZY_DM_assembly_Plate2,,A5,Plate2_A5,Sugar_mix,cycle 5,0.9605,True,True,explicit_user_selected_validation_only,not_assessable,0.014676035850842768,7.699913877657626e-05,0.0065911262792803064,0.0008007910432767773,0.0033571624506580663,0.029906465500798726,0.0014167841534874662,0.19024947208900897,0.009671091830340612,0.06896042868833727,0.0,4.6199483265973194e-05,0.01104167650057322,0.2115628337023183,0.0,0.0012473860481816879,2.68003899867434e-24,2.68003899867434e-24,2.68003899867434e-24,2.68003899867434e-24,9.754314647246546e-10,0.04661512974139747,0.06294522991986835,7.674678247136844e-06,0.21216897732106924,1.798590832477025e-11,1.456882337963123e-13,1.7267719017928852e-09,2.044526581863977e-08,2.68003899867434e-24,0.12865851241467027,2.68003899867434e-24
2024930_WZY_DM_assembly_Plate2A6,2024930_WZY_DM_assembly_Plate2,,A6,Plate2_A6,Sugar_mix,cycle 5,0.9195,True,True,explicit_user_selected_validation_only,not_assessable,0.010816219106743442,0.0005191785171242434,0.0013844760456669745,0.0,0.0022497735742073805,0.02483403906913755,0.0018171248099371775,0.19313440836982787,0.010210510836772135,0.05529251207364821,0.0,0.0,0.0036342496198627275,0.22731366074780177,0.0,0.0006922380228323245,2.2710237099470783e-24,2.2710237099470783e-24,2.2710237099470783e-24,2.2710237099470783e-24,1.7190485091248917e-09,0.04524815042149607,0.05481291696245804,0.00016398299791126343,0.23954539182131485,2.807216306263857e-09,1.1091822321964757e-16,6.286328764170154e-16,3.241824929550138e-08,2.2710237099470783e-24,0.12833113005874328,2.2710237099470783e-24
2024930_WZY_DM_assembly_Plate2A7,2024930_WZY_DM_assembly_Plate2,,A7,Plate2_A7,N_acetylglutamic_acid,cycle 5,0.5765,True,True,explicit_user_selected_validation_only,not_assessable,0.2527917417575314,0.0013617503403759448,0.00016460718400175428,0.004773608336040483,0.02870150717410958,0.0026786078123807425,0.00037410723636657376,0.0001197143156375345,0.03435800858790429,0.08113637742327348,0.0,0.0,0.006659108807328476,0.009666930987721964,0.07221766090827313,0.0010923931301906262,2.2549248779167757e-24,2.2549248779167757e-24,2.2549248779167757e-24,2.2549248779167757e-24,1.359342294219007e-09,0.03204826806205546,0.0928992388671561,5.722254643787972e-05,0.00957594431770713,3.657252493400887e-10,1.7840837320102488e-11,1.1297787021791882e-14,0.2766834540650685,2.2549248779167757e-24,0.09263974639751915,2.2549248779167757e-24
2024930_WZY_DM_assembly_Plate2A8,2024930_WZY_DM_assembly_Plate2,,A8,Plate2_A8,N_acetylglutamic_acid,cycle 5,0.5745,True,True,explicit_user_selected_validation_only,not_assessable,0.07251450669386622,0.000828547836995676,0.00013256765391859873,0.0041758810984548625,0.0017012848919616846,0.0013035819302058883,0.0005413179201695117,0.0,0.003104292562603355,0.05029837735787787,0.0,0.0,0.004374732579339095,0.014096360533458344,0.38876569242237075,4.418921797311961e-05,2.4742110170782727e-24,2.4742110170782727e-24,2.4742110170782727e-24,2.4742110170782727e-24,5.156551508827836e-19,0.025706368153659915,0.03659381420565516,2.7744154310988067e-08,8.087770814762417e-07,5.1008739710637014e-18,1.066862730168214e-16,0.010246763548116607,0.26462415044805904,2.4742110170782727e-24,0.12094673442407854,2.4742110170782727e-24
2024930_WZY_DM_assembly_Plate2A9,2024930_WZY_DM_assembly_Plate2,,A9,Plate2_A9,N_acetylglutamic_acid,cycle 5,0.5625,True,True,explicit_user_selected_validation_only,not_assessable,0.056497549881623386,0.0031875416743856444,0.001333563353567043,0.00035778528998106965,0.0755902739923571,0.005561934962438298,0.0010083039990377368,0.0,0.10918956531526984,0.16864697532305425,0.0,0.0,0.001984082062627601,0.027549467328503458,0.16698815261484704,0.0009107261926785559,3.7994358350848326e-24,3.7994358350848326e-24,3.7994358350848326e-24,3.7994358350848326e-24,1.2305935693517625e-18,0.04832594222437132,0.22423180495484343,1.0929401905658819e-10,1.076601039909165e-08,6.086919469651679e-17,9.134544669130862e-16,2.515851474608396e-23,8.659185650719326e-07,3.7994358350848326e-24,0.1086354540365437,3.7994358350848326e-24
2024930_WZY_DM_assembly_Plate2B10,2024930_WZY_DM_assembly_Plate2,,B10,Plate2_B10,N_acetylgalactosamine,cycle 5,0.5345,True,True,explicit_user_selected_validation_only,not_assessable,0.3548000332806466,0.0006255343523771006,0.0,0.00022885403135732758,0.0023495680552718047,0.002364824990690359,0.0,0.0,0.002242769507305457,0.038844157589010685,0.0,0.0,0.0,0.001113756285938589,0.057533903483182304,0.00013731241881439655,2.374307054744302e-24,2.374307054744302e-24,2.374307054744302e-24,2.374307054744302e-24,1.279372791100806e-09,0.025189120408604573,0.033362227583022874,3.6732677576246447e-05,0.0019936464442649516,9.46774941925635e-10,0.0006527357098194073,0.06772984081421231,0.3198186255696482,2.374307054744302e-24,0.09097635457210915,2.374307054744302e-24
2024930_WZY_DM_assembly_Plate2B11,2024930_WZY_DM_assembly_Plate2,,B11,Plate2_B11,N_acetylgalactosamine,cycle 5,0.4865,True,True,explicit_user_selected_validation_only,not_assessable,0.1921043639936272,0.0020034646541849284,0.0,0.02462486302811666,0.022672118998104847,0.0015976996609380952,0.0,7.608093623504076e-05,0.10458592701118778,0.01202078792514689,0.0,0.11828049553363694,0.0,0.011031735754088374,0.04907220387172072,0.00010144124831357429,3.644587822254078e-24,3.644587822254078e-24,3.644587822254078e-24,3.644587822254078e-24,2.7915364775212344e-12,0.036712788566899995,0.12971668408802772,4.6202975220943465e-05,5.9316780596896684e-05,0.014919270581457766,7.538605110632176e-13,2.543458286129665e-07,0.16096918774212127,3.644587822254078e-24,0.11940511230100018,3.644587822254078e-24
2024930_WZY_DM_assembly_Plate2B12,2024930_WZY_DM_assembly_Plate2,,B12,Plate2_B12,N_acetylgalactosamine,cycle 5,0.5855,True,True,explicit_user_selected_validation_only,not_assessable,0.17908949141222302,8.35402875394052e-05,0.0,0.0036688109611096096,0.004643447649070617,0.0012879127662352174,0.0,0.0,0.01596315661063525,0.03993225744386564,0.0,0.0011626023349255335,0.0,0.0005082034158644909,0.26870733487098325,0.00015315719382230688,1.875394589219532e-24,1.875394589219532e-24,1.875394589219532e-24,1.875394589219532e-24,1.199428043004759e-13,0.025834693349215836,0.04599794971269914,9.336081003506505e-07,0.00015864675616549548,4.0707271197541505e-12,1.318029829308243e-14,2.4774693181862386e-12,0.3020078237003562,1.875394589219532e-24,0.11080003792050729,1.875394589219532e-24
2024930_WZY_DM_assembly_Plate2B1,2024930_WZY_DM_assembly_Plate2,,B1,Plate2_B1,Water,cycle 5,0.2605,True,True,explicit_user_selected_validation_only,not_assessable,0.3226384227492028,0.03466009581264138,0.0,0.0,0.03466009581264138,0.14505891951209143,0.0,0.0,0.11467784787402371,0.12109638413599573,0.0,0.0,0.0,0.0,0.0,0.009413853183671701,2.178395974100088e-23,2.178395974100088e-23,2.178395974100088e-23,2.178395974100088e-23,3.228468014115209e-20,2.1750576289072137e-10,0.21779437460483644,3.242940852459005e-18,5.65929887999834e-18,2.178395974100088e-23,6.723331119374172e-17,1.0490475177601192e-17,5.5003535119548054e-17,2.178395974100088e-23,6.0973895344619474e-09,2.178395974100088e-23
2024930_WZY_DM_assembly_Plate2B2,2024930_WZY_DM_assembly_Plate2,,B2,Plate2_B2,Water,cycle 5,0.2725,True,True,explicit_user_selected_validation_only,not_assessable,0.617321932835761,0.0004054326789800281,0.0,0.0,0.050375010363362574,0.011250756841724727,0.0,0.0,0.0046117967234303855,0.03958036528560255,0.0,0.007145750967055562,0.0,0.0,0.0,0.0002533954243636031,7.067175138210534e-24,7.067175138210534e-24,7.067175138210534e-24,7.067175138210534e-24,2.16695711233776e-14,0.0053123836507567536,0.03575996211271174,3.222440650921845e-05,3.428990013682831e-05,2.6724464217928937e-14,1.4650935042167097e-06,1.2325988649134811e-05,0.08075441106309658,7.067175138210534e-24,0.14714849666430688,7.067175138210534e-24
2024930_WZY_DM_assembly_Plate2B3,2024930_WZY_DM_assembly_Plate2,,B3,Plate2_B3,Water,cycle 5,0.1635,True,True,explicit_user_selected_validation_only,not_assessable,0.3204713610090865,0.026028130843403215,0.0,0.0,0.26895735204765825,0.026841509932191934,0.0,0.0,0.0032535163554163844,0.21039405765072242,0.0,0.0,0.0,0.0024401372665645423,0.0,0.001897884540663315,1.7612590330315513e-23,1.7612590330315513e-23,1.7612590330315513e-23,1.7612590330315513e-23,1.3352867414186116e-19,1.7017245132328867e-10,0.13971586854672538,4.142925441173185e-16,1.1776122748058544e-15,5.963668226039615e-20,1.4215272782283403e-16,9.780347111530032e-16,1.969054463932106e-14,1.7612590330315513e-23,1.8163737310754857e-07,1.7612590330315513e-23
2024930_WZY_DM_assembly_Plate2B4,2024930_WZY_DM_assembly_Plate2,,B4,Plate2_B4,Water,cycle 5,0.1775,True,True,explicit_user_selected_validation_only,not_assessable,0.10141614634685346,9.046935445772321e-05,0.0,0.0,0.011399138661651253,0.01565119832116151,0.0,0.0007237548356576847,0.015108382194409702,0.13805623490191696,0.0,0.5011097543401342,0.0,0.0,0.00018093870891476292,0.0,1.334940628603931e-23,1.334940628603931e-23,1.334940628603931e-23,1.334940628603931e-23,3.449451188269812e-17,2.129210381475424e-05,0.10640116115830466,7.487145590423181e-14,1.2375154766682186e-13,0.024069473233179005,5.270451326191643e-21,2.5637598430698347e-14,2.1147982335707314e-11,1.334940628603931e-23,0.08577205581817202,1.334940628603931e-23
2024930_WZY_DM_assembly_Plate2B5,2024930_WZY_DM_assembly_Plate2,,B5,Plate2_B5,Water,cycle 5,0.1775,True,True,explicit_user_selected_validation_only,not_assessable,0.6791625772736835,0.0004626448074055006,0.0,0.0,0.04591749713501805,0.005089092881461037,0.0,0.0,0.008327606533297952,0.0637293222203541,0.0,0.010525169368475272,0.0,0.0,0.0,0.0,1.0343074245668909e-23,1.0343074245668909e-23,1.0343074245668909e-23,1.0343074245668909e-23,1.0469127509461739e-16,6.981636983855735e-07,0.049691489084621336,2.8729718300618346e-09,3.0225473843767594e-09,2.265233180003274e-16,5.141871315558889e-11,5.442107678122325e-10,2.136544079895959e-06,1.0343074245668909e-23,0.1370917594967559,1.0343074245668909e-23
2024930_WZY_DM_assembly_Plate2B6,2024930_WZY_DM_assembly_Plate2,,B6,Plate2_B6,Water,cycle 5,0.1835,True,True,explicit_user_selected_validation_only,not_assessable,0.3014773573546451,0.003450384633534779,0.0,0.0,0.33037432866087135,0.006900769267069558,0.0,0.0017251923167673894,0.019839711642829386,0.1902024529231352,0.0,0.0,0.0,0.0,0.0,0.0,1.7219421566838845e-23,1.7219421566838845e-23,1.7219421566838845e-23,1.7219421566838845e-23,9.618960015368574e-20,5.858177886765099e-11,0.14602951509577694,8.428730336294847e-16,1.9175074895966072e-15,1.0412045015320334e-19,1.3707000726868034e-16,1.025153025512995e-15,4.757185840894205e-14,1.7219421566838845e-23,2.8804673707633044e-07,1.7219421566838845e-23
2024930_WZY_DM_assembly_Plate2B7,2024930_WZY_DM_assembly_Plate2,,B7,Plate2_B7,N_acetylgalactosamine,cycle 5,0.5515,True,True,explicit_user_selected_validation_only,not_assessable,0.002916940343696174,0.0,0.0,0.00021408736467540092,0.0003612724278896051,0.0017796012188601167,0.0,0.0,0.005726837005062151,0.001726079377695018,0.0,0.0,0.0,0.001003534521914736,0.503881373683384,4.014138087661088e-05,2.09349273022776e-24,2.09349273022776e-24,2.09349273022776e-24,2.09349273022776e-24,7.062391201890974e-23,0.01900949929956829,8.144913760037295e-05,6.839332951715351e-10,2.965789541652826e-09,1.105491341806277e-20,2.159424578755044e-22,0.06270103456200077,0.27298596174305817,2.09349273022776e-24,0.1275721842839957,2.09349273022776e-24
2024930_WZY_DM_assembly_Plate2B8,2024930_WZY_DM_assembly_Plate2,,B8,Plate2_B8,N_acetylgalactosamine,cycle 5,0.4855,True,True,explicit_user_selected_validation_only,not_assessable,0.02902607168801069,0.0009855254736430112,0.0013023015187429783,0.0027923221753158793,0.0029683088670447344,0.00019945158395094425,0.0,2.3464892229538503e-05,0.022115660926439136,0.0398433870058431,0.0,0.0,0.0,0.0,0.45683798681777704,2.3464892229538503e-05,2.597954072383974e-24,2.597954072383974e-24,2.597954072383974e-24,2.597954072383974e-24,1.1046801770428176e-21,0.024603524498672164,0.049928503013740994,5.010493704134562e-10,3.840308912907404e-09,6.700871955209894e-20,1.0658154084375698e-20,0.0008130864859168754,0.24239624171796584,2.597954072383974e-24,0.12614069410111922,2.597954072383974e-24
2024930_WZY_DM_assembly_Plate2B9,2024930_WZY_DM_assembly_Plate2,,B9,Plate2_B9,N_acetylgalactosamine,cycle 5,0.3785,True,True,explicit_user_selected_validation_only,not_assessable,0.01489815955623073,0.00524752988418856,0.0030761382079539353,0.08721756566102085,0.10790610302072437,0.029374104064229536,0.0009047465317554037,0.00018094930635082293,0.10380458540989569,0.09741104325234727,0.0,0.0,0.0,0.009891895413837424,0.18993645523291525,0.0012666451444560182,5.03529192492497e-24,5.03529192492497e-24,5.03529192492497e-24,5.03529192492497e-24,2.104464058254891e-17,0.04239433297066737,0.17922417851753308,2.1429501921560682e-10,8.267912771988975e-10,4.882640107809295e-19,1.3020186841896135e-15,2.4162354424251458e-09,2.3302130456689938e-06,5.03529192492497e-24,0.12726323415552496,5.03529192492497e-24
2024930_WZY_DM_assembly_Plate2C10,2024930_WZY_DM_assembly_Plate2,,C10,Plate2_C10,Urea,cycle 5,0.1715,True,True,explicit_user_selected_validation_only,not_assessable,0.7513276740594717,0.0028139613260704964,0.0,0.0,0.049623984654960644,0.005717254757730257,0.0,0.0,0.005851252916105494,0.038144809086737244,0.0,0.0,0.0,0.0003573284223582133,0.0,0.0001339981583844743,1.1275879103287576e-23,1.1275879103287576e-23,1.1275879103287576e-23,1.1275879103287576e-23,1.0499318006931129e-16,4.0895707684059454e-08,7.415684241362219e-05,2.8541336523117443e-09,2.3361583257404824e-09,6.216381570212428e-17,7.290338284278699e-11,4.127662568189503e-10,2.064109965156634e-06,1.1275879103287576e-23,0.14595346909413315,1.1275879103287576e-23
2024930_WZY_DM_assembly_Plate2C11,2024930_WZY_DM_assembly_Plate2,,C11,Plate2_C11,Urea,cycle 5,0.1625,True,True,explicit_user_selected_validation_only,not_assessable,0.061315020015648904,0.021640595299670162,0.0,0.0,0.4380833330534256,0.038564650598066144,0.0,0.0,0.05326915766063693,0.1906037047548384,0.0,0.008878192943467228,0.0,0.0,0.0,0.002496991765340796,1.625312214781967e-23,1.625312214781967e-23,1.625312214781967e-23,1.625312214781967e-23,1.1584224938486288e-19,3.5574428102193898e-09,0.18514740625200934,2.24978954199428e-16,6.212625576626238e-16,9.503769642429806e-20,1.3094477584920412e-16,5.966106437172541e-16,1.0211423594190018e-14,1.625312214781967e-23,9.440994417857846e-07,1.625312214781967e-23
2024930_WZY_DM_assembly_Plate2C12,2024930_WZY_DM_assembly_Plate2,,C12,Plate2_C12,Urea,cycle 5,0.1295,True,True,explicit_user_selected_validation_only,not_assessable,0.20088164945915815,0.000838316742659505,0.0,0.0,0.1285768304048411,0.018547757931256684,0.0,0.0004191583713282604,0.01770944118861956,0.1374839457959201,0.0,0.33993743914770935,0.0,0.0,0.0,0.0,1.4571670576623016e-23,1.4571670576623016e-23,1.4571670576623016e-23,1.4571670576623016e-23,8.818157460562561e-18,5.339601487860465e-07,0.1104283637307621,8.100760682850128e-14,1.2973878267441954e-13,2.5835591280644714e-07,1.5461171598876e-18,3.480652258275834e-14,1.8676935541751488e-11,1.4571670576623016e-23,0.04517630489276108,1.4571670576623016e-23
2024930_WZY_DM_assembly_Plate2C1,2024930_WZY_DM_assembly_Plate2,,C1,Plate2_C1,Butyrate,cycle 5,0.2865,True,True,explicit_user_selected_validation_only,not_assessable,0.4917580966118378,0.004315101293145011,0.0,0.000316004892680597,0.0023754850553229486,0.007061074843323978,0.0,0.0,0.003988199680036759,0.057447510145228434,0.0,0.001231329409409241,0.0,0.0,1.08967204371739e-05,0.000424972097052336,4.534580235946561e-24,4.534580235946561e-24,4.534580235946561e-24,4.534580235946561e-24,4.479147057101699e-13,0.025929853810067814,0.0494022195884262,7.908450997742912e-05,0.0003095393207451281,1.992981251625329e-13,0.0002099139991325831,0.0030444283932574995,0.2436567358507034,4.534580235946561e-24,0.10843955377856847,4.534580235946561e-24
2024930_WZY_DM_assembly_Plate2C2,2024930_WZY_DM_assembly_Plate2,,C2,Plate2_C2,Butyrate,cycle 5,0.2135,True,True,explicit_user_selected_validation_only,not_assessable,0.46716751880062807,0.002286979397780672,0.0,0.0,0.17381043423130205,0.05530331998264085,0.0,0.00041581443595985836,0.005197680449498229,0.1636229805504248,0.0,0.0,0.0,0.0,0.0,0.0008316288719182657,1.4169613344836456e-23,1.4169613344836456e-23,1.4169613344836456e-23,1.4169613344836456e-23,1.8322629102245057e-18,4.0570348196464105e-07,0.1186462306190958,2.632248968659962e-13,5.835607134804702e-13,6.710420247424132e-19,2.0096589978629017e-13,3.177474073856642e-13,4.942377240131992e-11,1.4169613344836456e-23,0.012717006906480187,1.4169613344836456e-23
2024930_WZY_DM_assembly_Plate2C3,2024930_WZY_DM_assembly_Plate2,,C3,Plate2_C3,Butyrate,cycle 5,0.2735,True,True,explicit_user_selected_validation_only,not_assessable,0.5724518650271254,0.034672609871733394,0.0,0.0,0.01957705183232667,0.043399729363248055,0.0,0.0021228128492880994,0.02759656704077306,0.06557133023370768,0.0,0.0,0.0,0.0,0.0,0.0009434723774629204,9.040105564870473e-24,9.040105564870473e-24,9.040105564870473e-24,9.040105564870473e-24,7.889952440500488e-16,0.0017543172401228496,0.08566568934498664,2.709162647056748e-09,4.788162265325537e-09,4.1327375388928045e-17,1.1088390348887037e-09,3.149265976839359e-09,1.6937694631067493e-06,9.040105564870473e-24,0.14624284929433126,9.040105564870473e-24
2024930_WZY_DM_assembly_Plate2C4,2024930_WZY_DM_assembly_Plate2,,C4,Plate2_C4,Butyrate,cycle 5,0.2265,True,True,explicit_user_selected_validation_only,not_assessable,0.6028019199981152,0.0034166910445307913,0.0,0.0,0.040024095092998,0.11763179167570709,0.0,0.007809579530333812,0.06979811705236111,0.07956009146536698,0.0,0.0029285923238734067,0.0,0.0,0.0,0.0,2.76946190488102e-23,2.76946190488102e-23,2.76946190488102e-23,2.76946190488102e-23,3.0460757106259614e-20,3.044874396032121e-13,0.07602911993121941,2.0165778524422243e-17,2.329615603791196e-17,1.1094495055775062e-20,6.474525482797782e-17,1.962313692417152e-17,4.3063240551149664e-16,2.76946190488102e-23,1.8851891318175597e-09,2.76946190488102e-23
2024930_WZY_DM_assembly_Plate2C5,2024930_WZY_DM_assembly_Plate2,,C5,Plate2_C5,Butyrate,cycle 5,0.3495,True,True,explicit_user_selected_validation_only,not_assessable,0.3788909245076832,2.5956766767727193e-05,0.0,2.5956766767727193e-05,0.025333804365130237,0.006593018758968238,0.0,0.000233610900908704,0.003685860881002129,0.1867329801264191,0.0,0.0039194717819024255,0.0,0.0,0.0,0.0007527462362611461,4.105063592654626e-24,4.105063592654626e-24,4.105063592654626e-24,4.105063592654626e-24,6.693692771718476e-14,0.04299981077873409,0.12301558464457804,4.041111160705083e-05,0.0024380932846718665,3.0644379336089384e-13,6.558138228839581e-06,0.002393247418890999,0.1293821587041092,4.105063592654626e-24,0.09352980482699592,4.105063592654626e-24
2024930_WZY_DM_assembly_Plate2C6,2024930_WZY_DM_assembly_Plate2,,C6,Plate2_C6,Butyrate,cycle 5,0.2605,True,True,explicit_user_selected_validation_only,not_assessable,0.590295603141233,0.003554756206742955,0.0,0.0,0.0006182184707386455,0.022616492387812877,0.0,0.00030910923536889707,0.0062852211191762285,0.13590502715045685,0.0,0.0,0.0,0.0,0.0,0.00046366385305398407,8.313537259133001e-24,8.313537259133001e-24,8.313537259133001e-24,8.313537259133001e-24,2.5250931852787384e-16,0.011545888866496459,0.10136752444194229,1.0232729451047845e-08,3.112962869937568e-08,1.182253340567442e-16,1.0505051445893752e-09,9.539570608994818e-09,8.71556907481911e-06,8.313537259133001e-24,0.1270297276054688,8.313537259133001e-24
2024930_WZY_DM_assembly_Plate2C7,2024930_WZY_DM_assembly_Plate2,,C7,Plate2_C7,Urea,cycle 5,0.2715,True,True,explicit_user_selected_validation_only,not_assessable,0.45240560862580376,0.017813662797234727,0.0,0.0,0.3019108712010286,0.0224206445551097,0.0,0.0012285284687720303,0.050676799336946965,0.04576268546185884,0.0,0.0,0.0,0.0,0.0,0.0,1.5735748580317897e-23,1.5735748580317897e-23,1.5735748580317897e-23,1.5735748580317897e-23,2.1450930831125305e-18,1.6626617595510002e-10,0.08730186549974685,2.0644813732506582e-13,2.0617678687818462e-13,9.36416232820061e-19,3.1837908624784064e-14,8.818715118327488e-14,3.5899022079562346e-11,1.5735748580317897e-23,0.020479333850800724,1.5735748580317897e-23
2024930_WZY_DM_assembly_Plate2C8,2024930_WZY_DM_assembly_Plate2,,C8,Plate2_C8,Urea,cycle 5,0.1725,True,True,explicit_user_selected_validation_only,not_assessable,0.7323471709284678,0.002639768381312925,0.0,0.0,0.06211536619700762,0.000700346713410676,0.0,0.0,0.00878127032966821,0.039596525719748976,0.0,0.0,0.0,0.0,0.0,0.00043098259286747256,1.0762365359712555e-23,1.0762365359712555e-23,1.0762365359712555e-23,1.0762365359712555e-23,1.6036332614125106e-16,1.0228366886519289e-07,0.004136793704879224,7.338782631047512e-09,6.060204330630354e-09,1.0756397330067419e-16,1.2956036650041856e-10,9.821095864533317e-10,6.1551782817935515e-06,1.0762365359712555e-23,0.14924550346002916,1.0762365359712555e-23
2024930_WZY_DM_assembly_Plate2C9,2024930_WZY_DM_assembly_Plate2,,C9,Plate2_C9,Urea,cycle 5,0.2215,True,True,explicit_user_selected_validation_only,not_assessable,0.5995096759885248,0.0025264120144314183,0.0,0.0002763263140781483,0.04804130346194639,0.005250199967467639,0.0,0.0,0.0054475759061311,0.022619282566667925,0.0,0.11116212863503266,0.0,0.0,0.0,0.0004342270649800072,8.183387974618809e-24,8.183387974618809e-24,8.183387974618809e-24,8.183387974618809e-24,3.835374574128358e-14,0.0016586401265430437,0.0002575043285625712,1.2975287400966495e-05,9.361435436025758e-06,2.216405013232483e-08,1.8852689888860734e-09,1.5338894628357695e-06,0.03327658293330102,8.183387974618809e-24,0.1695162460306759,8.183387974618809e-24
2024930_WZY_DM_assembly_Plate2D10,2024930_WZY_DM_assembly_Plate2,,D10,Plate2_D10,Glutamate,cycle 5,0.4235,True,True,explicit_user_selected_validation_only,not_assessable,0.37525505647202945,0.0016933377288472404,0.0,7.610506646485882e-05,0.02943363445525676,0.009950737440278608,0.0,9.513133308107354e-05,0.0042999362552672785,0.03257296844702323,0.0,0.0,0.0,0.00015221013292971764,0.0,0.00020928893277882084,2.988648543333344e-24,2.988648543333344e-24,2.988648543333344e-24,2.988648543333344e-24,1.1998195948641346e-10,0.02524683524414199,0.033407642514170235,9.462388933465395e-05,0.001076577091528866,2.3618686582331047e-11,0.037965348839088635,0.049435030477073885,0.3098451348081128,2.988648543333344e-24,0.08919040072899126,2.988648543333344e-24
2024930_WZY_DM_assembly_Plate2D11,2024930_WZY_DM_assembly_Plate2,,D11,Plate2_D11,Glutamate,cycle 5,0.2505,True,True,explicit_user_selected_validation_only,not_assessable,0.5646168488147756,0.01599984773093808,0.0,0.0024888652025802315,0.33635235452122964,0.0014222086871919619,0.0,0.0,0.05759945183119463,0.020266473792491156,0.0,0.0007111043435959809,0.0,0.0,0.0,0.0,2.2271910462069942e-23,2.2271910462069942e-23,2.2271910462069942e-23,2.2271910462069942e-23,2.8308484991563552e-19,6.779389209148213e-14,0.0005334823983450959,4.188482570197972e-15,3.4487246544054885e-15,2.0486590883525831e-19,4.1061245372724243e-16,1.3738096703122678e-15,3.0447121485282297e-13,2.2271910462069942e-23,9.362677275964349e-06,2.2271910462069942e-23
2024930_WZY_DM_assembly_Plate2D12,2024930_WZY_DM_assembly_Plate2,,D12,Plate2_D12,Glutamate,cycle 5,0.1905,True,True,explicit_user_selected_validation_only,not_assessable,0.4285567181674719,0.011967073794995476,0.0,0.006322227665282029,0.22060058674901797,0.07157664892479569,0.0,0.0,0.004064289213399123,0.1688937962013706,0.0,0.0370301906108846,0.0,0.0,0.0,0.0,2.4152181623733608e-23,2.4152181623733608e-23,2.4152181623733608e-23,2.4152181623733608e-23,7.089697744716852e-20,2.370170474168245e-12,0.050988459455052496,1.084361645636399e-16,1.7631819204786933e-16,1.3667230085104694e-19,6.089626947313682e-17,1.2682981943942855e-16,3.4874086484844174e-15,2.4152181623733608e-23,9.21535601157655e-09,2.4152181623733608e-23
2024930_WZY_DM_assembly_Plate2D1,2024930_WZY_DM_assembly_Plate2,,D1,Plate2_D1,Succinate,cycle 5,0.2235,True,True,explicit_user_selected_validation_only,not_assessable,0.851702699801546,0.0028013656484420445,0.0,0.0,0.04867372814166011,0.01094283456421823,0.0,0.0,0.007441127503665673,0.07738772603809578,0.0,0.0,0.0,0.0004377133825687292,0.0,0.0006127987355956763,2.6587477100434966e-23,2.6587477100434966e-23,2.6587477100434966e-23,2.6587477100434966e-23,6.258299785691119e-20,4.721790736032312e-15,2.474498035517364e-10,2.746429205198364e-16,2.7821683474769836e-16,4.9994329498042094e-20,4.917949893485966e-17,1.23236186883357e-16,1.0386319906240837e-14,2.6587477100434966e-23,5.936742287610428e-09,2.6587477100434966e-23
2024930_WZY_DM_assembly_Plate2D2,2024930_WZY_DM_assembly_Plate2,,D2,Plate2_D2,Succinate,cycle 5,0.2285,True,True,explicit_user_selected_validation_only,not_assessable,0.4544941552223721,0.012833345885286838,0.0,0.0,0.15860078405492192,0.05157552214294415,0.0,0.0014528316096592585,0.03656292884310483,0.1527894576161924,0.0,0.0004842772032201383,0.0,0.0,0.0,0.0012106930080474552,2.2582520874657736e-23,2.2582520874657736e-23,2.2582520874657736e-23,2.2582520874657736e-23,3.4897672041633814e-20,9.313090809469488e-13,0.12999600248581372,3.568648182031964e-17,5.89894871515001e-17,1.7863993329919826e-20,2.946099967416446e-17,4.608376782255361e-17,9.260569875863655e-16,2.2582520874657736e-23,1.92750479045379e-09,2.2582520874657736e-23
2024930_WZY_DM_assembly_Plate2D3,2024930_WZY_DM_assembly_Plate2,,D3,Plate2_D3,Succinate,cycle 5,0.2515,True,True,explicit_user_selected_validation_only,not_assessable,0.65299977979871,0.018375189217943785,0.0,0.0,0.2667805249412896,0.012590407427072315,0.0,0.0,0.04525741048113863,0.0,0.0,0.0,0.0,0.0,0.0,0.001701406409060286,1.9679382343914227e-23,1.9679382343914227e-23,1.9679382343914227e-23,1.9679382343914227e-23,1.3098597001113538e-18,8.256891696488035e-13,8.94230989646036e-07,8.678020852887309e-14,6.35853004035294e-14,6.456585222390509e-19,8.62717560967428e-15,2.2682366273313647e-14,1.2617024901568968e-11,1.9679382343914227e-23,0.0022943874801712397,1.9679382343914227e-23
2024930_WZY_DM_assembly_Plate2D4,2024930_WZY_DM_assembly_Plate2,,D4,Plate2_D4,Succinate,cycle 5,0.2165,True,True,explicit_user_selected_validation_only,not_assessable,0.6980840943516079,0.0009323043814585956,0.0,0.0,0.004788654322932457,0.001483211515951485,0.0,0.000635662078265935,0.00538193892931305,0.059286083166234724,0.0,0.1540844877713406,0.0,0.0,0.0,0.0,1.538767720974828e-23,1.538767720974828e-23,1.538767720974828e-23,1.538767720974828e-23,1.1159801870778477e-17,5.73426585975911e-10,3.5896341246306296e-06,3.1449211743993495e-12,2.8326511538938767e-12,3.688123407457816e-13,2.9615811209203787e-15,5.692220912948102e-13,1.0658908034108838e-09,1.538767720974828e-23,0.0753199722025346,1.538767720974828e-23
2024930_WZY_DM_assembly_Plate2D5,2024930_WZY_DM_assembly_Plate2,,D5,Plate2_D5,Succinate,cycle 5,0.3325,True,True,explicit_user_selected_validation_only,not_assessable,0.5502792840147628,0.00188580974645752,0.0,0.0,0.23308608466143796,0.08184414299613779,0.0,0.0,0.03243592763906935,0.0,0.0,0.09957075461283849,0.0,0.0007543238985818222,0.0,0.0,2.3160544043036336e-23,2.3160544043036336e-23,2.3160544043036336e-23,2.3160544043036336e-23,6.6974993935502825e-19,2.6470060641892682e-12,4.3514259203700506e-11,9.660341716996822e-15,6.979015274602875e-15,2.174120675082349e-17,1.6269387914323385e-15,3.0718422973019054e-15,8.600202230120178e-13,2.3160544043036336e-23,0.0001436723836717023,2.3160544043036336e-23
2024930_WZY_DM_assembly_Plate2D6,2024930_WZY_DM_assembly_Plate2,,D6,Plate2_D6,Succinate,cycle 5,0.2535,True,True,explicit_user_selected_validation_only,not_assessable,0.578859060399617,0.011409395973084891,0.0,0.0,0.2097315436227261,0.009060402684493627,0.0,0.0013422818791861255,0.004362416107367625,0.18255033556924521,0.0,0.0010067114093881809,0.0,0.0,0.0,0.0016778523489812435,5.519672984224356e-23,5.519672984224356e-23,5.519672984224356e-23,5.519672984224356e-23,1.6665717481174124e-21,1.4210403279660274e-18,5.909959195955413e-12,5.507859505064849e-20,6.916585323960011e-20,5.519672984224356e-23,2.6348922015363922e-20,5.353178382489941e-20,2.6862007964711463e-19,5.519672984224356e-23,1.158021622572887e-16,5.519672984224356e-23
2024930_WZY_DM_assembly_Plate2D7,2024930_WZY_DM_assembly_Plate2,,D7,Plate2_D7,Glutamate,cycle 5,0.2965,True,True,explicit_user_selected_validation_only,not_assessable,0.5413739209277971,0.0012106585768838316,0.0,0.0,0.040137988202978016,0.0006053292884419158,0.0,0.0,0.0005820473927315786,0.01627404510080877,0.0,0.0,0.0,0.0,0.0,0.0003026646442209579,5.244285042817109e-24,5.244285042817109e-24,5.244285042817109e-24,5.244285042817109e-24,2.4166828784852384e-13,0.0061479419153692896,0.00021286625289169717,8.64256532296938e-05,0.0001211928084323169,1.117351984077262e-13,8.178832406986744e-05,0.0008166002340213566,0.2711430941664515,5.244285042817109e-24,0.12090343651131868,5.244285042817109e-24
2024930_WZY_DM_assembly_Plate2D8,2024930_WZY_DM_assembly_Plate2,,D8,Plate2_D8,Glutamate,cycle 5,0.3835,True,True,explicit_user_selected_validation_only,not_assessable,0.24033029239577655,0.0013407547692930967,0.0,0.0,0.2609443969730014,0.05279221904083293,0.0,0.00033518869232327417,0.003854669961712136,0.26546944432029795,0.0,0.0005027830384849112,0.0,0.0,0.0005027830384849112,0.002011132153939645,2.1550185645605915e-23,2.1550185645605915e-23,2.1550185645605915e-23,2.1550185645605915e-23,1.2637759365955089e-20,9.118244610980371e-12,0.17191633558155114,7.023341846744548e-18,1.9855356381140393e-17,8.623124656477418e-21,8.018215965580098e-18,1.795282588881835e-17,1.296618555666941e-16,2.1550185645605915e-23,2.5183547204870323e-11,2.1550185645605915e-23
2024930_WZY_DM_assembly_Plate2D9,2024930_WZY_DM_assembly_Plate2,,D9,Plate2_D9,Glutamate,cycle 5,0.5655,True,True,explicit_user_selected_validation_only,not_assessable,0.42393569810779874,0.0007154647495808163,0.0,0.0,0.011995451546216934,0.00042623431889884033,0.0,4.5667962739207964e-05,0.001446152153404455,0.002861858998321095,0.0,0.0,0.0,0.0,0.0,0.0,2.1189718518350605e-24,2.1189718518350605e-24,2.1189718518350605e-24,2.1189718518350605e-24,3.4572101080449844e-05,0.02250484014811433,0.00978120569788405,0.00010905433584420603,0.006288166320153935,7.657274259086346e-06,0.0005167729590040192,0.07578634304914791,0.3527539704624541,2.1189718518350605e-24,0.0907908898150977,2.1189718518350605e-24
2024930_WZY_DM_assembly_Plate2E10,2024930_WZY_DM_assembly_Plate2,,E10,Plate2_E10,Acid_mix,cycle 5,0.3025,True,True,explicit_user_selected_validation_only,not_assessable,0.11819362785670705,0.0002882401398115818,0.0,0.0009860846888319732,0.00841964618925271,0.003519563812435773,0.0,4.5511601022958065e-05,0.0008343793520881721,0.08847455238870922,0.0,0.2803211212337015,0.0,7.585266837171827e-05,0.0,0.0002427285387889882,3.559413889407541e-24,3.559413889407541e-24,3.559413889407541e-24,3.559413889407541e-24,2.1002940542077743e-09,0.03910259953292682,0.05988182392990686,4.0060744766647536e-05,0.0004711166032583528,0.03884906839488276,2.2683889830604846e-16,0.0036612805003673776,0.25001832717822187,3.559413889407541e-24,0.10657441254565336,3.559413889407541e-24
2024930_WZY_DM_assembly_Plate2E11,2024930_WZY_DM_assembly_Plate2,,E11,Plate2_E11,Acid_mix,cycle 5,0.1445,True,True,explicit_user_selected_validation_only,not_assessable,0.36480569239101396,0.024356869184253376,0.0,0.02654625068404969,0.19102353585023835,0.0005473453749289633,0.0,0.0010946907498579266,0.02654625068404969,0.05035577449350485,0.0,0.3095238095233194,0.0,0.0051997810618301795,0.0,0.0,3.9287921896104577e-23,3.9287921896104577e-23,3.9287921896104577e-23,3.9287921896104577e-23,2.046601482893977e-20,6.367710138593115e-17,5.329758512117217e-14,1.7828189404177247e-18,1.7039085771947109e-18,6.410111367253142e-17,1.6786068456278094e-20,8.473484010550516e-19,2.3108245573147738e-17,3.9287921896104577e-23,2.8999921550965248e-12,3.9287921896104577e-23
2024930_WZY_DM_assembly_Plate2E12,2024930_WZY_DM_assembly_Plate2,,E12,Plate2_E12,Acid_mix,cycle 5,0.1185,True,True,explicit_user_selected_validation_only,not_assessable,0.013973644496255424,0.0026084136393058417,0.0,0.02384835327369135,0.1348922482045091,0.0680050698819454,0.0,0.0009315762997539834,0.017327319175366385,0.44361663394273504,0.0,0.0,0.0,0.0009315762997539834,0.0,0.004844196758721196,2.3578068398955792e-23,2.3578068398955792e-23,2.3578068398955792e-23,2.3578068398955792e-23,6.395701680424937e-22,1.4991221558691048e-11,0.2890209680129709,6.95171077691833e-21,4.2753217143712025e-20,2.3578068398955792e-23,1.9066429464121602e-20,6.67201213583501e-20,2.705709192557637e-20,2.3578068398955792e-23,6.795520430085205e-17,2.3578068398955792e-23
2024930_WZY_DM_assembly_Plate2E1,2024930_WZY_DM_assembly_Plate2,,E1,Plate2_E1,Pyruvate,cycle 5,0.1505,True,True,explicit_user_selected_validation_only,not_assessable,0.0005149964923387097,0.005458962818786081,0.0,0.0,0.12957311747261047,0.08909439317420254,0.01823087582878872,0.0,0.018745872321095976,0.4375410198909292,0.0,0.0,0.00041199719387067526,0.00782794668355307,0.003707974744839003,0.0,1.4286447544934435e-23,1.4286447544934435e-23,1.4286447544934435e-23,1.4286447544934435e-23,3.0705154942181854e-21,0.0006680902218582,0.2882247531508246,2.3450637750843974e-19,4.93555207002623e-18,1.4286447544934435e-23,4.700744255326317e-18,1.431521483391964e-17,2.0036910345334e-18,1.4286447544934435e-23,6.302727801088805e-12,1.4286447544934435e-23
2024930_WZY_DM_assembly_Plate2E2,2024930_WZY_DM_assembly_Plate2,low growth,E2,Plate2_E2,Pyruvate,cycle 5,-0.0185,False,False,explicit_user_selected_validation_only,not_assessable,0.0,0.0,0.0,0.0,0.0,0.0,0.0,0.0,0.0,0.0,0.0,0.0,0.0,0.0,0.0,0.0,0.0625,0.0625,0.0625,0.0625,0.0625,0.0625,0.0625,0.0625,0.0625,0.0625,0.0625,0.0625,0.0625,0.0625,0.0625,0.0625
2024930_WZY_DM_assembly_Plate2E3,2024930_WZY_DM_assembly_Plate2,low growth,E3,Plate2_E3,Pyruvate,cycle 5,-0.0085,False,False,explicit_user_selected_validation_only,not_assessable,0.0,0.0,0.0,0.0,0.0,0.0,0.0,0.0,0.0,0.0,0.0,0.0,0.0,0.0,0.0,0.0,0.0625,0.0625,0.0625,0.0625,0.0625,0.0625,0.0625,0.0625,0.0625,0.0625,0.0625,0.0625,0.0625,0.0625,0.0625,0.0625
2024930_WZY_DM_assembly_Plate2E4,2024930_WZY_DM_assembly_Plate2,,E4,Plate2_E4,Pyruvate,cycle 5,0.0595,True,True,explicit_user_selected_validation_only,not_assessable,0.0034522439585780696,0.005178365937856433,0.0,0.0,0.7986191024170296,0.022439585730693427,0.010932105868802099,0.0028768699654781677,0.025891829689335524,0.1098964326807901,0.0,0.0011507479861891329,0.0,0.019562715765247273,0.0,0.0,2.084181989826842e-22,2.084181989826842e-22,2.084181989826842e-22,2.084181989826842e-22,2.084181989826842e-22,2.084181989826842e-22,7.886812904614731e-20,1.4628088124971754e-21,1.5085550260659754e-21,2.084181989826842e-22,1.2020299766361175e-21,1.3873574750326042e-21,2.2150817867516228e-21,2.084181989826842e-22,1.4812741546598922e-20,2.084181989826842e-22
2024930_WZY_DM_assembly_Plate2E5,2024930_WZY_DM_assembly_Plate2,,E5,Plate2_E5,Pyruvate,cycle 5,0.2005,True,True,explicit_user_selected_validation_only,not_assessable,0.0036968576709804665,0.04066543438077755,0.0,0.0,0.6404805914972653,0.07116451016637966,0.18207024029571783,0.0027726432532372454,0.04528650646949365,0.001848428835486442,0.0,0.0,0.0,0.012014787430661871,0.0,0.0,1.4809974255675573e-22,1.4809974255675573e-22,1.4809974255675573e-22,1.4809974255675573e-22,6.100663442382362e-22,1.4809974255675573e-22,1.4809974255675573e-22,2.817078795368798e-21,2.7809186024020144e-21,1.4809974255675573e-22,2.4874788959142343e-21,2.1911337491542558e-21,5.3882565159845215e-21,1.4809974255675573e-22,1.476562407362086e-19,1.4809974255675573e-22
2024930_WZY_DM_assembly_Plate2E6,2024930_WZY_DM_assembly_Plate2,,E6,Plate2_E6,Pyruvate,cycle 5,0.1365,True,True,explicit_user_selected_validation_only,not_assessable,0.0032258064516138755,0.0,0.0,0.0,0.5032258064515924,0.15430107526887357,0.3209677419354381,0.000537634408597829,0.010215053763450218,0.0,0.0,0.0,0.0,0.00752688172043417,0.0,0.0,1.0508364843045406e-22,1.0508364843045406e-22,1.0508364843045406e-22,1.0508364843045406e-22,7.2539402987837375e-22,2.4062139022614974e-20,1.0508364843045406e-22,1.0297768058334381e-20,9.722830682040534e-21,1.0508364843045406e-22,1.3195058741912473e-20,5.5491580445876855e-21,2.812407918143342e-20,1.0508364843045406e-22,3.549180499861149e-18,1.0508364843045406e-22
2024930_WZY_DM_assembly_Plate2E7,2024930_WZY_DM_assembly_Plate2,,E7,Plate2_E7,Acid_mix,cycle 5,0.3265,True,True,explicit_user_selected_validation_only,not_assessable,0.11200899203405949,0.0024152882379291493,0.0,0.0,0.055853540502132266,0.01962421693315364,0.0,0.0,0.00452866544609646,0.02264332723056508,0.0,0.49453026671638234,0.0,0.0054343985353571414,0.0,0.0,8.083806524696602e-24,8.083806524696602e-24,8.083806524696602e-24,8.083806524696602e-24,9.63529659582786e-13,0.03349156857620228,2.3048702438444926e-06,7.429253818927814e-07,4.639799720704082e-07,0.06600789928968245,2.5645432359598438e-18,3.105757225000866e-08,0.00175810010730532,8.083806524696602e-24,0.18170019355700084,8.083806524696602e-24
2024930_WZY_DM_assembly_Plate2E8,2024930_WZY_DM_assembly_Plate2,,E8,Plate2_E8,Acid_mix,cycle 5,0.2605,True,True,explicit_user_selected_validation_only,not_assessable,0.22155863557477637,0.0009406345752327402,0.0,0.0,0.051695708530355496,0.030884168553479394,0.0,0.0005487035022206775,0.0046247866615574985,0.19192864645465516,0.0,0.19408426735646783,0.0,0.0030570623695054585,0.0,0.000431124180313269,7.401601387857573e-24,7.401601387857573e-24,7.401601387857573e-24,7.401601387857573e-24,1.1263859864710904e-15,0.048400771676345926,0.129102389863884,9.37636110061563e-10,7.111371124881809e-09,0.0001916207899124062,1.4176212603509814e-14,2.2458664505555456e-09,6.950731931969007e-07,7.401601387857573e-24,0.12255077454321141,7.401601387857573e-24
2024930_WZY_DM_assembly_Plate2E9,2024930_WZY_DM_assembly_Plate2,,E9,Plate2_E9,Acid_mix,cycle 5,0.1185,True,True,explicit_user_selected_validation_only,not_assessable,0.785967167614368,0.01255230120267511,0.0,0.007402639170803992,0.011264885694715922,0.04312841951684757,0.0,0.002574831015935559,0.008368200801777678,0.1213389116258193,0.0,0.0,0.0,0.007402639170803992,0.0,0.0,3.3563579241272664e-23,3.3563579241272664e-23,3.3563579241272664e-23,3.3563579241272664e-23,1.4700304688035035e-20,8.623412575473778e-16,4.179109744731862e-09,6.352534573991767e-18,7.865213059855273e-18,3.3563579241272664e-23,2.924240108392713e-18,5.194247790112546e-18,9.228183145732868e-17,3.3563579241272664e-23,7.142185933663381e-12,3.3563579241272664e-23
2024930_WZY_DM_assembly_Plate2F10,2024930_WZY_DM_assembly_Plate2,,F10,Plate2_F10,Host_sugar_mix,cycle 5,0.9255,True,True,explicit_user_selected_validation_only,not_assessable,0.0013574380055258117,4.6171360732269185e-05,0.015282720402400423,0.0006371647781053303,0.13052643679043796,0.026271504256649602,0.0008772558539131921,0.043317970638994605,0.0021700539544176603,0.020010667741379325,0.00014774835434347867,0.0,0.007230435090675792,0.28737978347001736,0.0006002276895200427,0.007932239773800137,1.5156993242822881e-24,1.5156993242822881e-24,1.5156993242822881e-24,1.5156993242822881e-24,0.02331351044864337,0.04880936111287423,1.3767326841060556e-22,1.639466523530074e-20,3.5660039395705774e-20,0.008533251595870412,1.601320222262589e-24,1.6573607126222055e-24,0.22875297969776445,1.5156993242822881e-24,0.1468030789839345,1.5156993242822881e-24
2024930_WZY_DM_assembly_Plate2F11,2024930_WZY_DM_assembly_Plate2,,F11,Plate2_F11,Host_sugar_mix,cycle 5,0.8325,True,True,explicit_user_selected_validation_only,not_assessable,0.06674702920406352,0.0009782540920549726,0.0037775658016246587,0.00016555069250181106,0.008894587206224908,0.020964737695942884,0.00028595119613984693,0.17573958512212043,0.008397935128722079,0.005583573356188687,0.0,0.0,0.012371151748757732,0.3534657785538876,0.0020016583729750223,0.006336076503931293,2.5430171596362565e-24,2.5430171596362565e-24,2.5430171596362565e-24,2.5430171596362565e-24,1.3963444344531118e-05,0.05604137721714516,5.637879514773589e-07,0.00020942026673838912,0.0013439534350996596,0.0001495221116422263,2.133519891596901e-21,2.867228115191772e-20,0.0967960561353088,2.5430171596362565e-24,0.1797357089266344,2.5430171596362565e-24
2024930_WZY_DM_assembly_Plate2F12,2024930_WZY_DM_assembly_Plate2,,F12,Plate2_F12,Host_sugar_mix,cycle 5,0.9485,True,True,explicit_user_selected_validation_only,not_assessable,0.0022999278940297233,0.0008508403769837435,0.00578305568731371,0.0,0.025511916928644938,0.0035230109359428784,0.00017282695157533307,0.2248877471411579,0.01612608402004217,0.04583902530993051,0.0,3.988314267109966e-05,0.00034565390314924654,0.3899640746570872,0.0,0.0011831998992429074,2.7726922321848565e-24,2.7726922321848565e-24,2.7726922321848565e-24,2.7726922321848565e-24,1.5551835398089542e-09,0.06044293109791523,0.00938355079460268,0.004087942730405672,0.026143404602583246,1.1679908582219823e-05,1.9977202206346502e-20,1.0290426017314544e-19,1.0957784446688948e-06,2.7726922321848565e-24,0.18340214668451135,2.7726922321848565e-24
2024930_WZY_DM_assembly_Plate2F1,2024930_WZY_DM_assembly_Plate2,,F1,Plate2_F1,Lactate,cycle 5,0.1955,True,True,explicit_user_selected_validation_only,not_assessable,0.3256164154211045,0.01782372484333034,0.0,0.0009093737164977419,0.04140681655790585,0.050803678295005227,0.0,0.0,0.0009699986309309247,0.15138041133998667,0.0,0.33677139967648184,0.0,0.0023037467484589924,0.0,0.0011518733742294962,1.908156099362139e-23,1.908156099362139e-23,1.908156099362139e-23,1.908156099362139e-23,2.1091076987465166e-18,5.582947439782213e-09,0.07028053791793715,3.738799299106595e-15,6.151475499076628e-15,9.221543726385436e-11,2.14267940432175e-18,2.906153209128667e-15,4.0217389039190704e-13,1.908156099362139e-23,0.0005820178025533391,1.908156099362139e-23
2024930_WZY_DM_assembly_Plate2F2,2024930_WZY_DM_assembly_Plate2,,F2,Plate2_F2,Lactate,cycle 5,0.1855,True,True,explicit_user_selected_validation_only,not_assessable,0.09897648556420455,0.09571128191662413,0.0,0.02285642553231378,0.2434617469648221,0.23489058739019106,0.0,0.0,0.003061128419504972,0.0038774293313733215,0.0,0.0,0.0,0.04632507674852214,0.0,0.0016326018237366984,1.0449143295187187e-23,1.0449143295187187e-23,1.0449143295187187e-23,1.0449143295187187e-23,1.1608914593225417e-14,0.05228606236261101,1.0277895579112423e-07,2.865819900168224e-10,6.95453740789462e-10,3.6669934152536667e-19,1.2291320924455503e-06,7.632398977901261e-09,1.8091052053418387e-08,1.0449143295187187e-23,0.1969198153295496,1.0449143295187187e-23
2024930_WZY_DM_assembly_Plate2F3,2024930_WZY_DM_assembly_Plate2,,F3,Plate2_F3,Lactate,cycle 5,0.2805,True,True,explicit_user_selected_validation_only,not_assessable,0.3796037862208951,0.015889312163847445,0.0,0.001043823426821821,0.02725538947814619,0.00255156837667708,0.0,0.0,0.0002319607615160361,0.25457693576377965,0.0,0.0,0.0,0.022500193867060283,0.0,0.001043823426821821,6.668128926575236e-24,6.668128926575236e-24,6.668128926575236e-24,6.668128926575236e-24,5.2083522481353055e-17,0.04540636133718438,0.15964117896444202,1.8871070397506183e-10,8.16165046021852e-09,6.948633623266339e-17,2.7503938267830938e-12,7.024636123315658e-09,3.738737335815367e-08,6.668128926575236e-24,0.0902556134476871,6.668128926575236e-24
2024930_WZY_DM_assembly_Plate2F4,2024930_WZY_DM_assembly_Plate2,,F4,Plate2_F4,Lactate,cycle 5,0.1965,True,True,explicit_user_selected_validation_only,not_assessable,0.31205211726390425,0.02280130293158054,0.0,0.07491856677527592,0.12508143322461007,0.09967426710087711,0.003908794788279708,0.005863192182402532,0.004560260586309296,0.16547231270367072,0.0,0.0,0.0,0.1856677524430307,0.0,0.0,6.652711125477323e-23,6.652711125477323e-23,6.652711125477323e-23,6.652711125477323e-23,1.1537337040574063e-21,4.964668732585879e-18,5.901182435999561e-14,1.7961679744469755e-20,2.776990438837747e-20,6.652711125477323e-23,7.409921889087323e-21,2.6949826612957932e-20,2.6252728009342362e-20,6.652711125477323e-23,1.4352610207306626e-16,6.652711125477323e-23
2024930_WZY_DM_assembly_Plate2F5,2024930_WZY_DM_assembly_Plate2,,F5,Plate2_F5,Lactate,cycle 5,0.2745,True,True,explicit_user_selected_validation_only,not_assessable,0.05945786701602538,0.02868121778968425,0.0,0.005762436450891515,0.0017025380423085345,0.09141319642553919,0.0,0.000785786788757676,0.006810152169234138,0.24595126488132424,0.0,0.3642121765891538,0.0,0.059588831480869624,0.0,0.001964466971897736,2.7702659479110056e-23,2.7702659479110056e-23,2.7702659479110056e-23,2.7702659479110056e-23,2.9437124570776346e-20,1.7373330134970234e-11,0.13367006523931296,8.489309390004733e-19,2.2359846033051028e-18,1.6098637307544844e-14,6.6293001631242036e-21,2.4395345900536e-18,6.4864616677209316e-18,2.7702659479110056e-23,1.3761145360942047e-10,2.7702659479110056e-23
2024930_WZY_DM_assembly_Plate2F6,2024930_WZY_DM_assembly_Plate2,,F6,Plate2_F6,Lactate,cycle 5,0.2185,True,True,explicit_user_selected_validation_only,not_assessable,0.19842418274609439,0.03413749380582334,0.0,0.009601170132862437,0.002133593362850117,0.02062473584093368,0.0003555988938095832,0.0014223955752383328,0.022047131416253214,0.4142727112875923,0.0,0.0,0.0,0.026314318141842714,0.0,0.004978384513341547,3.60455829501838e-23,3.60455829501838e-23,3.60455829501838e-23,3.60455829501838e-23,3.7500016869519902e-22,5.801079727353416e-16,0.2656882842833578,1.5246562116409575e-21,5.264721337321658e-21,3.60455829501838e-23,1.1296856329046448e-21,7.805474165627563e-21,3.168325915175909e-21,3.60455829501838e-23,1.3093711767418523e-18,3.60455829501838e-23
2024930_WZY_DM_assembly_Plate2F7,2024930_WZY_DM_assembly_Plate2,,F7,Plate2_F7,Host_sugar_mix,cycle 5,1.0175,True,True,explicit_user_selected_validation_only,not_assessable,0.06494091131535486,0.0003991100783208909,0.015035861317952622,0.00010588634730951472,0.1299306932521612,0.0021910328789417986,0.001270636167715708,0.09714665110464171,0.00727357754980463,0.014758927794199192,0.0,0.0,0.00601108648573053,0.20361130077292505,0.0021258720498319025,1.6290207278392768e-05,1.495577738818085e-24,1.495577738818085e-24,1.495577738818085e-24,1.495577738818085e-24,0.026640122464097804,0.03949569419616125,4.423164826889574e-16,7.151872877011855e-14,3.073971326888278e-13,0.007846856667093088,2.701308970465628e-24,3.390986343151642e-24,0.2470813434819319,1.495577738818085e-24,0.1341181458681685,1.495577738818085e-24
2024930_WZY_DM_assembly_Plate2F8,2024930_WZY_DM_assembly_Plate2,,F8,Plate2_F8,Host_sugar_mix,cycle 5,1.1495,True,True,explicit_user_selected_validation_only,not_assessable,0.09556370849245764,0.0009158587425244947,0.0023648292904026977,0.0003554078702338491,0.026628251200546398,0.04855418288730903,0.002282812089580986,0.0019684128197546384,0.007272191806320406,0.0031029840978064943,0.0016950221503433402,0.0,0.0029389496961630696,0.34417151372062876,0.0015993354160527401,0.003431052901101729,1.6378523292641933e-24,1.6378523292641933e-24,1.6378523292641933e-24,1.6378523292641933e-24,0.0043608870263092125,0.05620404787829305,1.2951482185379892e-23,3.1778850819268984e-22,5.066543925292516e-22,0.00923663359130587,1.6808878390487137e-24,1.765081516365015e-24,0.22510465538406332,1.6378523292641933e-24,0.16224926293880232,1.6378523292641933e-24
2024930_WZY_DM_assembly_Plate2F9,2024930_WZY_DM_assembly_Plate2,,F9,Plate2_F9,Host_sugar_mix,cycle 5,0.9225,True,True,explicit_user_selected_validation_only,not_assessable,0.008352368174861749,0.0002520604936173413,0.0002520604936173413,1.1457295164389358e-05,0.08635363365429126,0.029353590211245794,0.0008249252518387479,0.13273276448007978,0.0007790960711806088,0.005178697414322213,1.1457295164389358e-05,0.005132868233657289,0.0071493521826037736,0.2998030425677587,0.0018904537021252135,0.0032194999412044597,1.893151134426102e-24,1.893151134426102e-24,1.893151134426102e-24,1.893151134426102e-24,0.003328836062399599,0.0502323139071947,1.3177037392516148e-15,2.5305699470771353e-12,1.1285374924441972e-11,0.006681514097541442,3.802820419063291e-24,5.0508863119473844e-24,0.19942317893594824,1.893151134426102e-24,0.15903682952036588,1.893151134426102e-24
2024930_WZY_DM_assembly_Plate2G10,2024930_WZY_DM_assembly_Plate2,,G10,Plate2_G10,Master_mix,cycle 5,0.7635,True,True,explicit_user_selected_validation_only,not_assessable,0.19166128431245208,0.0007102323928983229,0.0004058470816561845,5.073088520702306e-05,0.006138437110059971,0.013925627989305776,0.001547291998819293,0.13628852310931044,0.014864149365722227,0.008700346813006151,0.0,0.00010146177041418185,0.017628982609415065,0.08715566078578098,0.007406709240232154,0.007406709240232154,2.6508636897357143e-24,2.6508636897357143e-24,2.6508636897357143e-24,2.6508636897357143e-24,5.215350572920907e-07,0.03136170549031864,0.03246972124998256,0.00028002761587202544,0.16261590647040028,4.2932572352023265e-11,1.3260283504824966e-05,0.04973672289120561,0.11821401182705014,2.6508636897357143e-24,0.11131612788916401,2.6508636897357143e-24
2024930_WZY_DM_assembly_Plate2G11,2024930_WZY_DM_assembly_Plate2,,G11,Plate2_G11,Master_mix,cycle 5,0.9235,True,True,explicit_user_selected_validation_only,not_assessable,0.09324851894756991,0.00010121955923744274,0.030846660677693993,0.0001518293388561641,0.04769971729070315,0.023735986641215543,0.0014929884987532442,0.22126595649262723,0.01918110647542374,0.08510034442894368,0.0,0.0,0.014499701860765163,0.09023723706016391,0.0,0.002150915633801353,3.422190500769364e-24,3.422190500769364e-24,3.422190500769364e-24,3.422190500769364e-24,1.9036036380233078e-08,0.04264428833946341,0.08279529346490076,9.983508545902194e-07,0.11190955614476333,9.200550865253846e-14,3.2554173059076696e-09,0.005122644164543753,0.0023530099068707795,3.422190500769364e-24,0.1254620044313032,3.422190500769364e-24
2024930_WZY_DM_assembly_Plate2G12,2024930_WZY_DM_assembly_Plate2,,G12,Plate2_G12,Master_mix,cycle 5,0.7395,True,True,explicit_user_selected_validation_only,not_assessable,0.03065283734487277,1.088137640929649e-05,0.02380845158347723,0.0004570178091888752,0.009325339582738403,0.0012078327814326003,0.0005549501968718536,0.012437413235795426,0.001077256264516705,0.006985843654744094,0.0,0.09461356787850914,0.003819363119651928,0.3803585123852173,0.0,0.0003482040450959103,1.925415963897765e-24,1.925415963897765e-24,1.925415963897765e-24,1.925415963897765e-24,0.0012727572371176118,0.05390515335390346,3.7207025528978855e-18,6.91084858061423e-15,2.1604154897423366e-14,0.02156897950879776,2.5730155696545523e-24,2.5891322164543866e-24,0.18924598196355308,1.925415963897765e-24,0.16834965667807816,1.925415963897765e-24
2024930_WZY_DM_assembly_Plate2G1,2024930_WZY_DM_assembly_Plate2,,G1,Plate2_G1,Fucose,cycle 5,0.2985,True,True,explicit_user_selected_validation_only,not_assessable,0.45181908421041594,0.0013654707044642616,0.0,0.0006321623631793617,0.01701781081675682,0.009457148953163252,0.0029079468706219042,0.0,0.0062457641482120945,0.16347718711786696,0.0,0.04860064248110294,0.0,0.0008597408139239318,0.0,0.012997258186936079,6.171226964036092e-24,6.171226964036092e-24,6.171226964036092e-24,6.171226964036092e-24,1.172914405651951e-14,0.042449816217456394,0.11482735170423317,1.766751067921043e-06,1.370103499898613e-05,2.1975016820771152e-11,2.9220697980237244e-09,2.7161618005694326e-06,0.006211316002974644,6.171226964036092e-24,0.12111311251676832,6.171226964036092e-24
2024930_WZY_DM_assembly_Plate2G2,2024930_WZY_DM_assembly_Plate2,,G2,Plate2_G2,Fucose,cycle 5,0.3035,True,True,explicit_user_selected_validation_only,not_assessable,0.3605898076869289,4.6401982716167805e-05,0.0,0.0004176178444443703,0.02633312519139293,0.006658684519759821,0.011298882791376601,4.6401982716167805e-05,0.002157692196300663,0.07352394161369226,0.0,0.035984737596418154,0.0,0.0032249377987664425,0.0,0.001415260472842738,3.7108566670967645e-24,3.7108566670967645e-24,3.7108566670967645e-24,3.7108566670967645e-24,3.5636155888377114e-12,0.030945179556587925,0.05508164145070558,9.084942430486826e-05,0.0009989285462754496,4.424248016807465e-08,0.0001251483863374378,0.018171065712243403,0.27467912956391977,3.7108566670967645e-24,0.09821052143622656,3.7108566670967645e-24
2024930_WZY_DM_assembly_Plate2G3,2024930_WZY_DM_assembly_Plate2,,G3,Plate2_G3,Fucose,cycle 5,0.4515,True,True,explicit_user_selected_validation_only,not_assessable,0.36339436087735455,0.009672539045795726,0.0,0.0038690156183182898,0.007562166890346864,0.010024267738347432,0.05750764123576658,0.0,0.0009379431801979532,0.026321030494278204,0.0,0.11032556657075132,0.0,0.021045100105669918,0.0,0.01254499003513896,5.414866224658626e-24,5.414866224658626e-24,5.414866224658626e-24,5.414866224658626e-24,8.16017247670546e-13,0.02244661686861547,0.012411206726579476,9.754730214382121e-05,0.0001985262937271864,9.442702959703052e-05,5.001376860213427e-09,8.597608984671163e-05,0.2065482094583971,5.414866224658626e-24,0.1349128634369346,5.414866224658626e-24
2024930_WZY_DM_assembly_Plate2G4,2024930_WZY_DM_assembly_Plate2,,G4,Plate2_G4,Fucose,cycle 5,0.5215,True,True,explicit_user_selected_validation_only,not_assessable,0.15427846472406895,0.003250151430756927,0.0,0.011963323351527286,0.01161756256101079,0.008229106814047267,0.05829526927943745,0.0008298258972150566,0.01984666937508259,0.30758879923582017,0.0,0.010718584505692434,0.0,0.05373122684471784,0.0,0.011271801770518827,4.791298106701801e-24,4.791298106701801e-24,4.791298106701801e-24,4.791298106701801e-24,1.2056744915308418e-17,0.05532347617272729,0.20904713401991193,1.9954345694658953e-10,1.9889282791611787e-07,1.0460409546493414e-15,6.249656901730852e-14,2.2373806166120536e-12,6.043566837840157e-09,4.791298106701801e-24,0.08400839887922605,4.791298106701801e-24
2024930_WZY_DM_assembly_Plate2G5,2024930_WZY_DM_assembly_Plate2,,G5,Plate2_G5,Fucose,cycle 5,0.4815,True,True,explicit_user_selected_validation_only,not_assessable,0.16987356758153907,0.0008123319156997165,0.0,0.0012398750292270323,0.20900445104771645,0.0023835528579017706,0.00016032866757259977,4.275431135261666e-05,3.206573351440503e-05,0.06256024608671258,0.0,0.0,6.413146702892499e-05,0.0018063696546454682,0.0050663858952867975,0.0003954773800114168,2.2446065487848168e-24,2.2446065487848168e-24,2.2446065487848168e-24,2.2446065487848168e-24,7.092803566616852e-08,0.027136976345530153,0.045213944927156406,0.00010053304916772873,0.012615776037071605,3.440407713707085e-08,3.544235722958353e-05,0.06839343865796499,0.3099975391102659,2.2446065487848168e-24,0.08306470655529201,2.2446065487848168e-24
2024930_WZY_DM_assembly_Plate2G6,2024930_WZY_DM_assembly_Plate2,,G6,Plate2_G6,Fucose,cycle 5,0.3945,True,True,explicit_user_selected_validation_only,not_assessable,0.20324012618388232,0.00047830032925903586,0.0,0.0014817931769184763,0.183357837986554,0.002269581954528722,0.01305478545742909,4.689218914302113e-05,0.00014067656742961415,0.027141199076056416,0.0,0.0,6.564906480025711e-05,0.006161633653394518,0.0,0.005795874578081377,2.6892711333334127e-24,2.6892711333334127e-24,2.6892711333334127e-24,2.6892711333334127e-24,1.0419048869585218e-09,0.023109765829358746,0.024833054129188528,0.0001167333149286624,0.0023233309598298126,2.646557800918638e-10,0.042567536086601715,0.05700259655904021,0.32029433070124436,2.6892711333334127e-24,0.08651830089577044,2.6892711333334127e-24
2024930_WZY_DM_assembly_Plate2G7,2024930_WZY_DM_assembly_Plate2,,G7,Plate2_G7,Master_mix,cycle 5,0.7845,True,True,explicit_user_selected_validation_only,not_assessable,0.07990671034574692,0.0004629589243672033,0.04622013552179868,5.050460993090633e-05,0.00022727074468907848,0.004688511288588614,0.0006481424941135789,0.08259187210707063,0.0006649773640908286,0.0032659647755375622,0.0,0.0,0.00021043587471267165,0.358969932519484,0.0,0.0023737166667525973,1.6463354761586381e-24,1.6463354761586381e-24,1.6463354761586381e-24,1.6463354761586381e-24,0.015466891954496699,0.0490255759806815,2.9366133377008145e-21,1.2380998185658198e-18,3.922151753969558e-18,0.008710929625142373,1.9188721634497295e-24,2.0346341767597796e-24,0.1855061511704186,1.6463354761586381e-24,0.1610093180323774,1.6463354761586381e-24
2024930_WZY_DM_assembly_Plate2G8,2024930_WZY_DM_assembly_Plate2,,G8,Plate2_G8,Master_mix,cycle 5,0.7775,True,True,explicit_user_selected_validation_only,not_assessable,0.06287295215489941,0.0007396817900569866,0.007847843382314059,0.0,0.02516722188122445,0.0008840099442141763,0.001371117464495684,0.010157093848829096,0.0066932181490565405,0.02985788689131328,0.0,0.0,0.008533402114562695,0.5390836967969163,0.0009200919827530771,0.00532210068455927,3.099939105369303e-24,3.099939105369303e-24,3.099939105369303e-24,3.099939105369303e-24,2.3988028390277198e-11,0.06975562192222272,3.129755005739067e-05,0.004339117870415221,0.02048861938782549,0.0007321428458999418,1.0238372783793231e-20,5.534963270660105e-20,1.2860163435294331e-05,3.099939105369303e-24,0.2051900231509609,3.099939105369303e-24
2024930_WZY_DM_assembly_Plate2G9,2024930_WZY_DM_assembly_Plate2,,G9,Plate2_G9,Master_mix,cycle 5,0.9205,True,True,explicit_user_selected_validation_only,not_assessable,0.12876410209472589,0.0005522406094138674,0.003896364299757614,0.0,0.0535980191470307,0.016597898316309086,0.004847445349300151,0.007823408633366596,0.005092885620152797,0.045007609667229775,0.0,0.0,0.0007363208125521012,0.2861526757779324,0.0,0.004939485450870936,1.62873108849994e-24,1.62873108849994e-24,1.62873108849994e-24,1.62873108849994e-24,0.0015372589137379418,0.050586765084010325,5.153815106810505e-20,7.923853051190948e-18,2.0950774513880096e-17,0.009049414311885955,1.7944241407131156e-24,1.8717758026164535e-24,0.23569149715590904,1.62873108849994e-24,0.14512660875581487,1.62873108849994e-24
2024930_WZY_DM_assembly_Plate2H10,2024930_WZY_DM_assembly_Plate2,low growth,H10,Plate2_H10,blank,cycle 5,0.0055,True,False,explicit_user_selected_validation_only,not_assessable,0.0,0.0,0.0,0.0,0.40000000000050906,0.0,0.0,0.0,0.0,0.0,0.0,0.0,0.0,0.5999999999994908,0.0,0.0,4.971590909092717e-22,4.971590909092717e-22,4.971590909092717e-22,4.971590909092717e-22,4.971590909092717e-22,4.971590909092717e-22,4.971590909092717e-22,1.1475740078852074e-21,1.2603294806801288e-21,4.971590909092717e-22,4.971590909092717e-22,4.971590909092717e-22,9.580614763561569e-22,4.971590909092717e-22,6.4132996573977245e-21,4.971590909092717e-22
2024930_WZY_DM_assembly_Plate2H11,2024930_WZY_DM_assembly_Plate2,low growth,H11,Plate2_H11,blank,cycle 5,-0.0065,False,False,explicit_user_selected_validation_only,not_assessable,0.0,0.0,0.0,0.0,0.0,0.0,0.0,0.0,0.0,0.0,0.0,0.0,0.0,0.0,0.0,0.0,0.0625,0.0625,0.0625,0.0625,0.0625,0.0625,0.0625,0.0625,0.0625,0.0625,0.0625,0.0625,0.0625,0.0625,0.0625,0.0625
2024930_WZY_DM_assembly_Plate2H12,2024930_WZY_DM_assembly_Plate2,low growth,H12,Plate2_H12,blank,cycle 5,0.0015,True,False,explicit_user_selected_validation_only,not_assessable,0.11111111111111109,0.0,0.0,0.0,0.0,0.0,0.0,0.14814814814814814,0.0,0.07407407407407407,0.0,0.0,0.0,0.0,0.6666666666666666,0.0,1.4467592592592593e-21,1.4467592592592593e-21,1.4467592592592593e-21,1.4467592592592593e-21,1.4467592592592593e-21,1.4467592592592593e-21,1.4467592592592593e-21,1.4467592592592593e-21,1.4467592592592593e-21,1.4467592592592593e-21,1.4467592592592593e-21,1.4467592592592593e-21,1.4467592592592593e-21,1.4467592592592593e-21,1.4467592592592593e-21,1.4467592592592593e-21
2024930_WZY_DM_assembly_Plate2H1,2024930_WZY_DM_assembly_Plate2,,H1,Plate2_H1,Sialic_acid,cycle 5,0.6325,True,True,explicit_user_selected_validation_only,not_assessable,0.2464546137687786,0.0002534137450757428,0.0,0.1027885136758145,0.00031189384009368254,0.0013450421854056278,0.0018518696755531212,0.05130653669544371,0.001442509010430537,0.04319729685300397,0.0,0.03465920298039874,0.0,0.00048733412514650364,0.0006237876801873651,0.0,1.949216111721538e-24,1.949216111721538e-24,1.949216111721538e-24,1.949216111721538e-24,0.009960943755505571,0.024887783590676858,0.035245018676470986,9.874568783372187e-05,0.04277387573113735,0.005020082172387169,9.836550730181524e-09,0.0003244595712370565,0.30705329061228337,1.949216111721538e-24,0.0899137761305851,1.949216111721538e-24
2024930_WZY_DM_assembly_Plate2H2,2024930_WZY_DM_assembly_Plate2,,H2,Plate2_H2,Sialic_acid,cycle 5,0.5895,True,True,explicit_user_selected_validation_only,not_assessable,0.05858269457571624,0.000268317685079718,0.0,0.001520466882116923,0.011895417371868978,0.0013415884253985902,0.017172331845078288,0.01958719101083864,0.004382522189639831,0.001878223795553589,0.0,0.30382505873848087,0.0,0.035417934430510944,0.014220837309229491,0.0,2.888615875650571e-24,2.888615875650571e-24,2.888615875650571e-24,2.888615875650571e-24,5.670165318995407e-06,0.034015769018016805,0.0006015548879455543,0.00043334711270572393,0.008223349177714168,0.04152196389983768,7.270946433772568e-18,5.360271313758122e-05,0.32321145184069205,2.888615875650571e-24,0.12184070692511932,2.888615875650571e-24
2024930_WZY_DM_assembly_Plate2H3,2024930_WZY_DM_assembly_Plate2,,H3,Plate2_H3,Sialic_acid,cycle 5,0.5235,True,True,explicit_user_selected_validation_only,not_assessable,0.2452921907653791,7.167256625915209e-05,0.0,0.004888069018869106,0.0004587044240587104,0.0037986460117320937,0.004744723886360388,0.06212578043346435,0.0016054654842049157,0.006178175211538866,0.0,0.13805569712783317,0.0,0.0010464194673832554,0.005375442469442114,0.0,2.2291785360063497e-24,2.2291785360063497e-24,2.2291785360063497e-24,2.2291785360063497e-24,0.0026397957180842938,0.02771503881176648,0.011474578947424352,2.1378148516367066e-05,0.014999016095996737,0.02310309463096898,2.874256467255662e-09,0.0003473093906043642,0.340409167189723,2.2291785360063497e-24,0.10564963132613367,2.2291785360063497e-24
2024930_WZY_DM_assembly_Plate2H4,2024930_WZY_DM_assembly_Plate2,,H4,Plate2_H4,Sialic_acid,cycle 5,0.6175,True,True,explicit_user_selected_validation_only,not_assessable,0.21678401125805905,0.00045896403230411773,0.0,0.16205255040578845,0.0005737050403801472,0.004551393320336996,0.015872506117168856,0.12426451174624402,0.003480477244962242,0.0011091630780675238,0.0,0.0762262763650371,0.0,0.02019441742134923,0.0003442230242280883,0.00019123501345974476,4.457754941156934e-24,4.457754941156934e-24,4.457754941156934e-24,4.457754941156934e-24,1.0619200174004973e-09,0.014407753448186867,5.020325644374271e-08,4.811601404384127e-05,0.002035056724322416,2.5345535890983196e-07,8.104130627232217e-14,1.3049665623772793e-05,0.2284410853902479,4.457754941156934e-24,0.1289511999695732,4.457754941156934e-24
2024930_WZY_DM_assembly_Plate2H5,2024930_WZY_DM_assembly_Plate2,,H5,Plate2_H5,Sialic_acid,cycle 5,0.6445,True,True,explicit_user_selected_validation_only,not_assessable,0.055520971066856196,0.0,0.0,0.3164012715930115,0.008988026053875388,0.0018772459479600224,0.023949107396787916,0.2911437806552464,0.008760481090486438,0.0021616771521950216,0.0,0.0016497009845710727,0.0,0.048637735924358286,0.0,0.0006826348901668489,4.640073635826437e-24,4.640073635826437e-24,4.640073635826437e-24,4.640073635826437e-24,2.717401258198975e-08,0.007925095375451588,0.005702504236142349,4.963220425592e-06,0.019663801280163175,7.107602622113454e-18,1.1585222561231687e-19,1.570153765655301e-08,0.06158323696982133,4.640073635826437e-24,0.14534772328693082,4.640073635826437e-24
2024930_WZY_DM_assembly_Plate2H6,2024930_WZY_DM_assembly_Plate2,,H6,Plate2_H6,Sialic_acid,cycle 5,0.6825,True,True,explicit_user_selected_validation_only,not_assessable,0.01767338060291276,0.0001831438404450003,0.0,0.2898251275045603,0.0017703904576333491,0.0089130002349834,0.010713914666025077,0.0012820068831125215,0.0005494315213350008,0.00595217481446251,0.0,0.11693734212408803,0.0,0.022313024560879233,0.0017398664842250221,0.0,2.422508454983625e-24,2.422508454983625e-24,2.422508454983625e-24,2.422508454983625e-24,0.013184309964272728,0.02141861222646152,0.00469149524922289,0.007106221962806229,0.018111440818080336,0.015792478761972026,4.53260113137861e-19,0.02802505502722445,0.3160900716412321,2.422508454983625e-24,0.09772751065406554,2.422508454983625e-24
2024930_WZY_DM_assembly_Plate2H7,2024930_WZY_DM_assembly_Plate2,,H7,Plate2_H7,blank,cycle 5,0.0945,True,False,explicit_user_selected_validation_only,not_assessable,0.5017574688204053,0.005988580190538232,0.0,0.0,0.12618793972897577,0.007699603102102767,0.0,0.0012832671836837948,0.03635923687111013,0.2314158487902986,0.0,0.06672989355164047,0.0,0.0,0.0017110229115790856,0.0,4.059718713817682e-23,4.059718713817682e-23,4.059718713817682e-23,4.059718713817682e-23,2.844392930174986e-21,1.288100864992111e-16,0.020867138849660377,1.6668448264107332e-19,2.565698080570425e-19,1.8208204030436822e-20,3.754794031953349e-20,1.9439144447230548e-19,1.177417271306873e-18,4.059718713817682e-23,5.272725816452159e-15,4.059718713817682e-23
2024930_WZY_DM_assembly_Plate2H8,2024930_WZY_DM_assembly_Plate2,,H8,Plate2_H8,blank,cycle 5,0.1235,True,False,explicit_user_selected_validation_only,not_assessable,0.5613255633740571,0.016940759892900684,0.0,0.0,0.11272121005651588,0.005538325349607069,0.0,0.0,0.040397196667663934,0.1902577649505371,0.0,0.0,0.0,0.0,0.002932054596851805,0.0,3.332442281757333e-23,3.332442281757333e-23,3.332442281757333e-23,3.332442281757333e-23,4.607154841760559e-21,4.249647268040073e-16,0.06988712511177443,5.913803654633877e-19,9.160647836848504e-19,3.332442281757333e-23,2.0656252059525364e-19,7.156544109280322e-19,5.641358018962024e-18,3.332442281757333e-23,9.148259061845685e-14,3.332442281757333e-23
2024930_WZY_DM_assembly_Plate2H9,2024930_WZY_DM_assembly_Plate2,low growth,H9,Plate2_H9,blank,cycle 5,-0.0005,False,False,explicit_user_selected_validation_only,not_assessable,0.0,0.0,0.0,0.0,0.0,0.0,0.0,0.0,0.0,0.0,0.0,0.0,0.0,0.0,0.0,0.0,0.0625,0.0625,0.0625,0.0625,0.0625,0.0625,0.0625,0.0625,0.0625,0.0625,0.0625,0.0625,0.0625,0.0625,0.0625,0.0625
