species,ratio,lag_mode,extinction_mode,max_endpoint_log10_difference,both_initial_conditions_converged,survival_class_differs,relative_composition_l1
Col,0.0,off,hard_extinction,0.0,True,False,0.0
Col,0.0,off,no_extinction_control,0.2757897432840615,False,False,4.5052298578885376e-07
Col,0.0,on,hard_extinction,0.0,True,False,0.0
Col,0.0,on,no_extinction_control,0.3608591250770319,False,False,6.653176881431898e-08
Col,0.01,off,hard_extinction,0.0,True,False,0.0
Col,0.01,off,no_extinction_control,0.24064124333189163,False,False,2.5055228512762864e-06
Col,0.01,on,hard_extinction,0.0,True,False,0.0
Col,0.01,on,no_extinction_control,0.35083306145620785,False,False,1.3067423136003272e-07
Col,0.010985411419875584,off,hard_extinction,0.0,True,False,0.0
Col,0.010985411419875584,off,no_extinction_control,0.23702627940148435,False,False,2.956298260256262e-06
Col,0.010985411419875584,on,hard_extinction,0.0,True,False,0.0
Col,0.010985411419875584,on,no_extinction_control,0.34981694206178915,False,False,1.3962450848120897e-07
Col,0.012067926406393288,off,hard_extinction,0.0,True,False,0.0
Col,0.012067926406393288,off,no_extinction_control,0.2330211240152975,False,False,3.542377903511543e-06
Col,0.012067926406393288,on,hard_extinction,0.0,True,False,0.0
Col,0.012067926406393288,on,no_extinction_control,0.3486947727090408,False,False,1.5015622012592547e-07
Col,0.013257113655901088,off,hard_extinction,0.0,True,False,0.0
Col,0.013257113655901088,off,no_extinction_control,0.2285793473172424,False,False,4.316151584285778e-06
Col,0.013257113655901088,on,hard_extinction,0.0,True,False,0.0
Col,0.013257113655901088,on,no_extinction_control,0.3474548402410953,False,False,1.626320972574286e-07
Col,0.014563484775012436,off,hard_extinction,0.0,True,False,0.0
Col,0.014563484775012436,off,no_extinction_control,0.22364795093945844,False,False,5.354718940583541e-06
Col,0.014563484775012436,on,hard_extinction,0.0,True,False,0.0
Col,0.014563484775012436,on,no_extinction_control,0.34608400100021264,False,False,1.7751996401606598e-07
Col,0.015998587196060583,off,hard_extinction,0.0,True,False,0.0
Col,0.015998587196060583,off,no_extinction_control,0.2181661902418739,False,False,6.7735190715276675e-06
Col,0.015998587196060583,on,hard_extinction,0.0,True,False,0.0
Col,0.015998587196060583,on,no_extinction_control,0.3445674766132525,False,False,1.954296747730507e-07
Col,0.017575106248547922,off,hard_extinction,0.0,True,False,0.0
Col,0.017575106248547922,off,no_extinction_control,0.21206413743817798,False,False,8.748473088018845e-06
Col,0.017575106248547922,on,hard_extinction,0.0,True,False,0.0
Col,0.017575106248547922,on,no_extinction_control,0.3428886140023861,False,False,2.171653337537756e-07
Col,0.019306977288832496,off,hard_extinction,0.0,True,False,0.0
Col,0.019306977288832496,off,no_extinction_control,0.20526093113770205,False,False,1.1552464217595584e-05
Col,0.019306977288832496,on,hard_extinction,0.0,True,False,0.0
Col,0.019306977288832496,on,no_extinction_control,0.34102860173236316,False,False,2.438000934133033e-07
Col,0.021209508879201904,off,hard_extinction,0.0,True,False,0.0
Col,0.021209508879201904,off,no_extinction_control,0.19766266336445515,False,False,1.5616147394074645e-05
Col,0.021209508879201904,on,hard_extinction,0.0,True,False,0.0
Col,0.021209508879201904,on,no_extinction_control,0.3389661326118496,False,False,2.76784789367417e-07
Col,0.023299518105153717,off,hard_extinction,1.1102230246251565e-16,True,False,0.0
Col,0.023299518105153717,off,no_extinction_control,0.18915989264295163,False,False,2.1630081252949316e-05
Col,0.023299518105153717,on,hard_extinction,0.0,True,False,0.0
Col,0.023299518105153717,on,no_extinction_control,0.33667699951435903,False,False,3.181080501062349e-07
Col,0.025595479226995357,off,hard_extinction,1.1102230246251565e-15,False,False,0.0
Col,0.025595479226995357,off,no_extinction_control,0.17962489605729282,False,False,3.071627455813684e-05
Col,0.025595479226995357,on,hard_extinction,0.0,True,False,0.0
Col,0.025595479226995357,on,no_extinction_control,0.3341336073918342,False,False,3.705359641929568e-07
Col,0.028117686979742307,off,hard_extinction,3.108624468950438e-14,False,False,0.0
Col,0.028117686979742307,off,no_extinction_control,0.16890912419592397,False,False,4.471243783880445e-05
Col,0.028117686979742307,on,hard_extinction,0.0,True,False,0.0
Col,0.028117686979742307,on,no_extinction_control,0.33130437898044995,False,False,4.379767780622237e-07
Col,0.030888435964774818,off,hard_extinction,6.997957768817287e-12,False,False,0.0
Col,0.030888435964774818,off,no_extinction_control,0.1568422435139265,False,False,6.662442394071309e-05
Col,0.030888435964774818,on,hard_extinction,0.0,True,False,0.0
Col,0.030888435964774818,on,no_extinction_control,0.32815302418709535,False,False,5.26045572067657e-07
Col,0.03393221771895328,off,hard_extinction,1.7683433051196573e-09,False,False,0.0
Col,0.03393221771895328,off,no_extinction_control,0.1432364102023591,False,False,0.0001012779405557735
Col,0.03393221771895328,on,hard_extinction,0.0,True,False,0.0
Col,0.03393221771895328,on,no_extinction_control,0.3246376327932019,False,False,6.429547504352739e-07
Col,0.0372759372031494,off,hard_extinction,0.12790449522661707,False,True,0.00015602537785626652
Col,0.0372759372031494,off,no_extinction_control,0.12790449522661707,False,True,0.00015602537785626652
Col,0.0372759372031494,on,hard_extinction,0.0,True,False,0.0
Col,0.0372759372031494,on,no_extinction_control,0.3207095359159764,False,False,8.009457404483375e-07
Col,0.040949150623804234,off,hard_extinction,0.11071097649446049,False,False,0.0002407295234542066
Col,0.040949150623804234,off,no_extinction_control,0.11071097649446049,False,False,0.0002407295234542066
Col,0.040949150623804234,on,hard_extinction,0.0,True,False,0.0
Col,0.040949150623804234,on,no_extinction_control,0.3163118623529879,False,False,1.0186380619835327e-06
Col,0.04498432668969444,off,hard_extinction,0.09168953649032918,False,False,0.0003645966800060528
Col,0.04498432668969444,off,no_extinction_control,0.09168953649032918,False,False,0.0003645966800060528
Col,0.04498432668969444,on,hard_extinction,0.0,True,False,0.0
Col,0.04498432668969444,on,no_extinction_control,0.3113776900461289,False,False,1.3249664004995503e-06
Col,0.04941713361323833,off,hard_extinction,0.07126928259209198,False,False,0.0005249096306415182
Col,0.04941713361323833,off,no_extinction_control,0.07126928259209198,False,False,0.0005249096306415182
Col,0.04941713361323833,on,hard_extinction,0.0,True,False,0.0
Col,0.04941713361323833,on,no_extinction_control,0.3058276588780453,False,False,1.7659267827618503e-06
Col,0.054286754393238594,off,hard_extinction,0.0505939819120691,False,False,0.0006848759823512348
Col,0.054286754393238594,off,no_extinction_control,0.0505939819120691,False,False,0.0006848759823512348
Col,0.054286754393238594,on,hard_extinction,0.0,True,False,0.0
Col,0.054286754393238594,on,no_extinction_control,0.29956686737006066,False,False,2.416402807770856e-06
Col,0.05963623316594643,off,hard_extinction,0.03168344573692394,False,False,0.0007609388802037945
Col,0.05963623316594643,off,no_extinction_control,0.03168344573692394,False,False,0.0007609388802037945
Col,0.05963623316594643,on,hard_extinction,0.0,True,False,0.0
Col,0.05963623316594643,on,no_extinction_control,0.2924808216089225,False,False,3.4013836727841317e-06
Col,0.0655128556859551,off,hard_extinction,0.016875898532744404,False,False,0.0006745047211019935
Col,0.0655128556859551,off,no_extinction_control,0.016875898532744404,False,False,0.0006745047211019935
Col,0.0655128556859551,on,hard_extinction,0.0,True,False,0.0
Col,0.0655128556859551,on,no_extinction_control,0.2844301407253358,False,False,4.934920083873403e-06
Col,0.07196856730011521,off,hard_extinction,0.007436349205913739,False,False,0.00045522089397245086
Col,0.07196856730011521,off,no_extinction_control,0.007436349205913739,False,False,0.00045522089397245086
Col,0.07196856730011521,on,hard_extinction,0.0,True,False,0.0
Col,0.07196856730011521,on,no_extinction_control,0.27524365705366893,False,False,7.393239977370387e-06
Col,0.07906043210907697,off,hard_extinction,0.0026799591223616304,False,False,0.00023087430234602913
Col,0.07906043210907697,off,no_extinction_control,0.0026799591223616304,False,False,0.00023087430234602913
Col,0.07906043210907697,on,hard_extinction,0.0,True,False,0.0
Col,0.07906043210907697,on,no_extinction_control,0.26470951105425033,False,False,1.1454683892408832e-05
Col,0.08685113737513525,off,hard_extinction,0.0007915083224689923,False,False,8.928356227141943e-05
Col,0.08685113737513525,off,no_extinction_control,0.0007915083224689923,False,False,8.928356227141943e-05
Col,0.08685113737513525,on,hard_extinction,0.0,True,False,0.0
Col,0.08685113737513525,on,no_extinction_control,0.25256393156572976,False,False,1.8371408539896334e-05
Col,0.09540954763499938,off,hard_extinction,0.00019285927213075205,False,False,2.6960558714039795e-05
Col,0.09540954763499938,off,no_extinction_control,0.00019285927213075205,False,False,2.6960558714039795e-05
Col,0.09540954763499938,on,hard_extinction,2.220446049250313e-16,True,False,0.0
Col,0.09540954763499938,on,no_extinction_control,0.23847791340938418,False,False,3.0499278258547985e-05
Col,0.10481131341546858,off,hard_extinction,3.89721310452007e-05,False,False,6.485343648249264e-06
Col,0.10481131341546858,off,no_extinction_control,3.89721310452007e-05,False,False,6.485343648249264e-06
Col,0.10481131341546858,on,hard_extinction,1.9984014443252818e-15,False,False,0.0
Col,0.10481131341546858,on,no_extinction_control,0.22204381861212585,False,False,5.231570400938642e-05
Col,0.1151395399326447,off,hard_extinction,6.552613419419373e-06,True,False,1.2601272217499515e-06
Col,0.1151395399326447,off,no_extinction_control,6.552613419419373e-06,True,False,1.2601272217499515e-06
Col,0.1151395399326447,on,hard_extinction,1.1833922730630775e-11,False,False,0.0
Col,0.1151395399326447,on,no_extinction_control,0.20276938970734815,False,False,9.226652685447238e-05
Col,0.12648552168552957,off,hard_extinction,9.20948484361972e-07,True,False,2.0013279694586217e-07
Col,0.12648552168552957,off,no_extinction_control,9.20948484361972e-07,True,False,2.0013279694586217e-07
Col,0.12648552168552957,on,hard_extinction,7.970192911044429,False,False,0.0004879375434066176
Col,0.12648552168552957,on,no_extinction_control,0.180101808484614,False,False,0.00016560941486076693
Col,0.13894954943731375,off,hard_extinction,1.0949536699556006e-07,True,False,2.6423435231515136e-08
Col,0.13894954943731375,off,no_extinction_control,1.0949536699556006e-07,True,False,2.6423435231515136e-08
Col,0.13894954943731375,on,hard_extinction,0.1535424057140915,False,False,0.0002966929038942396
Col,0.13894954943731375,on,no_extinction_control,0.1535424057140915,False,False,0.0002966929038942396
Col,0.15264179671752334,off,hard_extinction,1.132364291223098e-08,True,False,2.9930559419799607e-09
Col,0.15264179671752334,off,no_extinction_control,1.132364291223098e-08,True,False,2.9930559419799607e-09
Col,0.15264179671752334,on,hard_extinction,0.12298883713890918,False,False,0.0005122878090765403
Col,0.15264179671752334,on,no_extinction_control,0.12298883713890918,False,False,0.0005122878090765403
Col,0.16768329368110074,off,hard_extinction,1.0760861091085872e-09,True,False,3.081987165476363e-10
Col,0.16768329368110074,off,no_extinction_control,1.0760861091085872e-09,True,False,3.081987165476363e-10
Col,0.16768329368110074,on,hard_extinction,0.08950434795592166,False,False,0.0008037268610867503
Col,0.16768329368110074,on,no_extinction_control,0.08950434795592166,False,False,0.0008037268610867503
Col,0.18420699693267154,off,hard_extinction,1.031641438942188e-10,True,False,3.175959495393954e-11
Col,0.18420699693267154,off,no_extinction_control,1.031641438942188e-10,True,False,3.175959495393954e-11
Col,0.18420699693267154,on,hard_extinction,0.05638977827207636,False,False,0.001049263364461813
Col,0.18420699693267154,on,no_extinction_control,0.05638977827207636,False,False,0.001049263364461813
Col,0.20235896477251566,off,hard_extinction,1.1544765143867153e-11,True,False,3.8005432134724515e-12
Col,0.20235896477251566,off,no_extinction_control,1.1544765143867153e-11,True,False,3.8005432134724515e-12
Col,0.20235896477251566,on,hard_extinction,0.02907184194748824,False,False,0.0010274265907666853
Col,0.20235896477251566,on,no_extinction_control,0.02907184194748824,False,False,0.0010274265907666853
Col,0.22229964825261944,off,hard_extinction,1.906474977886319e-12,True,False,6.704081734199008e-13
Col,0.22229964825261944,off,no_extinction_control,1.906474977886319e-12,True,False,6.704081734199008e-13
Col,0.22229964825261944,on,hard_extinction,0.011738130157415316,False,False,0.0006978799019759022
Col,0.22229964825261944,on,no_extinction_control,0.011738130157415316,False,False,0.0006978799019759022
Col,0.2442053094548651,off,hard_extinction,6.745715097622451e-13,True,False,2.5415780591231396e-13
Col,0.2442053094548651,off,no_extinction_control,6.745715097622451e-13,True,False,2.5415780591231396e-13
Col,0.2442053094548651,on,hard_extinction,0.003664384422093825,False,False,0.0003240607402782564
Col,0.2442053094548651,on,no_extinction_control,0.003664384422093825,False,False,0.0003240607402782564
Col,0.2682695795279725,off,hard_extinction,8.233413950620161e-13,True,False,3.3131830612376234e-13
Col,0.2682695795279725,off,no_extinction_control,8.233413950620161e-13,True,False,3.3131830612376234e-13
Col,0.2682695795279725,on,hard_extinction,0.000895668517413295,False,False,0.0001067223981512655
Col,0.2682695795279725,on,no_extinction_control,0.000895668517413295,False,False,0.0001067223981512655
Col,0.29470517025518095,off,hard_extinction,5.21427345745451e-12,True,False,2.2827295609317844e-12
Col,0.29470517025518095,off,no_extinction_control,5.21427345745451e-12,True,False,2.2827295609317844e-12
Col,0.29470517025518095,on,hard_extinction,0.00017464236774134,False,False,2.614531389306951e-05
Col,0.29470517025518095,on,no_extinction_control,0.00017464236774134,False,False,2.614531389306951e-05
Col,0.32374575428176433,off,hard_extinction,2.1077228851140717e-10,True,False,1.0178174969510678e-10
Col,0.32374575428176433,off,no_extinction_control,2.1077228851140717e-10,True,False,1.0178174969510678e-10
Col,0.32374575428176433,on,hard_extinction,2.7569190294896018e-05,False,False,4.943508165655697e-06
Col,0.32374575428176433,on,no_extinction_control,2.7569190294896018e-05,False,False,4.943508165655697e-06
Col,0.35564803062231287,off,hard_extinction,4.573712519828632e-08,True,False,2.516574135191796e-08
Col,0.35564803062231287,off,no_extinction_control,4.573712519828632e-08,True,False,2.516574135191796e-08
Col,0.35564803062231287,on,hard_extinction,3.569953468840481e-06,True,False,7.414111241749177e-07
Col,0.35564803062231287,on,no_extinction_control,3.569953468840481e-06,True,False,7.414111241749177e-07
Col,0.3906939937054615,off,hard_extinction,3.2279515926214586e-05,False,False,2.1849142747776273e-05
Col,0.3906939937054615,off,no_extinction_control,3.2279515926214586e-05,False,False,2.1849142747776273e-05
Col,0.3906939937054615,on,hard_extinction,3.8669363888743646e-07,True,False,9.076067557234335e-08
Col,0.3906939937054615,on,no_extinction_control,3.8669363888743646e-07,True,False,9.076067557234335e-08
Col,0.42919342601287763,off,hard_extinction,0.030176287098295784,False,False,0.031930795485573815
Col,0.42919342601287763,off,no_extinction_control,0.030176287098295784,False,False,0.031930795485573815
Col,0.42919342601287763,on,hard_extinction,3.6362945987633566e-08,True,False,9.469471831669019e-09
Col,0.42919342601287763,on,no_extinction_control,3.6362945987633566e-08,True,False,9.469471831669019e-09
Col,0.47148663634573923,off,hard_extinction,1.8358210486116242,False,False,0.8157191015078533
Col,0.47148663634573923,off,no_extinction_control,1.8358210486116242,False,False,0.8157191015078533
Col,0.47148663634573923,on,hard_extinction,3.177103247153923e-09,True,False,9.053561789151843e-10
Col,0.47148663634573923,on,no_extinction_control,3.177103247153923e-09,True,False,9.053561789151843e-10
Col,0.517947467923121,off,hard_extinction,8.948716362978551,False,True,0.004577309886407255
Col,0.517947467923121,off,no_extinction_control,3.4479609817992833,False,True,0.00457567785723989
Col,0.517947467923121,on,hard_extinction,2.8919155958817555e-10,True,False,8.928408012920386e-11
Col,0.517947467923121,on,no_extinction_control,2.8919155958817555e-10,True,False,8.928408012920386e-11
Col,0.5689866029018296,off,hard_extinction,1.1102230246251565e-16,True,False,0.0
Col,0.5689866029018296,off,no_extinction_control,3.7648759022897416,False,False,2.6973330728985445e-06
Col,0.5689866029018296,on,hard_extinction,3.31425997757151e-11,True,False,1.1018047585409363e-11
Col,0.5689866029018296,on,no_extinction_control,3.31425997757151e-11,True,False,1.1018047585409363e-11
Col,0.6250551925273969,off,hard_extinction,0.0,True,False,0.0
Col,0.6250551925273969,off,no_extinction_control,2.5752376674425825,False,False,2.0309800508044873e-09
Col,0.6250551925273969,on,hard_extinction,6.544986774770223e-12,True,False,2.3390456238558954e-12
Col,0.6250551925273969,on,no_extinction_control,6.544986774770223e-12,True,False,2.3390456238558954e-12
Col,0.6866488450042998,off,hard_extinction,0.0,True,False,0.0
Col,0.6866488450042998,off,no_extinction_control,0.1688781419924812,False,False,2.4489299477181703e-12
Col,0.6866488450042998,on,hard_extinction,3.460565167756613e-12,True,False,1.3322676295501878e-12
Col,0.6866488450042998,on,no_extinction_control,3.460565167756613e-12,True,False,1.3322676295501878e-12
Col,0.7543120063354615,off,hard_extinction,0.0,True,False,0.0
Col,0.7543120063354615,off,no_extinction_control,0.0004101693712943444,False,False,4.884981308350689e-15
Col,0.7543120063354615,on,hard_extinction,7.77000686014162e-12,True,False,3.2412128536662976e-12
Col,0.7543120063354615,on,no_extinction_control,7.77000686014162e-12,True,False,3.2412128536662976e-12
Col,0.8286427728546842,off,hard_extinction,0.0,True,False,0.0
Col,0.8286427728546842,off,no_extinction_control,1.3315218687637298e-06,False,False,0.0
Col,0.8286427728546842,on,hard_extinction,1.006812411219471e-10,True,False,4.6084303040316854e-11
Col,0.8286427728546842,on,no_extinction_control,1.006812411219471e-10,True,False,4.6084303040316854e-11
Col,0.9102981779915218,off,hard_extinction,0.0,True,False,0.0
Col,0.9102981779915218,off,no_extinction_control,6.897527882188115e-09,True,False,0.0
Col,0.9102981779915218,on,hard_extinction,7.0797969708991104e-09,True,False,3.6323843932706268e-09
Col,0.9102981779915218,on,no_extinction_control,7.0797969708991104e-09,True,False,3.6323843932706268e-09
Col,0.9999999999999994,off,hard_extinction,0.0,True,False,0.0
Col,0.9999999999999994,off,no_extinction_control,5.5507598517579027e-11,True,False,0.0
Col,0.9999999999999994,on,hard_extinction,1.6469296351129259e-06,False,False,9.91140714667882e-07
Col,0.9999999999999994,on,no_extinction_control,1.6469296351129259e-06,False,False,9.91140714667882e-07
Col,1.0985411419875584,off,hard_extinction,0.0,True,False,0.0
Col,1.0985411419875584,off,no_extinction_control,6.732392421326949e-13,True,False,0.0
Col,1.0985411419875584,on,hard_extinction,0.0005103548134601787,False,False,0.00039964344449461287
Col,1.0985411419875584,on,no_extinction_control,0.0005103548134601787,False,False,0.00039964344449461287
Col,1.2067926406393277,off,hard_extinction,0.0,True,False,0.0
Col,1.2067926406393277,off,no_extinction_control,1.2434497875801753e-14,True,False,0.0
Col,1.2067926406393277,on,hard_extinction,0.04515709073470753,False,False,0.06123090155282551
Col,1.2067926406393277,on,no_extinction_control,0.04515709073470753,False,False,0.06123090155282551
Col,1.325711365590108,off,hard_extinction,0.0,True,False,0.0
Col,1.325711365590108,off,no_extinction_control,0.0,True,False,0.0
Col,1.325711365590108,on,hard_extinction,0.3624232547851026,False,False,0.4758936809664447
Col,1.325711365590108,on,no_extinction_control,0.3624232547851026,False,False,0.4758936809664447
Col,1.456348477501243,off,hard_extinction,0.0,True,False,0.0
Col,1.456348477501243,off,no_extinction_control,0.0,True,False,0.0
Col,1.456348477501243,on,hard_extinction,0.934925021969532,False,False,0.17427117745798082
Col,1.456348477501243,on,no_extinction_control,0.934925021969532,False,False,0.17427117745798082
Col,1.5998587196060574,off,hard_extinction,0.0,True,False,0.0
Col,1.5998587196060574,off,no_extinction_control,0.0,True,False,0.0
Col,1.5998587196060574,on,hard_extinction,1.2419405785572737,False,False,0.020897995977337436
Col,1.5998587196060574,on,no_extinction_control,1.2419405785572737,False,False,0.020897995977337436
Col,1.7575106248547911,off,hard_extinction,0.0,True,False,0.0
Col,1.7575106248547911,off,no_extinction_control,0.0,True,False,0.0
Col,1.7575106248547911,on,hard_extinction,8.615973199051414,False,True,0.0021276978559678916
Col,1.7575106248547911,on,no_extinction_control,1.3900175416686404,False,True,0.0020410160299557667
Col,1.9306977288832496,off,hard_extinction,0.0,True,False,0.0
Col,1.9306977288832496,off,no_extinction_control,0.0,True,False,0.0
Col,1.9306977288832496,on,hard_extinction,3.6726107871531966e-07,False,False,0.0
Col,1.9306977288832496,on,no_extinction_control,1.47355050502716,False,False,0.00021384237421218089
Col,2.1209508879201904,off,hard_extinction,0.0,True,False,0.0
Col,2.1209508879201904,off,no_extinction_control,0.0,True,False,0.0
Col,2.1209508879201904,on,hard_extinction,4.007905118896815e-14,False,False,0.0
Col,2.1209508879201904,on,no_extinction_control,1.525902462494412,False,False,2.5768985543184186e-05
Col,2.329951810515372,off,hard_extinction,0.0,True,False,0.0
Col,2.329951810515372,off,no_extinction_control,0.0,True,False,0.0
Col,2.329951810515372,on,hard_extinction,1.6653345369377348e-16,True,False,0.0
Col,2.329951810515372,on,no_extinction_control,1.5599594898876532,False,False,3.6227446371661642e-06
Col,2.5595479226995357,off,hard_extinction,0.0,True,False,0.0
Col,2.5595479226995357,off,no_extinction_control,0.0,True,False,0.0
Col,2.5595479226995357,on,hard_extinction,0.0,True,False,0.0
Col,2.5595479226995357,on,no_extinction_control,1.5815767338560756,False,False,5.926972823644405e-07
Col,2.811768697974228,off,hard_extinction,0.0,True,False,0.0
Col,2.811768697974228,off,no_extinction_control,0.0,True,False,0.0
Col,2.811768697974228,on,hard_extinction,0.0,True,False,0.0
Col,2.811768697974228,on,no_extinction_control,1.5936752305869497,False,False,1.1197383642524983e-07
Col,3.0888435964774787,off,hard_extinction,0.0,True,False,0.0
Col,3.0888435964774787,off,no_extinction_control,0.0,True,False,0.0
Col,3.0888435964774787,on,hard_extinction,0.0,True,False,0.0
Col,3.0888435964774787,on,no_extinction_control,1.596931456537181,False,False,2.4210224713883122e-08
Col,3.3932217718953264,off,hard_extinction,0.0,True,False,0.0
Col,3.3932217718953264,off,no_extinction_control,0.0,True,False,0.0
Col,3.3932217718953264,on,hard_extinction,0.0,True,False,0.0
Col,3.3932217718953264,on,no_extinction_control,1.587497457178463,False,False,5.937935920741211e-09
Col,3.727593720314938,off,hard_extinction,0.0,True,False,0.0
Col,3.727593720314938,off,no_extinction_control,0.0,True,False,0.0
Col,3.727593720314938,on,hard_extinction,0.0,True,False,0.0
Col,3.727593720314938,on,no_extinction_control,1.5507627395014545,False,False,1.6379957390455502e-09
Col,4.094915062380423,off,hard_extinction,0.0,True,False,0.0
Col,4.094915062380423,off,no_extinction_control,0.0,True,False,0.0
Col,4.094915062380423,on,hard_extinction,0.0,True,False,0.0
Col,4.094915062380423,on,no_extinction_control,1.455670185461159,False,False,5.039813011364913e-10
Col,4.498432668969444,off,hard_extinction,0.0,True,False,0.0
Col,4.498432668969444,off,no_extinction_control,0.0,True,False,0.0
Col,4.498432668969444,on,hard_extinction,0.0,True,False,0.0
Col,4.498432668969444,on,no_extinction_control,1.2721828042548164,False,False,1.7155898923704171e-10
Col,4.941713361323833,off,hard_extinction,0.0,True,False,0.0
Col,4.941713361323833,off,no_extinction_control,0.0,True,False,0.0
Col,4.941713361323833,on,hard_extinction,0.0,True,False,0.0
Col,4.941713361323833,on,no_extinction_control,1.0140827229481228,False,False,6.410716402172056e-11
Col,5.428675439323859,off,hard_extinction,0.0,True,False,0.0
Col,5.428675439323859,off,no_extinction_control,0.0,True,False,0.0
Col,5.428675439323859,on,hard_extinction,0.0,True,False,0.0
Col,5.428675439323859,on,no_extinction_control,0.7365177628925679,False,False,2.610001104130788e-11
Col,5.963623316594643,off,hard_extinction,0.0,True,False,0.0
Col,5.963623316594643,off,no_extinction_control,0.0,True,False,0.0
Col,5.963623316594643,on,hard_extinction,0.0,True,False,0.0
Col,5.963623316594643,on,no_extinction_control,0.4915801918395193,False,False,1.1495915330783646e-11
Col,6.551285568595502,off,hard_extinction,0.0,True,False,0.0
Col,6.551285568595502,off,no_extinction_control,0.0,True,False,0.0
Col,6.551285568595502,on,hard_extinction,0.0,True,False,0.0
Col,6.551285568595502,on,no_extinction_control,0.3066059016471705,False,False,5.442091222107592e-12
Col,7.196856730011514,off,hard_extinction,0.0,True,False,0.0
Col,7.196856730011514,off,no_extinction_control,0.0,True,False,0.0
Col,7.196856730011514,on,hard_extinction,0.0,True,False,0.0
Col,7.196856730011514,on,no_extinction_control,0.18358956983074215,False,False,2.751798788835913e-12
Col,7.9060432109076935,off,hard_extinction,0.0,True,False,0.0
Col,7.9060432109076935,off,no_extinction_control,0.0,True,False,0.0
Col,7.9060432109076935,on,hard_extinction,0.0,True,False,0.0
Col,7.9060432109076935,on,no_extinction_control,0.10874210561552644,False,False,1.4781509349859334e-12
Col,8.68511373751352,off,hard_extinction,0.0,True,False,0.0
Col,8.68511373751352,off,no_extinction_control,0.0,True,False,0.0
Col,8.68511373751352,on,hard_extinction,0.0,True,False,0.0
Col,8.68511373751352,on,no_extinction_control,0.06521962357950883,False,False,8.386624728018433e-13
Col,9.540954763499935,off,hard_extinction,0.0,True,False,0.0
Col,9.540954763499935,off,no_extinction_control,0.0,True,False,0.0
Col,9.540954763499935,on,hard_extinction,0.0,True,False,0.0
Col,9.540954763499935,on,no_extinction_control,0.040159304364893345,False,False,5.004885395010206e-13
Col,10.481131341546853,off,hard_extinction,0.0,True,False,0.0
Col,10.481131341546853,off,no_extinction_control,0.0,True,False,0.0
Col,10.481131341546853,on,hard_extinction,0.0,True,False,0.0
Col,10.481131341546853,on,no_extinction_control,0.025549075189815085,False,False,3.1241675912951905e-13
Col,11.513953993264469,off,hard_extinction,0.0,True,False,0.0
Col,11.513953993264469,off,no_extinction_control,0.0,True,False,0.0
Col,11.513953993264469,on,hard_extinction,0.0,True,False,0.0
Col,11.513953993264469,on,no_extinction_control,0.016824793410314953,False,False,2.036149027162537e-13
Col,12.648552168552959,off,hard_extinction,0.0,True,False,0.0
Col,12.648552168552959,off,no_extinction_control,0.0,True,False,0.0
Col,12.648552168552959,on,hard_extinction,0.0,True,False,0.0
Col,12.648552168552959,on,no_extinction_control,0.011462810205564722,False,False,1.3788969965844444e-13
Col,13.894954943731374,off,hard_extinction,0.0,True,False,0.0
Col,13.894954943731374,off,no_extinction_control,0.0,True,False,0.0
Col,13.894954943731374,on,hard_extinction,0.0,True,False,0.0
Col,13.894954943731374,on,no_extinction_control,0.008066614306496689,False,False,9.658940314238862e-14
Col,15.264179671752318,off,hard_extinction,0.0,True,False,0.0
Col,15.264179671752318,off,no_extinction_control,0.0,True,False,0.0
Col,15.264179671752318,on,hard_extinction,0.0,True,False,0.0
Col,15.264179671752318,on,no_extinction_control,0.005851066394930271,False,False,6.994405055138486e-14
Col,16.768329368110066,off,hard_extinction,0.0,True,False,0.0
Col,16.768329368110066,off,no_extinction_control,0.0,True,False,0.0
Col,16.768329368110066,on,hard_extinction,0.0,True,False,0.0
Col,16.768329368110066,on,no_extinction_control,0.004364585584063718,False,False,5.1958437552457326e-14
Col,18.420699693267146,off,hard_extinction,0.0,True,False,0.0
Col,18.420699693267146,off,no_extinction_control,0.0,True,False,0.0
Col,18.420699693267146,on,hard_extinction,0.0,True,False,0.0
Col,18.420699693267146,on,no_extinction_control,0.003340743682526792,False,False,3.9968028886505635e-14
Col,20.235896477251554,off,hard_extinction,0.0,True,False,0.0
Col,20.235896477251554,off,no_extinction_control,0.0,True,False,0.0
Col,20.235896477251554,on,hard_extinction,0.0,True,False,0.0
Col,20.235896477251554,on,no_extinction_control,0.002618211930293768,False,False,3.108624468950438e-14
Col,22.229964825261934,off,hard_extinction,0.0,True,False,0.0
Col,22.229964825261934,off,no_extinction_control,0.0,True,False,0.0
Col,22.229964825261934,on,hard_extinction,0.0,True,False,0.0
Col,22.229964825261934,on,no_extinction_control,0.002096785683473712,False,False,2.4868995751603507e-14
Col,24.420530945486497,off,hard_extinction,0.0,True,False,0.0
Col,24.420530945486497,off,no_extinction_control,0.0,True,False,0.0
Col,24.420530945486497,on,hard_extinction,0.0,True,False,0.0
Col,24.420530945486497,on,no_extinction_control,0.001712692161399687,False,False,2.020605904817785e-14
Col,26.826957952797247,off,hard_extinction,0.0,True,False,0.0
Col,26.826957952797247,off,no_extinction_control,0.0,True,False,0.0
Col,26.826957952797247,on,hard_extinction,0.0,True,False,0.0
Col,26.826957952797247,on,no_extinction_control,0.0014243996644083268,False,False,1.687538997430238e-14
Col,29.4705170255181,off,hard_extinction,0.0,True,False,0.0
Col,29.4705170255181,off,no_extinction_control,0.0,True,False,0.0
Col,29.4705170255181,on,hard_extinction,0.0,True,False,0.0
Col,29.4705170255181,on,no_extinction_control,0.0012042697674381486,False,False,1.4210854715202004e-14
Col,32.374575428176435,off,hard_extinction,0.0,True,False,0.0
Col,32.374575428176435,off,no_extinction_control,0.0,True,False,0.0
Col,32.374575428176435,on,hard_extinction,0.0,True,False,0.0
Col,32.374575428176435,on,no_extinction_control,0.0010335338674636319,False,False,1.2434497875801753e-14
Col,35.56480306223125,off,hard_extinction,0.0,True,False,0.0
Col,35.56480306223125,off,no_extinction_control,0.0,True,False,0.0
Col,35.56480306223125,on,hard_extinction,0.0,True,False,0.0
Col,35.56480306223125,on,no_extinction_control,0.0008992036166493023,False,False,1.0880185641326534e-14
Col,39.06939937054613,off,hard_extinction,0.0,True,False,0.0
Col,39.06939937054613,off,no_extinction_control,0.0,True,False,0.0
Col,39.06939937054613,on,hard_extinction,0.0,True,False,0.0
Col,39.06939937054613,on,no_extinction_control,0.0007921309526270903,False,False,9.547918011776346e-15
Col,42.91934260128774,off,hard_extinction,0.0,True,False,0.0
Col,42.91934260128774,off,no_extinction_control,0.0,True,False,0.0
Col,42.91934260128774,on,hard_extinction,0.0,True,False,0.0
Col,42.91934260128774,on,no_extinction_control,0.0007057658478686335,False,False,8.43769498715119e-15
Col,47.1486636345739,off,hard_extinction,0.0,True,False,0.0
Col,47.1486636345739,off,no_extinction_control,0.0,True,False,0.0
Col,47.1486636345739,on,hard_extinction,0.0,True,False,0.0
Col,47.1486636345739,on,no_extinction_control,0.0006353459884564927,False,False,7.549516567451064e-15
Col,51.794746792312075,off,hard_extinction,0.0,True,False,0.0
Col,51.794746792312075,off,no_extinction_control,0.0,True,False,0.0
Col,51.794746792312075,on,hard_extinction,0.0,True,False,0.0
Col,51.794746792312075,on,no_extinction_control,0.0005773589123645451,False,False,6.8833827526759706e-15
Col,56.89866029018293,off,hard_extinction,0.0,True,False,0.0
Col,56.89866029018293,off,no_extinction_control,0.0,True,False,0.0
Col,56.89866029018293,on,hard_extinction,0.0,True,False,0.0
Col,56.89866029018293,on,no_extinction_control,0.0005291790962100862,False,False,6.439293542825908e-15
Col,62.505519252739695,off,hard_extinction,0.0,True,False,0.0
Col,62.505519252739695,off,no_extinction_control,0.0,True,False,0.0
Col,62.505519252739695,on,hard_extinction,0.0,True,False,0.0
Col,62.505519252739695,on,no_extinction_control,0.0004888192803118585,False,False,5.773159728050814e-15
Col,68.66488450042998,off,hard_extinction,0.0,True,False,0.0
Col,68.66488450042998,off,no_extinction_control,0.0,True,False,0.0
Col,68.66488450042998,on,hard_extinction,0.0,True,False,0.0
Col,68.66488450042998,on,no_extinction_control,0.00045475758175150816,False,False,5.551115123125783e-15
Col,75.43120063354615,off,hard_extinction,0.0,True,False,0.0
Col,75.43120063354615,off,no_extinction_control,0.0,True,False,0.0
Col,75.43120063354615,on,hard_extinction,0.0,True,False,0.0
Col,75.43120063354615,on,no_extinction_control,0.00042581564501453784,False,False,4.884981308350689e-15
Col,82.86427728546842,off,hard_extinction,0.0,True,False,0.0
Col,82.86427728546842,off,no_extinction_control,0.0,True,False,0.0
Col,82.86427728546842,on,hard_extinction,0.0,True,False,0.0
Col,82.86427728546842,on,no_extinction_control,0.00040107165192537764,False,False,4.6629367034256575e-15
Col,91.02981779915208,off,hard_extinction,0.0,True,False,0.0
Col,91.02981779915208,off,no_extinction_control,0.0,True,False,0.0
Col,91.02981779915208,on,hard_extinction,0.0,True,False,0.0
Col,91.02981779915208,on,no_extinction_control,0.0003797974607984145,False,False,4.440892098500626e-15
Col,100.0,off,hard_extinction,0.0,True,False,0.0
Col,100.0,off,no_extinction_control,0.0,True,False,0.0
Col,100.0,on,hard_extinction,0.0,True,False,0.0
Col,100.0,on,no_extinction_control,0.00036141265948153034,False,False,4.440892098500626e-15
Cs,0.0,off,hard_extinction,1.1614779237500983e-05,False,False,1.2326643865565035e-06
Cs,0.0,off,no_extinction_control,1.1614779237500983e-05,False,False,1.2326643865565035e-06
Cs,0.0,on,hard_extinction,1.2933150387528514e-05,False,False,1.3603517593357983e-06
Cs,0.0,on,no_extinction_control,1.2933150387528514e-05,False,False,1.3603517593357983e-06
Cs,0.01,off,hard_extinction,3.3795020670801534e-07,True,False,4.573701426618948e-08
Cs,0.01,off,no_extinction_control,3.3795020670801534e-07,True,False,4.573701426618948e-08
Cs,0.01,on,hard_extinction,4.228804588723989e-07,True,False,5.656556217176201e-08
Cs,0.01,on,no_extinction_control,4.228804588723989e-07,True,False,5.656556217176201e-08
Cs,0.010985411419875584,off,hard_extinction,2.3824475747780127e-07,True,False,3.284523766855507e-08
Cs,0.010985411419875584,off,no_extinction_control,2.3824475747780127e-07,True,False,3.284523766855507e-08
Cs,0.010985411419875584,on,hard_extinction,3.0151316154913843e-07,True,False,4.1079649397424145e-08
Cs,0.010985411419875584,on,no_extinction_control,3.0151316154913843e-07,True,False,4.1079649397424145e-08
Cs,0.012067926406393288,off,hard_extinction,1.6228846333454783e-07,True,False,2.2813579983460563e-08
Cs,0.012067926406393288,off,no_extinction_control,1.6228846333454783e-07,True,False,2.2813579983460563e-08
Cs,0.012067926406393288,on,hard_extinction,2.0794551836011976e-07,True,False,2.8885706722381332e-08
Cs,0.012067926406393288,on,no_extinction_control,2.0794551836011976e-07,True,False,2.8885706722381332e-08
Cs,0.013257113655901088,off,hard_extinction,1.064689314489442e-07,True,False,1.5275735426589776e-08
Cs,0.013257113655901088,off,no_extinction_control,1.064689314489442e-07,True,False,1.5275735426589776e-08
Cs,0.013257113655901088,on,hard_extinction,1.382813867856214e-07,True,False,1.96034372901277e-08
Cs,0.013257113655901088,on,no_extinction_control,1.382813867856214e-07,True,False,1.96034372901277e-08
Cs,0.014563484775012436,off,hard_extinction,6.70318240914014e-08,True,False,9.825161906285018e-09
Cs,0.014563484775012436,off,no_extinction_control,6.70318240914014e-08,True,False,9.825161906285018e-09
Cs,0.014563484775012436,on,hard_extinction,8.835726772460362e-08,True,False,1.2795536130649765e-08
Cs,0.014563484775012436,on,no_extinction_control,8.835726772460362e-08,True,False,1.2795536130649765e-08
Cs,0.015998587196060583,off,hard_extinction,4.0344007690151784e-08,True,False,6.046548359228687e-09
Cs,0.015998587196060583,off,no_extinction_control,4.0344007690151784e-08,True,False,6.046548359228687e-09
Cs,0.015998587196060583,on,hard_extinction,5.404388137009164e-08,True,False,8.002187565359087e-09
Cs,0.015998587196060583,on,no_extinction_control,5.404388137009164e-08,True,False,8.002187565359087e-09
Cs,0.017575106248547922,off,hard_extinction,2.3114698599613348e-08,True,False,3.5453250613048937e-09
Cs,0.017575106248547922,off,no_extinction_control,2.3114698599613348e-08,True,False,3.5453250613048937e-09
Cs,0.017575106248547922,on,hard_extinction,3.151343452856281e-08,True,False,4.775101619669542e-09
Cs,0.017575106248547922,on,no_extinction_control,3.151343452856281e-08,True,False,4.775101619669542e-09
Cs,0.019306977288832496,off,hard_extinction,1.2549492334201773e-08,True,False,1.971408689072085e-09
Cs,0.019306977288832496,off,no_extinction_control,1.2549492334201773e-08,True,False,1.971408689072085e-09
Cs,0.019306977288832496,on,hard_extinction,1.744040223350396e-08,True,False,2.70658694068171e-09
Cs,0.019306977288832496,on,no_extinction_control,1.744040223350396e-08,True,False,2.70658694068171e-09
Cs,0.021209508879201904,off,hard_extinction,6.424688114847754e-09,True,False,1.0344202577838857e-09
Cs,0.021209508879201904,off,no_extinction_control,6.424688114847754e-09,True,False,1.0344202577838857e-09
Cs,0.021209508879201904,on,hard_extinction,9.116731369829267e-09,True,False,1.4501294054447555e-09
Cs,0.021209508879201904,on,no_extinction_control,9.116731369829267e-09,True,False,1.4501294054447555e-09
Cs,0.023299518105153717,off,hard_extinction,3.085111721645717e-09,True,False,5.094309141195907e-10
Cs,0.023299518105153717,off,no_extinction_control,3.085111721645717e-09,True,False,5.094309141195907e-10
Cs,0.023299518105153717,on,hard_extinction,4.4781185426501224e-09,True,False,7.305555882464176e-10
Cs,0.023299518105153717,on,no_extinction_control,4.4781185426501224e-09,True,False,7.305555882464176e-10
Cs,0.025595479226995357,off,hard_extinction,1.381818659496048e-09,True,False,2.341359328639214e-10
Cs,0.025595479226995357,off,no_extinction_control,1.381818659496048e-09,True,False,2.341359328639214e-10
Cs,0.025595479226995357,on,hard_extinction,2.0555721569337493e-09,True,False,3.4413386029719106e-10
Cs,0.025595479226995357,on,no_extinction_control,2.0555721569337493e-09,True,False,3.4413386029719106e-10
Cs,0.028117686979742307,off,hard_extinction,5.73934899605888e-10,True,False,9.983185111916981e-11
Cs,0.028117686979742307,off,no_extinction_control,5.73934899605888e-10,True,False,9.983185111916981e-11
Cs,0.028117686979742307,on,hard_extinction,8.76690275930514e-10,True,False,1.5068837844189886e-10
Cs,0.028117686979742307,on,no_extinction_control,8.76690275930514e-10,True,False,1.5068837844189886e-10
Cs,0.030888435964774818,off,hard_extinction,2.1975288255760006e-10,True,False,3.92528093362543e-11
Cs,0.030888435964774818,off,no_extinction_control,2.1975288255760006e-10,True,False,3.92528093362543e-11
Cs,0.030888435964774818,on,hard_extinction,3.4534841653055537e-10,True,False,6.09656353178778e-11
Cs,0.030888435964774818,on,no_extinction_control,3.4534841653055537e-10,True,False,6.09656353178778e-11
Cs,0.03393221771895328,off,hard_extinction,7.71278596545244e-11,True,False,1.415036143814774e-11
Cs,0.03393221771895328,off,no_extinction_control,7.71278596545244e-11,True,False,1.415036143814774e-11
Cs,0.03393221771895328,on,hard_extinction,1.2492518131068664e-10,True,False,2.265505838483506e-11
Cs,0.03393221771895328,on,no_extinction_control,1.2492518131068664e-10,True,False,2.265505838483506e-11
Cs,0.0372759372031494,off,hard_extinction,2.4689805755429006e-11,True,False,4.653000207355262e-12
Cs,0.0372759372031494,off,no_extinction_control,2.4689805755429006e-11,True,False,4.653000207355262e-12
Cs,0.0372759372031494,on,hard_extinction,4.127453934188452e-11,True,False,7.690487136002844e-12
Cs,0.0372759372031494,on,no_extinction_control,4.127453934188452e-11,True,False,7.690487136002844e-12
Cs,0.040949150623804234,off,hard_extinction,7.1875838614232634e-12,True,False,1.3909845497650508e-12
Cs,0.040949150623804234,off,no_extinction_control,7.1875838614232634e-12,True,False,1.3909845497650508e-12
Cs,0.040949150623804234,on,hard_extinction,1.2398082560594048e-11,True,False,2.3735319265583144e-12
Cs,0.040949150623804234,on,no_extinction_control,1.2398082560594048e-11,True,False,2.3735319265583144e-12
Cs,0.04498432668969444,off,hard_extinction,1.8973711490843925e-12,True,False,3.7722602819201256e-13
Cs,0.04498432668969444,off,no_extinction_control,1.8973711490843925e-12,True,False,3.7722602819201256e-13
Cs,0.04498432668969444,on,hard_extinction,3.3866243143165775e-12,True,False,6.659117701701689e-13
Cs,0.04498432668969444,on,no_extinction_control,3.3866243143165775e-12,True,False,6.659117701701689e-13
Cs,0.04941713361323833,off,hard_extinction,4.600764214046649e-13,True,False,9.38832345198648e-14
Cs,0.04941713361323833,off,no_extinction_control,4.600764214046649e-13,True,False,9.38832345198648e-14
Cs,0.04941713361323833,on,hard_extinction,8.402167850363185e-13,True,False,1.695310558602614e-13
Cs,0.04941713361323833,on,no_extinction_control,8.402167850363185e-13,True,False,1.695310558602614e-13
Cs,0.054286754393238594,off,hard_extinction,1.0147438445073931e-13,True,False,2.1246893133763933e-14
Cs,0.054286754393238594,off,no_extinction_control,1.0147438445073931e-13,True,False,2.1246893133763933e-14
Cs,0.054286754393238594,on,hard_extinction,1.9184653865522705e-13,True,False,3.966271755473372e-14
Cs,0.054286754393238594,on,no_extinction_control,1.9184653865522705e-13,True,False,3.966271755473372e-14
Cs,0.05963623316594643,off,hard_extinction,2.1538326677728037e-14,True,False,4.6629367034256575e-15
Cs,0.05963623316594643,off,no_extinction_control,2.1538326677728037e-14,True,False,4.6629367034256575e-15
Cs,0.05963623316594643,on,hard_extinction,4.0190073491430667e-14,True,False,8.520961713998076e-15
Cs,0.05963623316594643,on,no_extinction_control,4.0190073491430667e-14,True,False,8.520961713998076e-15
Cs,0.0655128556859551,off,hard_extinction,2.4424906541753444e-15,True,False,5.412337245047638e-16
Cs,0.0655128556859551,off,no_extinction_control,2.4424906541753444e-15,True,False,5.412337245047638e-16
Cs,0.0655128556859551,on,hard_extinction,7.771561172376096e-15,True,False,1.7208456881689926e-15
Cs,0.0655128556859551,on,no_extinction_control,7.771561172376096e-15,True,False,1.7208456881689926e-15
Cs,0.07196856730011521,off,hard_extinction,4.440892098500626e-16,True,False,1.3877787807814457e-16
Cs,0.07196856730011521,off,no_extinction_control,4.440892098500626e-16,True,False,1.3877787807814457e-16
Cs,0.07196856730011521,on,hard_extinction,1.9984014443252818e-15,True,False,4.718447854656915e-16
Cs,0.07196856730011521,on,no_extinction_control,1.9984014443252818e-15,True,False,4.718447854656915e-16
Cs,0.07906043210907697,off,hard_extinction,2.220446049250313e-16,True,False,5.551115123125783e-17
Cs,0.07906043210907697,off,no_extinction_control,2.220446049250313e-16,True,False,5.551115123125783e-17
Cs,0.07906043210907697,on,hard_extinction,2.220446049250313e-16,True,False,4.163336342344337e-17
Cs,0.07906043210907697,on,no_extinction_control,2.220446049250313e-16,True,False,4.163336342344337e-17
Cs,0.08685113737513525,off,hard_extinction,0.0,True,False,0.0
Cs,0.08685113737513525,off,no_extinction_control,0.0,True,False,0.0
Cs,0.08685113737513525,on,hard_extinction,0.0,True,False,1.3877787807814457e-17
Cs,0.08685113737513525,on,no_extinction_control,0.0,True,False,1.3877787807814457e-17
Cs,0.09540954763499938,off,hard_extinction,0.0,True,False,4.163336342344337e-17
Cs,0.09540954763499938,off,no_extinction_control,0.0,True,False,4.163336342344337e-17
Cs,0.09540954763499938,on,hard_extinction,2.220446049250313e-16,True,False,8.326672684688674e-17
Cs,0.09540954763499938,on,no_extinction_control,2.220446049250313e-16,True,False,8.326672684688674e-17
Cs,0.10481131341546858,off,hard_extinction,0.0,True,False,0.0
Cs,0.10481131341546858,off,no_extinction_control,0.0,True,False,0.0
Cs,0.10481131341546858,on,hard_extinction,0.0,True,False,0.0
Cs,0.10481131341546858,on,no_extinction_control,0.0,True,False,0.0
Cs,0.1151395399326447,off,hard_extinction,2.220446049250313e-16,True,False,8.326672684688674e-17
Cs,0.1151395399326447,off,no_extinction_control,2.220446049250313e-16,True,False,8.326672684688674e-17
Cs,0.1151395399326447,on,hard_extinction,4.440892098500626e-16,True,False,1.1102230246251565e-16
Cs,0.1151395399326447,on,no_extinction_control,4.440892098500626e-16,True,False,1.1102230246251565e-16
Cs,0.12648552168552957,off,hard_extinction,1.7763568394002505e-15,True,False,4.718447854656915e-16
Cs,0.12648552168552957,off,no_extinction_control,1.7763568394002505e-15,True,False,4.718447854656915e-16
Cs,0.12648552168552957,on,hard_extinction,6.661338147750939e-16,True,False,1.5265566588595902e-16
Cs,0.12648552168552957,on,no_extinction_control,6.661338147750939e-16,True,False,1.5265566588595902e-16
Cs,0.13894954943731375,off,hard_extinction,4.418687638008123e-14,True,False,1.2989609388114332e-14
Cs,0.13894954943731375,off,no_extinction_control,4.418687638008123e-14,True,False,1.2989609388114332e-14
Cs,0.13894954943731375,on,hard_extinction,1.176836406102666e-14,True,False,3.3861802251067274e-15
Cs,0.13894954943731375,on,no_extinction_control,1.176836406102666e-14,True,False,3.3861802251067274e-15
Cs,0.15264179671752334,off,hard_extinction,4.963807143099075e-12,True,False,1.534133931002657e-12
Cs,0.15264179671752334,off,no_extinction_control,4.963807143099075e-12,True,False,1.534133931002657e-12
Cs,0.15264179671752334,on,hard_extinction,8.928413564035509e-13,True,False,2.692845946228317e-13
Cs,0.15264179671752334,on,no_extinction_control,8.928413564035509e-13,True,False,2.692845946228317e-13
Cs,0.16768329368110074,off,hard_extinction,1.4784287127866946e-09,True,False,5.015401705055211e-10
Cs,0.16768329368110074,off,no_extinction_control,1.4784287127866946e-09,True,False,5.015401705055211e-10
Cs,0.16768329368110074,on,hard_extinction,1.9239365656176233e-10,True,False,6.291142606862365e-11
Cs,0.16768329368110074,on,no_extinction_control,1.9239365656176233e-10,True,False,6.291142606862365e-11
Cs,0.18420699693267154,off,hard_extinction,9.090443087167444e-07,False,False,3.5855879040869176e-07
Cs,0.18420699693267154,off,no_extinction_control,9.090443087167444e-07,False,False,3.5855879040869176e-07
Cs,0.18420699693267154,on,hard_extinction,9.535779765812435e-08,True,False,3.53669599439943e-08
Cs,0.18420699693267154,on,no_extinction_control,9.535779765812435e-08,True,False,3.53669599439943e-08
Cs,0.20235896477251566,off,hard_extinction,0.0007531295424392237,False,False,0.0003931895846274458
Cs,0.20235896477251566,off,no_extinction_control,0.0007531295424392237,False,False,0.0003931895846274458
Cs,0.20235896477251566,on,hard_extinction,7.547097863924712e-05,False,False,3.494452760133271e-05
Cs,0.20235896477251566,on,no_extinction_control,7.547097863924712e-05,False,False,3.494452760133271e-05
Cs,0.22229964825261944,off,hard_extinction,0.2573903366564011,False,False,0.34737006398783044
Cs,0.22229964825261944,off,no_extinction_control,0.2573903366564011,False,False,0.34737006398783044
Cs,0.22229964825261944,on,hard_extinction,0.047994722953250246,False,False,0.037339805745374044
Cs,0.22229964825261944,on,no_extinction_control,0.047994722953250246,False,False,0.037339805745374044
Cs,0.2442053094548651,off,hard_extinction,2.8038190219061665,False,False,0.38452675437942774
Cs,0.2442053094548651,off,no_extinction_control,2.8038190219061665,False,False,0.38452675437942774
Cs,0.2442053094548651,on,hard_extinction,1.7672131403485158,False,False,0.9845749992290715
Cs,0.2442053094548651,on,no_extinction_control,1.7672131403485158,False,False,0.9845749992290715
Cs,0.2682695795279725,off,hard_extinction,8.022969879968702,False,True,0.000546112689364664
Cs,0.2682695795279725,off,no_extinction_control,3.727091788547862,False,True,0.0005460103189449672
Cs,0.2682695795279725,on,hard_extinction,9.215313338426888,False,True,0.008502343621366926
Cs,0.2682695795279725,on,no_extinction_control,3.452812174903193,False,True,0.00849934571027755
Cs,0.29470517025518095,off,hard_extinction,0.0,True,False,0.0
Cs,0.29470517025518095,off,no_extinction_control,3.8899357157175825,False,False,3.2463534282989315e-07
Cs,0.29470517025518095,on,hard_extinction,2.7755575615628914e-16,True,False,0.0
Cs,0.29470517025518095,on,no_extinction_control,3.7768216061273803,False,False,6.451381000527334e-06
Cs,0.32374575428176433,off,hard_extinction,0.0,True,False,0.0
Cs,0.32374575428176433,off,no_extinction_control,1.733833474290968,False,False,2.7686031245366394e-10
Cs,0.32374575428176433,on,hard_extinction,0.0,True,False,0.0
Cs,0.32374575428176433,on,no_extinction_control,3.0037764735006647,False,False,5.996215968195884e-09
Cs,0.35564803062231287,off,hard_extinction,0.0,True,False,0.0
Cs,0.35564803062231287,off,no_extinction_control,0.031108696061339813,False,False,3.8480330033507926e-13
Cs,0.35564803062231287,on,hard_extinction,0.0,True,False,0.0
Cs,0.35564803062231287,on,no_extinction_control,0.4292173931858727,False,False,8.738343382219682e-12
Cs,0.3906939937054615,off,hard_extinction,0.0,True,False,0.0
Cs,0.3906939937054615,off,no_extinction_control,7.396138869530944e-05,False,False,8.881784197001252e-16
Cs,0.3906939937054615,on,hard_extinction,0.0,True,False,0.0
Cs,0.3906939937054615,on,no_extinction_control,0.0017295819386955458,False,False,2.0650148258027912e-14
Cs,0.42919342601287763,off,hard_extinction,0.0,True,False,0.0
Cs,0.42919342601287763,off,no_extinction_control,2.759505566274356e-07,False,False,0.0
Cs,0.42919342601287763,on,hard_extinction,0.0,True,False,0.0
Cs,0.42919342601287763,on,no_extinction_control,6.599884670777101e-06,False,False,0.0
Cs,0.47148663634573923,off,hard_extinction,0.0,True,False,0.0
Cs,0.47148663634573923,off,no_extinction_control,1.6333601138285303e-09,True,False,0.0
Cs,0.47148663634573923,on,hard_extinction,0.0,True,False,0.0
Cs,0.47148663634573923,on,no_extinction_control,3.960996686203089e-08,True,False,0.0
Cs,0.517947467923121,off,hard_extinction,0.0,True,False,0.0
Cs,0.517947467923121,off,no_extinction_control,1.48983048120499e-11,True,False,0.0
Cs,0.517947467923121,on,hard_extinction,0.0,True,False,0.0
Cs,0.517947467923121,on,no_extinction_control,3.646807300583532e-10,True,False,0.0
Cs,0.5689866029018296,off,hard_extinction,0.0,True,False,0.0
Cs,0.5689866029018296,off,no_extinction_control,2.0250467969162855e-13,True,False,0.0
Cs,0.5689866029018296,on,hard_extinction,0.0,True,False,0.0
Cs,0.5689866029018296,on,no_extinction_control,5.002220859751105e-12,True,False,0.0
Cs,0.6250551925273969,off,hard_extinction,0.0,True,False,0.0
Cs,0.6250551925273969,off,no_extinction_control,3.552713678800501e-15,True,False,0.0
Cs,0.6250551925273969,on,hard_extinction,0.0,True,False,0.0
Cs,0.6250551925273969,on,no_extinction_control,9.947598300641403e-14,True,False,0.0
Cs,0.6866488450042998,off,hard_extinction,0.0,True,False,0.0
Cs,0.6866488450042998,off,no_extinction_control,0.0,True,False,0.0
Cs,0.6866488450042998,on,hard_extinction,0.0,True,False,0.0
Cs,0.6866488450042998,on,no_extinction_control,3.552713678800501e-15,True,False,0.0
Cs,0.7543120063354615,off,hard_extinction,0.0,True,False,0.0
Cs,0.7543120063354615,off,no_extinction_control,0.0,True,False,0.0
Cs,0.7543120063354615,on,hard_extinction,0.0,True,False,0.0
Cs,0.7543120063354615,on,no_extinction_control,0.0,True,False,0.0
Cs,0.8286427728546842,off,hard_extinction,0.0,True,False,0.0
Cs,0.8286427728546842,off,no_extinction_control,0.0,True,False,0.0
Cs,0.8286427728546842,on,hard_extinction,0.0,True,False,0.0
Cs,0.8286427728546842,on,no_extinction_control,0.0,True,False,0.0
Cs,0.9102981779915218,off,hard_extinction,0.0,True,False,0.0
Cs,0.9102981779915218,off,no_extinction_control,0.0,True,False,0.0
Cs,0.9102981779915218,on,hard_extinction,0.0,True,False,0.0
Cs,0.9102981779915218,on,no_extinction_control,0.0,True,False,0.0
Cs,0.9999999999999994,off,hard_extinction,0.0,True,False,0.0
Cs,0.9999999999999994,off,no_extinction_control,0.0,True,False,0.0
Cs,0.9999999999999994,on,hard_extinction,0.0,True,False,0.0
Cs,0.9999999999999994,on,no_extinction_control,0.0,True,False,0.0
Cs,1.0985411419875584,off,hard_extinction,0.0,True,False,0.0
Cs,1.0985411419875584,off,no_extinction_control,0.0,True,False,0.0
Cs,1.0985411419875584,on,hard_extinction,0.0,True,False,0.0
Cs,1.0985411419875584,on,no_extinction_control,0.0,True,False,0.0
Cs,1.2067926406393277,off,hard_extinction,0.0,True,False,0.0
Cs,1.2067926406393277,off,no_extinction_control,0.0,True,False,0.0
Cs,1.2067926406393277,on,hard_extinction,0.0,True,False,0.0
Cs,1.2067926406393277,on,no_extinction_control,0.0,True,False,0.0
Cs,1.325711365590108,off,hard_extinction,0.0,True,False,0.0
Cs,1.325711365590108,off,no_extinction_control,0.0,True,False,0.0
Cs,1.325711365590108,on,hard_extinction,0.0,True,False,0.0
Cs,1.325711365590108,on,no_extinction_control,0.0,True,False,0.0
Cs,1.456348477501243,off,hard_extinction,0.0,True,False,0.0
Cs,1.456348477501243,off,no_extinction_control,0.0,True,False,0.0
Cs,1.456348477501243,on,hard_extinction,0.0,True,False,0.0
Cs,1.456348477501243,on,no_extinction_control,0.0,True,False,0.0
Cs,1.5998587196060574,off,hard_extinction,0.0,True,False,0.0
Cs,1.5998587196060574,off,no_extinction_control,0.0,True,False,0.0
Cs,1.5998587196060574,on,hard_extinction,0.0,True,False,0.0
Cs,1.5998587196060574,on,no_extinction_control,0.0,True,False,0.0
Cs,1.7575106248547911,off,hard_extinction,0.0,True,False,0.0
Cs,1.7575106248547911,off,no_extinction_control,0.0,True,False,0.0
Cs,1.7575106248547911,on,hard_extinction,0.0,True,False,0.0
Cs,1.7575106248547911,on,no_extinction_control,0.0,True,False,0.0
Cs,1.9306977288832496,off,hard_extinction,0.0,True,False,0.0
Cs,1.9306977288832496,off,no_extinction_control,0.0,True,False,0.0
Cs,1.9306977288832496,on,hard_extinction,0.0,True,False,0.0
Cs,1.9306977288832496,on,no_extinction_control,0.0,True,False,0.0
Cs,2.1209508879201904,off,hard_extinction,0.0,True,False,0.0
Cs,2.1209508879201904,off,no_extinction_control,0.0,True,False,0.0
Cs,2.1209508879201904,on,hard_extinction,0.0,True,False,0.0
Cs,2.1209508879201904,on,no_extinction_control,0.0,True,False,0.0
Cs,2.329951810515372,off,hard_extinction,0.0,True,False,0.0
Cs,2.329951810515372,off,no_extinction_control,0.0,True,False,0.0
Cs,2.329951810515372,on,hard_extinction,0.0,True,False,0.0
Cs,2.329951810515372,on,no_extinction_control,0.0,True,False,0.0
Cs,2.5595479226995357,off,hard_extinction,0.0,True,False,0.0
Cs,2.5595479226995357,off,no_extinction_control,0.0,True,False,0.0
Cs,2.5595479226995357,on,hard_extinction,0.0,True,False,0.0
Cs,2.5595479226995357,on,no_extinction_control,0.0,True,False,0.0
Cs,2.811768697974228,off,hard_extinction,0.0,True,False,0.0
Cs,2.811768697974228,off,no_extinction_control,0.0,True,False,0.0
Cs,2.811768697974228,on,hard_extinction,0.0,True,False,0.0
Cs,2.811768697974228,on,no_extinction_control,0.0,True,False,0.0
Cs,3.0888435964774787,off,hard_extinction,0.0,True,False,0.0
Cs,3.0888435964774787,off,no_extinction_control,0.0,True,False,0.0
Cs,3.0888435964774787,on,hard_extinction,0.0,True,False,0.0
Cs,3.0888435964774787,on,no_extinction_control,0.0,True,False,0.0
Cs,3.3932217718953264,off,hard_extinction,0.0,True,False,0.0
Cs,3.3932217718953264,off,no_extinction_control,0.0,True,False,0.0
Cs,3.3932217718953264,on,hard_extinction,0.0,True,False,0.0
Cs,3.3932217718953264,on,no_extinction_control,0.0,True,False,0.0
Cs,3.727593720314938,off,hard_extinction,0.0,True,False,0.0
Cs,3.727593720314938,off,no_extinction_control,0.0,True,False,0.0
Cs,3.727593720314938,on,hard_extinction,0.0,True,False,0.0
Cs,3.727593720314938,on,no_extinction_control,0.0,True,False,0.0
Cs,4.094915062380423,off,hard_extinction,0.0,True,False,0.0
Cs,4.094915062380423,off,no_extinction_control,0.0,True,False,0.0
Cs,4.094915062380423,on,hard_extinction,0.0,True,False,0.0
Cs,4.094915062380423,on,no_extinction_control,0.0,True,False,0.0
Cs,4.498432668969444,off,hard_extinction,0.0,True,False,0.0
Cs,4.498432668969444,off,no_extinction_control,0.0,True,False,0.0
Cs,4.498432668969444,on,hard_extinction,0.0,True,False,0.0
Cs,4.498432668969444,on,no_extinction_control,0.0,True,False,0.0
Cs,4.941713361323833,off,hard_extinction,0.0,True,False,0.0
Cs,4.941713361323833,off,no_extinction_control,0.0,True,False,0.0
Cs,4.941713361323833,on,hard_extinction,0.0,True,False,0.0
Cs,4.941713361323833,on,no_extinction_control,0.0,True,False,0.0
Cs,5.428675439323859,off,hard_extinction,0.0,True,False,0.0
Cs,5.428675439323859,off,no_extinction_control,0.0,True,False,0.0
Cs,5.428675439323859,on,hard_extinction,0.0,True,False,0.0
Cs,5.428675439323859,on,no_extinction_control,0.0,True,False,0.0
Cs,5.963623316594643,off,hard_extinction,0.0,True,False,0.0
Cs,5.963623316594643,off,no_extinction_control,0.0,True,False,0.0
Cs,5.963623316594643,on,hard_extinction,0.0,True,False,0.0
Cs,5.963623316594643,on,no_extinction_control,0.0,True,False,0.0
Cs,6.551285568595502,off,hard_extinction,0.0,True,False,0.0
Cs,6.551285568595502,off,no_extinction_control,0.0,True,False,0.0
Cs,6.551285568595502,on,hard_extinction,0.0,True,False,0.0
Cs,6.551285568595502,on,no_extinction_control,0.0,True,False,0.0
Cs,7.196856730011514,off,hard_extinction,0.0,True,False,0.0
Cs,7.196856730011514,off,no_extinction_control,0.0,True,False,0.0
Cs,7.196856730011514,on,hard_extinction,0.0,True,False,0.0
Cs,7.196856730011514,on,no_extinction_control,0.0,True,False,0.0
Cs,7.9060432109076935,off,hard_extinction,0.0,True,False,0.0
Cs,7.9060432109076935,off,no_extinction_control,0.0,True,False,0.0
Cs,7.9060432109076935,on,hard_extinction,0.0,True,False,0.0
Cs,7.9060432109076935,on,no_extinction_control,0.0,True,False,0.0
Cs,8.68511373751352,off,hard_extinction,0.0,True,False,0.0
Cs,8.68511373751352,off,no_extinction_control,0.0,True,False,0.0
Cs,8.68511373751352,on,hard_extinction,0.0,True,False,0.0
Cs,8.68511373751352,on,no_extinction_control,0.0,True,False,0.0
Cs,9.540954763499935,off,hard_extinction,0.0,True,False,0.0
Cs,9.540954763499935,off,no_extinction_control,0.0,True,False,0.0
Cs,9.540954763499935,on,hard_extinction,0.0,True,False,0.0
Cs,9.540954763499935,on,no_extinction_control,0.0,True,False,0.0
Cs,10.481131341546853,off,hard_extinction,0.0,True,False,0.0
Cs,10.481131341546853,off,no_extinction_control,0.0,True,False,0.0
Cs,10.481131341546853,on,hard_extinction,0.0,True,False,0.0
Cs,10.481131341546853,on,no_extinction_control,0.0,True,False,0.0
Cs,11.513953993264469,off,hard_extinction,0.0,True,False,0.0
Cs,11.513953993264469,off,no_extinction_control,0.0,True,False,0.0
Cs,11.513953993264469,on,hard_extinction,0.0,True,False,0.0
Cs,11.513953993264469,on,no_extinction_control,0.0,True,False,0.0
Cs,12.648552168552959,off,hard_extinction,0.0,True,False,0.0
Cs,12.648552168552959,off,no_extinction_control,0.0,True,False,0.0
Cs,12.648552168552959,on,hard_extinction,0.0,True,False,0.0
Cs,12.648552168552959,on,no_extinction_control,0.0,True,False,0.0
Cs,13.894954943731374,off,hard_extinction,0.0,True,False,0.0
Cs,13.894954943731374,off,no_extinction_control,0.0,True,False,0.0
Cs,13.894954943731374,on,hard_extinction,0.0,True,False,0.0
Cs,13.894954943731374,on,no_extinction_control,0.0,True,False,0.0
Cs,15.264179671752318,off,hard_extinction,0.0,True,False,0.0
Cs,15.264179671752318,off,no_extinction_control,0.0,True,False,0.0
Cs,15.264179671752318,on,hard_extinction,0.0,True,False,0.0
Cs,15.264179671752318,on,no_extinction_control,0.0,True,False,0.0
Cs,16.768329368110066,off,hard_extinction,0.0,True,False,0.0
Cs,16.768329368110066,off,no_extinction_control,0.0,True,False,0.0
Cs,16.768329368110066,on,hard_extinction,0.0,True,False,0.0
Cs,16.768329368110066,on,no_extinction_control,0.0,True,False,0.0
Cs,18.420699693267146,off,hard_extinction,0.0,True,False,0.0
Cs,18.420699693267146,off,no_extinction_control,0.0,True,False,0.0
Cs,18.420699693267146,on,hard_extinction,0.0,True,False,0.0
Cs,18.420699693267146,on,no_extinction_control,0.0,True,False,0.0
Cs,20.235896477251554,off,hard_extinction,0.0,True,False,0.0
Cs,20.235896477251554,off,no_extinction_control,0.0,True,False,0.0
Cs,20.235896477251554,on,hard_extinction,0.0,True,False,0.0
Cs,20.235896477251554,on,no_extinction_control,0.0,True,False,0.0
Cs,22.229964825261934,off,hard_extinction,0.0,True,False,0.0
Cs,22.229964825261934,off,no_extinction_control,0.0,True,False,0.0
Cs,22.229964825261934,on,hard_extinction,0.0,True,False,0.0
Cs,22.229964825261934,on,no_extinction_control,0.0,True,False,0.0
Cs,24.420530945486497,off,hard_extinction,0.0,True,False,0.0
Cs,24.420530945486497,off,no_extinction_control,0.0,True,False,0.0
Cs,24.420530945486497,on,hard_extinction,0.0,True,False,0.0
Cs,24.420530945486497,on,no_extinction_control,0.0,True,False,0.0
Cs,26.826957952797247,off,hard_extinction,0.0,True,False,0.0
Cs,26.826957952797247,off,no_extinction_control,0.0,True,False,0.0
Cs,26.826957952797247,on,hard_extinction,0.0,True,False,0.0
Cs,26.826957952797247,on,no_extinction_control,0.0,True,False,0.0
Cs,29.4705170255181,off,hard_extinction,0.0,True,False,0.0
Cs,29.4705170255181,off,no_extinction_control,0.0,True,False,0.0
Cs,29.4705170255181,on,hard_extinction,0.0,True,False,0.0
Cs,29.4705170255181,on,no_extinction_control,0.0,True,False,0.0
Cs,32.374575428176435,off,hard_extinction,0.0,True,False,0.0
Cs,32.374575428176435,off,no_extinction_control,0.0,True,False,0.0
Cs,32.374575428176435,on,hard_extinction,0.0,True,False,0.0
Cs,32.374575428176435,on,no_extinction_control,0.0,True,False,0.0
Cs,35.56480306223125,off,hard_extinction,0.0,True,False,0.0
Cs,35.56480306223125,off,no_extinction_control,0.0,True,False,0.0
Cs,35.56480306223125,on,hard_extinction,0.0,True,False,0.0
Cs,35.56480306223125,on,no_extinction_control,0.0,True,False,0.0
Cs,39.06939937054613,off,hard_extinction,0.0,True,False,0.0
Cs,39.06939937054613,off,no_extinction_control,0.0,True,False,0.0
Cs,39.06939937054613,on,hard_extinction,0.0,True,False,0.0
Cs,39.06939937054613,on,no_extinction_control,0.0,True,False,0.0
Cs,42.91934260128774,off,hard_extinction,0.0,True,False,0.0
Cs,42.91934260128774,off,no_extinction_control,0.0,True,False,0.0
Cs,42.91934260128774,on,hard_extinction,0.0,True,False,0.0
Cs,42.91934260128774,on,no_extinction_control,0.0,True,False,0.0
Cs,47.1486636345739,off,hard_extinction,0.0,True,False,0.0
Cs,47.1486636345739,off,no_extinction_control,0.0,True,False,0.0
Cs,47.1486636345739,on,hard_extinction,0.0,True,False,0.0
Cs,47.1486636345739,on,no_extinction_control,0.0,True,False,0.0
Cs,51.794746792312075,off,hard_extinction,0.0,True,False,0.0
Cs,51.794746792312075,off,no_extinction_control,0.0,True,False,0.0
Cs,51.794746792312075,on,hard_extinction,0.0,True,False,0.0
Cs,51.794746792312075,on,no_extinction_control,0.0,True,False,0.0
Cs,56.89866029018293,off,hard_extinction,0.0,True,False,0.0
Cs,56.89866029018293,off,no_extinction_control,0.0,True,False,0.0
Cs,56.89866029018293,on,hard_extinction,0.0,True,False,0.0
Cs,56.89866029018293,on,no_extinction_control,0.0,True,False,0.0
Cs,62.505519252739695,off,hard_extinction,0.0,True,False,0.0
Cs,62.505519252739695,off,no_extinction_control,0.0,True,False,0.0
Cs,62.505519252739695,on,hard_extinction,0.0,True,False,0.0
Cs,62.505519252739695,on,no_extinction_control,0.0,True,False,0.0
Cs,68.66488450042998,off,hard_extinction,0.0,True,False,0.0
Cs,68.66488450042998,off,no_extinction_control,0.0,True,False,0.0
Cs,68.66488450042998,on,hard_extinction,0.0,True,False,0.0
Cs,68.66488450042998,on,no_extinction_control,0.0,True,False,0.0
Cs,75.43120063354615,off,hard_extinction,0.0,True,False,0.0
Cs,75.43120063354615,off,no_extinction_control,0.0,True,False,0.0
Cs,75.43120063354615,on,hard_extinction,0.0,True,False,0.0
Cs,75.43120063354615,on,no_extinction_control,0.0,True,False,0.0
Cs,82.86427728546842,off,hard_extinction,0.0,True,False,0.0
Cs,82.86427728546842,off,no_extinction_control,0.0,True,False,0.0
Cs,82.86427728546842,on,hard_extinction,0.0,True,False,0.0
Cs,82.86427728546842,on,no_extinction_control,0.0,True,False,0.0
Cs,91.02981779915208,off,hard_extinction,0.0,True,False,0.0
Cs,91.02981779915208,off,no_extinction_control,0.0,True,False,0.0
Cs,91.02981779915208,on,hard_extinction,0.0,True,False,0.0
Cs,91.02981779915208,on,no_extinction_control,0.0,True,False,0.0
Cs,100.0,off,hard_extinction,0.0,True,False,0.0
Cs,100.0,off,no_extinction_control,0.0,True,False,0.0
Cs,100.0,on,hard_extinction,0.0,True,False,0.0
Cs,100.0,on,no_extinction_control,0.0,True,False,0.0
Et,0.0,off,hard_extinction,0.0,True,False,0.0
Et,0.0,off,no_extinction_control,0.002244537853968609,False,False,2.711583418446685e-14
Et,0.0,on,hard_extinction,0.0,True,False,0.0
Et,0.0,on,no_extinction_control,1.2035428351708788e-06,False,False,1.4486207591304614e-17
Et,0.01,off,hard_extinction,0.0,True,False,0.0
Et,0.01,off,no_extinction_control,0.3910528606814001,False,False,1.1811162748894014e-11
Et,0.01,on,hard_extinction,0.0,True,False,0.0
Et,0.01,on,no_extinction_control,1.422731827460666e-06,False,False,1.712443807721092e-17
Et,0.010985411419875584,off,hard_extinction,0.0,True,False,0.0
Et,0.010985411419875584,off,no_extinction_control,0.4827661031540842,False,False,2.137643576206141e-11
Et,0.010985411419875584,on,hard_extinction,0.0,True,False,0.0
Et,0.010985411419875584,on,no_extinction_control,1.4462911934742806e-06,False,False,1.7408006408585642e-17
Et,0.012067926406393288,off,hard_extinction,0.0,True,False,0.0
Et,0.012067926406393288,off,no_extinction_control,0.5616591907787729,False,False,4.0935801234487334e-11
Et,0.012067926406393288,on,hard_extinction,0.0,True,False,0.0
Et,0.012067926406393288,on,no_extinction_control,1.4726057315783692e-06,False,False,1.7724736924792637e-17
Et,0.013257113655901088,off,hard_extinction,0.0,True,False,0.0
Et,0.013257113655901088,off,no_extinction_control,0.6166909553941693,False,False,8.334585339512073e-11
Et,0.013257113655901088,on,hard_extinction,0.0,True,False,0.0
Et,0.013257113655901088,on,no_extinction_control,1.5020462758030817e-06,False,False,1.8079093136925635e-17
Et,0.014563484775012436,off,hard_extinction,0.0,True,False,0.0
Et,0.014563484775012436,off,no_extinction_control,0.6459592603523685,False,False,1.8132167089764368e-10
Et,0.014563484775012436,on,hard_extinction,0.0,True,False,0.0
Et,0.014563484775012436,on,no_extinction_control,1.5350441273653814e-06,False,False,1.8476266291988885e-17
Et,0.015998587196060583,off,hard_extinction,0.0,True,False,0.0
Et,0.015998587196060583,off,no_extinction_control,0.6547228689053171,False,False,4.23669800226058e-10
Et,0.015998587196060583,on,hard_extinction,0.0,True,False,0.0
Et,0.015998587196060583,on,no_extinction_control,1.5721031552118347e-06,False,False,1.8922321182842902e-17
Et,0.017575106248547922,off,hard_extinction,0.0,True,False,0.0
Et,0.017575106248547922,off,no_extinction_control,0.6496917428167173,False,False,1.0686926422012431e-09
Et,0.017575106248547922,on,hard_extinction,0.0,True,False,0.0
Et,0.017575106248547922,on,no_extinction_control,1.6138148399846841e-06,False,False,1.942437705191721e-17
Et,0.019306977288832496,off,hard_extinction,0.0,True,False,0.0
Et,0.019306977288832496,off,no_extinction_control,0.6355196549504765,False,False,2.9248181484686294e-09
Et,0.019306977288832496,on,hard_extinction,0.0,True,False,0.0
Et,0.019306977288832496,on,no_extinction_control,1.660877023468288e-06,False,False,1.999083342838768e-17
Et,0.021209508879201904,off,hard_extinction,0.0,True,False,0.0
Et,0.021209508879201904,off,no_extinction_control,0.614296133247942,False,False,8.725054662638746e-09
Et,0.021209508879201904,on,hard_extinction,0.0,True,False,0.0
Et,0.021209508879201904,on,no_extinction_control,1.7141175003843045e-06,False,False,2.0631653886427633e-17
Et,0.023299518105153717,off,hard_extinction,0.0,True,False,0.0
Et,0.023299518105153717,off,no_extinction_control,0.586263421487649,False,False,2.847850650194168e-08
Et,0.023299518105153717,on,hard_extinction,0.0,True,False,0.0
Et,0.023299518105153717,on,no_extinction_control,1.774523820330387e-06,False,False,2.13587249958274e-17
Et,0.025595479226995357,off,hard_extinction,0.0,True,False,0.0
Et,0.025595479226995357,off,no_extinction_control,0.5505749902928194,False,False,1.0194059575913639e-07
Et,0.025595479226995357,on,hard_extinction,0.0,True,False,0.0
Et,0.025595479226995357,on,no_extinction_control,1.8432812964874756e-06,False,False,2.218631361408219e-17
Et,0.028117686979742307,off,hard_extinction,0.0,True,False,0.0
Et,0.028117686979742307,off,no_extinction_control,0.5057804096931644,False,False,3.999396056672671e-07
Et,0.028117686979742307,on,hard_extinction,0.0,True,False,0.0
Et,0.028117686979742307,on,no_extinction_control,1.9218217577332553e-06,False,False,2.3131653804550006e-17
Et,0.030888435964774818,off,hard_extinction,0.0,True,False,0.0
Et,0.030888435964774818,off,no_extinction_control,0.45006118757411073,False,False,1.7084208749811095e-06
Et,0.030888435964774818,on,hard_extinction,0.0,True,False,0.0
Et,0.030888435964774818,on,no_extinction_control,2.011886630626236e-06,False,False,2.4215706029227053e-17
Et,0.03393221771895328,off,hard_extinction,0.0,True,False,0.0
Et,0.03393221771895328,off,no_extinction_control,0.38129042215744047,False,False,7.788393682277632e-06
Et,0.03393221771895328,on,hard_extinction,0.0,True,False,0.0
Et,0.03393221771895328,on,no_extinction_control,2.115609190056489e-06,False,False,2.5464147290594784e-17
Et,0.0372759372031494,off,hard_extinction,5.551115123125783e-17,True,False,0.0
Et,0.0372759372031494,off,no_extinction_control,0.2971166906392675,False,False,3.5924306287271747e-05
Et,0.0372759372031494,on,hard_extinction,0.0,True,False,0.0
Et,0.0372759372031494,on,no_extinction_control,2.2356227944442253e-06,False,False,2.6908673725776495e-17
Et,0.040949150623804234,off,hard_extinction,1.1207789973877169e-08,False,False,0.0
Et,0.040949150623804234,off,no_extinction_control,0.19669038713356102,False,False,0.00014541769059288502
Et,0.040949150623804234,on,hard_extinction,0.0,True,False,0.0
Et,0.040949150623804234,on,no_extinction_control,2.3752045521518994e-06,False,False,2.858873002028614e-17
Et,0.04498432668969444,off,hard_extinction,0.09185506306038516,False,False,0.0003618227266458493
Et,0.04498432668969444,off,no_extinction_control,0.09185506306038516,False,False,0.0003618227266458493
Et,0.04498432668969444,on,hard_extinction,0.0,True,False,0.0
Et,0.04498432668969444,on,no_extinction_control,2.5384679460671578e-06,False,False,3.0553827846135993e-17
Et,0.04941713361323833,off,hard_extinction,0.022724232702519664,False,False,0.00031353423240113205
Et,0.04941713361323833,off,no_extinction_control,0.022724232702519664,False,False,0.00031353423240113205
Et,0.04941713361323833,on,hard_extinction,0.0,True,False,0.0
Et,0.04941713361323833,on,no_extinction_control,2.7306237164737013e-06,False,False,3.286668597871949e-17
Et,0.054286754393238594,off,hard_extinction,0.002770115207507029,False,False,8.076705711608685e-05
Et,0.054286754393238594,off,no_extinction_control,0.002770115207507029,False,False,8.076705711608685e-05
Et,0.054286754393238594,on,hard_extinction,0.0,True,False,0.0
Et,0.054286754393238594,on,no_extinction_control,2.9583370579899793e-06,False,False,3.5607529777219655e-17
Et,0.05963623316594643,off,hard_extinction,0.00020707136141240312,False,False,9.345331930570716e-06
Et,0.05963623316594643,off,no_extinction_control,0.00020707136141240312,False,False,9.345331930570716e-06
Et,0.05963623316594643,on,hard_extinction,0.0,True,False,0.0
Et,0.05963623316594643,on,no_extinction_control,3.2302223686997422e-06,False,False,3.888004633736586e-17
Et,0.0655128556859551,off,hard_extinction,1.1787436594801193e-05,False,False,7.082320548912335e-07
Et,0.0655128556859551,off,no_extinction_control,1.1787436594801193e-05,False,False,7.082320548912335e-07
Et,0.0655128556859551,on,hard_extinction,0.0,True,False,0.0
Et,0.0655128556859551,on,no_extinction_control,3.5575369725648898e-06,False,False,4.281973448283891e-17
Et,0.07196856730011521,off,hard_extinction,6.298992629716338e-07,True,False,4.656582127532394e-08
Et,0.07196856730011521,off,no_extinction_control,6.298992629716338e-07,True,False,4.656582127532394e-08
Et,0.07196856730011521,on,hard_extinction,0.0,True,False,0.0
Et,0.07196856730011521,on,no_extinction_control,3.955166530289489e-06,False,False,4.760576598383525e-17
Et,0.07906043210907697,off,hard_extinction,4.238817963297947e-08,True,False,3.6836945507823238e-09
Et,0.07906043210907697,off,no_extinction_control,4.238817963297947e-08,True,False,3.6836945507823238e-09
Et,0.07906043210907697,on,hard_extinction,0.0,True,False,0.0
Et,0.07906043210907697,on,no_extinction_control,4.443044339552671e-06,False,False,5.3478069324679584e-17
Et,0.08685113737513525,off,hard_extinction,5.504811717571556e-09,True,False,5.47854032972861e-10
Et,0.08685113737513525,off,no_extinction_control,5.504811717571556e-09,True,False,5.47854032972861e-10
Et,0.08685113737513525,on,hard_extinction,0.0,True,False,0.0
Et,0.08685113737513525,on,no_extinction_control,5.048225888870661e-06,False,False,6.076230091431792e-17
Et,0.09540954763499938,off,hard_extinction,2.6287358956267326e-09,True,False,2.962806874839963e-10
Et,0.09540954763499938,off,no_extinction_control,2.6287358956267326e-09,True,False,2.962806874839963e-10
Et,0.09540954763499938,on,hard_extinction,0.0,True,False,0.0
Et,0.09540954763499938,on,no_extinction_control,5.807969241544697e-06,False,False,6.990692342550246e-17
Et,0.10481131341546858,off,hard_extinction,9.420281221750315e-09,True,False,1.2077336492000157e-09
Et,0.10481131341546858,off,no_extinction_control,9.420281221750315e-09,True,False,1.2077336492000157e-09
Et,0.10481131341546858,on,hard_extinction,0.0,True,False,0.0
Et,0.10481131341546858,on,no_extinction_control,6.77438620044768e-06,False,False,8.153919248188651e-17
Et,0.1151395399326447,off,hard_extinction,3.8775408528479716e-07,True,False,5.8125651861140604e-08
Et,0.1151395399326447,off,no_extinction_control,3.8775408528479716e-07,True,False,5.8125651861140604e-08
Et,0.1151395399326447,on,hard_extinction,0.0,True,False,0.0
Et,0.1151395399326447,on,no_extinction_control,8.021592282858592e-06,False,False,9.655122268058792e-17
Et,0.12648552168552957,off,hard_extinction,0.000137392037631745,False,False,2.604892492831523e-05
Et,0.12648552168552957,off,no_extinction_control,0.000137392037631745,False,False,2.604892492831523e-05
Et,0.12648552168552957,on,hard_extinction,0.0,True,False,0.0
Et,0.12648552168552957,on,no_extinction_control,9.656910600952529e-06,False,False,1.1623485387474246e-16
Et,0.13894954943731375,off,hard_extinction,0.10725521742749367,False,False,0.037111380585114234
Et,0.13894954943731375,off,no_extinction_control,0.10725521742749367,False,False,0.037111380585114234
Et,0.13894954943731375,on,hard_extinction,0.0,True,False,0.0
Et,0.13894954943731375,on,no_extinction_control,1.1838792143947785e-05,False,False,1.4249737093154913e-16
Et,0.15264179671752334,off,hard_extinction,1.980210475593807,False,False,1.4154959103839535
Et,0.15264179671752334,off,no_extinction_control,1.980210475593807,False,False,1.4154959103839535
Et,0.15264179671752334,on,hard_extinction,0.0,True,False,0.0
Et,0.15264179671752334,on,no_extinction_control,1.4806116324095342e-05,False,False,1.7821422719613107e-16
Et,0.16768329368110074,off,hard_extinction,9.481356051193336,False,True,0.015773619491275648
Et,0.16768329368110074,off,no_extinction_control,3.937850649911959,False,True,0.015771799160221978
Et,0.16768329368110074,on,hard_extinction,0.0,True,False,0.0
Et,0.16768329368110074,on,no_extinction_control,1.8927243480959532e-05,False,False,2.278195688477855e-16
Et,0.18420699693267154,off,hard_extinction,5.551115123125783e-16,False,False,0.0
Et,0.18420699693267154,off,no_extinction_control,4.231087062452483,False,False,8.249668313808911e-06
Et,0.18420699693267154,on,hard_extinction,0.0,True,False,0.0
Et,0.18420699693267154,on,no_extinction_control,2.4784244141429213e-05,False,False,2.983202991743295e-16
Et,0.20235896477251566,off,hard_extinction,0.0,True,False,0.0
Et,0.20235896477251566,off,no_extinction_control,2.9930532011119606,False,False,5.377389200589278e-09
Et,0.20235896477251566,on,hard_extinction,0.0,True,False,0.0
Et,0.20235896477251566,on,no_extinction_control,3.332153162460827e-05,False,False,4.010856663054344e-16
Et,0.22229964825261944,off,hard_extinction,0.0,True,False,0.0
Et,0.22229964825261944,off,no_extinction_control,0.32011355941438424,False,False,5.67590419109365e-12
Et,0.22229964825261944,on,hard_extinction,0.0,True,False,0.0
Et,0.22229964825261944,on,no_extinction_control,4.6115959838388676e-05,False,False,5.550997350952699e-16
Et,0.2442053094548651,off,hard_extinction,0.0,True,False,0.0
Et,0.2442053094548651,off,no_extinction_control,0.0008357237558573871,False,False,1.021405182655144e-14
Et,0.2442053094548651,on,hard_extinction,0.0,True,False,0.0
Et,0.2442053094548651,on,no_extinction_control,6.588343201663349e-05,False,False,7.930630142666525e-16
Et,0.2682695795279725,off,hard_extinction,0.0,True,False,0.0
Et,0.2682695795279725,off,no_extinction_control,2.451290010085927e-06,False,False,0.0
Et,0.2682695795279725,on,hard_extinction,0.0,True,False,0.0
Et,0.2682695795279725,on,no_extinction_control,9.746210537642241e-05,False,False,1.1732376348437014e-15
Et,0.29470517025518095,off,hard_extinction,0.0,True,False,0.0
Et,0.29470517025518095,off,no_extinction_control,1.1641432706710475e-08,True,False,0.0
Et,0.29470517025518095,on,hard_extinction,0.0,True,False,0.0
Et,0.29470517025518095,on,no_extinction_control,0.00014979209094079238,False,False,1.803308784837652e-15
Et,0.32374575428176433,off,hard_extinction,0.0,True,False,0.0
Et,0.32374575428176433,off,no_extinction_control,8.703615606009407e-11,True,False,0.0
Et,0.32374575428176433,on,hard_extinction,0.0,True,False,0.0
Et,0.32374575428176433,on,no_extinction_control,0.00024006299128842556,False,False,2.8904133190736175e-15
Et,0.35564803062231287,off,hard_extinction,0.0,True,False,0.0
Et,0.35564803062231287,off,no_extinction_control,9.9298347322474e-13,True,False,0.0
Et,0.35564803062231287,on,hard_extinction,0.0,True,False,0.0
Et,0.35564803062231287,on,no_extinction_control,0.00040278248712866116,False,False,4.8506711140973374e-15
Et,0.3906939937054615,off,hard_extinction,0.0,True,False,0.0
Et,0.3906939937054615,off,no_extinction_control,1.5987211554602254e-14,True,False,0.0
Et,0.3906939937054615,on,hard_extinction,0.0,True,False,0.0
Et,0.3906939937054615,on,no_extinction_control,0.0007105347928320072,False,False,8.560502256151428e-15
Et,0.42919342601287763,off,hard_extinction,0.0,True,False,0.0
Et,0.42919342601287763,off,no_extinction_control,0.0,True,False,0.0
Et,0.42919342601287763,on,hard_extinction,0.0,True,False,0.0
Et,0.42919342601287763,on,no_extinction_control,0.001323870288095108,False,False,1.5963336922832772e-14
Et,0.47148663634573923,off,hard_extinction,0.0,True,False,0.0
Et,0.47148663634573923,off,no_extinction_control,0.0,True,False,0.0
Et,0.47148663634573923,on,hard_extinction,0.0,True,False,0.0
Et,0.47148663634573923,on,no_extinction_control,0.0026174416456949956,False,False,3.161730578233345e-14
Et,0.517947467923121,off,hard_extinction,0.0,True,False,0.0
Et,0.517947467923121,off,no_extinction_control,0.0,True,False,0.0
Et,0.517947467923121,on,hard_extinction,0.0,True,False,0.0
Et,0.517947467923121,on,no_extinction_control,0.0055152289946143185,False,False,6.6886738085731e-14
Et,0.5689866029018296,off,hard_extinction,0.0,True,False,0.0
Et,0.5689866029018296,off,no_extinction_control,0.0,True,False,0.0
Et,0.5689866029018296,on,hard_extinction,0.0,True,False,0.0
Et,0.5689866029018296,on,no_extinction_control,0.012418966523846109,False,False,1.5205523338320094e-13
Et,0.6250551925273969,off,hard_extinction,0.0,True,False,0.0
Et,0.6250551925273969,off,no_extinction_control,0.0,True,False,0.0
Et,0.6250551925273969,on,hard_extinction,0.0,True,False,0.0
Et,0.6250551925273969,on,no_extinction_control,0.029804655929524415,False,False,3.7388736473353233e-13
Et,0.6866488450042998,off,hard_extinction,0.0,True,False,0.0
Et,0.6866488450042998,off,no_extinction_control,0.0,True,False,0.0
Et,0.6866488450042998,on,hard_extinction,0.0,True,False,0.0
Et,0.6866488450042998,on,no_extinction_control,0.07483312070556458,False,False,1.0013596798377358e-12
Et,0.7543120063354615,off,hard_extinction,0.0,True,False,0.0
Et,0.7543120063354615,off,no_extinction_control,0.0,True,False,0.0
Et,0.7543120063354615,on,hard_extinction,0.0,True,False,0.0
Et,0.7543120063354615,on,no_extinction_control,0.18555830532910633,False,False,2.9428956890270665e-12
Et,0.8286427728546842,off,hard_extinction,0.0,True,False,0.0
Et,0.8286427728546842,off,no_extinction_control,0.0,True,False,0.0
Et,0.8286427728546842,on,hard_extinction,0.0,True,False,0.0
Et,0.8286427728546842,on,no_extinction_control,0.4049552119003881,False,False,9.565287172331045e-12
Et,0.9102981779915218,off,hard_extinction,0.0,True,False,0.0
Et,0.9102981779915218,off,no_extinction_control,0.0,True,False,0.0
Et,0.9102981779915218,on,hard_extinction,0.0,True,False,0.0
Et,0.9102981779915218,on,no_extinction_control,0.6890540222301542,False,False,3.4666274455422984e-11
Et,0.9999999999999994,off,hard_extinction,0.0,True,False,0.0
Et,0.9999999999999994,off,no_extinction_control,0.0,True,False,0.0
Et,0.9999999999999994,on,hard_extinction,0.0,True,False,0.0
Et,0.9999999999999994,on,no_extinction_control,0.8873949171042348,False,False,1.4126491047962516e-10
Et,1.0985411419875584,off,hard_extinction,0.0,True,False,0.0
Et,1.0985411419875584,off,no_extinction_control,0.0,True,False,0.0
Et,1.0985411419875584,on,hard_extinction,0.0,True,False,0.0
Et,1.0985411419875584,on,no_extinction_control,0.9464963956510246,False,False,6.526560130163263e-10
Et,1.2067926406393277,off,hard_extinction,0.0,True,False,0.0
Et,1.2067926406393277,off,no_extinction_control,0.0,True,False,0.0
Et,1.2067926406393277,on,hard_extinction,0.0,True,False,0.0
Et,1.2067926406393277,on,no_extinction_control,0.9332533078379477,False,False,3.445268772279268e-09
Et,1.325711365590108,off,hard_extinction,0.0,True,False,0.0
Et,1.325711365590108,off,no_extinction_control,0.0,True,False,0.0
Et,1.325711365590108,on,hard_extinction,0.0,True,False,0.0
Et,1.325711365590108,on,no_extinction_control,0.8923392016699214,False,False,2.0909762510776693e-08
Et,1.456348477501243,off,hard_extinction,0.0,True,False,0.0
Et,1.456348477501243,off,no_extinction_control,0.0,True,False,0.0
Et,1.456348477501243,on,hard_extinction,0.0,True,False,0.0
Et,1.456348477501243,on,no_extinction_control,0.8336354404617667,False,False,1.4627113153554974e-07
Et,1.5998587196060574,off,hard_extinction,0.0,True,False,0.0
Et,1.5998587196060574,off,no_extinction_control,0.0,True,False,0.0
Et,1.5998587196060574,on,hard_extinction,0.0,True,False,0.0
Et,1.5998587196060574,on,no_extinction_control,0.754234568573227,False,False,1.1718519476719623e-06
Et,1.7575106248547911,off,hard_extinction,0.0,True,False,0.0
Et,1.7575106248547911,off,no_extinction_control,0.0,True,False,0.0
Et,1.7575106248547911,on,hard_extinction,0.0,True,False,0.0
Et,1.7575106248547911,on,no_extinction_control,0.6452123722755916,False,False,1.043294391592766e-05
Et,1.9306977288832496,off,hard_extinction,0.0,True,False,0.0
Et,1.9306977288832496,off,no_extinction_control,0.0,True,False,0.0
Et,1.9306977288832496,on,hard_extinction,1.8318679906315083e-15,False,False,0.0
Et,1.9306977288832496,on,no_extinction_control,0.4897431779670276,False,False,9.294082167593103e-05
Et,2.1209508879201904,off,hard_extinction,0.0,True,False,0.0
Et,2.1209508879201904,off,no_extinction_control,0.0,True,False,0.0
Et,2.1209508879201904,on,hard_extinction,0.26810170920734633,False,False,0.0005671169000626064
Et,2.1209508879201904,on,no_extinction_control,0.26810170920734633,False,False,0.0005671169000626064
Et,2.329951810515372,off,hard_extinction,3.3306690738754696e-16,True,False,0.0
Et,2.329951810515372,off,no_extinction_control,3.3306690738754696e-16,True,False,0.0
Et,2.329951810515372,on,hard_extinction,0.06020085125306718,False,False,0.0008090057736553956
Et,2.329951810515372,on,no_extinction_control,0.06020085125306718,False,False,0.0008090057736553956
Et,2.5595479226995357,off,hard_extinction,0.0,True,False,0.0
Et,2.5595479226995357,off,no_extinction_control,0.0,True,False,0.0
Et,2.5595479226995357,on,hard_extinction,0.004051189049527171,False,False,0.00013953518148251444
Et,2.5595479226995357,on,no_extinction_control,0.004051189049527171,False,False,0.00013953518148251444
Et,2.811768697974228,off,hard_extinction,0.0,True,False,0.0
Et,2.811768697974228,off,no_extinction_control,0.0,True,False,0.0
Et,2.811768697974228,on,hard_extinction,0.00013821201442265618,False,False,7.606128806150053e-06
Et,2.811768697974228,on,no_extinction_control,0.00013821201442265618,False,False,7.606128806150053e-06
Et,3.0888435964774787,off,hard_extinction,0.0,True,False,0.0
Et,3.0888435964774787,off,no_extinction_control,0.0,True,False,0.0
Et,3.0888435964774787,on,hard_extinction,3.706205499831583e-06,True,False,2.729798693271168e-07
Et,3.0888435964774787,on,no_extinction_control,3.706205499831583e-06,True,False,2.729798693271168e-07
Et,3.3932217718953264,off,hard_extinction,0.0,True,False,0.0
Et,3.3932217718953264,off,no_extinction_control,0.0,True,False,0.0
Et,3.3932217718953264,on,hard_extinction,1.1305875879941141e-07,True,False,1.0268268457735985e-08
Et,3.3932217718953264,on,no_extinction_control,1.1305875879941141e-07,True,False,1.0268268457735985e-08
Et,3.727593720314938,off,hard_extinction,0.0,True,False,0.0
Et,3.727593720314938,off,no_extinction_control,0.0,True,False,0.0
Et,3.727593720314938,on,hard_extinction,6.288756182470934e-09,True,False,6.75254054061103e-10
Et,3.727593720314938,on,no_extinction_control,6.288756182470934e-09,True,False,6.75254054061103e-10
Et,4.094915062380423,off,hard_extinction,0.0,True,False,0.0
Et,4.094915062380423,off,no_extinction_control,0.0,True,False,0.0
Et,4.094915062380423,on,hard_extinction,1.0365421854174883e-09,True,False,1.2902307694462323e-10
Et,4.094915062380423,on,no_extinction_control,1.0365421854174883e-09,True,False,1.2902307694462323e-10
Et,4.498432668969444,off,hard_extinction,0.0,True,False,0.0
Et,4.498432668969444,off,no_extinction_control,0.0,True,False,0.0
Et,4.498432668969444,on,hard_extinction,5.971121375125676e-10,True,False,8.573006193834942e-11
Et,4.498432668969444,on,no_extinction_control,5.971121375125676e-10,True,False,8.573006193834942e-11
Et,4.941713361323833,off,hard_extinction,0.0,True,False,0.0
Et,4.941713361323833,off,no_extinction_control,0.0,True,False,0.0
Et,4.941713361323833,on,hard_extinction,8.007532414922025e-10,True,False,1.3314335745029382e-10
Et,4.941713361323833,on,no_extinction_control,8.007532414922025e-10,True,False,1.3314335745029382e-10
Et,5.428675439323859,off,hard_extinction,0.0,True,False,0.0
Et,5.428675439323859,off,no_extinction_control,0.0,True,False,0.0
Et,5.428675439323859,on,hard_extinction,1.2153333894815432e-09,True,False,2.355820122312835e-10
Et,5.428675439323859,on,no_extinction_control,1.2153333894815432e-09,True,False,2.355820122312835e-10
Et,5.963623316594643,off,hard_extinction,0.0,True,False,0.0
Et,5.963623316594643,off,no_extinction_control,0.0,True,False,0.0
Et,5.963623316594643,on,hard_extinction,1.2439642649297866e-09,True,False,2.8163328613661776e-10
Et,5.963623316594643,on,no_extinction_control,1.2439642649297866e-09,True,False,2.8163328613661776e-10
Et,6.551285568595502,off,hard_extinction,0.0,True,False,0.0
Et,6.551285568595502,off,no_extinction_control,0.0,True,False,0.0
Et,6.551285568595502,on,hard_extinction,7.731182360970479e-10,True,False,2.0304467829301842e-10
Et,6.551285568595502,on,no_extinction_control,7.731182360970479e-10,True,False,2.0304467829301842e-10
Et,7.196856730011514,off,hard_extinction,0.0,True,False,0.0
Et,7.196856730011514,off,no_extinction_control,0.0,True,False,0.0
Et,7.196856730011514,on,hard_extinction,3.371751766678699e-10,True,False,1.0133682781798825e-10
Et,7.196856730011514,on,no_extinction_control,3.371751766678699e-10,True,False,1.0133682781798825e-10
Et,7.9060432109076935,off,hard_extinction,0.0,True,False,0.0
Et,7.9060432109076935,off,no_extinction_control,0.0,True,False,0.0
Et,7.9060432109076935,on,hard_extinction,1.238240621148634e-10,True,False,4.190023328298764e-11
Et,7.9060432109076935,on,no_extinction_control,1.238240621148634e-10,True,False,4.190023328298764e-11
Et,8.68511373751352,off,hard_extinction,0.0,True,False,0.0
Et,8.68511373751352,off,no_extinction_control,0.0,True,False,0.0
Et,8.68511373751352,on,hard_extinction,4.363887029512625e-11,True,False,1.636277224825733e-11
Et,8.68511373751352,on,no_extinction_control,4.363887029512625e-11,True,False,1.636277224825733e-11
Et,9.540954763499935,off,hard_extinction,0.0,True,False,0.0
Et,9.540954763499935,off,no_extinction_control,0.0,True,False,0.0
Et,9.540954763499935,on,hard_extinction,1.5907053452224318e-11,True,False,6.5155381090420406e-12
Et,9.540954763499935,on,no_extinction_control,1.5907053452224318e-11,True,False,6.5155381090420406e-12
Et,10.481131341546853,off,hard_extinction,0.0,True,False,0.0
Et,10.481131341546853,off,no_extinction_control,0.0,True,False,0.0
Et,10.481131341546853,on,hard_extinction,6.224132320653553e-12,True,False,2.751354699626063e-12
Et,10.481131341546853,on,no_extinction_control,6.224132320653553e-12,True,False,2.751354699626063e-12
Et,11.513953993264469,off,hard_extinction,0.0,True,False,0.0
Et,11.513953993264469,off,no_extinction_control,0.0,True,False,0.0
Et,11.513953993264469,on,hard_extinction,2.646771690706373e-12,True,False,1.2511935931769358e-12
Et,11.513953993264469,on,no_extinction_control,2.646771690706373e-12,True,False,1.2511935931769358e-12
Et,12.648552168552959,off,hard_extinction,0.0,True,False,0.0
Et,12.648552168552959,off,no_extinction_control,0.0,True,False,0.0
Et,12.648552168552959,on,hard_extinction,1.2141398997300712e-12,True,False,6.066258606551855e-13
Et,12.648552168552959,on,no_extinction_control,1.2141398997300712e-12,True,False,6.066258606551855e-13
Et,13.894954943731374,off,hard_extinction,0.0,True,False,0.0
Et,13.894954943731374,off,no_extinction_control,0.0,True,False,0.0
Et,13.894954943731374,on,hard_extinction,6.181721801112872e-13,True,False,3.255173908200959e-13
Et,13.894954943731374,on,no_extinction_control,6.181721801112872e-13,True,False,3.255173908200959e-13
Et,15.264179671752318,off,hard_extinction,0.0,True,False,0.0
Et,15.264179671752318,off,no_extinction_control,0.0,True,False,0.0
Et,15.264179671752318,on,hard_extinction,3.3861802251067274e-13,True,False,1.8629542353210127e-13
Et,15.264179671752318,on,no_extinction_control,3.3861802251067274e-13,True,False,1.8629542353210127e-13
Et,16.768329368110066,off,hard_extinction,0.0,True,False,0.0
Et,16.768329368110066,off,no_extinction_control,0.0,True,False,0.0
Et,16.768329368110066,on,hard_extinction,1.8540724511240114e-13,True,False,1.0560996521746802e-13
Et,16.768329368110066,on,no_extinction_control,1.8540724511240114e-13,True,False,1.0560996521746802e-13
Et,18.420699693267146,off,hard_extinction,0.0,True,False,0.0
Et,18.420699693267146,off,no_extinction_control,0.0,True,False,0.0
Et,18.420699693267146,on,hard_extinction,1.2234657731369225e-13,True,False,7.19979631469414e-14
Et,18.420699693267146,on,no_extinction_control,1.2234657731369225e-13,True,False,7.19979631469414e-14
Et,20.235896477251554,off,hard_extinction,0.0,True,False,0.0
Et,20.235896477251554,off,no_extinction_control,0.0,True,False,0.0
Et,20.235896477251554,on,hard_extinction,7.815970093361102e-14,True,False,4.674038933671909e-14
Et,20.235896477251554,on,no_extinction_control,7.815970093361102e-14,True,False,4.674038933671909e-14
Et,22.229964825261934,off,hard_extinction,0.0,True,False,0.0
Et,22.229964825261934,off,no_extinction_control,0.0,True,False,0.0
Et,22.229964825261934,on,hard_extinction,4.8183679268731794e-14,True,False,2.9254376698872875e-14
Et,22.229964825261934,on,no_extinction_control,4.8183679268731794e-14,True,False,2.9254376698872875e-14
Et,24.420530945486497,off,hard_extinction,0.0,True,False,0.0
Et,24.420530945486497,off,no_extinction_control,0.0,True,False,0.0
Et,24.420530945486497,on,hard_extinction,4.04121180963557e-14,True,False,2.6700863742235015e-14
Et,24.420530945486497,on,no_extinction_control,4.04121180963557e-14,True,False,2.6700863742235015e-14
Et,26.826957952797247,off,hard_extinction,0.0,True,False,0.0
Et,26.826957952797247,off,no_extinction_control,0.0,True,False,0.0
Et,26.826957952797247,on,hard_extinction,2.4646951146678475e-14,True,False,1.637578961322106e-14
Et,26.826957952797247,on,no_extinction_control,2.4646951146678475e-14,True,False,1.637578961322106e-14
Et,29.4705170255181,off,hard_extinction,0.0,True,False,0.0
Et,29.4705170255181,off,no_extinction_control,0.0,True,False,0.0
Et,29.4705170255181,on,hard_extinction,1.3988810110276972e-14,True,False,8.493206138382448e-15
Et,29.4705170255181,on,no_extinction_control,1.3988810110276972e-14,True,False,8.493206138382448e-15
Et,32.374575428176435,off,hard_extinction,5.551115123125783e-17,True,False,0.0
Et,32.374575428176435,off,no_extinction_control,0.0,True,False,0.0
Et,32.374575428176435,on,hard_extinction,1.554312234475219e-14,True,False,1.049160758270773e-14
Et,32.374575428176435,on,no_extinction_control,1.554312234475219e-14,True,False,1.049160758270773e-14
Et,35.56480306223125,off,hard_extinction,0.0,True,False,0.0
Et,35.56480306223125,off,no_extinction_control,0.0,True,False,0.0
Et,35.56480306223125,on,hard_extinction,1.199040866595169e-14,True,False,8.104628079763643e-15
Et,35.56480306223125,on,no_extinction_control,1.199040866595169e-14,True,False,8.104628079763643e-15
Et,39.06939937054613,off,hard_extinction,0.0,True,False,0.0
Et,39.06939937054613,off,no_extinction_control,0.0,True,False,0.0
Et,39.06939937054613,on,hard_extinction,1.0436096431476471e-14,True,False,7.549516567451064e-15
Et,39.06939937054613,on,no_extinction_control,1.0436096431476471e-14,True,False,7.549516567451064e-15
Et,42.91934260128774,off,hard_extinction,0.0,True,False,0.0
Et,42.91934260128774,off,no_extinction_control,0.0,True,False,0.0
Et,42.91934260128774,on,hard_extinction,4.884981308350689e-15,True,False,3.608224830031759e-15
Et,42.91934260128774,on,no_extinction_control,4.884981308350689e-15,True,False,3.608224830031759e-15
Et,47.1486636345739,off,hard_extinction,0.0,True,False,0.0
Et,47.1486636345739,off,no_extinction_control,0.0,True,False,0.0
Et,47.1486636345739,on,hard_extinction,6.661338147750939e-15,True,False,4.163336342344337e-15
Et,47.1486636345739,on,no_extinction_control,6.661338147750939e-15,True,False,4.163336342344337e-15
Et,51.794746792312075,off,hard_extinction,0.0,True,False,0.0
Et,51.794746792312075,off,no_extinction_control,0.0,True,False,0.0
Et,51.794746792312075,on,hard_extinction,9.547918011776346e-15,True,False,6.494804694057166e-15
Et,51.794746792312075,on,no_extinction_control,9.547918011776346e-15,True,False,6.494804694057166e-15
Et,56.89866029018293,off,hard_extinction,0.0,True,False,0.0
Et,56.89866029018293,off,no_extinction_control,0.0,True,False,0.0
Et,56.89866029018293,on,hard_extinction,5.551115123125783e-15,True,False,3.7192471324942744e-15
Et,56.89866029018293,on,no_extinction_control,5.551115123125783e-15,True,False,3.7192471324942744e-15
Et,62.505519252739695,off,hard_extinction,0.0,True,False,0.0
Et,62.505519252739695,off,no_extinction_control,0.0,True,False,0.0
Et,62.505519252739695,on,hard_extinction,3.1086244689504383e-15,True,False,2.1094237467877974e-15
Et,62.505519252739695,on,no_extinction_control,3.1086244689504383e-15,True,False,2.1094237467877974e-15
Et,68.66488450042998,off,hard_extinction,0.0,True,False,0.0
Et,68.66488450042998,off,no_extinction_control,0.0,True,False,0.0
Et,68.66488450042998,on,hard_extinction,6.439293542825908e-15,True,False,4.3298697960381105e-15
Et,68.66488450042998,on,no_extinction_control,6.439293542825908e-15,True,False,4.3298697960381105e-15
Et,75.43120063354615,off,hard_extinction,0.0,True,False,0.0
Et,75.43120063354615,off,no_extinction_control,0.0,True,False,0.0
Et,75.43120063354615,on,hard_extinction,7.105427357601002e-15,True,False,5.828670879282072e-15
Et,75.43120063354615,on,no_extinction_control,7.105427357601002e-15,True,False,5.828670879282072e-15
Et,82.86427728546842,off,hard_extinction,0.0,True,False,0.0
Et,82.86427728546842,off,no_extinction_control,0.0,True,False,0.0
Et,82.86427728546842,on,hard_extinction,2.6645352591003757e-15,True,False,1.9984014443252818e-15
Et,82.86427728546842,on,no_extinction_control,2.6645352591003757e-15,True,False,1.9984014443252818e-15
Et,91.02981779915208,off,hard_extinction,0.0,True,False,0.0
Et,91.02981779915208,off,no_extinction_control,0.0,True,False,0.0
Et,91.02981779915208,on,hard_extinction,1.5543122344752192e-15,True,False,1.27675647831893e-15
Et,91.02981779915208,on,no_extinction_control,1.5543122344752192e-15,True,False,1.27675647831893e-15
Et,100.0,off,hard_extinction,5.551115123125783e-17,True,False,0.0
Et,100.0,off,no_extinction_control,5.551115123125783e-17,True,False,0.0
Et,100.0,on,hard_extinction,3.552713678800501e-15,True,False,2.4424906541753444e-15
Et,100.0,on,no_extinction_control,3.552713678800501e-15,True,False,2.4424906541753444e-15
Eu.c,0.0,off,hard_extinction,0.0,True,False,0.0
Eu.c,0.0,off,no_extinction_control,0.0,True,False,0.0
Eu.c,0.0,on,hard_extinction,0.0,True,False,0.0
Eu.c,0.0,on,no_extinction_control,0.0,True,False,0.0
Eu.c,0.01,off,hard_extinction,0.0,True,False,0.0
Eu.c,0.01,off,no_extinction_control,0.0,True,False,0.0
Eu.c,0.01,on,hard_extinction,0.0,True,False,0.0
Eu.c,0.01,on,no_extinction_control,0.0,True,False,0.0
Eu.c,0.010985411419875584,off,hard_extinction,0.0,True,False,0.0
Eu.c,0.010985411419875584,off,no_extinction_control,0.0,True,False,0.0
Eu.c,0.010985411419875584,on,hard_extinction,0.0,True,False,0.0
Eu.c,0.010985411419875584,on,no_extinction_control,0.0,True,False,0.0
Eu.c,0.012067926406393288,off,hard_extinction,0.0,True,False,0.0
Eu.c,0.012067926406393288,off,no_extinction_control,0.0,True,False,0.0
Eu.c,0.012067926406393288,on,hard_extinction,0.0,True,False,0.0
Eu.c,0.012067926406393288,on,no_extinction_control,0.0,True,False,0.0
Eu.c,0.013257113655901088,off,hard_extinction,0.0,True,False,0.0
Eu.c,0.013257113655901088,off,no_extinction_control,0.0,True,False,0.0
Eu.c,0.013257113655901088,on,hard_extinction,0.0,True,False,0.0
Eu.c,0.013257113655901088,on,no_extinction_control,0.0,True,False,0.0
Eu.c,0.014563484775012436,off,hard_extinction,0.0,True,False,0.0
Eu.c,0.014563484775012436,off,no_extinction_control,0.0,True,False,0.0
Eu.c,0.014563484775012436,on,hard_extinction,0.0,True,False,0.0
Eu.c,0.014563484775012436,on,no_extinction_control,0.0,True,False,0.0
Eu.c,0.015998587196060583,off,hard_extinction,0.0,True,False,0.0
Eu.c,0.015998587196060583,off,no_extinction_control,0.0,True,False,0.0
Eu.c,0.015998587196060583,on,hard_extinction,0.0,True,False,0.0
Eu.c,0.015998587196060583,on,no_extinction_control,0.0,True,False,0.0
Eu.c,0.017575106248547922,off,hard_extinction,0.0,True,False,0.0
Eu.c,0.017575106248547922,off,no_extinction_control,0.0,True,False,0.0
Eu.c,0.017575106248547922,on,hard_extinction,0.0,True,False,0.0
Eu.c,0.017575106248547922,on,no_extinction_control,0.0,True,False,0.0
Eu.c,0.019306977288832496,off,hard_extinction,0.0,True,False,0.0
Eu.c,0.019306977288832496,off,no_extinction_control,0.0,True,False,0.0
Eu.c,0.019306977288832496,on,hard_extinction,0.0,True,False,0.0
Eu.c,0.019306977288832496,on,no_extinction_control,0.0,True,False,0.0
Eu.c,0.021209508879201904,off,hard_extinction,0.0,True,False,0.0
Eu.c,0.021209508879201904,off,no_extinction_control,0.0,True,False,0.0
Eu.c,0.021209508879201904,on,hard_extinction,0.0,True,False,0.0
Eu.c,0.021209508879201904,on,no_extinction_control,0.0,True,False,0.0
Eu.c,0.023299518105153717,off,hard_extinction,0.0,True,False,0.0
Eu.c,0.023299518105153717,off,no_extinction_control,0.0,True,False,0.0
Eu.c,0.023299518105153717,on,hard_extinction,0.0,True,False,0.0
Eu.c,0.023299518105153717,on,no_extinction_control,0.0,True,False,0.0
Eu.c,0.025595479226995357,off,hard_extinction,0.0,True,False,0.0
Eu.c,0.025595479226995357,off,no_extinction_control,0.0,True,False,0.0
Eu.c,0.025595479226995357,on,hard_extinction,0.0,True,False,0.0
Eu.c,0.025595479226995357,on,no_extinction_control,0.0,True,False,0.0
Eu.c,0.028117686979742307,off,hard_extinction,0.0,True,False,0.0
Eu.c,0.028117686979742307,off,no_extinction_control,0.0,True,False,0.0
Eu.c,0.028117686979742307,on,hard_extinction,0.0,True,False,0.0
Eu.c,0.028117686979742307,on,no_extinction_control,0.0,True,False,0.0
Eu.c,0.030888435964774818,off,hard_extinction,0.0,True,False,0.0
Eu.c,0.030888435964774818,off,no_extinction_control,0.0,True,False,0.0
Eu.c,0.030888435964774818,on,hard_extinction,0.0,True,False,0.0
Eu.c,0.030888435964774818,on,no_extinction_control,0.0,True,False,0.0
Eu.c,0.03393221771895328,off,hard_extinction,0.0,True,False,0.0
Eu.c,0.03393221771895328,off,no_extinction_control,0.0,True,False,0.0
Eu.c,0.03393221771895328,on,hard_extinction,0.0,True,False,0.0
Eu.c,0.03393221771895328,on,no_extinction_control,0.0,True,False,0.0
Eu.c,0.0372759372031494,off,hard_extinction,0.0,True,False,0.0
Eu.c,0.0372759372031494,off,no_extinction_control,0.0,True,False,0.0
Eu.c,0.0372759372031494,on,hard_extinction,0.0,True,False,0.0
Eu.c,0.0372759372031494,on,no_extinction_control,0.0,True,False,0.0
Eu.c,0.040949150623804234,off,hard_extinction,0.0,True,False,0.0
Eu.c,0.040949150623804234,off,no_extinction_control,0.0,True,False,0.0
Eu.c,0.040949150623804234,on,hard_extinction,0.0,True,False,0.0
Eu.c,0.040949150623804234,on,no_extinction_control,0.0,True,False,0.0
Eu.c,0.04498432668969444,off,hard_extinction,0.0,True,False,0.0
Eu.c,0.04498432668969444,off,no_extinction_control,0.0,True,False,0.0
Eu.c,0.04498432668969444,on,hard_extinction,0.0,True,False,0.0
Eu.c,0.04498432668969444,on,no_extinction_control,0.0,True,False,0.0
Eu.c,0.04941713361323833,off,hard_extinction,0.0,True,False,0.0
Eu.c,0.04941713361323833,off,no_extinction_control,0.0,True,False,0.0
Eu.c,0.04941713361323833,on,hard_extinction,0.0,True,False,0.0
Eu.c,0.04941713361323833,on,no_extinction_control,0.0,True,False,0.0
Eu.c,0.054286754393238594,off,hard_extinction,0.0,True,False,0.0
Eu.c,0.054286754393238594,off,no_extinction_control,0.0,True,False,0.0
Eu.c,0.054286754393238594,on,hard_extinction,0.0,True,False,0.0
Eu.c,0.054286754393238594,on,no_extinction_control,0.0,True,False,0.0
Eu.c,0.05963623316594643,off,hard_extinction,0.0,True,False,0.0
Eu.c,0.05963623316594643,off,no_extinction_control,0.0,True,False,0.0
Eu.c,0.05963623316594643,on,hard_extinction,0.0,True,False,0.0
Eu.c,0.05963623316594643,on,no_extinction_control,0.0,True,False,0.0
Eu.c,0.0655128556859551,off,hard_extinction,0.0,True,False,0.0
Eu.c,0.0655128556859551,off,no_extinction_control,0.0,True,False,0.0
Eu.c,0.0655128556859551,on,hard_extinction,0.0,True,False,0.0
Eu.c,0.0655128556859551,on,no_extinction_control,0.0,True,False,0.0
Eu.c,0.07196856730011521,off,hard_extinction,0.0,True,False,0.0
Eu.c,0.07196856730011521,off,no_extinction_control,0.0,True,False,0.0
Eu.c,0.07196856730011521,on,hard_extinction,0.0,True,False,0.0
Eu.c,0.07196856730011521,on,no_extinction_control,0.0,True,False,0.0
Eu.c,0.07906043210907697,off,hard_extinction,0.0,True,False,0.0
Eu.c,0.07906043210907697,off,no_extinction_control,0.0,True,False,0.0
Eu.c,0.07906043210907697,on,hard_extinction,0.0,True,False,0.0
Eu.c,0.07906043210907697,on,no_extinction_control,0.0,True,False,0.0
Eu.c,0.08685113737513525,off,hard_extinction,0.0,True,False,0.0
Eu.c,0.08685113737513525,off,no_extinction_control,0.0,True,False,0.0
Eu.c,0.08685113737513525,on,hard_extinction,0.0,True,False,0.0
Eu.c,0.08685113737513525,on,no_extinction_control,0.0,True,False,0.0
Eu.c,0.09540954763499938,off,hard_extinction,0.0,True,False,0.0
Eu.c,0.09540954763499938,off,no_extinction_control,0.0,True,False,0.0
Eu.c,0.09540954763499938,on,hard_extinction,0.0,True,False,0.0
Eu.c,0.09540954763499938,on,no_extinction_control,0.0,True,False,0.0
Eu.c,0.10481131341546858,off,hard_extinction,0.0,True,False,0.0
Eu.c,0.10481131341546858,off,no_extinction_control,0.0,True,False,0.0
Eu.c,0.10481131341546858,on,hard_extinction,0.0,True,False,0.0
Eu.c,0.10481131341546858,on,no_extinction_control,0.0,True,False,0.0
Eu.c,0.1151395399326447,off,hard_extinction,0.0,True,False,0.0
Eu.c,0.1151395399326447,off,no_extinction_control,0.0,True,False,0.0
Eu.c,0.1151395399326447,on,hard_extinction,0.0,True,False,0.0
Eu.c,0.1151395399326447,on,no_extinction_control,0.0,True,False,0.0
Eu.c,0.12648552168552957,off,hard_extinction,0.0,True,False,0.0
Eu.c,0.12648552168552957,off,no_extinction_control,0.0,True,False,0.0
Eu.c,0.12648552168552957,on,hard_extinction,0.0,True,False,0.0
Eu.c,0.12648552168552957,on,no_extinction_control,0.0,True,False,0.0
Eu.c,0.13894954943731375,off,hard_extinction,0.0,True,False,0.0
Eu.c,0.13894954943731375,off,no_extinction_control,0.0,True,False,0.0
Eu.c,0.13894954943731375,on,hard_extinction,0.0,True,False,0.0
Eu.c,0.13894954943731375,on,no_extinction_control,0.0,True,False,0.0
Eu.c,0.15264179671752334,off,hard_extinction,0.0,True,False,0.0
Eu.c,0.15264179671752334,off,no_extinction_control,0.0,True,False,0.0
Eu.c,0.15264179671752334,on,hard_extinction,0.0,True,False,0.0
Eu.c,0.15264179671752334,on,no_extinction_control,0.0,True,False,0.0
Eu.c,0.16768329368110074,off,hard_extinction,0.0,True,False,0.0
Eu.c,0.16768329368110074,off,no_extinction_control,0.0,True,False,0.0
Eu.c,0.16768329368110074,on,hard_extinction,0.0,True,False,0.0
Eu.c,0.16768329368110074,on,no_extinction_control,0.0,True,False,0.0
Eu.c,0.18420699693267154,off,hard_extinction,0.0,True,False,0.0
Eu.c,0.18420699693267154,off,no_extinction_control,0.0,True,False,0.0
Eu.c,0.18420699693267154,on,hard_extinction,0.0,True,False,0.0
Eu.c,0.18420699693267154,on,no_extinction_control,0.0,True,False,0.0
Eu.c,0.20235896477251566,off,hard_extinction,0.0,True,False,0.0
Eu.c,0.20235896477251566,off,no_extinction_control,0.0,True,False,0.0
Eu.c,0.20235896477251566,on,hard_extinction,0.0,True,False,0.0
Eu.c,0.20235896477251566,on,no_extinction_control,0.0,True,False,0.0
Eu.c,0.22229964825261944,off,hard_extinction,0.0,True,False,0.0
Eu.c,0.22229964825261944,off,no_extinction_control,0.0,True,False,0.0
Eu.c,0.22229964825261944,on,hard_extinction,0.0,True,False,0.0
Eu.c,0.22229964825261944,on,no_extinction_control,0.0,True,False,0.0
Eu.c,0.2442053094548651,off,hard_extinction,0.0,True,False,0.0
Eu.c,0.2442053094548651,off,no_extinction_control,0.0,True,False,0.0
Eu.c,0.2442053094548651,on,hard_extinction,0.0,True,False,0.0
Eu.c,0.2442053094548651,on,no_extinction_control,0.0,True,False,0.0
Eu.c,0.2682695795279725,off,hard_extinction,0.0,True,False,0.0
Eu.c,0.2682695795279725,off,no_extinction_control,0.0,True,False,0.0
Eu.c,0.2682695795279725,on,hard_extinction,0.0,True,False,0.0
Eu.c,0.2682695795279725,on,no_extinction_control,0.0,True,False,0.0
Eu.c,0.29470517025518095,off,hard_extinction,0.0,True,False,0.0
Eu.c,0.29470517025518095,off,no_extinction_control,0.0,True,False,0.0
Eu.c,0.29470517025518095,on,hard_extinction,0.0,True,False,0.0
Eu.c,0.29470517025518095,on,no_extinction_control,0.0,True,False,0.0
Eu.c,0.32374575428176433,off,hard_extinction,0.0,True,False,0.0
Eu.c,0.32374575428176433,off,no_extinction_control,0.0,True,False,0.0
Eu.c,0.32374575428176433,on,hard_extinction,0.0,True,False,0.0
Eu.c,0.32374575428176433,on,no_extinction_control,0.0,True,False,0.0
Eu.c,0.35564803062231287,off,hard_extinction,0.0,True,False,0.0
Eu.c,0.35564803062231287,off,no_extinction_control,0.0,True,False,0.0
Eu.c,0.35564803062231287,on,hard_extinction,0.0,True,False,0.0
Eu.c,0.35564803062231287,on,no_extinction_control,0.0,True,False,0.0
Eu.c,0.3906939937054615,off,hard_extinction,0.0,True,False,0.0
Eu.c,0.3906939937054615,off,no_extinction_control,0.0,True,False,0.0
Eu.c,0.3906939937054615,on,hard_extinction,0.0,True,False,0.0
Eu.c,0.3906939937054615,on,no_extinction_control,0.0,True,False,0.0
Eu.c,0.42919342601287763,off,hard_extinction,0.0,True,False,0.0
Eu.c,0.42919342601287763,off,no_extinction_control,0.0,True,False,0.0
Eu.c,0.42919342601287763,on,hard_extinction,0.0,True,False,0.0
Eu.c,0.42919342601287763,on,no_extinction_control,0.0,True,False,0.0
Eu.c,0.47148663634573923,off,hard_extinction,0.0,True,False,0.0
Eu.c,0.47148663634573923,off,no_extinction_control,0.0,True,False,0.0
Eu.c,0.47148663634573923,on,hard_extinction,0.0,True,False,0.0
Eu.c,0.47148663634573923,on,no_extinction_control,0.0,True,False,0.0
Eu.c,0.517947467923121,off,hard_extinction,0.0,True,False,0.0
Eu.c,0.517947467923121,off,no_extinction_control,0.0,True,False,0.0
Eu.c,0.517947467923121,on,hard_extinction,0.0,True,False,0.0
Eu.c,0.517947467923121,on,no_extinction_control,0.0,True,False,0.0
Eu.c,0.5689866029018296,off,hard_extinction,0.0,True,False,0.0
Eu.c,0.5689866029018296,off,no_extinction_control,0.0,True,False,0.0
Eu.c,0.5689866029018296,on,hard_extinction,0.0,True,False,0.0
Eu.c,0.5689866029018296,on,no_extinction_control,0.0,True,False,0.0
Eu.c,0.6250551925273969,off,hard_extinction,0.0,True,False,0.0
Eu.c,0.6250551925273969,off,no_extinction_control,0.0,True,False,0.0
Eu.c,0.6250551925273969,on,hard_extinction,0.0,True,False,0.0
Eu.c,0.6250551925273969,on,no_extinction_control,0.0,True,False,0.0
Eu.c,0.6866488450042998,off,hard_extinction,0.0,True,False,0.0
Eu.c,0.6866488450042998,off,no_extinction_control,0.0,True,False,0.0
Eu.c,0.6866488450042998,on,hard_extinction,0.0,True,False,0.0
Eu.c,0.6866488450042998,on,no_extinction_control,0.0,True,False,0.0
Eu.c,0.7543120063354615,off,hard_extinction,0.0,True,False,0.0
Eu.c,0.7543120063354615,off,no_extinction_control,0.0,True,False,0.0
Eu.c,0.7543120063354615,on,hard_extinction,0.0,True,False,0.0
Eu.c,0.7543120063354615,on,no_extinction_control,0.0,True,False,0.0
Eu.c,0.8286427728546842,off,hard_extinction,0.0,True,False,0.0
Eu.c,0.8286427728546842,off,no_extinction_control,0.0,True,False,0.0
Eu.c,0.8286427728546842,on,hard_extinction,0.0,True,False,0.0
Eu.c,0.8286427728546842,on,no_extinction_control,0.0,True,False,0.0
Eu.c,0.9102981779915218,off,hard_extinction,0.0,True,False,0.0
Eu.c,0.9102981779915218,off,no_extinction_control,0.0,True,False,0.0
Eu.c,0.9102981779915218,on,hard_extinction,0.0,True,False,0.0
Eu.c,0.9102981779915218,on,no_extinction_control,0.0,True,False,0.0
Eu.c,0.9999999999999994,off,hard_extinction,4.385380947269368e-15,True,False,1.0103029524088925e-14
Eu.c,0.9999999999999994,off,no_extinction_control,4.385380947269368e-15,True,False,1.0103029524088925e-14
Eu.c,0.9999999999999994,on,hard_extinction,0.0,True,False,0.0
Eu.c,0.9999999999999994,on,no_extinction_control,0.0,True,False,0.0
Eu.c,1.0985411419875584,off,hard_extinction,4.406253140132321e-12,True,False,7.198242002459665e-12
Eu.c,1.0985411419875584,off,no_extinction_control,4.406253140132321e-12,True,False,7.198242002459665e-12
Eu.c,1.0985411419875584,on,hard_extinction,0.0,True,False,0.0
Eu.c,1.0985411419875584,on,no_extinction_control,0.0,True,False,0.0
Eu.c,1.2067926406393277,off,hard_extinction,4.256624941412213e-09,True,False,6.672355779002714e-09
Eu.c,1.2067926406393277,off,no_extinction_control,4.256624941412213e-09,True,False,6.672355779002714e-09
Eu.c,1.2067926406393277,on,hard_extinction,0.0,True,False,0.0
Eu.c,1.2067926406393277,on,no_extinction_control,0.0,True,False,0.0
Eu.c,1.325711365590108,off,hard_extinction,5.950220506534265e-06,False,False,8.560376163702088e-06
Eu.c,1.325711365590108,off,no_extinction_control,5.950220506534265e-06,False,False,8.560376163702088e-06
Eu.c,1.325711365590108,on,hard_extinction,0.0,True,False,0.0
Eu.c,1.325711365590108,on,no_extinction_control,0.0,True,False,0.0
Eu.c,1.456348477501243,off,hard_extinction,0.0112386744290901,False,False,0.012665712143364205
Eu.c,1.456348477501243,off,no_extinction_control,0.0112386744290901,False,False,0.012665712143364205
Eu.c,1.456348477501243,on,hard_extinction,0.0,True,False,0.0
Eu.c,1.456348477501243,on,no_extinction_control,0.0,True,False,0.0
Eu.c,1.5998587196060574,off,hard_extinction,1.569969164813826,False,False,0.13385991212916104
Eu.c,1.5998587196060574,off,no_extinction_control,1.569969164813826,False,False,0.13385991212916104
Eu.c,1.5998587196060574,on,hard_extinction,0.0,True,False,0.0
Eu.c,1.5998587196060574,on,no_extinction_control,0.0,True,False,0.0
Eu.c,1.7575106248547911,off,hard_extinction,7.904330594080123,False,False,0.0003780948603124834
Eu.c,1.7575106248547911,off,no_extinction_control,2.7163025832793224,False,False,0.0003773681780274707
Eu.c,1.7575106248547911,on,hard_extinction,0.0,True,False,0.0
Eu.c,1.7575106248547911,on,no_extinction_control,0.0,True,False,0.0
Eu.c,1.9306977288832496,off,hard_extinction,0.0,True,False,0.0
Eu.c,1.9306977288832496,off,no_extinction_control,3.0325892942230013,False,False,2.972152961522312e-07
Eu.c,1.9306977288832496,on,hard_extinction,0.0,True,False,0.0
Eu.c,1.9306977288832496,on,no_extinction_control,0.0,True,False,0.0
Eu.c,2.1209508879201904,off,hard_extinction,0.0,True,False,0.0
Eu.c,2.1209508879201904,off,no_extinction_control,1.8055827062776562,False,False,3.0879410140016716e-10
Eu.c,2.1209508879201904,on,hard_extinction,0.0,True,False,0.0
Eu.c,2.1209508879201904,on,no_extinction_control,0.0,True,False,0.0
Eu.c,2.329951810515372,off,hard_extinction,0.0,True,False,0.0
Eu.c,2.329951810515372,off,no_extinction_control,0.04371140704947507,False,False,4.991562718714704e-13
Eu.c,2.329951810515372,on,hard_extinction,0.0,True,False,0.0
Eu.c,2.329951810515372,on,no_extinction_control,0.0,True,False,0.0
Eu.c,2.5595479226995357,off,hard_extinction,0.0,True,False,0.0
Eu.c,2.5595479226995357,off,no_extinction_control,0.00011830640535848147,False,False,1.3322676295501878e-15
Eu.c,2.5595479226995357,on,hard_extinction,0.0,True,False,0.0
Eu.c,2.5595479226995357,on,no_extinction_control,0.0,True,False,0.0
Eu.c,2.811768697974228,off,hard_extinction,0.0,True,False,0.0
Eu.c,2.811768697974228,off,no_extinction_control,4.799926180965031e-07,False,False,0.0
Eu.c,2.811768697974228,on,hard_extinction,0.0,True,False,0.0
Eu.c,2.811768697974228,on,no_extinction_control,0.0,True,False,0.0
Eu.c,3.0888435964774787,off,hard_extinction,0.0,True,False,0.0
Eu.c,3.0888435964774787,off,no_extinction_control,3.0087274893730864e-09,True,False,0.0
Eu.c,3.0888435964774787,on,hard_extinction,0.0,True,False,0.0
Eu.c,3.0888435964774787,on,no_extinction_control,0.0,True,False,0.0
Eu.c,3.3932217718953264,off,hard_extinction,0.0,True,False,0.0
Eu.c,3.3932217718953264,off,no_extinction_control,2.843592028511921e-11,True,False,0.0
Eu.c,3.3932217718953264,on,hard_extinction,0.0,True,False,0.0
Eu.c,3.3932217718953264,on,no_extinction_control,0.0,True,False,0.0
Eu.c,3.727593720314938,off,hard_extinction,0.0,True,False,0.0
Eu.c,3.727593720314938,off,no_extinction_control,3.943512183468556e-13,True,False,0.0
Eu.c,3.727593720314938,on,hard_extinction,0.0,True,False,0.0
Eu.c,3.727593720314938,on,no_extinction_control,0.0,True,False,0.0
Eu.c,4.094915062380423,off,hard_extinction,0.0,True,False,0.0
Eu.c,4.094915062380423,off,no_extinction_control,7.105427357601002e-15,True,False,0.0
Eu.c,4.094915062380423,on,hard_extinction,0.0,True,False,0.0
Eu.c,4.094915062380423,on,no_extinction_control,0.0,True,False,0.0
Eu.c,4.498432668969444,off,hard_extinction,0.0,True,False,0.0
Eu.c,4.498432668969444,off,no_extinction_control,0.0,True,False,0.0
Eu.c,4.498432668969444,on,hard_extinction,0.0,True,False,0.0
Eu.c,4.498432668969444,on,no_extinction_control,0.0,True,False,0.0
Eu.c,4.941713361323833,off,hard_extinction,0.0,True,False,0.0
Eu.c,4.941713361323833,off,no_extinction_control,0.0,True,False,0.0
Eu.c,4.941713361323833,on,hard_extinction,0.0,True,False,0.0
Eu.c,4.941713361323833,on,no_extinction_control,0.0,True,False,0.0
Eu.c,5.428675439323859,off,hard_extinction,0.0,True,False,0.0
Eu.c,5.428675439323859,off,no_extinction_control,0.0,True,False,0.0
Eu.c,5.428675439323859,on,hard_extinction,0.0,True,False,0.0
Eu.c,5.428675439323859,on,no_extinction_control,0.0,True,False,0.0
Eu.c,5.963623316594643,off,hard_extinction,0.0,True,False,0.0
Eu.c,5.963623316594643,off,no_extinction_control,0.0,True,False,0.0
Eu.c,5.963623316594643,on,hard_extinction,0.0,True,False,0.0
Eu.c,5.963623316594643,on,no_extinction_control,0.0,True,False,0.0
Eu.c,6.551285568595502,off,hard_extinction,0.0,True,False,0.0
Eu.c,6.551285568595502,off,no_extinction_control,0.0,True,False,0.0
Eu.c,6.551285568595502,on,hard_extinction,0.0,True,False,0.0
Eu.c,6.551285568595502,on,no_extinction_control,0.0,True,False,0.0
Eu.c,7.196856730011514,off,hard_extinction,0.0,True,False,0.0
Eu.c,7.196856730011514,off,no_extinction_control,0.0,True,False,0.0
Eu.c,7.196856730011514,on,hard_extinction,0.0,True,False,0.0
Eu.c,7.196856730011514,on,no_extinction_control,0.0,True,False,0.0
Eu.c,7.9060432109076935,off,hard_extinction,0.0,True,False,0.0
Eu.c,7.9060432109076935,off,no_extinction_control,0.0,True,False,0.0
Eu.c,7.9060432109076935,on,hard_extinction,0.0,True,False,0.0
Eu.c,7.9060432109076935,on,no_extinction_control,0.0,True,False,0.0
Eu.c,8.68511373751352,off,hard_extinction,0.0,True,False,0.0
Eu.c,8.68511373751352,off,no_extinction_control,0.0,True,False,0.0
Eu.c,8.68511373751352,on,hard_extinction,0.0,True,False,0.0
Eu.c,8.68511373751352,on,no_extinction_control,0.0,True,False,0.0
Eu.c,9.540954763499935,off,hard_extinction,0.0,True,False,0.0
Eu.c,9.540954763499935,off,no_extinction_control,0.0,True,False,0.0
Eu.c,9.540954763499935,on,hard_extinction,0.0,True,False,0.0
Eu.c,9.540954763499935,on,no_extinction_control,0.0,True,False,0.0
Eu.c,10.481131341546853,off,hard_extinction,0.0,True,False,0.0
Eu.c,10.481131341546853,off,no_extinction_control,0.0,True,False,0.0
Eu.c,10.481131341546853,on,hard_extinction,0.0,True,False,0.0
Eu.c,10.481131341546853,on,no_extinction_control,0.0,True,False,0.0
Eu.c,11.513953993264469,off,hard_extinction,0.0,True,False,0.0
Eu.c,11.513953993264469,off,no_extinction_control,0.0,True,False,0.0
Eu.c,11.513953993264469,on,hard_extinction,0.0,True,False,0.0
Eu.c,11.513953993264469,on,no_extinction_control,0.0,True,False,0.0
Eu.c,12.648552168552959,off,hard_extinction,0.0,True,False,0.0
Eu.c,12.648552168552959,off,no_extinction_control,0.0,True,False,0.0
Eu.c,12.648552168552959,on,hard_extinction,0.0,True,False,0.0
Eu.c,12.648552168552959,on,no_extinction_control,0.0,True,False,0.0
Eu.c,13.894954943731374,off,hard_extinction,1.1102230246251565e-16,True,False,0.0
Eu.c,13.894954943731374,off,no_extinction_control,0.0,True,False,0.0
Eu.c,13.894954943731374,on,hard_extinction,0.0,True,False,0.0
Eu.c,13.894954943731374,on,no_extinction_control,0.0,True,False,0.0
Eu.c,15.264179671752318,off,hard_extinction,0.0,True,False,0.0
Eu.c,15.264179671752318,off,no_extinction_control,0.0,True,False,0.0
Eu.c,15.264179671752318,on,hard_extinction,0.0,True,False,0.0
Eu.c,15.264179671752318,on,no_extinction_control,0.0,True,False,0.0
Eu.c,16.768329368110066,off,hard_extinction,0.0,True,False,0.0
Eu.c,16.768329368110066,off,no_extinction_control,0.0,True,False,0.0
Eu.c,16.768329368110066,on,hard_extinction,0.0,True,False,0.0
Eu.c,16.768329368110066,on,no_extinction_control,0.0,True,False,0.0
Eu.c,18.420699693267146,off,hard_extinction,0.0,True,False,0.0
Eu.c,18.420699693267146,off,no_extinction_control,0.0,True,False,0.0
Eu.c,18.420699693267146,on,hard_extinction,0.0,True,False,0.0
Eu.c,18.420699693267146,on,no_extinction_control,0.0,True,False,0.0
Eu.c,20.235896477251554,off,hard_extinction,0.0,True,False,0.0
Eu.c,20.235896477251554,off,no_extinction_control,0.0,True,False,0.0
Eu.c,20.235896477251554,on,hard_extinction,0.0,True,False,0.0
Eu.c,20.235896477251554,on,no_extinction_control,0.0,True,False,0.0
Eu.c,22.229964825261934,off,hard_extinction,0.0,True,False,0.0
Eu.c,22.229964825261934,off,no_extinction_control,0.0,True,False,0.0
Eu.c,22.229964825261934,on,hard_extinction,0.0,True,False,0.0
Eu.c,22.229964825261934,on,no_extinction_control,0.0,True,False,0.0
Eu.c,24.420530945486497,off,hard_extinction,0.0,True,False,0.0
Eu.c,24.420530945486497,off,no_extinction_control,0.0,True,False,0.0
Eu.c,24.420530945486497,on,hard_extinction,0.0,True,False,0.0
Eu.c,24.420530945486497,on,no_extinction_control,0.0,True,False,0.0
Eu.c,26.826957952797247,off,hard_extinction,0.0,True,False,0.0
Eu.c,26.826957952797247,off,no_extinction_control,0.0,True,False,0.0
Eu.c,26.826957952797247,on,hard_extinction,0.0,True,False,0.0
Eu.c,26.826957952797247,on,no_extinction_control,0.0,True,False,0.0
Eu.c,29.4705170255181,off,hard_extinction,0.0,True,False,0.0
Eu.c,29.4705170255181,off,no_extinction_control,0.0,True,False,0.0
Eu.c,29.4705170255181,on,hard_extinction,0.0,True,False,0.0
Eu.c,29.4705170255181,on,no_extinction_control,0.0,True,False,0.0
Eu.c,32.374575428176435,off,hard_extinction,0.0,True,False,0.0
Eu.c,32.374575428176435,off,no_extinction_control,0.0,True,False,0.0
Eu.c,32.374575428176435,on,hard_extinction,0.0,True,False,0.0
Eu.c,32.374575428176435,on,no_extinction_control,0.0,True,False,0.0
Eu.c,35.56480306223125,off,hard_extinction,0.0,True,False,0.0
Eu.c,35.56480306223125,off,no_extinction_control,0.0,True,False,0.0
Eu.c,35.56480306223125,on,hard_extinction,0.0,True,False,0.0
Eu.c,35.56480306223125,on,no_extinction_control,0.0,True,False,0.0
Eu.c,39.06939937054613,off,hard_extinction,0.0,True,False,0.0
Eu.c,39.06939937054613,off,no_extinction_control,0.0,True,False,0.0
Eu.c,39.06939937054613,on,hard_extinction,0.0,True,False,0.0
Eu.c,39.06939937054613,on,no_extinction_control,0.0,True,False,0.0
Eu.c,42.91934260128774,off,hard_extinction,0.0,True,False,0.0
Eu.c,42.91934260128774,off,no_extinction_control,0.0,True,False,0.0
Eu.c,42.91934260128774,on,hard_extinction,0.0,True,False,0.0
Eu.c,42.91934260128774,on,no_extinction_control,0.0,True,False,0.0
Eu.c,47.1486636345739,off,hard_extinction,0.0,True,False,0.0
Eu.c,47.1486636345739,off,no_extinction_control,0.0,True,False,0.0
Eu.c,47.1486636345739,on,hard_extinction,0.0,True,False,0.0
Eu.c,47.1486636345739,on,no_extinction_control,0.0,True,False,0.0
Eu.c,51.794746792312075,off,hard_extinction,0.0,True,False,0.0
Eu.c,51.794746792312075,off,no_extinction_control,0.0,True,False,0.0
Eu.c,51.794746792312075,on,hard_extinction,0.0,True,False,0.0
Eu.c,51.794746792312075,on,no_extinction_control,0.0,True,False,0.0
Eu.c,56.89866029018293,off,hard_extinction,0.0,True,False,0.0
Eu.c,56.89866029018293,off,no_extinction_control,0.0,True,False,0.0
Eu.c,56.89866029018293,on,hard_extinction,0.0,True,False,0.0
Eu.c,56.89866029018293,on,no_extinction_control,0.0,True,False,0.0
Eu.c,62.505519252739695,off,hard_extinction,0.0,True,False,0.0
Eu.c,62.505519252739695,off,no_extinction_control,0.0,True,False,0.0
Eu.c,62.505519252739695,on,hard_extinction,0.0,True,False,0.0
Eu.c,62.505519252739695,on,no_extinction_control,0.0,True,False,0.0
Eu.c,68.66488450042998,off,hard_extinction,0.0,True,False,0.0
Eu.c,68.66488450042998,off,no_extinction_control,0.0,True,False,0.0
Eu.c,68.66488450042998,on,hard_extinction,0.0,True,False,0.0
Eu.c,68.66488450042998,on,no_extinction_control,0.0,True,False,0.0
Eu.c,75.43120063354615,off,hard_extinction,0.0,True,False,0.0
Eu.c,75.43120063354615,off,no_extinction_control,0.0,True,False,0.0
Eu.c,75.43120063354615,on,hard_extinction,0.0,True,False,0.0
Eu.c,75.43120063354615,on,no_extinction_control,0.0,True,False,0.0
Eu.c,82.86427728546842,off,hard_extinction,0.0,True,False,0.0
Eu.c,82.86427728546842,off,no_extinction_control,0.0,True,False,0.0
Eu.c,82.86427728546842,on,hard_extinction,0.0,True,False,0.0
Eu.c,82.86427728546842,on,no_extinction_control,0.0,True,False,0.0
Eu.c,91.02981779915208,off,hard_extinction,0.0,True,False,0.0
Eu.c,91.02981779915208,off,no_extinction_control,0.0,True,False,0.0
Eu.c,91.02981779915208,on,hard_extinction,0.0,True,False,0.0
Eu.c,91.02981779915208,on,no_extinction_control,0.0,True,False,0.0
Eu.c,100.0,off,hard_extinction,0.0,True,False,0.0
Eu.c,100.0,off,no_extinction_control,0.0,True,False,0.0
Eu.c,100.0,on,hard_extinction,0.0,True,False,0.0
Eu.c,100.0,on,no_extinction_control,0.0,True,False,0.0
Eu.l,0.0,off,hard_extinction,0.0,True,False,0.0
Eu.l,0.0,off,no_extinction_control,0.0,True,False,0.0
Eu.l,0.0,on,hard_extinction,0.0,True,False,0.0
Eu.l,0.0,on,no_extinction_control,0.0,True,False,0.0
Eu.l,0.01,off,hard_extinction,0.0,True,False,0.0
Eu.l,0.01,off,no_extinction_control,0.0,True,False,0.0
Eu.l,0.01,on,hard_extinction,0.0,True,False,0.0
Eu.l,0.01,on,no_extinction_control,0.0,True,False,0.0
Eu.l,0.010985411419875584,off,hard_extinction,0.0,True,False,0.0
Eu.l,0.010985411419875584,off,no_extinction_control,0.0,True,False,0.0
Eu.l,0.010985411419875584,on,hard_extinction,0.0,True,False,0.0
Eu.l,0.010985411419875584,on,no_extinction_control,0.0,True,False,0.0
Eu.l,0.012067926406393288,off,hard_extinction,0.0,True,False,0.0
Eu.l,0.012067926406393288,off,no_extinction_control,0.0,True,False,0.0
Eu.l,0.012067926406393288,on,hard_extinction,0.0,True,False,0.0
Eu.l,0.012067926406393288,on,no_extinction_control,0.0,True,False,0.0
Eu.l,0.013257113655901088,off,hard_extinction,0.0,True,False,0.0
Eu.l,0.013257113655901088,off,no_extinction_control,0.0,True,False,0.0
Eu.l,0.013257113655901088,on,hard_extinction,0.0,True,False,0.0
Eu.l,0.013257113655901088,on,no_extinction_control,0.0,True,False,0.0
Eu.l,0.014563484775012436,off,hard_extinction,0.0,True,False,0.0
Eu.l,0.014563484775012436,off,no_extinction_control,0.0,True,False,0.0
Eu.l,0.014563484775012436,on,hard_extinction,0.0,True,False,0.0
Eu.l,0.014563484775012436,on,no_extinction_control,0.0,True,False,0.0
Eu.l,0.015998587196060583,off,hard_extinction,0.0,True,False,0.0
Eu.l,0.015998587196060583,off,no_extinction_control,0.0,True,False,0.0
Eu.l,0.015998587196060583,on,hard_extinction,0.0,True,False,0.0
Eu.l,0.015998587196060583,on,no_extinction_control,0.0,True,False,0.0
Eu.l,0.017575106248547922,off,hard_extinction,0.0,True,False,0.0
Eu.l,0.017575106248547922,off,no_extinction_control,0.0,True,False,0.0
Eu.l,0.017575106248547922,on,hard_extinction,0.0,True,False,0.0
Eu.l,0.017575106248547922,on,no_extinction_control,0.0,True,False,0.0
Eu.l,0.019306977288832496,off,hard_extinction,0.0,True,False,0.0
Eu.l,0.019306977288832496,off,no_extinction_control,0.0,True,False,0.0
Eu.l,0.019306977288832496,on,hard_extinction,0.0,True,False,0.0
Eu.l,0.019306977288832496,on,no_extinction_control,0.0,True,False,0.0
Eu.l,0.021209508879201904,off,hard_extinction,0.0,True,False,0.0
Eu.l,0.021209508879201904,off,no_extinction_control,0.0,True,False,0.0
Eu.l,0.021209508879201904,on,hard_extinction,0.0,True,False,0.0
Eu.l,0.021209508879201904,on,no_extinction_control,0.0,True,False,0.0
Eu.l,0.023299518105153717,off,hard_extinction,0.0,True,False,0.0
Eu.l,0.023299518105153717,off,no_extinction_control,0.0,True,False,0.0
Eu.l,0.023299518105153717,on,hard_extinction,0.0,True,False,0.0
Eu.l,0.023299518105153717,on,no_extinction_control,0.0,True,False,0.0
Eu.l,0.025595479226995357,off,hard_extinction,0.0,True,False,0.0
Eu.l,0.025595479226995357,off,no_extinction_control,0.0,True,False,0.0
Eu.l,0.025595479226995357,on,hard_extinction,0.0,True,False,0.0
Eu.l,0.025595479226995357,on,no_extinction_control,0.0,True,False,0.0
Eu.l,0.028117686979742307,off,hard_extinction,0.0,True,False,0.0
Eu.l,0.028117686979742307,off,no_extinction_control,0.0,True,False,0.0
Eu.l,0.028117686979742307,on,hard_extinction,0.0,True,False,0.0
Eu.l,0.028117686979742307,on,no_extinction_control,0.0,True,False,0.0
Eu.l,0.030888435964774818,off,hard_extinction,0.0,True,False,0.0
Eu.l,0.030888435964774818,off,no_extinction_control,0.0,True,False,0.0
Eu.l,0.030888435964774818,on,hard_extinction,0.0,True,False,0.0
Eu.l,0.030888435964774818,on,no_extinction_control,0.0,True,False,0.0
Eu.l,0.03393221771895328,off,hard_extinction,0.0,True,False,0.0
Eu.l,0.03393221771895328,off,no_extinction_control,0.0,True,False,0.0
Eu.l,0.03393221771895328,on,hard_extinction,0.0,True,False,0.0
Eu.l,0.03393221771895328,on,no_extinction_control,0.0,True,False,0.0
Eu.l,0.0372759372031494,off,hard_extinction,0.0,True,False,0.0
Eu.l,0.0372759372031494,off,no_extinction_control,0.0,True,False,0.0
Eu.l,0.0372759372031494,on,hard_extinction,0.0,True,False,0.0
Eu.l,0.0372759372031494,on,no_extinction_control,0.0,True,False,0.0
Eu.l,0.040949150623804234,off,hard_extinction,0.0,True,False,0.0
Eu.l,0.040949150623804234,off,no_extinction_control,0.0,True,False,0.0
Eu.l,0.040949150623804234,on,hard_extinction,0.0,True,False,0.0
Eu.l,0.040949150623804234,on,no_extinction_control,0.0,True,False,0.0
Eu.l,0.04498432668969444,off,hard_extinction,0.0,True,False,0.0
Eu.l,0.04498432668969444,off,no_extinction_control,0.0,True,False,0.0
Eu.l,0.04498432668969444,on,hard_extinction,0.0,True,False,0.0
Eu.l,0.04498432668969444,on,no_extinction_control,0.0,True,False,0.0
Eu.l,0.04941713361323833,off,hard_extinction,0.0,True,False,0.0
Eu.l,0.04941713361323833,off,no_extinction_control,0.0,True,False,0.0
Eu.l,0.04941713361323833,on,hard_extinction,0.0,True,False,0.0
Eu.l,0.04941713361323833,on,no_extinction_control,0.0,True,False,0.0
Eu.l,0.054286754393238594,off,hard_extinction,0.0,True,False,0.0
Eu.l,0.054286754393238594,off,no_extinction_control,0.0,True,False,0.0
Eu.l,0.054286754393238594,on,hard_extinction,0.0,True,False,0.0
Eu.l,0.054286754393238594,on,no_extinction_control,0.0,True,False,0.0
Eu.l,0.05963623316594643,off,hard_extinction,0.0,True,False,0.0
Eu.l,0.05963623316594643,off,no_extinction_control,0.0,True,False,0.0
Eu.l,0.05963623316594643,on,hard_extinction,0.0,True,False,0.0
Eu.l,0.05963623316594643,on,no_extinction_control,0.0,True,False,0.0
Eu.l,0.0655128556859551,off,hard_extinction,0.0,True,False,0.0
Eu.l,0.0655128556859551,off,no_extinction_control,0.0,True,False,0.0
Eu.l,0.0655128556859551,on,hard_extinction,0.0,True,False,0.0
Eu.l,0.0655128556859551,on,no_extinction_control,0.0,True,False,0.0
Eu.l,0.07196856730011521,off,hard_extinction,0.0,True,False,0.0
Eu.l,0.07196856730011521,off,no_extinction_control,0.0,True,False,0.0
Eu.l,0.07196856730011521,on,hard_extinction,0.0,True,False,0.0
Eu.l,0.07196856730011521,on,no_extinction_control,0.0,True,False,0.0
Eu.l,0.07906043210907697,off,hard_extinction,0.0,True,False,0.0
Eu.l,0.07906043210907697,off,no_extinction_control,0.0,True,False,0.0
Eu.l,0.07906043210907697,on,hard_extinction,0.0,True,False,0.0
Eu.l,0.07906043210907697,on,no_extinction_control,0.0,True,False,0.0
Eu.l,0.08685113737513525,off,hard_extinction,0.0,True,False,0.0
Eu.l,0.08685113737513525,off,no_extinction_control,0.0,True,False,0.0
Eu.l,0.08685113737513525,on,hard_extinction,0.0,True,False,0.0
Eu.l,0.08685113737513525,on,no_extinction_control,0.0,True,False,0.0
Eu.l,0.09540954763499938,off,hard_extinction,0.0,True,False,0.0
Eu.l,0.09540954763499938,off,no_extinction_control,0.0,True,False,0.0
Eu.l,0.09540954763499938,on,hard_extinction,0.0,True,False,0.0
Eu.l,0.09540954763499938,on,no_extinction_control,0.0,True,False,0.0
Eu.l,0.10481131341546858,off,hard_extinction,0.0,True,False,0.0
Eu.l,0.10481131341546858,off,no_extinction_control,0.0,True,False,0.0
Eu.l,0.10481131341546858,on,hard_extinction,0.0,True,False,0.0
Eu.l,0.10481131341546858,on,no_extinction_control,0.0,True,False,0.0
Eu.l,0.1151395399326447,off,hard_extinction,0.0,True,False,0.0
Eu.l,0.1151395399326447,off,no_extinction_control,0.0,True,False,0.0
Eu.l,0.1151395399326447,on,hard_extinction,0.0,True,False,0.0
Eu.l,0.1151395399326447,on,no_extinction_control,0.0,True,False,0.0
Eu.l,0.12648552168552957,off,hard_extinction,0.0,True,False,0.0
Eu.l,0.12648552168552957,off,no_extinction_control,0.0,True,False,0.0
Eu.l,0.12648552168552957,on,hard_extinction,0.0,True,False,0.0
Eu.l,0.12648552168552957,on,no_extinction_control,0.0,True,False,0.0
Eu.l,0.13894954943731375,off,hard_extinction,0.0,True,False,0.0
Eu.l,0.13894954943731375,off,no_extinction_control,0.0,True,False,0.0
Eu.l,0.13894954943731375,on,hard_extinction,0.0,True,False,0.0
Eu.l,0.13894954943731375,on,no_extinction_control,0.0,True,False,0.0
Eu.l,0.15264179671752334,off,hard_extinction,0.0,True,False,0.0
Eu.l,0.15264179671752334,off,no_extinction_control,0.0,True,False,0.0
Eu.l,0.15264179671752334,on,hard_extinction,2.7755575615628914e-16,True,False,3.3306690738754696e-16
Eu.l,0.15264179671752334,on,no_extinction_control,2.7755575615628914e-16,True,False,3.3306690738754696e-16
Eu.l,0.16768329368110074,off,hard_extinction,0.0,True,False,0.0
Eu.l,0.16768329368110074,off,no_extinction_control,0.0,True,False,0.0
Eu.l,0.16768329368110074,on,hard_extinction,0.0,True,False,0.0
Eu.l,0.16768329368110074,on,no_extinction_control,0.0,True,False,0.0
Eu.l,0.18420699693267154,off,hard_extinction,0.0,True,False,0.0
Eu.l,0.18420699693267154,off,no_extinction_control,0.0,True,False,0.0
Eu.l,0.18420699693267154,on,hard_extinction,0.0,True,False,0.0
Eu.l,0.18420699693267154,on,no_extinction_control,0.0,True,False,0.0
Eu.l,0.20235896477251566,off,hard_extinction,0.0,True,False,0.0
Eu.l,0.20235896477251566,off,no_extinction_control,0.0,True,False,0.0
Eu.l,0.20235896477251566,on,hard_extinction,0.0,True,False,0.0
Eu.l,0.20235896477251566,on,no_extinction_control,0.0,True,False,0.0
Eu.l,0.22229964825261944,off,hard_extinction,0.0,True,False,0.0
Eu.l,0.22229964825261944,off,no_extinction_control,0.0,True,False,0.0
Eu.l,0.22229964825261944,on,hard_extinction,0.0,True,False,0.0
Eu.l,0.22229964825261944,on,no_extinction_control,0.0,True,False,0.0
Eu.l,0.2442053094548651,off,hard_extinction,0.0,True,False,0.0
Eu.l,0.2442053094548651,off,no_extinction_control,0.0,True,False,0.0
Eu.l,0.2442053094548651,on,hard_extinction,0.0,True,False,0.0
Eu.l,0.2442053094548651,on,no_extinction_control,0.0,True,False,0.0
Eu.l,0.2682695795279725,off,hard_extinction,0.0,True,False,0.0
Eu.l,0.2682695795279725,off,no_extinction_control,0.0,True,False,0.0
Eu.l,0.2682695795279725,on,hard_extinction,0.0,True,False,0.0
Eu.l,0.2682695795279725,on,no_extinction_control,0.0,True,False,0.0
Eu.l,0.29470517025518095,off,hard_extinction,0.0,True,False,0.0
Eu.l,0.29470517025518095,off,no_extinction_control,0.0,True,False,0.0
Eu.l,0.29470517025518095,on,hard_extinction,0.0,True,False,0.0
Eu.l,0.29470517025518095,on,no_extinction_control,0.0,True,False,0.0
Eu.l,0.32374575428176433,off,hard_extinction,0.0,True,False,0.0
Eu.l,0.32374575428176433,off,no_extinction_control,0.0,True,False,0.0
Eu.l,0.32374575428176433,on,hard_extinction,0.0,True,False,0.0
Eu.l,0.32374575428176433,on,no_extinction_control,0.0,True,False,0.0
Eu.l,0.35564803062231287,off,hard_extinction,0.0,True,False,0.0
Eu.l,0.35564803062231287,off,no_extinction_control,0.0,True,False,0.0
Eu.l,0.35564803062231287,on,hard_extinction,0.0,True,False,0.0
Eu.l,0.35564803062231287,on,no_extinction_control,0.0,True,False,0.0
Eu.l,0.3906939937054615,off,hard_extinction,0.0,True,False,0.0
Eu.l,0.3906939937054615,off,no_extinction_control,0.0,True,False,0.0
Eu.l,0.3906939937054615,on,hard_extinction,0.0,True,False,0.0
Eu.l,0.3906939937054615,on,no_extinction_control,0.0,True,False,0.0
Eu.l,0.42919342601287763,off,hard_extinction,0.0,True,False,0.0
Eu.l,0.42919342601287763,off,no_extinction_control,0.0,True,False,0.0
Eu.l,0.42919342601287763,on,hard_extinction,0.0,True,False,0.0
Eu.l,0.42919342601287763,on,no_extinction_control,0.0,True,False,0.0
Eu.l,0.47148663634573923,off,hard_extinction,0.0,True,False,0.0
Eu.l,0.47148663634573923,off,no_extinction_control,0.0,True,False,0.0
Eu.l,0.47148663634573923,on,hard_extinction,0.0,True,False,0.0
Eu.l,0.47148663634573923,on,no_extinction_control,0.0,True,False,0.0
Eu.l,0.517947467923121,off,hard_extinction,0.0,True,False,0.0
Eu.l,0.517947467923121,off,no_extinction_control,0.0,True,False,0.0
Eu.l,0.517947467923121,on,hard_extinction,0.0,True,False,0.0
Eu.l,0.517947467923121,on,no_extinction_control,0.0,True,False,0.0
Eu.l,0.5689866029018296,off,hard_extinction,0.0,True,False,0.0
Eu.l,0.5689866029018296,off,no_extinction_control,0.0,True,False,0.0
Eu.l,0.5689866029018296,on,hard_extinction,0.0,True,False,0.0
Eu.l,0.5689866029018296,on,no_extinction_control,0.0,True,False,0.0
Eu.l,0.6250551925273969,off,hard_extinction,0.0,True,False,0.0
Eu.l,0.6250551925273969,off,no_extinction_control,0.0,True,False,0.0
Eu.l,0.6250551925273969,on,hard_extinction,0.0,True,False,0.0
Eu.l,0.6250551925273969,on,no_extinction_control,0.0,True,False,0.0
Eu.l,0.6866488450042998,off,hard_extinction,0.0,True,False,0.0
Eu.l,0.6866488450042998,off,no_extinction_control,0.0,True,False,0.0
Eu.l,0.6866488450042998,on,hard_extinction,0.0,True,False,0.0
Eu.l,0.6866488450042998,on,no_extinction_control,0.0,True,False,0.0
Eu.l,0.7543120063354615,off,hard_extinction,0.0,True,False,0.0
Eu.l,0.7543120063354615,off,no_extinction_control,0.0,True,False,0.0
Eu.l,0.7543120063354615,on,hard_extinction,6.106226635438361e-16,True,False,3.3306690738754696e-16
Eu.l,0.7543120063354615,on,no_extinction_control,6.106226635438361e-16,True,False,3.3306690738754696e-16
Eu.l,0.8286427728546842,off,hard_extinction,0.0,True,False,0.0
Eu.l,0.8286427728546842,off,no_extinction_control,0.0,True,False,0.0
Eu.l,0.8286427728546842,on,hard_extinction,0.0,True,False,0.0
Eu.l,0.8286427728546842,on,no_extinction_control,0.0,True,False,0.0
Eu.l,0.9102981779915218,off,hard_extinction,0.0,True,False,0.0
Eu.l,0.9102981779915218,off,no_extinction_control,0.0,True,False,0.0
Eu.l,0.9102981779915218,on,hard_extinction,0.0,True,False,0.0
Eu.l,0.9102981779915218,on,no_extinction_control,0.0,True,False,0.0
Eu.l,0.9999999999999994,off,hard_extinction,2.7755575615628914e-15,True,False,3.552713678800501e-15
Eu.l,0.9999999999999994,off,no_extinction_control,2.7755575615628914e-15,True,False,3.552713678800501e-15
Eu.l,0.9999999999999994,on,hard_extinction,0.0,True,False,0.0
Eu.l,0.9999999999999994,on,no_extinction_control,0.0,True,False,0.0
Eu.l,1.0985411419875584,off,hard_extinction,1.984412634215005e-12,True,False,2.9543034685275416e-12
Eu.l,1.0985411419875584,off,no_extinction_control,1.984412634215005e-12,True,False,2.9543034685275416e-12
Eu.l,1.0985411419875584,on,hard_extinction,0.0,True,False,0.0
Eu.l,1.0985411419875584,on,no_extinction_control,0.0,True,False,0.0
Eu.l,1.2067926406393277,off,hard_extinction,1.8336712148681045e-09,True,False,2.6272679587435732e-09
Eu.l,1.2067926406393277,off,no_extinction_control,1.8336712148681045e-09,True,False,2.6272679587435732e-09
Eu.l,1.2067926406393277,on,hard_extinction,0.0,True,False,0.0
Eu.l,1.2067926406393277,on,no_extinction_control,0.0,True,False,0.0
Eu.l,1.325711365590108,off,hard_extinction,2.4474037576549534e-06,False,False,3.2377485497114833e-06
Eu.l,1.325711365590108,off,no_extinction_control,2.4474037576549534e-06,False,False,3.2377485497114833e-06
Eu.l,1.325711365590108,on,hard_extinction,0.0,True,False,0.0
Eu.l,1.325711365590108,on,no_extinction_control,0.0,True,False,0.0
Eu.l,1.456348477501243,off,hard_extinction,0.004479260638474036,False,False,0.0047834198008627205
Eu.l,1.456348477501243,off,no_extinction_control,0.004479260638474036,False,False,0.0047834198008627205
Eu.l,1.456348477501243,on,hard_extinction,0.0,True,False,0.0
Eu.l,1.456348477501243,on,no_extinction_control,0.0,True,False,0.0
Eu.l,1.5998587196060574,off,hard_extinction,1.2485813565920334,False,False,0.16342971689726093
Eu.l,1.5998587196060574,off,no_extinction_control,1.2485813565920334,False,False,0.16342971689726093
Eu.l,1.5998587196060574,on,hard_extinction,0.0,True,False,0.0
Eu.l,1.5998587196060574,on,no_extinction_control,0.0,True,False,0.0
Eu.l,1.7575106248547911,off,hard_extinction,8.220883915480758,False,True,0.0007733688956943485
Eu.l,1.7575106248547911,off,no_extinction_control,2.5993968313376676,False,True,0.0007714230745368145
Eu.l,1.7575106248547911,on,hard_extinction,0.0,True,False,0.0
Eu.l,1.7575106248547911,on,no_extinction_control,0.0,True,False,0.0
Eu.l,1.9306977288832496,off,hard_extinction,0.0,True,False,0.0
Eu.l,1.9306977288832496,off,no_extinction_control,2.9589715420850116,False,False,6.371649183822825e-07
Eu.l,1.9306977288832496,on,hard_extinction,0.0,True,False,0.0
Eu.l,1.9306977288832496,on,no_extinction_control,0.0,True,False,0.0
Eu.l,2.1209508879201904,off,hard_extinction,0.0,True,False,0.0
Eu.l,2.1209508879201904,off,no_extinction_control,2.110317020188324,False,False,6.562768106732619e-10
Eu.l,2.1209508879201904,on,hard_extinction,0.0,True,False,0.0
Eu.l,2.1209508879201904,on,no_extinction_control,0.0,True,False,0.0
Eu.l,2.329951810515372,off,hard_extinction,0.0,True,False,0.0
Eu.l,2.329951810515372,off,no_extinction_control,0.08733708792552974,False,False,1.0365042157900461e-12
Eu.l,2.329951810515372,on,hard_extinction,0.0,True,False,0.0
Eu.l,2.329951810515372,on,no_extinction_control,0.0,True,False,0.0
Eu.l,2.5595479226995357,off,hard_extinction,0.0,True,False,0.0
Eu.l,2.5595479226995357,off,no_extinction_control,0.00024153484314126672,False,False,2.6645352591003757e-15
Eu.l,2.5595479226995357,on,hard_extinction,0.0,True,False,0.0
Eu.l,2.5595479226995357,on,no_extinction_control,0.0,True,False,0.0
Eu.l,2.811768697974228,off,hard_extinction,0.0,True,False,0.0
Eu.l,2.811768697974228,off,no_extinction_control,9.478522766670494e-07,False,False,0.0
Eu.l,2.811768697974228,on,hard_extinction,0.0,True,False,0.0
Eu.l,2.811768697974228,on,no_extinction_control,0.0,True,False,0.0
Eu.l,3.0888435964774787,off,hard_extinction,0.0,True,False,0.0
Eu.l,3.0888435964774787,off,no_extinction_control,5.7340532322314175e-09,True,False,0.0
Eu.l,3.0888435964774787,on,hard_extinction,0.0,True,False,0.0
Eu.l,3.0888435964774787,on,no_extinction_control,0.0,True,False,0.0
Eu.l,3.3932217718953264,off,hard_extinction,0.0,True,False,0.0
Eu.l,3.3932217718953264,off,no_extinction_control,5.224798371727957e-11,True,False,0.0
Eu.l,3.3932217718953264,on,hard_extinction,0.0,True,False,0.0
Eu.l,3.3932217718953264,on,no_extinction_control,0.0,True,False,0.0
Eu.l,3.727593720314938,off,hard_extinction,0.0,True,False,0.0
Eu.l,3.727593720314938,off,no_extinction_control,6.998845947236987e-13,True,False,0.0
Eu.l,3.727593720314938,on,hard_extinction,0.0,True,False,0.0
Eu.l,3.727593720314938,on,no_extinction_control,0.0,True,False,0.0
Eu.l,4.094915062380423,off,hard_extinction,0.0,True,False,0.0
Eu.l,4.094915062380423,off,no_extinction_control,1.4210854715202004e-14,True,False,0.0
Eu.l,4.094915062380423,on,hard_extinction,0.0,True,False,0.0
Eu.l,4.094915062380423,on,no_extinction_control,0.0,True,False,0.0
Eu.l,4.498432668969444,off,hard_extinction,0.0,True,False,0.0
Eu.l,4.498432668969444,off,no_extinction_control,0.0,True,False,0.0
Eu.l,4.498432668969444,on,hard_extinction,0.0,True,False,0.0
Eu.l,4.498432668969444,on,no_extinction_control,0.0,True,False,0.0
Eu.l,4.941713361323833,off,hard_extinction,0.0,True,False,0.0
Eu.l,4.941713361323833,off,no_extinction_control,0.0,True,False,0.0
Eu.l,4.941713361323833,on,hard_extinction,0.0,True,False,0.0
Eu.l,4.941713361323833,on,no_extinction_control,0.0,True,False,0.0
Eu.l,5.428675439323859,off,hard_extinction,0.0,True,False,0.0
Eu.l,5.428675439323859,off,no_extinction_control,5.551115123125783e-17,True,False,0.0
Eu.l,5.428675439323859,on,hard_extinction,0.0,True,False,0.0
Eu.l,5.428675439323859,on,no_extinction_control,0.0,True,False,0.0
Eu.l,5.963623316594643,off,hard_extinction,0.0,True,False,0.0
Eu.l,5.963623316594643,off,no_extinction_control,0.0,True,False,0.0
Eu.l,5.963623316594643,on,hard_extinction,0.0,True,False,0.0
Eu.l,5.963623316594643,on,no_extinction_control,0.0,True,False,0.0
Eu.l,6.551285568595502,off,hard_extinction,0.0,True,False,0.0
Eu.l,6.551285568595502,off,no_extinction_control,0.0,True,False,0.0
Eu.l,6.551285568595502,on,hard_extinction,0.0,True,False,0.0
Eu.l,6.551285568595502,on,no_extinction_control,0.0,True,False,0.0
Eu.l,7.196856730011514,off,hard_extinction,0.0,True,False,0.0
Eu.l,7.196856730011514,off,no_extinction_control,0.0,True,False,0.0
Eu.l,7.196856730011514,on,hard_extinction,0.0,True,False,0.0
Eu.l,7.196856730011514,on,no_extinction_control,0.0,True,False,0.0
Eu.l,7.9060432109076935,off,hard_extinction,0.0,True,False,0.0
Eu.l,7.9060432109076935,off,no_extinction_control,0.0,True,False,0.0
Eu.l,7.9060432109076935,on,hard_extinction,0.0,True,False,0.0
Eu.l,7.9060432109076935,on,no_extinction_control,0.0,True,False,0.0
Eu.l,8.68511373751352,off,hard_extinction,0.0,True,False,0.0
Eu.l,8.68511373751352,off,no_extinction_control,0.0,True,False,0.0
Eu.l,8.68511373751352,on,hard_extinction,0.0,True,False,0.0
Eu.l,8.68511373751352,on,no_extinction_control,0.0,True,False,0.0
Eu.l,9.540954763499935,off,hard_extinction,0.0,True,False,0.0
Eu.l,9.540954763499935,off,no_extinction_control,0.0,True,False,0.0
Eu.l,9.540954763499935,on,hard_extinction,0.0,True,False,0.0
Eu.l,9.540954763499935,on,no_extinction_control,0.0,True,False,0.0
Eu.l,10.481131341546853,off,hard_extinction,0.0,True,False,0.0
Eu.l,10.481131341546853,off,no_extinction_control,0.0,True,False,0.0
Eu.l,10.481131341546853,on,hard_extinction,0.0,True,False,0.0
Eu.l,10.481131341546853,on,no_extinction_control,0.0,True,False,0.0
Eu.l,11.513953993264469,off,hard_extinction,0.0,True,False,0.0
Eu.l,11.513953993264469,off,no_extinction_control,2.7755575615628914e-16,True,False,0.0
Eu.l,11.513953993264469,on,hard_extinction,0.0,True,False,0.0
Eu.l,11.513953993264469,on,no_extinction_control,0.0,True,False,0.0
Eu.l,12.648552168552959,off,hard_extinction,0.0,True,False,0.0
Eu.l,12.648552168552959,off,no_extinction_control,0.0,True,False,0.0
Eu.l,12.648552168552959,on,hard_extinction,0.0,True,False,0.0
Eu.l,12.648552168552959,on,no_extinction_control,0.0,True,False,0.0
Eu.l,13.894954943731374,off,hard_extinction,0.0,True,False,0.0
Eu.l,13.894954943731374,off,no_extinction_control,0.0,True,False,0.0
Eu.l,13.894954943731374,on,hard_extinction,0.0,True,False,0.0
Eu.l,13.894954943731374,on,no_extinction_control,0.0,True,False,0.0
Eu.l,15.264179671752318,off,hard_extinction,0.0,True,False,0.0
Eu.l,15.264179671752318,off,no_extinction_control,0.0,True,False,0.0
Eu.l,15.264179671752318,on,hard_extinction,0.0,True,False,0.0
Eu.l,15.264179671752318,on,no_extinction_control,0.0,True,False,0.0
Eu.l,16.768329368110066,off,hard_extinction,0.0,True,False,0.0
Eu.l,16.768329368110066,off,no_extinction_control,0.0,True,False,0.0
Eu.l,16.768329368110066,on,hard_extinction,0.0,True,False,0.0
Eu.l,16.768329368110066,on,no_extinction_control,0.0,True,False,0.0
Eu.l,18.420699693267146,off,hard_extinction,0.0,True,False,0.0
Eu.l,18.420699693267146,off,no_extinction_control,0.0,True,False,0.0
Eu.l,18.420699693267146,on,hard_extinction,0.0,True,False,0.0
Eu.l,18.420699693267146,on,no_extinction_control,0.0,True,False,0.0
Eu.l,20.235896477251554,off,hard_extinction,0.0,True,False,0.0
Eu.l,20.235896477251554,off,no_extinction_control,0.0,True,False,0.0
Eu.l,20.235896477251554,on,hard_extinction,0.0,True,False,0.0
Eu.l,20.235896477251554,on,no_extinction_control,0.0,True,False,0.0
Eu.l,22.229964825261934,off,hard_extinction,0.0,True,False,0.0
Eu.l,22.229964825261934,off,no_extinction_control,0.0,True,False,0.0
Eu.l,22.229964825261934,on,hard_extinction,0.0,True,False,0.0
Eu.l,22.229964825261934,on,no_extinction_control,0.0,True,False,0.0
Eu.l,24.420530945486497,off,hard_extinction,0.0,True,False,0.0
Eu.l,24.420530945486497,off,no_extinction_control,0.0,True,False,0.0
Eu.l,24.420530945486497,on,hard_extinction,0.0,True,False,0.0
Eu.l,24.420530945486497,on,no_extinction_control,0.0,True,False,0.0
Eu.l,26.826957952797247,off,hard_extinction,0.0,True,False,0.0
Eu.l,26.826957952797247,off,no_extinction_control,0.0,True,False,0.0
Eu.l,26.826957952797247,on,hard_extinction,0.0,True,False,0.0
Eu.l,26.826957952797247,on,no_extinction_control,0.0,True,False,0.0
Eu.l,29.4705170255181,off,hard_extinction,0.0,True,False,0.0
Eu.l,29.4705170255181,off,no_extinction_control,0.0,True,False,0.0
Eu.l,29.4705170255181,on,hard_extinction,0.0,True,False,0.0
Eu.l,29.4705170255181,on,no_extinction_control,0.0,True,False,0.0
Eu.l,32.374575428176435,off,hard_extinction,0.0,True,False,0.0
Eu.l,32.374575428176435,off,no_extinction_control,0.0,True,False,0.0
Eu.l,32.374575428176435,on,hard_extinction,0.0,True,False,0.0
Eu.l,32.374575428176435,on,no_extinction_control,0.0,True,False,0.0
Eu.l,35.56480306223125,off,hard_extinction,0.0,True,False,0.0
Eu.l,35.56480306223125,off,no_extinction_control,0.0,True,False,0.0
Eu.l,35.56480306223125,on,hard_extinction,0.0,True,False,0.0
Eu.l,35.56480306223125,on,no_extinction_control,0.0,True,False,0.0
Eu.l,39.06939937054613,off,hard_extinction,0.0,True,False,0.0
Eu.l,39.06939937054613,off,no_extinction_control,0.0,True,False,0.0
Eu.l,39.06939937054613,on,hard_extinction,0.0,True,False,0.0
Eu.l,39.06939937054613,on,no_extinction_control,0.0,True,False,0.0
Eu.l,42.91934260128774,off,hard_extinction,0.0,True,False,0.0
Eu.l,42.91934260128774,off,no_extinction_control,0.0,True,False,0.0
Eu.l,42.91934260128774,on,hard_extinction,0.0,True,False,0.0
Eu.l,42.91934260128774,on,no_extinction_control,0.0,True,False,0.0
Eu.l,47.1486636345739,off,hard_extinction,0.0,True,False,0.0
Eu.l,47.1486636345739,off,no_extinction_control,0.0,True,False,0.0
Eu.l,47.1486636345739,on,hard_extinction,0.0,True,False,0.0
Eu.l,47.1486636345739,on,no_extinction_control,0.0,True,False,0.0
Eu.l,51.794746792312075,off,hard_extinction,0.0,True,False,0.0
Eu.l,51.794746792312075,off,no_extinction_control,0.0,True,False,0.0
Eu.l,51.794746792312075,on,hard_extinction,0.0,True,False,0.0
Eu.l,51.794746792312075,on,no_extinction_control,0.0,True,False,0.0
Eu.l,56.89866029018293,off,hard_extinction,0.0,True,False,0.0
Eu.l,56.89866029018293,off,no_extinction_control,0.0,True,False,0.0
Eu.l,56.89866029018293,on,hard_extinction,0.0,True,False,0.0
Eu.l,56.89866029018293,on,no_extinction_control,0.0,True,False,0.0
Eu.l,62.505519252739695,off,hard_extinction,0.0,True,False,0.0
Eu.l,62.505519252739695,off,no_extinction_control,0.0,True,False,0.0
Eu.l,62.505519252739695,on,hard_extinction,0.0,True,False,0.0
Eu.l,62.505519252739695,on,no_extinction_control,0.0,True,False,0.0
Eu.l,68.66488450042998,off,hard_extinction,0.0,True,False,0.0
Eu.l,68.66488450042998,off,no_extinction_control,0.0,True,False,0.0
Eu.l,68.66488450042998,on,hard_extinction,0.0,True,False,0.0
Eu.l,68.66488450042998,on,no_extinction_control,0.0,True,False,0.0
Eu.l,75.43120063354615,off,hard_extinction,0.0,True,False,0.0
Eu.l,75.43120063354615,off,no_extinction_control,0.0,True,False,0.0
Eu.l,75.43120063354615,on,hard_extinction,0.0,True,False,0.0
Eu.l,75.43120063354615,on,no_extinction_control,0.0,True,False,0.0
Eu.l,82.86427728546842,off,hard_extinction,0.0,True,False,0.0
Eu.l,82.86427728546842,off,no_extinction_control,0.0,True,False,0.0
Eu.l,82.86427728546842,on,hard_extinction,0.0,True,False,0.0
Eu.l,82.86427728546842,on,no_extinction_control,0.0,True,False,0.0
Eu.l,91.02981779915208,off,hard_extinction,0.0,True,False,0.0
Eu.l,91.02981779915208,off,no_extinction_control,0.0,True,False,0.0
Eu.l,91.02981779915208,on,hard_extinction,0.0,True,False,0.0
Eu.l,91.02981779915208,on,no_extinction_control,0.0,True,False,0.0
Eu.l,100.0,off,hard_extinction,0.0,True,False,0.0
Eu.l,100.0,off,no_extinction_control,0.0,True,False,0.0
Eu.l,100.0,on,hard_extinction,0.0,True,False,0.0
Eu.l,100.0,on,no_extinction_control,0.0,True,False,0.0
Im,0.0,off,hard_extinction,0.0,True,False,0.0
Im,0.0,off,no_extinction_control,0.14782703738190328,False,False,2.422431143379235e-12
Im,0.0,on,hard_extinction,0.0,True,False,0.0
Im,0.0,on,no_extinction_control,0.14782703738190328,False,False,2.422431143379235e-12
Im,0.01,off,hard_extinction,0.0,True,False,0.0
Im,0.01,off,no_extinction_control,0.5507955828609852,False,False,2.1791684519025695e-09
Im,0.01,on,hard_extinction,0.0,True,False,0.0
Im,0.01,on,no_extinction_control,0.5507955828609852,False,False,2.1791684519025695e-09
Im,0.010985411419875584,off,hard_extinction,0.0,True,False,0.0
Im,0.010985411419875584,off,no_extinction_control,0.5413743021005519,False,False,4.190473520079229e-09
Im,0.010985411419875584,on,hard_extinction,0.0,True,False,0.0
Im,0.010985411419875584,on,no_extinction_control,0.5413743021005519,False,False,4.190473520079229e-09
Im,0.012067926406393288,off,hard_extinction,0.0,True,False,0.0
Im,0.012067926406393288,off,no_extinction_control,0.529491202827467,False,False,8.548764181441939e-09
Im,0.012067926406393288,on,hard_extinction,0.0,True,False,0.0
Im,0.012067926406393288,on,no_extinction_control,0.529491202827467,False,False,8.548764181441939e-09
Im,0.013257113655901088,off,hard_extinction,0.0,True,False,0.0
Im,0.013257113655901088,off,no_extinction_control,0.5148282306416512,False,False,1.857511200950045e-08
Im,0.013257113655901088,on,hard_extinction,0.0,True,False,0.0
Im,0.013257113655901088,on,no_extinction_control,0.5148282306416512,False,False,1.857511200950045e-08
Im,0.014563484775012436,off,hard_extinction,0.0,True,False,0.0
Im,0.014563484775012436,off,no_extinction_control,0.4968710452114138,False,False,4.31457834410894e-08
Im,0.014563484775012436,on,hard_extinction,0.0,True,False,0.0
Im,0.014563484775012436,on,no_extinction_control,0.4968710452114138,False,False,4.31457834410894e-08
Im,0.015998587196060583,off,hard_extinction,0.0,True,False,0.0
Im,0.015998587196060583,off,no_extinction_control,0.4749091854386176,False,False,1.0745864851998027e-07
Im,0.015998587196060583,on,hard_extinction,0.0,True,False,0.0
Im,0.015998587196060583,on,no_extinction_control,0.4749091854386176,False,False,1.0745864851998027e-07
Im,0.017575106248547922,off,hard_extinction,0.0,True,False,0.0
Im,0.017575106248547922,off,no_extinction_control,0.4480370252364132,False,False,2.8749912418407143e-07
Im,0.017575106248547922,on,hard_extinction,0.0,True,False,0.0
Im,0.017575106248547922,on,no_extinction_control,0.4480370252364132,False,False,2.8749912418407143e-07
Im,0.019306977288832496,off,hard_extinction,0.0,True,False,0.0
Im,0.019306977288832496,off,no_extinction_control,0.4151560869574782,False,False,8.259400429774131e-07
Im,0.019306977288832496,on,hard_extinction,0.0,True,False,0.0
Im,0.019306977288832496,on,no_extinction_control,0.4151560869574782,False,False,8.259400429774131e-07
Im,0.021209508879201904,off,hard_extinction,0.0,True,False,0.0
Im,0.021209508879201904,off,no_extinction_control,0.3749818563584526,False,False,2.5359950267286303e-06
Im,0.021209508879201904,on,hard_extinction,0.0,True,False,0.0
Im,0.021209508879201904,on,no_extinction_control,0.3749818563584526,False,False,2.5359950267286303e-06
Im,0.023299518105153717,off,hard_extinction,0.0,True,False,0.0
Im,0.023299518105153717,off,no_extinction_control,0.32606916537105324,False,False,8.212485208970674e-06
Im,0.023299518105153717,on,hard_extinction,0.0,True,False,0.0
Im,0.023299518105153717,on,no_extinction_control,0.32606916537105324,False,False,8.212485208970674e-06
Im,0.025595479226995357,off,hard_extinction,0.0,True,False,0.0
Im,0.025595479226995357,off,no_extinction_control,0.26694728117207234,False,False,2.717117021018951e-05
Im,0.025595479226995357,on,hard_extinction,0.0,True,False,0.0
Im,0.025595479226995357,on,no_extinction_control,0.26694728117207234,False,False,2.717117021018951e-05
Im,0.028117686979742307,off,hard_extinction,1.8279822100453202e-13,False,False,0.0
Im,0.028117686979742307,off,no_extinction_control,0.19688487159011103,False,False,8.527235648993445e-05
Im,0.028117686979742307,on,hard_extinction,1.8279822100453202e-13,False,False,0.0
Im,0.028117686979742307,on,no_extinction_control,0.19688487159011103,False,False,8.527235648993445e-05
Im,0.030888435964774818,off,hard_extinction,0.11939270217564912,False,False,0.00021454477299086316
Im,0.030888435964774818,off,no_extinction_control,0.11939270217564912,False,False,0.00021454477299086316
Im,0.030888435964774818,on,hard_extinction,0.11939270217564912,False,False,0.00021454477299086316
Im,0.030888435964774818,on,no_extinction_control,0.11939270217564912,False,False,0.00021454477299086316
Im,0.03393221771895328,off,hard_extinction,0.050523311886830236,False,False,0.0003156102929702514
Im,0.03393221771895328,off,no_extinction_control,0.050523311886830236,False,False,0.0003156102929702514
Im,0.03393221771895328,on,hard_extinction,0.050523311886830236,False,False,0.0003156102929702514
Im,0.03393221771895328,on,no_extinction_control,0.050523311886830236,False,False,0.0003156102929702514
Im,0.0372759372031494,off,hard_extinction,0.01267753095353008,False,False,0.0001968884083309915
Im,0.0372759372031494,off,no_extinction_control,0.01267753095353008,False,False,0.0001968884083309915
Im,0.0372759372031494,on,hard_extinction,0.01267753095353008,False,False,0.0001968884083309915
Im,0.0372759372031494,on,no_extinction_control,0.01267753095353008,False,False,0.0001968884083309915
Im,0.040949150623804234,off,hard_extinction,0.0019011497184111548,False,False,5.273434419449281e-05
Im,0.040949150623804234,off,no_extinction_control,0.0019011497184111548,False,False,5.273434419449281e-05
Im,0.040949150623804234,on,hard_extinction,0.0019011497184111548,False,False,5.273434419449281e-05
Im,0.040949150623804234,on,no_extinction_control,0.0019011497184111548,False,False,5.273434419449281e-05
Im,0.04498432668969444,off,hard_extinction,0.00019464008924785503,False,False,7.83337184978583e-06
Im,0.04498432668969444,off,no_extinction_control,0.00019464008924785503,False,False,7.83337184978583e-06
Im,0.04498432668969444,on,hard_extinction,0.00019464008924785503,False,False,7.83337184978583e-06
Im,0.04498432668969444,on,no_extinction_control,0.00019464008924785503,False,False,7.83337184978583e-06
Im,0.04941713361323833,off,hard_extinction,1.529820917500757e-05,False,False,7.978600218665199e-07
Im,0.04941713361323833,off,no_extinction_control,1.529820917500757e-05,False,False,7.978600218665199e-07
Im,0.04941713361323833,on,hard_extinction,1.529820917500757e-05,False,False,7.978600218665199e-07
Im,0.04941713361323833,on,no_extinction_control,1.529820917500757e-05,False,False,7.978600218665199e-07
Im,0.054286754393238594,off,hard_extinction,1.0184095486920342e-06,True,False,6.448820330517968e-08
Im,0.054286754393238594,off,no_extinction_control,1.0184095486920342e-06,True,False,6.448820330517968e-08
Im,0.054286754393238594,on,hard_extinction,1.0184095486920342e-06,True,False,6.448820330517968e-08
Im,0.054286754393238594,on,no_extinction_control,1.0184095486920342e-06,True,False,6.448820330517968e-08
Im,0.05963623316594643,off,hard_extinction,6.629009563496879e-08,True,False,4.8918996631286404e-09
Im,0.05963623316594643,off,no_extinction_control,6.629009563496879e-08,True,False,4.8918996631286404e-09
Im,0.05963623316594643,on,hard_extinction,6.629009563496879e-08,True,False,4.8918996631286404e-09
Im,0.05963623316594643,on,no_extinction_control,6.629009563496879e-08,True,False,4.8918996631286404e-09
Im,0.0655128556859551,off,hard_extinction,5.4019877460120824e-09,True,False,4.523257254862578e-10
Im,0.0655128556859551,off,no_extinction_control,5.4019877460120824e-09,True,False,4.523257254862578e-10
Im,0.0655128556859551,on,hard_extinction,5.4019877460120824e-09,True,False,4.523257254862578e-10
Im,0.0655128556859551,on,no_extinction_control,5.4019877460120824e-09,True,False,4.523257254862578e-10
Im,0.07196856730011521,off,hard_extinction,7.904352727905462e-10,True,False,7.387701561611948e-11
Im,0.07196856730011521,off,no_extinction_control,7.904352727905462e-10,True,False,7.387701561611948e-11
Im,0.07196856730011521,on,hard_extinction,7.904352727905462e-10,True,False,7.387701561611948e-11
Im,0.07196856730011521,on,no_extinction_control,7.904352727905462e-10,True,False,7.387701561611948e-11
Im,0.07906043210907697,off,hard_extinction,3.5479619242551053e-10,True,False,3.675182380646902e-11
Im,0.07906043210907697,off,no_extinction_control,3.5479619242551053e-10,True,False,3.675182380646902e-11
Im,0.07906043210907697,on,hard_extinction,3.5479619242551053e-10,True,False,3.675182380646902e-11
Im,0.07906043210907697,on,no_extinction_control,3.5479619242551053e-10,True,False,3.675182380646902e-11
Im,0.08685113737513525,off,hard_extinction,9.186797989002571e-10,True,False,1.0582973386519257e-10
Im,0.08685113737513525,off,no_extinction_control,9.186797989002571e-10,True,False,1.0582973386519257e-10
Im,0.08685113737513525,on,hard_extinction,9.186797989002571e-10,True,False,1.0582973386519257e-10
Im,0.08685113737513525,on,no_extinction_control,9.186797989002571e-10,True,False,1.0582973386519257e-10
Im,0.09540954763499938,off,hard_extinction,2.1372323466550824e-08,True,False,2.7902421692593826e-09
Im,0.09540954763499938,off,no_extinction_control,2.1372323466550824e-08,True,False,2.7902421692593826e-09
Im,0.09540954763499938,on,hard_extinction,2.1372323466550824e-08,True,False,2.7902421692593826e-09
Im,0.09540954763499938,on,no_extinction_control,2.1372323466550824e-08,True,False,2.7902421692593826e-09
Im,0.10481131341546858,off,hard_extinction,4.132742186024885e-06,False,False,6.428704563132825e-07
Im,0.10481131341546858,off,no_extinction_control,4.132742186024885e-06,False,False,6.428704563132825e-07
Im,0.10481131341546858,on,hard_extinction,4.132742186024885e-06,False,False,6.428704563132825e-07
Im,0.10481131341546858,on,no_extinction_control,4.132742186024885e-06,False,False,6.428704563132825e-07
Im,0.1151395399326447,off,hard_extinction,0.0031229150179763465,False,False,0.0006637514333109329
Im,0.1151395399326447,off,no_extinction_control,0.0031229150179763465,False,False,0.0006637514333109329
Im,0.1151395399326447,on,hard_extinction,0.0031229150179763465,False,False,0.0006637514333109329
Im,0.1151395399326447,on,no_extinction_control,0.0031229150179763465,False,False,0.0006637514333109329
Im,0.12648552168552957,off,hard_extinction,0.6563994970645981,False,False,0.7018477943874402
Im,0.12648552168552957,off,no_extinction_control,0.6563994970645981,False,False,0.7018477943874402
Im,0.12648552168552957,on,hard_extinction,0.6563994970645981,False,False,0.7018477943874402
Im,0.12648552168552957,on,no_extinction_control,0.6563994970645981,False,False,0.7018477943874402
Im,0.13894954943731375,off,hard_extinction,10.99796602069392,False,True,0.5158747197809799
Im,0.13894954943731375,off,no_extinction_control,3.3082943347496467,False,True,0.5156197887753233
Im,0.13894954943731375,on,hard_extinction,10.99796602069392,False,True,0.5158747197809799
Im,0.13894954943731375,on,no_extinction_control,3.3082943347496467,False,True,0.5156197887753233
Im,0.15264179671752334,off,hard_extinction,8.05316484541001,False,True,0.000588727632881314
Im,0.15264179671752334,off,no_extinction_control,4.132318877029897,False,True,0.000588684227266878
Im,0.15264179671752334,on,hard_extinction,8.05316484541001,False,True,0.000588727632881314
Im,0.15264179671752334,on,no_extinction_control,4.132318877029897,False,True,0.000588684227266878
Im,0.16768329368110074,off,hard_extinction,0.0,True,False,0.0
Im,0.16768329368110074,off,no_extinction_control,4.174354483934091,False,False,3.1575274883621773e-07
Im,0.16768329368110074,on,hard_extinction,0.0,True,False,0.0
Im,0.16768329368110074,on,no_extinction_control,4.174354483934091,False,False,3.1575274883621773e-07
Im,0.18420699693267154,off,hard_extinction,0.0,True,False,0.0
Im,0.18420699693267154,off,no_extinction_control,1.6920798721896304,False,False,2.51708209830781e-10
Im,0.18420699693267154,on,hard_extinction,0.0,True,False,0.0
Im,0.18420699693267154,on,no_extinction_control,1.6920798721896304,False,False,2.51708209830781e-10
Im,0.20235896477251566,off,hard_extinction,0.0,True,False,0.0
Im,0.20235896477251566,off,no_extinction_control,0.02689912563391772,False,False,3.3284486278262193e-13
Im,0.20235896477251566,on,hard_extinction,0.0,True,False,0.0
Im,0.20235896477251566,on,no_extinction_control,0.02689912563391772,False,False,3.3284486278262193e-13
Im,0.22229964825261944,off,hard_extinction,0.0,True,False,0.0
Im,0.22229964825261944,off,no_extinction_control,6.13457270031148e-05,False,False,8.881784197001252e-16
Im,0.22229964825261944,on,hard_extinction,0.0,True,False,0.0
Im,0.22229964825261944,on,no_extinction_control,6.13457270031148e-05,False,False,8.881784197001252e-16
Im,0.2442053094548651,off,hard_extinction,0.0,True,False,0.0
Im,0.2442053094548651,off,no_extinction_control,2.2297408541760433e-07,False,False,0.0
Im,0.2442053094548651,on,hard_extinction,0.0,True,False,0.0
Im,0.2442053094548651,on,no_extinction_control,2.2297408541760433e-07,False,False,0.0
Im,0.2682695795279725,off,hard_extinction,0.0,True,False,0.0
Im,0.2682695795279725,off,no_extinction_control,1.2976979490986196e-09,True,False,0.0
Im,0.2682695795279725,on,hard_extinction,0.0,True,False,0.0
Im,0.2682695795279725,on,no_extinction_control,1.2976979490986196e-09,True,False,0.0
Im,0.29470517025518095,off,hard_extinction,0.0,True,False,0.0
Im,0.29470517025518095,off,no_extinction_control,1.1725731496881053e-11,True,False,0.0
Im,0.29470517025518095,on,hard_extinction,0.0,True,False,0.0
Im,0.29470517025518095,on,no_extinction_control,1.1725731496881053e-11,True,False,0.0
Im,0.32374575428176433,off,hard_extinction,0.0,True,False,0.0
Im,0.32374575428176433,off,no_extinction_control,1.5987211554602254e-13,True,False,0.0
Im,0.32374575428176433,on,hard_extinction,0.0,True,False,0.0
Im,0.32374575428176433,on,no_extinction_control,1.5987211554602254e-13,True,False,0.0
Im,0.35564803062231287,off,hard_extinction,0.0,True,False,0.0
Im,0.35564803062231287,off,no_extinction_control,3.552713678800501e-15,True,False,0.0
Im,0.35564803062231287,on,hard_extinction,0.0,True,False,0.0
Im,0.35564803062231287,on,no_extinction_control,3.552713678800501e-15,True,False,0.0
Im,0.3906939937054615,off,hard_extinction,0.0,True,False,0.0
Im,0.3906939937054615,off,no_extinction_control,0.0,True,False,0.0
Im,0.3906939937054615,on,hard_extinction,0.0,True,False,0.0
Im,0.3906939937054615,on,no_extinction_control,0.0,True,False,0.0
Im,0.42919342601287763,off,hard_extinction,0.0,True,False,0.0
Im,0.42919342601287763,off,no_extinction_control,0.0,True,False,0.0
Im,0.42919342601287763,on,hard_extinction,0.0,True,False,0.0
Im,0.42919342601287763,on,no_extinction_control,0.0,True,False,0.0
Im,0.47148663634573923,off,hard_extinction,0.0,True,False,0.0
Im,0.47148663634573923,off,no_extinction_control,0.0,True,False,0.0
Im,0.47148663634573923,on,hard_extinction,0.0,True,False,0.0
Im,0.47148663634573923,on,no_extinction_control,0.0,True,False,0.0
Im,0.517947467923121,off,hard_extinction,0.0,True,False,0.0
Im,0.517947467923121,off,no_extinction_control,0.0,True,False,0.0
Im,0.517947467923121,on,hard_extinction,0.0,True,False,0.0
Im,0.517947467923121,on,no_extinction_control,0.0,True,False,0.0
Im,0.5689866029018296,off,hard_extinction,0.0,True,False,0.0
Im,0.5689866029018296,off,no_extinction_control,0.0,True,False,0.0
Im,0.5689866029018296,on,hard_extinction,0.0,True,False,0.0
Im,0.5689866029018296,on,no_extinction_control,0.0,True,False,0.0
Im,0.6250551925273969,off,hard_extinction,0.0,True,False,0.0
Im,0.6250551925273969,off,no_extinction_control,0.0,True,False,0.0
Im,0.6250551925273969,on,hard_extinction,0.0,True,False,0.0
Im,0.6250551925273969,on,no_extinction_control,0.0,True,False,0.0
Im,0.6866488450042998,off,hard_extinction,0.0,True,False,0.0
Im,0.6866488450042998,off,no_extinction_control,0.0,True,False,0.0
Im,0.6866488450042998,on,hard_extinction,0.0,True,False,0.0
Im,0.6866488450042998,on,no_extinction_control,0.0,True,False,0.0
Im,0.7543120063354615,off,hard_extinction,0.0,True,False,0.0
Im,0.7543120063354615,off,no_extinction_control,0.0,True,False,0.0
Im,0.7543120063354615,on,hard_extinction,0.0,True,False,0.0
Im,0.7543120063354615,on,no_extinction_control,0.0,True,False,0.0
Im,0.8286427728546842,off,hard_extinction,0.0,True,False,0.0
Im,0.8286427728546842,off,no_extinction_control,0.0,True,False,0.0
Im,0.8286427728546842,on,hard_extinction,0.0,True,False,0.0
Im,0.8286427728546842,on,no_extinction_control,0.0,True,False,0.0
Im,0.9102981779915218,off,hard_extinction,0.0,True,False,0.0
Im,0.9102981779915218,off,no_extinction_control,0.0,True,False,0.0
Im,0.9102981779915218,on,hard_extinction,0.0,True,False,0.0
Im,0.9102981779915218,on,no_extinction_control,0.0,True,False,0.0
Im,0.9999999999999994,off,hard_extinction,0.0,True,False,0.0
Im,0.9999999999999994,off,no_extinction_control,0.0,True,False,0.0
Im,0.9999999999999994,on,hard_extinction,0.0,True,False,0.0
Im,0.9999999999999994,on,no_extinction_control,0.0,True,False,0.0
Im,1.0985411419875584,off,hard_extinction,0.0,True,False,0.0
Im,1.0985411419875584,off,no_extinction_control,0.0,True,False,0.0
Im,1.0985411419875584,on,hard_extinction,0.0,True,False,0.0
Im,1.0985411419875584,on,no_extinction_control,0.0,True,False,0.0
Im,1.2067926406393277,off,hard_extinction,0.0,True,False,0.0
Im,1.2067926406393277,off,no_extinction_control,0.0,True,False,0.0
Im,1.2067926406393277,on,hard_extinction,0.0,True,False,0.0
Im,1.2067926406393277,on,no_extinction_control,0.0,True,False,0.0
Im,1.325711365590108,off,hard_extinction,0.0,True,False,0.0
Im,1.325711365590108,off,no_extinction_control,0.0,True,False,0.0
Im,1.325711365590108,on,hard_extinction,0.0,True,False,0.0
Im,1.325711365590108,on,no_extinction_control,0.0,True,False,0.0
Im,1.456348477501243,off,hard_extinction,0.0,True,False,0.0
Im,1.456348477501243,off,no_extinction_control,0.0,True,False,0.0
Im,1.456348477501243,on,hard_extinction,0.0,True,False,0.0
Im,1.456348477501243,on,no_extinction_control,0.0,True,False,0.0
Im,1.5998587196060574,off,hard_extinction,0.0,True,False,0.0
Im,1.5998587196060574,off,no_extinction_control,0.0,True,False,0.0
Im,1.5998587196060574,on,hard_extinction,0.0,True,False,0.0
Im,1.5998587196060574,on,no_extinction_control,0.0,True,False,0.0
Im,1.7575106248547911,off,hard_extinction,0.0,True,False,0.0
Im,1.7575106248547911,off,no_extinction_control,0.0,True,False,0.0
Im,1.7575106248547911,on,hard_extinction,0.0,True,False,0.0
Im,1.7575106248547911,on,no_extinction_control,0.0,True,False,0.0
Im,1.9306977288832496,off,hard_extinction,0.0,True,False,0.0
Im,1.9306977288832496,off,no_extinction_control,0.0,True,False,0.0
Im,1.9306977288832496,on,hard_extinction,0.0,True,False,0.0
Im,1.9306977288832496,on,no_extinction_control,0.0,True,False,0.0
Im,2.1209508879201904,off,hard_extinction,0.0,True,False,0.0
Im,2.1209508879201904,off,no_extinction_control,0.0,True,False,0.0
Im,2.1209508879201904,on,hard_extinction,0.0,True,False,0.0
Im,2.1209508879201904,on,no_extinction_control,0.0,True,False,0.0
Im,2.329951810515372,off,hard_extinction,0.0,True,False,0.0
Im,2.329951810515372,off,no_extinction_control,0.0,True,False,0.0
Im,2.329951810515372,on,hard_extinction,0.0,True,False,0.0
Im,2.329951810515372,on,no_extinction_control,0.0,True,False,0.0
Im,2.5595479226995357,off,hard_extinction,0.0,True,False,0.0
Im,2.5595479226995357,off,no_extinction_control,0.0,True,False,0.0
Im,2.5595479226995357,on,hard_extinction,0.0,True,False,0.0
Im,2.5595479226995357,on,no_extinction_control,0.0,True,False,0.0
Im,2.811768697974228,off,hard_extinction,0.0,True,False,0.0
Im,2.811768697974228,off,no_extinction_control,0.0,True,False,0.0
Im,2.811768697974228,on,hard_extinction,0.0,True,False,0.0
Im,2.811768697974228,on,no_extinction_control,0.0,True,False,0.0
Im,3.0888435964774787,off,hard_extinction,0.0,True,False,0.0
Im,3.0888435964774787,off,no_extinction_control,0.0,True,False,0.0
Im,3.0888435964774787,on,hard_extinction,0.0,True,False,0.0
Im,3.0888435964774787,on,no_extinction_control,0.0,True,False,0.0
Im,3.3932217718953264,off,hard_extinction,0.0,True,False,0.0
Im,3.3932217718953264,off,no_extinction_control,0.0,True,False,0.0
Im,3.3932217718953264,on,hard_extinction,0.0,True,False,0.0
Im,3.3932217718953264,on,no_extinction_control,0.0,True,False,0.0
Im,3.727593720314938,off,hard_extinction,0.0,True,False,0.0
Im,3.727593720314938,off,no_extinction_control,0.0,True,False,0.0
Im,3.727593720314938,on,hard_extinction,0.0,True,False,0.0
Im,3.727593720314938,on,no_extinction_control,0.0,True,False,0.0
Im,4.094915062380423,off,hard_extinction,0.0,True,False,0.0
Im,4.094915062380423,off,no_extinction_control,0.0,True,False,0.0
Im,4.094915062380423,on,hard_extinction,0.0,True,False,0.0
Im,4.094915062380423,on,no_extinction_control,0.0,True,False,0.0
Im,4.498432668969444,off,hard_extinction,0.0,True,False,0.0
Im,4.498432668969444,off,no_extinction_control,0.0,True,False,0.0
Im,4.498432668969444,on,hard_extinction,0.0,True,False,0.0
Im,4.498432668969444,on,no_extinction_control,0.0,True,False,0.0
Im,4.941713361323833,off,hard_extinction,0.0,True,False,0.0
Im,4.941713361323833,off,no_extinction_control,0.0,True,False,0.0
Im,4.941713361323833,on,hard_extinction,0.0,True,False,0.0
Im,4.941713361323833,on,no_extinction_control,0.0,True,False,0.0
Im,5.428675439323859,off,hard_extinction,1.1102230246251565e-16,True,False,0.0
Im,5.428675439323859,off,no_extinction_control,1.1102230246251565e-16,True,False,0.0
Im,5.428675439323859,on,hard_extinction,1.1102230246251565e-16,True,False,0.0
Im,5.428675439323859,on,no_extinction_control,1.1102230246251565e-16,True,False,0.0
Im,5.963623316594643,off,hard_extinction,0.0,True,False,0.0
Im,5.963623316594643,off,no_extinction_control,0.0,True,False,0.0
Im,5.963623316594643,on,hard_extinction,0.0,True,False,0.0
Im,5.963623316594643,on,no_extinction_control,0.0,True,False,0.0
Im,6.551285568595502,off,hard_extinction,0.0,True,False,0.0
Im,6.551285568595502,off,no_extinction_control,0.0,True,False,0.0
Im,6.551285568595502,on,hard_extinction,0.0,True,False,0.0
Im,6.551285568595502,on,no_extinction_control,0.0,True,False,0.0
Im,7.196856730011514,off,hard_extinction,0.0,True,False,0.0
Im,7.196856730011514,off,no_extinction_control,0.0,True,False,0.0
Im,7.196856730011514,on,hard_extinction,0.0,True,False,0.0
Im,7.196856730011514,on,no_extinction_control,0.0,True,False,0.0
Im,7.9060432109076935,off,hard_extinction,0.0,True,False,0.0
Im,7.9060432109076935,off,no_extinction_control,0.0,True,False,0.0
Im,7.9060432109076935,on,hard_extinction,0.0,True,False,0.0
Im,7.9060432109076935,on,no_extinction_control,0.0,True,False,0.0
Im,8.68511373751352,off,hard_extinction,0.0,True,False,0.0
Im,8.68511373751352,off,no_extinction_control,0.0,True,False,0.0
Im,8.68511373751352,on,hard_extinction,0.0,True,False,0.0
Im,8.68511373751352,on,no_extinction_control,0.0,True,False,0.0
Im,9.540954763499935,off,hard_extinction,0.0,True,False,0.0
Im,9.540954763499935,off,no_extinction_control,0.0,True,False,0.0
Im,9.540954763499935,on,hard_extinction,0.0,True,False,0.0
Im,9.540954763499935,on,no_extinction_control,0.0,True,False,0.0
Im,10.481131341546853,off,hard_extinction,0.0,True,False,0.0
Im,10.481131341546853,off,no_extinction_control,0.0,True,False,0.0
Im,10.481131341546853,on,hard_extinction,0.0,True,False,0.0
Im,10.481131341546853,on,no_extinction_control,0.0,True,False,0.0
Im,11.513953993264469,off,hard_extinction,0.0,True,False,0.0
Im,11.513953993264469,off,no_extinction_control,0.0,True,False,0.0
Im,11.513953993264469,on,hard_extinction,0.0,True,False,0.0
Im,11.513953993264469,on,no_extinction_control,0.0,True,False,0.0
Im,12.648552168552959,off,hard_extinction,0.0,True,False,0.0
Im,12.648552168552959,off,no_extinction_control,0.0,True,False,0.0
Im,12.648552168552959,on,hard_extinction,0.0,True,False,0.0
Im,12.648552168552959,on,no_extinction_control,0.0,True,False,0.0
Im,13.894954943731374,off,hard_extinction,0.0,True,False,0.0
Im,13.894954943731374,off,no_extinction_control,0.0,True,False,0.0
Im,13.894954943731374,on,hard_extinction,0.0,True,False,0.0
Im,13.894954943731374,on,no_extinction_control,0.0,True,False,0.0
Im,15.264179671752318,off,hard_extinction,0.0,True,False,0.0
Im,15.264179671752318,off,no_extinction_control,0.0,True,False,0.0
Im,15.264179671752318,on,hard_extinction,0.0,True,False,0.0
Im,15.264179671752318,on,no_extinction_control,0.0,True,False,0.0
Im,16.768329368110066,off,hard_extinction,0.0,True,False,0.0
Im,16.768329368110066,off,no_extinction_control,0.0,True,False,0.0
Im,16.768329368110066,on,hard_extinction,0.0,True,False,0.0
Im,16.768329368110066,on,no_extinction_control,0.0,True,False,0.0
Im,18.420699693267146,off,hard_extinction,0.0,True,False,0.0
Im,18.420699693267146,off,no_extinction_control,0.0,True,False,0.0
Im,18.420699693267146,on,hard_extinction,0.0,True,False,0.0
Im,18.420699693267146,on,no_extinction_control,0.0,True,False,0.0
Im,20.235896477251554,off,hard_extinction,0.0,True,False,0.0
Im,20.235896477251554,off,no_extinction_control,0.0,True,False,0.0
Im,20.235896477251554,on,hard_extinction,0.0,True,False,0.0
Im,20.235896477251554,on,no_extinction_control,0.0,True,False,0.0
Im,22.229964825261934,off,hard_extinction,0.0,True,False,0.0
Im,22.229964825261934,off,no_extinction_control,0.0,True,False,0.0
Im,22.229964825261934,on,hard_extinction,0.0,True,False,0.0
Im,22.229964825261934,on,no_extinction_control,0.0,True,False,0.0
Im,24.420530945486497,off,hard_extinction,0.0,True,False,0.0
Im,24.420530945486497,off,no_extinction_control,0.0,True,False,0.0
Im,24.420530945486497,on,hard_extinction,0.0,True,False,0.0
Im,24.420530945486497,on,no_extinction_control,0.0,True,False,0.0
Im,26.826957952797247,off,hard_extinction,0.0,True,False,0.0
Im,26.826957952797247,off,no_extinction_control,0.0,True,False,0.0
Im,26.826957952797247,on,hard_extinction,0.0,True,False,0.0
Im,26.826957952797247,on,no_extinction_control,0.0,True,False,0.0
Im,29.4705170255181,off,hard_extinction,0.0,True,False,0.0
Im,29.4705170255181,off,no_extinction_control,0.0,True,False,0.0
Im,29.4705170255181,on,hard_extinction,0.0,True,False,0.0
Im,29.4705170255181,on,no_extinction_control,0.0,True,False,0.0
Im,32.374575428176435,off,hard_extinction,0.0,True,False,0.0
Im,32.374575428176435,off,no_extinction_control,0.0,True,False,0.0
Im,32.374575428176435,on,hard_extinction,0.0,True,False,0.0
Im,32.374575428176435,on,no_extinction_control,0.0,True,False,0.0
Im,35.56480306223125,off,hard_extinction,0.0,True,False,0.0
Im,35.56480306223125,off,no_extinction_control,0.0,True,False,0.0
Im,35.56480306223125,on,hard_extinction,0.0,True,False,0.0
Im,35.56480306223125,on,no_extinction_control,0.0,True,False,0.0
Im,39.06939937054613,off,hard_extinction,5.551115123125783e-17,True,False,0.0
Im,39.06939937054613,off,no_extinction_control,0.0,True,False,0.0
Im,39.06939937054613,on,hard_extinction,5.551115123125783e-17,True,False,0.0
Im,39.06939937054613,on,no_extinction_control,0.0,True,False,0.0
Im,42.91934260128774,off,hard_extinction,0.0,True,False,0.0
Im,42.91934260128774,off,no_extinction_control,0.0,True,False,0.0
Im,42.91934260128774,on,hard_extinction,0.0,True,False,0.0
Im,42.91934260128774,on,no_extinction_control,0.0,True,False,0.0
Im,47.1486636345739,off,hard_extinction,0.0,True,False,0.0
Im,47.1486636345739,off,no_extinction_control,0.0,True,False,0.0
Im,47.1486636345739,on,hard_extinction,0.0,True,False,0.0
Im,47.1486636345739,on,no_extinction_control,0.0,True,False,0.0
Im,51.794746792312075,off,hard_extinction,0.0,True,False,0.0
Im,51.794746792312075,off,no_extinction_control,0.0,True,False,0.0
Im,51.794746792312075,on,hard_extinction,0.0,True,False,0.0
Im,51.794746792312075,on,no_extinction_control,0.0,True,False,0.0
Im,56.89866029018293,off,hard_extinction,0.0,True,False,0.0
Im,56.89866029018293,off,no_extinction_control,0.0,True,False,0.0
Im,56.89866029018293,on,hard_extinction,0.0,True,False,0.0
Im,56.89866029018293,on,no_extinction_control,0.0,True,False,0.0
Im,62.505519252739695,off,hard_extinction,0.0,True,False,0.0
Im,62.505519252739695,off,no_extinction_control,0.0,True,False,0.0
Im,62.505519252739695,on,hard_extinction,0.0,True,False,0.0
Im,62.505519252739695,on,no_extinction_control,0.0,True,False,0.0
Im,68.66488450042998,off,hard_extinction,0.0,True,False,0.0
Im,68.66488450042998,off,no_extinction_control,0.0,True,False,0.0
Im,68.66488450042998,on,hard_extinction,0.0,True,False,0.0
Im,68.66488450042998,on,no_extinction_control,0.0,True,False,0.0
Im,75.43120063354615,off,hard_extinction,0.0,True,False,0.0
Im,75.43120063354615,off,no_extinction_control,0.0,True,False,0.0
Im,75.43120063354615,on,hard_extinction,0.0,True,False,0.0
Im,75.43120063354615,on,no_extinction_control,0.0,True,False,0.0
Im,82.86427728546842,off,hard_extinction,0.0,True,False,0.0
Im,82.86427728546842,off,no_extinction_control,0.0,True,False,0.0
Im,82.86427728546842,on,hard_extinction,0.0,True,False,0.0
Im,82.86427728546842,on,no_extinction_control,0.0,True,False,0.0
Im,91.02981779915208,off,hard_extinction,0.0,True,False,0.0
Im,91.02981779915208,off,no_extinction_control,0.0,True,False,0.0
Im,91.02981779915208,on,hard_extinction,0.0,True,False,0.0
Im,91.02981779915208,on,no_extinction_control,0.0,True,False,0.0
Im,100.0,off,hard_extinction,1.1102230246251565e-16,True,False,0.0
Im,100.0,off,no_extinction_control,0.0,True,False,0.0
Im,100.0,on,hard_extinction,1.1102230246251565e-16,True,False,0.0
Im,100.0,on,no_extinction_control,0.0,True,False,0.0
Ld,0.0,off,hard_extinction,0.0,True,False,0.0
Ld,0.0,off,no_extinction_control,0.0,True,False,0.0
Ld,0.0,on,hard_extinction,0.0,True,False,0.0
Ld,0.0,on,no_extinction_control,0.0,True,False,0.0
Ld,0.01,off,hard_extinction,0.0,True,False,0.0
Ld,0.01,off,no_extinction_control,0.0,True,False,0.0
Ld,0.01,on,hard_extinction,0.0,True,False,0.0
Ld,0.01,on,no_extinction_control,0.0,True,False,0.0
Ld,0.010985411419875584,off,hard_extinction,0.0,True,False,0.0
Ld,0.010985411419875584,off,no_extinction_control,0.0,True,False,0.0
Ld,0.010985411419875584,on,hard_extinction,0.0,True,False,0.0
Ld,0.010985411419875584,on,no_extinction_control,0.0,True,False,0.0
Ld,0.012067926406393288,off,hard_extinction,0.0,True,False,0.0
Ld,0.012067926406393288,off,no_extinction_control,0.0,True,False,0.0
Ld,0.012067926406393288,on,hard_extinction,0.0,True,False,0.0
Ld,0.012067926406393288,on,no_extinction_control,0.0,True,False,0.0
Ld,0.013257113655901088,off,hard_extinction,0.0,True,False,0.0
Ld,0.013257113655901088,off,no_extinction_control,0.0,True,False,0.0
Ld,0.013257113655901088,on,hard_extinction,0.0,True,False,0.0
Ld,0.013257113655901088,on,no_extinction_control,0.0,True,False,0.0
Ld,0.014563484775012436,off,hard_extinction,0.0,True,False,0.0
Ld,0.014563484775012436,off,no_extinction_control,0.0,True,False,0.0
Ld,0.014563484775012436,on,hard_extinction,0.0,True,False,0.0
Ld,0.014563484775012436,on,no_extinction_control,0.0,True,False,0.0
Ld,0.015998587196060583,off,hard_extinction,0.0,True,False,0.0
Ld,0.015998587196060583,off,no_extinction_control,0.0,True,False,0.0
Ld,0.015998587196060583,on,hard_extinction,0.0,True,False,0.0
Ld,0.015998587196060583,on,no_extinction_control,0.0,True,False,0.0
Ld,0.017575106248547922,off,hard_extinction,0.0,True,False,0.0
Ld,0.017575106248547922,off,no_extinction_control,0.0,True,False,0.0
Ld,0.017575106248547922,on,hard_extinction,0.0,True,False,0.0
Ld,0.017575106248547922,on,no_extinction_control,0.0,True,False,0.0
Ld,0.019306977288832496,off,hard_extinction,0.0,True,False,0.0
Ld,0.019306977288832496,off,no_extinction_control,0.0,True,False,0.0
Ld,0.019306977288832496,on,hard_extinction,0.0,True,False,0.0
Ld,0.019306977288832496,on,no_extinction_control,0.0,True,False,0.0
Ld,0.021209508879201904,off,hard_extinction,0.0,True,False,0.0
Ld,0.021209508879201904,off,no_extinction_control,0.0,True,False,0.0
Ld,0.021209508879201904,on,hard_extinction,0.0,True,False,0.0
Ld,0.021209508879201904,on,no_extinction_control,0.0,True,False,0.0
Ld,0.023299518105153717,off,hard_extinction,0.0,True,False,0.0
Ld,0.023299518105153717,off,no_extinction_control,0.0,True,False,0.0
Ld,0.023299518105153717,on,hard_extinction,0.0,True,False,0.0
Ld,0.023299518105153717,on,no_extinction_control,0.0,True,False,0.0
Ld,0.025595479226995357,off,hard_extinction,0.0,True,False,0.0
Ld,0.025595479226995357,off,no_extinction_control,0.0,True,False,0.0
Ld,0.025595479226995357,on,hard_extinction,0.0,True,False,0.0
Ld,0.025595479226995357,on,no_extinction_control,0.0,True,False,0.0
Ld,0.028117686979742307,off,hard_extinction,0.0,True,False,0.0
Ld,0.028117686979742307,off,no_extinction_control,0.0,True,False,0.0
Ld,0.028117686979742307,on,hard_extinction,0.0,True,False,0.0
Ld,0.028117686979742307,on,no_extinction_control,0.0,True,False,0.0
Ld,0.030888435964774818,off,hard_extinction,0.0,True,False,0.0
Ld,0.030888435964774818,off,no_extinction_control,0.0,True,False,0.0
Ld,0.030888435964774818,on,hard_extinction,0.0,True,False,0.0
Ld,0.030888435964774818,on,no_extinction_control,0.0,True,False,0.0
Ld,0.03393221771895328,off,hard_extinction,0.0,True,False,0.0
Ld,0.03393221771895328,off,no_extinction_control,0.0,True,False,0.0
Ld,0.03393221771895328,on,hard_extinction,0.0,True,False,0.0
Ld,0.03393221771895328,on,no_extinction_control,0.0,True,False,0.0
Ld,0.0372759372031494,off,hard_extinction,0.0,True,False,0.0
Ld,0.0372759372031494,off,no_extinction_control,0.0,True,False,0.0
Ld,0.0372759372031494,on,hard_extinction,0.0,True,False,0.0
Ld,0.0372759372031494,on,no_extinction_control,0.0,True,False,0.0
Ld,0.040949150623804234,off,hard_extinction,0.0,True,False,0.0
Ld,0.040949150623804234,off,no_extinction_control,0.0,True,False,0.0
Ld,0.040949150623804234,on,hard_extinction,0.0,True,False,0.0
Ld,0.040949150623804234,on,no_extinction_control,0.0,True,False,0.0
Ld,0.04498432668969444,off,hard_extinction,0.0,True,False,0.0
Ld,0.04498432668969444,off,no_extinction_control,0.0,True,False,0.0
Ld,0.04498432668969444,on,hard_extinction,0.0,True,False,0.0
Ld,0.04498432668969444,on,no_extinction_control,0.0,True,False,0.0
Ld,0.04941713361323833,off,hard_extinction,0.0,True,False,0.0
Ld,0.04941713361323833,off,no_extinction_control,0.0,True,False,0.0
Ld,0.04941713361323833,on,hard_extinction,0.0,True,False,0.0
Ld,0.04941713361323833,on,no_extinction_control,0.0,True,False,0.0
Ld,0.054286754393238594,off,hard_extinction,0.0,True,False,0.0
Ld,0.054286754393238594,off,no_extinction_control,0.0,True,False,0.0
Ld,0.054286754393238594,on,hard_extinction,0.0,True,False,0.0
Ld,0.054286754393238594,on,no_extinction_control,0.0,True,False,0.0
Ld,0.05963623316594643,off,hard_extinction,0.0,True,False,0.0
Ld,0.05963623316594643,off,no_extinction_control,0.0,True,False,0.0
Ld,0.05963623316594643,on,hard_extinction,0.0,True,False,0.0
Ld,0.05963623316594643,on,no_extinction_control,0.0,True,False,0.0
Ld,0.0655128556859551,off,hard_extinction,0.0,True,False,0.0
Ld,0.0655128556859551,off,no_extinction_control,0.0,True,False,0.0
Ld,0.0655128556859551,on,hard_extinction,0.0,True,False,0.0
Ld,0.0655128556859551,on,no_extinction_control,0.0,True,False,0.0
Ld,0.07196856730011521,off,hard_extinction,0.0,True,False,0.0
Ld,0.07196856730011521,off,no_extinction_control,0.0,True,False,0.0
Ld,0.07196856730011521,on,hard_extinction,0.0,True,False,0.0
Ld,0.07196856730011521,on,no_extinction_control,0.0,True,False,0.0
Ld,0.07906043210907697,off,hard_extinction,0.0,True,False,0.0
Ld,0.07906043210907697,off,no_extinction_control,0.0,True,False,0.0
Ld,0.07906043210907697,on,hard_extinction,0.0,True,False,0.0
Ld,0.07906043210907697,on,no_extinction_control,0.0,True,False,0.0
Ld,0.08685113737513525,off,hard_extinction,0.0,True,False,0.0
Ld,0.08685113737513525,off,no_extinction_control,0.0,True,False,0.0
Ld,0.08685113737513525,on,hard_extinction,0.0,True,False,0.0
Ld,0.08685113737513525,on,no_extinction_control,0.0,True,False,0.0
Ld,0.09540954763499938,off,hard_extinction,0.0,True,False,0.0
Ld,0.09540954763499938,off,no_extinction_control,0.0,True,False,0.0
Ld,0.09540954763499938,on,hard_extinction,0.0,True,False,0.0
Ld,0.09540954763499938,on,no_extinction_control,0.0,True,False,0.0
Ld,0.10481131341546858,off,hard_extinction,0.0,True,False,0.0
Ld,0.10481131341546858,off,no_extinction_control,0.0,True,False,0.0
Ld,0.10481131341546858,on,hard_extinction,0.0,True,False,0.0
Ld,0.10481131341546858,on,no_extinction_control,0.0,True,False,0.0
Ld,0.1151395399326447,off,hard_extinction,0.0,True,False,0.0
Ld,0.1151395399326447,off,no_extinction_control,0.0,True,False,0.0
Ld,0.1151395399326447,on,hard_extinction,0.0,True,False,0.0
Ld,0.1151395399326447,on,no_extinction_control,0.0,True,False,0.0
Ld,0.12648552168552957,off,hard_extinction,0.0,True,False,0.0
Ld,0.12648552168552957,off,no_extinction_control,0.0,True,False,0.0
Ld,0.12648552168552957,on,hard_extinction,0.0,True,False,0.0
Ld,0.12648552168552957,on,no_extinction_control,0.0,True,False,0.0
Ld,0.13894954943731375,off,hard_extinction,0.0,True,False,0.0
Ld,0.13894954943731375,off,no_extinction_control,0.0,True,False,0.0
Ld,0.13894954943731375,on,hard_extinction,0.0,True,False,0.0
Ld,0.13894954943731375,on,no_extinction_control,0.0,True,False,0.0
Ld,0.15264179671752334,off,hard_extinction,0.0,True,False,0.0
Ld,0.15264179671752334,off,no_extinction_control,0.0,True,False,0.0
Ld,0.15264179671752334,on,hard_extinction,0.0,True,False,0.0
Ld,0.15264179671752334,on,no_extinction_control,0.0,True,False,0.0
Ld,0.16768329368110074,off,hard_extinction,0.0,True,False,0.0
Ld,0.16768329368110074,off,no_extinction_control,0.0,True,False,0.0
Ld,0.16768329368110074,on,hard_extinction,0.0,True,False,0.0
Ld,0.16768329368110074,on,no_extinction_control,0.0,True,False,0.0
Ld,0.18420699693267154,off,hard_extinction,0.0,True,False,0.0
Ld,0.18420699693267154,off,no_extinction_control,0.0,True,False,0.0
Ld,0.18420699693267154,on,hard_extinction,0.0,True,False,0.0
Ld,0.18420699693267154,on,no_extinction_control,0.0,True,False,0.0
Ld,0.20235896477251566,off,hard_extinction,4.440892098500626e-16,True,False,1.1102230246251565e-16
Ld,0.20235896477251566,off,no_extinction_control,4.440892098500626e-16,True,False,1.1102230246251565e-16
Ld,0.20235896477251566,on,hard_extinction,0.0,True,False,0.0
Ld,0.20235896477251566,on,no_extinction_control,0.0,True,False,0.0
Ld,0.22229964825261944,off,hard_extinction,6.661338147750939e-15,True,False,5.9396931817445875e-15
Ld,0.22229964825261944,off,no_extinction_control,6.661338147750939e-15,True,False,5.9396931817445875e-15
Ld,0.22229964825261944,on,hard_extinction,0.0,True,False,0.0
Ld,0.22229964825261944,on,no_extinction_control,0.0,True,False,0.0
Ld,0.2442053094548651,off,hard_extinction,1.6073808950523016e-12,True,False,1.5214496329463145e-12
Ld,0.2442053094548651,off,no_extinction_control,1.6073808950523016e-12,True,False,1.5214496329463145e-12
Ld,0.2442053094548651,on,hard_extinction,0.0,True,False,0.0
Ld,0.2442053094548651,on,no_extinction_control,0.0,True,False,0.0
Ld,0.2682695795279725,off,hard_extinction,5.333407049334937e-10,True,False,5.500974675776149e-10
Ld,0.2682695795279725,off,no_extinction_control,5.333407049334937e-10,True,False,5.500974675776149e-10
Ld,0.2682695795279725,on,hard_extinction,0.0,True,False,0.0
Ld,0.2682695795279725,on,no_extinction_control,0.0,True,False,0.0
Ld,0.29470517025518095,off,hard_extinction,2.1833781072011504e-07,True,False,2.584234849445366e-07
Ld,0.29470517025518095,off,no_extinction_control,2.1833781072011504e-07,True,False,2.584234849445366e-07
Ld,0.29470517025518095,on,hard_extinction,0.0,True,False,0.0
Ld,0.29470517025518095,on,no_extinction_control,0.0,True,False,0.0
Ld,0.32374575428176433,off,hard_extinction,9.762026230919485e-05,False,False,0.00014585826336688257
Ld,0.32374575428176433,off,no_extinction_control,9.762026230919485e-05,False,False,0.00014585826336688257
Ld,0.32374575428176433,on,hard_extinction,0.0,True,False,0.0
Ld,0.32374575428176433,on,no_extinction_control,0.0,True,False,0.0
Ld,0.35564803062231287,off,hard_extinction,0.039930844221927164,False,False,0.08772727585661944
Ld,0.35564803062231287,off,no_extinction_control,0.039930844221927164,False,False,0.08772727585661944
Ld,0.35564803062231287,on,hard_extinction,0.0,True,False,0.0
Ld,0.35564803062231287,on,no_extinction_control,0.0,True,False,0.0
Ld,0.3906939937054615,off,hard_extinction,2.113189905304904,False,False,0.24205938936999516
Ld,0.3906939937054615,off,no_extinction_control,2.113189905304904,False,False,0.24205938936999516
Ld,0.3906939937054615,on,hard_extinction,0.0,True,False,0.0
Ld,0.3906939937054615,on,no_extinction_control,0.0,True,False,0.0
Ld,0.42919342601287763,off,hard_extinction,8.021869428354863,False,True,0.0005337874733561954
Ld,0.42919342601287763,off,no_extinction_control,3.184743206887351,False,True,0.0005334386240496425
Ld,0.42919342601287763,on,hard_extinction,0.0,True,False,0.0
Ld,0.42919342601287763,on,no_extinction_control,0.0,True,False,0.0
Ld,0.47148663634573923,off,hard_extinction,0.0,True,False,0.0
Ld,0.47148663634573923,off,no_extinction_control,3.4573785089094704,False,False,3.88536211870516e-07
Ld,0.47148663634573923,on,hard_extinction,0.0,True,False,0.0
Ld,0.47148663634573923,on,no_extinction_control,0.0,True,False,0.0
Ld,0.517947467923121,off,hard_extinction,0.0,True,False,0.0
Ld,0.517947467923121,off,no_extinction_control,1.8730883021008804,False,False,3.8091774179349613e-10
Ld,0.517947467923121,on,hard_extinction,0.0,True,False,0.0
Ld,0.517947467923121,on,no_extinction_control,0.0,True,False,0.0
Ld,0.5689866029018296,off,hard_extinction,0.0,True,False,0.0
Ld,0.5689866029018296,off,no_extinction_control,0.04754549902665772,False,False,5.875300246316328e-13
Ld,0.5689866029018296,on,hard_extinction,0.0,True,False,0.0
Ld,0.5689866029018296,on,no_extinction_control,0.0,True,False,0.0
Ld,0.6250551925273969,off,hard_extinction,0.0,True,False,0.0
Ld,0.6250551925273969,off,no_extinction_control,0.00012449020543492395,False,False,1.3322676295501878e-15
Ld,0.6250551925273969,on,hard_extinction,0.0,True,False,0.0
Ld,0.6250551925273969,on,no_extinction_control,0.0,True,False,0.0
Ld,0.6866488450042998,off,hard_extinction,0.0,True,False,0.0
Ld,0.6866488450042998,off,no_extinction_control,4.905219253004134e-07,False,False,0.0
Ld,0.6866488450042998,on,hard_extinction,0.0,True,False,0.0
Ld,0.6866488450042998,on,no_extinction_control,0.0,True,False,0.0
Ld,0.7543120063354615,off,hard_extinction,0.0,True,False,0.0
Ld,0.7543120063354615,off,no_extinction_control,3.006448423548136e-09,True,False,0.0
Ld,0.7543120063354615,on,hard_extinction,0.0,True,False,0.0
Ld,0.7543120063354615,on,no_extinction_control,0.0,True,False,0.0
Ld,0.8286427728546842,off,hard_extinction,0.0,True,False,0.0
Ld,0.8286427728546842,off,no_extinction_control,2.793676401324774e-11,True,False,0.0
Ld,0.8286427728546842,on,hard_extinction,0.0,True,False,0.0
Ld,0.8286427728546842,on,no_extinction_control,0.0,True,False,0.0
Ld,0.9102981779915218,off,hard_extinction,0.0,True,False,0.0
Ld,0.9102981779915218,off,no_extinction_control,3.836930773104541e-13,True,False,0.0
Ld,0.9102981779915218,on,hard_extinction,0.0,True,False,0.0
Ld,0.9102981779915218,on,no_extinction_control,0.0,True,False,0.0
Ld,0.9999999999999994,off,hard_extinction,0.0,True,False,0.0
Ld,0.9999999999999994,off,no_extinction_control,7.105427357601002e-15,True,False,0.0
Ld,0.9999999999999994,on,hard_extinction,0.0,True,False,0.0
Ld,0.9999999999999994,on,no_extinction_control,0.0,True,False,0.0
Ld,1.0985411419875584,off,hard_extinction,0.0,True,False,0.0
Ld,1.0985411419875584,off,no_extinction_control,0.0,True,False,0.0
Ld,1.0985411419875584,on,hard_extinction,0.0,True,False,0.0
Ld,1.0985411419875584,on,no_extinction_control,0.0,True,False,0.0
Ld,1.2067926406393277,off,hard_extinction,0.0,True,False,0.0
Ld,1.2067926406393277,off,no_extinction_control,0.0,True,False,0.0
Ld,1.2067926406393277,on,hard_extinction,0.0,True,False,0.0
Ld,1.2067926406393277,on,no_extinction_control,0.0,True,False,0.0
Ld,1.325711365590108,off,hard_extinction,0.0,True,False,0.0
Ld,1.325711365590108,off,no_extinction_control,0.0,True,False,0.0
Ld,1.325711365590108,on,hard_extinction,0.0,True,False,0.0
Ld,1.325711365590108,on,no_extinction_control,0.0,True,False,0.0
Ld,1.456348477501243,off,hard_extinction,0.0,True,False,0.0
Ld,1.456348477501243,off,no_extinction_control,0.0,True,False,0.0
Ld,1.456348477501243,on,hard_extinction,0.0,True,False,0.0
Ld,1.456348477501243,on,no_extinction_control,0.0,True,False,0.0
Ld,1.5998587196060574,off,hard_extinction,0.0,True,False,0.0
Ld,1.5998587196060574,off,no_extinction_control,0.0,True,False,0.0
Ld,1.5998587196060574,on,hard_extinction,0.0,True,False,0.0
Ld,1.5998587196060574,on,no_extinction_control,0.0,True,False,0.0
Ld,1.7575106248547911,off,hard_extinction,0.0,True,False,0.0
Ld,1.7575106248547911,off,no_extinction_control,0.0,True,False,0.0
Ld,1.7575106248547911,on,hard_extinction,0.0,True,False,0.0
Ld,1.7575106248547911,on,no_extinction_control,0.0,True,False,0.0
Ld,1.9306977288832496,off,hard_extinction,0.0,True,False,0.0
Ld,1.9306977288832496,off,no_extinction_control,0.0,True,False,0.0
Ld,1.9306977288832496,on,hard_extinction,0.0,True,False,0.0
Ld,1.9306977288832496,on,no_extinction_control,0.0,True,False,0.0
Ld,2.1209508879201904,off,hard_extinction,0.0,True,False,0.0
Ld,2.1209508879201904,off,no_extinction_control,0.0,True,False,0.0
Ld,2.1209508879201904,on,hard_extinction,0.0,True,False,0.0
Ld,2.1209508879201904,on,no_extinction_control,0.0,True,False,0.0
Ld,2.329951810515372,off,hard_extinction,0.0,True,False,0.0
Ld,2.329951810515372,off,no_extinction_control,0.0,True,False,0.0
Ld,2.329951810515372,on,hard_extinction,0.0,True,False,0.0
Ld,2.329951810515372,on,no_extinction_control,0.0,True,False,0.0
Ld,2.5595479226995357,off,hard_extinction,0.0,True,False,0.0
Ld,2.5595479226995357,off,no_extinction_control,0.0,True,False,0.0
Ld,2.5595479226995357,on,hard_extinction,0.0,True,False,0.0
Ld,2.5595479226995357,on,no_extinction_control,0.0,True,False,0.0
Ld,2.811768697974228,off,hard_extinction,0.0,True,False,0.0
Ld,2.811768697974228,off,no_extinction_control,0.0,True,False,0.0
Ld,2.811768697974228,on,hard_extinction,0.0,True,False,0.0
Ld,2.811768697974228,on,no_extinction_control,0.0,True,False,0.0
Ld,3.0888435964774787,off,hard_extinction,0.0,True,False,0.0
Ld,3.0888435964774787,off,no_extinction_control,0.0,True,False,0.0
Ld,3.0888435964774787,on,hard_extinction,0.0,True,False,0.0
Ld,3.0888435964774787,on,no_extinction_control,0.0,True,False,0.0
Ld,3.3932217718953264,off,hard_extinction,0.0,True,False,0.0
Ld,3.3932217718953264,off,no_extinction_control,0.0,True,False,0.0
Ld,3.3932217718953264,on,hard_extinction,0.0,True,False,0.0
Ld,3.3932217718953264,on,no_extinction_control,0.0,True,False,0.0
Ld,3.727593720314938,off,hard_extinction,0.0,True,False,0.0
Ld,3.727593720314938,off,no_extinction_control,0.0,True,False,0.0
Ld,3.727593720314938,on,hard_extinction,0.0,True,False,0.0
Ld,3.727593720314938,on,no_extinction_control,0.0,True,False,0.0
Ld,4.094915062380423,off,hard_extinction,0.0,True,False,0.0
Ld,4.094915062380423,off,no_extinction_control,0.0,True,False,0.0
Ld,4.094915062380423,on,hard_extinction,0.0,True,False,0.0
Ld,4.094915062380423,on,no_extinction_control,0.0,True,False,0.0
Ld,4.498432668969444,off,hard_extinction,0.0,True,False,0.0
Ld,4.498432668969444,off,no_extinction_control,0.0,True,False,0.0
Ld,4.498432668969444,on,hard_extinction,0.0,True,False,0.0
Ld,4.498432668969444,on,no_extinction_control,0.0,True,False,0.0
Ld,4.941713361323833,off,hard_extinction,0.0,True,False,0.0
Ld,4.941713361323833,off,no_extinction_control,0.0,True,False,0.0
Ld,4.941713361323833,on,hard_extinction,0.0,True,False,0.0
Ld,4.941713361323833,on,no_extinction_control,0.0,True,False,0.0
Ld,5.428675439323859,off,hard_extinction,0.0,True,False,0.0
Ld,5.428675439323859,off,no_extinction_control,0.0,True,False,0.0
Ld,5.428675439323859,on,hard_extinction,0.0,True,False,0.0
Ld,5.428675439323859,on,no_extinction_control,0.0,True,False,0.0
Ld,5.963623316594643,off,hard_extinction,0.0,True,False,0.0
Ld,5.963623316594643,off,no_extinction_control,0.0,True,False,0.0
Ld,5.963623316594643,on,hard_extinction,0.0,True,False,0.0
Ld,5.963623316594643,on,no_extinction_control,0.0,True,False,0.0
Ld,6.551285568595502,off,hard_extinction,0.0,True,False,0.0
Ld,6.551285568595502,off,no_extinction_control,0.0,True,False,0.0
Ld,6.551285568595502,on,hard_extinction,0.0,True,False,0.0
Ld,6.551285568595502,on,no_extinction_control,0.0,True,False,0.0
Ld,7.196856730011514,off,hard_extinction,0.0,True,False,0.0
Ld,7.196856730011514,off,no_extinction_control,0.0,True,False,0.0
Ld,7.196856730011514,on,hard_extinction,0.0,True,False,0.0
Ld,7.196856730011514,on,no_extinction_control,0.0,True,False,0.0
Ld,7.9060432109076935,off,hard_extinction,0.0,True,False,0.0
Ld,7.9060432109076935,off,no_extinction_control,0.0,True,False,0.0
Ld,7.9060432109076935,on,hard_extinction,0.0,True,False,0.0
Ld,7.9060432109076935,on,no_extinction_control,0.0,True,False,0.0
Ld,8.68511373751352,off,hard_extinction,0.0,True,False,0.0
Ld,8.68511373751352,off,no_extinction_control,0.0,True,False,0.0
Ld,8.68511373751352,on,hard_extinction,0.0,True,False,0.0
Ld,8.68511373751352,on,no_extinction_control,0.0,True,False,0.0
Ld,9.540954763499935,off,hard_extinction,0.0,True,False,0.0
Ld,9.540954763499935,off,no_extinction_control,0.0,True,False,0.0
Ld,9.540954763499935,on,hard_extinction,0.0,True,False,0.0
Ld,9.540954763499935,on,no_extinction_control,0.0,True,False,0.0
Ld,10.481131341546853,off,hard_extinction,0.0,True,False,0.0
Ld,10.481131341546853,off,no_extinction_control,0.0,True,False,0.0
Ld,10.481131341546853,on,hard_extinction,0.0,True,False,0.0
Ld,10.481131341546853,on,no_extinction_control,0.0,True,False,0.0
Ld,11.513953993264469,off,hard_extinction,0.0,True,False,0.0
Ld,11.513953993264469,off,no_extinction_control,0.0,True,False,0.0
Ld,11.513953993264469,on,hard_extinction,0.0,True,False,0.0
Ld,11.513953993264469,on,no_extinction_control,0.0,True,False,0.0
Ld,12.648552168552959,off,hard_extinction,0.0,True,False,0.0
Ld,12.648552168552959,off,no_extinction_control,0.0,True,False,0.0
Ld,12.648552168552959,on,hard_extinction,0.0,True,False,0.0
Ld,12.648552168552959,on,no_extinction_control,0.0,True,False,0.0
Ld,13.894954943731374,off,hard_extinction,0.0,True,False,0.0
Ld,13.894954943731374,off,no_extinction_control,0.0,True,False,0.0
Ld,13.894954943731374,on,hard_extinction,0.0,True,False,0.0
Ld,13.894954943731374,on,no_extinction_control,0.0,True,False,0.0
Ld,15.264179671752318,off,hard_extinction,0.0,True,False,0.0
Ld,15.264179671752318,off,no_extinction_control,0.0,True,False,0.0
Ld,15.264179671752318,on,hard_extinction,0.0,True,False,0.0
Ld,15.264179671752318,on,no_extinction_control,0.0,True,False,0.0
Ld,16.768329368110066,off,hard_extinction,0.0,True,False,0.0
Ld,16.768329368110066,off,no_extinction_control,0.0,True,False,0.0
Ld,16.768329368110066,on,hard_extinction,0.0,True,False,0.0
Ld,16.768329368110066,on,no_extinction_control,0.0,True,False,0.0
Ld,18.420699693267146,off,hard_extinction,0.0,True,False,0.0
Ld,18.420699693267146,off,no_extinction_control,0.0,True,False,0.0
Ld,18.420699693267146,on,hard_extinction,0.0,True,False,0.0
Ld,18.420699693267146,on,no_extinction_control,0.0,True,False,0.0
Ld,20.235896477251554,off,hard_extinction,0.0,True,False,0.0
Ld,20.235896477251554,off,no_extinction_control,0.0,True,False,0.0
Ld,20.235896477251554,on,hard_extinction,0.0,True,False,0.0
Ld,20.235896477251554,on,no_extinction_control,0.0,True,False,0.0
Ld,22.229964825261934,off,hard_extinction,0.0,True,False,0.0
Ld,22.229964825261934,off,no_extinction_control,0.0,True,False,0.0
Ld,22.229964825261934,on,hard_extinction,0.0,True,False,0.0
Ld,22.229964825261934,on,no_extinction_control,0.0,True,False,0.0
Ld,24.420530945486497,off,hard_extinction,0.0,True,False,0.0
Ld,24.420530945486497,off,no_extinction_control,0.0,True,False,0.0
Ld,24.420530945486497,on,hard_extinction,0.0,True,False,0.0
Ld,24.420530945486497,on,no_extinction_control,0.0,True,False,0.0
Ld,26.826957952797247,off,hard_extinction,0.0,True,False,0.0
Ld,26.826957952797247,off,no_extinction_control,0.0,True,False,0.0
Ld,26.826957952797247,on,hard_extinction,0.0,True,False,0.0
Ld,26.826957952797247,on,no_extinction_control,0.0,True,False,0.0
Ld,29.4705170255181,off,hard_extinction,0.0,True,False,0.0
Ld,29.4705170255181,off,no_extinction_control,0.0,True,False,0.0
Ld,29.4705170255181,on,hard_extinction,0.0,True,False,0.0
Ld,29.4705170255181,on,no_extinction_control,0.0,True,False,0.0
Ld,32.374575428176435,off,hard_extinction,0.0,True,False,0.0
Ld,32.374575428176435,off,no_extinction_control,0.0,True,False,0.0
Ld,32.374575428176435,on,hard_extinction,0.0,True,False,0.0
Ld,32.374575428176435,on,no_extinction_control,0.0,True,False,0.0
Ld,35.56480306223125,off,hard_extinction,0.0,True,False,0.0
Ld,35.56480306223125,off,no_extinction_control,0.0,True,False,0.0
Ld,35.56480306223125,on,hard_extinction,0.0,True,False,0.0
Ld,35.56480306223125,on,no_extinction_control,0.0,True,False,0.0
Ld,39.06939937054613,off,hard_extinction,0.0,True,False,0.0
Ld,39.06939937054613,off,no_extinction_control,0.0,True,False,0.0
Ld,39.06939937054613,on,hard_extinction,0.0,True,False,0.0
Ld,39.06939937054613,on,no_extinction_control,0.0,True,False,0.0
Ld,42.91934260128774,off,hard_extinction,0.0,True,False,0.0
Ld,42.91934260128774,off,no_extinction_control,0.0,True,False,0.0
Ld,42.91934260128774,on,hard_extinction,0.0,True,False,0.0
Ld,42.91934260128774,on,no_extinction_control,0.0,True,False,0.0
Ld,47.1486636345739,off,hard_extinction,0.0,True,False,0.0
Ld,47.1486636345739,off,no_extinction_control,0.0,True,False,0.0
Ld,47.1486636345739,on,hard_extinction,0.0,True,False,0.0
Ld,47.1486636345739,on,no_extinction_control,0.0,True,False,0.0
Ld,51.794746792312075,off,hard_extinction,0.0,True,False,0.0
Ld,51.794746792312075,off,no_extinction_control,0.0,True,False,0.0
Ld,51.794746792312075,on,hard_extinction,0.0,True,False,0.0
Ld,51.794746792312075,on,no_extinction_control,0.0,True,False,0.0
Ld,56.89866029018293,off,hard_extinction,0.0,True,False,0.0
Ld,56.89866029018293,off,no_extinction_control,0.0,True,False,0.0
Ld,56.89866029018293,on,hard_extinction,0.0,True,False,0.0
Ld,56.89866029018293,on,no_extinction_control,0.0,True,False,0.0
Ld,62.505519252739695,off,hard_extinction,0.0,True,False,0.0
Ld,62.505519252739695,off,no_extinction_control,0.0,True,False,0.0
Ld,62.505519252739695,on,hard_extinction,0.0,True,False,0.0
Ld,62.505519252739695,on,no_extinction_control,0.0,True,False,0.0
Ld,68.66488450042998,off,hard_extinction,0.0,True,False,0.0
Ld,68.66488450042998,off,no_extinction_control,0.0,True,False,0.0
Ld,68.66488450042998,on,hard_extinction,0.0,True,False,0.0
Ld,68.66488450042998,on,no_extinction_control,0.0,True,False,0.0
Ld,75.43120063354615,off,hard_extinction,0.0,True,False,0.0
Ld,75.43120063354615,off,no_extinction_control,0.0,True,False,0.0
Ld,75.43120063354615,on,hard_extinction,0.0,True,False,0.0
Ld,75.43120063354615,on,no_extinction_control,0.0,True,False,0.0
Ld,82.86427728546842,off,hard_extinction,0.0,True,False,0.0
Ld,82.86427728546842,off,no_extinction_control,0.0,True,False,0.0
Ld,82.86427728546842,on,hard_extinction,0.0,True,False,0.0
Ld,82.86427728546842,on,no_extinction_control,0.0,True,False,0.0
Ld,91.02981779915208,off,hard_extinction,0.0,True,False,0.0
Ld,91.02981779915208,off,no_extinction_control,0.0,True,False,0.0
Ld,91.02981779915208,on,hard_extinction,0.0,True,False,0.0
Ld,91.02981779915208,on,no_extinction_control,0.0,True,False,0.0
Ld,100.0,off,hard_extinction,0.0,True,False,0.0
Ld,100.0,off,no_extinction_control,0.0,True,False,0.0
Ld,100.0,on,hard_extinction,0.0,True,False,0.0
Ld,100.0,on,no_extinction_control,0.0,True,False,0.0
Lsp,0.0,off,hard_extinction,0.0,True,False,0.0
Lsp,0.0,off,no_extinction_control,0.0,True,False,0.0
Lsp,0.0,on,hard_extinction,0.0,True,False,0.0
Lsp,0.0,on,no_extinction_control,0.0,True,False,0.0
Lsp,0.01,off,hard_extinction,0.0,True,False,0.0
Lsp,0.01,off,no_extinction_control,0.0,True,False,0.0
Lsp,0.01,on,hard_extinction,0.0,True,False,0.0
Lsp,0.01,on,no_extinction_control,0.0,True,False,0.0
Lsp,0.010985411419875584,off,hard_extinction,0.0,True,False,0.0
Lsp,0.010985411419875584,off,no_extinction_control,0.0,True,False,0.0
Lsp,0.010985411419875584,on,hard_extinction,0.0,True,False,0.0
Lsp,0.010985411419875584,on,no_extinction_control,0.0,True,False,0.0
Lsp,0.012067926406393288,off,hard_extinction,0.0,True,False,0.0
Lsp,0.012067926406393288,off,no_extinction_control,0.0,True,False,0.0
Lsp,0.012067926406393288,on,hard_extinction,0.0,True,False,0.0
Lsp,0.012067926406393288,on,no_extinction_control,0.0,True,False,0.0
Lsp,0.013257113655901088,off,hard_extinction,0.0,True,False,0.0
Lsp,0.013257113655901088,off,no_extinction_control,0.0,True,False,0.0
Lsp,0.013257113655901088,on,hard_extinction,0.0,True,False,0.0
Lsp,0.013257113655901088,on,no_extinction_control,0.0,True,False,0.0
Lsp,0.014563484775012436,off,hard_extinction,0.0,True,False,0.0
Lsp,0.014563484775012436,off,no_extinction_control,0.0,True,False,0.0
Lsp,0.014563484775012436,on,hard_extinction,0.0,True,False,0.0
Lsp,0.014563484775012436,on,no_extinction_control,0.0,True,False,0.0
Lsp,0.015998587196060583,off,hard_extinction,0.0,True,False,0.0
Lsp,0.015998587196060583,off,no_extinction_control,0.0,True,False,0.0
Lsp,0.015998587196060583,on,hard_extinction,0.0,True,False,0.0
Lsp,0.015998587196060583,on,no_extinction_control,0.0,True,False,0.0
Lsp,0.017575106248547922,off,hard_extinction,0.0,True,False,0.0
Lsp,0.017575106248547922,off,no_extinction_control,0.0,True,False,0.0
Lsp,0.017575106248547922,on,hard_extinction,0.0,True,False,0.0
Lsp,0.017575106248547922,on,no_extinction_control,0.0,True,False,0.0
Lsp,0.019306977288832496,off,hard_extinction,0.0,True,False,0.0
Lsp,0.019306977288832496,off,no_extinction_control,0.0,True,False,0.0
Lsp,0.019306977288832496,on,hard_extinction,0.0,True,False,0.0
Lsp,0.019306977288832496,on,no_extinction_control,0.0,True,False,0.0
Lsp,0.021209508879201904,off,hard_extinction,0.0,True,False,0.0
Lsp,0.021209508879201904,off,no_extinction_control,0.0,True,False,0.0
Lsp,0.021209508879201904,on,hard_extinction,0.0,True,False,0.0
Lsp,0.021209508879201904,on,no_extinction_control,0.0,True,False,0.0
Lsp,0.023299518105153717,off,hard_extinction,0.0,True,False,0.0
Lsp,0.023299518105153717,off,no_extinction_control,0.0,True,False,0.0
Lsp,0.023299518105153717,on,hard_extinction,0.0,True,False,0.0
Lsp,0.023299518105153717,on,no_extinction_control,0.0,True,False,0.0
Lsp,0.025595479226995357,off,hard_extinction,0.0,True,False,0.0
Lsp,0.025595479226995357,off,no_extinction_control,0.0,True,False,0.0
Lsp,0.025595479226995357,on,hard_extinction,0.0,True,False,0.0
Lsp,0.025595479226995357,on,no_extinction_control,0.0,True,False,0.0
Lsp,0.028117686979742307,off,hard_extinction,0.0,True,False,0.0
Lsp,0.028117686979742307,off,no_extinction_control,0.0,True,False,0.0
Lsp,0.028117686979742307,on,hard_extinction,0.0,True,False,0.0
Lsp,0.028117686979742307,on,no_extinction_control,0.0,True,False,0.0
Lsp,0.030888435964774818,off,hard_extinction,0.0,True,False,0.0
Lsp,0.030888435964774818,off,no_extinction_control,0.0,True,False,0.0
Lsp,0.030888435964774818,on,hard_extinction,0.0,True,False,0.0
Lsp,0.030888435964774818,on,no_extinction_control,0.0,True,False,0.0
Lsp,0.03393221771895328,off,hard_extinction,0.0,True,False,0.0
Lsp,0.03393221771895328,off,no_extinction_control,0.0,True,False,0.0
Lsp,0.03393221771895328,on,hard_extinction,4.440892098500626e-16,True,False,2.220446049250313e-16
Lsp,0.03393221771895328,on,no_extinction_control,4.440892098500626e-16,True,False,2.220446049250313e-16
Lsp,0.0372759372031494,off,hard_extinction,0.0,True,False,0.0
Lsp,0.0372759372031494,off,no_extinction_control,0.0,True,False,0.0
Lsp,0.0372759372031494,on,hard_extinction,0.0,True,False,0.0
Lsp,0.0372759372031494,on,no_extinction_control,0.0,True,False,0.0
Lsp,0.040949150623804234,off,hard_extinction,0.0,True,False,0.0
Lsp,0.040949150623804234,off,no_extinction_control,0.0,True,False,0.0
Lsp,0.040949150623804234,on,hard_extinction,0.0,True,False,0.0
Lsp,0.040949150623804234,on,no_extinction_control,0.0,True,False,0.0
Lsp,0.04498432668969444,off,hard_extinction,0.0,True,False,0.0
Lsp,0.04498432668969444,off,no_extinction_control,0.0,True,False,0.0
Lsp,0.04498432668969444,on,hard_extinction,0.0,True,False,0.0
Lsp,0.04498432668969444,on,no_extinction_control,0.0,True,False,0.0
Lsp,0.04941713361323833,off,hard_extinction,0.0,True,False,0.0
Lsp,0.04941713361323833,off,no_extinction_control,0.0,True,False,0.0
Lsp,0.04941713361323833,on,hard_extinction,0.0,True,False,0.0
Lsp,0.04941713361323833,on,no_extinction_control,0.0,True,False,0.0
Lsp,0.054286754393238594,off,hard_extinction,0.0,True,False,0.0
Lsp,0.054286754393238594,off,no_extinction_control,0.0,True,False,0.0
Lsp,0.054286754393238594,on,hard_extinction,0.0,True,False,0.0
Lsp,0.054286754393238594,on,no_extinction_control,0.0,True,False,0.0
Lsp,0.05963623316594643,off,hard_extinction,0.0,True,False,0.0
Lsp,0.05963623316594643,off,no_extinction_control,0.0,True,False,0.0
Lsp,0.05963623316594643,on,hard_extinction,0.0,True,False,0.0
Lsp,0.05963623316594643,on,no_extinction_control,0.0,True,False,0.0
Lsp,0.0655128556859551,off,hard_extinction,0.0,True,False,0.0
Lsp,0.0655128556859551,off,no_extinction_control,0.0,True,False,0.0
Lsp,0.0655128556859551,on,hard_extinction,0.0,True,False,0.0
Lsp,0.0655128556859551,on,no_extinction_control,0.0,True,False,0.0
Lsp,0.07196856730011521,off,hard_extinction,0.0,True,False,0.0
Lsp,0.07196856730011521,off,no_extinction_control,0.0,True,False,0.0
Lsp,0.07196856730011521,on,hard_extinction,2.220446049250313e-16,True,False,2.220446049250313e-16
Lsp,0.07196856730011521,on,no_extinction_control,2.220446049250313e-16,True,False,2.220446049250313e-16
Lsp,0.07906043210907697,off,hard_extinction,0.0,True,False,0.0
Lsp,0.07906043210907697,off,no_extinction_control,0.0,True,False,0.0
Lsp,0.07906043210907697,on,hard_extinction,0.0,True,False,0.0
Lsp,0.07906043210907697,on,no_extinction_control,0.0,True,False,0.0
Lsp,0.08685113737513525,off,hard_extinction,0.0,True,False,0.0
Lsp,0.08685113737513525,off,no_extinction_control,0.0,True,False,0.0
Lsp,0.08685113737513525,on,hard_extinction,0.0,True,False,0.0
Lsp,0.08685113737513525,on,no_extinction_control,0.0,True,False,0.0
Lsp,0.09540954763499938,off,hard_extinction,0.0,True,False,0.0
Lsp,0.09540954763499938,off,no_extinction_control,0.0,True,False,0.0
Lsp,0.09540954763499938,on,hard_extinction,0.0,True,False,0.0
Lsp,0.09540954763499938,on,no_extinction_control,0.0,True,False,0.0
Lsp,0.10481131341546858,off,hard_extinction,0.0,True,False,0.0
Lsp,0.10481131341546858,off,no_extinction_control,0.0,True,False,0.0
Lsp,0.10481131341546858,on,hard_extinction,0.0,True,False,0.0
Lsp,0.10481131341546858,on,no_extinction_control,0.0,True,False,0.0
Lsp,0.1151395399326447,off,hard_extinction,0.0,True,False,0.0
Lsp,0.1151395399326447,off,no_extinction_control,0.0,True,False,0.0
Lsp,0.1151395399326447,on,hard_extinction,0.0,True,False,0.0
Lsp,0.1151395399326447,on,no_extinction_control,0.0,True,False,0.0
Lsp,0.12648552168552957,off,hard_extinction,0.0,True,False,0.0
Lsp,0.12648552168552957,off,no_extinction_control,0.0,True,False,0.0
Lsp,0.12648552168552957,on,hard_extinction,0.0,True,False,0.0
Lsp,0.12648552168552957,on,no_extinction_control,0.0,True,False,0.0
Lsp,0.13894954943731375,off,hard_extinction,0.0,True,False,0.0
Lsp,0.13894954943731375,off,no_extinction_control,0.0,True,False,0.0
Lsp,0.13894954943731375,on,hard_extinction,0.0,True,False,0.0
Lsp,0.13894954943731375,on,no_extinction_control,0.0,True,False,0.0
Lsp,0.15264179671752334,off,hard_extinction,0.0,True,False,0.0
Lsp,0.15264179671752334,off,no_extinction_control,0.0,True,False,0.0
Lsp,0.15264179671752334,on,hard_extinction,0.0,True,False,0.0
Lsp,0.15264179671752334,on,no_extinction_control,0.0,True,False,0.0
Lsp,0.16768329368110074,off,hard_extinction,0.0,True,False,0.0
Lsp,0.16768329368110074,off,no_extinction_control,0.0,True,False,0.0
Lsp,0.16768329368110074,on,hard_extinction,0.0,True,False,0.0
Lsp,0.16768329368110074,on,no_extinction_control,0.0,True,False,0.0
Lsp,0.18420699693267154,off,hard_extinction,0.0,True,False,0.0
Lsp,0.18420699693267154,off,no_extinction_control,0.0,True,False,0.0
Lsp,0.18420699693267154,on,hard_extinction,0.0,True,False,5.551115123125783e-17
Lsp,0.18420699693267154,on,no_extinction_control,0.0,True,False,5.551115123125783e-17
Lsp,0.20235896477251566,off,hard_extinction,0.0,True,False,0.0
Lsp,0.20235896477251566,off,no_extinction_control,0.0,True,False,0.0
Lsp,0.20235896477251566,on,hard_extinction,0.0,True,False,0.0
Lsp,0.20235896477251566,on,no_extinction_control,0.0,True,False,0.0
Lsp,0.22229964825261944,off,hard_extinction,0.0,True,False,0.0
Lsp,0.22229964825261944,off,no_extinction_control,0.0,True,False,0.0
Lsp,0.22229964825261944,on,hard_extinction,0.0,True,False,0.0
Lsp,0.22229964825261944,on,no_extinction_control,0.0,True,False,0.0
Lsp,0.2442053094548651,off,hard_extinction,0.0,True,False,0.0
Lsp,0.2442053094548651,off,no_extinction_control,0.0,True,False,0.0
Lsp,0.2442053094548651,on,hard_extinction,0.0,True,False,0.0
Lsp,0.2442053094548651,on,no_extinction_control,0.0,True,False,0.0
Lsp,0.2682695795279725,off,hard_extinction,1.7763568394002505e-15,True,False,1.609823385706477e-15
Lsp,0.2682695795279725,off,no_extinction_control,1.7763568394002505e-15,True,False,1.609823385706477e-15
Lsp,0.2682695795279725,on,hard_extinction,0.0,True,False,0.0
Lsp,0.2682695795279725,on,no_extinction_control,0.0,True,False,0.0
Lsp,0.29470517025518095,off,hard_extinction,7.267519919196275e-13,True,False,7.212563879477329e-13
Lsp,0.29470517025518095,off,no_extinction_control,7.267519919196275e-13,True,False,7.212563879477329e-13
Lsp,0.29470517025518095,on,hard_extinction,0.0,True,False,0.0
Lsp,0.29470517025518095,on,no_extinction_control,0.0,True,False,0.0
Lsp,0.32374575428176433,off,hard_extinction,2.754064754029173e-10,True,False,2.9686203495415953e-10
Lsp,0.32374575428176433,off,no_extinction_control,2.754064754029173e-10,True,False,2.9686203495415953e-10
Lsp,0.32374575428176433,on,hard_extinction,0.0,True,False,0.0
Lsp,0.32374575428176433,on,no_extinction_control,0.0,True,False,0.0
Lsp,0.35564803062231287,off,hard_extinction,1.3327988523936796e-07,True,False,1.636315640762831e-07
Lsp,0.35564803062231287,off,no_extinction_control,1.3327988523936796e-07,True,False,1.636315640762831e-07
Lsp,0.35564803062231287,on,hard_extinction,0.0,True,False,0.0
Lsp,0.35564803062231287,on,no_extinction_control,0.0,True,False,0.0
Lsp,0.3906939937054615,off,hard_extinction,7.209501687222009e-05,False,False,0.00011052239457254309
Lsp,0.3906939937054615,off,no_extinction_control,7.209501687222009e-05,False,False,0.00011052239457254309
Lsp,0.3906939937054615,on,hard_extinction,0.0,True,False,0.0
Lsp,0.3906939937054615,on,no_extinction_control,0.0,True,False,0.0
Lsp,0.42919342601287763,off,hard_extinction,0.035705270564246216,False,False,0.07801956206162186
Lsp,0.42919342601287763,off,no_extinction_control,0.035705270564246216,False,False,0.07801956206162186
Lsp,0.42919342601287763,on,hard_extinction,0.0,True,False,0.0
Lsp,0.42919342601287763,on,no_extinction_control,0.0,True,False,0.0
Lsp,0.47148663634573923,off,hard_extinction,2.0855153491444307,False,False,0.25015234212931436
Lsp,0.47148663634573923,off,no_extinction_control,2.0855153491444307,False,False,0.25015234212931436
Lsp,0.47148663634573923,on,hard_extinction,0.0,True,False,0.0
Lsp,0.47148663634573923,on,no_extinction_control,0.0,True,False,0.0
Lsp,0.517947467923121,off,hard_extinction,8.04289837577164,False,True,0.000559088259719287
Lsp,0.517947467923121,off,no_extinction_control,3.172706107059288,False,True,0.0005587126042014834
Lsp,0.517947467923121,on,hard_extinction,0.0,True,False,0.0
Lsp,0.517947467923121,on,no_extinction_control,0.0,True,False,0.0
Lsp,0.5689866029018296,off,hard_extinction,0.0,True,False,0.0
Lsp,0.5689866029018296,off,no_extinction_control,3.4467574204104396,False,False,3.9869085943777804e-07
Lsp,0.5689866029018296,on,hard_extinction,0.0,True,False,0.0
Lsp,0.5689866029018296,on,no_extinction_control,0.0,True,False,0.0
Lsp,0.6250551925273969,off,hard_extinction,0.0,True,False,0.0
Lsp,0.6250551925273969,off,no_extinction_control,1.876923712096632,False,False,3.83794107605695e-10
Lsp,0.6250551925273969,on,hard_extinction,0.0,True,False,0.0
Lsp,0.6250551925273969,on,no_extinction_control,0.0,True,False,0.0
Lsp,0.6866488450042998,off,hard_extinction,0.0,True,False,0.0
Lsp,0.6866488450042998,off,no_extinction_control,0.04729869394244801,False,False,5.828670879282072e-13
Lsp,0.6866488450042998,on,hard_extinction,0.0,True,False,0.0
Lsp,0.6866488450042998,on,no_extinction_control,0.0,True,False,0.0
Lsp,0.7543120063354615,off,hard_extinction,0.0,True,False,0.0
Lsp,0.7543120063354615,off,no_extinction_control,0.00012228485708831727,False,False,1.3322676295501878e-15
Lsp,0.7543120063354615,on,hard_extinction,0.0,True,False,0.0
Lsp,0.7543120063354615,on,no_extinction_control,0.0,True,False,0.0
Lsp,0.8286427728546842,off,hard_extinction,0.0,True,False,0.0
Lsp,0.8286427728546842,off,no_extinction_control,4.770654538077679e-07,False,False,0.0
Lsp,0.8286427728546842,on,hard_extinction,0.0,True,False,0.0
Lsp,0.8286427728546842,on,no_extinction_control,0.0,True,False,0.0
Lsp,0.9102981779915218,off,hard_extinction,0.0,True,False,0.0
Lsp,0.9102981779915218,off,no_extinction_control,2.901572315749945e-09,True,False,0.0
Lsp,0.9102981779915218,on,hard_extinction,0.0,True,False,0.0
Lsp,0.9102981779915218,on,no_extinction_control,0.0,True,False,0.0
Lsp,0.9999999999999994,off,hard_extinction,0.0,True,False,0.0
Lsp,0.9999999999999994,off,no_extinction_control,2.680877742022858e-11,True,False,0.0
Lsp,0.9999999999999994,on,hard_extinction,0.0,True,False,0.0
Lsp,0.9999999999999994,on,no_extinction_control,0.0,True,False,0.0
Lsp,1.0985411419875584,off,hard_extinction,0.0,True,False,0.0
Lsp,1.0985411419875584,off,no_extinction_control,3.659295089164516e-13,True,False,0.0
Lsp,1.0985411419875584,on,hard_extinction,0.0,True,False,0.0
Lsp,1.0985411419875584,on,no_extinction_control,0.0,True,False,0.0
Lsp,1.2067926406393277,off,hard_extinction,0.0,True,False,0.0
Lsp,1.2067926406393277,off,no_extinction_control,7.105427357601002e-15,True,False,0.0
Lsp,1.2067926406393277,on,hard_extinction,0.0,True,False,0.0
Lsp,1.2067926406393277,on,no_extinction_control,0.0,True,False,0.0
Lsp,1.325711365590108,off,hard_extinction,0.0,True,False,0.0
Lsp,1.325711365590108,off,no_extinction_control,0.0,True,False,0.0
Lsp,1.325711365590108,on,hard_extinction,0.0,True,False,0.0
Lsp,1.325711365590108,on,no_extinction_control,0.0,True,False,0.0
Lsp,1.456348477501243,off,hard_extinction,0.0,True,False,0.0
Lsp,1.456348477501243,off,no_extinction_control,0.0,True,False,0.0
Lsp,1.456348477501243,on,hard_extinction,0.0,True,False,0.0
Lsp,1.456348477501243,on,no_extinction_control,0.0,True,False,0.0
Lsp,1.5998587196060574,off,hard_extinction,0.0,True,False,0.0
Lsp,1.5998587196060574,off,no_extinction_control,0.0,True,False,0.0
Lsp,1.5998587196060574,on,hard_extinction,0.0,True,False,0.0
Lsp,1.5998587196060574,on,no_extinction_control,0.0,True,False,0.0
Lsp,1.7575106248547911,off,hard_extinction,0.0,True,False,0.0
Lsp,1.7575106248547911,off,no_extinction_control,0.0,True,False,0.0
Lsp,1.7575106248547911,on,hard_extinction,2.220446049250313e-16,True,False,5.551115123125783e-17
Lsp,1.7575106248547911,on,no_extinction_control,2.220446049250313e-16,True,False,5.551115123125783e-17
Lsp,1.9306977288832496,off,hard_extinction,0.0,True,False,0.0
Lsp,1.9306977288832496,off,no_extinction_control,0.0,True,False,0.0
Lsp,1.9306977288832496,on,hard_extinction,0.0,True,False,0.0
Lsp,1.9306977288832496,on,no_extinction_control,0.0,True,False,0.0
Lsp,2.1209508879201904,off,hard_extinction,0.0,True,False,0.0
Lsp,2.1209508879201904,off,no_extinction_control,0.0,True,False,0.0
Lsp,2.1209508879201904,on,hard_extinction,0.0,True,False,0.0
Lsp,2.1209508879201904,on,no_extinction_control,0.0,True,False,0.0
Lsp,2.329951810515372,off,hard_extinction,0.0,True,False,0.0
Lsp,2.329951810515372,off,no_extinction_control,0.0,True,False,0.0
Lsp,2.329951810515372,on,hard_extinction,2.220446049250313e-16,True,False,1.6653345369377348e-16
Lsp,2.329951810515372,on,no_extinction_control,2.220446049250313e-16,True,False,1.6653345369377348e-16
Lsp,2.5595479226995357,off,hard_extinction,0.0,True,False,0.0
Lsp,2.5595479226995357,off,no_extinction_control,0.0,True,False,0.0
Lsp,2.5595479226995357,on,hard_extinction,0.0,True,False,0.0
Lsp,2.5595479226995357,on,no_extinction_control,0.0,True,False,0.0
Lsp,2.811768697974228,off,hard_extinction,0.0,True,False,0.0
Lsp,2.811768697974228,off,no_extinction_control,0.0,True,False,0.0
Lsp,2.811768697974228,on,hard_extinction,0.0,True,False,0.0
Lsp,2.811768697974228,on,no_extinction_control,0.0,True,False,0.0
Lsp,3.0888435964774787,off,hard_extinction,0.0,True,False,0.0
Lsp,3.0888435964774787,off,no_extinction_control,0.0,True,False,0.0
Lsp,3.0888435964774787,on,hard_extinction,0.0,True,False,0.0
Lsp,3.0888435964774787,on,no_extinction_control,0.0,True,False,0.0
Lsp,3.3932217718953264,off,hard_extinction,0.0,True,False,0.0
Lsp,3.3932217718953264,off,no_extinction_control,0.0,True,False,0.0
Lsp,3.3932217718953264,on,hard_extinction,0.0,True,False,0.0
Lsp,3.3932217718953264,on,no_extinction_control,0.0,True,False,0.0
Lsp,3.727593720314938,off,hard_extinction,0.0,True,False,0.0
Lsp,3.727593720314938,off,no_extinction_control,0.0,True,False,0.0
Lsp,3.727593720314938,on,hard_extinction,0.0,True,False,0.0
Lsp,3.727593720314938,on,no_extinction_control,0.0,True,False,0.0
Lsp,4.094915062380423,off,hard_extinction,0.0,True,False,0.0
Lsp,4.094915062380423,off,no_extinction_control,0.0,True,False,0.0
Lsp,4.094915062380423,on,hard_extinction,0.0,True,False,0.0
Lsp,4.094915062380423,on,no_extinction_control,0.0,True,False,0.0
Lsp,4.498432668969444,off,hard_extinction,0.0,True,False,0.0
Lsp,4.498432668969444,off,no_extinction_control,0.0,True,False,0.0
Lsp,4.498432668969444,on,hard_extinction,0.0,True,False,0.0
Lsp,4.498432668969444,on,no_extinction_control,0.0,True,False,0.0
Lsp,4.941713361323833,off,hard_extinction,0.0,True,False,0.0
Lsp,4.941713361323833,off,no_extinction_control,0.0,True,False,0.0
Lsp,4.941713361323833,on,hard_extinction,0.0,True,False,0.0
Lsp,4.941713361323833,on,no_extinction_control,0.0,True,False,0.0
Lsp,5.428675439323859,off,hard_extinction,0.0,True,False,0.0
Lsp,5.428675439323859,off,no_extinction_control,0.0,True,False,0.0
Lsp,5.428675439323859,on,hard_extinction,0.0,True,False,0.0
Lsp,5.428675439323859,on,no_extinction_control,0.0,True,False,0.0
Lsp,5.963623316594643,off,hard_extinction,0.0,True,False,0.0
Lsp,5.963623316594643,off,no_extinction_control,0.0,True,False,0.0
Lsp,5.963623316594643,on,hard_extinction,0.0,True,False,0.0
Lsp,5.963623316594643,on,no_extinction_control,0.0,True,False,0.0
Lsp,6.551285568595502,off,hard_extinction,0.0,True,False,0.0
Lsp,6.551285568595502,off,no_extinction_control,0.0,True,False,0.0
Lsp,6.551285568595502,on,hard_extinction,0.0,True,False,0.0
Lsp,6.551285568595502,on,no_extinction_control,0.0,True,False,0.0
Lsp,7.196856730011514,off,hard_extinction,0.0,True,False,0.0
Lsp,7.196856730011514,off,no_extinction_control,0.0,True,False,0.0
Lsp,7.196856730011514,on,hard_extinction,2.220446049250313e-16,True,False,5.551115123125783e-17
Lsp,7.196856730011514,on,no_extinction_control,2.220446049250313e-16,True,False,5.551115123125783e-17
Lsp,7.9060432109076935,off,hard_extinction,0.0,True,False,0.0
Lsp,7.9060432109076935,off,no_extinction_control,0.0,True,False,0.0
Lsp,7.9060432109076935,on,hard_extinction,2.220446049250313e-16,True,False,1.6653345369377348e-16
Lsp,7.9060432109076935,on,no_extinction_control,2.220446049250313e-16,True,False,1.6653345369377348e-16
Lsp,8.68511373751352,off,hard_extinction,0.0,True,False,0.0
Lsp,8.68511373751352,off,no_extinction_control,0.0,True,False,0.0
Lsp,8.68511373751352,on,hard_extinction,0.0,True,False,0.0
Lsp,8.68511373751352,on,no_extinction_control,0.0,True,False,0.0
Lsp,9.540954763499935,off,hard_extinction,0.0,True,False,0.0
Lsp,9.540954763499935,off,no_extinction_control,0.0,True,False,0.0
Lsp,9.540954763499935,on,hard_extinction,0.0,True,False,0.0
Lsp,9.540954763499935,on,no_extinction_control,0.0,True,False,0.0
Lsp,10.481131341546853,off,hard_extinction,0.0,True,False,0.0
Lsp,10.481131341546853,off,no_extinction_control,0.0,True,False,0.0
Lsp,10.481131341546853,on,hard_extinction,0.0,True,False,0.0
Lsp,10.481131341546853,on,no_extinction_control,0.0,True,False,0.0
Lsp,11.513953993264469,off,hard_extinction,0.0,True,False,0.0
Lsp,11.513953993264469,off,no_extinction_control,0.0,True,False,0.0
Lsp,11.513953993264469,on,hard_extinction,0.0,True,False,0.0
Lsp,11.513953993264469,on,no_extinction_control,0.0,True,False,0.0
Lsp,12.648552168552959,off,hard_extinction,0.0,True,False,0.0
Lsp,12.648552168552959,off,no_extinction_control,0.0,True,False,0.0
Lsp,12.648552168552959,on,hard_extinction,0.0,True,False,0.0
Lsp,12.648552168552959,on,no_extinction_control,0.0,True,False,0.0
Lsp,13.894954943731374,off,hard_extinction,0.0,True,False,0.0
Lsp,13.894954943731374,off,no_extinction_control,0.0,True,False,0.0
Lsp,13.894954943731374,on,hard_extinction,0.0,True,False,0.0
Lsp,13.894954943731374,on,no_extinction_control,0.0,True,False,0.0
Lsp,15.264179671752318,off,hard_extinction,0.0,True,False,0.0
Lsp,15.264179671752318,off,no_extinction_control,0.0,True,False,0.0
Lsp,15.264179671752318,on,hard_extinction,0.0,True,False,0.0
Lsp,15.264179671752318,on,no_extinction_control,0.0,True,False,0.0
Lsp,16.768329368110066,off,hard_extinction,0.0,True,False,0.0
Lsp,16.768329368110066,off,no_extinction_control,0.0,True,False,0.0
Lsp,16.768329368110066,on,hard_extinction,0.0,True,False,0.0
Lsp,16.768329368110066,on,no_extinction_control,0.0,True,False,0.0
Lsp,18.420699693267146,off,hard_extinction,0.0,True,False,0.0
Lsp,18.420699693267146,off,no_extinction_control,0.0,True,False,0.0
Lsp,18.420699693267146,on,hard_extinction,0.0,True,False,0.0
Lsp,18.420699693267146,on,no_extinction_control,0.0,True,False,0.0
Lsp,20.235896477251554,off,hard_extinction,0.0,True,False,0.0
Lsp,20.235896477251554,off,no_extinction_control,0.0,True,False,0.0
Lsp,20.235896477251554,on,hard_extinction,0.0,True,False,0.0
Lsp,20.235896477251554,on,no_extinction_control,0.0,True,False,0.0
Lsp,22.229964825261934,off,hard_extinction,0.0,True,False,0.0
Lsp,22.229964825261934,off,no_extinction_control,0.0,True,False,0.0
Lsp,22.229964825261934,on,hard_extinction,0.0,True,False,0.0
Lsp,22.229964825261934,on,no_extinction_control,0.0,True,False,0.0
Lsp,24.420530945486497,off,hard_extinction,0.0,True,False,0.0
Lsp,24.420530945486497,off,no_extinction_control,0.0,True,False,0.0
Lsp,24.420530945486497,on,hard_extinction,0.0,True,False,0.0
Lsp,24.420530945486497,on,no_extinction_control,0.0,True,False,0.0
Lsp,26.826957952797247,off,hard_extinction,0.0,True,False,0.0
Lsp,26.826957952797247,off,no_extinction_control,0.0,True,False,0.0
Lsp,26.826957952797247,on,hard_extinction,0.0,True,False,0.0
Lsp,26.826957952797247,on,no_extinction_control,0.0,True,False,0.0
Lsp,29.4705170255181,off,hard_extinction,0.0,True,False,0.0
Lsp,29.4705170255181,off,no_extinction_control,0.0,True,False,0.0
Lsp,29.4705170255181,on,hard_extinction,0.0,True,False,0.0
Lsp,29.4705170255181,on,no_extinction_control,0.0,True,False,0.0
Lsp,32.374575428176435,off,hard_extinction,0.0,True,False,0.0
Lsp,32.374575428176435,off,no_extinction_control,0.0,True,False,0.0
Lsp,32.374575428176435,on,hard_extinction,0.0,True,False,0.0
Lsp,32.374575428176435,on,no_extinction_control,0.0,True,False,0.0
Lsp,35.56480306223125,off,hard_extinction,0.0,True,False,0.0
Lsp,35.56480306223125,off,no_extinction_control,0.0,True,False,0.0
Lsp,35.56480306223125,on,hard_extinction,0.0,True,False,0.0
Lsp,35.56480306223125,on,no_extinction_control,0.0,True,False,0.0
Lsp,39.06939937054613,off,hard_extinction,0.0,True,False,0.0
Lsp,39.06939937054613,off,no_extinction_control,0.0,True,False,0.0
Lsp,39.06939937054613,on,hard_extinction,0.0,True,False,0.0
Lsp,39.06939937054613,on,no_extinction_control,0.0,True,False,0.0
Lsp,42.91934260128774,off,hard_extinction,0.0,True,False,0.0
Lsp,42.91934260128774,off,no_extinction_control,0.0,True,False,0.0
Lsp,42.91934260128774,on,hard_extinction,0.0,True,False,0.0
Lsp,42.91934260128774,on,no_extinction_control,0.0,True,False,0.0
Lsp,47.1486636345739,off,hard_extinction,0.0,True,False,0.0
Lsp,47.1486636345739,off,no_extinction_control,0.0,True,False,0.0
Lsp,47.1486636345739,on,hard_extinction,0.0,True,False,0.0
Lsp,47.1486636345739,on,no_extinction_control,0.0,True,False,0.0
Lsp,51.794746792312075,off,hard_extinction,0.0,True,False,0.0
Lsp,51.794746792312075,off,no_extinction_control,0.0,True,False,0.0
Lsp,51.794746792312075,on,hard_extinction,0.0,True,False,0.0
Lsp,51.794746792312075,on,no_extinction_control,0.0,True,False,0.0
Lsp,56.89866029018293,off,hard_extinction,0.0,True,False,0.0
Lsp,56.89866029018293,off,no_extinction_control,0.0,True,False,0.0
Lsp,56.89866029018293,on,hard_extinction,0.0,True,False,0.0
Lsp,56.89866029018293,on,no_extinction_control,0.0,True,False,0.0
Lsp,62.505519252739695,off,hard_extinction,0.0,True,False,0.0
Lsp,62.505519252739695,off,no_extinction_control,0.0,True,False,0.0
Lsp,62.505519252739695,on,hard_extinction,0.0,True,False,0.0
Lsp,62.505519252739695,on,no_extinction_control,0.0,True,False,0.0
Lsp,68.66488450042998,off,hard_extinction,0.0,True,False,0.0
Lsp,68.66488450042998,off,no_extinction_control,0.0,True,False,0.0
Lsp,68.66488450042998,on,hard_extinction,0.0,True,False,0.0
Lsp,68.66488450042998,on,no_extinction_control,0.0,True,False,0.0
Lsp,75.43120063354615,off,hard_extinction,0.0,True,False,0.0
Lsp,75.43120063354615,off,no_extinction_control,0.0,True,False,0.0
Lsp,75.43120063354615,on,hard_extinction,0.0,True,False,0.0
Lsp,75.43120063354615,on,no_extinction_control,0.0,True,False,0.0
Lsp,82.86427728546842,off,hard_extinction,0.0,True,False,0.0
Lsp,82.86427728546842,off,no_extinction_control,0.0,True,False,0.0
Lsp,82.86427728546842,on,hard_extinction,0.0,True,False,0.0
Lsp,82.86427728546842,on,no_extinction_control,0.0,True,False,0.0
Lsp,91.02981779915208,off,hard_extinction,0.0,True,False,0.0
Lsp,91.02981779915208,off,no_extinction_control,0.0,True,False,0.0
Lsp,91.02981779915208,on,hard_extinction,0.0,True,False,0.0
Lsp,91.02981779915208,on,no_extinction_control,0.0,True,False,0.0
Lsp,100.0,off,hard_extinction,0.0,True,False,0.0
Lsp,100.0,off,no_extinction_control,0.0,True,False,0.0
Lsp,100.0,on,hard_extinction,0.0,True,False,0.0
Lsp,100.0,on,no_extinction_control,0.0,True,False,0.0
Mi,0.0,off,hard_extinction,0.0,True,False,0.0
Mi,0.0,off,no_extinction_control,0.0,True,False,0.0
Mi,0.0,on,hard_extinction,0.0,True,False,0.0
Mi,0.0,on,no_extinction_control,0.0,True,False,0.0
Mi,0.01,off,hard_extinction,0.0,True,False,0.0
Mi,0.01,off,no_extinction_control,0.0,True,False,0.0
Mi,0.01,on,hard_extinction,0.0,True,False,0.0
Mi,0.01,on,no_extinction_control,0.0,True,False,0.0
Mi,0.010985411419875584,off,hard_extinction,0.0,True,False,0.0
Mi,0.010985411419875584,off,no_extinction_control,0.0,True,False,0.0
Mi,0.010985411419875584,on,hard_extinction,0.0,True,False,0.0
Mi,0.010985411419875584,on,no_extinction_control,0.0,True,False,0.0
Mi,0.012067926406393288,off,hard_extinction,0.0,True,False,0.0
Mi,0.012067926406393288,off,no_extinction_control,0.0,True,False,0.0
Mi,0.012067926406393288,on,hard_extinction,0.0,True,False,0.0
Mi,0.012067926406393288,on,no_extinction_control,0.0,True,False,0.0
Mi,0.013257113655901088,off,hard_extinction,0.0,True,False,0.0
Mi,0.013257113655901088,off,no_extinction_control,0.0,True,False,0.0
Mi,0.013257113655901088,on,hard_extinction,0.0,True,False,0.0
Mi,0.013257113655901088,on,no_extinction_control,0.0,True,False,0.0
Mi,0.014563484775012436,off,hard_extinction,0.0,True,False,0.0
Mi,0.014563484775012436,off,no_extinction_control,0.0,True,False,0.0
Mi,0.014563484775012436,on,hard_extinction,0.0,True,False,0.0
Mi,0.014563484775012436,on,no_extinction_control,0.0,True,False,0.0
Mi,0.015998587196060583,off,hard_extinction,0.0,True,False,0.0
Mi,0.015998587196060583,off,no_extinction_control,0.0,True,False,0.0
Mi,0.015998587196060583,on,hard_extinction,0.0,True,False,0.0
Mi,0.015998587196060583,on,no_extinction_control,0.0,True,False,0.0
Mi,0.017575106248547922,off,hard_extinction,0.0,True,False,0.0
Mi,0.017575106248547922,off,no_extinction_control,0.0,True,False,0.0
Mi,0.017575106248547922,on,hard_extinction,0.0,True,False,0.0
Mi,0.017575106248547922,on,no_extinction_control,0.0,True,False,0.0
Mi,0.019306977288832496,off,hard_extinction,0.0,True,False,0.0
Mi,0.019306977288832496,off,no_extinction_control,0.0,True,False,0.0
Mi,0.019306977288832496,on,hard_extinction,0.0,True,False,0.0
Mi,0.019306977288832496,on,no_extinction_control,0.0,True,False,0.0
Mi,0.021209508879201904,off,hard_extinction,0.0,True,False,0.0
Mi,0.021209508879201904,off,no_extinction_control,0.0,True,False,0.0
Mi,0.021209508879201904,on,hard_extinction,0.0,True,False,0.0
Mi,0.021209508879201904,on,no_extinction_control,0.0,True,False,0.0
Mi,0.023299518105153717,off,hard_extinction,0.0,True,False,0.0
Mi,0.023299518105153717,off,no_extinction_control,0.0,True,False,0.0
Mi,0.023299518105153717,on,hard_extinction,0.0,True,False,0.0
Mi,0.023299518105153717,on,no_extinction_control,0.0,True,False,0.0
Mi,0.025595479226995357,off,hard_extinction,0.0,True,False,0.0
Mi,0.025595479226995357,off,no_extinction_control,0.0,True,False,0.0
Mi,0.025595479226995357,on,hard_extinction,0.0,True,False,0.0
Mi,0.025595479226995357,on,no_extinction_control,0.0,True,False,0.0
Mi,0.028117686979742307,off,hard_extinction,0.0,True,False,0.0
Mi,0.028117686979742307,off,no_extinction_control,0.0,True,False,0.0
Mi,0.028117686979742307,on,hard_extinction,0.0,True,False,0.0
Mi,0.028117686979742307,on,no_extinction_control,0.0,True,False,0.0
Mi,0.030888435964774818,off,hard_extinction,0.0,True,False,0.0
Mi,0.030888435964774818,off,no_extinction_control,0.0,True,False,0.0
Mi,0.030888435964774818,on,hard_extinction,0.0,True,False,0.0
Mi,0.030888435964774818,on,no_extinction_control,0.0,True,False,0.0
Mi,0.03393221771895328,off,hard_extinction,0.0,True,False,0.0
Mi,0.03393221771895328,off,no_extinction_control,0.0,True,False,0.0
Mi,0.03393221771895328,on,hard_extinction,0.0,True,False,0.0
Mi,0.03393221771895328,on,no_extinction_control,0.0,True,False,0.0
Mi,0.0372759372031494,off,hard_extinction,0.0,True,False,0.0
Mi,0.0372759372031494,off,no_extinction_control,0.0,True,False,0.0
Mi,0.0372759372031494,on,hard_extinction,0.0,True,False,0.0
Mi,0.0372759372031494,on,no_extinction_control,0.0,True,False,0.0
Mi,0.040949150623804234,off,hard_extinction,0.0,True,False,0.0
Mi,0.040949150623804234,off,no_extinction_control,0.0,True,False,0.0
Mi,0.040949150623804234,on,hard_extinction,0.0,True,False,0.0
Mi,0.040949150623804234,on,no_extinction_control,0.0,True,False,0.0
Mi,0.04498432668969444,off,hard_extinction,0.0,True,False,0.0
Mi,0.04498432668969444,off,no_extinction_control,0.0,True,False,0.0
Mi,0.04498432668969444,on,hard_extinction,0.0,True,False,0.0
Mi,0.04498432668969444,on,no_extinction_control,0.0,True,False,0.0
Mi,0.04941713361323833,off,hard_extinction,0.0,True,False,0.0
Mi,0.04941713361323833,off,no_extinction_control,0.0,True,False,0.0
Mi,0.04941713361323833,on,hard_extinction,0.0,True,False,0.0
Mi,0.04941713361323833,on,no_extinction_control,0.0,True,False,0.0
Mi,0.054286754393238594,off,hard_extinction,0.0,True,False,0.0
Mi,0.054286754393238594,off,no_extinction_control,0.0,True,False,0.0
Mi,0.054286754393238594,on,hard_extinction,0.0,True,False,0.0
Mi,0.054286754393238594,on,no_extinction_control,0.0,True,False,0.0
Mi,0.05963623316594643,off,hard_extinction,0.0,True,False,0.0
Mi,0.05963623316594643,off,no_extinction_control,0.0,True,False,0.0
Mi,0.05963623316594643,on,hard_extinction,0.0,True,False,0.0
Mi,0.05963623316594643,on,no_extinction_control,0.0,True,False,0.0
Mi,0.0655128556859551,off,hard_extinction,0.0,True,False,0.0
Mi,0.0655128556859551,off,no_extinction_control,0.0,True,False,0.0
Mi,0.0655128556859551,on,hard_extinction,0.0,True,False,0.0
Mi,0.0655128556859551,on,no_extinction_control,0.0,True,False,0.0
Mi,0.07196856730011521,off,hard_extinction,0.0,True,False,0.0
Mi,0.07196856730011521,off,no_extinction_control,0.0,True,False,0.0
Mi,0.07196856730011521,on,hard_extinction,0.0,True,False,0.0
Mi,0.07196856730011521,on,no_extinction_control,0.0,True,False,0.0
Mi,0.07906043210907697,off,hard_extinction,0.0,True,False,0.0
Mi,0.07906043210907697,off,no_extinction_control,0.0,True,False,0.0
Mi,0.07906043210907697,on,hard_extinction,0.0,True,False,0.0
Mi,0.07906043210907697,on,no_extinction_control,0.0,True,False,0.0
Mi,0.08685113737513525,off,hard_extinction,0.0,True,False,0.0
Mi,0.08685113737513525,off,no_extinction_control,0.0,True,False,0.0
Mi,0.08685113737513525,on,hard_extinction,0.0,True,False,0.0
Mi,0.08685113737513525,on,no_extinction_control,0.0,True,False,0.0
Mi,0.09540954763499938,off,hard_extinction,0.0,True,False,0.0
Mi,0.09540954763499938,off,no_extinction_control,0.0,True,False,0.0
Mi,0.09540954763499938,on,hard_extinction,0.0,True,False,0.0
Mi,0.09540954763499938,on,no_extinction_control,0.0,True,False,0.0
Mi,0.10481131341546858,off,hard_extinction,0.0,True,False,0.0
Mi,0.10481131341546858,off,no_extinction_control,0.0,True,False,0.0
Mi,0.10481131341546858,on,hard_extinction,0.0,True,False,0.0
Mi,0.10481131341546858,on,no_extinction_control,0.0,True,False,0.0
Mi,0.1151395399326447,off,hard_extinction,0.0,True,False,0.0
Mi,0.1151395399326447,off,no_extinction_control,0.0,True,False,0.0
Mi,0.1151395399326447,on,hard_extinction,0.0,True,False,0.0
Mi,0.1151395399326447,on,no_extinction_control,0.0,True,False,0.0
Mi,0.12648552168552957,off,hard_extinction,0.0,True,False,0.0
Mi,0.12648552168552957,off,no_extinction_control,0.0,True,False,0.0
Mi,0.12648552168552957,on,hard_extinction,0.0,True,False,0.0
Mi,0.12648552168552957,on,no_extinction_control,0.0,True,False,0.0
Mi,0.13894954943731375,off,hard_extinction,0.0,True,False,0.0
Mi,0.13894954943731375,off,no_extinction_control,0.0,True,False,0.0
Mi,0.13894954943731375,on,hard_extinction,0.0,True,False,0.0
Mi,0.13894954943731375,on,no_extinction_control,0.0,True,False,0.0
Mi,0.15264179671752334,off,hard_extinction,0.0,True,False,0.0
Mi,0.15264179671752334,off,no_extinction_control,0.0,True,False,0.0
Mi,0.15264179671752334,on,hard_extinction,0.0,True,False,0.0
Mi,0.15264179671752334,on,no_extinction_control,0.0,True,False,0.0
Mi,0.16768329368110074,off,hard_extinction,0.0,True,False,0.0
Mi,0.16768329368110074,off,no_extinction_control,0.0,True,False,0.0
Mi,0.16768329368110074,on,hard_extinction,0.0,True,False,0.0
Mi,0.16768329368110074,on,no_extinction_control,0.0,True,False,0.0
Mi,0.18420699693267154,off,hard_extinction,0.0,True,False,0.0
Mi,0.18420699693267154,off,no_extinction_control,0.0,True,False,0.0
Mi,0.18420699693267154,on,hard_extinction,0.0,True,False,0.0
Mi,0.18420699693267154,on,no_extinction_control,0.0,True,False,0.0
Mi,0.20235896477251566,off,hard_extinction,0.0,True,False,0.0
Mi,0.20235896477251566,off,no_extinction_control,0.0,True,False,0.0
Mi,0.20235896477251566,on,hard_extinction,0.0,True,False,0.0
Mi,0.20235896477251566,on,no_extinction_control,0.0,True,False,0.0
Mi,0.22229964825261944,off,hard_extinction,0.0,True,False,0.0
Mi,0.22229964825261944,off,no_extinction_control,0.0,True,False,0.0
Mi,0.22229964825261944,on,hard_extinction,0.0,True,False,0.0
Mi,0.22229964825261944,on,no_extinction_control,0.0,True,False,0.0
Mi,0.2442053094548651,off,hard_extinction,0.0,True,False,0.0
Mi,0.2442053094548651,off,no_extinction_control,0.0,True,False,0.0
Mi,0.2442053094548651,on,hard_extinction,0.0,True,False,0.0
Mi,0.2442053094548651,on,no_extinction_control,0.0,True,False,0.0
Mi,0.2682695795279725,off,hard_extinction,0.0,True,False,0.0
Mi,0.2682695795279725,off,no_extinction_control,0.0,True,False,0.0
Mi,0.2682695795279725,on,hard_extinction,0.0,True,False,0.0
Mi,0.2682695795279725,on,no_extinction_control,0.0,True,False,0.0
Mi,0.29470517025518095,off,hard_extinction,0.0,True,False,0.0
Mi,0.29470517025518095,off,no_extinction_control,0.0,True,False,0.0
Mi,0.29470517025518095,on,hard_extinction,0.0,True,False,0.0
Mi,0.29470517025518095,on,no_extinction_control,0.0,True,False,0.0
Mi,0.32374575428176433,off,hard_extinction,0.0,True,False,0.0
Mi,0.32374575428176433,off,no_extinction_control,0.0,True,False,0.0
Mi,0.32374575428176433,on,hard_extinction,0.0,True,False,0.0
Mi,0.32374575428176433,on,no_extinction_control,0.0,True,False,0.0
Mi,0.35564803062231287,off,hard_extinction,0.0,True,False,0.0
Mi,0.35564803062231287,off,no_extinction_control,0.0,True,False,0.0
Mi,0.35564803062231287,on,hard_extinction,0.0,True,False,0.0
Mi,0.35564803062231287,on,no_extinction_control,0.0,True,False,0.0
Mi,0.3906939937054615,off,hard_extinction,0.0,True,False,0.0
Mi,0.3906939937054615,off,no_extinction_control,0.0,True,False,0.0
Mi,0.3906939937054615,on,hard_extinction,0.0,True,False,0.0
Mi,0.3906939937054615,on,no_extinction_control,0.0,True,False,0.0
Mi,0.42919342601287763,off,hard_extinction,0.0,True,False,0.0
Mi,0.42919342601287763,off,no_extinction_control,0.0,True,False,0.0
Mi,0.42919342601287763,on,hard_extinction,0.0,True,False,0.0
Mi,0.42919342601287763,on,no_extinction_control,0.0,True,False,0.0
Mi,0.47148663634573923,off,hard_extinction,0.0,True,False,0.0
Mi,0.47148663634573923,off,no_extinction_control,0.0,True,False,0.0
Mi,0.47148663634573923,on,hard_extinction,0.0,True,False,0.0
Mi,0.47148663634573923,on,no_extinction_control,0.0,True,False,0.0
Mi,0.517947467923121,off,hard_extinction,0.0,True,False,0.0
Mi,0.517947467923121,off,no_extinction_control,0.0,True,False,0.0
Mi,0.517947467923121,on,hard_extinction,0.0,True,False,0.0
Mi,0.517947467923121,on,no_extinction_control,0.0,True,False,0.0
Mi,0.5689866029018296,off,hard_extinction,0.0,True,False,0.0
Mi,0.5689866029018296,off,no_extinction_control,0.0,True,False,0.0
Mi,0.5689866029018296,on,hard_extinction,0.0,True,False,0.0
Mi,0.5689866029018296,on,no_extinction_control,0.0,True,False,0.0
Mi,0.6250551925273969,off,hard_extinction,0.0,True,False,0.0
Mi,0.6250551925273969,off,no_extinction_control,0.0,True,False,0.0
Mi,0.6250551925273969,on,hard_extinction,0.0,True,False,0.0
Mi,0.6250551925273969,on,no_extinction_control,0.0,True,False,0.0
Mi,0.6866488450042998,off,hard_extinction,0.0,True,False,0.0
Mi,0.6866488450042998,off,no_extinction_control,0.0,True,False,0.0
Mi,0.6866488450042998,on,hard_extinction,0.0,True,False,0.0
Mi,0.6866488450042998,on,no_extinction_control,0.0,True,False,0.0
Mi,0.7543120063354615,off,hard_extinction,0.0,True,False,0.0
Mi,0.7543120063354615,off,no_extinction_control,0.0,True,False,0.0
Mi,0.7543120063354615,on,hard_extinction,0.0,True,False,0.0
Mi,0.7543120063354615,on,no_extinction_control,0.0,True,False,0.0
Mi,0.8286427728546842,off,hard_extinction,0.0,True,False,0.0
Mi,0.8286427728546842,off,no_extinction_control,0.0,True,False,0.0
Mi,0.8286427728546842,on,hard_extinction,0.0,True,False,0.0
Mi,0.8286427728546842,on,no_extinction_control,0.0,True,False,0.0
Mi,0.9102981779915218,off,hard_extinction,0.0,True,False,0.0
Mi,0.9102981779915218,off,no_extinction_control,0.0,True,False,0.0
Mi,0.9102981779915218,on,hard_extinction,0.0,True,False,0.0
Mi,0.9102981779915218,on,no_extinction_control,0.0,True,False,0.0
Mi,0.9999999999999994,off,hard_extinction,0.0,True,False,0.0
Mi,0.9999999999999994,off,no_extinction_control,0.0,True,False,0.0
Mi,0.9999999999999994,on,hard_extinction,0.0,True,False,0.0
Mi,0.9999999999999994,on,no_extinction_control,0.0,True,False,0.0
Mi,1.0985411419875584,off,hard_extinction,1.1102230246251565e-16,True,False,0.0
Mi,1.0985411419875584,off,no_extinction_control,1.1102230246251565e-16,True,False,0.0
Mi,1.0985411419875584,on,hard_extinction,0.0,True,False,0.0
Mi,1.0985411419875584,on,no_extinction_control,0.0,True,False,0.0
Mi,1.2067926406393277,off,hard_extinction,1.6653345369377348e-16,True,False,4.440892098500626e-16
Mi,1.2067926406393277,off,no_extinction_control,1.6653345369377348e-16,True,False,4.440892098500626e-16
Mi,1.2067926406393277,on,hard_extinction,0.0,True,False,0.0
Mi,1.2067926406393277,on,no_extinction_control,0.0,True,False,0.0
Mi,1.325711365590108,off,hard_extinction,1.7319479184152442e-14,True,False,2.398081733190338e-14
Mi,1.325711365590108,off,no_extinction_control,1.7319479184152442e-14,True,False,2.398081733190338e-14
Mi,1.325711365590108,on,hard_extinction,0.0,True,False,0.0
Mi,1.325711365590108,on,no_extinction_control,0.0,True,False,0.0
Mi,1.456348477501243,off,hard_extinction,1.9136026097044123e-11,True,False,2.2953194900310336e-11
Mi,1.456348477501243,off,no_extinction_control,1.9136026097044123e-11,True,False,2.2953194900310336e-11
Mi,1.456348477501243,on,hard_extinction,0.0,True,False,0.0
Mi,1.456348477501243,on,no_extinction_control,0.0,True,False,0.0
Mi,1.5998587196060574,off,hard_extinction,2.711689950363194e-08,True,False,3.0957579610912944e-08
Mi,1.5998587196060574,off,no_extinction_control,2.711689950363194e-08,True,False,3.0957579610912944e-08
Mi,1.5998587196060574,on,hard_extinction,0.0,True,False,0.0
Mi,1.5998587196060574,on,no_extinction_control,0.0,True,False,0.0
Mi,1.7575106248547911,off,hard_extinction,5.3253763260818765e-05,False,False,5.4116818051008764e-05
Mi,1.7575106248547911,off,no_extinction_control,5.3253763260818765e-05,False,False,5.4116818051008764e-05
Mi,1.7575106248547911,on,hard_extinction,0.0,True,False,0.0
Mi,1.7575106248547911,on,no_extinction_control,0.0,True,False,0.0
Mi,1.9306977288832496,off,hard_extinction,0.10848459416942702,False,False,0.06852561624750675
Mi,1.9306977288832496,off,no_extinction_control,0.10848459416942702,False,False,0.06852561624750675
Mi,1.9306977288832496,on,hard_extinction,0.0,True,False,0.0
Mi,1.9306977288832496,on,no_extinction_control,0.0,True,False,0.0
Mi,2.1209508879201904,off,hard_extinction,9.676116505787288,False,True,0.021175281723549766
Mi,2.1209508879201904,off,no_extinction_control,2.0316800787666582,False,True,0.02097658907769162
Mi,2.1209508879201904,on,hard_extinction,0.0,True,False,0.0
Mi,2.1209508879201904,on,no_extinction_control,0.0,True,False,0.0
Mi,2.329951810515372,off,hard_extinction,4.440892098500626e-16,True,False,0.0
Mi,2.329951810515372,off,no_extinction_control,2.7108820870455155,False,False,2.563785855902445e-05
Mi,2.329951810515372,on,hard_extinction,0.0,True,False,0.0
Mi,2.329951810515372,on,no_extinction_control,0.0,True,False,0.0
Mi,2.5595479226995357,off,hard_extinction,0.0,True,False,0.0
Mi,2.5595479226995357,off,no_extinction_control,2.8937668565170167,False,False,2.2734088167553068e-08
Mi,2.5595479226995357,on,hard_extinction,0.0,True,False,0.0
Mi,2.5595479226995357,on,no_extinction_control,0.0,True,False,0.0
Mi,2.811768697974228,off,hard_extinction,0.0,True,False,0.0
Mi,2.811768697974228,off,no_extinction_control,0.8674502345984099,False,False,2.8845148491996042e-11
Mi,2.811768697974228,on,hard_extinction,0.0,True,False,0.0
Mi,2.811768697974228,on,no_extinction_control,0.0,True,False,0.0
Mi,3.0888435964774787,off,hard_extinction,0.0,True,False,0.0
Mi,3.0888435964774787,off,no_extinction_control,0.005477751532716013,False,False,5.728750807065808e-14
Mi,3.0888435964774787,on,hard_extinction,0.0,True,False,0.0
Mi,3.0888435964774787,on,no_extinction_control,0.0,True,False,0.0
Mi,3.3932217718953264,off,hard_extinction,0.0,True,False,0.0
Mi,3.3932217718953264,off,no_extinction_control,1.7223266752353084e-05,False,False,2.220446049250313e-16
Mi,3.3932217718953264,on,hard_extinction,0.0,True,False,0.0
Mi,3.3932217718953264,on,no_extinction_control,0.0,True,False,0.0
Mi,3.727593720314938,off,hard_extinction,0.0,True,False,0.0
Mi,3.727593720314938,off,no_extinction_control,8.368347792497843e-08,True,False,0.0
Mi,3.727593720314938,on,hard_extinction,0.0,True,False,0.0
Mi,3.727593720314938,on,no_extinction_control,0.0,True,False,0.0
Mi,4.094915062380423,off,hard_extinction,0.0,True,False,0.0
Mi,4.094915062380423,off,no_extinction_control,6.190639112446661e-10,True,False,0.0
Mi,4.094915062380423,on,hard_extinction,0.0,True,False,0.0
Mi,4.094915062380423,on,no_extinction_control,0.0,True,False,0.0
Mi,4.498432668969444,off,hard_extinction,0.0,True,False,0.0
Mi,4.498432668969444,off,no_extinction_control,6.8052230517423595e-12,True,False,0.0
Mi,4.498432668969444,on,hard_extinction,0.0,True,False,0.0
Mi,4.498432668969444,on,no_extinction_control,0.0,True,False,0.0
Mi,4.941713361323833,off,hard_extinction,0.0,True,False,0.0
Mi,4.941713361323833,off,no_extinction_control,1.0835776720341528e-13,True,False,0.0
Mi,4.941713361323833,on,hard_extinction,0.0,True,False,0.0
Mi,4.941713361323833,on,no_extinction_control,0.0,True,False,0.0
Mi,5.428675439323859,off,hard_extinction,0.0,True,False,0.0
Mi,5.428675439323859,off,no_extinction_control,1.7763568394002505e-15,True,False,0.0
Mi,5.428675439323859,on,hard_extinction,0.0,True,False,0.0
Mi,5.428675439323859,on,no_extinction_control,0.0,True,False,0.0
Mi,5.963623316594643,off,hard_extinction,0.0,True,False,0.0
Mi,5.963623316594643,off,no_extinction_control,0.0,True,False,0.0
Mi,5.963623316594643,on,hard_extinction,0.0,True,False,0.0
Mi,5.963623316594643,on,no_extinction_control,0.0,True,False,0.0
Mi,6.551285568595502,off,hard_extinction,0.0,True,False,0.0
Mi,6.551285568595502,off,no_extinction_control,0.0,True,False,0.0
Mi,6.551285568595502,on,hard_extinction,0.0,True,False,0.0
Mi,6.551285568595502,on,no_extinction_control,0.0,True,False,0.0
Mi,7.196856730011514,off,hard_extinction,0.0,True,False,0.0
Mi,7.196856730011514,off,no_extinction_control,0.0,True,False,0.0
Mi,7.196856730011514,on,hard_extinction,0.0,True,False,0.0
Mi,7.196856730011514,on,no_extinction_control,0.0,True,False,0.0
Mi,7.9060432109076935,off,hard_extinction,0.0,True,False,0.0
Mi,7.9060432109076935,off,no_extinction_control,0.0,True,False,0.0
Mi,7.9060432109076935,on,hard_extinction,5.551115123125783e-17,True,False,2.220446049250313e-16
Mi,7.9060432109076935,on,no_extinction_control,5.551115123125783e-17,True,False,2.220446049250313e-16
Mi,8.68511373751352,off,hard_extinction,0.0,True,False,0.0
Mi,8.68511373751352,off,no_extinction_control,0.0,True,False,0.0
Mi,8.68511373751352,on,hard_extinction,2.7755575615628914e-16,True,False,0.0
Mi,8.68511373751352,on,no_extinction_control,2.7755575615628914e-16,True,False,0.0
Mi,9.540954763499935,off,hard_extinction,0.0,True,False,0.0
Mi,9.540954763499935,off,no_extinction_control,0.0,True,False,0.0
Mi,9.540954763499935,on,hard_extinction,9.159339953157541e-15,True,False,1.176836406102666e-14
Mi,9.540954763499935,on,no_extinction_control,9.159339953157541e-15,True,False,1.176836406102666e-14
Mi,10.481131341546853,off,hard_extinction,0.0,True,False,0.0
Mi,10.481131341546853,off,no_extinction_control,0.0,True,False,0.0
Mi,10.481131341546853,on,hard_extinction,2.2609691896491313e-13,True,False,2.8621549574836536e-13
Mi,10.481131341546853,on,no_extinction_control,2.2609691896491313e-13,True,False,2.8621549574836536e-13
Mi,11.513953993264469,off,hard_extinction,0.0,True,False,0.0
Mi,11.513953993264469,off,no_extinction_control,0.0,True,False,0.0
Mi,11.513953993264469,on,hard_extinction,4.818700993780567e-12,True,False,6.021627640961924e-12
Mi,11.513953993264469,on,no_extinction_control,4.818700993780567e-12,True,False,6.021627640961924e-12
Mi,12.648552168552959,off,hard_extinction,0.0,True,False,0.0
Mi,12.648552168552959,off,no_extinction_control,0.0,True,False,0.0
Mi,12.648552168552959,on,hard_extinction,7.881528762965218e-11,True,False,9.770206865766795e-11
Mi,12.648552168552959,on,no_extinction_control,7.881528762965218e-11,True,False,9.770206865766795e-11
Mi,13.894954943731374,off,hard_extinction,0.0,True,False,0.0
Mi,13.894954943731374,off,no_extinction_control,0.0,True,False,0.0
Mi,13.894954943731374,on,hard_extinction,9.704308467917144e-10,True,False,1.1913356967596656e-09
Mi,13.894954943731374,on,no_extinction_control,9.704308467917144e-10,True,False,1.1913356967596656e-09
Mi,15.264179671752318,off,hard_extinction,0.0,True,False,0.0
Mi,15.264179671752318,off,no_extinction_control,0.0,True,False,0.0
Mi,15.264179671752318,on,hard_extinction,8.905638004819139e-09,True,False,1.0802623684469381e-08
Mi,15.264179671752318,on,no_extinction_control,8.905638004819139e-09,True,False,1.0802623684469381e-08
Mi,16.768329368110066,off,hard_extinction,0.0,True,False,0.0
Mi,16.768329368110066,off,no_extinction_control,0.0,True,False,0.0
Mi,16.768329368110066,on,hard_extinction,6.132734220454239e-08,True,False,7.330694273832705e-08
Mi,16.768329368110066,on,no_extinction_control,6.132734220454239e-08,True,False,7.330694273832705e-08
Mi,18.420699693267146,off,hard_extinction,0.0,True,False,0.0
Mi,18.420699693267146,off,no_extinction_control,0.0,True,False,0.0
Mi,18.420699693267146,on,hard_extinction,3.2343230960130143e-07,True,False,3.798203283000845e-07
Mi,18.420699693267146,on,no_extinction_control,3.2343230960130143e-07,True,False,3.798203283000845e-07
Mi,20.235896477251554,off,hard_extinction,0.0,True,False,0.0
Mi,20.235896477251554,off,no_extinction_control,0.0,True,False,0.0
Mi,20.235896477251554,on,hard_extinction,1.3447959461565517e-06,True,False,1.5463891636091631e-06
Mi,20.235896477251554,on,no_extinction_control,1.3447959461565517e-06,True,False,1.5463891636091631e-06
Mi,22.229964825261934,off,hard_extinction,0.0,True,False,0.0
Mi,22.229964825261934,off,no_extinction_control,0.0,True,False,0.0
Mi,22.229964825261934,on,hard_extinction,4.553682249164304e-06,True,False,5.109681367354568e-06
Mi,22.229964825261934,on,no_extinction_control,4.553682249164304e-06,True,False,5.109681367354568e-06
Mi,24.420530945486497,off,hard_extinction,0.0,True,False,0.0
Mi,24.420530945486497,off,no_extinction_control,0.0,True,False,0.0
Mi,24.420530945486497,on,hard_extinction,1.2962161685781126e-05,True,False,1.414386894005304e-05
Mi,24.420530945486497,on,no_extinction_control,1.2962161685781126e-05,True,False,1.414386894005304e-05
Mi,26.826957952797247,off,hard_extinction,0.0,True,False,0.0
Mi,26.826957952797247,off,no_extinction_control,0.0,True,False,0.0
Mi,26.826957952797247,on,hard_extinction,3.191274078273576e-05,True,False,3.37476847767082e-05
Mi,26.826957952797247,on,no_extinction_control,3.191274078273576e-05,True,False,3.37476847767082e-05
Mi,29.4705170255181,off,hard_extinction,0.0,True,False,0.0
Mi,29.4705170255181,off,no_extinction_control,0.0,True,False,0.0
Mi,29.4705170255181,on,hard_extinction,6.961793710569264e-05,False,False,7.11211161039671e-05
Mi,29.4705170255181,on,no_extinction_control,6.961793710569264e-05,False,False,7.11211161039671e-05
Mi,32.374575428176435,off,hard_extinction,0.0,True,False,0.0
Mi,32.374575428176435,off,no_extinction_control,0.0,True,False,0.0
Mi,32.374575428176435,on,hard_extinction,0.00013726746950526447,False,False,0.0001350708702116954
Mi,32.374575428176435,on,no_extinction_control,0.00013726746950526447,False,False,0.0001350708702116954
Mi,35.56480306223125,off,hard_extinction,0.0,True,False,0.0
Mi,35.56480306223125,off,no_extinction_control,0.0,True,False,0.0
Mi,35.56480306223125,on,hard_extinction,0.0002485757229451213,False,False,0.00023497545862438685
Mi,35.56480306223125,on,no_extinction_control,0.0002485757229451213,False,False,0.00023497545862438685
Mi,39.06939937054613,off,hard_extinction,0.0,True,False,0.0
Mi,39.06939937054613,off,no_extinction_control,0.0,True,False,0.0
Mi,39.06939937054613,on,hard_extinction,0.00041877429817660516,False,False,0.00037941714913447555
Mi,39.06939937054613,on,no_extinction_control,0.00041877429817660516,False,False,0.00037941714913447555
Mi,42.91934260128774,off,hard_extinction,0.0,True,False,0.0
Mi,42.91934260128774,off,no_extinction_control,0.0,True,False,0.0
Mi,42.91934260128774,on,hard_extinction,0.0006631869704761817,False,False,0.0005747923253343057
Mi,42.91934260128774,on,no_extinction_control,0.0006631869704761817,False,False,0.0005747923253343057
Mi,47.1486636345739,off,hard_extinction,0.0,True,False,0.0
Mi,47.1486636345739,off,no_extinction_control,0.0,True,False,0.0
Mi,47.1486636345739,on,hard_extinction,0.0009956247581589528,False,False,0.0008242180501794039
Mi,47.1486636345739,on,no_extinction_control,0.0009956247581589528,False,False,0.0008242180501794039
Mi,51.794746792312075,off,hard_extinction,0.0,True,False,0.0
Mi,51.794746792312075,off,no_extinction_control,0.0,True,False,0.0
Mi,51.794746792312075,on,hard_extinction,0.0014268796521379468,False,False,0.0011269659901005369
Mi,51.794746792312075,on,no_extinction_control,0.0014268796521379468,False,False,0.0011269659901005369
Mi,56.89866029018293,off,hard_extinction,0.0,True,False,0.0
Mi,56.89866029018293,off,no_extinction_control,0.0,True,False,0.0
Mi,56.89866029018293,on,hard_extinction,0.0019635667546125113,False,False,0.0014785102595995525
Mi,56.89866029018293,on,no_extinction_control,0.0019635667546125113,False,False,0.0014785102595995525
Mi,62.505519252739695,off,hard_extinction,0.0,True,False,0.0
Mi,62.505519252739695,off,no_extinction_control,0.0,True,False,0.0
Mi,62.505519252739695,on,hard_extinction,0.0026074789761147965,False,False,0.00187112462320016
Mi,62.505519252739695,on,no_extinction_control,0.0026074789761147965,False,False,0.00187112462320016
Mi,68.66488450042998,off,hard_extinction,0.0,True,False,0.0
Mi,68.66488450042998,off,no_extinction_control,0.0,True,False,0.0
Mi,68.66488450042998,on,hard_extinction,0.0033555057799437016,False,False,0.0022948534485607297
Mi,68.66488450042998,on,no_extinction_control,0.0033555057799437016,False,False,0.0022948534485607297
Mi,75.43120063354615,off,hard_extinction,0.0,True,False,0.0
Mi,75.43120063354615,off,no_extinction_control,0.0,True,False,0.0
Mi,75.43120063354615,on,hard_extinction,0.004200061216069084,False,False,0.0027386345592130823
Mi,75.43120063354615,on,no_extinction_control,0.004200061216069084,False,False,0.0027386345592130823
Mi,82.86427728546842,off,hard_extinction,0.0,True,False,0.0
Mi,82.86427728546842,off,no_extinction_control,0.0,True,False,0.0
Mi,82.86427728546842,on,hard_extinction,0.005129891580846868,False,False,0.003191368904570613
Mi,82.86427728546842,on,no_extinction_control,0.005129891580846868,False,False,0.003191368904570613
Mi,91.02981779915208,off,hard_extinction,0.0,True,False,0.0
Mi,91.02981779915208,off,no_extinction_control,0.0,True,False,0.0
Mi,91.02981779915208,on,hard_extinction,0.006131099749283608,False,False,0.0036427908343801274
Mi,91.02981779915208,on,no_extinction_control,0.006131099749283608,False,False,0.0036427908343801274
Mi,100.0,off,hard_extinction,0.0,True,False,0.0
Mi,100.0,off,no_extinction_control,0.0,True,False,0.0
Mi,100.0,on,hard_extinction,0.007188228024771703,False,False,0.004084066452695767
Mi,100.0,on,no_extinction_control,0.007188228024771703,False,False,0.004084066452695767
Va,0.0,off,hard_extinction,0.0,True,False,0.0
Va,0.0,off,no_extinction_control,0.0,True,False,0.0
Va,0.0,on,hard_extinction,0.0,True,False,0.0
Va,0.0,on,no_extinction_control,0.0,True,False,0.0
Va,0.01,off,hard_extinction,0.0,True,False,0.0
Va,0.01,off,no_extinction_control,0.0,True,False,0.0
Va,0.01,on,hard_extinction,0.0,True,False,0.0
Va,0.01,on,no_extinction_control,0.0,True,False,0.0
Va,0.010985411419875584,off,hard_extinction,0.0,True,False,0.0
Va,0.010985411419875584,off,no_extinction_control,0.0,True,False,0.0
Va,0.010985411419875584,on,hard_extinction,0.0,True,False,0.0
Va,0.010985411419875584,on,no_extinction_control,0.0,True,False,0.0
Va,0.012067926406393288,off,hard_extinction,0.0,True,False,0.0
Va,0.012067926406393288,off,no_extinction_control,0.0,True,False,0.0
Va,0.012067926406393288,on,hard_extinction,0.0,True,False,0.0
Va,0.012067926406393288,on,no_extinction_control,0.0,True,False,0.0
Va,0.013257113655901088,off,hard_extinction,0.0,True,False,0.0
Va,0.013257113655901088,off,no_extinction_control,0.0,True,False,0.0
Va,0.013257113655901088,on,hard_extinction,0.0,True,False,0.0
Va,0.013257113655901088,on,no_extinction_control,0.0,True,False,0.0
Va,0.014563484775012436,off,hard_extinction,0.0,True,False,0.0
Va,0.014563484775012436,off,no_extinction_control,0.0,True,False,0.0
Va,0.014563484775012436,on,hard_extinction,0.0,True,False,0.0
Va,0.014563484775012436,on,no_extinction_control,0.0,True,False,0.0
Va,0.015998587196060583,off,hard_extinction,0.0,True,False,0.0
Va,0.015998587196060583,off,no_extinction_control,0.0,True,False,0.0
Va,0.015998587196060583,on,hard_extinction,0.0,True,False,0.0
Va,0.015998587196060583,on,no_extinction_control,0.0,True,False,0.0
Va,0.017575106248547922,off,hard_extinction,0.0,True,False,0.0
Va,0.017575106248547922,off,no_extinction_control,0.0,True,False,0.0
Va,0.017575106248547922,on,hard_extinction,0.0,True,False,0.0
Va,0.017575106248547922,on,no_extinction_control,0.0,True,False,0.0
Va,0.019306977288832496,off,hard_extinction,0.0,True,False,0.0
Va,0.019306977288832496,off,no_extinction_control,0.0,True,False,0.0
Va,0.019306977288832496,on,hard_extinction,0.0,True,False,0.0
Va,0.019306977288832496,on,no_extinction_control,0.0,True,False,0.0
Va,0.021209508879201904,off,hard_extinction,0.0,True,False,0.0
Va,0.021209508879201904,off,no_extinction_control,0.0,True,False,0.0
Va,0.021209508879201904,on,hard_extinction,0.0,True,False,0.0
Va,0.021209508879201904,on,no_extinction_control,0.0,True,False,0.0
Va,0.023299518105153717,off,hard_extinction,0.0,True,False,0.0
Va,0.023299518105153717,off,no_extinction_control,0.0,True,False,0.0
Va,0.023299518105153717,on,hard_extinction,0.0,True,False,0.0
Va,0.023299518105153717,on,no_extinction_control,0.0,True,False,0.0
Va,0.025595479226995357,off,hard_extinction,0.0,True,False,0.0
Va,0.025595479226995357,off,no_extinction_control,0.0,True,False,0.0
Va,0.025595479226995357,on,hard_extinction,0.0,True,False,0.0
Va,0.025595479226995357,on,no_extinction_control,0.0,True,False,0.0
Va,0.028117686979742307,off,hard_extinction,0.0,True,False,0.0
Va,0.028117686979742307,off,no_extinction_control,0.0,True,False,0.0
Va,0.028117686979742307,on,hard_extinction,0.0,True,False,0.0
Va,0.028117686979742307,on,no_extinction_control,0.0,True,False,0.0
Va,0.030888435964774818,off,hard_extinction,0.0,True,False,0.0
Va,0.030888435964774818,off,no_extinction_control,0.0,True,False,0.0
Va,0.030888435964774818,on,hard_extinction,0.0,True,False,0.0
Va,0.030888435964774818,on,no_extinction_control,0.0,True,False,0.0
Va,0.03393221771895328,off,hard_extinction,0.0,True,False,0.0
Va,0.03393221771895328,off,no_extinction_control,0.0,True,False,0.0
Va,0.03393221771895328,on,hard_extinction,0.0,True,False,0.0
Va,0.03393221771895328,on,no_extinction_control,0.0,True,False,0.0
Va,0.0372759372031494,off,hard_extinction,0.0,True,False,0.0
Va,0.0372759372031494,off,no_extinction_control,0.0,True,False,0.0
Va,0.0372759372031494,on,hard_extinction,0.0,True,False,0.0
Va,0.0372759372031494,on,no_extinction_control,0.0,True,False,0.0
Va,0.040949150623804234,off,hard_extinction,0.0,True,False,0.0
Va,0.040949150623804234,off,no_extinction_control,0.0,True,False,0.0
Va,0.040949150623804234,on,hard_extinction,0.0,True,False,0.0
Va,0.040949150623804234,on,no_extinction_control,0.0,True,False,0.0
Va,0.04498432668969444,off,hard_extinction,0.0,True,False,0.0
Va,0.04498432668969444,off,no_extinction_control,0.0,True,False,0.0
Va,0.04498432668969444,on,hard_extinction,0.0,True,False,0.0
Va,0.04498432668969444,on,no_extinction_control,0.0,True,False,0.0
Va,0.04941713361323833,off,hard_extinction,0.0,True,False,0.0
Va,0.04941713361323833,off,no_extinction_control,0.0,True,False,0.0
Va,0.04941713361323833,on,hard_extinction,0.0,True,False,0.0
Va,0.04941713361323833,on,no_extinction_control,0.0,True,False,0.0
Va,0.054286754393238594,off,hard_extinction,0.0,True,False,0.0
Va,0.054286754393238594,off,no_extinction_control,0.0,True,False,0.0
Va,0.054286754393238594,on,hard_extinction,0.0,True,False,0.0
Va,0.054286754393238594,on,no_extinction_control,0.0,True,False,0.0
Va,0.05963623316594643,off,hard_extinction,0.0,True,False,0.0
Va,0.05963623316594643,off,no_extinction_control,0.0,True,False,0.0
Va,0.05963623316594643,on,hard_extinction,0.0,True,False,0.0
Va,0.05963623316594643,on,no_extinction_control,0.0,True,False,0.0
Va,0.0655128556859551,off,hard_extinction,0.0,True,False,0.0
Va,0.0655128556859551,off,no_extinction_control,0.0,True,False,0.0
Va,0.0655128556859551,on,hard_extinction,0.0,True,False,0.0
Va,0.0655128556859551,on,no_extinction_control,0.0,True,False,0.0
Va,0.07196856730011521,off,hard_extinction,0.0,True,False,0.0
Va,0.07196856730011521,off,no_extinction_control,0.0,True,False,0.0
Va,0.07196856730011521,on,hard_extinction,0.0,True,False,0.0
Va,0.07196856730011521,on,no_extinction_control,0.0,True,False,0.0
Va,0.07906043210907697,off,hard_extinction,0.0,True,False,0.0
Va,0.07906043210907697,off,no_extinction_control,0.0,True,False,0.0
Va,0.07906043210907697,on,hard_extinction,0.0,True,False,0.0
Va,0.07906043210907697,on,no_extinction_control,0.0,True,False,0.0
Va,0.08685113737513525,off,hard_extinction,0.0,True,False,0.0
Va,0.08685113737513525,off,no_extinction_control,0.0,True,False,0.0
Va,0.08685113737513525,on,hard_extinction,0.0,True,False,0.0
Va,0.08685113737513525,on,no_extinction_control,0.0,True,False,0.0
Va,0.09540954763499938,off,hard_extinction,0.0,True,False,0.0
Va,0.09540954763499938,off,no_extinction_control,0.0,True,False,0.0
Va,0.09540954763499938,on,hard_extinction,0.0,True,False,0.0
Va,0.09540954763499938,on,no_extinction_control,0.0,True,False,0.0
Va,0.10481131341546858,off,hard_extinction,0.0,True,False,0.0
Va,0.10481131341546858,off,no_extinction_control,0.0,True,False,0.0
Va,0.10481131341546858,on,hard_extinction,0.0,True,False,0.0
Va,0.10481131341546858,on,no_extinction_control,0.0,True,False,0.0
Va,0.1151395399326447,off,hard_extinction,0.0,True,False,0.0
Va,0.1151395399326447,off,no_extinction_control,0.0,True,False,0.0
Va,0.1151395399326447,on,hard_extinction,0.0,True,False,0.0
Va,0.1151395399326447,on,no_extinction_control,0.0,True,False,0.0
Va,0.12648552168552957,off,hard_extinction,0.0,True,False,0.0
Va,0.12648552168552957,off,no_extinction_control,0.0,True,False,0.0
Va,0.12648552168552957,on,hard_extinction,0.0,True,False,0.0
Va,0.12648552168552957,on,no_extinction_control,0.0,True,False,0.0
Va,0.13894954943731375,off,hard_extinction,0.0,True,False,0.0
Va,0.13894954943731375,off,no_extinction_control,0.0,True,False,0.0
Va,0.13894954943731375,on,hard_extinction,0.0,True,False,0.0
Va,0.13894954943731375,on,no_extinction_control,0.0,True,False,0.0
Va,0.15264179671752334,off,hard_extinction,0.0,True,False,0.0
Va,0.15264179671752334,off,no_extinction_control,0.0,True,False,0.0
Va,0.15264179671752334,on,hard_extinction,0.0,True,False,0.0
Va,0.15264179671752334,on,no_extinction_control,0.0,True,False,0.0
Va,0.16768329368110074,off,hard_extinction,0.0,True,False,0.0
Va,0.16768329368110074,off,no_extinction_control,0.0,True,False,0.0
Va,0.16768329368110074,on,hard_extinction,0.0,True,False,0.0
Va,0.16768329368110074,on,no_extinction_control,0.0,True,False,0.0
Va,0.18420699693267154,off,hard_extinction,2.220446049250313e-16,True,False,1.6653345369377348e-16
Va,0.18420699693267154,off,no_extinction_control,2.220446049250313e-16,True,False,1.6653345369377348e-16
Va,0.18420699693267154,on,hard_extinction,2.220446049250313e-16,True,False,1.6653345369377348e-16
Va,0.18420699693267154,on,no_extinction_control,2.220446049250313e-16,True,False,1.6653345369377348e-16
Va,0.20235896477251566,off,hard_extinction,2.220446049250313e-16,True,False,2.220446049250313e-16
Va,0.20235896477251566,off,no_extinction_control,2.220446049250313e-16,True,False,2.220446049250313e-16
Va,0.20235896477251566,on,hard_extinction,2.220446049250313e-16,True,False,2.220446049250313e-16
Va,0.20235896477251566,on,no_extinction_control,2.220446049250313e-16,True,False,2.220446049250313e-16
Va,0.22229964825261944,off,hard_extinction,2.8754776337791554e-14,True,False,3.347322419244847e-14
Va,0.22229964825261944,off,no_extinction_control,2.8754776337791554e-14,True,False,3.347322419244847e-14
Va,0.22229964825261944,on,hard_extinction,2.8754776337791554e-14,True,False,3.347322419244847e-14
Va,0.22229964825261944,on,no_extinction_control,2.8754776337791554e-14,True,False,3.347322419244847e-14
Va,0.2442053094548651,off,hard_extinction,5.959344129280453e-12,True,False,7.296774295895148e-12
Va,0.2442053094548651,off,no_extinction_control,5.959344129280453e-12,True,False,7.296774295895148e-12
Va,0.2442053094548651,on,hard_extinction,5.959344129280453e-12,True,False,7.296774295895148e-12
Va,0.2442053094548651,on,no_extinction_control,5.959344129280453e-12,True,False,7.296774295895148e-12
Va,0.2682695795279725,off,hard_extinction,1.5592267477160249e-09,True,False,2.100075779942756e-09
Va,0.2682695795279725,off,no_extinction_control,1.5592267477160249e-09,True,False,2.100075779942756e-09
Va,0.2682695795279725,on,hard_extinction,1.5592267477160249e-09,True,False,2.100075779942756e-09
Va,0.2682695795279725,on,no_extinction_control,1.5592267477160249e-09,True,False,2.100075779942756e-09
Va,0.29470517025518095,off,hard_extinction,4.919475948828023e-07,True,False,7.685684149105754e-07
Va,0.29470517025518095,off,no_extinction_control,4.919475948828023e-07,True,False,7.685684149105754e-07
Va,0.29470517025518095,on,hard_extinction,4.919475948828023e-07,True,False,7.685684149105754e-07
Va,0.29470517025518095,on,no_extinction_control,4.919475948828023e-07,True,False,7.685684149105754e-07
Va,0.32374575428176433,off,hard_extinction,0.0001758239558279362,False,False,0.0003502879119685609
Va,0.32374575428176433,off,no_extinction_control,0.0001758239558279362,False,False,0.0003502879119685609
Va,0.32374575428176433,on,hard_extinction,0.0001758239558279362,False,False,0.0003502879119685609
Va,0.32374575428176433,on,no_extinction_control,0.0001758239558279362,False,False,0.0003502879119685609
Va,0.35564803062231287,off,hard_extinction,0.1049234489558537,False,False,0.17003578676130626
Va,0.35564803062231287,off,no_extinction_control,0.1049234489558537,False,False,0.17003578676130626
Va,0.35564803062231287,on,hard_extinction,0.1049234489558537,False,False,0.17003578676130626
Va,0.35564803062231287,on,no_extinction_control,0.1049234489558537,False,False,0.17003578676130626
Va,0.3906939937054615,off,hard_extinction,2.3070806944355295,False,True,0.09732681106502761
Va,0.3906939937054615,off,no_extinction_control,2.3070806944355295,False,True,0.09732681106502761
Va,0.3906939937054615,on,hard_extinction,2.3070806944355295,False,True,0.09732681106502761
Va,0.3906939937054615,on,no_extinction_control,2.3070806944355295,False,True,0.09732681106502761
Va,0.42919342601287763,off,hard_extinction,1.7743049252061383e-09,False,False,0.0
Va,0.42919342601287763,off,no_extinction_control,3.1294988780217716,False,False,0.0001453266870616865
Va,0.42919342601287763,on,hard_extinction,1.7743049252061383e-09,False,False,0.0
Va,0.42919342601287763,on,no_extinction_control,3.1294988780217716,False,False,0.0001453266870616865
Va,0.47148663634573923,off,hard_extinction,0.0,True,False,0.0
Va,0.47148663634573923,off,no_extinction_control,3.347509317317586,False,False,1.1793273912985569e-07
Va,0.47148663634573923,on,hard_extinction,0.0,True,False,0.0
Va,0.47148663634573923,on,no_extinction_control,3.347509317317586,False,False,1.1793273912985569e-07
Va,0.517947467923121,off,hard_extinction,0.0,True,False,0.0
Va,0.517947467923121,off,no_extinction_control,1.4345605670285622,False,False,1.3296186374134322e-10
Va,0.517947467923121,on,hard_extinction,0.0,True,False,0.0
Va,0.517947467923121,on,no_extinction_control,1.4345605670285622,False,False,1.3296186374134322e-10
Va,0.5689866029018296,off,hard_extinction,0.0,True,False,0.0
Va,0.5689866029018296,off,no_extinction_control,0.019758590976548973,False,False,2.3447910280083306e-13
Va,0.5689866029018296,on,hard_extinction,0.0,True,False,0.0
Va,0.5689866029018296,on,no_extinction_control,0.019758590976548973,False,False,2.3447910280083306e-13
Va,0.6250551925273969,off,hard_extinction,0.0,True,False,0.0
Va,0.6250551925273969,off,no_extinction_control,5.654264498922146e-05,False,False,6.661338147750939e-16
Va,0.6250551925273969,on,hard_extinction,0.0,True,False,0.0
Va,0.6250551925273969,on,no_extinction_control,5.654264498922146e-05,False,False,6.661338147750939e-16
Va,0.6866488450042998,off,hard_extinction,0.0,True,False,0.0
Va,0.6866488450042998,off,no_extinction_control,2.480530305604134e-07,True,False,0.0
Va,0.6866488450042998,on,hard_extinction,0.0,True,False,0.0
Va,0.6866488450042998,on,no_extinction_control,2.480530305604134e-07,True,False,0.0
Va,0.7543120063354615,off,hard_extinction,0.0,True,False,0.0
Va,0.7543120063354615,off,no_extinction_control,1.6705090644109077e-09,True,False,0.0
Va,0.7543120063354615,on,hard_extinction,0.0,True,False,0.0
Va,0.7543120063354615,on,no_extinction_control,1.6705090644109077e-09,True,False,0.0
Va,0.8286427728546842,off,hard_extinction,0.0,True,False,0.0
Va,0.8286427728546842,off,no_extinction_control,1.6846968264871975e-11,True,False,0.0
Va,0.8286427728546842,on,hard_extinction,0.0,True,False,0.0
Va,0.8286427728546842,on,no_extinction_control,1.6846968264871975e-11,True,False,0.0
Va,0.9102981779915218,off,hard_extinction,0.0,True,False,0.0
Va,0.9102981779915218,off,no_extinction_control,2.4868995751603507e-13,True,False,0.0
Va,0.9102981779915218,on,hard_extinction,0.0,True,False,0.0
Va,0.9102981779915218,on,no_extinction_control,2.4868995751603507e-13,True,False,0.0
Va,0.9999999999999994,off,hard_extinction,0.0,True,False,0.0
Va,0.9999999999999994,off,no_extinction_control,5.329070518200751e-15,True,False,0.0
Va,0.9999999999999994,on,hard_extinction,0.0,True,False,0.0
Va,0.9999999999999994,on,no_extinction_control,5.329070518200751e-15,True,False,0.0
Va,1.0985411419875584,off,hard_extinction,0.0,True,False,0.0
Va,1.0985411419875584,off,no_extinction_control,0.0,True,False,0.0
Va,1.0985411419875584,on,hard_extinction,0.0,True,False,0.0
Va,1.0985411419875584,on,no_extinction_control,0.0,True,False,0.0
Va,1.2067926406393277,off,hard_extinction,0.0,True,False,0.0
Va,1.2067926406393277,off,no_extinction_control,0.0,True,False,0.0
Va,1.2067926406393277,on,hard_extinction,0.0,True,False,0.0
Va,1.2067926406393277,on,no_extinction_control,0.0,True,False,0.0
Va,1.325711365590108,off,hard_extinction,0.0,True,False,0.0
Va,1.325711365590108,off,no_extinction_control,0.0,True,False,0.0
Va,1.325711365590108,on,hard_extinction,0.0,True,False,0.0
Va,1.325711365590108,on,no_extinction_control,0.0,True,False,0.0
Va,1.456348477501243,off,hard_extinction,0.0,True,False,0.0
Va,1.456348477501243,off,no_extinction_control,0.0,True,False,0.0
Va,1.456348477501243,on,hard_extinction,0.0,True,False,0.0
Va,1.456348477501243,on,no_extinction_control,0.0,True,False,0.0
Va,1.5998587196060574,off,hard_extinction,0.0,True,False,0.0
Va,1.5998587196060574,off,no_extinction_control,0.0,True,False,0.0
Va,1.5998587196060574,on,hard_extinction,0.0,True,False,0.0
Va,1.5998587196060574,on,no_extinction_control,0.0,True,False,0.0
Va,1.7575106248547911,off,hard_extinction,0.0,True,False,0.0
Va,1.7575106248547911,off,no_extinction_control,0.0,True,False,0.0
Va,1.7575106248547911,on,hard_extinction,0.0,True,False,0.0
Va,1.7575106248547911,on,no_extinction_control,0.0,True,False,0.0
Va,1.9306977288832496,off,hard_extinction,0.0,True,False,0.0
Va,1.9306977288832496,off,no_extinction_control,0.0,True,False,0.0
Va,1.9306977288832496,on,hard_extinction,0.0,True,False,0.0
Va,1.9306977288832496,on,no_extinction_control,0.0,True,False,0.0
Va,2.1209508879201904,off,hard_extinction,0.0,True,False,0.0
Va,2.1209508879201904,off,no_extinction_control,0.0,True,False,0.0
Va,2.1209508879201904,on,hard_extinction,0.0,True,False,0.0
Va,2.1209508879201904,on,no_extinction_control,0.0,True,False,0.0
Va,2.329951810515372,off,hard_extinction,0.0,True,False,0.0
Va,2.329951810515372,off,no_extinction_control,0.0,True,False,0.0
Va,2.329951810515372,on,hard_extinction,0.0,True,False,0.0
Va,2.329951810515372,on,no_extinction_control,0.0,True,False,0.0
Va,2.5595479226995357,off,hard_extinction,0.0,True,False,0.0
Va,2.5595479226995357,off,no_extinction_control,0.0,True,False,0.0
Va,2.5595479226995357,on,hard_extinction,0.0,True,False,0.0
Va,2.5595479226995357,on,no_extinction_control,0.0,True,False,0.0
Va,2.811768697974228,off,hard_extinction,0.0,True,False,0.0
Va,2.811768697974228,off,no_extinction_control,0.0,True,False,0.0
Va,2.811768697974228,on,hard_extinction,0.0,True,False,0.0
Va,2.811768697974228,on,no_extinction_control,0.0,True,False,0.0
Va,3.0888435964774787,off,hard_extinction,0.0,True,False,0.0
Va,3.0888435964774787,off,no_extinction_control,0.0,True,False,0.0
Va,3.0888435964774787,on,hard_extinction,0.0,True,False,0.0
Va,3.0888435964774787,on,no_extinction_control,0.0,True,False,0.0
Va,3.3932217718953264,off,hard_extinction,0.0,True,False,0.0
Va,3.3932217718953264,off,no_extinction_control,0.0,True,False,0.0
Va,3.3932217718953264,on,hard_extinction,0.0,True,False,0.0
Va,3.3932217718953264,on,no_extinction_control,0.0,True,False,0.0
Va,3.727593720314938,off,hard_extinction,0.0,True,False,0.0
Va,3.727593720314938,off,no_extinction_control,0.0,True,False,0.0
Va,3.727593720314938,on,hard_extinction,0.0,True,False,0.0
Va,3.727593720314938,on,no_extinction_control,0.0,True,False,0.0
Va,4.094915062380423,off,hard_extinction,0.0,True,False,0.0
Va,4.094915062380423,off,no_extinction_control,0.0,True,False,0.0
Va,4.094915062380423,on,hard_extinction,0.0,True,False,0.0
Va,4.094915062380423,on,no_extinction_control,0.0,True,False,0.0
Va,4.498432668969444,off,hard_extinction,0.0,True,False,0.0
Va,4.498432668969444,off,no_extinction_control,0.0,True,False,0.0
Va,4.498432668969444,on,hard_extinction,0.0,True,False,0.0
Va,4.498432668969444,on,no_extinction_control,0.0,True,False,0.0
Va,4.941713361323833,off,hard_extinction,0.0,True,False,0.0
Va,4.941713361323833,off,no_extinction_control,0.0,True,False,0.0
Va,4.941713361323833,on,hard_extinction,0.0,True,False,0.0
Va,4.941713361323833,on,no_extinction_control,0.0,True,False,0.0
Va,5.428675439323859,off,hard_extinction,0.0,True,False,0.0
Va,5.428675439323859,off,no_extinction_control,0.0,True,False,0.0
Va,5.428675439323859,on,hard_extinction,0.0,True,False,0.0
Va,5.428675439323859,on,no_extinction_control,0.0,True,False,0.0
Va,5.963623316594643,off,hard_extinction,0.0,True,False,0.0
Va,5.963623316594643,off,no_extinction_control,0.0,True,False,0.0
Va,5.963623316594643,on,hard_extinction,0.0,True,False,0.0
Va,5.963623316594643,on,no_extinction_control,0.0,True,False,0.0
Va,6.551285568595502,off,hard_extinction,0.0,True,False,0.0
Va,6.551285568595502,off,no_extinction_control,0.0,True,False,0.0
Va,6.551285568595502,on,hard_extinction,0.0,True,False,0.0
Va,6.551285568595502,on,no_extinction_control,0.0,True,False,0.0
Va,7.196856730011514,off,hard_extinction,0.0,True,False,0.0
Va,7.196856730011514,off,no_extinction_control,0.0,True,False,0.0
Va,7.196856730011514,on,hard_extinction,0.0,True,False,0.0
Va,7.196856730011514,on,no_extinction_control,0.0,True,False,0.0
Va,7.9060432109076935,off,hard_extinction,0.0,True,False,0.0
Va,7.9060432109076935,off,no_extinction_control,0.0,True,False,0.0
Va,7.9060432109076935,on,hard_extinction,0.0,True,False,0.0
Va,7.9060432109076935,on,no_extinction_control,0.0,True,False,0.0
Va,8.68511373751352,off,hard_extinction,0.0,True,False,0.0
Va,8.68511373751352,off,no_extinction_control,0.0,True,False,0.0
Va,8.68511373751352,on,hard_extinction,0.0,True,False,0.0
Va,8.68511373751352,on,no_extinction_control,0.0,True,False,0.0
Va,9.540954763499935,off,hard_extinction,0.0,True,False,0.0
Va,9.540954763499935,off,no_extinction_control,0.0,True,False,0.0
Va,9.540954763499935,on,hard_extinction,0.0,True,False,0.0
Va,9.540954763499935,on,no_extinction_control,0.0,True,False,0.0
Va,10.481131341546853,off,hard_extinction,0.0,True,False,0.0
Va,10.481131341546853,off,no_extinction_control,0.0,True,False,0.0
Va,10.481131341546853,on,hard_extinction,0.0,True,False,0.0
Va,10.481131341546853,on,no_extinction_control,0.0,True,False,0.0
Va,11.513953993264469,off,hard_extinction,0.0,True,False,0.0
Va,11.513953993264469,off,no_extinction_control,0.0,True,False,0.0
Va,11.513953993264469,on,hard_extinction,0.0,True,False,0.0
Va,11.513953993264469,on,no_extinction_control,0.0,True,False,0.0
Va,12.648552168552959,off,hard_extinction,0.0,True,False,0.0
Va,12.648552168552959,off,no_extinction_control,0.0,True,False,0.0
Va,12.648552168552959,on,hard_extinction,0.0,True,False,0.0
Va,12.648552168552959,on,no_extinction_control,0.0,True,False,0.0
Va,13.894954943731374,off,hard_extinction,0.0,True,False,0.0
Va,13.894954943731374,off,no_extinction_control,0.0,True,False,0.0
Va,13.894954943731374,on,hard_extinction,0.0,True,False,0.0
Va,13.894954943731374,on,no_extinction_control,0.0,True,False,0.0
Va,15.264179671752318,off,hard_extinction,0.0,True,False,0.0
Va,15.264179671752318,off,no_extinction_control,0.0,True,False,0.0
Va,15.264179671752318,on,hard_extinction,0.0,True,False,0.0
Va,15.264179671752318,on,no_extinction_control,0.0,True,False,0.0
Va,16.768329368110066,off,hard_extinction,0.0,True,False,0.0
Va,16.768329368110066,off,no_extinction_control,0.0,True,False,0.0
Va,16.768329368110066,on,hard_extinction,0.0,True,False,0.0
Va,16.768329368110066,on,no_extinction_control,0.0,True,False,0.0
Va,18.420699693267146,off,hard_extinction,0.0,True,False,0.0
Va,18.420699693267146,off,no_extinction_control,0.0,True,False,0.0
Va,18.420699693267146,on,hard_extinction,0.0,True,False,0.0
Va,18.420699693267146,on,no_extinction_control,0.0,True,False,0.0
Va,20.235896477251554,off,hard_extinction,0.0,True,False,0.0
Va,20.235896477251554,off,no_extinction_control,0.0,True,False,0.0
Va,20.235896477251554,on,hard_extinction,0.0,True,False,0.0
Va,20.235896477251554,on,no_extinction_control,0.0,True,False,0.0
Va,22.229964825261934,off,hard_extinction,0.0,True,False,0.0
Va,22.229964825261934,off,no_extinction_control,0.0,True,False,0.0
Va,22.229964825261934,on,hard_extinction,0.0,True,False,0.0
Va,22.229964825261934,on,no_extinction_control,0.0,True,False,0.0
Va,24.420530945486497,off,hard_extinction,0.0,True,False,0.0
Va,24.420530945486497,off,no_extinction_control,0.0,True,False,0.0
Va,24.420530945486497,on,hard_extinction,0.0,True,False,0.0
Va,24.420530945486497,on,no_extinction_control,0.0,True,False,0.0
Va,26.826957952797247,off,hard_extinction,0.0,True,False,0.0
Va,26.826957952797247,off,no_extinction_control,0.0,True,False,0.0
Va,26.826957952797247,on,hard_extinction,0.0,True,False,0.0
Va,26.826957952797247,on,no_extinction_control,0.0,True,False,0.0
Va,29.4705170255181,off,hard_extinction,0.0,True,False,0.0
Va,29.4705170255181,off,no_extinction_control,0.0,True,False,0.0
Va,29.4705170255181,on,hard_extinction,0.0,True,False,0.0
Va,29.4705170255181,on,no_extinction_control,0.0,True,False,0.0
Va,32.374575428176435,off,hard_extinction,0.0,True,False,0.0
Va,32.374575428176435,off,no_extinction_control,0.0,True,False,0.0
Va,32.374575428176435,on,hard_extinction,0.0,True,False,0.0
Va,32.374575428176435,on,no_extinction_control,0.0,True,False,0.0
Va,35.56480306223125,off,hard_extinction,0.0,True,False,0.0
Va,35.56480306223125,off,no_extinction_control,0.0,True,False,0.0
Va,35.56480306223125,on,hard_extinction,0.0,True,False,0.0
Va,35.56480306223125,on,no_extinction_control,0.0,True,False,0.0
Va,39.06939937054613,off,hard_extinction,0.0,True,False,0.0
Va,39.06939937054613,off,no_extinction_control,0.0,True,False,0.0
Va,39.06939937054613,on,hard_extinction,0.0,True,False,0.0
Va,39.06939937054613,on,no_extinction_control,0.0,True,False,0.0
Va,42.91934260128774,off,hard_extinction,0.0,True,False,0.0
Va,42.91934260128774,off,no_extinction_control,0.0,True,False,0.0
Va,42.91934260128774,on,hard_extinction,0.0,True,False,0.0
Va,42.91934260128774,on,no_extinction_control,0.0,True,False,0.0
Va,47.1486636345739,off,hard_extinction,0.0,True,False,0.0
Va,47.1486636345739,off,no_extinction_control,0.0,True,False,0.0
Va,47.1486636345739,on,hard_extinction,0.0,True,False,0.0
Va,47.1486636345739,on,no_extinction_control,0.0,True,False,0.0
Va,51.794746792312075,off,hard_extinction,0.0,True,False,0.0
Va,51.794746792312075,off,no_extinction_control,0.0,True,False,0.0
Va,51.794746792312075,on,hard_extinction,0.0,True,False,0.0
Va,51.794746792312075,on,no_extinction_control,0.0,True,False,0.0
Va,56.89866029018293,off,hard_extinction,0.0,True,False,0.0
Va,56.89866029018293,off,no_extinction_control,0.0,True,False,0.0
Va,56.89866029018293,on,hard_extinction,0.0,True,False,0.0
Va,56.89866029018293,on,no_extinction_control,0.0,True,False,0.0
Va,62.505519252739695,off,hard_extinction,0.0,True,False,0.0
Va,62.505519252739695,off,no_extinction_control,0.0,True,False,0.0
Va,62.505519252739695,on,hard_extinction,0.0,True,False,0.0
Va,62.505519252739695,on,no_extinction_control,0.0,True,False,0.0
Va,68.66488450042998,off,hard_extinction,0.0,True,False,0.0
Va,68.66488450042998,off,no_extinction_control,0.0,True,False,0.0
Va,68.66488450042998,on,hard_extinction,0.0,True,False,0.0
Va,68.66488450042998,on,no_extinction_control,0.0,True,False,0.0
Va,75.43120063354615,off,hard_extinction,0.0,True,False,0.0
Va,75.43120063354615,off,no_extinction_control,0.0,True,False,0.0
Va,75.43120063354615,on,hard_extinction,0.0,True,False,0.0
Va,75.43120063354615,on,no_extinction_control,0.0,True,False,0.0
Va,82.86427728546842,off,hard_extinction,0.0,True,False,0.0
Va,82.86427728546842,off,no_extinction_control,0.0,True,False,0.0
Va,82.86427728546842,on,hard_extinction,0.0,True,False,0.0
Va,82.86427728546842,on,no_extinction_control,0.0,True,False,0.0
Va,91.02981779915208,off,hard_extinction,0.0,True,False,0.0
Va,91.02981779915208,off,no_extinction_control,0.0,True,False,0.0
Va,91.02981779915208,on,hard_extinction,0.0,True,False,0.0
Va,91.02981779915208,on,no_extinction_control,0.0,True,False,0.0
Va,100.0,off,hard_extinction,0.0,True,False,0.0
Va,100.0,off,no_extinction_control,0.0,True,False,0.0
Va,100.0,on,hard_extinction,0.0,True,False,0.0
Va,100.0,on,no_extinction_control,0.0,True,False,0.0
