run_id,species,ratio,r_ng_bt_production,r_ng_dm,lag_mode,lag_h,initial_condition,initial_ng,initial_bt,extinction_mode,hard_extinction,cycle,cycle_start_ng,cycle_start_bt,cycle_end_ng,cycle_end_bt,next_start_ng,next_start_bt,cycle_map_residual_log10,converged_last_n,final_ng_above_threshold,final_bt_above_threshold,final_survival_class
0,Col,0.0,3.066493397480315,0.0,on,5.8,ng_low_bt_high,0.001,1.0,hard_extinction,True,20,0.0,0.0019130364855773352,0.0,0.38260729711546637,0.0,0.001913036485577332,8.881784197001252e-16,True,False,True,bt_only
1,Col,0.0,3.066493397480315,0.0,on,5.8,ng_high_bt_low,1.0,0.001,hard_extinction,True,20,0.0,0.0019130364855773352,0.0,0.38260729711546637,0.0,0.001913036485577332,8.881784197001252e-16,True,False,True,bt_only
2,Col,0.01,3.066493397480315,0.03066493397480315,on,5.8,ng_low_bt_high,0.001,1.0,hard_extinction,True,20,0.0,0.0019130364855773352,0.0,0.38260729711546637,0.0,0.001913036485577332,8.881784197001252e-16,True,False,True,bt_only
3,Col,0.01,3.066493397480315,0.03066493397480315,on,5.8,ng_high_bt_low,1.0,0.001,hard_extinction,True,20,0.0,0.0019130364855773352,0.0,0.38260729711546637,0.0,0.001913036485577332,8.881784197001252e-16,True,False,True,bt_only
4,Col,0.010985411419875584,3.066493397480315,0.03368669158765333,on,5.8,ng_low_bt_high,0.001,1.0,hard_extinction,True,20,0.0,0.0019130364855773352,0.0,0.38260729711546637,0.0,0.001913036485577332,8.881784197001252e-16,True,False,True,bt_only
5,Col,0.010985411419875584,3.066493397480315,0.03368669158765333,on,5.8,ng_high_bt_low,1.0,0.001,hard_extinction,True,20,0.0,0.0019130364855773352,0.0,0.38260729711546637,0.0,0.001913036485577332,8.881784197001252e-16,True,False,True,bt_only
6,Col,0.012067926406393288,3.066493397480315,0.03700621664648336,on,5.8,ng_low_bt_high,0.001,1.0,hard_extinction,True,20,0.0,0.0019130364855773352,0.0,0.38260729711546637,0.0,0.001913036485577332,8.881784197001252e-16,True,False,True,bt_only
7,Col,0.012067926406393288,3.066493397480315,0.03700621664648336,on,5.8,ng_high_bt_low,1.0,0.001,hard_extinction,True,20,0.0,0.0019130364855773358,0.0,0.3826072971154663,0.0,0.0019130364855773315,8.881784197001252e-16,True,False,True,bt_only
8,Col,0.013257113655901088,3.066493397480315,0.0406528514954668,on,5.8,ng_low_bt_high,0.001,1.0,hard_extinction,True,20,0.0,0.0019130364855773352,0.0,0.38260729711546637,0.0,0.001913036485577332,8.881784197001252e-16,True,False,True,bt_only
9,Col,0.013257113655901088,3.066493397480315,0.0406528514954668,on,5.8,ng_high_bt_low,1.0,0.001,hard_extinction,True,20,0.0,0.0019130364855773352,0.0,0.38260729711546637,0.0,0.001913036485577332,8.881784197001252e-16,True,False,True,bt_only
10,Col,0.014563484775012436,3.066493397480315,0.04465882990688072,on,5.8,ng_low_bt_high,0.001,1.0,hard_extinction,True,20,0.0,0.0019130364855773352,0.0,0.38260729711546637,0.0,0.001913036485577332,8.881784197001252e-16,True,False,True,bt_only
11,Col,0.014563484775012436,3.066493397480315,0.04465882990688072,on,5.8,ng_high_bt_low,1.0,0.001,hard_extinction,True,20,0.0,0.0019130364855773352,0.0,0.38260729711546637,0.0,0.001913036485577332,8.881784197001252e-16,True,False,True,bt_only
12,Col,0.015998587196060583,3.066493397480315,0.04905956200573288,on,5.8,ng_low_bt_high,0.001,1.0,hard_extinction,True,20,0.0,0.0019130364855773352,0.0,0.38260729711546637,0.0,0.001913036485577332,8.881784197001252e-16,True,False,True,bt_only
13,Col,0.015998587196060583,3.066493397480315,0.04905956200573288,on,5.8,ng_high_bt_low,1.0,0.001,hard_extinction,True,20,0.0,0.0019130364855773352,0.0,0.38260729711546637,0.0,0.001913036485577332,8.881784197001252e-16,True,False,True,bt_only
14,Col,0.017575106248547922,3.066493397480315,0.05389394727118723,on,5.8,ng_low_bt_high,0.001,1.0,hard_extinction,True,20,0.0,0.0019130364855773352,0.0,0.38260729711546637,0.0,0.001913036485577332,8.881784197001252e-16,True,False,True,bt_only
15,Col,0.017575106248547922,3.066493397480315,0.05389394727118723,on,5.8,ng_high_bt_low,1.0,0.001,hard_extinction,True,20,0.0,0.0019130364855773352,0.0,0.38260729711546637,0.0,0.001913036485577332,8.881784197001252e-16,True,False,True,bt_only
16,Col,0.019306977288832496,3.066493397480315,0.05920471838150724,on,5.8,ng_low_bt_high,0.001,1.0,hard_extinction,True,20,0.0,0.0019130364855773352,0.0,0.38260729711546637,0.0,0.001913036485577332,8.881784197001252e-16,True,False,True,bt_only
17,Col,0.019306977288832496,3.066493397480315,0.05920471838150724,on,5.8,ng_high_bt_low,1.0,0.001,hard_extinction,True,20,0.0,0.0019130364855773352,0.0,0.38260729711546637,0.0,0.001913036485577332,8.881784197001252e-16,True,False,True,bt_only
18,Col,0.021209508879201904,3.066493397480315,0.06503881894187274,on,5.8,ng_low_bt_high,0.001,1.0,hard_extinction,True,20,0.0,0.0019130364855773352,0.0,0.38260729711546637,0.0,0.001913036485577332,8.881784197001252e-16,True,False,True,bt_only
19,Col,0.021209508879201904,3.066493397480315,0.06503881894187274,on,5.8,ng_high_bt_low,1.0,0.001,hard_extinction,True,20,0.0,0.0019130364855773352,0.0,0.38260729711546637,0.0,0.001913036485577332,8.881784197001252e-16,True,False,True,bt_only
20,Col,0.023299518105153717,3.066493397480315,0.07144781843392693,on,5.8,ng_low_bt_high,0.001,1.0,hard_extinction,True,20,0.0,0.0019130364855773352,0.0,0.38260729711546637,0.0,0.001913036485577332,8.881784197001252e-16,True,False,True,bt_only
21,Col,0.023299518105153717,3.066493397480315,0.07144781843392693,on,5.8,ng_high_bt_low,1.0,0.001,hard_extinction,True,20,0.0,0.0019130364855773332,0.0,0.3826072971154664,0.0,0.0019130364855773322,4.440892098500626e-16,True,False,True,bt_only
22,Col,0.025595479226995357,3.066493397480315,0.07848836805492582,on,5.8,ng_low_bt_high,0.001,1.0,hard_extinction,True,20,0.0,0.0019130364855773354,0.0,0.3826072971154664,0.0,0.0019130364855773322,8.881784197001252e-16,True,False,True,bt_only
23,Col,0.025595479226995357,3.066493397480315,0.07848836805492582,on,5.8,ng_high_bt_low,1.0,0.001,hard_extinction,True,20,0.0,0.0019130364855773345,0.0,0.38260729711546637,0.0,0.001913036485577332,4.440892098500626e-16,True,False,True,bt_only
24,Col,0.028117686979742307,3.066493397480315,0.086222701475798,on,5.8,ng_low_bt_high,0.001,1.0,hard_extinction,True,20,0.0,0.0019130364855773352,0.0,0.38260729711546637,0.0,0.001913036485577332,8.881784197001252e-16,True,False,True,bt_only
25,Col,0.028117686979742307,3.066493397480315,0.086222701475798,on,5.8,ng_high_bt_low,1.0,0.001,hard_extinction,True,20,0.0,0.0019130364855773339,0.0,0.38260729711546637,0.0,0.001913036485577332,4.440892098500626e-16,True,False,True,bt_only
26,Col,0.030888435964774818,3.066493397480315,0.09471918494447548,on,5.8,ng_low_bt_high,0.001,1.0,hard_extinction,True,20,0.0,0.0019130364855773352,0.0,0.38260729711546637,0.0,0.001913036485577332,8.881784197001252e-16,True,False,True,bt_only
27,Col,0.030888435964774818,3.066493397480315,0.09471918494447548,on,5.8,ng_high_bt_low,1.0,0.001,hard_extinction,True,20,0.0,0.001913036485577334,0.0,0.38260729711546637,0.0,0.001913036485577332,4.440892098500626e-16,True,False,True,bt_only
28,Col,0.03393221771895328,3.066493397480315,0.10405292159703478,on,5.8,ng_low_bt_high,0.001,1.0,hard_extinction,True,20,0.0,0.0019130364855773354,0.0,0.3826072971154664,0.0,0.0019130364855773322,8.881784197001252e-16,True,False,True,bt_only
29,Col,0.03393221771895328,3.066493397480315,0.10405292159703478,on,5.8,ng_high_bt_low,1.0,0.001,hard_extinction,True,40,0.0,0.0019130364855773363,0.0,0.3826072971154672,0.0,0.001913036485577336,0.0,True,False,True,bt_only
30,Col,0.0372759372031494,3.066493397480315,0.11430641531834847,on,5.8,ng_low_bt_high,0.001,1.0,hard_extinction,True,20,0.0,0.001913036485577334,0.0,0.38260729711546637,0.0,0.001913036485577332,4.440892098500626e-16,True,False,True,bt_only
31,Col,0.0372759372031494,3.066493397480315,0.11430641531834847,on,5.8,ng_high_bt_low,1.0,0.001,hard_extinction,True,40,0.0,0.0019130364855773363,0.0,0.3826072971154672,0.0,0.001913036485577336,0.0,True,False,True,bt_only
32,Col,0.040949150623804234,3.066493397480315,0.1255703000203226,on,5.8,ng_low_bt_high,0.001,1.0,hard_extinction,True,20,0.0,0.0019130364855773326,0.0,0.3826072971154665,0.0,0.0019130364855773324,0.0,True,False,True,bt_only
33,Col,0.040949150623804234,3.066493397480315,0.1255703000203226,on,5.8,ng_high_bt_low,1.0,0.001,hard_extinction,True,40,0.0,0.0019130364855773363,0.0,0.3826072971154672,0.0,0.001913036485577336,0.0,True,False,True,bt_only
34,Col,0.04498432668969444,3.066493397480315,0.1379441407840455,on,5.8,ng_low_bt_high,0.001,1.0,hard_extinction,True,40,0.0,0.0019130364855773363,0.0,0.3826072971154672,0.0,0.001913036485577336,0.0,True,False,True,bt_only
35,Col,0.04498432668969444,3.066493397480315,0.1379441407840455,on,5.8,ng_high_bt_low,1.0,0.001,hard_extinction,True,40,0.0,0.0019130364855773363,0.0,0.3826072971154672,0.0,0.001913036485577336,0.0,True,False,True,bt_only
36,Col,0.04941713361323833,3.066493397480315,0.15153731394739786,on,5.8,ng_low_bt_high,0.001,1.0,hard_extinction,True,40,0.0,0.0019130364855773363,0.0,0.3826072971154672,0.0,0.001913036485577336,0.0,True,False,True,bt_only
37,Col,0.04941713361323833,3.066493397480315,0.15153731394739786,on,5.8,ng_high_bt_low,1.0,0.001,hard_extinction,True,40,0.0,0.0019130364855773363,0.0,0.3826072971154672,0.0,0.001913036485577336,0.0,True,False,True,bt_only
38,Col,0.054286754393238594,3.066493397480315,0.16646997391750162,on,5.8,ng_low_bt_high,0.001,1.0,hard_extinction,True,40,0.0,0.0019130364855773363,0.0,0.3826072971154672,0.0,0.001913036485577336,0.0,True,False,True,bt_only
39,Col,0.054286754393238594,3.066493397480315,0.16646997391750162,on,5.8,ng_high_bt_low,1.0,0.001,hard_extinction,True,40,0.0,0.0019130364855773363,0.0,0.3826072971154672,0.0,0.001913036485577336,0.0,True,False,True,bt_only
40,Col,0.05963623316594643,3.066493397480315,0.1828741152539713,on,5.8,ng_low_bt_high,0.001,1.0,hard_extinction,True,40,0.0,0.0019130364855773363,0.0,0.3826072971154672,0.0,0.001913036485577336,0.0,True,False,True,bt_only
41,Col,0.05963623316594643,3.066493397480315,0.1828741152539713,on,5.8,ng_high_bt_low,1.0,0.001,hard_extinction,True,40,0.0,0.0019130364855773363,0.0,0.3826072971154672,0.0,0.001913036485577336,0.0,True,False,True,bt_only
42,Col,0.0655128556859551,3.066493397480315,0.20089473941106198,on,5.8,ng_low_bt_high,0.001,1.0,hard_extinction,True,40,0.0,0.0019130364855773363,0.0,0.3826072971154672,0.0,0.001913036485577336,0.0,True,False,True,bt_only
43,Col,0.0655128556859551,3.066493397480315,0.20089473941106198,on,5.8,ng_high_bt_low,1.0,0.001,hard_extinction,True,40,0.0,0.0019130364855773363,0.0,0.3826072971154672,0.0,0.001913036485577336,0.0,True,False,True,bt_only
44,Col,0.07196856730011521,3.066493397480315,0.22069113645192098,on,5.8,ng_low_bt_high,0.001,1.0,hard_extinction,True,40,0.0,0.0019130364855773363,0.0,0.3826072971154672,0.0,0.001913036485577336,0.0,True,False,True,bt_only
45,Col,0.07196856730011521,3.066493397480315,0.22069113645192098,on,5.8,ng_high_bt_low,1.0,0.001,hard_extinction,True,40,0.0,0.0019130364855773363,0.0,0.3826072971154672,0.0,0.001913036485577336,0.0,True,False,True,bt_only
46,Col,0.07906043210907697,3.066493397480315,0.24243829306442521,on,5.8,ng_low_bt_high,0.001,1.0,hard_extinction,True,40,0.0,0.0019130364855773363,0.0,0.3826072971154672,0.0,0.001913036485577336,0.0,True,False,True,bt_only
47,Col,0.07906043210907697,3.066493397480315,0.24243829306442521,on,5.8,ng_high_bt_low,1.0,0.001,hard_extinction,True,40,0.0,0.0019130364855773363,0.0,0.3826072971154672,0.0,0.001913036485577336,0.0,True,False,True,bt_only
48,Col,0.08685113737513525,3.066493397480315,0.26632843932450806,on,5.8,ng_low_bt_high,0.001,1.0,hard_extinction,True,40,0.0,0.0019130364855773363,0.0,0.3826072971154672,0.0,0.001913036485577336,0.0,True,False,True,bt_only
49,Col,0.08685113737513525,3.066493397480315,0.26632843932450806,on,5.8,ng_high_bt_low,1.0,0.001,hard_extinction,True,40,0.0,0.0019130364855773363,0.0,0.3826072971154672,0.0,0.001913036485577336,0.0,True,False,True,bt_only
50,Col,0.09540954763499938,3.066493397480315,0.2925727478793092,on,5.8,ng_low_bt_high,0.001,1.0,hard_extinction,True,40,0.0,0.0019130364855773363,0.0,0.3826072971154672,0.0,0.001913036485577336,0.0,True,False,True,bt_only
51,Col,0.09540954763499938,3.066493397480315,0.2925727478793092,on,5.8,ng_high_bt_low,1.0,0.001,hard_extinction,True,40,0.0,0.0019130364855773363,0.0,0.3826072971154672,0.0,0.001913036485577336,0.0,True,False,True,bt_only
52,Col,0.10481131341546858,3.066493397480315,0.32140320056977434,on,5.8,ng_low_bt_high,0.001,1.0,hard_extinction,True,60,0.0,0.0019130364855773354,0.0,0.38260729711546737,0.0,0.001913036485577337,0.0,True,False,True,bt_only
53,Col,0.10481131341546858,3.066493397480315,0.32140320056977434,on,5.8,ng_high_bt_low,1.0,0.001,hard_extinction,True,60,0.0,0.0019130364855773354,0.0,0.38260729711546737,0.0,0.001913036485577337,0.0,True,False,True,bt_only
54,Col,0.1151395399326447,3.066493397480315,0.353074638992376,on,5.8,ng_low_bt_high,0.001,1.0,hard_extinction,True,80,0.0,0.0019130364855773304,0.0,0.3826072971154658,0.0,0.0019130364855773291,4.440892098500626e-16,True,False,True,bt_only
55,Col,0.1151395399326447,3.066493397480315,0.353074638992376,on,5.8,ng_high_bt_low,1.0,0.001,hard_extinction,True,80,0.0,0.0019130364855773304,0.0,0.3826072971154658,0.0,0.0019130364855773291,4.440892098500626e-16,True,False,True,bt_only
56,Col,0.12648552168552957,3.066493397480315,0.3878670171255296,on,5.8,ng_low_bt_high,0.001,1.0,hard_extinction,True,100,9.423851889650332e-07,0.0019130327778534273,0.00018492823416955902,0.3826065695955312,9.246411708477951e-07,0.001913032847977656,0.008255215988290487,False,True,True,coexistence
57,Col,0.12648552168552957,3.066493397480315,0.3878670171255296,on,5.8,ng_high_bt_low,1.0,0.001,hard_extinction,True,100,9.715101018327795e-07,0.001913032662725893,0.00019061743656132466,0.3826065471106812,9.530871828066232e-07,0.001913032735553406,0.00831468298513105,False,True,True,coexistence
58,Col,0.13894954943731375,3.066493397480315,0.4260878759323872,on,5.8,ng_low_bt_high,0.001,1.0,hard_extinction,True,100,7.163550126439643e-06,0.0019130051946923481,0.0014309769729713526,0.38260104677832524,7.154884864856763e-06,0.0019130052338916263,0.0005256545461502782,False,True,True,coexistence
59,Col,0.13894954943731375,3.066493397480315,0.4260878759323872,on,5.8,ng_high_bt_low,1.0,0.001,hard_extinction,True,100,7.178748324198648e-06,0.0019130051259316774,0.0014339087031112953,0.3826010335155825,7.169543515556477e-06,0.0019130051675779124,0.000557222788065026,False,True,True,coexistence
60,Col,0.15264179671752334,3.066493397480315,0.4680750618138177,on,5.8,ng_low_bt_high,0.001,1.0,hard_extinction,True,80,1.7356269291981693e-05,0.0019129506338208052,0.0034709565027767914,0.38259012836879114,1.735478251388396e-05,0.0019129506418439557,3.720425935060945e-05,True,True,True,coexistence
61,Col,0.15264179671752334,3.066493397480315,0.4680750618138177,on,5.8,ng_high_bt_low,1.0,0.001,hard_extinction,True,80,1.735923150674741e-05,0.0019129506178353379,0.0034714997097644693,0.382590125437446,1.7357498548822346e-05,0.0019129506271872302,4.3357425672851946e-05,True,True,True,coexistence
62,Col,0.16768329368110074,3.066493397480315,0.514199712940848,on,5.8,ng_low_bt_high,0.001,1.0,hard_extinction,True,60,2.8196024646802227e-05,0.001912877840118968,0.005639066006355849,0.3825755689277221,2.8195330031779246e-05,0.0019128778446386105,1.06990677046781e-05,True,True,True,coexistence
63,Col,0.16768329368110074,3.066493397480315,0.514199712940848,on,5.8,ng_high_bt_low,1.0,0.001,hard_extinction,True,60,2.8197637360808433e-05,0.0019128778296254045,0.005639345095221323,0.38257556711177065,2.8196725476106614e-05,0.0019128778355588533,1.4044895986664585e-05,True,True,True,coexistence
64,Col,0.18420699693267154,3.066493397480315,0.5648695398637139,on,5.8,ng_low_bt_high,0.001,1.0,hard_extinction,True,40,3.9437832879619367e-05,0.0019127831036478574,0.007887178700699809,0.382556623802051,3.9435893503499044e-05,0.0019127831190102551,2.1357183559445048e-05,True,True,True,coexistence
65,Col,0.18420699693267154,3.066493397480315,0.5648695398637139,on,5.8,ng_high_bt_low,1.0,0.001,hard_extinction,True,40,3.9443236343392273e-05,0.0019127830608435246,0.007888056041056106,0.3825566168522693,3.944028020528053e-05,0.0019127830842613465,3.2550131989772524e-05,True,True,True,coexistence
66,Col,0.20235896477251566,3.066493397480315,0.6205324293958709,on,5.8,ng_low_bt_high,0.001,1.0,hard_extinction,True,40,5.0997931499696455e-05,0.001912660802587996,0.010199546903798103,0.3825321609014192,5.099773451899051e-05,0.0019126608045070962,1.6774758240245546e-06,True,True,True,coexistence
67,Col,0.20235896477251566,3.066493397480315,0.6205324293958709,on,5.8,ng_high_bt_low,1.0,0.001,hard_extinction,True,40,5.0998616138847545e-05,0.001912660795917808,0.010199650581557643,0.3825321598913268,5.099825290778822e-05,0.0019126607994566338,3.093217332938991e-06,True,True,True,coexistence
68,Col,0.22229964825261944,3.066493397480315,0.681680403628854,on,5.8,ng_low_bt_high,0.001,1.0,hard_extinction,True,40,6.283780236967436e-05,0.0019125032095877207,0.012567557782777211,0.38250064195016487,6.283778891388605e-05,0.0019125032097508244,9.299776415616634e-08,True,True,True,coexistence
69,Col,0.22229964825261944,3.066493397480315,0.681680403628854,on,5.8,ng_high_bt_low,1.0,0.001,hard_extinction,True,40,6.283786407040996e-05,0.0019125032088398246,0.012567566438548235,0.3825006418452448,6.283783219274117e-05,0.0019125032092262239,2.2031778357245457e-07,True,True,True,coexistence
70,Col,0.2442053094548651,3.066493397480315,0.748853969072981,on,5.8,ng_low_bt_high,0.001,1.0,hard_extinction,True,40,7.487722714230134e-05,0.0019123005888720835,0.014975445307629277,0.3824601177762611,7.487722653814638e-05,0.0019123005888813055,3.504151635524977e-09,True,True,True,coexistence
71,Col,0.2442053094548651,3.066493397480315,0.748853969072981,on,5.8,ng_high_bt_low,1.0,0.001,hard_extinction,True,40,7.487723113592853e-05,0.0019123005888110928,0.014975445822906877,0.38246011776839134,7.487722911453439e-05,0.0019123005888419568,1.172426244977487e-08,True,True,True,coexistence
72,Col,0.2682695795279725,3.066493397480315,0.8226468943673478,on,5.8,ng_low_bt_high,0.001,1.0,hard_extinction,True,20,8.703570213000246e-05,0.0019120400553675912,0.0174070094092569,0.382408013629196,8.703504704628451e-05,0.00191204006814598,3.2687771147621447e-06,True,True,True,coexistence
73,Col,0.2682695795279725,3.066493397480315,0.8226468943673478,on,5.8,ng_high_bt_low,1.0,0.001,hard_extinction,True,40,8.70341094228253e-05,0.0019120400864354545,0.01740682186604623,0.38240801728745216,8.703410933023115e-05,0.0019120400864372608,4.6203929571220215e-10,True,True,True,coexistence
74,Col,0.29470517025518095,3.066493397480315,0.9037114587908245,on,5.8,ng_low_bt_high,0.001,1.0,hard_extinction,True,20,9.921992695505361e-05,0.0019117046120766632,0.01984397419144142,0.38234092269858133,9.92198709572071e-05,0.0019117046134929066,2.451076417386844e-07,True,True,True,coexistence
75,Col,0.29470517025518095,3.066493397480315,0.9037114587908245,on,5.8,ng_high_bt_low,1.0,0.001,hard_extinction,True,20,9.922172009804545e-05,0.001911704566725653,0.01984416530860155,0.3823409178650075,9.922082654300776e-05,0.0019117045893250375,3.911117094190786e-06,True,True,True,coexistence
76,Col,0.32374575428176433,3.066493397480315,0.9927642179673146,on,5.8,ng_low_bt_high,0.001,1.0,hard_extinction,True,20,0.00011134171946308877,0.0019112711604316246,0.022268345314129592,0.3822542320389499,0.00011134172657064796,0.0019112711601947496,2.772342311274656e-08,True,True,True,coexistence
77,Col,0.32374575428176433,3.066493397480315,0.9927642179673146,on,5.8,ng_high_bt_low,1.0,0.001,hard_extinction,True,20,0.00011134208563163939,0.0019112711482282493,0.022268380336912356,0.3822542308717393,0.00011134190168456178,0.0019112711543586966,7.174938891907345e-07,True,True,True,coexistence
78,Col,0.35564803062231287,3.066493397480315,1.0905923377301991,on,5.8,ng_low_bt_high,0.001,1.0,hard_extinction,True,20,0.00012330801951680054,0.0019107082456914996,0.02466160468707511,0.3821416491032796,0.00012330802343537555,0.001910708245516398,1.3801336518071139e-08,True,True,True,coexistence
79,Col,0.35564803062231287,3.066493397480315,1.0905923377301991,on,5.8,ng_high_bt_low,1.0,0.001,hard_extinction,True,20,0.00012330808296987333,0.0019107082428560728,0.02466161008600924,0.38214164886202606,0.00012330805043004619,0.0019107082443101304,1.1460618631886632e-07,True,True,True,coexistence
80,Col,0.3906939937054615,3.066493397480315,1.1980605521330132,on,5.8,ng_low_bt_high,0.001,1.0,hard_extinction,True,20,0.00013503421305588201,0.0019099720817977134,0.02700684278910723,0.3819944163486847,0.00013503421394553614,0.0019099720817434235,2.861288539435236e-09,True,True,True,coexistence
81,Col,0.3906939937054615,3.066493397480315,1.1980605521330132,on,5.8,ng_high_bt_low,1.0,0.001,hard_extinction,True,20,0.00013503422255941626,0.001909972081217844,0.027006843502402688,0.38199441630516323,0.00013503421751201344,0.001909972081525816,1.6233360433659527e-08,True,True,True,coexistence
82,Col,0.42919342601287763,3.066493397480315,1.3161188071104453,on,5.8,ng_low_bt_high,0.001,1.0,hard_extinction,True,20,0.00014645250093647263,0.0019090005720675508,0.029290500215932352,0.3818001144110797,0.00014645250107966177,0.0019090005720553984,4.246172302657669e-10,True,True,True,coexistence
83,Col,0.42919342601287763,3.066493397480315,1.3161188071104453,on,5.8,ng_high_bt_low,1.0,0.001,hard_extinction,True,20,0.00014645250221477103,0.0019090005719590625,0.02929050029995361,0.3818001144039474,0.00014645250149976805,0.001909000572019737,2.1202906097528285e-09,True,True,True,coexistence
84,Col,0.47148663634573923,3.066493397480315,1.4458106573544116,on,5.8,ng_low_bt_high,0.001,1.0,hard_extinction,True,20,0.0001575247900444721,0.0019077037533065148,0.03150495801267471,0.3815407506608467,0.00015752479006337353,0.0019077037533042334,5.21107601514359e-11,True,True,True,coexistence
85,Col,0.47148663634573923,3.066493397480315,1.4458106573544116,on,5.8,ng_high_bt_low,1.0,0.001,hard_extinction,True,20,0.00015752479021004015,0.0019077037532866255,0.03150495802216128,0.38154075065970744,0.0001575247901108064,0.0019077037532985372,2.735864867986493e-10,True,True,True,coexistence
86,Col,0.517947467923121,3.066493397480315,1.5882824906278976,on,5.8,ng_low_bt_high,0.001,1.0,hard_extinction,True,20,0.00016826145967395296,0.0019059481067402217,0.03365229193525461,0.38118962134796375,0.00016826145967627305,0.0019059481067398188,5.988098905618244e-12,True,True,True,coexistence
87,Col,0.517947467923121,3.066493397480315,1.5882824906278976,on,5.8,ng_high_bt_low,1.0,0.001,hard_extinction,True,20,0.00016826145969708252,0.0019059481067362329,0.03365229193641052,0.3811896213477651,0.0001682614596820526,0.0019059481067388254,3.879341292645222e-11,True,True,True,coexistence
88,Col,0.5689866029018296,3.066493397480315,1.744793661053214,on,5.8,ng_low_bt_high,0.001,1.0,hard_extinction,True,20,0.000178749783603631,0.0019035299293189156,0.03574995672078925,0.3807059858637669,0.00017874978360394624,0.0019035299293188345,7.66053886991358e-13,True,True,True,coexistence
89,Col,0.5689866029018296,3.066493397480315,1.744793661053214,on,5.8,ng_high_bt_low,1.0,0.001,hard_extinction,True,20,0.00017874978360778862,0.0019035299293178828,0.0357499567209723,0.3807059858637204,0.00017874978360486152,0.001903529929318602,7.111644606538903e-12,True,True,True,coexistence
90,Col,0.6250551925273969,3.066493397480315,1.9167276209460498,on,5.8,ng_low_bt_high,0.001,1.0,hard_extinction,True,20,0.00018919996383417832,0.0019001282928985952,0.037839992766848,0.38002565857971243,0.00018919996383424,0.0019001282928985622,1.4166445794216997e-13,True,True,True,coexistence
91,Col,0.6250551925273969,3.066493397480315,1.9167276209460498,on,5.8,ng_high_bt_low,1.0,0.001,hard_extinction,True,20,0.00018919996383544437,0.0019001282928981442,0.037839992766898374,0.3800256585796955,0.00018919996383449188,0.0019001282928984775,2.1862511800918583e-12,True,True,True,coexistence
92,Col,0.6866488450042998,3.066493397480315,2.1056041495931694,on,5.8,ng_low_bt_high,0.001,1.0,hard_extinction,True,20,0.0002000260153340246,0.0018952177670415508,0.0400052030668102,0.3790435534083072,0.000200026015334051,0.001895217767041536,5.728750807065808e-14,True,True,True,coexistence
93,Col,0.6866488450042998,3.066493397480315,2.1056041495931694,on,5.8,ng_high_bt_low,1.0,0.001,hard_extinction,True,20,0.000200026015334981,0.0018952177670410698,0.0400052030668461,0.37904355340829105,0.0002000260153342305,0.0018952177670414551,1.6293633109398797e-12,True,True,True,coexistence
94,Col,0.7543120063354615,3.066493397480315,2.313092787067822,on,5.8,ng_low_bt_high,0.001,1.0,hard_extinction,True,20,0.00021200140812901324,0.001887896184904403,0.042400281625809756,0.37757923698087514,0.00021200140812904878,0.0018878961849043757,7.283063041541027e-14,True,True,True,coexistence
95,Col,0.7543120063354615,3.066493397480315,2.313092787067822,on,5.8,ng_high_bt_low,1.0,0.001,hard_extinction,True,20,0.0002120014081316466,0.0018878961849026024,0.042400281625910405,0.377579236980806,0.00021200140812955204,0.0018878961849040298,4.290789945571305e-12,True,True,True,coexistence
96,Col,0.8286427728546842,3.066493397480315,2.5410275918286693,on,5.8,ng_low_bt_high,0.001,1.0,hard_extinction,True,20,0.0002265902433902428,0.001876516575979133,0.045318048678093685,0.375303315195787,0.00022659024339046843,0.001876516575978935,4.3209880118411093e-13,True,True,True,coexistence
97,Col,0.8286427728546842,3.066493397480315,2.5410275918286693,on,5.8,ng_high_bt_low,1.0,0.001,hard_extinction,True,20,0.00022659024342403368,0.001876516575950444,0.04531804867953221,0.37530331519456667,0.00022659024339766103,0.0018765165759728334,5.054712204355383e-11,True,True,True,coexistence
98,Col,0.9102981779915218,3.066493397480315,2.791423352549362,on,5.8,ng_low_bt_high,0.001,1.0,hard_extinction,True,20,0.0002467391451398615,0.001857813259961428,0.04934782902941195,0.37156265199087174,0.00024673914514705973,0.0018578132599543586,1.2669865157022286e-11,True,True,True,coexistence
99,Col,0.9102981779915218,3.066493397480315,2.791423352549362,on,5.8,ng_high_bt_low,1.0,0.001,hard_extinction,True,20,0.0002467391470783019,0.0018578132580586628,0.049347829130291836,0.371562651891848,0.00024673914565145915,0.00185781325945924,2.511437280361406e-09,True,True,True,coexistence
100,Col,0.9999999999999994,3.066493397480315,3.066493397480313,on,5.8,ng_low_bt_high,0.001,1.0,hard_extinction,True,20,0.00027906489860621,0.0018245116598543218,0.05581297989995733,0.36490233178139525,0.00027906489949978665,0.0018245116589069763,1.3906280571518437e-09,True,True,True,coexistence
101,Col,0.9999999999999994,3.066493397480315,3.066493397480313,on,5.8,ng_high_bt_low,1.0,0.001,hard_extinction,True,20,0.00027906524414015015,0.0018245112935295657,0.05581300365806693,0.3649023065937609,0.00027906501829033463,0.0018245115329688045,3.514782656033333e-07,True,True,True,coexistence
102,Col,1.0985411419875584,3.066493397480315,3.3686691587653326,on,5.8,ng_low_bt_high,0.001,1.0,hard_extinction,True,20,0.0003411155111521639,0.001757441324575548,0.06822315333262056,0.35148820914890877,0.0003411157666631028,0.0017574410457445438,3.253060776309269e-07,True,True,True,coexistence
103,Col,1.0985411419875584,3.066493397480315,3.3686691587653326,on,5.8,ng_high_bt_low,1.0,0.001,hard_extinction,True,40,0.0003411159970900498,0.001757440794286828,0.06822319941426107,0.35148815886145485,0.00034111599707130536,0.0017574407943072743,2.3864465958922665e-11,True,True,True,coexistence
104,Col,1.2067926406393277,3.066493397480315,3.7006216646483328,on,5.8,ng_low_bt_high,0.001,1.0,hard_extinction,True,40,0.0004909442605965732,0.001593312320725008,0.09818885533991302,0.31866246061312803,0.0004909442766995651,0.0015933123030656402,1.4244876389568617e-08,True,True,True,coexistence
105,Col,1.2067926406393277,3.066493397480315,3.7006216646483328,on,5.8,ng_high_bt_low,1.0,0.001,hard_extinction,True,40,0.0004909484083579935,0.0015933077720778341,0.09818940108536353,0.31866186212077263,0.0004909470054268177,0.0015933093106038632,1.241039031985025e-06,True,True,True,coexistence
106,Col,1.325711365590108,3.066493397480315,4.065285149546678,on,5.8,ng_low_bt_high,0.001,1.0,hard_extinction,True,60,0.0009430325126134937,0.00109748630619613,0.18860759410157943,0.21949606404434266,0.0009430379705078971,0.0010974803202217134,2.5135152061928068e-06,True,True,True,coexistence
107,Col,1.325711365590108,3.066493397480315,4.065285149546678,on,5.8,ng_high_bt_low,1.0,0.001,hard_extinction,True,60,0.0009437055909805658,0.0010967481039546206,0.18872163992863636,0.2193709836832951,0.0009436081996431818,0.0010968549184164754,4.482192692467635e-05,True,True,True,coexistence
108,Col,1.456348477501243,3.066493397480315,4.46588299068807,on,5.8,ng_low_bt_high,0.001,1.0,hard_extinction,True,100,0.0019049801066623225,4.246521843358066e-05,0.3811352675807416,0.008340324630874923,0.001905676337903708,4.170162315437462e-05,0.007880402804645747,False,True,True,coexistence
109,Col,1.456348477501243,3.066493397480315,4.46588299068807,on,5.8,ng_high_bt_low,1.0,0.001,hard_extinction,True,100,0.001928150936599229,1.7052488720533795e-05,0.38567750421918545,0.003358602685661874,0.0019283875210959272,1.679301342830937e-05,0.006659135283173967,False,True,True,coexistence
110,Col,1.5998587196060574,3.066493397480315,4.905956200573286,on,5.8,ng_low_bt_high,0.001,1.0,hard_extinction,True,60,0.0019436990623065394,0.0,0.38873981246130807,0.0,0.0019436990623065403,0.0,0.0,True,True,False,ng_only
111,Col,1.5998587196060574,3.066493397480315,4.905956200573286,on,5.8,ng_high_bt_low,1.0,0.001,hard_extinction,True,40,0.001943699062306542,0.0,0.3887398124613087,0.0,0.0019436990623065433,0.0,4.440892098500626e-16,True,True,False,ng_only
112,Col,1.7575106248547911,3.066493397480315,5.389394727118719,on,5.8,ng_low_bt_high,0.001,1.0,hard_extinction,True,40,0.001943699062306543,0.0,0.3887398124613086,0.0,0.001943699062306543,0.0,0.0,True,True,False,ng_only
113,Col,1.7575106248547911,3.066493397480315,5.389394727118719,on,5.8,ng_high_bt_low,1.0,0.001,hard_extinction,True,40,0.001943699062306543,0.0,0.3887398124613086,0.0,0.001943699062306543,0.0,0.0,True,True,False,ng_only
114,Col,1.9306977288832496,3.066493397480315,5.920471838150724,on,5.8,ng_low_bt_high,0.001,1.0,hard_extinction,True,40,0.0019436990623065437,0.0,0.3887398124613086,0.0,0.001943699062306543,0.0,0.0,True,True,False,ng_only
115,Col,1.9306977288832496,3.066493397480315,5.920471838150724,on,5.8,ng_high_bt_low,1.0,0.001,hard_extinction,True,20,0.0019436990623065398,0.0,0.38873981246130856,0.0,0.0019436990623065429,0.0,4.440892098500626e-16,True,True,False,ng_only
116,Col,2.1209508879201904,3.066493397480315,6.503881894187275,on,5.8,ng_low_bt_high,0.001,1.0,hard_extinction,True,40,0.0019436990623065437,0.0,0.3887398124613088,0.0,0.001943699062306544,0.0,0.0,True,True,False,ng_only
117,Col,2.1209508879201904,3.066493397480315,6.503881894187275,on,5.8,ng_high_bt_low,1.0,0.001,hard_extinction,True,20,0.001943699062306543,0.0,0.38873981246130784,0.0,0.0019436990623065392,0.0,8.881784197001252e-16,True,True,False,ng_only
118,Col,2.329951810515372,3.066493397480315,7.1447818433926935,on,5.8,ng_low_bt_high,0.001,1.0,hard_extinction,True,20,0.0019436990623065461,0.0,0.38873981246130923,0.0,0.0019436990623065461,0.0,0.0,True,True,False,ng_only
119,Col,2.329951810515372,3.066493397480315,7.1447818433926935,on,5.8,ng_high_bt_low,1.0,0.001,hard_extinction,True,20,0.0019436990623065437,0.0,0.38873981246130906,0.0,0.0019436990623065452,0.0,4.440892098500626e-16,True,True,False,ng_only
120,Col,2.5595479226995357,3.066493397480315,7.8488368054925814,on,5.8,ng_low_bt_high,0.001,1.0,hard_extinction,True,20,0.0019436990623065426,0.0,0.38873981246130784,0.0,0.0019436990623065392,0.0,4.440892098500626e-16,True,True,False,ng_only
121,Col,2.5595479226995357,3.066493397480315,7.8488368054925814,on,5.8,ng_high_bt_low,1.0,0.001,hard_extinction,True,20,0.001943699062306543,0.0,0.38873981246130784,0.0,0.0019436990623065392,0.0,8.881784197001252e-16,True,True,False,ng_only
122,Col,2.811768697974228,3.066493397480315,8.622270147579792,on,5.8,ng_low_bt_high,0.001,1.0,hard_extinction,True,20,0.0019436990623065387,0.0,0.3887398124613076,0.0,0.001943699062306538,0.0,0.0,True,True,False,ng_only
123,Col,2.811768697974228,3.066493397480315,8.622270147579792,on,5.8,ng_high_bt_low,1.0,0.001,hard_extinction,True,20,0.0019436990623065387,0.0,0.3887398124613076,0.0,0.001943699062306538,0.0,0.0,True,True,False,ng_only
124,Col,3.0888435964774787,3.066493397480315,9.471918494447538,on,5.8,ng_low_bt_high,0.001,1.0,hard_extinction,True,20,0.001943699062306543,0.0,0.3887398124613088,0.0,0.001943699062306544,0.0,0.0,True,True,False,ng_only
125,Col,3.0888435964774787,3.066493397480315,9.471918494447538,on,5.8,ng_high_bt_low,1.0,0.001,hard_extinction,True,20,0.001943699062306543,0.0,0.3887398124613088,0.0,0.001943699062306544,0.0,0.0,True,True,False,ng_only
126,Col,3.3932217718953264,3.066493397480315,10.405292159703473,on,5.8,ng_low_bt_high,0.001,1.0,hard_extinction,True,20,0.0019436990623065476,0.0,0.3887398124613101,0.0,0.0019436990623065507,0.0,4.440892098500626e-16,True,True,False,ng_only
127,Col,3.3932217718953264,3.066493397480315,10.405292159703473,on,5.8,ng_high_bt_low,1.0,0.001,hard_extinction,True,20,0.0019436990623065476,0.0,0.3887398124613101,0.0,0.0019436990623065507,0.0,4.440892098500626e-16,True,True,False,ng_only
128,Col,3.727593720314938,3.066493397480315,11.43064153183484,on,5.8,ng_low_bt_high,0.001,1.0,hard_extinction,True,20,0.0019436990623065507,0.0,0.38873981246131056,0.0,0.0019436990623065528,0.0,4.440892098500626e-16,True,True,False,ng_only
129,Col,3.727593720314938,3.066493397480315,11.43064153183484,on,5.8,ng_high_bt_low,1.0,0.001,hard_extinction,True,20,0.0019436990623065507,0.0,0.38873981246131056,0.0,0.0019436990623065528,0.0,4.440892098500626e-16,True,True,False,ng_only
130,Col,4.094915062380423,3.066493397480315,12.557030002032258,on,5.8,ng_low_bt_high,0.001,1.0,hard_extinction,True,20,0.001943699062306536,0.0,0.38873981246130723,0.0,0.0019436990623065361,0.0,0.0,True,True,False,ng_only
131,Col,4.094915062380423,3.066493397480315,12.557030002032258,on,5.8,ng_high_bt_low,1.0,0.001,hard_extinction,True,20,0.001943699062306536,0.0,0.38873981246130723,0.0,0.0019436990623065361,0.0,0.0,True,True,False,ng_only
132,Col,4.498432668969444,3.066493397480315,13.79441407840455,on,5.8,ng_low_bt_high,0.001,1.0,hard_extinction,True,20,0.0019436990623065468,0.0,0.3887398124613092,0.0,0.001943699062306546,0.0,0.0,True,True,False,ng_only
133,Col,4.498432668969444,3.066493397480315,13.79441407840455,on,5.8,ng_high_bt_low,1.0,0.001,hard_extinction,True,20,0.0019436990623065468,0.0,0.3887398124613092,0.0,0.001943699062306546,0.0,0.0,True,True,False,ng_only
134,Col,4.941713361323833,3.066493397480315,15.153731394739788,on,5.8,ng_low_bt_high,0.001,1.0,hard_extinction,True,20,0.001943699062306539,0.0,0.38873981246130784,0.0,0.0019436990623065392,0.0,4.440892098500626e-16,True,True,False,ng_only
135,Col,4.941713361323833,3.066493397480315,15.153731394739788,on,5.8,ng_high_bt_low,1.0,0.001,hard_extinction,True,20,0.001943699062306539,0.0,0.38873981246130784,0.0,0.0019436990623065392,0.0,4.440892098500626e-16,True,True,False,ng_only
136,Col,5.428675439323859,3.066493397480315,16.646997391750162,on,5.8,ng_low_bt_high,0.001,1.0,hard_extinction,True,20,0.0019436990623065348,0.0,0.38873981246130684,0.0,0.0019436990623065342,0.0,0.0,True,True,False,ng_only
137,Col,5.428675439323859,3.066493397480315,16.646997391750162,on,5.8,ng_high_bt_low,1.0,0.001,hard_extinction,True,20,0.0019436990623065348,0.0,0.38873981246130684,0.0,0.0019436990623065342,0.0,0.0,True,True,False,ng_only
138,Col,5.963623316594643,3.066493397480315,18.28741152539713,on,5.8,ng_low_bt_high,0.001,1.0,hard_extinction,True,20,0.0019436990623065429,0.0,0.38873981246130945,0.0,0.0019436990623065472,0.0,1.3322676295501878e-15,True,True,False,ng_only
139,Col,5.963623316594643,3.066493397480315,18.28741152539713,on,5.8,ng_high_bt_low,1.0,0.001,hard_extinction,True,20,0.0019436990623065429,0.0,0.38873981246130945,0.0,0.0019436990623065472,0.0,1.3322676295501878e-15,True,True,False,ng_only
140,Col,6.551285568595502,3.066493397480315,20.089473941106178,on,5.8,ng_low_bt_high,0.001,1.0,hard_extinction,True,20,0.0019436990623065422,0.0,0.3887398124613088,0.0,0.001943699062306544,0.0,4.440892098500626e-16,True,True,False,ng_only
141,Col,6.551285568595502,3.066493397480315,20.089473941106178,on,5.8,ng_high_bt_low,1.0,0.001,hard_extinction,True,20,0.0019436990623065422,0.0,0.3887398124613088,0.0,0.001943699062306544,0.0,4.440892098500626e-16,True,True,False,ng_only
142,Col,7.196856730011514,3.066493397480315,22.069113645192076,on,5.8,ng_low_bt_high,0.001,1.0,hard_extinction,True,20,0.0019436990623065446,0.0,0.38873981246130873,0.0,0.0019436990623065437,0.0,0.0,True,True,False,ng_only
143,Col,7.196856730011514,3.066493397480315,22.069113645192076,on,5.8,ng_high_bt_low,1.0,0.001,hard_extinction,True,20,0.0019436990623065446,0.0,0.38873981246130873,0.0,0.0019436990623065437,0.0,0.0,True,True,False,ng_only
144,Col,7.9060432109076935,3.066493397480315,24.24382930644251,on,5.8,ng_low_bt_high,0.001,1.0,hard_extinction,True,20,0.0019436990623065377,0.0,0.38873981246130707,0.0,0.0019436990623065353,0.0,4.440892098500626e-16,True,True,False,ng_only
145,Col,7.9060432109076935,3.066493397480315,24.24382930644251,on,5.8,ng_high_bt_low,1.0,0.001,hard_extinction,True,20,0.0019436990623065377,0.0,0.38873981246130707,0.0,0.0019436990623065353,0.0,4.440892098500626e-16,True,True,False,ng_only
146,Col,8.68511373751352,3.066493397480315,26.63284393245079,on,5.8,ng_low_bt_high,0.001,1.0,hard_extinction,True,20,0.0019436990623065413,0.0,0.38873981246130823,0.0,0.0019436990623065411,0.0,0.0,True,True,False,ng_only
147,Col,8.68511373751352,3.066493397480315,26.63284393245079,on,5.8,ng_high_bt_low,1.0,0.001,hard_extinction,True,20,0.0019436990623065413,0.0,0.38873981246130823,0.0,0.0019436990623065411,0.0,0.0,True,True,False,ng_only
148,Col,9.540954763499935,3.066493397480315,29.257274787930907,on,5.8,ng_low_bt_high,0.001,1.0,hard_extinction,True,20,0.0019436990623065398,0.0,0.3887398124613084,0.0,0.001943699062306542,0.0,4.440892098500626e-16,True,True,False,ng_only
149,Col,9.540954763499935,3.066493397480315,29.257274787930907,on,5.8,ng_high_bt_low,1.0,0.001,hard_extinction,True,20,0.0019436990623065398,0.0,0.3887398124613084,0.0,0.001943699062306542,0.0,4.440892098500626e-16,True,True,False,ng_only
150,Col,10.481131341546853,3.066493397480315,32.140320056977416,on,5.8,ng_low_bt_high,0.001,1.0,hard_extinction,True,20,0.0019436990623065407,0.0,0.38873981246130773,0.0,0.0019436990623065387,0.0,4.440892098500626e-16,True,True,False,ng_only
151,Col,10.481131341546853,3.066493397480315,32.140320056977416,on,5.8,ng_high_bt_low,1.0,0.001,hard_extinction,True,20,0.0019436990623065407,0.0,0.38873981246130773,0.0,0.0019436990623065387,0.0,4.440892098500626e-16,True,True,False,ng_only
152,Col,11.513953993264469,3.066493397480315,35.3074638992376,on,5.8,ng_low_bt_high,0.001,1.0,hard_extinction,True,20,0.0019436990623065392,0.0,0.38873981246130823,0.0,0.0019436990623065411,0.0,4.440892098500626e-16,True,True,False,ng_only
153,Col,11.513953993264469,3.066493397480315,35.3074638992376,on,5.8,ng_high_bt_low,1.0,0.001,hard_extinction,True,20,0.0019436990623065392,0.0,0.38873981246130823,0.0,0.0019436990623065411,0.0,4.440892098500626e-16,True,True,False,ng_only
154,Col,12.648552168552959,3.066493397480315,38.78670171255297,on,5.8,ng_low_bt_high,0.001,1.0,hard_extinction,True,20,0.0019436990623065407,0.0,0.38873981246130834,0.0,0.0019436990623065418,0.0,4.440892098500626e-16,True,True,False,ng_only
155,Col,12.648552168552959,3.066493397480315,38.78670171255297,on,5.8,ng_high_bt_low,1.0,0.001,hard_extinction,True,20,0.0019436990623065407,0.0,0.38873981246130834,0.0,0.0019436990623065418,0.0,4.440892098500626e-16,True,True,False,ng_only
156,Col,13.894954943731374,3.066493397480315,42.608787593238716,on,5.8,ng_low_bt_high,0.001,1.0,hard_extinction,True,20,0.00194369906230654,0.0,0.3887398124613078,0.0,0.001943699062306539,0.0,4.440892098500626e-16,True,True,False,ng_only
157,Col,13.894954943731374,3.066493397480315,42.608787593238716,on,5.8,ng_high_bt_low,1.0,0.001,hard_extinction,True,20,0.00194369906230654,0.0,0.3887398124613078,0.0,0.001943699062306539,0.0,4.440892098500626e-16,True,True,False,ng_only
158,Col,15.264179671752318,3.066493397480315,46.807506181381726,on,5.8,ng_low_bt_high,0.001,1.0,hard_extinction,True,20,0.0019436990623065422,0.0,0.3887398124613094,0.0,0.001943699062306547,0.0,8.881784197001252e-16,True,True,False,ng_only
159,Col,15.264179671752318,3.066493397480315,46.807506181381726,on,5.8,ng_high_bt_low,1.0,0.001,hard_extinction,True,20,0.0019436990623065422,0.0,0.3887398124613094,0.0,0.001943699062306547,0.0,8.881784197001252e-16,True,True,False,ng_only
160,Col,16.768329368110066,3.066493397480315,51.419971294084775,on,5.8,ng_low_bt_high,0.001,1.0,hard_extinction,True,20,0.0019436990623065413,0.0,0.3887398124613074,0.0,0.001943699062306537,0.0,1.3322676295501878e-15,True,True,False,ng_only
161,Col,16.768329368110066,3.066493397480315,51.419971294084775,on,5.8,ng_high_bt_low,1.0,0.001,hard_extinction,True,20,0.0019436990623065413,0.0,0.3887398124613074,0.0,0.001943699062306537,0.0,1.3322676295501878e-15,True,True,False,ng_only
162,Col,18.420699693267146,3.066493397480315,56.48695398637136,on,5.8,ng_low_bt_high,0.001,1.0,hard_extinction,True,20,0.0019436990623065387,0.0,0.38873981246130795,0.0,0.0019436990623065398,0.0,4.440892098500626e-16,True,True,False,ng_only
163,Col,18.420699693267146,3.066493397480315,56.48695398637136,on,5.8,ng_high_bt_low,1.0,0.001,hard_extinction,True,20,0.0019436990623065387,0.0,0.38873981246130795,0.0,0.0019436990623065398,0.0,4.440892098500626e-16,True,True,False,ng_only
164,Col,20.235896477251554,3.066493397480315,62.05324293958705,on,5.8,ng_low_bt_high,0.001,1.0,hard_extinction,True,20,0.001943699062306536,0.0,0.38873981246130707,0.0,0.0019436990623065353,0.0,0.0,True,True,False,ng_only
165,Col,20.235896477251554,3.066493397480315,62.05324293958705,on,5.8,ng_high_bt_low,1.0,0.001,hard_extinction,True,20,0.001943699062306536,0.0,0.38873981246130707,0.0,0.0019436990623065353,0.0,0.0,True,True,False,ng_only
166,Col,22.229964825261934,3.066493397480315,68.16804036288536,on,5.8,ng_low_bt_high,0.001,1.0,hard_extinction,True,20,0.0019436990623065429,0.0,0.3887398124613081,0.0,0.0019436990623065407,0.0,4.440892098500626e-16,True,True,False,ng_only
167,Col,22.229964825261934,3.066493397480315,68.16804036288536,on,5.8,ng_high_bt_low,1.0,0.001,hard_extinction,True,20,0.0019436990623065429,0.0,0.3887398124613081,0.0,0.0019436990623065407,0.0,4.440892098500626e-16,True,True,False,ng_only
168,Col,24.420530945486497,3.066493397480315,74.88539690729806,on,5.8,ng_low_bt_high,0.001,1.0,hard_extinction,True,20,0.0019436990623065407,0.0,0.3887398124613083,0.0,0.0019436990623065413,0.0,4.440892098500626e-16,True,True,False,ng_only
169,Col,24.420530945486497,3.066493397480315,74.88539690729806,on,5.8,ng_high_bt_low,1.0,0.001,hard_extinction,True,20,0.0019436990623065407,0.0,0.3887398124613083,0.0,0.0019436990623065413,0.0,4.440892098500626e-16,True,True,False,ng_only
170,Col,26.826957952797247,3.066493397480315,82.26468943673478,on,5.8,ng_low_bt_high,0.001,1.0,hard_extinction,True,20,0.0019436990623065377,0.0,0.38873981246130784,0.0,0.0019436990623065392,0.0,4.440892098500626e-16,True,True,False,ng_only
171,Col,26.826957952797247,3.066493397480315,82.26468943673478,on,5.8,ng_high_bt_low,1.0,0.001,hard_extinction,True,20,0.0019436990623065377,0.0,0.38873981246130784,0.0,0.0019436990623065392,0.0,4.440892098500626e-16,True,True,False,ng_only
172,Col,29.4705170255181,3.066493397480315,90.37114587908246,on,5.8,ng_low_bt_high,0.001,1.0,hard_extinction,True,20,0.001943699062306544,0.0,0.38873981246130856,0.0,0.0019436990623065429,0.0,4.440892098500626e-16,True,True,False,ng_only
173,Col,29.4705170255181,3.066493397480315,90.37114587908246,on,5.8,ng_high_bt_low,1.0,0.001,hard_extinction,True,20,0.001943699062306544,0.0,0.38873981246130856,0.0,0.0019436990623065429,0.0,4.440892098500626e-16,True,True,False,ng_only
174,Col,32.374575428176435,3.066493397480315,99.27642179673147,on,5.8,ng_low_bt_high,0.001,1.0,hard_extinction,True,20,0.001943699062306542,0.0,0.3887398124613088,0.0,0.001943699062306544,0.0,4.440892098500626e-16,True,True,False,ng_only
175,Col,32.374575428176435,3.066493397480315,99.27642179673147,on,5.8,ng_high_bt_low,1.0,0.001,hard_extinction,True,20,0.001943699062306542,0.0,0.3887398124613088,0.0,0.001943699062306544,0.0,4.440892098500626e-16,True,True,False,ng_only
176,Col,35.56480306223125,3.066493397480315,109.05923377301981,on,5.8,ng_low_bt_high,0.001,1.0,hard_extinction,True,20,0.0019436990623065403,0.0,0.3887398124613083,0.0,0.0019436990623065413,0.0,4.440892098500626e-16,True,True,False,ng_only
177,Col,35.56480306223125,3.066493397480315,109.05923377301981,on,5.8,ng_high_bt_low,1.0,0.001,hard_extinction,True,20,0.0019436990623065403,0.0,0.3887398124613083,0.0,0.0019436990623065413,0.0,4.440892098500626e-16,True,True,False,ng_only
178,Col,39.06939937054613,3.066493397480315,119.80605521330128,on,5.8,ng_low_bt_high,0.001,1.0,hard_extinction,True,20,0.0019436990623065422,0.0,0.3887398124613084,0.0,0.001943699062306542,0.0,0.0,True,True,False,ng_only
179,Col,39.06939937054613,3.066493397480315,119.80605521330128,on,5.8,ng_high_bt_low,1.0,0.001,hard_extinction,True,20,0.0019436990623065422,0.0,0.3887398124613084,0.0,0.001943699062306542,0.0,0.0,True,True,False,ng_only
180,Col,42.91934260128774,3.066493397480315,131.61188071104445,on,5.8,ng_low_bt_high,0.001,1.0,hard_extinction,True,20,0.0019436990623065461,0.0,0.3887398124613085,0.0,0.0019436990623065426,0.0,8.881784197001252e-16,True,True,False,ng_only
181,Col,42.91934260128774,3.066493397480315,131.61188071104445,on,5.8,ng_high_bt_low,1.0,0.001,hard_extinction,True,20,0.0019436990623065461,0.0,0.3887398124613085,0.0,0.0019436990623065426,0.0,8.881784197001252e-16,True,True,False,ng_only
182,Col,47.1486636345739,3.066493397480315,144.5810657354411,on,5.8,ng_low_bt_high,0.001,1.0,hard_extinction,True,20,0.0019436990623065394,0.0,0.3887398124613084,0.0,0.001943699062306542,0.0,4.440892098500626e-16,True,True,False,ng_only
183,Col,47.1486636345739,3.066493397480315,144.5810657354411,on,5.8,ng_high_bt_low,1.0,0.001,hard_extinction,True,20,0.0019436990623065394,0.0,0.3887398124613084,0.0,0.001943699062306542,0.0,4.440892098500626e-16,True,True,False,ng_only
184,Col,51.794746792312075,3.066493397480315,158.8282490627897,on,5.8,ng_low_bt_high,0.001,1.0,hard_extinction,True,20,0.0019436990623065413,0.0,0.38873981246130845,0.0,0.0019436990623065422,0.0,0.0,True,True,False,ng_only
185,Col,51.794746792312075,3.066493397480315,158.8282490627897,on,5.8,ng_high_bt_low,1.0,0.001,hard_extinction,True,20,0.0019436990623065413,0.0,0.38873981246130845,0.0,0.0019436990623065422,0.0,0.0,True,True,False,ng_only
186,Col,56.89866029018293,3.066493397480315,174.47936610532133,on,5.8,ng_low_bt_high,0.001,1.0,hard_extinction,True,20,0.0019436990623065446,0.0,0.38873981246130884,0.0,0.0019436990623065442,0.0,0.0,True,True,False,ng_only
187,Col,56.89866029018293,3.066493397480315,174.47936610532133,on,5.8,ng_high_bt_low,1.0,0.001,hard_extinction,True,20,0.0019436990623065446,0.0,0.38873981246130884,0.0,0.0019436990623065442,0.0,0.0,True,True,False,ng_only
188,Col,62.505519252739695,3.066493397480315,191.67276209460496,on,5.8,ng_low_bt_high,0.001,1.0,hard_extinction,True,20,0.001943699062306541,0.0,0.38873981246130845,0.0,0.0019436990623065422,0.0,4.440892098500626e-16,True,True,False,ng_only
189,Col,62.505519252739695,3.066493397480315,191.67276209460496,on,5.8,ng_high_bt_low,1.0,0.001,hard_extinction,True,20,0.001943699062306541,0.0,0.38873981246130845,0.0,0.0019436990623065422,0.0,4.440892098500626e-16,True,True,False,ng_only
190,Col,68.66488450042998,3.066493397480315,210.56041495931692,on,5.8,ng_low_bt_high,0.001,1.0,hard_extinction,True,20,0.0019436990623065426,0.0,0.38873981246130784,0.0,0.0019436990623065392,0.0,4.440892098500626e-16,True,True,False,ng_only
191,Col,68.66488450042998,3.066493397480315,210.56041495931692,on,5.8,ng_high_bt_low,1.0,0.001,hard_extinction,True,20,0.0019436990623065426,0.0,0.38873981246130784,0.0,0.0019436990623065392,0.0,4.440892098500626e-16,True,True,False,ng_only
192,Col,75.43120063354615,3.066493397480315,231.3092787067822,on,5.8,ng_low_bt_high,0.001,1.0,hard_extinction,True,20,0.0019436990623065407,0.0,0.38873981246130757,0.0,0.0019436990623065379,0.0,4.440892098500626e-16,True,True,False,ng_only
193,Col,75.43120063354615,3.066493397480315,231.3092787067822,on,5.8,ng_high_bt_low,1.0,0.001,hard_extinction,True,20,0.0019436990623065407,0.0,0.38873981246130757,0.0,0.0019436990623065379,0.0,4.440892098500626e-16,True,True,False,ng_only
194,Col,82.86427728546842,3.066493397480315,254.10275918286692,on,5.8,ng_low_bt_high,0.001,1.0,hard_extinction,True,20,0.0019436990623065418,0.0,0.38873981246130873,0.0,0.0019436990623065437,0.0,4.440892098500626e-16,True,True,False,ng_only
195,Col,82.86427728546842,3.066493397480315,254.10275918286692,on,5.8,ng_high_bt_low,1.0,0.001,hard_extinction,True,20,0.0019436990623065418,0.0,0.38873981246130873,0.0,0.0019436990623065437,0.0,4.440892098500626e-16,True,True,False,ng_only
196,Col,91.02981779915208,3.066493397480315,279.1423352549359,on,5.8,ng_low_bt_high,0.001,1.0,hard_extinction,True,20,0.0019436990623065353,0.0,0.38873981246130723,0.0,0.0019436990623065361,0.0,0.0,True,True,False,ng_only
197,Col,91.02981779915208,3.066493397480315,279.1423352549359,on,5.8,ng_high_bt_low,1.0,0.001,hard_extinction,True,20,0.0019436990623065353,0.0,0.38873981246130723,0.0,0.0019436990623065361,0.0,0.0,True,True,False,ng_only
198,Col,100.0,3.066493397480315,306.6493397480315,on,5.8,ng_low_bt_high,0.001,1.0,hard_extinction,True,20,0.0019436990623065457,0.0,0.3887398124613088,0.0,0.001943699062306544,0.0,4.440892098500626e-16,True,True,False,ng_only
199,Col,100.0,3.066493397480315,306.6493397480315,on,5.8,ng_high_bt_low,1.0,0.001,hard_extinction,True,20,0.0019436990623065457,0.0,0.3887398124613088,0.0,0.001943699062306544,0.0,4.440892098500626e-16,True,True,False,ng_only
200,Cs,0.0,8.214064342971941,0.0,on,2.7,ng_low_bt_high,0.001,1.0,hard_extinction,True,20,0.00014108980923258454,0.001913036485577332,0.028217961846517165,0.38260729711546615,0.00014108980923258584,0.0019130364855773309,3.9968028886505635e-15,True,True,True,coexistence
201,Cs,0.0,8.214064342971941,0.0,on,2.7,ng_high_bt_low,1.0,0.001,hard_extinction,True,20,0.00014108980923258454,0.001913036485577332,0.028217961846517165,0.38260729711546615,0.00014108980923258584,0.0019130364855773309,3.9968028886505635e-15,True,True,True,coexistence
202,Cs,0.01,8.214064342971941,0.08214064342971941,on,2.7,ng_low_bt_high,0.001,1.0,hard_extinction,True,20,0.00014172530116806593,0.0019128187368402149,0.02834506023361344,0.3825637473680437,0.0001417253011680672,0.0019128187368402186,3.9968028886505635e-15,True,True,True,coexistence
203,Cs,0.01,8.214064342971941,0.08214064342971941,on,2.7,ng_high_bt_low,1.0,0.001,hard_extinction,True,20,0.00014172530116806593,0.0019128187368402149,0.02834506023361344,0.3825637473680437,0.0001417253011680672,0.0019128187368402186,3.9968028886505635e-15,True,True,True,coexistence
204,Cs,0.010985411419875584,8.214064342971941,0.0902348762368768,on,2.7,ng_low_bt_high,0.001,1.0,hard_extinction,True,20,0.0001417862998795009,0.0019127943781910124,0.02835725997590033,0.38255887563820284,0.00014178629987950163,0.0019127943781910143,2.220446049250313e-15,True,True,True,coexistence
205,Cs,0.010985411419875584,8.214064342971941,0.0902348762368768,on,2.7,ng_high_bt_low,1.0,0.001,hard_extinction,True,20,0.0001417862998795009,0.0019127943781910124,0.02835725997590033,0.38255887563820284,0.00014178629987950163,0.0019127943781910143,2.220446049250313e-15,True,True,True,coexistence
206,Cs,0.012067926406393288,8.214064342971941,0.09912672398836463,on,2.7,ng_low_bt_high,0.001,1.0,hard_extinction,True,20,0.00014185309214535314,0.0019127669653704335,0.028370618429070963,0.38255339307408603,0.00014185309214535482,0.00191276696537043,5.329070518200751e-15,True,True,True,coexistence
207,Cs,0.012067926406393288,8.214064342971941,0.09912672398836463,on,2.7,ng_high_bt_low,1.0,0.001,hard_extinction,True,20,0.00014185309214535314,0.0019127669653704335,0.028370618429070963,0.38255339307408603,0.00014185309214535482,0.00191276696537043,5.329070518200751e-15,True,True,True,coexistence
208,Cs,0.013257113655901088,8.214064342971941,0.10889478457166352,on,2.7,ng_low_bt_high,0.001,1.0,hard_extinction,True,20,0.00014192624230969033,0.0019127360433539497,0.028385248461938264,0.3825472086707895,0.0001419262423096913,0.0019127360433539476,3.1086244689504383e-15,True,True,True,coexistence
209,Cs,0.013257113655901088,8.214064342971941,0.10889478457166352,on,2.7,ng_high_bt_low,1.0,0.001,hard_extinction,True,20,0.00014192624230969033,0.0019127360433539497,0.028385248461938264,0.3825472086707895,0.0001419262423096913,0.0019127360433539476,3.1086244689504383e-15,True,True,True,coexistence
210,Cs,0.014563484775012436,8.214064342971941,0.1196254009998444,on,2.7,ng_low_bt_high,0.001,1.0,hard_extinction,True,20,0.00014200638146579048,0.0019127010736390998,0.028401276293158268,0.38254021472781985,0.00014200638146579135,0.0019127010736390993,2.6645352591003757e-15,True,True,True,coexistence
211,Cs,0.014563484775012436,8.214064342971941,0.1196254009998444,on,2.7,ng_high_bt_low,1.0,0.001,hard_extinction,True,20,0.00014200638146579048,0.0019127010736390998,0.028401276293158268,0.38254021472781985,0.00014200638146579135,0.0019127010736390993,2.6645352591003757e-15,True,True,True,coexistence
212,Cs,0.015998587196060583,8.214064342971941,0.13141342462508868,on,2.7,ng_low_bt_high,0.001,1.0,hard_extinction,True,20,0.00014209422044714808,0.0019126614155036054,0.02841884408942982,0.3825322831007206,0.00014209422044714909,0.001912661415503603,3.1086244689504383e-15,True,True,True,coexistence
213,Cs,0.015998587196060583,8.214064342971941,0.13141342462508868,on,2.7,ng_high_bt_low,1.0,0.001,hard_extinction,True,20,0.00014209422044714808,0.0019126614155036054,0.02841884408942982,0.3825322831007206,0.00014209422044714909,0.001912661415503603,3.1086244689504383e-15,True,True,True,coexistence
214,Cs,0.017575106248547922,8.214064342971941,0.14436305356014084,on,2.7,ng_low_bt_high,0.001,1.0,hard_extinction,True,20,0.00014219056680879176,0.0019126163022586205,0.02843811336175842,0.3825232604517237,0.0001421905668087921,0.0019126163022586185,8.881784197001252e-16,True,True,True,coexistence
215,Cs,0.017575106248547922,8.214064342971941,0.14436305356014084,on,2.7,ng_high_bt_low,1.0,0.001,hard_extinction,True,20,0.00014219056680879176,0.0019126163022586205,0.02843811336175842,0.3825232604517237,0.0001421905668087921,0.0019126163022586185,8.881784197001252e-16,True,True,True,coexistence
216,Cs,0.019306977288832496,8.214064342971941,0.15858875371876807,on,2.7,ng_low_bt_high,0.001,1.0,hard_extinction,True,20,0.00014229634724033496,0.0019125648109457097,0.02845926944806712,0.3825129621891422,0.00014229634724033561,0.001912564810945711,2.220446049250313e-15,True,True,True,coexistence
217,Cs,0.019306977288832496,8.214064342971941,0.15858875371876807,on,2.7,ng_high_bt_low,1.0,0.001,hard_extinction,True,20,0.00014229634724033496,0.0019125648109457097,0.02845926944806712,0.3825129621891422,0.00014229634724033561,0.001912564810945711,2.220446049250313e-15,True,True,True,coexistence
218,Cs,0.021209508879201904,8.214064342971941,0.17421627061659914,on,2.7,ng_low_bt_high,0.001,1.0,hard_extinction,True,20,0.00014241263739700285,0.0019125058233775663,0.028482527479400745,0.38250116467551404,0.00014241263739700374,0.0019125058233775702,2.6645352591003757e-15,True,True,True,coexistence
219,Cs,0.021209508879201904,8.214064342971941,0.17421627061659914,on,2.7,ng_high_bt_low,1.0,0.001,hard_extinction,True,20,0.00014241263739700285,0.0019125058233775663,0.028482527479400745,0.38250116467551404,0.00014241263739700374,0.0019125058233775702,2.6645352591003757e-15,True,True,True,coexistence
220,Cs,0.023299518105153717,8.214064342971941,0.19138374087597232,on,2.7,ng_low_bt_high,0.001,1.0,hard_extinction,True,20,0.00014254070189622116,0.0019124379756525938,0.02850814037924437,0.3824875951305194,0.00014254070189622184,0.001912437975652597,2.220446049250313e-15,True,True,True,coexistence
221,Cs,0.023299518105153717,8.214064342971941,0.19138374087597232,on,2.7,ng_high_bt_low,1.0,0.001,hard_extinction,True,20,0.00014254070189622116,0.0019124379756525938,0.02850814037924437,0.3824875951305194,0.00014254070189622184,0.001912437975652597,2.220446049250313e-15,True,True,True,coexistence
222,Cs,0.025595479226995357,8.214064342971941,0.2102429132597416,on,2.7,ng_low_bt_high,0.001,1.0,hard_extinction,True,20,0.00014268204829916113,0.0019123595921853368,0.028536409659832424,0.3824719184370668,0.00014268204829916213,0.001912359592185334,3.1086244689504383e-15,True,True,True,coexistence
223,Cs,0.025595479226995357,8.214064342971941,0.2102429132597416,on,2.7,ng_high_bt_low,1.0,0.001,hard_extinction,True,20,0.00014268204829916113,0.0019123595921853368,0.028536409659832424,0.3824719184370668,0.00014268204829916213,0.001912359592185334,3.1086244689504383e-15,True,True,True,coexistence
224,Cs,0.028117686979742307,8.214064342971941,0.2309604900271477,on,2.7,ng_low_bt_high,0.001,1.0,hard_extinction,True,20,0.0001428385004188542,0.0019122685987383217,0.028567700083770933,0.3824537197476628,0.00014283850041885466,0.0019122685987383139,1.7763568394002505e-15,True,True,True,coexistence
225,Cs,0.028117686979742307,8.214064342971941,0.2309604900271477,on,2.7,ng_high_bt_low,1.0,0.001,hard_extinction,True,20,0.0001428385004188542,0.0019122685987383217,0.028567700083770933,0.3824537197476628,0.00014283850041885466,0.0019122685987383139,1.7763568394002505e-15,True,True,True,coexistence
226,Cs,0.030888435964774818,8.214064342971941,0.25371960046842895,on,2.7,ng_low_bt_high,0.001,1.0,hard_extinction,True,20,0.00014301229848044037,0.001912162406690475,0.028602459696088156,0.3824324813380955,0.00014301229848044078,0.0019121624066904775,8.881784197001252e-16,True,True,True,coexistence
227,Cs,0.030888435964774818,8.214064342971941,0.25371960046842895,on,2.7,ng_high_bt_low,1.0,0.001,hard_extinction,True,20,0.00014301229848044037,0.001912162406690475,0.028602459696088156,0.3824324813380955,0.00014301229848044078,0.0019121624066904775,8.881784197001252e-16,True,True,True,coexistence
228,Cs,0.03393221771895328,8.214064342971941,0.27872141964321484,on,2.7,ng_low_bt_high,0.001,1.0,hard_extinction,True,20,0.00014320623682960215,0.0019120377574839318,0.028641247365920476,0.3824075514967852,0.00014320623682960237,0.001912037757483926,1.3322676295501878e-15,True,True,True,coexistence
229,Cs,0.03393221771895328,8.214064342971941,0.27872141964321484,on,2.7,ng_high_bt_low,1.0,0.001,hard_extinction,True,20,0.00014320623682960215,0.0019120377574839318,0.028641247365920476,0.3824075514967852,0.00014320623682960237,0.001912037757483926,1.3322676295501878e-15,True,True,True,coexistence
230,Cs,0.0372759372031494,8.214064342971941,0.30618694663125073,on,2.7,ng_low_bt_high,0.001,1.0,hard_extinction,True,20,0.00014342385454848037,0.0019118905113081096,0.028684770909696237,0.38237810226162183,0.00014342385454848118,0.0019118905113081092,2.6645352591003757e-15,True,True,True,coexistence
231,Cs,0.0372759372031494,8.214064342971941,0.30618694663125073,on,2.7,ng_high_bt_low,1.0,0.001,hard_extinction,True,20,0.00014342385454848037,0.0019118905113081096,0.028684770909696237,0.38237810226162183,0.00014342385454848118,0.0019118905113081092,2.6645352591003757e-15,True,True,True,coexistence
232,Cs,0.040949150623804234,8.214064342971941,0.3363589580139776,on,2.7,ng_low_bt_high,0.001,1.0,hard_extinction,True,20,0.0001436697012990462,0.0019117153567419312,0.028733940259809236,0.38234307134838463,0.00014366970129904618,0.0019117153567419231,1.7763568394002505e-15,True,True,True,coexistence
233,Cs,0.040949150623804234,8.214064342971941,0.3363589580139776,on,2.7,ng_high_bt_low,1.0,0.001,hard_extinction,True,20,0.0001436697012990462,0.0019117153567419312,0.028733940259809236,0.38234307134838463,0.00014366970129904618,0.0019117153567419231,1.7763568394002505e-15,True,True,True,coexistence
234,Cs,0.04498432668969444,8.214064342971941,0.3695041538544201,on,2.7,ng_low_bt_high,0.001,1.0,hard_extinction,True,20,0.00014394971127226799,0.0019115054068768642,0.02878994225445367,0.38230108137537216,0.00014394971127226834,0.0019115054068768607,1.3322676295501878e-15,True,True,True,coexistence
235,Cs,0.04498432668969444,8.214064342971941,0.3695041538544201,on,2.7,ng_high_bt_low,1.0,0.001,hard_extinction,True,20,0.00014394971127226799,0.0019115054068768642,0.02878994225445367,0.38230108137537216,0.00014394971127226834,0.0019115054068768607,1.3322676295501878e-15,True,True,True,coexistence
236,Cs,0.04941713361323833,8.214064342971941,0.4059155151443811,on,2.7,ng_low_bt_high,0.001,1.0,hard_extinction,True,20,0.00014427173442245204,0.0019112516300797877,0.028854346884490532,0.3822503260159591,0.00014427173442245266,0.0019112516300797955,1.7763568394002505e-15,True,True,True,coexistence
237,Cs,0.04941713361323833,8.214064342971941,0.4059155151443811,on,2.7,ng_high_bt_low,1.0,0.001,hard_extinction,True,20,0.00014427173442245204,0.0019112516300797877,0.028854346884490532,0.3822503260159591,0.00014427173442245266,0.0019112516300797955,1.7763568394002505e-15,True,True,True,coexistence
238,Cs,0.054286754393238594,8.214064342971941,0.4459148935571765,on,2.7,ng_low_bt_high,0.001,1.0,hard_extinction,True,20,0.0001446462998208534,0.0019109420361416688,0.028929259964170704,0.38218840722833347,0.0001446462998208535,0.0019109420361416675,4.440892098500626e-16,True,True,True,coexistence
239,Cs,0.054286754393238594,8.214064342971941,0.4459148935571765,on,2.7,ng_high_bt_low,1.0,0.001,hard_extinction,True,20,0.0001446462998208534,0.0019109420361416688,0.028929259964170704,0.38218840722833347,0.0001446462998208535,0.0019109420361416675,4.440892098500626e-16,True,True,True,coexistence
240,Cs,0.05963623316594643,8.214064342971941,0.48985585639756124,on,2.7,ng_low_bt_high,0.001,1.0,hard_extinction,True,20,0.0001450877271937611,0.001910560494423401,0.029017545438752193,0.38211209888468245,0.00014508772719376095,0.0019105604944234123,2.6645352591003757e-15,True,True,True,coexistence
241,Cs,0.05963623316594643,8.214064342971941,0.48985585639756124,on,2.7,ng_high_bt_low,1.0,0.001,hard_extinction,True,20,0.0001450877271937611,0.001910560494423401,0.029017545438752193,0.38211209888468245,0.00014508772719376095,0.0019105604944234123,2.6645352591003757e-15,True,True,True,coexistence
242,Cs,0.0655128556859551,8.214064342971941,0.5381268118962703,on,2.7,ng_low_bt_high,0.001,1.0,hard_extinction,True,20,0.00014561577051574288,0.001910084987976429,0.02912315410314853,0.38201699759528573,0.00014561577051574266,0.0019100849879764286,8.881784197001252e-16,True,True,True,coexistence
243,Cs,0.0655128556859551,8.214064342971941,0.5381268118962703,on,2.7,ng_high_bt_low,1.0,0.001,hard_extinction,True,20,0.00014561577051574288,0.001910084987976429,0.02912315410314853,0.38201699759528573,0.00014561577051574266,0.0019100849879764286,8.881784197001252e-16,True,True,True,coexistence
244,Cs,0.07196856730011521,8.214064342971941,0.5911544424746528,on,2.7,ng_low_bt_high,0.001,1.0,hard_extinction,True,20,0.0001462580919133546,0.0019094849850960361,0.029251618382670815,0.3818969970192066,0.00014625809191335407,0.0019094849850960329,1.3322676295501878e-15,True,True,True,coexistence
245,Cs,0.07196856730011521,8.214064342971941,0.5911544424746528,on,2.7,ng_high_bt_low,1.0,0.001,hard_extinction,True,20,0.0001462580919133546,0.0019094849850960361,0.029251618382670815,0.3818969970192066,0.00014625809191335407,0.0019094849850960329,1.3322676295501878e-15,True,True,True,coexistence
246,Cs,0.07906043210907697,8.214064342971941,0.649407476327123,on,2.7,ng_low_bt_high,0.001,1.0,hard_extinction,True,20,0.00014705406269200223,0.0019087173972161964,0.029410812538400537,0.38174347944323905,0.0001470540626920027,0.0019087173972161954,1.3322676295501878e-15,True,True,True,coexistence
247,Cs,0.07906043210907697,8.214064342971941,0.649407476327123,on,2.7,ng_high_bt_low,1.0,0.001,hard_extinction,True,20,0.00014705406269200223,0.0019087173972161964,0.029410812538400537,0.38174347944323905,0.0001470540626920027,0.0019087173972161954,1.3322676295501878e-15,True,True,True,coexistence
248,Cs,0.08685113737513525,8.214064342971941,0.7134008306596561,on,2.7,ng_low_bt_high,0.001,1.0,hard_extinction,True,20,0.00014806074437412429,0.001907720211221309,0.029612148874824867,0.3815440422442624,0.00014806074437412434,0.001907720211221312,4.440892098500626e-16,True,True,True,coexistence
249,Cs,0.08685113737513525,8.214064342971941,0.7134008306596561,on,2.7,ng_high_bt_low,1.0,0.001,hard_extinction,True,20,0.00014806074437412429,0.001907720211221309,0.029612148874824867,0.3815440422442624,0.00014806074437412434,0.001907720211221312,4.440892098500626e-16,True,True,True,coexistence
250,Cs,0.09540954763499938,8.214064342971941,0.7837001632077313,on,2.7,ng_low_bt_high,0.001,1.0,hard_extinction,True,20,0.0001493625656714342,0.0019064021757950857,0.02987251313428688,0.3812804351590173,0.0001493625656714344,0.0019064021757950864,4.440892098500626e-16,True,True,True,coexistence
251,Cs,0.09540954763499938,8.214064342971941,0.7837001632077313,on,2.7,ng_high_bt_low,1.0,0.001,hard_extinction,True,20,0.0001493625656714342,0.0019064021757950857,0.02987251313428688,0.3812804351590173,0.0001493625656714344,0.0019064021757950864,4.440892098500626e-16,True,True,True,coexistence
252,Cs,0.10481131341546858,8.214064342971941,0.8609268722660571,on,2.7,ng_low_bt_high,0.001,1.0,hard_extinction,True,20,0.0001510875015500025,0.0019046255440062778,0.0302175003100007,0.3809251088012545,0.0001510875015500035,0.0019046255440062726,3.1086244689504383e-15,True,True,True,coexistence
253,Cs,0.10481131341546858,8.214064342971941,0.8609268722660571,on,2.7,ng_high_bt_low,1.0,0.001,hard_extinction,True,20,0.0001510875015500025,0.0019046255440062778,0.0302175003100007,0.3809251088012545,0.0001510875015500035,0.0019046255440062726,3.1086244689504383e-15,True,True,True,coexistence
254,Cs,0.1151395399326447,8.214064342971941,0.9457635894269307,on,2.7,ng_low_bt_high,0.001,1.0,hard_extinction,True,20,0.00015343520595977657,0.0019021760521010362,0.03068704119195568,0.380435210420208,0.0001534352059597784,0.00190217605210104,5.329070518200751e-15,True,True,True,coexistence
255,Cs,0.1151395399326447,8.214064342971941,0.9457635894269307,on,2.7,ng_high_bt_low,1.0,0.001,hard_extinction,True,20,0.00015343520595977657,0.0019021760521010362,0.03068704119195568,0.380435210420208,0.0001534352059597784,0.00190217605210104,5.329070518200751e-15,True,True,True,coexistence
256,Cs,0.12648552168552957,8.214064342971941,1.0389602135793126,on,2.7,ng_low_bt_high,0.001,1.0,hard_extinction,True,20,0.00015672832415869681,0.0018987081567314104,0.03134566483173994,0.37974163134628075,0.00015672832415869971,0.0018987081567314037,7.993605777301127e-15,True,True,True,coexistence
257,Cs,0.12648552168552957,8.214064342971941,1.0389602135793126,on,2.7,ng_high_bt_low,1.0,0.001,hard_extinction,True,20,0.00015672832415869684,0.0018987081567314104,0.03134566483173994,0.37974163134628075,0.00015672832415869971,0.0018987081567314037,7.993605777301127e-15,True,True,True,coexistence
258,Cs,0.13894954943731375,8.214064342971941,1.1413405395050558,on,2.7,ng_low_bt_high,0.001,1.0,hard_extinction,True,20,0.00016151180679543477,0.0018936390552114074,0.032302361359088365,0.3787278110422808,0.00016151180679544182,0.0018936390552114042,1.9095836023552692e-14,True,True,True,coexistence
259,Cs,0.13894954943731375,8.214064342971941,1.1413405395050558,on,2.7,ng_high_bt_low,1.0,0.001,hard_extinction,True,20,0.00016151180679543656,0.0018936390552114063,0.032302361359088344,0.3787278110422807,0.0001615118067954417,0.0018936390552114035,1.3766765505351941e-14,True,True,True,coexistence
260,Cs,0.15264179671752334,8.214064342971941,1.2538095396645799,on,2.7,ng_low_bt_high,0.001,1.0,hard_extinction,True,20,0.00016876017519040594,0.0018859275474132024,0.03375203503808394,0.3771855094826388,0.00016876017519041968,0.001885927547413194,3.552713678800501e-14,True,True,True,coexistence
261,Cs,0.15264179671752334,8.214064342971941,1.2538095396645799,on,2.7,ng_high_bt_low,1.0,0.001,hard_extinction,True,20,0.00016876017519067214,0.0018859275474129179,0.03375203503809227,0.3771855094826296,0.00016876017519046137,0.001885927547413148,5.422329252269265e-13,True,True,True,coexistence
262,Cs,0.16768329368110074,8.214064342971941,1.3773613635380217,on,2.7,ng_low_bt_high,0.001,1.0,hard_extinction,True,20,0.0001803545716844156,0.0018735650702270015,0.03607091433690444,0.3747130140453776,0.00018035457168452218,0.001873565070226888,2.5623947408348613e-13,True,True,True,coexistence
263,Cs,0.16768329368110074,8.214064342971941,1.3773613635380217,on,2.7,ng_high_bt_low,1.0,0.001,hard_extinction,True,20,0.0001803545717446409,0.0018735650701627484,0.036070914339462926,0.3747130140426486,0.00018035457169731463,0.001873565070213243,1.1396217303172307e-10,True,True,True,coexistence
264,Cs,0.18420699693267154,8.214064342971941,1.513088125230599,on,2.7,ng_low_bt_high,0.001,1.0,hard_extinction,True,20,0.00020033402890391933,0.001852240399874228,0.04006680578563653,0.37044807996966617,0.00020033402892818267,0.0018522403998483309,5.2599258282270966e-11,True,True,True,coexistence
265,Cs,0.18420699693267154,8.214064342971941,1.513088125230599,on,2.7,ng_high_bt_low,1.0,0.001,hard_extinction,True,20,0.0002003340470075519,0.0018522403805474438,0.04006680683584893,0.3704480788484944,0.00020033403417924465,0.001852240394242472,2.7809867297889923e-08,True,True,True,coexistence
266,Cs,0.20235896477251566,8.214064342971941,1.662189557018636,on,2.7,ng_low_bt_high,0.001,1.0,hard_extinction,True,20,0.00023882657915949443,0.0018111428711325103,0.047765317591858224,0.3622285723473631,0.00023882658795929112,0.0018111428617368155,1.600200061346868e-08,True,True,True,coexistence
267,Cs,0.20235896477251566,8.214064342971941,1.662189557018636,on,2.7,ng_high_bt_low,1.0,0.001,hard_extinction,True,40,0.00023882659331051577,0.0018111428560232145,0.047765318662094554,0.36222857120465257,0.00023882659331047278,0.0018111428560232629,7.815970093361102e-14,True,True,True,coexistence
268,Cs,0.22229964825261944,8.214064342971941,1.825983614167046,on,2.7,ng_low_bt_high,0.001,1.0,hard_extinction,True,20,0.00032806832646533625,0.0017158570323173405,0.06561433800278992,0.3431706881918438,0.00032807169001394955,0.001715853440959219,4.452618530326191e-06,True,True,True,coexistence
269,Cs,0.22229964825261944,8.214064342971941,1.825983614167046,on,2.7,ng_high_bt_low,1.0,0.001,hard_extinction,True,40,0.00032807592112632094,0.0017158489232781734,0.06561518264884106,0.3431697863388281,0.0003280759132442053,0.0017158489316941405,1.0434046071594594e-08,True,True,True,coexistence
270,Cs,0.2442053094548651,8.214064342971941,2.005918124757636,on,2.7,ng_low_bt_high,0.001,1.0,hard_extinction,True,40,0.0006190313299155023,0.0014051874088923649,0.12380698530141179,0.2810367137414827,0.000619034926507059,0.0014051835687074136,2.5232573075406606e-06,True,True,True,coexistence
271,Cs,0.2442053094548651,8.214064342971941,2.005918124757636,on,2.7,ng_high_bt_low,1.0,0.001,hard_extinction,True,60,0.000619054842105963,0.001405162304245774,0.12381055763640862,0.28103289945596377,0.0006190527881820431,0.0014051644972798189,1.4409212920618586e-06,True,True,True,coexistence
272,Cs,0.2682695795279725,8.214064342971941,2.203583587504794,on,2.7,ng_low_bt_high,0.001,1.0,hard_extinction,True,100,0.0019255386436052401,1.0191718001149371e-05,0.385180724724376,0.0019604036537585294,0.00192590362362188,9.802018268792648e-06,0.016931889183994464,False,True,True,coexistence
273,Cs,0.2682695795279725,8.214064342971941,2.203583587504794,on,2.7,ng_high_bt_low,1.0,0.001,hard_extinction,True,100,0.0019350838731672143,0.0,0.3870167746334425,0.0,0.0019350838731672123,0.0,4.440892098500626e-16,True,True,False,ng_only
274,Cs,0.29470517025518095,8.214064342971941,2.420727230682557,on,2.7,ng_low_bt_high,0.001,1.0,hard_extinction,True,40,0.001935083873167222,0.0,0.38701677463344436,0.0,0.0019350838731672219,0.0,0.0,True,True,False,ng_only
275,Cs,0.29470517025518095,8.214064342971941,2.420727230682557,on,2.7,ng_high_bt_low,1.0,0.001,hard_extinction,True,20,0.0019350838731672165,0.0,0.3870167746334415,0.0,0.0019350838731672074,0.0,2.220446049250313e-15,True,True,False,ng_only
276,Cs,0.32374575428176433,8.214064342971941,2.659268456434396,on,2.7,ng_low_bt_high,0.001,1.0,hard_extinction,True,40,0.0019350838731672173,0.0,0.3870167746334439,0.0,0.0019350838731672195,0.0,4.440892098500626e-16,True,True,False,ng_only
277,Cs,0.32374575428176433,8.214064342971941,2.659268456434396,on,2.7,ng_high_bt_low,1.0,0.001,hard_extinction,True,20,0.0019350838731672123,0.0,0.38701677463344225,0.0,0.0019350838731672113,0.0,4.440892098500626e-16,True,True,False,ng_only
278,Cs,0.35564803062231287,8.214064342971941,2.9213158069829332,on,2.7,ng_low_bt_high,0.001,1.0,hard_extinction,True,20,0.001935083873167215,0.0,0.38701677463344214,0.0,0.0019350838731672106,0.0,8.881784197001252e-16,True,True,False,ng_only
279,Cs,0.35564803062231287,8.214064342971941,2.9213158069829332,on,2.7,ng_high_bt_low,1.0,0.001,hard_extinction,True,20,0.001935083873167215,0.0,0.38701677463344214,0.0,0.0019350838731672106,0.0,8.881784197001252e-16,True,True,False,ng_only
280,Cs,0.3906939937054615,8.214064342971941,3.209185602709335,on,2.7,ng_low_bt_high,0.001,1.0,hard_extinction,True,20,0.00193508387316722,0.0,0.3870167746334439,0.0,0.0019350838731672195,0.0,4.440892098500626e-16,True,True,False,ng_only
281,Cs,0.3906939937054615,8.214064342971941,3.209185602709335,on,2.7,ng_high_bt_low,1.0,0.001,hard_extinction,True,20,0.00193508387316722,0.0,0.3870167746334439,0.0,0.0019350838731672195,0.0,4.440892098500626e-16,True,True,False,ng_only
282,Cs,0.42919342601287763,8.214064342971941,3.5254224168503443,on,2.7,ng_low_bt_high,0.001,1.0,hard_extinction,True,20,0.001935083873167226,0.0,0.38701677463344536,0.0,0.0019350838731672269,0.0,0.0,True,True,False,ng_only
283,Cs,0.42919342601287763,8.214064342971941,3.5254224168503443,on,2.7,ng_high_bt_low,1.0,0.001,hard_extinction,True,20,0.001935083873167226,0.0,0.38701677463344536,0.0,0.0019350838731672269,0.0,0.0,True,True,False,ng_only
284,Cs,0.47148663634573923,8.214064342971941,3.872821567795315,on,2.7,ng_low_bt_high,0.001,1.0,hard_extinction,True,20,0.0019350838731672189,0.0,0.38701677463344375,0.0,0.0019350838731672189,0.0,0.0,True,True,False,ng_only
285,Cs,0.47148663634573923,8.214064342971941,3.872821567795315,on,2.7,ng_high_bt_low,1.0,0.001,hard_extinction,True,20,0.0019350838731672189,0.0,0.38701677463344375,0.0,0.0019350838731672189,0.0,0.0,True,True,False,ng_only
286,Cs,0.517947467923121,8.214064342971941,4.254453827799911,on,2.7,ng_low_bt_high,0.001,1.0,hard_extinction,True,20,0.0019350838731672215,0.0,0.3870167746334443,0.0,0.0019350838731672215,0.0,0.0,True,True,False,ng_only
287,Cs,0.517947467923121,8.214064342971941,4.254453827799911,on,2.7,ng_high_bt_low,1.0,0.001,hard_extinction,True,20,0.0019350838731672215,0.0,0.3870167746334443,0.0,0.0019350838731672215,0.0,0.0,True,True,False,ng_only
288,Cs,0.5689866029018296,8.214064342971941,4.673692566524654,on,2.7,ng_low_bt_high,0.001,1.0,hard_extinction,True,20,0.0019350838731672219,0.0,0.38701677463344475,0.0,0.0019350838731672238,0.0,4.440892098500626e-16,True,True,False,ng_only
289,Cs,0.5689866029018296,8.214064342971941,4.673692566524654,on,2.7,ng_high_bt_low,1.0,0.001,hard_extinction,True,20,0.0019350838731672219,0.0,0.38701677463344475,0.0,0.0019350838731672238,0.0,4.440892098500626e-16,True,True,False,ng_only
290,Cs,0.6250551925273969,8.214064342971941,5.134243569328753,on,2.7,ng_low_bt_high,0.001,1.0,hard_extinction,True,20,0.0019350838731672152,0.0,0.38701677463344236,0.0,0.001935083873167212,0.0,4.440892098500626e-16,True,True,False,ng_only
291,Cs,0.6250551925273969,8.214064342971941,5.134243569328753,on,2.7,ng_high_bt_low,1.0,0.001,hard_extinction,True,20,0.0019350838731672152,0.0,0.38701677463344236,0.0,0.001935083873167212,0.0,4.440892098500626e-16,True,True,False,ng_only
292,Cs,0.6866488450042998,8.214064342971941,5.640177793892686,on,2.7,ng_low_bt_high,0.001,1.0,hard_extinction,True,20,0.0019350838731672182,0.0,0.38701677463344397,0.0,0.00193508387316722,0.0,4.440892098500626e-16,True,True,False,ng_only
293,Cs,0.6866488450042998,8.214064342971941,5.640177793892686,on,2.7,ng_high_bt_low,1.0,0.001,hard_extinction,True,20,0.0019350838731672182,0.0,0.38701677463344397,0.0,0.00193508387316722,0.0,4.440892098500626e-16,True,True,False,ng_only
294,Cs,0.7543120063354615,8.214064342971941,6.195967354715739,on,2.7,ng_low_bt_high,0.001,1.0,hard_extinction,True,20,0.0019350838731672189,0.0,0.3870167746334439,0.0,0.0019350838731672195,0.0,0.0,True,True,False,ng_only
295,Cs,0.7543120063354615,8.214064342971941,6.195967354715739,on,2.7,ng_high_bt_low,1.0,0.001,hard_extinction,True,20,0.0019350838731672189,0.0,0.3870167746334439,0.0,0.0019350838731672195,0.0,0.0,True,True,False,ng_only
296,Cs,0.8286427728546842,8.214064342971941,6.806525053567059,on,2.7,ng_low_bt_high,0.001,1.0,hard_extinction,True,20,0.0019350838731672219,0.0,0.3870167746334446,0.0,0.001935083873167223,0.0,0.0,True,True,False,ng_only
297,Cs,0.8286427728546842,8.214064342971941,6.806525053567059,on,2.7,ng_high_bt_low,1.0,0.001,hard_extinction,True,20,0.0019350838731672219,0.0,0.3870167746334446,0.0,0.001935083873167223,0.0,0.0,True,True,False,ng_only
298,Cs,0.9102981779915218,8.214064342971941,7.4772478053124845,on,2.7,ng_low_bt_high,0.001,1.0,hard_extinction,True,20,0.0019350838731672258,0.0,0.38701677463344525,0.0,0.0019350838731672262,0.0,0.0,True,True,False,ng_only
299,Cs,0.9102981779915218,8.214064342971941,7.4772478053124845,on,2.7,ng_high_bt_low,1.0,0.001,hard_extinction,True,20,0.0019350838731672258,0.0,0.38701677463344525,0.0,0.0019350838731672262,0.0,0.0,True,True,False,ng_only
300,Cs,0.9999999999999994,8.214064342971941,8.214064342971936,on,2.7,ng_low_bt_high,0.001,1.0,hard_extinction,True,20,0.0019350838731672165,0.0,0.38701677463344275,0.0,0.0019350838731672136,0.0,8.881784197001252e-16,True,True,False,ng_only
301,Cs,0.9999999999999994,8.214064342971941,8.214064342971936,on,2.7,ng_high_bt_low,1.0,0.001,hard_extinction,True,20,0.0019350838731672165,0.0,0.38701677463344275,0.0,0.0019350838731672136,0.0,8.881784197001252e-16,True,True,False,ng_only
302,Cs,1.0985411419875584,8.214064342971941,9.023487623687679,on,2.7,ng_low_bt_high,0.001,1.0,hard_extinction,True,20,0.0019350838731672171,0.0,0.3870167746334438,0.0,0.001935083873167219,0.0,4.440892098500626e-16,True,True,False,ng_only
303,Cs,1.0985411419875584,8.214064342971941,9.023487623687679,on,2.7,ng_high_bt_low,1.0,0.001,hard_extinction,True,20,0.0019350838731672171,0.0,0.3870167746334438,0.0,0.001935083873167219,0.0,4.440892098500626e-16,True,True,False,ng_only
304,Cs,1.2067926406393277,8.214064342971941,9.912672398836452,on,2.7,ng_low_bt_high,0.001,1.0,hard_extinction,True,20,0.0019350838731672156,0.0,0.3870167746334431,0.0,0.0019350838731672154,0.0,0.0,True,True,False,ng_only
305,Cs,1.2067926406393277,8.214064342971941,9.912672398836452,on,2.7,ng_high_bt_low,1.0,0.001,hard_extinction,True,20,0.0019350838731672156,0.0,0.3870167746334431,0.0,0.0019350838731672154,0.0,0.0,True,True,False,ng_only
306,Cs,1.325711365590108,8.214064342971941,10.889478457166346,on,2.7,ng_low_bt_high,0.001,1.0,hard_extinction,True,20,0.001935083873167221,0.0,0.3870167746334442,0.0,0.001935083873167221,0.0,0.0,True,True,False,ng_only
307,Cs,1.325711365590108,8.214064342971941,10.889478457166346,on,2.7,ng_high_bt_low,1.0,0.001,hard_extinction,True,20,0.001935083873167221,0.0,0.3870167746334442,0.0,0.001935083873167221,0.0,0.0,True,True,False,ng_only
308,Cs,1.456348477501243,8.214064342971941,11.962540099984434,on,2.7,ng_low_bt_high,0.001,1.0,hard_extinction,True,20,0.0019350838731672189,0.0,0.387016774633444,0.0,0.0019350838731672202,0.0,4.440892098500626e-16,True,True,False,ng_only
309,Cs,1.456348477501243,8.214064342971941,11.962540099984434,on,2.7,ng_high_bt_low,1.0,0.001,hard_extinction,True,20,0.0019350838731672189,0.0,0.387016774633444,0.0,0.0019350838731672202,0.0,4.440892098500626e-16,True,True,False,ng_only
310,Cs,1.5998587196060574,8.214064342971941,13.141342462508861,on,2.7,ng_low_bt_high,0.001,1.0,hard_extinction,True,20,0.0019350838731672262,0.0,0.3870167746334452,0.0,0.001935083873167226,0.0,0.0,True,True,False,ng_only
311,Cs,1.5998587196060574,8.214064342971941,13.141342462508861,on,2.7,ng_high_bt_low,1.0,0.001,hard_extinction,True,20,0.0019350838731672262,0.0,0.3870167746334452,0.0,0.001935083873167226,0.0,0.0,True,True,False,ng_only
312,Cs,1.7575106248547911,8.214064342971941,14.436305356014076,on,2.7,ng_low_bt_high,0.001,1.0,hard_extinction,True,20,0.001935083873167222,0.0,0.3870167746334444,0.0,0.001935083873167222,0.0,0.0,True,True,False,ng_only
313,Cs,1.7575106248547911,8.214064342971941,14.436305356014076,on,2.7,ng_high_bt_low,1.0,0.001,hard_extinction,True,20,0.001935083873167222,0.0,0.3870167746334444,0.0,0.001935083873167222,0.0,0.0,True,True,False,ng_only
314,Cs,1.9306977288832496,8.214064342971941,15.85887537187681,on,2.7,ng_low_bt_high,0.001,1.0,hard_extinction,True,20,0.001935083873167218,0.0,0.38701677463344375,0.0,0.0019350838731672189,0.0,0.0,True,True,False,ng_only
315,Cs,1.9306977288832496,8.214064342971941,15.85887537187681,on,2.7,ng_high_bt_low,1.0,0.001,hard_extinction,True,20,0.001935083873167218,0.0,0.38701677463344375,0.0,0.0019350838731672189,0.0,0.0,True,True,False,ng_only
316,Cs,2.1209508879201904,8.214064342971941,17.421627061659915,on,2.7,ng_low_bt_high,0.001,1.0,hard_extinction,True,20,0.0019350838731672121,0.0,0.3870167746334423,0.0,0.0019350838731672115,0.0,4.440892098500626e-16,True,True,False,ng_only
317,Cs,2.1209508879201904,8.214064342971941,17.421627061659915,on,2.7,ng_high_bt_low,1.0,0.001,hard_extinction,True,20,0.0019350838731672121,0.0,0.3870167746334423,0.0,0.0019350838731672115,0.0,4.440892098500626e-16,True,True,False,ng_only
318,Cs,2.329951810515372,8.214064342971941,19.138374087597235,on,2.7,ng_low_bt_high,0.001,1.0,hard_extinction,True,20,0.001935083873167214,0.0,0.3870167746334427,0.0,0.0019350838731672134,0.0,4.440892098500626e-16,True,True,False,ng_only
319,Cs,2.329951810515372,8.214064342971941,19.138374087597235,on,2.7,ng_high_bt_low,1.0,0.001,hard_extinction,True,20,0.001935083873167214,0.0,0.3870167746334427,0.0,0.0019350838731672134,0.0,4.440892098500626e-16,True,True,False,ng_only
320,Cs,2.5595479226995357,8.214064342971941,21.024291325974158,on,2.7,ng_low_bt_high,0.001,1.0,hard_extinction,True,20,0.0019350838731672206,0.0,0.3870167746334444,0.0,0.001935083873167222,0.0,4.440892098500626e-16,True,True,False,ng_only
321,Cs,2.5595479226995357,8.214064342971941,21.024291325974158,on,2.7,ng_high_bt_low,1.0,0.001,hard_extinction,True,20,0.0019350838731672206,0.0,0.3870167746334444,0.0,0.001935083873167222,0.0,4.440892098500626e-16,True,True,False,ng_only
322,Cs,2.811768697974228,8.214064342971941,23.096049002714746,on,2.7,ng_low_bt_high,0.001,1.0,hard_extinction,True,20,0.0019350838731672143,0.0,0.3870167746334432,0.0,0.001935083873167216,0.0,4.440892098500626e-16,True,True,False,ng_only
323,Cs,2.811768697974228,8.214064342971941,23.096049002714746,on,2.7,ng_high_bt_low,1.0,0.001,hard_extinction,True,20,0.0019350838731672143,0.0,0.3870167746334432,0.0,0.001935083873167216,0.0,4.440892098500626e-16,True,True,False,ng_only
324,Cs,3.0888435964774787,8.214064342971941,25.37196004684287,on,2.7,ng_low_bt_high,0.001,1.0,hard_extinction,True,20,0.0019350838731672165,0.0,0.3870167746334436,0.0,0.001935083873167218,0.0,4.440892098500626e-16,True,True,False,ng_only
325,Cs,3.0888435964774787,8.214064342971941,25.37196004684287,on,2.7,ng_high_bt_low,1.0,0.001,hard_extinction,True,20,0.0019350838731672165,0.0,0.3870167746334436,0.0,0.001935083873167218,0.0,4.440892098500626e-16,True,True,False,ng_only
326,Cs,3.3932217718953264,8.214064342971941,27.872141964321468,on,2.7,ng_low_bt_high,0.001,1.0,hard_extinction,True,20,0.001935083873167223,0.0,0.3870167746334446,0.0,0.001935083873167223,0.0,0.0,True,True,False,ng_only
327,Cs,3.3932217718953264,8.214064342971941,27.872141964321468,on,2.7,ng_high_bt_low,1.0,0.001,hard_extinction,True,20,0.001935083873167223,0.0,0.3870167746334446,0.0,0.001935083873167223,0.0,0.0,True,True,False,ng_only
328,Cs,3.727593720314938,8.214064342971941,30.618694663125055,on,2.7,ng_low_bt_high,0.001,1.0,hard_extinction,True,20,0.0019350838731672238,0.0,0.38701677463344475,0.0,0.0019350838731672238,0.0,0.0,True,True,False,ng_only
329,Cs,3.727593720314938,8.214064342971941,30.618694663125055,on,2.7,ng_high_bt_low,1.0,0.001,hard_extinction,True,20,0.0019350838731672238,0.0,0.38701677463344475,0.0,0.0019350838731672238,0.0,0.0,True,True,False,ng_only
330,Cs,4.094915062380423,8.214064342971941,33.63589580139775,on,2.7,ng_low_bt_high,0.001,1.0,hard_extinction,True,20,0.001935083873167219,0.0,0.3870167746334437,0.0,0.0019350838731672184,0.0,0.0,True,True,False,ng_only
331,Cs,4.094915062380423,8.214064342971941,33.63589580139775,on,2.7,ng_high_bt_low,1.0,0.001,hard_extinction,True,20,0.001935083873167219,0.0,0.3870167746334437,0.0,0.0019350838731672184,0.0,0.0,True,True,False,ng_only
332,Cs,4.498432668969444,8.214064342971941,36.95041538544201,on,2.7,ng_low_bt_high,0.001,1.0,hard_extinction,True,20,0.0019350838731672145,0.0,0.38701677463344286,0.0,0.0019350838731672143,0.0,0.0,True,True,False,ng_only
333,Cs,4.498432668969444,8.214064342971941,36.95041538544201,on,2.7,ng_high_bt_low,1.0,0.001,hard_extinction,True,20,0.0019350838731672145,0.0,0.38701677463344286,0.0,0.0019350838731672143,0.0,0.0,True,True,False,ng_only
334,Cs,4.941713361323833,8.214064342971941,40.591551514438116,on,2.7,ng_low_bt_high,0.001,1.0,hard_extinction,True,20,0.001935083873167218,0.0,0.38701677463344347,0.0,0.0019350838731672173,0.0,4.440892098500626e-16,True,True,False,ng_only
335,Cs,4.941713361323833,8.214064342971941,40.591551514438116,on,2.7,ng_high_bt_low,1.0,0.001,hard_extinction,True,20,0.001935083873167218,0.0,0.38701677463344347,0.0,0.0019350838731672173,0.0,4.440892098500626e-16,True,True,False,ng_only
336,Cs,5.428675439323859,8.214064342971941,44.59148935571765,on,2.7,ng_low_bt_high,0.001,1.0,hard_extinction,True,20,0.0019350838731672173,0.0,0.3870167746334434,0.0,0.0019350838731672171,0.0,0.0,True,True,False,ng_only
337,Cs,5.428675439323859,8.214064342971941,44.59148935571765,on,2.7,ng_high_bt_low,1.0,0.001,hard_extinction,True,20,0.0019350838731672173,0.0,0.3870167746334434,0.0,0.0019350838731672171,0.0,0.0,True,True,False,ng_only
338,Cs,5.963623316594643,8.214064342971941,48.985585639756124,on,2.7,ng_low_bt_high,0.001,1.0,hard_extinction,True,20,0.001935083873167217,0.0,0.3870167746334433,0.0,0.0019350838731672165,0.0,0.0,True,True,False,ng_only
339,Cs,5.963623316594643,8.214064342971941,48.985585639756124,on,2.7,ng_high_bt_low,1.0,0.001,hard_extinction,True,20,0.001935083873167217,0.0,0.3870167746334433,0.0,0.0019350838731672165,0.0,0.0,True,True,False,ng_only
340,Cs,6.551285568595502,8.214064342971941,53.81268118962697,on,2.7,ng_low_bt_high,0.001,1.0,hard_extinction,True,20,0.001935083873167213,0.0,0.3870167746334426,0.0,0.001935083873167213,0.0,0.0,True,True,False,ng_only
341,Cs,6.551285568595502,8.214064342971941,53.81268118962697,on,2.7,ng_high_bt_low,1.0,0.001,hard_extinction,True,20,0.001935083873167213,0.0,0.3870167746334426,0.0,0.001935083873167213,0.0,0.0,True,True,False,ng_only
342,Cs,7.196856730011514,8.214064342971941,59.11544424746522,on,2.7,ng_low_bt_high,0.001,1.0,hard_extinction,True,20,0.0019350838731672206,0.0,0.38701677463344414,0.0,0.0019350838731672206,0.0,0.0,True,True,False,ng_only
343,Cs,7.196856730011514,8.214064342971941,59.11544424746522,on,2.7,ng_high_bt_low,1.0,0.001,hard_extinction,True,20,0.0019350838731672206,0.0,0.38701677463344414,0.0,0.0019350838731672206,0.0,0.0,True,True,False,ng_only
344,Cs,7.9060432109076935,8.214064342971941,64.94074763271227,on,2.7,ng_low_bt_high,0.001,1.0,hard_extinction,True,20,0.001935083873167219,0.0,0.38701677463344375,0.0,0.0019350838731672189,0.0,0.0,True,True,False,ng_only
345,Cs,7.9060432109076935,8.214064342971941,64.94074763271227,on,2.7,ng_high_bt_low,1.0,0.001,hard_extinction,True,20,0.001935083873167219,0.0,0.38701677463344375,0.0,0.0019350838731672189,0.0,0.0,True,True,False,ng_only
346,Cs,8.68511373751352,8.214064342971941,71.34008306596557,on,2.7,ng_low_bt_high,0.001,1.0,hard_extinction,True,20,0.0019350838731672223,0.0,0.3870167746334444,0.0,0.001935083873167222,0.0,0.0,True,True,False,ng_only
347,Cs,8.68511373751352,8.214064342971941,71.34008306596557,on,2.7,ng_high_bt_low,1.0,0.001,hard_extinction,True,20,0.0019350838731672223,0.0,0.3870167746334444,0.0,0.001935083873167222,0.0,0.0,True,True,False,ng_only
348,Cs,9.540954763499935,8.214064342971941,78.3700163207731,on,2.7,ng_low_bt_high,0.001,1.0,hard_extinction,True,20,0.001935083873167211,0.0,0.3870167746334422,0.0,0.001935083873167211,0.0,0.0,True,True,False,ng_only
349,Cs,9.540954763499935,8.214064342971941,78.3700163207731,on,2.7,ng_high_bt_low,1.0,0.001,hard_extinction,True,20,0.001935083873167211,0.0,0.3870167746334422,0.0,0.001935083873167211,0.0,0.0,True,True,False,ng_only
350,Cs,10.481131341546853,8.214064342971941,86.09268722660566,on,2.7,ng_low_bt_high,0.001,1.0,hard_extinction,True,20,0.0019350838731672215,0.0,0.3870167746334444,0.0,0.001935083873167222,0.0,4.440892098500626e-16,True,True,False,ng_only
351,Cs,10.481131341546853,8.214064342971941,86.09268722660566,on,2.7,ng_high_bt_low,1.0,0.001,hard_extinction,True,20,0.0019350838731672215,0.0,0.3870167746334444,0.0,0.001935083873167222,0.0,4.440892098500626e-16,True,True,False,ng_only
352,Cs,11.513953993264469,8.214064342971941,94.57635894269306,on,2.7,ng_low_bt_high,0.001,1.0,hard_extinction,True,20,0.0019350838731672232,0.0,0.3870167746334446,0.0,0.001935083873167223,0.0,0.0,True,True,False,ng_only
353,Cs,11.513953993264469,8.214064342971941,94.57635894269306,on,2.7,ng_high_bt_low,1.0,0.001,hard_extinction,True,20,0.0019350838731672232,0.0,0.3870167746334446,0.0,0.001935083873167223,0.0,0.0,True,True,False,ng_only
354,Cs,12.648552168552959,8.214064342971941,103.89602135793128,on,2.7,ng_low_bt_high,0.001,1.0,hard_extinction,True,20,0.0019350838731672165,0.0,0.3870167746334433,0.0,0.0019350838731672165,0.0,0.0,True,True,False,ng_only
355,Cs,12.648552168552959,8.214064342971941,103.89602135793128,on,2.7,ng_high_bt_low,1.0,0.001,hard_extinction,True,20,0.0019350838731672165,0.0,0.3870167746334433,0.0,0.0019350838731672165,0.0,0.0,True,True,False,ng_only
356,Cs,13.894954943731374,8.214064342971941,114.13405395050557,on,2.7,ng_low_bt_high,0.001,1.0,hard_extinction,True,20,0.0019350838731672136,0.0,0.38701677463344275,0.0,0.0019350838731672136,0.0,0.0,True,True,False,ng_only
357,Cs,13.894954943731374,8.214064342971941,114.13405395050557,on,2.7,ng_high_bt_low,1.0,0.001,hard_extinction,True,20,0.0019350838731672136,0.0,0.38701677463344275,0.0,0.0019350838731672136,0.0,0.0,True,True,False,ng_only
358,Cs,15.264179671752318,8.214064342971941,125.38095396645787,on,2.7,ng_low_bt_high,0.001,1.0,hard_extinction,True,20,0.0019350838731672102,0.0,0.38701677463344186,0.0,0.0019350838731672093,0.0,4.440892098500626e-16,True,True,False,ng_only
359,Cs,15.264179671752318,8.214064342971941,125.38095396645787,on,2.7,ng_high_bt_low,1.0,0.001,hard_extinction,True,20,0.0019350838731672102,0.0,0.38701677463344186,0.0,0.0019350838731672093,0.0,4.440892098500626e-16,True,True,False,ng_only
360,Cs,16.768329368110066,8.214064342971941,137.73613635380212,on,2.7,ng_low_bt_high,0.001,1.0,hard_extinction,True,20,0.001935083873167215,0.0,0.387016774633443,0.0,0.001935083873167215,0.0,0.0,True,True,False,ng_only
361,Cs,16.768329368110066,8.214064342971941,137.73613635380212,on,2.7,ng_high_bt_low,1.0,0.001,hard_extinction,True,20,0.001935083873167215,0.0,0.387016774633443,0.0,0.001935083873167215,0.0,0.0,True,True,False,ng_only
362,Cs,18.420699693267146,8.214064342971941,151.30881252305983,on,2.7,ng_low_bt_high,0.001,1.0,hard_extinction,True,20,0.0019350838731672215,0.0,0.3870167746334443,0.0,0.0019350838731672215,0.0,0.0,True,True,False,ng_only
363,Cs,18.420699693267146,8.214064342971941,151.30881252305983,on,2.7,ng_high_bt_low,1.0,0.001,hard_extinction,True,20,0.0019350838731672215,0.0,0.3870167746334443,0.0,0.0019350838731672215,0.0,0.0,True,True,False,ng_only
364,Cs,20.235896477251554,8.214064342971941,166.2189557018635,on,2.7,ng_low_bt_high,0.001,1.0,hard_extinction,True,20,0.0019350838731672152,0.0,0.38701677463344286,0.0,0.0019350838731672143,0.0,0.0,True,True,False,ng_only
365,Cs,20.235896477251554,8.214064342971941,166.2189557018635,on,2.7,ng_high_bt_low,1.0,0.001,hard_extinction,True,20,0.0019350838731672152,0.0,0.38701677463344286,0.0,0.0019350838731672143,0.0,0.0,True,True,False,ng_only
366,Cs,22.229964825261934,8.214064342971941,182.59836141670453,on,2.7,ng_low_bt_high,0.001,1.0,hard_extinction,True,20,0.0019350838731672173,0.0,0.38701677463344347,0.0,0.0019350838731672173,0.0,0.0,True,True,False,ng_only
367,Cs,22.229964825261934,8.214064342971941,182.59836141670453,on,2.7,ng_high_bt_low,1.0,0.001,hard_extinction,True,20,0.0019350838731672173,0.0,0.38701677463344347,0.0,0.0019350838731672173,0.0,0.0,True,True,False,ng_only
368,Cs,24.420530945486497,8.214064342971941,200.5918124757635,on,2.7,ng_low_bt_high,0.001,1.0,hard_extinction,True,20,0.0019350838731672212,0.0,0.38701677463344425,0.0,0.0019350838731672212,0.0,0.0,True,True,False,ng_only
369,Cs,24.420530945486497,8.214064342971941,200.5918124757635,on,2.7,ng_high_bt_low,1.0,0.001,hard_extinction,True,20,0.0019350838731672212,0.0,0.38701677463344425,0.0,0.0019350838731672212,0.0,0.0,True,True,False,ng_only
370,Cs,26.826957952797247,8.214064342971941,220.35835875047943,on,2.7,ng_low_bt_high,0.001,1.0,hard_extinction,True,20,0.00193508387316722,0.0,0.38701677463344397,0.0,0.00193508387316722,0.0,0.0,True,True,False,ng_only
371,Cs,26.826957952797247,8.214064342971941,220.35835875047943,on,2.7,ng_high_bt_low,1.0,0.001,hard_extinction,True,20,0.00193508387316722,0.0,0.38701677463344397,0.0,0.00193508387316722,0.0,0.0,True,True,False,ng_only
372,Cs,29.4705170255181,8.214064342971941,242.07272306825573,on,2.7,ng_low_bt_high,0.001,1.0,hard_extinction,True,20,0.0019350838731672176,0.0,0.3870167746334435,0.0,0.0019350838731672176,0.0,0.0,True,True,False,ng_only
373,Cs,29.4705170255181,8.214064342971941,242.07272306825573,on,2.7,ng_high_bt_low,1.0,0.001,hard_extinction,True,20,0.0019350838731672176,0.0,0.3870167746334435,0.0,0.0019350838731672176,0.0,0.0,True,True,False,ng_only
374,Cs,32.374575428176435,8.214064342971941,265.9268456434396,on,2.7,ng_low_bt_high,0.001,1.0,hard_extinction,True,20,0.00193508387316722,0.0,0.38701677463344397,0.0,0.00193508387316722,0.0,0.0,True,True,False,ng_only
375,Cs,32.374575428176435,8.214064342971941,265.9268456434396,on,2.7,ng_high_bt_low,1.0,0.001,hard_extinction,True,20,0.00193508387316722,0.0,0.38701677463344397,0.0,0.00193508387316722,0.0,0.0,True,True,False,ng_only
376,Cs,35.56480306223125,8.214064342971941,292.131580698293,on,2.7,ng_low_bt_high,0.001,1.0,hard_extinction,True,20,0.0019350838731672225,0.0,0.3870167746334445,0.0,0.0019350838731672225,0.0,0.0,True,True,False,ng_only
377,Cs,35.56480306223125,8.214064342971941,292.131580698293,on,2.7,ng_high_bt_low,1.0,0.001,hard_extinction,True,20,0.0019350838731672225,0.0,0.3870167746334445,0.0,0.0019350838731672225,0.0,0.0,True,True,False,ng_only
378,Cs,39.06939937054613,8.214064342971941,320.91856027093337,on,2.7,ng_low_bt_high,0.001,1.0,hard_extinction,True,20,0.0019350838731672154,0.0,0.3870167746334431,0.0,0.0019350838731672154,0.0,0.0,True,True,False,ng_only
379,Cs,39.06939937054613,8.214064342971941,320.91856027093337,on,2.7,ng_high_bt_low,1.0,0.001,hard_extinction,True,20,0.0019350838731672154,0.0,0.3870167746334431,0.0,0.0019350838731672154,0.0,0.0,True,True,False,ng_only
380,Cs,42.91934260128774,8.214064342971941,352.5422416850342,on,2.7,ng_low_bt_high,0.001,1.0,hard_extinction,True,20,0.0019350838731672104,0.0,0.3870167746334421,0.0,0.0019350838731672104,0.0,0.0,True,True,False,ng_only
381,Cs,42.91934260128774,8.214064342971941,352.5422416850342,on,2.7,ng_high_bt_low,1.0,0.001,hard_extinction,True,20,0.0019350838731672104,0.0,0.3870167746334421,0.0,0.0019350838731672104,0.0,0.0,True,True,False,ng_only
382,Cs,47.1486636345739,8.214064342971941,387.2821567795313,on,2.7,ng_low_bt_high,0.001,1.0,hard_extinction,True,20,0.001935083873167217,0.0,0.38701677463344336,0.0,0.001935083873167217,0.0,0.0,True,True,False,ng_only
383,Cs,47.1486636345739,8.214064342971941,387.2821567795313,on,2.7,ng_high_bt_low,1.0,0.001,hard_extinction,True,20,0.001935083873167217,0.0,0.38701677463344336,0.0,0.001935083873167217,0.0,0.0,True,True,False,ng_only
384,Cs,51.794746792312075,8.214064342971941,425.44538277999095,on,2.7,ng_low_bt_high,0.001,1.0,hard_extinction,True,20,0.001935083873167213,0.0,0.3870167746334426,0.0,0.001935083873167213,0.0,0.0,True,True,False,ng_only
385,Cs,51.794746792312075,8.214064342971941,425.44538277999095,on,2.7,ng_high_bt_low,1.0,0.001,hard_extinction,True,20,0.001935083873167213,0.0,0.3870167746334426,0.0,0.001935083873167213,0.0,0.0,True,True,False,ng_only
386,Cs,56.89866029018293,8.214064342971941,467.36925665246514,on,2.7,ng_low_bt_high,0.001,1.0,hard_extinction,True,20,0.00193508387316722,0.0,0.38701677463344397,0.0,0.00193508387316722,0.0,0.0,True,True,False,ng_only
387,Cs,56.89866029018293,8.214064342971941,467.36925665246514,on,2.7,ng_high_bt_low,1.0,0.001,hard_extinction,True,20,0.00193508387316722,0.0,0.38701677463344397,0.0,0.00193508387316722,0.0,0.0,True,True,False,ng_only
388,Cs,62.505519252739695,8.214064342971941,513.4243569328753,on,2.7,ng_low_bt_high,0.001,1.0,hard_extinction,True,20,0.001935083873167225,0.0,0.3870167746334449,0.0,0.0019350838731672245,0.0,0.0,True,True,False,ng_only
389,Cs,62.505519252739695,8.214064342971941,513.4243569328753,on,2.7,ng_high_bt_low,1.0,0.001,hard_extinction,True,20,0.001935083873167225,0.0,0.3870167746334449,0.0,0.0019350838731672245,0.0,0.0,True,True,False,ng_only
390,Cs,68.66488450042998,8.214064342971941,564.0177793892686,on,2.7,ng_low_bt_high,0.001,1.0,hard_extinction,True,20,0.001935083873167215,0.0,0.387016774633443,0.0,0.001935083873167215,0.0,0.0,True,True,False,ng_only
391,Cs,68.66488450042998,8.214064342971941,564.0177793892686,on,2.7,ng_high_bt_low,1.0,0.001,hard_extinction,True,20,0.001935083873167215,0.0,0.387016774633443,0.0,0.001935083873167215,0.0,0.0,True,True,False,ng_only
392,Cs,75.43120063354615,8.214064342971941,619.596735471574,on,2.7,ng_low_bt_high,0.001,1.0,hard_extinction,True,20,0.00193508387316722,0.0,0.38701677463344397,0.0,0.00193508387316722,0.0,0.0,True,True,False,ng_only
393,Cs,75.43120063354615,8.214064342971941,619.596735471574,on,2.7,ng_high_bt_low,1.0,0.001,hard_extinction,True,20,0.00193508387316722,0.0,0.38701677463344397,0.0,0.00193508387316722,0.0,0.0,True,True,False,ng_only
394,Cs,82.86427728546842,8.214064342971941,680.6525053567059,on,2.7,ng_low_bt_high,0.001,1.0,hard_extinction,True,20,0.001935083873167214,0.0,0.3870167746334428,0.0,0.001935083873167214,0.0,0.0,True,True,False,ng_only
395,Cs,82.86427728546842,8.214064342971941,680.6525053567059,on,2.7,ng_high_bt_low,1.0,0.001,hard_extinction,True,20,0.001935083873167214,0.0,0.3870167746334428,0.0,0.001935083873167214,0.0,0.0,True,True,False,ng_only
396,Cs,91.02981779915208,8.214064342971941,747.7247805312477,on,2.7,ng_low_bt_high,0.001,1.0,hard_extinction,True,20,0.0019350838731672212,0.0,0.38701677463344425,0.0,0.0019350838731672212,0.0,0.0,True,True,False,ng_only
397,Cs,91.02981779915208,8.214064342971941,747.7247805312477,on,2.7,ng_high_bt_low,1.0,0.001,hard_extinction,True,20,0.0019350838731672212,0.0,0.38701677463344425,0.0,0.0019350838731672212,0.0,0.0,True,True,False,ng_only
398,Cs,100.0,8.214064342971941,821.4064342971941,on,2.7,ng_low_bt_high,0.001,1.0,hard_extinction,True,20,0.0019350838731672115,0.0,0.3870167746334423,0.0,0.0019350838731672115,0.0,0.0,True,True,False,ng_only
399,Cs,100.0,8.214064342971941,821.4064342971941,on,2.7,ng_high_bt_low,1.0,0.001,hard_extinction,True,20,0.0019350838731672115,0.0,0.3870167746334423,0.0,0.0019350838731672115,0.0,0.0,True,True,False,ng_only
400,Et,0.0,11.670268611958512,0.0,on,12.0,ng_low_bt_high,0.001,1.0,hard_extinction,True,40,1.4424038214046593e-05,0.001913036485577334,0.0028847287027341136,0.3826072971154667,1.4423643513670567e-05,0.0019130364855773335,1.188422591891225e-05,True,True,True,coexistence
401,Et,0.0,11.670268611958512,0.0,on,12.0,ng_high_bt_low,1.0,0.001,hard_extinction,True,40,1.4424501722858417e-05,0.001913036485577334,0.002884801784194116,0.3826072971154667,1.442400892097058e-05,0.0019130364855773335,1.4837585785798524e-05,True,True,True,coexistence
402,Et,0.01,11.670268611958512,0.11670268611958512,on,12.0,ng_low_bt_high,0.001,1.0,hard_extinction,True,40,1.49860720174242e-05,0.0019130354201828256,0.0029971543112379245,0.3826070840420473,1.4985771556189623e-05,0.0019130354202102364,8.707415489972448e-06,True,True,True,coexistence
403,Et,0.01,11.670268611958512,0.11670268611958512,on,12.0,ng_high_bt_low,1.0,0.001,hard_extinction,True,40,1.4986412825526636e-05,0.0019130354201517352,0.002997207487426919,0.38260708403719623,1.4986037437134596e-05,0.001913035420185981,1.0878596506280758e-05,True,True,True,coexistence
404,Et,0.010985411419875584,11.670268611958512,0.12820270208282464,on,12.0,ng_low_bt_high,0.001,1.0,hard_extinction,True,40,1.504115328685065e-05,0.0019130353102004142,0.003008172142190468,0.3826070620459566,1.504086071095234e-05,0.001913035310229783,8.447844598080678e-06,True,True,True,coexistence
405,Et,0.010985411419875584,11.670268611958512,0.12820270208282464,on,12.0,ng_high_bt_low,1.0,0.001,hard_extinction,True,40,1.5041483843783063e-05,0.0019130353101672313,0.0030082236657579878,0.3826070620407845,1.5041118328789938e-05,0.0019130353102039224,1.0553683694958238e-05,True,True,True,coexistence
406,Et,0.012067926406393288,11.670268611958512,0.14083594275195688,on,12.0,ng_low_bt_high,0.001,1.0,hard_extinction,True,40,1.5101599880335511e-05,0.00191303518834505,0.0030202631420461336,0.3826070376752884,1.5101315710230668e-05,0.001913035188376442,8.172290513641656e-06,True,True,True,coexistence
407,Et,0.012067926406393288,11.670268611958512,0.14083594275195688,on,12.0,ng_high_bt_low,1.0,0.001,hard_extinction,True,40,1.5101919516221872e-05,0.0019130351883097363,0.003020312906979187,0.3826070376697908,1.5101564534895934e-05,0.001913035188348954,1.0208519028331864e-05,True,True,True,coexistence
408,Et,0.013257113655901088,11.670268611958512,0.15471407738362902,on,12.0,ng_low_bt_high,0.001,1.0,hard_extinction,True,40,1.5167927611135904e-05,0.0019130350532321084,0.0030335304750638437,0.38260701065311564,1.5167652375319219e-05,0.0019130350532655781,7.88073862967309e-06,True,True,True,coexistence
409,Et,0.013257113655901088,11.670268611958512,0.15471407738362902,on,12.0,ng_high_bt_low,1.0,0.001,hard_extinction,True,40,1.5168235648334624e-05,0.0019130350531946499,0.0030335783745460945,0.38260701064729086,1.5167891872730473e-05,0.0019130350532364543,9.843038664136827e-06,True,True,True,coexistence
410,Et,0.014563484775012436,11.670268611958512,0.1699597792505633,on,12.0,ng_low_bt_high,0.001,1.0,hard_extinction,True,40,1.524070046572794e-05,0.001913034903295955,0.0030480869390713443,0.38260698066630655,1.5240434695356721e-05,0.0019130349033315327,7.573379238401401e-06,True,True,True,coexistence
411,Et,0.014563484775012436,11.670268611958512,0.1699597792505633,on,12.0,ng_high_bt_low,1.0,0.001,hard_extinction,True,40,1.5240996226593175e-05,0.0019130349032563596,0.0030481328667899903,0.382606980660159,1.5240664333949952e-05,0.0019130349033007951,9.457433186810249e-06,True,True,True,coexistence
412,Et,0.015998587196060583,11.670268611958512,0.18670780998986716,on,12.0,ng_low_bt_high,0.001,1.0,hard_extinction,True,40,1.532053480635869e-05,0.0019130347367628405,0.0030640558057606127,0.38260694736010814,1.5320279028803063e-05,0.0019130347368005408,7.250641210099218e-06,True,True,True,coexistence
413,Et,0.015998587196060583,11.670268611958512,0.18670780998986716,on,12.0,ng_high_bt_low,1.0,0.001,hard_extinction,True,40,1.5320817622562773e-05,0.001913034736721147,0.0030640996574636957,0.38260694735364426,1.532049828731848e-05,0.0019130347367682212,9.0521912206043e-06,True,True,True,coexistence
414,Et,0.017575106248547922,11.670268611958512,0.20510621080426472,on,12.0,ng_low_bt_high,0.001,1.0,hard_extinction,True,40,1.5408103877123566e-05,0.0019130345516191213,0.003081571721679076,0.3826069103317895,1.540785860839538e-05,0.0019130345516589476,6.9132254667536586e-06,True,True,True,coexistence
415,Et,0.017575106248547922,11.670268611958512,0.20510621080426472,on,12.0,ng_high_bt_low,1.0,0.001,hard_extinction,True,40,1.540837310063325e-05,0.0019130345515754122,0.003081613396995136,0.3826069103250232,1.540806698497568e-05,0.001913034551625116,8.6281434139579e-06,True,True,True,coexistence
416,Et,0.019306977288832496,11.670268611958512,0.22531761104565773,on,12.0,ng_low_bt_high,0.001,1.0,hard_extinction,True,40,1.5504142621441342e-05,0.0019130343455741315,0.003100781671498072,0.3826068691232072,1.5503908357490358e-05,0.0019130343456160359,6.562136699805876e-06,True,True,True,coexistence
417,Et,0.019306977288832496,11.670268611958512,0.22531761104565773,on,12.0,ng_high_bt_low,1.0,0.001,hard_extinction,True,40,1.5504397637175783e-05,0.0019130343455285145,0.003100821076018033,0.3826068691161595,1.5504105380090165e-05,0.0019130343455807974,8.186504929064142e-06,True,True,True,coexistence
418,Et,0.021209508879201904,11.670268611958512,0.24752066574800535,on,12.0,ng_low_bt_high,0.001,1.0,hard_extinction,True,40,1.5609452815303546e-05,0.0019130341160164199,0.003121846004444359,0.3826068232120675,1.5609230022221796e-05,0.0019130341160603376,6.198711221649944e-06,True,True,True,coexistence
419,Et,0.021209508879201904,11.670268611958512,0.24752066574800535,on,12.0,ng_high_bt_low,1.0,0.001,hard_extinction,True,40,1.560969305543649e-05,0.0019130341159690678,0.0031218830520554465,0.3826068232047647,1.5609415260277234e-05,0.0019130341160238234,7.728913703708429e-06,True,True,True,coexistence
420,Et,0.023299518105153717,11.670268611958512,0.2719116348163345,on,12.0,ng_low_bt_high,0.001,1.0,hard_extinction,True,40,1.5724908516128252e-05,0.0019130338599623162,0.0031449395238736895,0.38260677200162774,1.572469761936845e-05,0.0019130338600081387,5.824638491525036e-06,True,True,True,coexistence
421,Et,0.023299518105153717,11.670268611958512,0.2719116348163345,on,12.0,ng_high_bt_low,1.0,0.001,hard_extinction,True,40,1.5725133475894612e-05,0.0019130338599134325,0.003144974139315933,0.3826067719941059,1.5724870696579666e-05,0.0019130338599705296,7.257461624554651e-06,True,True,True,coexistence
422,Et,0.025595479226995357,11.670268611958512,0.29870611783084006,on,12.0,ng_low_bt_high,0.001,1.0,hard_extinction,True,40,1.5851461821109855e-05,0.001913033573995239,0.0031702526387808426,0.38260671480856606,1.5851263193904213e-05,0.0019130335740428304,5.4419734505373185e-06,True,True,True,coexistence
423,Et,0.025595479226995357,11.670268611958512,0.29870611783084006,on,12.0,ng_high_bt_low,1.0,0.001,hard_extinction,True,40,1.5851671075860742e-05,0.0019130335739451021,0.0031702847603790768,0.38260671480086994,1.5851423801895383e-05,0.0019130335740043497,6.774714727875164e-06,True,True,True,coexistence
424,Et,0.028117686979742307,11.670268611958512,0.3281409598005612,on,12.0,ng_low_bt_high,0.001,1.0,hard_extinction,True,40,1.5990148921454532e-05,0.001913033254194002,0.0031979925745440193,0.38260665084863626,1.5989962872720096e-05,0.0019130332542431814,5.053136411525827e-06,True,True,True,coexistence
425,Et,0.028117686979742307,11.670268611958512,0.3281409598005612,on,12.0,ng_high_bt_low,1.0,0.001,hard_extinction,True,40,1.5990342144547196e-05,0.0019130332541429254,0.0031980221570400594,0.3826066508408167,1.5990110785200296e-05,0.0019130332542040835,6.283718471777888e-06,True,True,True,coexistence
426,Et,0.030888435964774818,11.670268611958512,0.360476344712202,on,12.0,ng_low_bt_high,0.001,1.0,hard_extinction,True,40,1.6142096429450822e-05,0.0019130328960478523,0.003228384638314029,0.38260657921967733,1.6141923191570147e-05,0.0019130328960983867,4.660897364061611e-06,True,True,True,coexistence
427,Et,0.030888435964774818,11.670268611958512,0.360476344712202,on,12.0,ng_high_bt_low,1.0,0.001,hard_extinction,True,40,1.614227341039472e-05,0.001913032895996225,0.003228411655699139,0.38260657921179714,1.6142058278495696e-05,0.0019130328960589857,5.787983579530476e-06,True,True,True,coexistence
428,Et,0.03393221771895328,11.670268611958512,0.3959980953796429,on,12.0,ng_low_bt_high,0.001,1.0,hard_extinction,True,40,1.6308527943615224e-05,0.0019130324943558024,0.0032616735321196943,0.3826064988814845,1.6308367660598472e-05,0.0019130324944074226,4.268341554869437e-06,True,True,True,coexistence
429,Et,0.03393221771895328,11.670268611958512,0.3959980953796429,on,12.0,ng_high_bt_low,1.0,0.001,hard_extinction,True,40,1.6308688605700873e-05,0.001913032494304058,0.0032616979803346876,0.38260649887361114,1.6308489901673438e-05,0.0019130324943680557,5.291448329280968e-06,True,True,True,coexistence
430,Et,0.0372759372031494,11.670268611958512,0.435020199923251,on,12.0,ng_low_bt_high,0.001,1.0,hard_extinction,True,40,1.649077080275495e-05,0.0019130320431069614,0.003298124703879454,0.3826064086318718,1.649062351939727e-05,0.001913032043159359,3.8788139171686e-06,True,True,True,coexistence
431,Et,0.0372759372031494,11.670268611958512,0.435020199923251,on,12.0,ng_high_bt_low,1.0,0.001,hard_extinction,True,40,1.649091521920602e-05,0.0019130320430555783,0.0032981466032224,0.3826064086240807,1.6490733016112e-05,0.0019130320431204034,4.798413526962975e-06,True,True,True,coexistence
432,Et,0.040949150623804234,11.670268611958512,0.4778875872113439,on,12.0,ng_low_bt_high,0.001,1.0,hard_extinction,True,40,1.669026296224675e-05,0.0019130315353381505,0.0033380257229973036,0.3826063070781946,1.6690128614986518e-05,0.001913031535390973,3.4958409731444817e-06,True,True,True,coexistence
433,Et,0.040949150623804234,11.670268611958512,0.4778875872113439,on,12.0,ng_high_bt_low,1.0,0.001,hard_extinction,True,40,1.669039136974778e-05,0.001913031535287657,0.0033380451200509245,0.38260630707056914,1.669022560025462e-05,0.0019130315353528458,4.313447645287738e-06,True,True,True,coexistence
434,Et,0.04498432668969444,11.670268611958512,0.5249791757968286,on,12.0,ng_low_bt_high,0.001,1.0,hard_extinction,True,40,1.6908559904576985e-05,0.0019130309629641607,0.0033816876629642082,0.38260619260340695,1.690843831482104e-05,0.0019130309630170346,3.1230304120555274e-06,True,True,True,coexistence
435,Et,0.04498432668969444,11.670268611958512,0.5249791757968286,on,12.0,ng_high_bt_low,1.0,0.001,hard_extinction,True,40,1.6908672712904877e-05,0.0019130309629151047,0.003381704631839271,0.38260619259602857,1.6908523159196355e-05,0.001913030962980143,3.841261515091787e-06,True,True,True,coexistence
436,Et,0.04941713361323833,11.670268611958512,0.5767112232995353,on,12.0,ng_low_bt_high,0.001,1.0,hard_extinction,True,40,1.7147341470688233e-05,0.0019130303165750889,0.0034294464682751193,0.38260606332552094,1.7147232341375598e-05,0.0019130303166276048,2.763950693207562e-06,True,True,True,coexistence
437,Et,0.04941713361323833,11.670268611958512,0.5767112232995353,on,12.0,ng_high_bt_low,1.0,0.001,hard_extinction,True,40,1.7147439267103777e-05,0.0019130303165280239,0.003429461110960274,0.38260606331847397,1.714730555480137e-05,0.0019130303165923698,3.3865545292499633e-06,True,True,True,coexistence
438,Et,0.054286754393238594,11.670268611958512,0.6335410058405132,on,12.0,ng_low_bt_high,0.001,1.0,hard_extinction,True,40,1.740841846820518e-05,0.0019130295851939357,0.003481664276860962,0.3826059170491347,1.740832138430481e-05,0.0019130295852456737,2.421995854540171e-06,True,True,True,coexistence
439,Et,0.054286754393238594,11.670268611958512,0.6335410058405132,on,12.0,ng_high_bt_low,1.0,0.001,hard_extinction,True,40,1.740850201530847e-05,0.001913029585149409,0.003481676722485687,0.38260591704250096,1.7408383612428437e-05,0.0019130295852125049,2.953837689112504e-06,True,True,True,coexistence
440,Et,0.05963623316594643,11.670268611958512,0.6959708600519838,on,12.0,ng_low_bt_high,0.001,1.0,hard_extinction,True,40,1.769373887649275e-05,0.0019130287559863458,0.0035387306619962342,0.38260575120737744,1.769365330998117e-05,0.0019130287560368872,2.100243020386472e-06,True,True,True,coexistence
441,Et,0.05963623316594643,11.670268611958512,0.6959708600519838,on,12.0,ng_high_bt_low,1.0,0.001,hard_extinction,True,40,1.769380910245819e-05,0.0019130287559448588,0.0035387410648537424,0.3826057512012317,1.7693705324268712e-05,0.0019130287560061585,2.5472426203876353e-06,True,True,True,coexistence
442,Et,0.0655128556859551,11.670268611958512,0.7645526233915695,on,12.0,ng_low_bt_high,0.001,1.0,hard_extinction,True,40,1.8005393426000133e-05,0.001913027813912235,0.0036010637491172095,0.3826055627922335,1.800531874558605e-05,0.0019130278139611677,1.801313442406638e-06,True,True,True,coexistence
443,Et,0.0655128556859551,11.670268611958512,0.7645526233915695,on,12.0,ng_high_bt_low,1.0,0.001,hard_extinction,True,40,1.8005451406465658e-05,0.0019130278138742465,0.0036010722853638674,0.38260556278663954,1.800536142681934e-05,0.0019130278139331976,2.1703293331398754e-06,True,True,True,coexistence
444,Et,0.07196856730011521,11.670268611958512,0.8398925120101582,on,12.0,ng_low_bt_high,0.001,1.0,hard_extinction,True,40,1.8345620279642463e-05,0.0019130267413073434,0.0036691111530310276,0.382605348270857,1.8345555765155137e-05,0.001913026741354285,1.5272491831197499e-06,True,True,True,coexistence
445,Et,0.07196856730011521,11.670268611958512,0.8398925120101582,on,12.0,ng_high_bt_low,1.0,0.001,hard_extinction,True,40,1.8345667211119522e-05,0.0019130267412731986,0.0036691180160783343,0.38260534826586196,1.8345590080391672e-05,0.0019130267413293098,1.8259089564764963e-06,True,True,True,coexistence
446,Et,0.07906043210907697,11.670268611958512,0.9226564792904379,on,12.0,ng_low_bt_high,0.001,1.0,hard_extinction,True,40,1.8716808486478122e-05,0.0019130255173794408,0.003743350669477807,0.3826051034848058,1.8716753347389033e-05,0.001913025517424029,1.2794187709275207e-06,True,True,True,coexistence
447,Et,0.07906043210907697,11.670268611958512,0.9226564792904379,on,12.0,ng_high_bt_low,1.0,0.001,hard_extinction,True,40,1.8716845651894727e-05,0.0019130255173493824,0.0037433560642197304,0.3826051034804419,1.8716780321098652e-05,0.0019130255174022095,1.5158992470176713e-06,True,True,True,coexistence
448,Et,0.08685113737513525,11.670268611958512,1.0135761024219379,on,12.0,ng_low_bt_high,0.001,1.0,hard_extinction,True,40,1.912149981202293e-05,0.0019130241176010293,0.0038242906418221438,0.3826048235285951,1.9121453209110718e-05,0.0019130241176429754,1.058463583447633e-06,True,True,True,coexistence
449,Et,0.08685113737513525,11.670268611958512,1.0135761024219379,on,12.0,ng_high_bt_low,1.0,0.001,hard_extinction,True,40,1.912152853990115e-05,0.0019130241175751837,0.0038242947779806137,0.38260482352487335,1.912147388990307e-05,0.0019130241176243668,1.2412305441245053e-06,True,True,True,coexistence
450,Et,0.09540954763499938,11.670268611958512,1.1134550490458939,on,12.0,ng_low_bt_high,0.001,1.0,hard_extinction,True,40,1.9562388475004474e-05,0.0019130225129759182,0.00391246990874929,0.3826045026029921,1.9562349543746453e-05,0.0019130225130149605,8.642935656055784e-07,True,True,True,coexistence
451,Et,0.09540954763499938,11.670268611958512,1.1134550490458939,on,12.0,ng_high_bt_low,1.0,0.001,hard_extinction,True,40,1.95624100946845e-05,0.0019130225129542432,0.003912472993760906,0.38260450259989875,1.956236496880453e-05,0.0019130225129994937,1.001816348988882e-06,True,True,True,coexistence
452,Et,0.10481131341546858,11.670268611958512,1.2231761811306892,on,12.0,ng_low_bt_high,0.001,1.0,hard_extinction,True,40,2.00423182373516e-05,0.0019130206691517922,0.0040084572222674275,0.3826041338375473,2.004228611133714e-05,0.0019130206691877366,6.961351042278352e-07,True,True,True,coexistence
453,Et,0.10481131341546858,11.670268611958512,1.2231761811306892,on,12.0,ng_high_bt_low,1.0,0.001,hard_extinction,True,40,2.0042334033483015e-05,0.0019130206691341178,0.004008459454246218,0.3826041338350504,2.0042297271231088e-05,0.001913020669175252,7.965966926093415e-07,True,True,True,coexistence
454,Et,0.1151395399326447,11.670268611958512,1.3437093588712872,on,12.0,ng_low_bt_high,0.001,1.0,hard_extinction,True,40,2.0564276203590342e-05,0.0019130185453445005,0.004112850007234284,0.3826037090754443,2.056425003617142e-05,0.0019130185453772213,5.526269051259192e-07,True,True,True,coexistence
455,Et,0.1151395399326447,11.670268611958512,1.3437093588712872,on,12.0,ng_high_bt_low,1.0,0.001,hard_extinction,True,40,2.0564287373613877e-05,0.001913018545330537,0.004112851568603486,0.3826037090734912,2.056425784301743e-05,0.0019130185453674561,6.23653201969887e-07,True,True,True,coexistence
456,Et,0.12648552168552957,11.670268611958512,1.4761200135938335,on,12.0,ng_low_bt_high,0.001,1.0,hard_extinction,True,40,2.1131382589307506e-05,0.0019130160930314424,0.004226272314380657,0.3826032186121719,2.1131361571903282e-05,0.0019130160930608594,4.319521798024084e-07,True,True,True,coexistence
457,Et,0.12648552168552957,11.670268611958512,1.4761200135938335,on,12.0,ng_high_bt_low,1.0,0.001,hard_extinction,True,40,2.113139020771698e-05,0.0019130160930207751,0.004226273366748066,0.38260321861069835,2.113136683374033e-05,0.0019130160930534918,4.803845898848635e-07,True,True,True,coexistence
458,Et,0.13894954943731375,11.670268611958512,1.6215785654440602,on,12.0,ng_low_bt_high,0.001,1.0,hard_extinction,True,40,2.1746875618831214e-05,0.0019130132543608458,0.004349371798957261,0.38260265087738793,2.1746858994786303e-05,0.0019130132543869395,3.319894563702519e-07,True,True,True,coexistence
459,Et,0.13894954943731375,11.670268611958512,1.6215785654440602,on,12.0,ng_high_bt_low,1.0,0.001,hard_extinction,True,40,2.174688061148704e-05,0.001913013254353004,0.0043493724796962625,0.3826026508763195,2.1746862398481313e-05,0.0019130132543815975,3.637216288154832e-07,True,True,True,coexistence
460,Et,0.15264179671752334,11.670268611958512,1.7813707691054645,on,12.0,ng_low_bt_high,0.001,1.0,hard_extinction,True,40,2.2414090614190744e-05,0.001913009960210798,0.0044828155375566565,0.38260199204672024,2.2414077687783282e-05,0.0019130099602336012,2.5046159102259935e-07,True,True,True,coexistence
461,Et,0.15264179671752334,11.670268611958512,1.7813707691054645,on,12.0,ng_high_bt_low,1.0,0.001,hard_extinction,True,40,2.241409374485818e-05,0.0019130099602052725,0.00448281595835767,0.38260199204597795,2.2414079791788353e-05,0.0019130099602298898,2.7035413197040725e-07,True,True,True,coexistence
462,Et,0.16768329368110074,11.670268611958512,1.9569090789963712,on,12.0,ng_low_bt_high,0.001,1.0,hard_extinction,True,40,2.3136432246956493e-05,0.0019130061278144937,0.004627284477584476,0.382601225566817,2.3136422387922382e-05,0.0019130061278340852,1.850641790923646e-07,True,True,True,coexistence
463,Et,0.16768329368110074,11.670268611958512,1.9569090789963712,on,12.0,ng_high_bt_low,1.0,0.001,hard_extinction,True,40,2.3136434116673246e-05,0.0019130061278107716,0.004627284724983164,0.382601225566325,2.3136423624915823e-05,0.001913006127831625,1.9694103059464396e-07,True,True,True,coexistence
464,Et,0.18420699693267154,11.670268611958512,2.1497451344064946,on,12.0,ng_low_bt_high,0.001,1.0,hard_extinction,True,40,2.39173388502859e-05,0.0019130016578466384,0.004783466298974456,0.38260033157262807,2.391733149487228e-05,0.0019130016578631404,1.3356067452008347e-07,True,True,True,coexistence
465,Et,0.18420699693267154,11.670268611958512,2.1497451344064946,on,12.0,ng_high_bt_low,1.0,0.001,hard_extinction,True,40,2.391733990842304e-05,0.001913001657844258,0.004783466436592961,0.3826003315723192,2.3917332182964805e-05,0.001913001657861596,1.4027999295507243e-07,True,True,True,coexistence
466,Et,0.20235896477251566,11.670268611958512,2.361583474933108,on,12.0,ng_low_bt_high,0.001,1.0,hard_extinction,True,40,2.4760237641873865e-05,0.0019129964308373325,0.00495204645835514,0.3825992861701853,2.47602322917757e-05,0.0019129964308509265,9.384070942530798e-08,True,True,True,coexistence
467,Et,0.20235896477251566,11.670268611958512,2.361583474933108,on,12.0,ng_high_bt_low,1.0,0.001,hard_extinction,True,40,2.4760238206173577e-05,0.0019129964308358931,0.004952046530370412,0.382599286170002,2.476023265185206e-05,0.0019129964308500099,9.742278450630693e-08,True,True,True,coexistence
468,Et,0.22229964825261944,11.670268611958512,2.5942966074519624,on,12.0,ng_low_bt_high,0.001,1.0,hard_extinction,True,40,2.5668489704681217e-05,0.0019129903027428122,0.00513369718502789,0.382598060550744,2.566848592513945e-05,0.0019129903027537201,6.394743934379221e-08,True,True,True,coexistence
469,Et,0.22229964825261944,11.670268611958512,2.5942966074519624,on,12.0,ng_high_bt_low,1.0,0.001,hard_extinction,True,40,2.5668489986529184e-05,0.0019129903027420025,0.005133697220257293,0.38259806055064244,2.5668486101286463e-05,0.001912990302753212,6.573583188895782e-08,True,True,True,coexistence
470,Et,0.2442053094548651,11.670268611958512,2.8499415578047276,on,12.0,ng_low_bt_high,0.001,1.0,hard_extinction,True,20,2.6723712465284945e-05,0.0019129827150221584,0.0053445894853638605,0.3825965435105801,2.6722947426819302e-05,0.0019129827175529005,1.2433030327052563e-05,True,True,True,coexistence
471,Et,0.2442053094548651,11.670268611958512,2.8499415578047276,on,12.0,ng_high_bt_low,1.0,0.001,hard_extinction,True,40,2.6645323762059337e-05,0.0019129830994531931,0.0053290642257970994,0.3825966198923699,2.6645321128985497e-05,0.0019129830994618496,4.291670396838754e-08,True,True,True,coexistence
472,Et,0.2682695795279725,11.670268611958512,3.130778053508605,on,12.0,ng_low_bt_high,0.001,1.0,hard_extinction,True,20,2.777332276701581e-05,0.001912974166151591,0.005554564869215387,0.3825948336074607,2.7772824346076935e-05,0.0019129741680373035,7.79393231997716e-06,True,True,True,coexistence
473,Et,0.2682695795279725,11.670268611958512,3.130778053508605,on,12.0,ng_high_bt_low,1.0,0.001,hard_extinction,True,40,2.7693756939359524e-05,0.0019129746099556882,0.005538751043737644,0.38259492199243206,2.7693755218688223e-05,0.0019129746099621602,2.6983628664822845e-08,True,True,True,coexistence
474,Et,0.29470517025518095,11.670268611958512,3.4392884982109275,on,12.0,ng_low_bt_high,0.001,1.0,hard_extinction,True,20,2.8897512160479145e-05,0.0019129640627501632,0.005779440751673436,0.38259281281799784,2.8897203758367178e-05,0.0019129640640899892,4.634933442382305e-06,True,True,True,coexistence
475,Et,0.29470517025518095,11.670268611958512,3.4392884982109275,on,12.0,ng_high_bt_low,1.0,0.001,hard_extinction,True,40,2.8816504210910972e-05,0.0019129645777747777,0.005763300626469663,0.38259291555588765,2.8816503132348318e-05,0.0019129645777794383,1.6255053303382283e-08,True,True,True,coexistence
476,Et,0.32374575428176433,11.670268611958512,3.7781999144493073,on,12.0,ng_low_bt_high,0.001,1.0,hard_extinction,True,20,3.009851167493535e-05,0.0019129520896712373,0.0060196663472052115,0.3825904181145742,3.009833173602606e-05,0.0019129520905728711,2.5963644727511337e-06,True,True,True,coexistence
477,Et,0.32374575428176433,11.670268611958512,3.7781999144493073,on,12.0,ng_high_bt_low,1.0,0.001,hard_extinction,True,20,3.0099304053587996e-05,0.0019129520857007621,0.006019755284156809,0.3825904176689313,3.0098776420784045e-05,0.0019129520883446566,7.613133369055447e-06,True,True,True,coexistence
478,Et,0.35564803062231287,11.670268611958512,4.150508048676437,on,12.0,ng_low_bt_high,0.001,1.0,hard_extinction,True,20,3.137802902216295e-05,0.0019129378613559642,0.00627558617885345,0.38258757238516355,3.137793089426725e-05,0.0019129378619258178,1.3581627094083615e-06,True,True,True,coexistence
479,Et,0.35564803062231287,11.670268611958512,4.150508048676437,on,12.0,ng_high_bt_low,1.0,0.001,hard_extinction,True,20,3.1378521859177294e-05,0.0019129378584939012,0.0062756396896918604,0.38258757207441263,3.13781984484593e-05,0.001912937860372063,4.47618948307138e-06,True,True,True,coexistence
480,Et,0.3906939937054615,11.670268611958512,4.559503851621564,on,12.0,ng_low_bt_high,0.001,1.0,hard_extinction,True,20,3.273712167655499e-05,0.0019129209043217928,0.006547414444217977,0.3825841809312833,3.273707222108989e-05,0.0019129209046564166,6.560824550305711e-07,True,True,True,coexistence
481,Et,0.3906939937054615,11.670268611958512,4.559503851621564,on,12.0,ng_high_bt_low,1.0,0.001,hard_extinction,True,20,3.273741254700859e-05,0.0019129209023536606,0.006547444897347187,0.3825841807252283,3.273722448673594e-05,0.0019129209036261416,2.4948144776715253e-06,True,True,True,coexistence
482,Et,0.42919342601287763,11.670268611958512,5.008802568057024,on,12.0,ng_low_bt_high,0.001,1.0,hard_extinction,True,20,3.417605953495678e-05,0.0019129006347013008,0.006835207370798696,0.3825801269762326,3.417603685399348e-05,0.001912900634881163,2.882198923970236e-07,True,True,True,coexistence
483,Et,0.42919342601287763,11.670268611958512,5.008802568057024,on,12.0,ng_high_bt_low,1.0,0.001,hard_extinction,True,20,3.4176221575198123e-05,0.0019129006334163506,0.0068352236722461395,0.38258012684696446,3.4176118361230694e-05,0.0019129006342348224,1.3115938743979427e-06,True,True,True,coexistence
484,Et,0.47148663634573923,11.670268611958512,5.502375693103578,on,12.0,ng_low_bt_high,0.001,1.0,hard_extinction,True,20,3.5694181449044796e-05,0.0019128763292127087,0.007138834440927198,0.38257526585983265,3.569417220463599e-05,0.0019128763292991632,1.1247760767219006e-07,True,True,True,coexistence
485,Et,0.47148663634573923,11.670268611958512,5.502375693103578,on,12.0,ng_high_bt_low,1.0,0.001,hard_extinction,True,20,3.5694266173188024e-05,0.00191287632842027,0.0071388425996325895,0.38257526578352374,3.5694212998162945e-05,0.0019128763289176188,6.469844873180364e-07,True,True,True,coexistence
486,Et,0.517947467923121,11.670268611958512,6.044586077546587,on,12.0,ng_low_bt_high,0.001,1.0,hard_extinction,True,20,3.728975231274207e-05,0.0019128470873293565,0.0074579498207157854,0.3825694174730043,3.7289749103578926e-05,0.0019128470873650215,3.737546538928882e-08,True,True,True,coexistence
487,Et,0.517947467923121,11.670268611958512,6.044586077546587,on,12.0,ng_high_bt_low,1.0,0.001,hard_extinction,True,20,3.7289793639365355e-05,0.0019128470868702333,0.007457953614287446,0.3825694174308588,3.728976807143723e-05,0.001912847087154294,2.9777621435300716e-07,True,True,True,coexistence
488,Et,0.5689866029018296,11.670268611958512,6.6402264924701235,on,12.0,ng_low_bt_high,0.001,1.0,hard_extinction,True,20,3.8959830199449596e-05,0.0019128117815376813,0.007791965868556352,0.3825623563098159,3.8959829342781764e-05,0.0019128117815490795,9.549479429438179e-09,True,True,True,coexistence
489,Et,0.5689866029018296,11.670268611958512,6.6402264924701235,on,12.0,ng_high_bt_low,1.0,0.001,hard_extinction,True,20,3.8959848886283475e-05,0.0019128117812891921,0.007791967496344475,0.3825623562881708,3.8959837481722376e-05,0.001912811781440854,1.2712930530511812e-07,True,True,True,coexistence
490,Et,0.6250551925273969,11.670268611958512,7.294561994094165,on,12.0,ng_low_bt_high,0.001,1.0,hard_extinction,True,20,4.0700156333884775e-05,0.0019127689913049305,0.008140031245032552,0.38255379826133346,4.0700156225162764e-05,0.0019127689913066672,1.1601279936712672e-09,True,True,True,coexistence
491,Et,0.6250551925273969,11.670268611958512,7.294561994094165,on,12.0,ng_high_bt_low,1.0,0.001,hard_extinction,True,20,4.07001641157091e-05,0.001912768991180012,0.008140031885161414,0.3825537982510601,4.070015942580707e-05,0.0019127689912553005,5.00439911732542e-08,True,True,True,coexistence
492,Et,0.6866488450042998,11.670268611958512,8.013376463291246,on,12.0,ng_low_bt_high,0.001,1.0,hard_extinction,True,20,4.250508458504762e-05,0.001912716914531178,0.008501016927461537,0.3825433829060322,4.250508463730768e-05,0.0019127169145301609,5.339657604963577e-10,True,True,True,coexistence
493,Et,0.6866488450042998,11.670268611958512,8.013376463291246,on,12.0,ng_high_bt_low,1.0,0.001,hard_extinction,True,20,4.250508754997351e-05,0.0019127169144731995,0.008501017156570886,0.38254338290155104,4.250508578285443e-05,0.0019127169145077552,1.8055486883383765e-08,True,True,True,coexistence
494,Et,0.7543120063354615,11.670268611958512,8.803023731160186,on,12.0,ng_low_bt_high,0.001,1.0,hard_extinction,True,20,4.436757189124692e-05,0.0019126532475428365,0.008873514388224549,0.3825306495083257,4.436757194112274e-05,0.0019126532475416285,4.882130255623451e-10,True,True,True,coexistence
495,Et,0.7543120063354615,11.670268611958512,8.803023731160186,on,12.0,ng_high_bt_low,1.0,0.001,hard_extinction,True,20,4.436757291831496e-05,0.0019126532475181193,0.008873514462361417,0.3825306495065426,4.436757231180709e-05,0.001912653247532713,5.936836799946832e-09,True,True,True,coexistence
496,Et,0.8286427728546842,11.670268611958512,9.670483742572289,on,12.0,ng_low_bt_high,0.001,1.0,hard_extinction,True,20,4.627925685748724e-05,0.0019125750206469751,0.009255851376540638,0.38251500412924283,4.627925688270319e-05,0.0019125750206462142,2.3663204729018616e-10,True,True,True,coexistence
497,Et,0.8286427728546842,11.670268611958512,9.670483742572289,on,12.0,ng_high_bt_low,1.0,0.001,hard_extinction,True,20,4.627925717917399e-05,0.0019125750206373496,0.009255851398103216,0.38251500412859757,4.627925699051608e-05,0.0019125750206429879,1.7704060439882596e-09,True,True,True,coexistence
498,Et,0.9102981779915218,11.670268611958512,10.623424254137479,on,12.0,ng_low_bt_high,0.001,1.0,hard_extinction,True,20,4.823066108556127e-05,0.001912478370211412,0.009646132219046517,0.38249567404220974,4.8230661095232584e-05,0.0019124783702110487,8.708589405159728e-11,True,True,True,coexistence
499,Et,0.9102981779915218,11.670268611958512,10.623424254137479,on,12.0,ng_high_bt_low,1.0,0.001,hard_extinction,True,20,4.823066117629685e-05,0.001912478370207999,0.009646132224659557,0.3824956740419978,4.823066112329778e-05,0.001912478370209989,4.772315875811728e-10,True,True,True,coexistence
500,Et,0.9999999999999994,11.670268611958512,11.670268611958505,on,12.0,ng_low_bt_high,0.001,1.0,hard_extinction,True,20,5.021155721450043e-05,0.0019123582190696514,0.01004231144351038,0.3824716438139004,5.0211557217551896e-05,0.0019123582190695022,2.639310991980892e-11,True,True,True,coexistence
501,Et,0.9999999999999994,11.670268611958512,11.670268611958505,on,12.0,ng_high_bt_low,1.0,0.001,hard_extinction,True,20,5.021155723752002e-05,0.001912358219068551,0.010042311444816368,0.3824716438138399,5.0211557224081836e-05,0.0019123582190691995,1.1623058071563719e-10,True,True,True,coexistence
502,Et,1.0985411419875584,11.670268611958512,12.820270208282462,on,12.0,ng_low_bt_high,0.001,1.0,hard_extinction,True,20,5.2211560234558376e-05,0.001912207823063681,0.010442312047075627,0.38244156461272594,5.2211560235378134e-05,0.0019122078230636296,6.8185457280378614e-12,True,True,True,coexistence
503,Et,1.0985411419875584,11.670268611958512,12.820270208282462,on,12.0,ng_high_bt_low,1.0,0.001,hard_extinction,True,20,5.2211560239828506e-05,0.0019122078230633549,0.010442312047348155,0.3824415646127106,5.221156023674078e-05,0.001912207823063553,2.568434354088822e-11,True,True,True,coexistence
504,Et,1.2067926406393277,11.670268611958512,14.083594275195674,on,12.0,ng_low_bt_high,0.001,1.0,hard_extinction,True,20,5.422101633431815e-05,0.0019120181200460344,0.010844203266902115,0.38240362400920325,5.4221016334510575e-05,0.0019120181200460162,1.5409895581797173e-12,True,True,True,coexistence
505,Et,1.2067926406393277,11.670268611958512,14.083594275195674,on,12.0,ng_high_bt_low,1.0,0.001,hard_extinction,True,20,5.4221016335419164e-05,0.0019120181200459406,0.010844203266953773,0.3824036240091991,5.4221016334768866e-05,0.0019120181200459954,5.208278253121534e-12,True,True,True,coexistence
506,Et,1.325711365590108,11.670268611958512,15.471407738362894,on,12.0,ng_low_bt_high,0.001,1.0,hard_extinction,True,20,5.623228978212677e-05,0.0019117767844881815,0.011246457956433415,0.38235535689763483,5.623228978216707e-05,0.001911776784488174,3.1086244689504383e-13,True,True,True,coexistence
507,Et,1.325711365590108,11.670268611958512,15.471407738362894,on,12.0,ng_high_bt_low,1.0,0.001,hard_extinction,True,20,5.623228978234172e-05,0.001911776784488155,0.011246457956442527,0.38235535689763395,5.6232289782212636e-05,0.0019117767844881698,9.965361869035405e-13,True,True,True,coexistence
508,Et,1.456348477501243,11.670268611958512,16.995977925056323,on,12.0,ng_low_bt_high,0.001,1.0,hard_extinction,True,20,5.82415889358554e-05,0.001911466839602285,0.011648317787172688,0.38229336792045576,5.824158893586344e-05,0.0019114668396022789,5.950795411990839e-14,True,True,True,coexistence
509,Et,1.456348477501243,11.670268611958512,16.995977925056323,on,12.0,ng_high_bt_low,1.0,0.001,hard_extinction,True,20,5.824158893589597e-05,0.001911466839602279,0.011648317787174211,0.3822933679204551,5.824158893587106e-05,0.0019114668396022754,1.8562928971732617e-13,True,True,True,coexistence
510,Et,1.5998587196060574,11.670268611958512,18.670780998986707,on,12.0,ng_low_bt_high,0.001,1.0,hard_extinction,True,20,6.025153668989608e-05,0.0019110646002273497,0.012050307337979514,0.38221292004546975,6.025153668989757e-05,0.0019110646002273488,1.0658141036401503e-14,True,True,True,coexistence
511,Et,1.5998587196060574,11.670268611958512,18.670780998986707,on,12.0,ng_high_bt_low,1.0,0.001,hard_extinction,True,20,6.025153668990409e-05,0.0019110646002273497,0.012050307337979765,0.38221292004546975,6.0251536689898824e-05,0.0019110646002273488,3.8191672047105385e-14,True,True,True,coexistence
512,Et,1.7575106248547911,11.670268611958512,20.51062108042646,on,12.0,ng_low_bt_high,0.001,1.0,hard_extinction,True,20,6.227479204995776e-05,0.0019105366012023882,0.012454958409991619,0.3821073202404784,6.22747920499581e-05,0.001910536601202392,1.7763568394002505e-15,True,True,True,coexistence
513,Et,1.7575106248547911,11.670268611958512,20.51062108042646,on,12.0,ng_high_bt_low,1.0,0.001,hard_extinction,True,20,6.22747920499593e-05,0.0019105366012023895,0.012454958409991643,0.38210732024047833,6.227479204995822e-05,0.0019105366012023917,7.993605777301127e-15,True,True,True,coexistence
514,Et,1.9306977288832496,11.670268611958512,22.531761104565774,on,12.0,ng_low_bt_high,0.001,1.0,hard_extinction,True,20,6.433918443768349e-05,0.0019098349948258654,0.012867836887536708,0.3819669989651734,6.433918443768355e-05,0.0019098349948258669,8.881784197001252e-16,True,True,True,coexistence
515,Et,1.9306977288832496,11.670268611958512,22.531761104565774,on,12.0,ng_high_bt_low,1.0,0.001,hard_extinction,True,20,6.43391844376839e-05,0.0019098349948258654,0.012867836887536722,0.3819669989651734,6.433918443768361e-05,0.0019098349948258669,2.6645352591003757e-15,True,True,True,coexistence
516,Et,2.1209508879201904,11.670268611958512,24.752066574800534,on,12.0,ng_low_bt_high,0.001,1.0,hard_extinction,True,20,6.649503976707805e-05,0.001908890677231553,0.01329900795341559,0.38177813544631073,6.649503976707794e-05,0.0019088906772315537,8.881784197001252e-16,True,True,True,coexistence
517,Et,2.1209508879201904,11.670268611958512,24.752066574800534,on,12.0,ng_high_bt_low,1.0,0.001,hard_extinction,True,20,6.649503976707836e-05,0.0019088906772315528,0.013299007953415598,0.38177813544631073,6.6495039767078e-05,0.0019088906772315537,2.6645352591003757e-15,True,True,True,coexistence
518,Et,2.329951810515372,11.670268611958512,27.191163481633453,on,12.0,ng_low_bt_high,0.001,1.0,hard_extinction,True,20,6.88256209902055e-05,0.001907603182684758,0.013765124198041101,0.38152063653695034,6.88256209902055e-05,0.0019076031826847518,1.3322676295501878e-15,True,True,True,coexistence
519,Et,2.329951810515372,11.670268611958512,27.191163481633453,on,12.0,ng_high_bt_low,1.0,0.001,hard_extinction,True,20,6.882562099020573e-05,0.0019076031826847578,0.01376512419804111,0.3815206365369504,6.882562099020555e-05,0.001907603182684752,1.3322676295501878e-15,True,True,True,coexistence
520,Et,2.5595479226995357,11.670268611958512,29.870611783084005,on,12.0,ng_low_bt_high,0.001,1.0,hard_extinction,True,20,7.146167747171134e-05,0.0019058264015206904,0.014292335494342287,0.38116528030413727,7.146167747171143e-05,0.0019058264015206863,8.881784197001252e-16,True,True,True,coexistence
521,Et,2.5595479226995357,11.670268611958512,29.870611783084005,on,12.0,ng_high_bt_low,1.0,0.001,hard_extinction,True,20,7.146167747171198e-05,0.0019058264015206902,0.014292335494342286,0.38116528030413727,7.146167747171143e-05,0.0019058264015206863,3.552713678800501e-15,True,True,True,coexistence
522,Et,2.811768697974228,11.670268611958512,32.81409598005609,on,12.0,ng_low_bt_high,0.001,1.0,hard_extinction,True,20,7.460032831938375e-05,0.0019033501534553648,0.014920065663876787,0.3806700306910722,7.460032831938394e-05,0.0019033501534553609,1.7763568394002505e-15,True,True,True,coexistence
523,Et,2.811768697974228,11.670268611958512,32.81409598005609,on,12.0,ng_high_bt_low,1.0,0.001,hard_extinction,True,20,7.460032831938593e-05,0.001903350153455362,0.014920065663876863,0.3806700306910723,7.460032831938432e-05,0.0019033501534553615,9.769962616701378e-15,True,True,True,coexistence
524,Et,3.0888435964774787,11.670268611958512,36.047634471220164,on,12.0,ng_low_bt_high,0.001,1.0,hard_extinction,True,20,7.852511405000699e-05,0.0018998813845463797,0.015705022810001877,0.3799762769092756,7.852511405000938e-05,0.001899881384546378,1.3322676295501878e-14,True,True,True,coexistence
525,Et,3.0888435964774787,11.670268611958512,36.047634471220164,on,12.0,ng_high_bt_low,1.0,0.001,hard_extinction,True,20,7.852511405002474e-05,0.001899881384546365,0.015705022810002515,0.37997627690927493,7.852511405001258e-05,0.0018998813845463747,6.661338147750939e-14,True,True,True,coexistence
526,Et,3.3932217718953264,11.670268611958512,39.599809537964276,on,12.0,ng_low_bt_high,0.001,1.0,hard_extinction,True,20,8.361459783961148e-05,0.001895038483903103,0.01672291956792757,0.37900769678061547,8.361459783963785e-05,0.0018950384839030773,1.3677947663381929e-13,True,True,True,coexistence
527,Et,3.3932217718953264,11.670268611958512,39.599809537964276,on,12.0,ng_high_bt_low,1.0,0.001,hard_extinction,True,20,8.361459783979213e-05,0.001895038483902923,0.01672291956793478,0.3790076967806082,8.361459783967389e-05,0.001895038483903041,6.146194664324867e-13,True,True,True,coexistence
528,Et,3.727593720314938,11.670268611958512,43.50201999232508,on,12.0,ng_low_bt_high,0.001,1.0,hard_extinction,True,20,9.030935223309732e-05,0.0018883891478471482,0.018061870446673893,0.37767782956937385,9.030935223336947e-05,0.0018883891478468692,1.3082868122182845e-12,True,True,True,coexistence
529,Et,3.727593720314938,11.670268611958512,43.50201999232508,on,12.0,ng_high_bt_low,1.0,0.001,hard_extinction,True,20,9.030935223473622e-05,0.001888389147845494,0.018061870446747157,0.3776778295692999,9.030935223373578e-05,0.0018883891478464994,4.810374321095878e-12,True,True,True,coexistence
530,Et,4.094915062380423,11.670268611958512,47.788758721134386,on,12.0,ng_low_bt_high,0.001,1.0,hard_extinction,True,20,9.899671529871926e-05,0.0018795700568917456,0.01979934306012416,0.37591401137796193,9.89967153006208e-05,0.0018795700568898096,8.341771717823576e-12,True,True,True,coexistence
531,Et,4.094915062380423,11.670268611958512,47.788758721134386,on,12.0,ng_high_bt_low,1.0,0.001,hard_extinction,True,20,9.899671530844914e-05,0.001879570056881813,0.01979934306060617,0.3759140113774701,9.899671530303085e-05,0.0018795700568873504,2.377031904643445e-11,True,True,True,coexistence
532,Et,4.498432668969444,11.670268611958512,52.497917579682856,on,12.0,ng_low_bt_high,0.001,1.0,hard_extinction,True,20,0.00010982001756708098,0.001868476403064113,0.021964003514867426,0.3736952806113296,0.00010982001757433713,0.0018684764030566482,2.8695268383671646e-11,True,True,True,coexistence
533,Et,4.498432668969444,11.670268611958512,52.497917579682856,on,12.0,ng_high_bt_low,1.0,0.001,hard_extinction,True,20,0.00010982001759824646,0.001868476403032096,0.02196400351651678,0.37369528060963686,0.0001098200175825839,0.0018684764030481842,6.193889845462763e-11,True,True,True,coexistence
534,Et,4.941713361323833,11.670268611958512,57.671122329953526,on,12.0,ng_low_bt_high,0.001,1.0,hard_extinction,True,20,0.00012253842859285727,0.0018553931018926745,0.024507685721496315,0.37107862037552336,0.0001225384286074816,0.001855393101877617,5.183098394923036e-11,True,True,True,coexistence
535,Et,4.941713361323833,11.670268611958512,57.671122329953526,on,12.0,ng_high_bt_low,1.0,0.001,hard_extinction,True,20,0.00012253842864607902,0.001855393101837886,0.024507685724392273,0.37107862037254297,0.00012253842862196135,0.0018553931018627148,8.547651475510065e-11,True,True,True,coexistence
536,Et,5.428675439323859,11.670268611958512,63.354100584051324,on,12.0,ng_low_bt_high,0.001,1.0,hard_extinction,True,20,0.00013658714594786097,0.001840924465328927,0.027317429193047634,0.36818489306220664,0.00013658714596523816,0.0018409244653110333,5.525269131112509e-11,True,True,True,coexistence
537,Et,5.428675439323859,11.670268611958512,63.354100584051324,on,12.0,ng_high_bt_low,1.0,0.001,hard_extinction,True,20,0.00013658714600258152,0.0018409244652725617,0.027317429196016717,0.36818489305914653,0.0001365871459800836,0.0018409244652957326,7.153477810106779e-11,True,True,True,coexistence
538,Et,5.963623316594643,11.670268611958512,69.59708600519839,on,12.0,ng_low_bt_high,0.001,1.0,hard_extinction,True,20,0.00015129436583024303,0.0018257725961259338,0.0302588731689174,0.3651545192222324,0.000151294365844587,0.001825772596111162,4.1175063358878106e-11,True,True,True,coexistence
539,Et,5.963623316594643,11.670268611958512,69.59708600519839,on,12.0,ng_high_bt_low,1.0,0.001,hard_extinction,True,20,0.00015129436587026462,0.001825772596084704,0.03025887317104006,0.36515451922004444,0.0001512943658552003,0.0018257725961002222,4.324274271994e-11,True,True,True,coexistence
540,Et,6.551285568595502,11.670268611958512,76.45526233915686,on,12.0,ng_low_bt_high,0.001,1.0,hard_extinction,True,20,0.00016607269491492437,0.0018105461234939923,0.033214538984893564,0.3621092246968316,0.00016607269492446782,0.001810546123484158,2.495692541515382e-11,True,True,True,coexistence
541,Et,6.551285568595502,11.670268611958512,76.45526233915686,on,12.0,ng_high_bt_low,1.0,0.001,hard_extinction,True,20,0.00016607269493903803,0.0018105461234691508,0.03321453898613023,0.3621092246955574,0.00016607269493065113,0.001810546123477787,2.1932677896074892e-11,True,True,True,coexistence
542,Et,7.196856730011514,11.670268611958512,83.98925120101575,on,12.0,ng_low_bt_high,0.001,1.0,hard_extinction,True,20,0.0001804957936790109,0.0017956853147228426,0.03609915873694253,0.3591370629433944,0.00018049579368471262,0.001795685314716972,1.3719247959897984e-11,True,True,True,coexistence
543,Et,7.196856730011514,11.670268611958512,83.98925120101575,on,12.0,ng_high_bt_low,1.0,0.001,hard_extinction,True,20,0.00018049579369228995,0.0017956853147091676,0.03609915873759795,0.35913706294271874,0.00018049579368798973,0.0017956853147135937,1.0346834500296609e-11,True,True,True,coexistence
544,Et,7.9060432109076935,11.670268611958512,92.26564792904375,on,12.0,ng_low_bt_high,0.001,1.0,hard_extinction,True,20,0.00019429177988812492,0.0017814705652980677,0.03885835597828091,0.3562941130589366,0.00019429177989140455,0.001781470565294683,7.330580586994984e-12,True,True,True,coexistence
545,Et,7.9060432109076935,11.670268611958512,92.26564792904375,on,12.0,ng_high_bt_low,1.0,0.001,hard_extinction,True,20,0.00019429177989526363,0.0017814705652907104,0.03885835597861993,0.3562941130585874,0.00019429177989309967,0.0017814705652929369,4.837019673686882e-12,True,True,True,coexistence
546,Et,8.68511373751352,11.670268611958512,101.35761024219372,on,12.0,ng_low_bt_high,0.001,1.0,hard_extinction,True,20,0.00020730684950703287,0.001768060414590801,0.041461369901784347,0.35361208291777024,0.00020730684950892174,0.0017680604145888512,3.957278948973908e-12,True,True,True,coexistence
547,Et,8.68511373751352,11.670268611958512,101.35761024219372,on,12.0,ng_high_bt_low,1.0,0.001,hard_extinction,True,20,0.0002073068495109215,0.0017680604145867882,0.04146136990196237,0.3536120829175878,0.00020730684950981184,0.001768060414587939,2.3243629243552277e-12,True,True,True,coexistence
548,Et,9.540954763499935,11.670268611958512,111.34550490458933,on,12.0,ng_low_bt_high,0.001,1.0,hard_extinction,True,20,0.00021946834019630427,0.0017555297478679607,0.04389366803948376,0.35110594957336255,0.0002194683401974188,0.0017555297478668128,2.205791105325261e-12,True,True,True,coexistence
549,Et,9.540954763499935,11.670268611958512,111.34550490458933,on,12.0,ng_high_bt_low,1.0,0.001,hard_extinction,True,20,0.0002194683401984928,0.0017555297478657034,0.043893668039580426,0.35110594957326124,0.00021946834019790214,0.0017555297478663062,1.1688428003253648e-12,True,True,True,coexistence
550,Et,10.481131341546853,11.670268611958512,122.31761811306885,on,12.0,ng_low_bt_high,0.001,1.0,hard_extinction,True,20,0.0002307561924565605,0.0017438992381732994,0.04615123849144827,0.34877984763451825,0.00023075619245724134,0.0017438992381725912,1.2811973704174306e-12,True,True,True,coexistence
551,Et,10.481131341546853,11.670268611958512,122.31761811306885,on,12.0,ng_high_bt_low,1.0,0.001,hard_extinction,True,20,0.0002307561924578459,0.0017438992381719717,0.046151238491503564,0.34877984763446146,0.00023075619245751782,0.0017438992381723073,6.17284001691587e-13,True,True,True,coexistence
552,Et,11.513953993264469,11.670268611958512,134.3709358871287,on,12.0,ng_low_bt_high,0.001,1.0,hard_extinction,True,20,0.0002411831009782497,0.0017331558067595766,0.0482366201957364,0.3466311613518268,0.000241183100978682,0.001733155806759134,7.784883848671598e-13,True,True,True,coexistence
553,Et,11.513953993264469,11.670268611958512,134.3709358871287,on,12.0,ng_high_bt_low,1.0,0.001,hard_extinction,True,20,0.00024118310097903716,0.0017331558067587704,0.04823662019576913,0.34663116135179317,0.00024118310097884566,0.001733155806758966,3.446132268436486e-13,True,True,True,coexistence
554,Et,12.648552168552959,11.670268611958512,147.61200135938336,on,12.0,ng_low_bt_high,0.001,1.0,hard_extinction,True,20,0.00025078134041667954,0.0017232661996248843,0.050156268083393116,0.34465323992491803,0.00025078134041696555,0.00172326619962459,4.951594689828198e-13,True,True,True,coexistence
555,Et,12.648552168552959,11.670268611958512,147.61200135938336,on,12.0,ng_high_bt_low,1.0,0.001,hard_extinction,True,20,0.00025078134041718446,0.0017232661996243648,0.050156268083413544,0.34465323992489694,0.00025078134041706774,0.0017232661996244847,2.020605904817785e-13,True,True,True,coexistence
556,Et,13.894954943731374,11.670268611958512,162.157856544406,on,12.0,ng_low_bt_high,0.001,1.0,hard_extinction,True,20,0.00025959421188066973,0.0017141858013229516,0.05191884237617316,0.34283716026454947,0.0002595942118808658,0.0017141858013227473,3.277378368693462e-13,True,True,True,coexistence
557,Et,13.894954943731374,11.670268611958512,162.157856544406,on,12.0,ng_high_bt_low,1.0,0.001,hard_extinction,True,20,0.00025959421188100735,0.0017141858013226038,0.05191884237618663,0.3428371602645345,0.00025959421188093314,0.0017141858013226723,1.2434497875801753e-13,True,True,True,coexistence
558,Et,15.264179671752318,11.670268611958512,178.13707691054626,on,12.0,ng_low_bt_high,0.001,1.0,hard_extinction,True,20,0.0002676705558710528,0.0017058642887760435,0.053534111174238674,0.34117285775517997,0.0002676705558711934,0.0017058642887758998,2.282618538629322e-13,True,True,True,coexistence
559,Et,15.264179671752318,11.670268611958512,178.13707691054626,on,12.0,ng_high_bt_low,1.0,0.001,hard_extinction,True,20,0.00026767055587128874,0.0017058642887758043,0.05353411117424765,0.3411728577551702,0.00026767055587123827,0.001705864288775851,8.171241461241152e-14,True,True,True,coexistence
560,Et,16.768329368110066,11.670268611958512,195.690907899637,on,12.0,ng_low_bt_high,0.001,1.0,hard_extinction,True,20,0.0002750612669830852,0.001698249222429341,0.05501225339663753,0.3396498444858476,0.0002750612669831877,0.001698249222429238,1.616484723854228e-13,True,True,True,coexistence
561,Et,16.768329368110066,11.670268611958512,195.690907899637,on,12.0,ng_high_bt_low,1.0,0.001,hard_extinction,True,20,0.00027506126698325636,0.001698249222429162,0.05501225339664406,0.3396498444858403,0.0002750612669832203,0.0016982492224292016,5.684341886080802e-14,True,True,True,coexistence
562,Et,18.420699693267146,11.670268611958512,214.97451344064936,on,12.0,ng_low_bt_high,0.001,1.0,hard_extinction,True,20,0.00028181710914818947,0.0016912882973485022,0.05636342182965356,0.3382576594696845,0.0002818171091482678,0.0016912882973484226,1.2079226507921703e-13,True,True,True,coexistence
563,Et,18.420699693267146,11.670268611958512,214.97451344064936,on,12.0,ng_high_bt_low,1.0,0.001,hard_extinction,True,20,0.0002818171091483157,0.0016912882973483675,0.05636342182965839,0.3382576594696787,0.00028181710914829193,0.0016912882973483933,3.6415315207705135e-14,True,True,True,coexistence
564,Et,20.235896477251554,11.670268611958512,236.15834749331066,on,12.0,ng_low_bt_high,0.001,1.0,hard_extinction,True,20,0.0002879873759984202,0.0016849307235277846,0.057597475199696394,0.33698614470554433,0.000287987375998482,0.0016849307235277217,9.325873406851315e-14,True,True,True,coexistence
565,Et,20.235896477251554,11.670268611958512,236.15834749331066,on,12.0,ng_high_bt_low,1.0,0.001,hard_extinction,True,20,0.0002879873759985169,0.0016849307235276842,0.05759747519969977,0.3369861447055407,0.00028798737599849885,0.0016849307235277035,2.708944180085382e-14,True,True,True,coexistence
566,Et,22.229964825261934,11.670268611958512,259.42966074519614,on,12.0,ng_low_bt_high,0.001,1.0,hard_extinction,True,20,0.0002936191012200351,0.0016791280395096078,0.05872382024401678,0.3358256079019121,0.0002936191012200839,0.0016791280395095606,7.194245199571014e-14,True,True,True,coexistence
567,Et,22.229964825261934,11.670268611958512,259.42966074519614,on,12.0,ng_high_bt_low,1.0,0.001,hard_extinction,True,20,0.0002936191012201125,0.0016791280395095287,0.05872382024401992,0.3358256079019085,0.0002936191012200996,0.0016791280395095426,1.9095836023552692e-14,True,True,True,coexistence
568,Et,24.420530945486497,11.670268611958512,284.9941557804726,on,12.0,ng_low_bt_high,0.001,1.0,hard_extinction,True,20,0.0002987566269760638,0.0016738345570638394,0.05975132539522063,0.3347669114127593,0.00029875662697610315,0.0016738345570637967,5.684341886080802e-14,True,True,True,coexistence
569,Et,24.420530945486497,11.670268611958512,284.9941557804726,on,12.0,ng_high_bt_low,1.0,0.001,hard_extinction,True,20,0.0002987566269761261,0.0016738345570637724,0.05975132539522288,0.3347669114127568,0.00029875662697611443,0.001673834557063784,1.687538997430238e-14,True,True,True,coexistence
570,Et,26.826957952797247,11.670268611958512,313.0778053508605,on,12.0,ng_low_bt_high,0.001,1.0,hard_extinction,True,20,0.0003034414048697403,0.0016690075662668512,0.06068828097395508,0.3338015132533622,0.0003034414048697754,0.0016690075662668111,5.0182080713057076e-14,True,True,True,coexistence
571,Et,26.826957952797247,11.670268611958512,313.0778053508605,on,12.0,ng_high_bt_low,1.0,0.001,hard_extinction,True,20,0.00030344140486979193,0.0016690075662667977,0.06068828097395682,0.3338015132533611,0.0003034414048697841,0.0016690075662668055,1.1102230246251565e-14,True,True,True,coexistence
572,Et,29.4705170255181,11.670268611958512,343.9288498210928,on,12.0,ng_low_bt_high,0.001,1.0,hard_extinction,True,20,0.00030771194682491216,0.0016646073861122743,0.061542389364987835,0.3329214772224494,0.00030771194682493915,0.001664607386112247,3.8191672047105385e-14,True,True,True,coexistence
573,Et,29.4705170255181,11.670268611958512,343.9288498210928,on,12.0,ng_high_bt_low,1.0,0.001,hard_extinction,True,20,0.0003077119468249527,0.001664607386112235,0.061542389364989354,0.33292147722244747,0.0003077119468249468,0.0016646073861122373,7.993605777301127e-15,True,True,True,coexistence
574,Et,32.374575428176435,11.670268611958512,377.8199914449308,on,12.0,ng_low_bt_high,0.001,1.0,hard_extinction,True,20,0.00031160387118875257,0.0016605973170088766,0.06232077423775568,0.33211946340176984,0.0003116038711887784,0.0016605973170088493,3.597122599785507e-14,True,True,True,coexistence
575,Et,32.374575428176435,11.670268611958512,377.8199914449308,on,12.0,ng_high_bt_low,1.0,0.001,hard_extinction,True,20,0.0003116038711887904,0.0016605973170088363,0.062320774237756886,0.33211946340176834,0.00031160387118878445,0.0016605973170088417,8.43769498715119e-15,True,True,True,coexistence
576,Et,35.56480306223125,11.670268611958512,415.0508048676433,on,12.0,ng_low_bt_high,0.001,1.0,hard_extinction,True,20,0.0003151500076964716,0.0016569435326295285,0.06303000153929897,0.33138870652590174,0.00031515000769649485,0.0016569435326295088,3.197442310920451e-14,True,True,True,coexistence
577,Et,35.56480306223125,11.670268611958512,415.0508048676433,on,12.0,ng_high_bt_low,1.0,0.001,hard_extinction,True,20,0.0003151500076965043,0.0016569435326294988,0.06303000153930013,0.3313887065259004,0.00031515000769650065,0.001656943532629502,4.884981308350689e-15,True,True,True,coexistence
578,Et,39.06939937054613,11.670268611958512,455.9503851621562,on,12.0,ng_low_bt_high,0.001,1.0,hard_extinction,True,20,0.0003183805370751453,0.0016536149360695254,0.06367610741503293,0.33072298721390064,0.00031838053707516467,0.0016536149360695032,2.6645352591003757e-14,True,True,True,coexistence
579,Et,39.06939937054613,11.670268611958512,455.9503851621562,on,12.0,ng_high_bt_low,1.0,0.001,hard_extinction,True,20,0.0003183805370751728,0.001653614936069496,0.063676107415034,0.33072298721389976,0.00031838053707517003,0.0016536149360694987,3.9968028886505635e-15,True,True,True,coexistence
580,Et,42.91934260128774,11.670268611958512,500.8802568057021,on,12.0,ng_low_bt_high,0.001,1.0,hard_extinction,True,20,0.00032132314916309863,0.0016505829969272559,0.06426462983262302,0.33011659938544785,0.00032132314916311506,0.0016505829969272392,2.220446049250313e-14,True,True,True,coexistence
581,Et,42.91934260128774,11.670268611958512,500.8802568057021,on,12.0,ng_high_bt_low,1.0,0.001,hard_extinction,True,20,0.0003213231491631242,0.0016505829969272285,0.06426462983262406,0.33011659938544663,0.00032132314916312026,0.001650582996927233,5.329070518200751e-15,True,True,True,coexistence
582,Et,47.1486636345739,11.670268611958512,550.2375693103576,on,12.0,ng_low_bt_high,0.001,1.0,hard_extinction,True,20,0.00032400320886361364,0.0016478215803127814,0.06480064177272564,0.329564316062553,0.0003240032088636282,0.001647821580312765,1.9539925233402755e-14,True,True,True,coexistence
583,Et,47.1486636345739,11.670268611958512,550.2375693103576,on,12.0,ng_high_bt_low,1.0,0.001,hard_extinction,True,20,0.0003240032088636342,0.0016478215803127619,0.0648006417727263,0.3295643160625526,0.00032400320886363153,0.001647821580312763,3.552713678800501e-15,True,True,True,coexistence
584,Et,51.794746792312075,11.670268611958512,604.4586077546585,on,12.0,ng_low_bt_high,0.001,1.0,hard_extinction,True,20,0.0003264439229296282,0.0016453067750001264,0.06528878458592854,0.3290613550000221,0.0003264439229296427,0.0016453067750001106,1.9095836023552692e-14,True,True,True,coexistence
585,Et,51.794746792312075,11.670268611958512,604.4586077546585,on,12.0,ng_high_bt_low,1.0,0.001,hard_extinction,True,20,0.0003264439229296489,0.0016453067750001051,0.0652887845859291,0.32906135500002154,0.0003264439229296455,0.0016453067750001077,4.440892098500626e-15,True,True,True,coexistence
586,Et,56.89866029018293,11.670268611958512,664.022649247012,on,12.0,ng_low_bt_high,0.001,1.0,hard_extinction,True,20,0.00032866650307182934,0.0016430167253678291,0.06573330061436869,0.32860334507356237,0.00032866650307184343,0.0016430167253678118,1.865174681370263e-14,True,True,True,coexistence
587,Et,56.89866029018293,11.670268611958512,664.022649247012,on,12.0,ng_high_bt_low,1.0,0.001,hard_extinction,True,20,0.0003286665030718488,0.0016430167253678064,0.06573330061436927,0.32860334507356187,0.00032866650307184636,0.0016430167253678094,3.1086244689504383e-15,True,True,True,coexistence
588,Et,62.505519252739695,11.670268611958512,729.4561994094165,on,12.0,ng_low_bt_high,0.001,1.0,hard_extinction,True,20,0.0003306903225798092,0.0016409314700233317,0.06613806451596405,0.32818629400466426,0.00033069032257982024,0.0016409314700233212,1.4654943925052066e-14,True,True,True,coexistence
589,Et,62.505519252739695,11.670268611958512,729.4561994094165,on,12.0,ng_high_bt_low,1.0,0.001,hard_extinction,True,20,0.000330690322579826,0.0016409314700233143,0.06613806451596473,0.32818629400466354,0.0003306903225798236,0.0016409314700233178,3.1086244689504383e-15,True,True,True,coexistence
590,Et,68.66488450042998,11.670268611958512,801.3376463291245,on,12.0,ng_low_bt_high,0.001,1.0,hard_extinction,True,20,0.0003325315693604532,0.0016390343296534833,0.06650631387209235,0.327806865930694,0.0003325315693604618,0.00163903432965347,1.1102230246251565e-14,True,True,True,coexistence
591,Et,68.66488450042998,11.670268611958512,801.3376463291245,on,12.0,ng_high_bt_low,1.0,0.001,hard_extinction,True,20,0.00033253156936046774,0.0016390343296534668,0.06650631387209299,0.3278068659306936,0.000332531569360465,0.0016390343296534679,3.552713678800501e-15,True,True,True,coexistence
592,Et,75.43120063354615,11.670268611958512,880.3023731160188,on,12.0,ng_low_bt_high,0.001,1.0,hard_extinction,True,20,0.00033420375206003874,0.0016373113855383862,0.06684075041201014,0.3274622771076756,0.00033420375206005067,0.0016373113855383782,1.554312234475219e-14,True,True,True,coexistence
593,Et,75.43120063354615,11.670268611958512,880.3023731160188,on,12.0,ng_high_bt_low,1.0,0.001,hard_extinction,True,20,0.00033420375206005506,0.0016373113855383706,0.06684075041201067,0.32746227710767495,0.0003342037520600533,0.0016373113855383747,2.220446049250313e-15,True,True,True,coexistence
594,Et,82.86427728546842,11.670268611958512,967.0483742572288,on,12.0,ng_low_bt_high,0.001,1.0,hard_extinction,True,20,0.0003357261999511974,0.0016357427216386392,0.06714523999024183,0.3271485443277263,0.00033572619995120913,0.0016357427216386314,1.509903313490213e-14,True,True,True,coexistence
595,Et,82.86427728546842,11.670268611958512,967.0483742572288,on,12.0,ng_high_bt_low,1.0,0.001,hard_extinction,True,20,0.0003357261999512128,0.0016357427216386246,0.06714523999024237,0.32714854432772533,0.00033572619995121184,0.0016357427216386266,1.3322676295501878e-15,True,True,True,coexistence
596,Et,91.02981779915208,11.670268611958512,1062.342425413747,on,12.0,ng_low_bt_high,0.001,1.0,hard_extinction,True,20,0.0003371122799528154,0.0016343145652640814,0.06742245599056469,0.3268629130528148,0.00033711227995282344,0.0016343145652640738,1.021405182655144e-14,True,True,True,coexistence
597,Et,91.02981779915208,11.670268611958512,1062.342425413747,on,12.0,ng_high_bt_low,1.0,0.001,hard_extinction,True,20,0.00033711227995282804,0.0016343145652640701,0.06742245599056503,0.32686291305281473,0.0003371122799528251,0.0016343145652640736,3.9968028886505635e-15,True,True,True,coexistence
598,Et,100.0,11.670268611958512,1167.0268611958513,on,12.0,ng_low_bt_high,0.001,1.0,hard_extinction,True,20,0.000338374175006768,0.0016330143636428013,0.06767483500135571,0.3266028727285586,0.00033837417500677856,0.0016330143636427929,1.3766765505351941e-14,True,True,True,coexistence
599,Et,100.0,11.670268611958512,1167.0268611958513,on,12.0,ng_high_bt_low,1.0,0.001,hard_extinction,True,20,0.0003383741750067807,0.0016330143636427903,0.06767483500135603,0.3266028727285582,0.00033837417500678013,0.001633014363642791,8.881784197001252e-16,True,True,True,coexistence
600,Eu.c,0.0,0.8908662550225677,0.0,on,11.9,ng_low_bt_high,0.001,1.0,hard_extinction,True,20,0.0013159894941146492,0.0019130364855773309,0.26319789882292965,0.38260729711546604,0.0013159894941146483,0.0019130364855773302,0.0,True,True,True,coexistence
601,Eu.c,0.0,0.8908662550225677,0.0,on,11.9,ng_high_bt_low,1.0,0.001,hard_extinction,True,20,0.0013159894941146492,0.0019130364855773309,0.26319789882292965,0.38260729711546604,0.0013159894941146483,0.0019130364855773302,0.0,True,True,True,coexistence
602,Eu.c,0.01,0.8908662550225677,0.008908662550225677,on,11.9,ng_low_bt_high,0.001,1.0,hard_extinction,True,20,0.001316032947253876,0.0019130272198292942,0.26320658945077513,0.38260544396585877,0.0013160329472538756,0.001913027219829294,0.0,True,True,True,coexistence
603,Eu.c,0.01,0.8908662550225677,0.008908662550225677,on,11.9,ng_high_bt_low,1.0,0.001,hard_extinction,True,20,0.001316032947253876,0.0019130272198292942,0.26320658945077513,0.38260544396585877,0.0013160329472538756,0.001913027219829294,0.0,True,True,True,coexistence
604,Eu.c,0.010985411419875584,0.8908662550225677,0.00978653233150671,on,11.9,ng_low_bt_high,0.001,1.0,hard_extinction,True,20,0.0013160372274227563,0.0019130263062874463,0.2632074454845514,0.38260526125748917,0.001316037227422757,0.0019130263062874459,4.440892098500626e-16,True,True,True,coexistence
605,Eu.c,0.010985411419875584,0.8908662550225677,0.00978653233150671,on,11.9,ng_high_bt_low,1.0,0.001,hard_extinction,True,20,0.0013160372274227563,0.0019130263062874463,0.2632074454845514,0.38260526125748917,0.001316037227422757,0.0019130263062874459,4.440892098500626e-16,True,True,True,coexistence
606,Eu.c,0.012067926406393288,0.8908662550225677,0.010750908403551541,on,11.9,ng_low_bt_high,0.001,1.0,hard_extinction,True,20,0.0013160419290019856,0.0019130253026239338,0.2632083858003972,0.38260506052478677,0.001316041929001986,0.0019130253026239338,0.0,True,True,True,coexistence
607,Eu.c,0.012067926406393288,0.8908662550225677,0.010750908403551541,on,11.9,ng_high_bt_low,1.0,0.001,hard_extinction,True,20,0.0013160419290019856,0.0019130253026239338,0.2632083858003972,0.38260506052478677,0.001316041929001986,0.0019130253026239338,0.0,True,True,True,coexistence
608,Eu.c,0.013257113655901088,0.8908662550225677,0.011810315195041143,on,11.9,ng_low_bt_high,0.001,1.0,hard_extinction,True,20,0.0013160470934429477,0.001913024199937336,0.2632094186885897,0.38260483998746736,0.0013160470934429486,0.0019130241999373368,4.440892098500626e-16,True,True,True,coexistence
609,Eu.c,0.013257113655901088,0.8908662550225677,0.011810315195041143,on,11.9,ng_high_bt_low,1.0,0.001,hard_extinction,True,20,0.0013160470934429477,0.001913024199937336,0.2632094186885897,0.38260483998746736,0.0013160470934429486,0.0019130241999373368,4.440892098500626e-16,True,True,True,coexistence
610,Eu.c,0.014563484775012436,0.8908662550225677,0.01297411714159351,on,11.9,ng_low_bt_high,0.001,1.0,hard_extinction,True,20,0.0013160527662661934,0.0019130229884447886,0.2632105532532388,0.3826045976889578,0.0013160527662661938,0.001913022988444789,4.440892098500626e-16,True,True,True,coexistence
611,Eu.c,0.014563484775012436,0.8908662550225677,0.01297411714159351,on,11.9,ng_high_bt_low,1.0,0.001,hard_extinction,True,20,0.0013160527662661934,0.0019130229884447886,0.2632105532532388,0.3826045976889578,0.0013160527662661938,0.001913022988444789,4.440892098500626e-16,True,True,True,coexistence
612,Eu.c,0.015998587196060583,0.8908662550225677,0.014252601461006494,on,11.9,ng_low_bt_high,0.001,1.0,hard_extinction,True,20,0.0013160589974592807,0.0019130216573942462,0.2632117994918561,0.38260433147884937,0.0013160589974592805,0.0019130216573942469,4.440892098500626e-16,True,True,True,coexistence
613,Eu.c,0.015998587196060583,0.8908662550225677,0.014252601461006494,on,11.9,ng_high_bt_low,1.0,0.001,hard_extinction,True,20,0.0013160589974592807,0.0019130216573942462,0.2632117994918561,0.38260433147884937,0.0013160589974592805,0.0019130216573942469,4.440892098500626e-16,True,True,True,coexistence
614,Eu.c,0.017575106248547922,0.8908662550225677,0.015657069085267615,on,11.9,ng_low_bt_high,0.001,1.0,hard_extinction,True,20,0.0013160658419130574,0.0019130201949678737,0.26321316838261155,0.3826040389935747,0.0013160658419130577,0.0019130201949678735,0.0,True,True,True,coexistence
615,Eu.c,0.017575106248547922,0.8908662550225677,0.015657069085267615,on,11.9,ng_high_bt_low,1.0,0.001,hard_extinction,True,20,0.0013160658419130574,0.0019130201949678737,0.26321316838261155,0.3826040389935747,0.0013160658419130577,0.0019130201949678735,0.0,True,True,True,coexistence
616,Eu.c,0.019306977288832496,0.8908662550225677,0.017199934553107973,on,11.9,ng_low_bt_high,0.001,1.0,hard_extinction,True,20,0.0013160733599002288,0.0019130185881757707,0.2632146719800457,0.38260371763515405,0.0013160733599002286,0.0019130185881757703,0.0,True,True,True,coexistence
617,Eu.c,0.019306977288832496,0.8908662550225677,0.017199934553107973,on,11.9,ng_high_bt_low,1.0,0.001,hard_extinction,True,20,0.0013160733599002288,0.0019130185881757707,0.2632146719800457,0.38260371763515405,0.0013160733599002286,0.0019130185881757703,0.0,True,True,True,coexistence
618,Eu.c,0.021209508879201904,0.8908662550225677,0.018894835746082497,on,11.9,ng_low_bt_high,0.001,1.0,hard_extinction,True,20,0.0013160816176000683,0.0019130168227388866,0.2632163235200136,0.38260336454777727,0.001316081617600068,0.0019130168227388864,0.0,True,True,True,coexistence
619,Eu.c,0.021209508879201904,0.8908662550225677,0.018894835746082497,on,11.9,ng_high_bt_low,1.0,0.001,hard_extinction,True,20,0.0013160816176000683,0.0019130168227388866,0.2632163235200136,0.38260336454777727,0.001316081617600068,0.0019130168227388864,0.0,True,True,True,coexistence
620,Eu.c,0.023299518105153717,0.8908662550225677,0.020756754438168806,on,11.9,ng_low_bt_high,0.001,1.0,hard_extinction,True,20,0.0013160906876736953,0.001913014882960106,0.26321813753473905,0.38260297659202114,0.0013160906876736953,0.0019130148829601056,4.440892098500626e-16,True,True,True,coexistence
621,Eu.c,0.023299518105153717,0.8908662550225677,0.020756754438168806,on,11.9,ng_high_bt_low,1.0,0.001,hard_extinction,True,20,0.0013160906876736953,0.001913014882960106,0.26321813753473905,0.38260297659202114,0.0013160906876736953,0.0019130148829601056,4.440892098500626e-16,True,True,True,coexistence
622,Eu.c,0.025595479226995357,0.8908662550225677,0.02280214872446128,on,11.9,ng_low_bt_high,0.001,1.0,hard_extinction,True,20,0.0013161006498946565,0.0019130127515822497,0.2632201299789311,0.3826025503164501,0.0013161006498946556,0.0019130127515822504,4.440892098500626e-16,True,True,True,coexistence
623,Eu.c,0.025595479226995357,0.8908662550225677,0.02280214872446128,on,11.9,ng_high_bt_low,1.0,0.001,hard_extinction,True,20,0.0013161006498946565,0.0019130127515822497,0.2632201299789311,0.3826025503164501,0.0013161006498946556,0.0019130127515822504,4.440892098500626e-16,True,True,True,coexistence
624,Eu.c,0.028117686979742307,0.8908662550225677,0.025049098499539842,on,11.9,ng_low_bt_high,0.001,1.0,hard_extinction,True,20,0.0013161115918399538,0.0019130104096315712,0.26322231836799065,0.3826020819263141,0.0013161115918399531,0.0019130104096315706,0.0,True,True,True,coexistence
625,Eu.c,0.028117686979742307,0.8908662550225677,0.025049098499539842,on,11.9,ng_high_bt_low,1.0,0.001,hard_extinction,True,20,0.0013161115918399538,0.0019130104096315712,0.26322231836799065,0.3826020819263141,0.0013161115918399531,0.0019130104096315706,0.0,True,True,True,coexistence
626,Eu.c,0.030888435964774818,0.8908662550225677,0.027517465271443334,on,11.9,ng_low_bt_high,0.001,1.0,hard_extinction,True,20,0.0013161236096471528,0.0019130078362453438,0.26322472192943047,0.38260156724906874,0.0013161236096471524,0.0019130078362453438,0.0,True,True,True,coexistence
627,Eu.c,0.030888435964774818,0.8908662550225677,0.027517465271443334,on,11.9,ng_high_bt_low,1.0,0.001,hard_extinction,True,20,0.0013161236096471528,0.0019130078362453438,0.26322472192943047,0.38260156724906874,0.0013161236096471524,0.0019130078362453438,0.0,True,True,True,coexistence
628,Eu.c,0.03393221771895328,0.8908662550225677,0.03022906772389432,on,11.9,ng_low_bt_high,0.001,1.0,hard_extinction,True,20,0.0013161368088436326,0.0019130050084816233,0.26322736176872635,0.3826010016963247,0.0013161368088436317,0.0019130050084816236,4.440892098500626e-16,True,True,True,coexistence
629,Eu.c,0.03393221771895328,0.8908662550225677,0.03022906772389432,on,11.9,ng_high_bt_low,1.0,0.001,hard_extinction,True,20,0.0013161368088436326,0.0019130050084816233,0.26322736176872635,0.3826010016963247,0.0013161368088436317,0.0019130050084816236,4.440892098500626e-16,True,True,True,coexistence
630,Eu.c,0.0372759372031494,0.8908662550225677,0.03320787457862611,on,11.9,ng_low_bt_high,0.001,1.0,hard_extinction,True,20,0.0013161513052546774,0.0019130019011096252,0.26323026105093544,0.3826003802219248,0.0013161513052546772,0.0019130019011096239,0.0,True,True,True,coexistence
631,Eu.c,0.0372759372031494,0.8908662550225677,0.03320787457862611,on,11.9,ng_high_bt_low,1.0,0.001,hard_extinction,True,20,0.0013161513052546774,0.0019130019011096252,0.26323026105093544,0.3826003802219248,0.0013161513052546772,0.0019130019011096239,0.0,True,True,True,coexistence
632,Eu.c,0.040949150623804234,0.8908662550225677,0.036480216462583516,on,11.9,ng_low_bt_high,0.001,1.0,hard_extinction,True,20,0.001316167225997405,0.001912998486378258,0.26323344519948083,0.38259969727565124,0.0013161672259974042,0.0019129984863782562,4.440892098500626e-16,True,True,True,coexistence
633,Eu.c,0.040949150623804234,0.8908662550225677,0.036480216462583516,on,11.9,ng_high_bt_low,1.0,0.001,hard_extinction,True,20,0.001316167225997405,0.001912998486378258,0.26323344519948083,0.38259969727565124,0.0013161672259974042,0.0019129984863782562,4.440892098500626e-16,True,True,True,coexistence
634,Eu.c,0.04498432668969444,0.8908662550225677,0.04007501865275982,on,11.9,ng_low_bt_high,0.001,1.0,hard_extinction,True,20,0.0013161847105684348,0.0019129947337607864,0.26323694211368703,0.3825989467521573,0.0013161847105684352,0.0019129947337607864,0.0,True,True,True,coexistence
635,Eu.c,0.04498432668969444,0.8908662550225677,0.04007501865275982,on,11.9,ng_high_bt_low,1.0,0.001,hard_extinction,True,20,0.0013161847105684348,0.0019129947337607864,0.26323694211368703,0.3825989467521573,0.0013161847105684352,0.0019129947337607864,0.0,True,True,True,coexistence
636,Eu.c,0.04941713361323833,0.8908662550225677,0.044024056755975476,on,11.9,ng_low_bt_high,0.001,1.0,hard_extinction,True,20,0.0013162039120336551,0.001912990609672782,0.26324078240673116,0.38259812193455633,0.0013162039120336558,0.0019129906096727817,0.0,True,True,True,coexistence
637,Eu.c,0.04941713361323833,0.8908662550225677,0.044024056755975476,on,11.9,ng_high_bt_low,1.0,0.001,hard_extinction,True,20,0.0013162039120336551,0.001912990609672782,0.26324078240673116,0.38259812193455633,0.0013162039120336558,0.0019129906096727817,0.0,True,True,True,coexistence
638,Eu.c,0.054286754393238594,0.8908662550225677,0.048362237583634386,on,11.9,ng_low_bt_high,0.001,1.0,hard_extinction,True,20,0.0013162249983288369,0.0019129860771605384,0.2632449996657675,0.38259721543210773,0.0013162249983288373,0.0019129860771605386,0.0,True,True,True,coexistence
639,Eu.c,0.054286754393238594,0.8908662550225677,0.048362237583634386,on,11.9,ng_high_bt_low,1.0,0.001,hard_extinction,True,20,0.0013162249983288369,0.0019129860771605384,0.2632449996657675,0.38259721543210773,0.0013162249983288373,0.0019129860771605386,0.0,True,True,True,coexistence
640,Eu.c,0.05963623316594643,0.8908662550225677,0.05312790770419934,on,11.9,ng_low_bt_high,0.001,1.0,hard_extinction,True,20,0.0013162481536811742,0.0019129810955566388,0.26324963073623486,0.38259621911132763,0.0013162481536811742,0.0019129810955566381,0.0,True,True,True,coexistence
641,Eu.c,0.05963623316594643,0.8908662550225677,0.05312790770419934,on,11.9,ng_high_bt_low,1.0,0.001,hard_extinction,True,20,0.0013162481536811742,0.0019129810955566388,0.26324963073623486,0.38259621911132763,0.0013162481536811742,0.0019129810955566381,0.0,True,True,True,coexistence
642,Eu.c,0.0655128556859551,0.8908662550225677,0.05836319240078074,on,11.9,ng_low_bt_high,0.001,1.0,hard_extinction,True,20,0.0013162735801617639,0.0019129756200990129,0.2632547160323528,0.3825951240198025,0.0013162735801617639,0.0019129756200990124,4.440892098500626e-16,True,True,True,coexistence
643,Eu.c,0.0655128556859551,0.8908662550225677,0.05836319240078074,on,11.9,ng_high_bt_low,1.0,0.001,hard_extinction,True,20,0.0013162735801617639,0.0019129756200990129,0.2632547160323528,0.3825951240198025,0.0013162735801617639,0.0019129756200990124,4.440892098500626e-16,True,True,True,coexistence
644,Eu.c,0.07196856730011521,0.8908662550225677,0.06411436802999326,on,11.9,ng_low_bt_high,0.001,1.0,hard_extinction,True,20,0.0013163014993803745,0.0019129696015094035,0.26326029987607497,0.3825939203018807,0.001316301499380375,0.0019129696015094035,0.0,True,True,True,coexistence
645,Eu.c,0.07196856730011521,0.8908662550225677,0.06411436802999326,on,11.9,ng_high_bt_low,1.0,0.001,hard_extinction,True,20,0.0013163014993803745,0.0019129696015094035,0.26326029987607497,0.3825939203018807,0.001316301499380375,0.0019129696015094035,0.0,True,True,True,coexistence
646,Eu.c,0.07906043210907697,0.8908662550225677,0.07043227107347937,on,11.9,ng_low_bt_high,0.001,1.0,hard_extinction,True,20,0.0013163321543340838,0.0019129629855263496,0.2632664308668171,0.38259259710527,0.0013163321543340856,0.00191296298552635,4.440892098500626e-16,True,True,True,coexistence
647,Eu.c,0.07906043210907697,0.8908662550225677,0.07043227107347937,on,11.9,ng_high_bt_low,1.0,0.001,hard_extinction,True,20,0.0013163321543340838,0.0019129629855263496,0.2632664308668171,0.38259259710527,0.0013163321543340856,0.00191296298552635,4.440892098500626e-16,True,True,True,coexistence
648,Eu.c,0.08685113737513525,0.8908662550225677,0.0773727474978373,on,11.9,ng_low_bt_high,0.001,1.0,hard_extinction,True,20,0.0013163658114225066,0.0019129557123877944,0.26327316228450126,0.382591142477559,0.0013163658114225063,0.0019129557123877948,0.0,True,True,True,coexistence
649,Eu.c,0.08685113737513525,0.8908662550225677,0.0773727474978373,on,11.9,ng_high_bt_low,1.0,0.001,hard_extinction,True,20,0.0013163658114225066,0.0019129557123877944,0.26327316228450126,0.382591142477559,0.0013163658114225063,0.0019129557123877948,0.0,True,True,True,coexistence
650,Eu.c,0.09540954763499938,0.8908662550225677,0.08499714639498918,on,11.9,ng_low_bt_high,0.001,1.0,hard_extinction,True,20,0.0013164027626428063,0.0019129477162571377,0.26328055252856125,0.38258954325142747,0.0013164027626428063,0.0019129477162571373,0.0,True,True,True,coexistence
651,Eu.c,0.09540954763499938,0.8908662550225677,0.08499714639498918,on,11.9,ng_high_bt_low,1.0,0.001,hard_extinction,True,20,0.0013164027626428063,0.0019129477162571377,0.26328055252856125,0.38258954325142747,0.0013164027626428063,0.0019129477162571373,0.0,True,True,True,coexistence
652,Eu.c,0.10481131341546858,0.8908662550225677,0.0933728622664351,on,11.9,ng_low_bt_high,0.001,1.0,hard_extinction,True,20,0.0013164433279782674,0.0019129389245859682,0.2632886655956536,0.3825877849171936,0.001316443327978268,0.001912938924585968,0.0,True,True,True,coexistence
653,Eu.c,0.10481131341546858,0.8908662550225677,0.0933728622664351,on,11.9,ng_high_bt_low,1.0,0.001,hard_extinction,True,20,0.0013164433279782674,0.0019129389245859682,0.2632886655956536,0.3825877849171936,0.001316443327978268,0.001912938924585968,0.0,True,True,True,coexistence
654,Eu.c,0.1151395399326447,0.8908662550225677,0.10257393074481656,on,11.9,ng_low_bt_high,0.001,1.0,hard_extinction,True,20,0.0013164878579951242,0.0019129292574061806,0.26329757159902484,0.38258585148123625,0.0013164878579951242,0.0019129292574061813,4.440892098500626e-16,True,True,True,coexistence
655,Eu.c,0.1151395399326447,0.8908662550225677,0.10257393074481656,on,11.9,ng_high_bt_low,1.0,0.001,hard_extinction,True,20,0.0013164878579951242,0.0019129292574061806,0.26329757159902484,0.38258585148123625,0.0013164878579951242,0.0019129292574061813,4.440892098500626e-16,True,True,True,coexistence
656,Eu.c,0.12648552168552957,0.8908662550225677,0.1126816830185635,on,11.9,ng_low_bt_high,0.001,1.0,hard_extinction,True,20,0.0013165367366625583,0.0019129186265423644,0.2633073473325115,0.38258372530847273,0.0013165367366625574,0.0019129186265423636,4.440892098500626e-16,True,True,True,coexistence
657,Eu.c,0.12648552168552957,0.8908662550225677,0.1126816830185635,on,11.9,ng_high_bt_low,1.0,0.001,hard_extinction,True,20,0.0013165367366625583,0.0019129186265423644,0.2633073473325115,0.38258372530847273,0.0013165367366625574,0.0019129186265423636,4.440892098500626e-16,True,True,True,coexistence
658,Eu.c,0.13894954943731375,0.8908662550225677,0.12378546474429282,on,11.9,ng_low_bt_high,0.001,1.0,hard_extinction,True,20,0.0013165903844113665,0.0019129069347350192,0.2633180768822733,0.38258138694700383,0.0013165903844113665,0.0019129069347350192,0.0,True,True,True,coexistence
659,Eu.c,0.13894954943731375,0.8908662550225677,0.12378546474429282,on,11.9,ng_high_bt_low,1.0,0.001,hard_extinction,True,20,0.0013165903844113665,0.0019129069347350192,0.2633180768822733,0.38258138694700383,0.0013165903844113665,0.0019129069347350192,0.0,True,True,True,coexistence
660,Eu.c,0.15264179671752334,0.8908662550225677,0.1359834258016561,on,11.9,ng_low_bt_high,0.001,1.0,hard_extinction,True,20,0.0013166492614469132,0.0019128940746629588,0.26332985228938266,0.38257881493259166,0.0013166492614469132,0.0019128940746629584,0.0,True,True,True,coexistence
661,Eu.c,0.15264179671752334,0.8908662550225677,0.1359834258016561,on,11.9,ng_high_bt_low,1.0,0.001,hard_extinction,True,20,0.0013166492614469132,0.0019128940746629588,0.26332985228938266,0.38257881493259166,0.0013166492614469132,0.0019128940746629584,0.0,True,True,True,coexistence
662,Eu.c,0.16768329368110074,0.8908662550225677,0.1493833878715316,on,11.9,ng_low_bt_high,0.001,1.0,hard_extinction,True,20,0.001316713871332048,0.001912879927852291,0.2633427742664093,0.38257598557045824,0.0013167138713320464,0.0019128799278522912,4.440892098500626e-16,True,True,True,coexistence
663,Eu.c,0.16768329368110074,0.8908662550225677,0.1493833878715316,on,11.9,ng_high_bt_low,1.0,0.001,hard_extinction,True,20,0.001316713871332048,0.001912879927852291,0.2633427742664093,0.38257598557045824,0.0013167138713320464,0.0019128799278522912,4.440892098500626e-16,True,True,True,coexistence
664,Eu.c,0.18420699693267154,0.8908662550225677,0.1641037975063627,on,11.9,ng_low_bt_high,0.001,1.0,hard_extinction,True,20,0.0013167847648554015,0.0019128643634568803,0.2633569529710803,0.3825728726913761,0.0013167847648554015,0.0019128643634568803,0.0,True,True,True,coexistence
665,Eu.c,0.18420699693267154,0.8908662550225677,0.1641037975063627,on,11.9,ng_high_bt_low,1.0,0.001,hard_extinction,True,20,0.0013167847648554015,0.0019128643634568803,0.2633569529710803,0.3825728726913761,0.0013167847648554015,0.0019128643634568803,0.0,True,True,True,coexistence
666,Eu.c,0.20235896477251566,0.8908662550225677,0.18027477311713472,on,11.9,ng_low_bt_high,0.001,1.0,hard_extinction,True,20,0.0013168625441996923,0.0019128472368935114,0.2633725088399385,0.3825694473787024,0.0013168625441996925,0.001912847236893512,4.440892098500626e-16,True,True,True,coexistence
667,Eu.c,0.20235896477251566,0.8908662550225677,0.18027477311713472,on,11.9,ng_high_bt_low,1.0,0.001,hard_extinction,True,20,0.0013168625441996923,0.0019128472368935114,0.2633725088399385,0.3825694473787024,0.0013168625441996925,0.001912847236893512,4.440892098500626e-16,True,True,True,coexistence
668,Eu.c,0.22229964825261944,0.8908662550225677,0.19803925513164516,on,11.9,ng_low_bt_high,0.001,1.0,hard_extinction,True,20,0.0013169478674237237,0.0019128283883118621,0.2633895734847449,0.38256567766237237,0.0013169478674237246,0.001912828388311862,4.440892098500626e-16,True,True,True,coexistence
669,Eu.c,0.22229964825261944,0.8908662550225677,0.19803925513164516,on,11.9,ng_high_bt_low,1.0,0.001,hard_extinction,True,20,0.0013169478674237237,0.0019128283883118621,0.2633895734847449,0.38256567766237237,0.0013169478674237246,0.001912828388311862,4.440892098500626e-16,True,True,True,coexistence
670,Eu.c,0.2442053094548651,0.8908662550225677,0.2175542694906829,on,11.9,ng_low_bt_high,0.001,1.0,hard_extinction,True,20,0.0013170414532698612,0.0019128076408766119,0.26340829065397237,0.3825615281753224,0.0013170414532698619,0.001912807640876612,0.0,True,True,True,coexistence
671,Eu.c,0.2442053094548651,0.8908662550225677,0.2175542694906829,on,11.9,ng_high_bt_low,1.0,0.001,hard_extinction,True,20,0.0013170414532698612,0.0019128076408766119,0.26340829065397237,0.3825615281753224,0.0013170414532698619,0.001912807640876612,0.0,True,True,True,coexistence
672,Eu.c,0.2682695795279725,0.8908662550225677,0.23899231565056372,on,11.9,ng_low_bt_high,0.001,1.0,hard_extinction,True,20,0.0013171440863064719,0.0019127847988354182,0.26342881726129425,0.3825569597670837,0.0013171440863064712,0.0019127847988354184,0.0,True,True,True,coexistence
673,Eu.c,0.2682695795279725,0.8908662550225677,0.23899231565056372,on,11.9,ng_high_bt_low,1.0,0.001,hard_extinction,True,20,0.0013171440863064719,0.0019127847988354182,0.26342881726129425,0.3825569597670837,0.0013171440863064712,0.0019127847988354184,0.0,True,True,True,coexistence
674,Eu.c,0.29470517025518095,0.8908662550225677,0.26254289136102127,on,11.9,ng_low_bt_high,0.001,1.0,hard_extinction,True,20,0.0013172566224114596,0.0019127596453418713,0.26345132448229197,0.38255192906837415,0.0013172566224114598,0.0019127596453418709,0.0,True,True,True,coexistence
675,Eu.c,0.29470517025518095,0.8908662550225677,0.26254289136102127,on,11.9,ng_high_bt_low,1.0,0.001,hard_extinction,True,20,0.0013172566224114596,0.0019127596453418713,0.26345132448229197,0.38255192906837415,0.0013172566224114598,0.0019127596453418709,0.0,True,True,True,coexistence
676,Eu.c,0.32374575428176433,0.8908662550225677,0.2884141676964518,on,11.9,ng_low_bt_high,0.001,1.0,hard_extinction,True,20,0.0013173799945986253,0.0019127319399978619,0.26347599891972506,0.38254638799957247,0.0013173799945986253,0.0019127319399978623,0.0,True,True,True,coexistence
677,Eu.c,0.32374575428176433,0.8908662550225677,0.2884141676964518,on,11.9,ng_high_bt_low,1.0,0.001,hard_extinction,True,20,0.0013173799945986253,0.0019127319399978619,0.26347599891972506,0.38254638799957247,0.0013173799945986253,0.0019127319399978623,0.0,True,True,True,coexistence
678,Eu.c,0.35564803062231287,0.8908662550225677,0.31683482914665134,on,11.9,ng_low_bt_high,0.001,1.0,hard_extinction,True,20,0.0013175152191829715,0.001912701416073593,0.2635030438365943,0.38254028321471845,0.0013175152191829715,0.0019127014160735922,4.440892098500626e-16,True,True,True,coexistence
679,Eu.c,0.35564803062231287,0.8908662550225677,0.31683482914665134,on,11.9,ng_high_bt_low,1.0,0.001,hard_extinction,True,20,0.0013175152191829715,0.001912701416073593,0.2635030438365943,0.38254028321471845,0.0013175152191829715,0.0019127014160735922,4.440892098500626e-16,True,True,True,coexistence
680,Eu.c,0.3906939937054615,0.8908662550225677,0.3480560950321951,on,11.9,ng_low_bt_high,0.001,1.0,hard_extinction,True,20,0.0013176634022738468,0.0019126677773560615,0.26353268045476935,0.38253355547121237,0.0013176634022738468,0.001912667777356062,0.0,True,True,True,coexistence
681,Eu.c,0.3906939937054615,0.8908662550225677,0.3480560950321951,on,11.9,ng_high_bt_low,1.0,0.001,hard_extinction,True,20,0.0013176634022738468,0.0019126677773560615,0.26353268045476935,0.38253355547121237,0.0013176634022738468,0.001912667777356062,0.0,True,True,True,coexistence
682,Eu.c,0.42919342601287763,0.8908662550225677,0.38235394011239776,on,11.9,ng_low_bt_high,0.001,1.0,hard_extinction,True,20,0.001317825746575912,0.0019126306945687185,0.26356514931518243,0.3825261389137437,0.001317825746575912,0.0019126306945687185,0.0,True,True,True,coexistence
683,Eu.c,0.42919342601287763,0.8908662550225677,0.38235394011239776,on,11.9,ng_high_bt_low,1.0,0.001,hard_extinction,True,20,0.001317825746575912,0.0019126306945687185,0.26356514931518243,0.3825261389137437,0.001317825746575912,0.0019126306945687185,0.0,True,True,True,coexistence
684,Eu.c,0.47148663634573923,0.8908662550225677,0.42003153401451593,on,11.9,ng_low_bt_high,0.001,1.0,hard_extinction,True,20,0.0013180035584667703,0.0019125898012944617,0.2636007116933541,0.382517960258892,0.0013180035584667703,0.00191258980129446,4.440892098500626e-16,True,True,True,coexistence
685,Eu.c,0.47148663634573923,0.8908662550225677,0.42003153401451593,on,11.9,ng_high_bt_low,1.0,0.001,hard_extinction,True,20,0.0013180035584667703,0.0019125898012944617,0.2636007116933541,0.382517960258892,0.0013180035584667703,0.00191258980129446,4.440892098500626e-16,True,True,True,coexistence
686,Eu.c,0.517947467923121,0.8908662550225677,0.4614219210470923,on,11.9,ng_low_bt_high,0.001,1.0,hard_extinction,True,20,0.0013181982553066435,0.001912544689321902,0.2636396510613286,0.38250893786438045,0.0013181982553066428,0.0019125446893219023,4.440892098500626e-16,True,True,True,coexistence
687,Eu.c,0.517947467923121,0.8908662550225677,0.4614219210470923,on,11.9,ng_high_bt_low,1.0,0.001,hard_extinction,True,20,0.0013181982553066435,0.001912544689321902,0.2636396510613286,0.38250893786438045,0.0013181982553066428,0.0019125446893219023,4.440892098500626e-16,True,True,True,coexistence
688,Eu.c,0.5689866029018296,0.8908662550225677,0.5068909640851658,on,11.9,ng_low_bt_high,0.001,1.0,hard_extinction,True,20,0.0013184113729190316,0.0019124949033201394,0.2636822745838063,0.38249898066402765,0.0013184113729190314,0.0019124949033201384,4.440892098500626e-16,True,True,True,coexistence
689,Eu.c,0.5689866029018296,0.8908662550225677,0.5068909640851658,on,11.9,ng_high_bt_low,1.0,0.001,hard_extinction,True,20,0.0013184113729190316,0.0019124949033201394,0.2636822745838063,0.38249898066402765,0.0013184113729190314,0.0019124949033201384,4.440892098500626e-16,True,True,True,coexistence
690,Eu.c,0.6250551925273969,0.8908662550225677,0.5568405785492921,on,11.9,ng_low_bt_high,0.001,1.0,hard_extinction,True,20,0.0013186445731620258,0.0019124399347295634,0.263728914632405,0.38248798694591263,0.001318644573162025,0.0019124399347295632,4.440892098500626e-16,True,True,True,coexistence
691,Eu.c,0.6250551925273969,0.8908662550225677,0.5568405785492921,on,11.9,ng_high_bt_low,1.0,0.001,hard_extinction,True,20,0.0013186445731620258,0.0019124399347295634,0.263728914632405,0.38248798694591263,0.001318644573162025,0.0019124399347295632,4.440892098500626e-16,True,True,True,coexistence
692,Eu.c,0.6866488450042998,0.8908662550225677,0.6117122850645521,on,11.9,ng_low_bt_high,0.001,1.0,hard_extinction,True,20,0.0013188996514867026,0.0019123792147349322,0.2637799302973404,0.38247584294698633,0.0013188996514867022,0.0019123792147349317,4.440892098500626e-16,True,True,True,coexistence
693,Eu.c,0.6866488450042998,0.8908662550225677,0.6117122850645521,on,11.9,ng_high_bt_low,1.0,0.001,hard_extinction,True,20,0.0013188996514867026,0.0019123792147349322,0.2637799302973404,0.38247584294698633,0.0013188996514867022,0.0019123792147349317,4.440892098500626e-16,True,True,True,coexistence
694,Eu.c,0.7543120063354615,0.8908662550225677,0.6719911122026319,on,11.9,ng_low_bt_high,0.001,1.0,hard_extinction,True,20,0.0013191785443522322,0.0019123121061608655,0.2638357088704463,0.382462421232173,0.0013191785443522313,0.001912312106160865,4.440892098500626e-16,True,True,True,coexistence
695,Eu.c,0.7543120063354615,0.8908662550225677,0.6719911122026319,on,11.9,ng_high_bt_low,1.0,0.001,hard_extinction,True,20,0.0013191785443522322,0.0019123121061608655,0.2638357088704463,0.382462421232173,0.0013191785443522313,0.001912312106160865,4.440892098500626e-16,True,True,True,coexistence
696,Eu.c,0.8286427728546842,0.8908662550225677,0.7382098838045688,on,11.9,ng_low_bt_high,0.001,1.0,hard_extinction,True,20,0.001319483336336439,0.0019122378940990596,0.26389666726728767,0.3824475788198121,0.0013194833363364383,0.0019122378940990606,4.440892098500626e-16,True,True,True,coexistence
697,Eu.c,0.8286427728546842,0.8908662550225677,0.7382098838045688,on,11.9,ng_high_bt_low,1.0,0.001,hard_extinction,True,20,0.001319483336336439,0.0019122378940990596,0.26389666726728767,0.3824475788198121,0.0013194833363364383,0.0019122378940990606,4.440892098500626e-16,True,True,True,coexistence
698,Eu.c,0.9102981779915218,0.8908662550225677,0.8109539287811738,on,11.9,ng_low_bt_high,0.001,1.0,hard_extinction,True,20,0.0013198162667450543,0.0019121557750383725,0.2639632533490112,0.38243115500767466,0.001319816266745056,0.0019121557750383733,8.881784197001252e-16,True,True,True,coexistence
699,Eu.c,0.9102981779915218,0.8908662550225677,0.8109539287811738,on,11.9,ng_high_bt_low,1.0,0.001,hard_extinction,True,20,0.0013198162667450543,0.0019121557750383725,0.2639632533490112,0.38243115500767466,0.001319816266745056,0.0019121557750383733,8.881784197001252e-16,True,True,True,coexistence
700,Eu.c,0.9999999999999994,0.8908662550225677,0.8908662550225672,on,11.9,ng_low_bt_high,0.001,1.0,hard_extinction,True,20,0.001320179735483528,0.0019120648442232373,0.2640359470967056,0.3824129688446475,0.001320179735483528,0.0019120648442232373,0.0,True,True,True,coexistence
701,Eu.c,0.9999999999999994,0.8908662550225677,0.8908662550225672,on,11.9,ng_high_bt_low,1.0,0.001,hard_extinction,True,20,0.001320179735483528,0.0019120648442232373,0.2640359470967056,0.3824129688446475,0.001320179735483528,0.0019120648442232373,0.0,True,True,True,coexistence
702,Eu.c,1.0985411419875584,0.8908662550225677,0.9786532331506709,on,11.9,ng_low_bt_high,0.001,1.0,hard_extinction,True,20,0.0013205763079118945,0.0019119640809098987,0.26411526158237886,0.3823928161819798,0.0013205763079118943,0.001911964080909899,4.440892098500626e-16,True,True,True,coexistence
703,Eu.c,1.0985411419875584,0.8908662550225677,0.9786532331506709,on,11.9,ng_high_bt_low,1.0,0.001,hard_extinction,True,20,0.0013205763079118945,0.0019119640809098987,0.26411526158237886,0.3823928161819798,0.0013205763079118943,0.001911964080909899,4.440892098500626e-16,True,True,True,coexistence
704,Eu.c,1.2067926406393277,0.8908662550225677,1.0750908403551531,on,11.9,ng_low_bt_high,0.001,1.0,hard_extinction,True,20,0.0013210087183565635,0.0019118523311219874,0.26420174367131277,0.3823704662243975,0.001321008718356564,0.0019118523311219876,0.0,True,True,True,coexistence
705,Eu.c,1.2067926406393277,0.8908662550225677,1.0750908403551531,on,11.9,ng_high_bt_low,1.0,0.001,hard_extinction,True,20,0.0013210087183565635,0.0019118523311219874,0.26420174367131277,0.3823704662243975,0.001321008718356564,0.0019118523311219876,0.0,True,True,True,coexistence
706,Eu.c,1.325711365590108,0.8908662550225677,1.1810315195041137,on,11.9,ng_low_bt_high,0.001,1.0,hard_extinction,True,20,0.0013214798719047287,0.001911728287424576,0.26429597438094554,0.38234565748491517,0.0013214798719047276,0.0019117282874245758,0.0,True,True,True,coexistence
707,Eu.c,1.325711365590108,0.8908662550225677,1.1810315195041137,on,11.9,ng_high_bt_low,1.0,0.001,hard_extinction,True,20,0.0013214798719047287,0.001911728287424576,0.26429597438094554,0.38234565748491517,0.0013214798719047276,0.0019117282874245758,0.0,True,True,True,coexistence
708,Eu.c,1.456348477501243,0.8908662550225677,1.2974117141593504,on,11.9,ng_low_bt_high,0.001,1.0,hard_extinction,True,20,0.0013219928440591391,0.0019115904651347073,0.26439856881182755,0.3823180930269414,0.0013219928440591378,0.0019115904651347071,4.440892098500626e-16,True,True,True,coexistence
709,Eu.c,1.456348477501243,0.8908662550225677,1.2974117141593504,on,11.9,ng_high_bt_low,1.0,0.001,hard_extinction,True,20,0.0013219928440591391,0.0019115904651347073,0.26439856881182755,0.3823180930269414,0.0013219928440591378,0.0019115904651347071,4.440892098500626e-16,True,True,True,coexistence
710,Eu.c,1.5998587196060574,0.8908662550225677,1.4252601461006484,on,11.9,ng_low_bt_high,0.001,1.0,hard_extinction,True,20,0.0013225508777867598,0.001911437174263896,0.26451017555735185,0.3822874348527792,0.0013225508777867593,0.001911437174263896,0.0,True,True,True,coexistence
711,Eu.c,1.5998587196060574,0.8908662550225677,1.4252601461006484,on,11.9,ng_high_bt_low,1.0,0.001,hard_extinction,True,20,0.0013225508777867598,0.001911437174263896,0.26451017555735185,0.3822874348527792,0.0013225508777867593,0.001911437174263896,0.0,True,True,True,coexistence
712,Eu.c,1.7575106248547911,0.8908662550225677,1.5657069085267605,on,11.9,ng_low_bt_high,0.001,1.0,hard_extinction,True,20,0.0013231573774590503,0.0019112664863387544,0.26463147549180993,0.38225329726775076,0.0013231573774590496,0.0019112664863387538,4.440892098500626e-16,True,True,True,coexistence
713,Eu.c,1.7575106248547911,0.8908662550225677,1.5657069085267605,on,11.9,ng_high_bt_low,1.0,0.001,hard_extinction,True,20,0.0013231573774590503,0.0019112664863387544,0.26463147549180993,0.38225329726775076,0.0013231573774590496,0.0019112664863387538,4.440892098500626e-16,True,True,True,coexistence
714,Eu.c,1.9306977288832496,0.8908662550225677,1.7199934553107974,on,11.9,ng_low_bt_high,0.001,1.0,hard_extinction,True,20,0.0013238158991602431,0.0019110761950640708,0.2647631798320486,0.3822152390128143,0.0013238158991602431,0.0019110761950640715,0.0,True,True,True,coexistence
715,Eu.c,1.9306977288832496,0.8908662550225677,1.7199934553107974,on,11.9,ng_high_bt_low,1.0,0.001,hard_extinction,True,20,0.0013238158991602431,0.0019110761950640708,0.2647631798320486,0.3822152390128143,0.0013238158991602431,0.0019110761950640715,0.0,True,True,True,coexistence
716,Eu.c,2.1209508879201904,0.8908662550225677,1.8894835746082497,on,11.9,ng_low_bt_high,0.001,1.0,hard_extinction,True,20,0.0013245301368427665,0.0019108637695724707,0.2649060273685533,0.3821727539144941,0.0013245301368427665,0.0019108637695724707,0.0,True,True,True,coexistence
717,Eu.c,2.1209508879201904,0.8908662550225677,1.8894835746082497,on,11.9,ng_high_bt_low,1.0,0.001,hard_extinction,True,20,0.0013245301368427665,0.0019108637695724707,0.2649060273685533,0.3821727539144941,0.0013245301368427665,0.0019108637695724707,0.0,True,True,True,coexistence
718,Eu.c,2.329951810515372,0.8908662550225677,2.0756754438168805,on,11.9,ng_low_bt_high,0.001,1.0,hard_extinction,True,20,0.0013253039038464446,0.001910626298738621,0.2650607807692891,0.3821252597477242,0.0013253039038464453,0.001910626298738621,0.0,True,True,True,coexistence
719,Eu.c,2.329951810515372,0.8908662550225677,2.0756754438168805,on,11.9,ng_high_bt_low,1.0,0.001,hard_extinction,True,20,0.0013253039038464446,0.001910626298738621,0.2650607807692891,0.3821252597477242,0.0013253039038464453,0.001910626298738621,0.0,True,True,True,coexistence
720,Eu.c,2.5595479226995357,0.8908662550225677,2.2802148724461277,on,11.9,ng_low_bt_high,0.001,1.0,hard_extinction,True,20,0.0013261411093856027,0.0019103604247159246,0.2652282218771206,0.38207208494318484,0.0013261411093856029,0.0019103604247159242,0.0,True,True,True,coexistence
721,Eu.c,2.5595479226995357,0.8908662550225677,2.2802148724461277,on,11.9,ng_high_bt_low,1.0,0.001,hard_extinction,True,20,0.0013261411093856027,0.0019103604247159246,0.2652282218771206,0.38207208494318484,0.0013261411093856029,0.0019103604247159242,0.0,True,True,True,coexistence
722,Eu.c,2.811768697974228,0.8908662550225677,2.5049098499539815,on,11.9,ng_low_bt_high,0.001,1.0,hard_extinction,True,20,0.0013270457297648278,0.0019100622634722663,0.26540914595296555,0.3820124526944533,0.0013270457297648278,0.0019100622634722663,0.0,True,True,True,coexistence
723,Eu.c,2.811768697974228,0.8908662550225677,2.5049098499539815,on,11.9,ng_high_bt_low,1.0,0.001,hard_extinction,True,20,0.0013270457297648278,0.0019100622634722663,0.26540914595296555,0.3820124526944533,0.0013270457297648278,0.0019100622634722663,0.0,True,True,True,coexistence
724,Eu.c,3.0888435964774787,0.8908662550225677,2.7517465271443307,on,11.9,ng_low_bt_high,0.001,1.0,hard_extinction,True,20,0.0013280217743311612,0.001909727309651576,0.2656043548662322,0.38194546193031514,0.001328021774331161,0.0019097273096515758,0.0,True,True,True,coexistence
725,Eu.c,3.0888435964774787,0.8908662550225677,2.7517465271443307,on,11.9,ng_high_bt_low,1.0,0.001,hard_extinction,True,20,0.0013280217743311612,0.001909727309651576,0.2656043548662322,0.38194546193031514,0.001328021774331161,0.0019097273096515758,0.0,True,True,True,coexistence
726,Eu.c,3.3932217718953264,0.8908662550225677,3.022906772389431,on,11.9,ng_low_bt_high,0.001,1.0,hard_extinction,True,20,0.0013290732465359079,0.0019093503225662998,0.26581464930718146,0.3818700645132598,0.0013290732465359072,0.001909350322566299,4.440892098500626e-16,True,True,True,coexistence
727,Eu.c,3.3932217718953264,0.8908662550225677,3.022906772389431,on,11.9,ng_high_bt_low,1.0,0.001,hard_extinction,True,20,0.0013290732465359079,0.0019093503225662998,0.26581464930718146,0.3818700645132598,0.0013290732465359072,0.001909350322566299,4.440892098500626e-16,True,True,True,coexistence
728,Eu.c,3.727593720314938,0.8908662550225677,3.3207874578626093,on,11.9,ng_low_bt_high,0.001,1.0,hard_extinction,True,20,0.001330204100991511,0.0019089251895350633,0.2660408201983024,0.38178503790701235,0.001330204100991512,0.0019089251895350618,4.440892098500626e-16,True,True,True,coexistence
729,Eu.c,3.727593720314938,0.8908662550225677,3.3207874578626093,on,11.9,ng_high_bt_low,1.0,0.001,hard_extinction,True,20,0.001330204100991511,0.0019089251895350633,0.2660408201983024,0.38178503790701235,0.001330204100991512,0.0019089251895350618,4.440892098500626e-16,True,True,True,coexistence
730,Eu.c,4.094915062380423,0.8908662550225677,3.6480216462583512,on,11.9,ng_low_bt_high,0.001,1.0,hard_extinction,True,20,0.0013314181980986978,0.0019084447621345473,0.26628363961973955,0.38168895242690937,0.0013314181980986978,0.001908444762134547,4.440892098500626e-16,True,True,True,coexistence
731,Eu.c,4.094915062380423,0.8908662550225677,3.6480216462583512,on,11.9,ng_high_bt_low,1.0,0.001,hard_extinction,True,20,0.0013314181980986978,0.0019084447621345473,0.26628363961973955,0.38168895242690937,0.0013314181980986978,0.001908444762134547,4.440892098500626e-16,True,True,True,coexistence
732,Eu.c,4.498432668969444,0.8908662550225677,4.007501865275982,on,11.9,ng_low_bt_high,0.001,1.0,hard_extinction,True,20,0.001332719258713845,0.0019079006602710712,0.2665438517427689,0.3815801320542139,0.0013327192587138444,0.0019079006602710697,4.440892098500626e-16,True,True,True,coexistence
733,Eu.c,4.498432668969444,0.8908662550225677,4.007501865275982,on,11.9,ng_high_bt_low,1.0,0.001,hard_extinction,True,20,0.001332719258713845,0.0019079006602710712,0.2665438517427689,0.3815801320542139,0.0013327192587138444,0.0019079006602710697,4.440892098500626e-16,True,True,True,coexistence
734,Eu.c,4.941713361323833,0.8908662550225677,4.402405675597548,on,11.9,ng_low_bt_high,0.001,1.0,hard_extinction,True,20,0.0013341108224429988,0.0019072830383661562,0.2668221644885996,0.38145660767323136,0.001334110822442998,0.0019072830383661569,4.440892098500626e-16,True,True,True,coexistence
735,Eu.c,4.941713361323833,0.8908662550225677,4.402405675597548,on,11.9,ng_high_bt_low,1.0,0.001,hard_extinction,True,20,0.0013341108224429988,0.0019072830383661562,0.2668221644885996,0.38145660767323136,0.001334110822442998,0.0019072830383661569,4.440892098500626e-16,True,True,True,coexistence
736,Eu.c,5.428675439323859,0.8908662550225677,4.836223758363439,on,11.9,ng_low_bt_high,0.001,1.0,hard_extinction,True,20,0.0013355962144831314,0.0019065803075194005,0.26711924289662636,0.38131606150388014,0.0013355962144831319,0.0019065803075194007,4.440892098500626e-16,True,True,True,coexistence
737,Eu.c,5.428675439323859,0.8908662550225677,4.836223758363439,on,11.9,ng_high_bt_low,1.0,0.001,hard_extinction,True,20,0.0013355962144831314,0.0019065803075194005,0.26711924289662636,0.38131606150388014,0.0013355962144831319,0.0019065803075194007,4.440892098500626e-16,True,True,True,coexistence
738,Eu.c,5.963623316594643,0.8908662550225677,5.312790770419934,on,11.9,ng_low_bt_high,0.001,1.0,hard_extinction,True,20,0.001337178527438012,0.001905778807475751,0.2674357054876024,0.38115576149515024,0.0013371785274380122,0.001905778807475751,0.0,True,True,True,coexistence
739,Eu.c,5.963623316594643,0.8908662550225677,5.312790770419934,on,11.9,ng_high_bt_low,1.0,0.001,hard_extinction,True,20,0.001337178527438012,0.001905778807475751,0.2674357054876024,0.38115576149515024,0.0013371785274380122,0.001905778807475751,0.0,True,True,True,coexistence
740,Eu.c,6.551285568595502,0.8908662550225677,5.836319240078068,on,11.9,ng_low_bt_high,0.001,1.0,hard_extinction,True,20,0.001338860626107526,0.001904862422931449,0.2677721252215052,0.3809724845862898,0.001338860626107526,0.001904862422931449,0.0,True,True,True,coexistence
741,Eu.c,6.551285568595502,0.8908662550225677,5.836319240078068,on,11.9,ng_high_bt_low,1.0,0.001,hard_extinction,True,20,0.001338860626107526,0.001904862422931449,0.2677721252215052,0.3809724845862898,0.001338860626107526,0.001904862422931449,0.0,True,True,True,coexistence
742,Eu.c,7.196856730011514,0.8908662550225677,6.41143680299932,on,11.9,ng_low_bt_high,0.001,1.0,hard_extinction,True,20,0.0013406451846702816,0.0019038121407006004,0.2681290369340564,0.38076242814012023,0.0013406451846702818,0.001903812140700601,0.0,True,True,True,coexistence
743,Eu.c,7.196856730011514,0.8908662550225677,6.41143680299932,on,11.9,ng_high_bt_low,1.0,0.001,hard_extinction,True,20,0.0013406451846702816,0.0019038121407006004,0.2681290369340564,0.38076242814012023,0.0013406451846702818,0.001903812140700601,0.0,True,True,True,coexistence
744,Eu.c,7.9060432109076935,0.8908662550225677,7.043227107347933,on,11.9,ng_low_bt_high,0.001,1.0,hard_extinction,True,20,0.0013425347665883762,0.0019026055483353438,0.2685069533176753,0.38052110966706887,0.0013425347665883766,0.0019026055483353443,4.440892098500626e-16,True,True,True,coexistence
745,Eu.c,7.9060432109076935,0.8908662550225677,7.043227107347933,on,11.9,ng_high_bt_low,1.0,0.001,hard_extinction,True,20,0.0013425347665883762,0.0019026055483353438,0.2685069533176753,0.38052110966706887,0.0013425347665883766,0.0019026055483353443,4.440892098500626e-16,True,True,True,coexistence
746,Eu.c,8.68511373751352,0.8908662550225677,7.737274749783725,on,11.9,ng_low_bt_high,0.001,1.0,hard_extinction,True,20,0.0013445319573855466,0.0019012162820834031,0.2689063914771094,0.3802432564166805,0.0013445319573855469,0.0019012162820834025,4.440892098500626e-16,True,True,True,coexistence
747,Eu.c,8.68511373751352,0.8908662550225677,7.737274749783725,on,11.9,ng_high_bt_low,1.0,0.001,hard_extinction,True,20,0.0013445319573855466,0.0019012162820834031,0.2689063914771094,0.3802432564166805,0.0013445319573855469,0.0019012162820834025,4.440892098500626e-16,True,True,True,coexistence
748,Eu.c,9.540954763499935,0.8908662550225677,8.499714639498915,on,11.9,ng_low_bt_high,0.001,1.0,hard_extinction,True,20,0.001346639558350579,0.0018996134440961052,0.26932791167011605,0.3799226888192211,0.0013466395583505803,0.0018996134440961055,4.440892098500626e-16,True,True,True,coexistence
749,Eu.c,9.540954763499935,0.8908662550225677,8.499714639498915,on,11.9,ng_high_bt_low,1.0,0.001,hard_extinction,True,20,0.001346639558350579,0.0018996134440961052,0.26932791167011605,0.3799226888192211,0.0013466395583505803,0.0018996134440961055,4.440892098500626e-16,True,True,True,coexistence
750,Eu.c,10.481131341546853,0.8908662550225677,9.337286226643505,on,11.9,ng_low_bt_high,0.001,1.0,hard_extinction,True,20,0.001348860844066113,0.0018977610274150672,0.2697721688132225,0.3795522054830133,0.0013488608440661127,0.0018977610274150667,0.0,True,True,True,coexistence
751,Eu.c,10.481131341546853,0.8908662550225677,9.337286226643505,on,11.9,ng_high_bt_low,1.0,0.001,hard_extinction,True,20,0.001348860844066113,0.0018977610274150672,0.2697721688132225,0.3795522054830133,0.0013488608440661127,0.0018977610274150667,0.0,True,True,True,coexistence
752,Eu.c,11.513953993264469,0.8908662550225677,10.257393074481655,on,11.9,ng_low_bt_high,0.001,1.0,hard_extinction,True,20,0.0013511998770934016,0.001895617414386359,0.27023997541868033,0.37912348287727177,0.0013511998770934016,0.0018956174143863588,0.0,True,True,True,coexistence
753,Eu.c,11.513953993264469,0.8908662550225677,10.257393074481655,on,11.9,ng_high_bt_low,1.0,0.001,hard_extinction,True,20,0.0013511998770934016,0.001895617414386359,0.27023997541868033,0.37912348287727177,0.0013511998770934016,0.0018956174143863588,0.0,True,True,True,coexistence
754,Eu.c,12.648552168552959,0.8908662550225677,11.26816830185635,on,11.9,ng_low_bt_high,0.001,1.0,hard_extinction,True,20,0.001353661857774976,0.0018931350510994407,0.2707323715549953,0.3786270102198878,0.0013536618577749764,0.0018931350510994391,4.440892098500626e-16,True,True,True,coexistence
755,Eu.c,12.648552168552959,0.8908662550225677,11.26816830185635,on,11.9,ng_high_bt_low,1.0,0.001,hard_extinction,True,20,0.001353661857774976,0.0018931350510994407,0.2707323715549953,0.3786270102198878,0.0013536618577749764,0.0018931350510994391,4.440892098500626e-16,True,True,True,coexistence
756,Eu.c,13.894954943731374,0.8908662550225677,12.378546474429282,on,11.9,ng_low_bt_high,0.001,1.0,hard_extinction,True,20,0.0013562534650864053,0.0018902604466462692,0.271250693017281,0.3780520893292539,0.001356253465086405,0.0018902604466462694,0.0,True,True,True,coexistence
757,Eu.c,13.894954943731374,0.8908662550225677,12.378546474429282,on,11.9,ng_high_bt_low,1.0,0.001,hard_extinction,True,20,0.0013562534650864053,0.0018902604466462692,0.271250693017281,0.3780520893292539,0.001356253465086405,0.0018902604466462694,0.0,True,True,True,coexistence
758,Eu.c,15.264179671752318,0.8908662550225677,13.598342580165594,on,11.9,ng_low_bt_high,0.001,1.0,hard_extinction,True,20,0.0013589831164012992,0.0018869346967945735,0.2717966232802596,0.37738693935891465,0.0013589831164012981,0.0018869346967945733,0.0,True,True,True,coexistence
759,Eu.c,15.264179671752318,0.8908662550225677,13.598342580165594,on,11.9,ng_high_bt_low,1.0,0.001,hard_extinction,True,20,0.0013589831164012992,0.0018869346967945735,0.2717966232802596,0.37738693935891465,0.0013589831164012981,0.0018869346967945733,0.0,True,True,True,coexistence
760,Eu.c,16.768329368110066,0.8908662550225677,14.938338787153153,on,11.9,ng_low_bt_high,0.001,1.0,hard_extinction,True,20,0.0013618610435109004,0.0018830947754320585,0.2723722087021801,0.37661895508641163,0.0013618610435109004,0.001883094775432058,0.0,True,True,True,coexistence
761,Eu.c,16.768329368110066,0.8908662550225677,14.938338787153153,on,11.9,ng_high_bt_low,1.0,0.001,hard_extinction,True,20,0.0013618610435109004,0.0018830947754320585,0.2723722087021801,0.37661895508641163,0.0013618610435109004,0.001883094775432058,0.0,True,True,True,coexistence
762,Eu.c,18.420699693267146,0.8908662550225677,16.410379750636263,on,11.9,ng_low_bt_high,0.001,1.0,hard_extinction,True,20,0.0013648990574773067,0.0018786758524365053,0.2729798114954613,0.3757351704873012,0.0013648990574773065,0.001878675852436506,0.0,True,True,True,coexistence
763,Eu.c,18.420699693267146,0.8908662550225677,16.410379750636263,on,11.9,ng_high_bt_low,1.0,0.001,hard_extinction,True,20,0.0013648990574773067,0.0018786758524365053,0.2729798114954613,0.3757351704873012,0.0013648990574773065,0.001878675852436506,0.0,True,True,True,coexistence
764,Eu.c,20.235896477251554,0.8908662550225677,18.02747731171346,on,11.9,ng_low_bt_high,0.001,1.0,hard_extinction,True,20,0.0013681098697272125,0.001873614851871135,0.27362197394544274,0.3747229703742271,0.0013681098697272138,0.0018736148518711355,4.440892098500626e-16,True,True,True,coexistence
765,Eu.c,20.235896477251554,0.8908662550225677,18.02747731171346,on,11.9,ng_high_bt_low,1.0,0.001,hard_extinction,True,20,0.0013681098697272125,0.001873614851871135,0.27362197394544274,0.3747229703742271,0.0013681098697272138,0.0018736148518711355,4.440892098500626e-16,True,True,True,coexistence
766,Eu.c,22.229964825261934,0.8908662550225677,19.803925513164508,on,11.9,ng_low_bt_high,0.001,1.0,hard_extinction,True,20,0.001371505869161234,0.0018678553237851865,0.27430117383224645,0.37357106475703733,0.0013715058691612322,0.0018678553237851867,4.440892098500626e-16,True,True,True,coexistence
767,Eu.c,22.229964825261934,0.8908662550225677,19.803925513164508,on,11.9,ng_high_bt_low,1.0,0.001,hard_extinction,True,20,0.001371505869161234,0.0018678553237851865,0.27430117383224645,0.37357106475703733,0.0013715058691612322,0.0018678553237851867,4.440892098500626e-16,True,True,True,coexistence
768,Eu.c,24.420530945486497,0.8908662550225677,21.75542694906828,on,11.9,ng_low_bt_high,0.001,1.0,hard_extinction,True,20,0.0013750973408774253,0.0018613534427312593,0.27501946817548506,0.3722706885462519,0.0013750973408774253,0.0018613534427312595,0.0,True,True,True,coexistence
769,Eu.c,24.420530945486497,0.8908662550225677,21.75542694906828,on,11.9,ng_high_bt_low,1.0,0.001,hard_extinction,True,20,0.0013750973408774253,0.0018613534427312593,0.27501946817548506,0.3722706885462519,0.0013750973408774253,0.0018613534427312595,0.0,True,True,True,coexistence
770,Eu.c,26.826957952797247,0.8908662550225677,23.899231565056372,on,11.9,ng_low_bt_high,0.001,1.0,hard_extinction,True,20,0.0013788902536674577,0.0018540845814699525,0.2757780507334917,0.3708169162939908,0.0013788902536674586,0.0018540845814699538,4.440892098500626e-16,True,True,True,coexistence
771,Eu.c,26.826957952797247,0.8908662550225677,23.899231565056372,on,11.9,ng_high_bt_low,1.0,0.001,hard_extinction,True,20,0.0013788902536674577,0.0018540845814699525,0.2757780507334917,0.3708169162939908,0.0013788902536674586,0.0018540845814699538,4.440892098500626e-16,True,True,True,coexistence
772,Eu.c,29.4705170255181,0.8908662550225677,26.25428913610213,on,11.9,ng_low_bt_high,0.001,1.0,hard_extinction,True,20,0.00138288391598214,0.0018460495193014246,0.27657678319642803,0.3692099038602849,0.00138288391598214,0.0018460495193014246,0.0,True,True,True,coexistence
773,Eu.c,29.4705170255181,0.8908662550225677,26.25428913610213,on,11.9,ng_high_bt_low,1.0,0.001,hard_extinction,True,20,0.00138288391598214,0.0018460495193014246,0.27657678319642803,0.3692099038602849,0.00138288391598214,0.0018460495193014246,0.0,True,True,True,coexistence
774,Eu.c,32.374575428176435,0.8908662550225677,28.841416769645182,on,11.9,ng_low_bt_high,0.001,1.0,hard_extinction,True,20,0.0013870689465268233,0.0018372790783397965,0.27741378930536476,0.3674558156679594,0.0013870689465268237,0.001837279078339797,0.0,True,True,True,coexistence
775,Eu.c,32.374575428176435,0.8908662550225677,28.841416769645182,on,11.9,ng_high_bt_low,1.0,0.001,hard_extinction,True,20,0.0013870689465268233,0.0018372790783397965,0.27741378930536476,0.3674558156679594,0.0013870689465268237,0.001837279078339797,0.0,True,True,True,coexistence
776,Eu.c,35.56480306223125,0.8908662550225677,31.6834829146651,on,11.9,ng_low_bt_high,0.001,1.0,hard_extinction,True,20,0.0013914260517221217,0.0018278360057411122,0.2782852103444242,0.3655672011482225,0.001391426051722121,0.0018278360057411124,4.440892098500626e-16,True,True,True,coexistence
777,Eu.c,35.56480306223125,0.8908662550225677,31.6834829146651,on,11.9,ng_high_bt_low,1.0,0.001,hard_extinction,True,20,0.0013914260517221217,0.0018278360057411122,0.2782852103444242,0.3655672011482225,0.001391426051722121,0.0018278360057411124,4.440892098500626e-16,True,True,True,coexistence
778,Eu.c,39.06939937054613,0.8908662550225677,34.80560950321949,on,11.9,ng_low_bt_high,0.001,1.0,hard_extinction,True,20,0.0013959259940813764,0.0018178133306383443,0.2791851988162751,0.36356266612766897,0.0013959259940813757,0.0018178133306383448,4.440892098500626e-16,True,True,True,coexistence
779,Eu.c,39.06939937054613,0.8908662550225677,34.80560950321949,on,11.9,ng_high_bt_low,1.0,0.001,hard_extinction,True,20,0.0013959259940813761,0.0018178133306383443,0.2791851988162751,0.36356266612766897,0.0013959259940813757,0.0018178133306383448,0.0,True,True,True,coexistence
780,Eu.c,42.91934260128774,0.8908662550225677,38.235394011239755,on,11.9,ng_low_bt_high,0.001,1.0,hard_extinction,True,20,0.0014005308812957411,0.0018073291547049018,0.2801061762591485,0.36146583094098034,0.0014005308812957426,0.0018073291547049018,4.440892098500626e-16,True,True,True,coexistence
781,Eu.c,42.91934260128774,0.8908662550225677,38.235394011239755,on,11.9,ng_high_bt_low,1.0,0.001,hard_extinction,True,20,0.0014005308812957411,0.0018073291547049018,0.2801061762591485,0.36146583094098034,0.0014005308812957426,0.0018073291547049018,4.440892098500626e-16,True,True,True,coexistence
782,Eu.c,47.1486636345739,0.8908662550225677,42.00315340145158,on,11.9,ng_low_bt_high,0.001,1.0,hard_extinction,True,20,0.001405196587928924,0.0017965186482636994,0.28103931758578476,0.35930372965273993,0.001405196587928924,0.0017965186482636997,0.0,True,True,True,coexistence
783,Eu.c,47.1486636345739,0.8908662550225677,42.00315340145158,on,11.9,ng_high_bt_low,1.0,0.001,hard_extinction,True,20,0.0014051965879289241,0.0017965186482636994,0.28103931758578476,0.35930372965273993,0.001405196587928924,0.0017965186482636997,0.0,True,True,True,coexistence
784,Eu.c,51.794746792312075,0.8908662550225677,46.14219210470921,on,11.9,ng_low_bt_high,0.001,1.0,hard_extinction,True,20,0.0014098758604914393,0.0017855246194462293,0.28197517209828815,0.357104923889246,0.0014098758604914408,0.00178552461944623,4.440892098500626e-16,True,True,True,coexistence
785,Eu.c,51.794746792312075,0.8908662550225677,46.14219210470921,on,11.9,ng_high_bt_low,1.0,0.001,hard_extinction,True,20,0.00140987586049144,0.0017855246194462288,0.281975172098288,0.357104923889246,0.00140987586049144,0.00178552461944623,0.0,True,True,True,coexistence
786,Eu.c,56.89866029018293,0.8908662550225677,50.68909640851655,on,11.9,ng_low_bt_high,0.001,1.0,hard_extinction,True,20,0.001414521545584506,0.0017744881983912419,0.28290430911690106,0.35489763967824844,0.0014145215455845053,0.0017744881983912423,0.0,True,True,True,coexistence
787,Eu.c,56.89866029018293,0.8908662550225677,50.68909640851655,on,11.9,ng_high_bt_low,1.0,0.001,hard_extinction,True,20,0.0014145215455845061,0.0017744881983912423,0.2829043091169012,0.35489763967824833,0.001414521545584506,0.0017744881983912416,0.0,True,True,True,coexistence
788,Eu.c,62.505519252739695,0.8908662550225677,55.684057854929215,on,11.9,ng_low_bt_high,0.001,1.0,hard_extinction,True,20,0.0014190894388924125,0.0017635409245850555,0.2838178877784824,0.352708184917011,0.001419089438892412,0.001763540924585055,0.0,True,True,True,coexistence
789,Eu.c,62.505519252739695,0.8908662550225677,55.684057854929215,on,11.9,ng_high_bt_low,1.0,0.001,hard_extinction,True,20,0.0014190894388924117,0.0017635409245850546,0.2838178877784825,0.3527081849170111,0.0014190894388924125,0.0017635409245850555,0.0,True,True,True,coexistence
790,Eu.c,68.66488450042998,0.8908662550225677,61.17122850645521,on,11.9,ng_low_bt_high,0.001,1.0,hard_extinction,True,20,0.001423540427184501,0.0017527990069230448,0.2847080854369002,0.35055980138460874,0.001423540427184501,0.0017527990069230437,4.440892098500626e-16,True,True,True,coexistence
791,Eu.c,68.66488450042998,0.8908662550225677,61.17122850645521,on,11.9,ng_high_bt_low,1.0,0.001,hard_extinction,True,20,0.0014235404271845022,0.0017527990069230435,0.2847080854369,0.3505598013846088,0.0014235404271845,0.001752799006923044,8.881784197001252e-16,True,True,True,coexistence
792,Eu.c,75.43120063354615,0.8908662550225677,67.19911122026319,on,11.9,ng_low_bt_high,0.001,1.0,hard_extinction,True,20,0.0014278418027107232,0.001742359964158127,0.2855683605421446,0.3484719928316252,0.0014278418027107228,0.0017423599641581261,4.440892098500626e-16,True,True,True,coexistence
793,Eu.c,75.43120063354615,0.8908662550225677,67.19911122026319,on,11.9,ng_high_bt_low,1.0,0.001,hard_extinction,True,20,0.0014278418027107243,0.0017423599641581261,0.28556836054214463,0.3484719928316252,0.0014278418027107232,0.0017423599641581261,4.440892098500626e-16,True,True,True,coexistence
794,Eu.c,82.86427728546842,0.8908662550225677,73.82098838045687,on,11.9,ng_low_bt_high,0.001,1.0,hard_extinction,True,20,0.0014319678005866644,0.0017323014160921585,0.28639356011733286,0.34646028321843153,0.0014319678005866644,0.0017323014160921576,4.440892098500626e-16,True,True,True,coexistence
795,Eu.c,82.86427728546842,0.8908662550225677,73.82098838045687,on,11.9,ng_high_bt_low,1.0,0.001,hard_extinction,True,20,0.001431967800586665,0.0017323014160921567,0.28639356011733286,0.3464602832184315,0.0014319678005866644,0.0017323014160921574,0.0,True,True,True,coexistence
796,Eu.c,91.02981779915208,0.8908662550225677,81.0953928781173,on,11.9,ng_low_bt_high,0.001,1.0,hard_extinction,True,20,0.001435899512890677,0.0017226815509599424,0.28717990257813536,0.34453631019198844,0.0014358995128906768,0.0017226815509599422,4.440892098500626e-16,True,True,True,coexistence
797,Eu.c,91.02981779915208,0.8908662550225677,81.0953928781173,on,11.9,ng_high_bt_low,1.0,0.001,hard_extinction,True,20,0.001435899512890677,0.001722681550959939,0.28717990257813536,0.34453631019198816,0.0014358995128906768,0.0017226815509599409,4.440892098500626e-16,True,True,True,coexistence
798,Eu.c,100.0,0.8908662550225677,89.08662550225677,on,11.9,ng_low_bt_high,0.001,1.0,hard_extinction,True,20,0.0014396243697183833,0.0017135407255235858,0.28792487394367666,0.3427081451047166,0.0014396243697183833,0.001713540725523583,8.881784197001252e-16,True,True,True,coexistence
799,Eu.c,100.0,0.8908662550225677,89.08662550225677,on,11.9,ng_high_bt_low,1.0,0.001,hard_extinction,True,20,0.0014396243697183842,0.001713540725523583,0.2879248739436768,0.34270814510471653,0.001439624369718384,0.0017135407255235826,4.440892098500626e-16,True,True,True,coexistence
800,Eu.l,0.0,1.024379014951334,0.0,on,13.8,ng_low_bt_high,0.001,1.0,hard_extinction,True,20,0.0014020429292843607,0.001913036485577333,0.2804085858568721,0.3826072971154666,0.0014020429292843607,0.001913036485577333,0.0,True,True,True,coexistence
801,Eu.l,0.0,1.024379014951334,0.0,on,13.8,ng_high_bt_low,1.0,0.001,hard_extinction,True,20,0.0014020429292843607,0.001913036485577333,0.2804085858568721,0.3826072971154666,0.0014020429292843607,0.001913036485577333,0.0,True,True,True,coexistence
802,Eu.l,0.01,1.024379014951334,0.010243790149513342,on,13.8,ng_low_bt_high,0.001,1.0,hard_extinction,True,20,0.001402049440931463,0.0019130320867818261,0.2804098881862927,0.38260641735636525,0.0014020494409314635,0.0019130320867818261,4.440892098500626e-16,True,True,True,coexistence
803,Eu.l,0.01,1.024379014951334,0.010243790149513342,on,13.8,ng_high_bt_low,1.0,0.001,hard_extinction,True,20,0.001402049440931463,0.0019130320867818261,0.2804098881862927,0.38260641735636525,0.0014020494409314635,0.0019130320867818261,4.440892098500626e-16,True,True,True,coexistence
804,Eu.l,0.010985411419875584,1.024379014951334,0.011253224929127288,on,13.8,ng_low_bt_high,0.001,1.0,hard_extinction,True,20,0.0014020500824953677,0.0019130316532935138,0.2804100164990736,0.38260633065870264,0.001402050082495368,0.0019130316532935132,0.0,True,True,True,coexistence
805,Eu.l,0.010985411419875584,1.024379014951334,0.011253224929127288,on,13.8,ng_high_bt_low,1.0,0.001,hard_extinction,True,20,0.0014020500824953677,0.0019130316532935138,0.2804100164990736,0.38260633065870264,0.001402050082495368,0.0019130316532935132,0.0,True,True,True,coexistence
806,Eu.l,0.012067926406393288,1.024379014951334,0.01236213056468635,on,13.8,ng_low_bt_high,0.001,1.0,hard_extinction,True,20,0.0014020507872587798,0.0019130311770833954,0.28041015745175596,0.3826062354166791,0.0014020507872587798,0.0019130311770833954,0.0,True,True,True,coexistence
807,Eu.l,0.012067926406393288,1.024379014951334,0.01236213056468635,on,13.8,ng_high_bt_low,1.0,0.001,hard_extinction,True,20,0.0014020507872587798,0.0019130311770833954,0.28041015745175596,0.3826062354166791,0.0014020507872587798,0.0019130311770833954,0.0,True,True,True,coexistence
808,Eu.l,0.013257113655901088,1.024379014951334,0.013580309027929836,on,13.8,ng_low_bt_high,0.001,1.0,hard_extinction,True,20,0.001402051561445143,0.0019130306539404795,0.2804103122890287,0.3826061307880959,0.0014020515614451435,0.0019130306539404795,0.0,True,True,True,coexistence
809,Eu.l,0.013257113655901088,1.024379014951334,0.013580309027929836,on,13.8,ng_high_bt_low,1.0,0.001,hard_extinction,True,20,0.001402051561445143,0.0019130306539404795,0.2804103122890287,0.3826061307880959,0.0014020515614451435,0.0019130306539404795,0.0,True,True,True,coexistence
810,Eu.l,0.014563484775012436,1.024379014951334,0.01491852818808599,on,13.8,ng_low_bt_high,0.001,1.0,hard_extinction,True,20,0.0014020524118902337,0.0019130300792386196,0.28041048237804683,0.3826060158477239,0.0014020524118902341,0.0019130300792386196,0.0,True,True,True,coexistence
811,Eu.l,0.014563484775012436,1.024379014951334,0.01491852818808599,on,13.8,ng_high_bt_low,1.0,0.001,hard_extinction,True,20,0.0014020524118902337,0.0019130300792386196,0.28041048237804683,0.3826060158477239,0.0014020524118902341,0.0019130300792386196,0.0,True,True,True,coexistence
812,Eu.l,0.015998587196060583,1.024379014951334,0.016388616992513566,on,13.8,ng_low_bt_high,0.001,1.0,hard_extinction,True,20,0.0014020533461024034,0.0019130294478955083,0.28041066922048075,0.3826058895791017,0.0014020533461024038,0.0019130294478955083,0.0,True,True,True,coexistence
813,Eu.l,0.015998587196060583,1.024379014951334,0.016388616992513566,on,13.8,ng_high_bt_low,1.0,0.001,hard_extinction,True,20,0.0014020533461024034,0.0019130294478955083,0.28041066922048075,0.3826058895791017,0.0014020533461024038,0.0019130294478955083,0.0,True,True,True,coexistence
814,Eu.l,0.017575106248547922,1.024379014951334,0.01800357002655256,on,13.8,ng_low_bt_high,0.001,1.0,hard_extinction,True,20,0.001402054372328535,0.001913028754327676,0.2804108744657069,0.3826057508655352,0.0014020543723285346,0.001913028754327676,4.440892098500626e-16,True,True,True,coexistence
815,Eu.l,0.017575106248547922,1.024379014951334,0.01800357002655256,on,13.8,ng_high_bt_low,1.0,0.001,hard_extinction,True,20,0.001402054372328535,0.001913028754327676,0.2804108744657069,0.3826057508655352,0.0014020543723285346,0.001913028754327676,4.440892098500626e-16,True,True,True,coexistence
816,Eu.l,0.019306977288832496,1.024379014951334,0.019777662376822013,on,13.8,ng_low_bt_high,0.001,1.0,hard_extinction,True,20,0.0014020554996266392,0.001913027992401057,0.28041109992532787,0.3826055984802114,0.0014020554996266392,0.001913027992401057,0.0,True,True,True,coexistence
817,Eu.l,0.019306977288832496,1.024379014951334,0.019777662376822013,on,13.8,ng_high_bt_low,1.0,0.001,hard_extinction,True,20,0.0014020554996266392,0.001913027992401057,0.28041109992532787,0.3826055984802114,0.0014020554996266392,0.001913027992401057,0.0,True,True,True,coexistence
818,Eu.l,0.021209508879201904,1.024379014951334,0.021726575813278422,on,13.8,ng_low_bt_high,0.001,1.0,hard_extinction,True,20,0.0014020567379454097,0.001913027155376605,0.2804113475890818,0.38260543107532097,0.001402056737945409,0.001913027155376605,0.0,True,True,True,coexistence
819,Eu.l,0.021209508879201904,1.024379014951334,0.021726575813278422,on,13.8,ng_high_bt_low,1.0,0.001,hard_extinction,True,20,0.0014020567379454097,0.001913027155376605,0.2804113475890818,0.38260543107532097,0.001402056737945409,0.001913027155376605,0.0,True,True,True,coexistence
820,Eu.l,0.023299518105153717,1.024379014951334,0.02386753740539814,on,13.8,ng_low_bt_high,0.001,1.0,hard_extinction,True,20,0.0014020580982116021,0.0019130262358506528,0.28041161964232036,0.38260524717013056,0.001402058098211602,0.0019130262358506528,0.0,True,True,True,coexistence
821,Eu.l,0.023299518105153717,1.024379014951334,0.02386753740539814,on,13.8,ng_high_bt_low,1.0,0.001,hard_extinction,True,20,0.0014020580982116021,0.0019130262358506528,0.28041161964232036,0.38260524717013056,0.001402058098211602,0.0019130262358506528,0.0,True,True,True,coexistence
822,Eu.l,0.025595479226995357,1.024379014951334,0.026219471797756837,on,13.8,ng_low_bt_high,0.001,1.0,hard_extinction,True,20,0.0014020595924259618,0.0019130252256891894,0.28041191848519237,0.3826050451378379,0.0014020595924259618,0.0019130252256891894,0.0,True,True,True,coexistence
823,Eu.l,0.025595479226995357,1.024379014951334,0.026219471797756837,on,13.8,ng_high_bt_low,1.0,0.001,hard_extinction,True,20,0.0014020595924259618,0.0019130252256891894,0.28041191848519237,0.3826050451378379,0.0014020595924259618,0.0019130252256891894,0.0,True,True,True,coexistence
824,Eu.l,0.028117686979742307,1.024379014951334,0.028803168491018376,on,13.8,ng_low_bt_high,0.001,1.0,hard_extinction,True,20,0.001402061233768484,0.0019130241159558148,0.2804122467536968,0.38260482319116296,0.001402061233768484,0.0019130241159558148,0.0,True,True,True,coexistence
825,Eu.l,0.028117686979742307,1.024379014951334,0.028803168491018376,on,13.8,ng_high_bt_low,1.0,0.001,hard_extinction,True,20,0.001402061233768484,0.0019130241159558148,0.2804122467536968,0.38260482319116296,0.001402061233768484,0.0019130241159558148,0.0,True,True,True,coexistence
826,Eu.l,0.030888435964774818,1.024379014951334,0.03164146560698339,on,13.8,ng_low_bt_high,0.001,1.0,hard_extinction,True,20,0.0014020630367139358,0.0019130228968324923,0.2804126073427872,0.38260457936649844,0.0014020630367139362,0.0019130228968324923,4.440892098500626e-16,True,True,True,coexistence
827,Eu.l,0.030888435964774818,1.024379014951334,0.03164146560698339,on,13.8,ng_high_bt_low,1.0,0.001,hard_extinction,True,20,0.0014020630367139358,0.0019130228968324923,0.2804126073427872,0.38260457936649844,0.0014020630367139362,0.0019130228968324923,4.440892098500626e-16,True,True,True,coexistence
828,Eu.l,0.03393221771895328,1.024379014951334,0.03475945176205557,on,13.8,ng_low_bt_high,0.001,1.0,hard_extinction,True,20,0.0014020650171585808,0.0019130215575323614,0.2804130034317163,0.3826043115064723,0.0014020650171585817,0.0019130215575323614,4.440892098500626e-16,True,True,True,coexistence
829,Eu.l,0.03393221771895328,1.024379014951334,0.03475945176205557,on,13.8,ng_high_bt_low,1.0,0.001,hard_extinction,True,20,0.0014020650171585808,0.0019130215575323614,0.2804130034317163,0.3826043115064723,0.0014020650171585817,0.0019130215575323614,4.440892098500626e-16,True,True,True,coexistence
830,Eu.l,0.0372759372031494,1.024379014951334,0.038184687833549974,on,13.8,ng_low_bt_high,0.001,1.0,hard_extinction,True,20,0.0014020671925593301,0.0019130200862041116,0.280413438511866,0.3826040172408223,0.0014020671925593301,0.0019130200862041116,0.0,True,True,True,coexistence
831,Eu.l,0.0372759372031494,1.024379014951334,0.038184687833549974,on,13.8,ng_high_bt_low,1.0,0.001,hard_extinction,True,20,0.0014020671925593301,0.0019130200862041116,0.280413438511866,0.3826040172408223,0.0014020671925593301,0.0019130200862041116,0.0,True,True,True,coexistence
832,Eu.l,0.040949150623804234,1.024379014951334,0.04194745057910639,on,13.8,ng_low_bt_high,0.001,1.0,hard_extinction,True,20,0.001402069582086279,0.0019130184698266757,0.28041391641725577,0.3826036939653351,0.0014020695820862788,0.0019130184698266757,4.440892098500626e-16,True,True,True,coexistence
833,Eu.l,0.040949150623804234,1.024379014951334,0.04194745057910639,on,13.8,ng_high_bt_low,1.0,0.001,hard_extinction,True,20,0.001402069582086279,0.0019130184698266757,0.28041391641725577,0.3826036939653351,0.0014020695820862788,0.0019130184698266757,4.440892098500626e-16,True,True,True,coexistence
834,Eu.l,0.04498432668969444,1.024379014951334,0.0460810002626382,on,13.8,ng_low_bt_high,0.001,1.0,hard_extinction,True,20,0.001402072206790079,0.0019130166940936313,0.2804144413580158,0.38260333881872627,0.001402072206790079,0.0019130166940936313,0.0,True,True,True,coexistence
835,Eu.l,0.04498432668969444,1.024379014951334,0.0460810002626382,on,13.8,ng_high_bt_low,1.0,0.001,hard_extinction,True,20,0.001402072206790079,0.0019130166940936313,0.2804144413580158,0.38260333881872627,0.001402072206790079,0.0019130166940936313,0.0,True,True,True,coexistence
836,Eu.l,0.04941713361323833,1.024379014951334,0.050621874652447545,on,13.8,ng_low_bt_high,0.001,1.0,hard_extinction,True,20,0.001402075089785548,0.0019130147432859916,0.28041501795710955,0.3826029486571983,0.0014020750897855477,0.0019130147432859916,0.0,True,True,True,coexistence
837,Eu.l,0.04941713361323833,1.024379014951334,0.050621874652447545,on,13.8,ng_high_bt_low,1.0,0.001,hard_extinction,True,20,0.001402075089785548,0.0019130147432859916,0.28041501795710955,0.3826029486571983,0.0014020750897855477,0.0019130147432859916,0.0,True,True,True,coexistence
838,Eu.l,0.054286754393238594,1.024379014951334,0.05561021199025076,on,13.8,ng_low_bt_high,0.001,1.0,hard_extinction,True,20,0.0014020782564529172,0.001913012600132499,0.2804156512905834,0.3826025200264998,0.0014020782564529168,0.001913012600132499,0.0,True,True,True,coexistence
839,Eu.l,0.054286754393238594,1.024379014951334,0.05561021199025076,on,13.8,ng_high_bt_low,1.0,0.001,hard_extinction,True,20,0.0014020782564529172,0.001913012600132499,0.2804156512905834,0.3826025200264998,0.0014020782564529168,0.001913012600132499,0.0,True,True,True,coexistence
840,Eu.l,0.05963623316594643,1.024379014951334,0.061090105785940284,on,13.8,ng_low_bt_high,0.001,1.0,hard_extinction,True,20,0.0014020817346585784,0.0019130102456558816,0.2804163469317157,0.38260204913117635,0.0014020817346585784,0.0019130102456558816,0.0,True,True,True,coexistence
841,Eu.l,0.05963623316594643,1.024379014951334,0.061090105785940284,on,13.8,ng_high_bt_low,1.0,0.001,hard_extinction,True,20,0.0014020817346585784,0.0019130102456558816,0.2804163469317157,0.38260204913117635,0.0014020817346585784,0.0019130102456558816,0.0,True,True,True,coexistence
842,Eu.l,0.0655128556859551,1.024379014951334,0.06710999457422759,on,13.8,ng_low_bt_high,0.001,1.0,hard_extinction,True,20,0.001402085554997013,0.001913007659003921,0.28041711099940264,0.3826015318007842,0.0014020855549970132,0.001913007659003921,0.0,True,True,True,coexistence
843,Eu.l,0.0655128556859551,1.024379014951334,0.06710999457422759,on,13.8,ng_high_bt_low,1.0,0.001,hard_extinction,True,20,0.001402085554997013,0.001913007659003921,0.28041711099940264,0.3826015318007842,0.0014020855549970132,0.001913007659003921,0.0,True,True,True,coexistence
844,Eu.l,0.07196856730011521,1.024379014951334,0.07372309007835082,on,13.8,ng_low_bt_high,0.001,1.0,hard_extinction,True,20,0.0014020897510559425,0.0019130048172636472,0.28041795021118854,0.3826009634527294,0.0014020897510559427,0.0019130048172636472,0.0,True,True,True,coexistence
845,Eu.l,0.07196856730011521,1.024379014951334,0.07372309007835082,on,13.8,ng_high_bt_low,1.0,0.001,hard_extinction,True,20,0.0014020897510559425,0.0019130048172636472,0.28041795021118854,0.3826009634527294,0.0014020897510559427,0.0019130048172636472,0.0,True,True,True,coexistence
846,Eu.l,0.07906043210907697,1.024379014951334,0.08098784756552309,on,13.8,ng_low_bt_high,0.001,1.0,hard_extinction,True,20,0.0014020943597068372,0.0019130016952569684,0.28041887194136744,0.3826003390513937,0.0014020943597068372,0.0019130016952569684,0.0,True,True,True,coexistence
847,Eu.l,0.07906043210907697,1.024379014951334,0.08098784756552309,on,13.8,ng_high_bt_low,1.0,0.001,hard_extinction,True,20,0.0014020943597068372,0.0019130016952569684,0.28041887194136744,0.3826003390513937,0.0014020943597068372,0.0019130016952569684,0.0,True,True,True,coexistence
848,Eu.l,0.08685113737513525,1.024379014951334,0.08896848255174404,on,13.8,ng_low_bt_high,0.001,1.0,hard_extinction,True,20,0.0014020994214232055,0.0019129982653159272,0.28041988428464104,0.38259965306318544,0.0014020994214232051,0.0019129982653159272,0.0,True,True,True,coexistence
849,Eu.l,0.08685113737513525,1.024379014951334,0.08896848255174404,on,13.8,ng_high_bt_low,1.0,0.001,hard_extinction,True,20,0.0014020994214232055,0.0019129982653159272,0.28041988428464104,0.38259965306318544,0.0014020994214232051,0.0019129982653159272,0.0,True,True,True,coexistence
850,Eu.l,0.09540954763499938,1.024379014951334,0.09773553842329305,on,13.8,ng_low_bt_high,0.001,1.0,hard_extinction,True,20,0.0014021049806291,0.0019129944970354836,0.28042099612582005,0.38259889940709674,0.0014021049806291002,0.0019129944970354836,0.0,True,True,True,coexistence
851,Eu.l,0.09540954763499938,1.024379014951334,0.09773553842329305,on,13.8,ng_high_bt_low,1.0,0.001,hard_extinction,True,20,0.0014021049806291,0.0019129944970354836,0.28042099612582005,0.38259889940709674,0.0014021049806291002,0.0019129944970354836,0.0,True,True,True,coexistence
852,Eu.l,0.10481131341546858,1.024379014951334,0.10736650999229325,on,13.8,ng_low_bt_high,0.001,1.0,hard_extinction,True,20,0.001402111086080682,0.0019129903570014497,0.28042221721613636,0.38259807140028995,0.0014021110860806818,0.0019129903570014497,0.0,True,True,True,coexistence
853,Eu.l,0.10481131341546858,1.024379014951334,0.10736650999229325,on,13.8,ng_high_bt_low,1.0,0.001,hard_extinction,True,20,0.001402111086080682,0.0019129903570014497,0.28042221721613636,0.38259807140028995,0.0014021110860806818,0.0019129903570014497,0.0,True,True,True,coexistence
854,Eu.l,0.1151395399326447,1.024379014951334,0.11794652849815238,on,13.8,ng_low_bt_high,0.001,1.0,hard_extinction,True,20,0.0014021177912837987,0.0019129858084912213,0.2804235582567597,0.38259716169824426,0.0014021177912837985,0.0019129858084912213,0.0,True,True,True,coexistence
855,Eu.l,0.1151395399326447,1.024379014951334,0.11794652849815238,on,13.8,ng_high_bt_low,1.0,0.001,hard_extinction,True,20,0.0014021177912837987,0.0019129858084912213,0.2804235582567597,0.38259716169824426,0.0014021177912837985,0.0019129858084912213,0.0,True,True,True,coexistence
856,Eu.l,0.12648552168552957,1.024379014951334,0.12956911410982838,on,13.8,ng_low_bt_high,0.001,1.0,hard_extinction,True,20,0.0014021251549508537,0.0019129808111443068,0.28042503099017074,0.38259616222886134,0.0014021251549508537,0.0019129808111443068,0.0,True,True,True,coexistence
857,Eu.l,0.12648552168552957,1.024379014951334,0.12956911410982838,on,13.8,ng_high_bt_low,1.0,0.001,hard_extinction,True,20,0.0014021251549508537,0.0019129808111443068,0.28042503099017074,0.38259616222886134,0.0014021251549508537,0.0019129808111443068,0.0,True,True,True,coexistence
858,Eu.l,0.13894954943731375,1.024379014951334,0.14233700258052714,on,13.8,ng_low_bt_high,0.001,1.0,hard_extinction,True,20,0.001402133241500356,0.001912975320599687,0.28042664830007125,0.3825950641199374,0.0014021332415003562,0.001912975320599687,0.0,True,True,True,coexistence
859,Eu.l,0.13894954943731375,1.024379014951334,0.14233700258052714,on,13.8,ng_high_bt_low,1.0,0.001,hard_extinction,True,20,0.001402133241500356,0.001912975320599687,0.28042664830007125,0.3825950641199374,0.0014021332415003562,0.001912975320599687,0.0,True,True,True,coexistence
860,Eu.l,0.15264179671752334,1.024379014951334,0.15636305336189835,on,13.8,ng_low_bt_high,0.001,1.0,hard_extinction,True,20,0.0014021421216030285,0.0019129692880965254,0.2804284243206057,0.3825938576193051,0.0014021421216030285,0.0019129692880965254,0.0,True,True,True,coexistence
861,Eu.l,0.15264179671752334,1.024379014951334,0.15636305336189835,on,13.8,ng_high_bt_low,1.0,0.001,hard_extinction,True,20,0.0014021421216030285,0.0019129692880965254,0.2804284243206057,0.3825938576193051,0.0014021421216030285,0.0019129692880965254,0.0,True,True,True,coexistence
862,Eu.l,0.16768329368110074,1.024379014951334,0.17177124720484124,on,13.8,ng_low_bt_high,0.001,1.0,hard_extinction,True,20,0.0014021518727784126,0.001912962660034373,0.28043037455568254,0.3825925320068747,0.0014021518727784126,0.0019129626600343735,4.440892098500626e-16,True,True,True,coexistence
863,Eu.l,0.16768329368110074,1.024379014951334,0.17177124720484124,on,13.8,ng_high_bt_low,1.0,0.001,hard_extinction,True,20,0.0014021518727784126,0.001912962660034373,0.28043037455568254,0.3825925320068747,0.0014021518727784126,0.0019129626600343735,4.440892098500626e-16,True,True,True,coexistence
864,Eu.l,0.18420699693267154,1.024379014951334,0.1886977820650335,on,13.8,ng_low_bt_high,0.001,1.0,hard_extinction,True,20,0.0014021625800463597,0.0019129553774887003,0.28043251600927194,0.3825910754977398,0.0014021625800463597,0.001912955377488699,4.440892098500626e-16,True,True,True,coexistence
865,Eu.l,0.18420699693267154,1.024379014951334,0.1886977820650335,on,13.8,ng_high_bt_low,1.0,0.001,hard_extinction,True,20,0.0014021625800463597,0.0019129553774887003,0.28043251600927194,0.3825910754977398,0.0014021625800463597,0.001912955377488699,4.440892098500626e-16,True,True,True,coexistence
866,Eu.l,0.20235896477251566,1.024379014951334,0.2072922770002413,on,13.8,ng_low_bt_high,0.001,1.0,hard_extinction,True,20,0.0014021743366379224,0.0019129473756769183,0.28043486732758455,0.38258947513538366,0.0014021743366379228,0.0019129473756769183,0.0,True,True,True,coexistence
867,Eu.l,0.20235896477251566,1.024379014951334,0.2072922770002413,on,13.8,ng_high_bt_low,1.0,0.001,hard_extinction,True,20,0.0014021743366379224,0.0019129473756769183,0.28043486732758455,0.38258947513538366,0.0014021743366379228,0.0019129473756769183,0.0,True,True,True,coexistence
868,Eu.l,0.22229964825261944,1.024379014951334,0.22771909470104637,on,13.8,ng_low_bt_high,0.001,1.0,hard_extinction,True,20,0.0014021872447707263,0.0019129385833698176,0.28043744895414524,0.3825877166739635,0.0014021872447707263,0.0019129385833698176,0.0,True,True,True,coexistence
869,Eu.l,0.22229964825261944,1.024379014951334,0.22771909470104637,on,13.8,ng_high_bt_low,1.0,0.001,hard_extinction,True,20,0.0014021872447707263,0.0019129385833698176,0.28043744895414524,0.3825877166739635,0.0014021872447707263,0.0019129385833698176,0.0,True,True,True,coexistence
870,Eu.l,0.2442053094548651,1.024379014951334,0.25015879434526045,on,13.8,ng_low_bt_high,0.001,1.0,hard_extinction,True,20,0.001402201416493873,0.001912928922242376,0.2804402832987746,0.3825857844484751,0.0014022014164938729,0.0019129289222423753,0.0,True,True,True,coexistence
871,Eu.l,0.2442053094548651,1.024379014951334,0.25015879434526045,on,13.8,ng_high_bt_low,1.0,0.001,hard_extinction,True,20,0.001402201416493873,0.001912928922242376,0.2804402832987746,0.3825857844484751,0.0014022014164938729,0.0019129289222423753,0.0,True,True,True,coexistence
872,Eu.l,0.2682695795279725,1.024379014951334,0.27480972761827305,on,13.8,ng_low_bt_high,0.001,1.0,hard_extinction,True,20,0.001402216974607997,0.001912918306157486,0.28044339492159936,0.3825836612314974,0.001402216974607997,0.001912918306157487,4.440892098500626e-16,True,True,True,coexistence
873,Eu.l,0.2682695795279725,1.024379014951334,0.27480972761827305,on,13.8,ng_high_bt_low,1.0,0.001,hard_extinction,True,20,0.001402216974607997,0.001912918306157486,0.28044339492159936,0.3825836612314974,0.001402216974607997,0.001912918306157487,4.440892098500626e-16,True,True,True,coexistence
874,Eu.l,0.29470517025518095,1.024379014951334,0.30188979200706745,on,13.8,ng_low_bt_high,0.001,1.0,hard_extinction,True,20,0.0014022340536662334,0.0019129066403753804,0.2804468107332467,0.38258132807507605,0.0014022340536662334,0.0019129066403753804,0.0,True,True,True,coexistence
875,Eu.l,0.29470517025518095,1.024379014951334,0.30188979200706745,on,13.8,ng_high_bt_low,1.0,0.001,hard_extinction,True,20,0.0014022340536662334,0.0019129066403753804,0.2804468107332467,0.38258132807507605,0.0014022340536662334,0.0019129066403753804,0.0,True,True,True,coexistence
876,Eu.l,0.32374575428176433,1.024379014951334,0.3316383568658304,on,13.8,ng_low_bt_high,0.001,1.0,hard_extinction,True,20,0.0014022528010621139,0.0019128938206802893,0.28045056021242276,0.38257876413605785,0.0014022528010621139,0.0019128938206802893,0.0,True,True,True,coexistence
877,Eu.l,0.32374575428176433,1.024379014951334,0.3316383568658304,on,13.8,ng_high_bt_low,1.0,0.001,hard_extinction,True,20,0.0014022528010621139,0.0019128938206802893,0.28045056021242276,0.38257876413605785,0.0014022528010621139,0.0019128938206802893,0.0,True,True,True,coexistence
878,Eu.l,0.35564803062231287,1.024379014951334,0.36431837927826677,on,13.8,ng_low_bt_high,0.001,1.0,hard_extinction,True,20,0.0014022733782107452,0.0019128797324154598,0.280454675642149,0.38257594648309196,0.001402273378210745,0.0019128797324154598,0.0,True,True,True,coexistence
879,Eu.l,0.35564803062231287,1.024379014951334,0.36431837927826677,on,13.8,ng_high_bt_low,1.0,0.001,hard_extinction,True,20,0.0014022733782107452,0.0019128797324154598,0.280454675642149,0.38257594648309196,0.001402273378210745,0.0019128797324154598,0.0,True,True,True,coexistence
880,Eu.l,0.3906939937054615,1.024379014951334,0.40021872841940337,on,13.8,ng_low_bt_high,0.001,1.0,hard_extinction,True,20,0.0014022959618296316,0.0019128642494159584,0.2804591923659263,0.3825728498831917,0.0014022959618296316,0.0019128642494159584,0.0,True,True,True,coexistence
881,Eu.l,0.3906939937054615,1.024379014951334,0.40021872841940337,on,13.8,ng_high_bt_low,1.0,0.001,hard_extinction,True,20,0.0014022959618296316,0.0019128642494159584,0.2804591923659263,0.3825728498831917,0.0014022959618296316,0.0019128642494159584,0.0,True,True,True,coexistence
882,Eu.l,0.42919342601287763,1.024379014951334,0.4396567389626599,on,13.8,ng_low_bt_high,0.001,1.0,hard_extinction,True,20,0.0014023207453257877,0.0019128472328277554,0.2804641490651575,0.3825694465655511,0.0014023207453257875,0.0019128472328277554,0.0,True,True,True,coexistence
883,Eu.l,0.42919342601287763,1.024379014951334,0.4396567389626599,on,13.8,ng_high_bt_low,1.0,0.001,hard_extinction,True,20,0.0014023207453257877,0.0019128472328277554,0.2804641490651575,0.3825694465655511,0.0014023207453257875,0.0019128472328277554,0.0,True,True,True,coexistence
884,Eu.l,0.47148663634573923,1.024379014951334,0.4829810161025662,on,13.8,ng_low_bt_high,0.001,1.0,hard_extinction,True,20,0.0014023479402957165,0.001912828529799851,0.2804695880591433,0.3825657059599702,0.0014023479402957165,0.001912828529799851,0.0,True,True,True,coexistence
885,Eu.l,0.47148663634573923,1.024379014951334,0.4829810161025662,on,13.8,ng_high_bt_low,1.0,0.001,hard_extinction,True,20,0.0014023479402957165,0.001912828529799851,0.2804695880591433,0.3825657059599702,0.0014023479402957165,0.001912828529799851,0.0,True,True,True,coexistence
886,Eu.l,0.517947467923121,1.024379014951334,0.5305745169876244,on,13.8,ng_low_bt_high,0.001,1.0,hard_extinction,True,20,0.001402377778144703,0.0019128079720347505,0.28047555562894066,0.3825615944069503,0.0014023777781447034,0.0019128079720347516,4.440892098500626e-16,True,True,True,coexistence
887,Eu.l,0.517947467923121,1.024379014951334,0.5305745169876244,on,13.8,ng_high_bt_low,1.0,0.001,hard_extinction,True,20,0.001402377778144703,0.0019128079720347505,0.28047555562894066,0.3825615944069503,0.0014023777781447034,0.0019128079720347516,4.440892098500626e-16,True,True,True,coexistence
888,Eu.l,0.5689866029018296,1.024379014951334,0.582857935801082,on,13.8,ng_low_bt_high,0.001,1.0,hard_extinction,True,20,0.001402410511831832,0.0019127853741802848,0.2804821023663665,0.3825570748360571,0.0014024105118318325,0.0019127853741802855,0.0,True,True,True,coexistence
889,Eu.l,0.5689866029018296,1.024379014951334,0.582857935801082,on,13.8,ng_high_bt_low,1.0,0.001,hard_extinction,True,20,0.001402410511831832,0.0019127853741802848,0.2804821023663665,0.3825570748360571,0.0014024105118318325,0.0019127853741802855,0.0,True,True,True,coexistence
890,Eu.l,0.6250551925273969,1.024379014951334,0.6402934224114314,on,13.8,ng_low_bt_high,0.001,1.0,hard_extinction,True,20,0.0014024464177465788,0.0019127605320439806,0.28048928354931574,0.3825521064087961,0.0014024464177465788,0.0019127605320439806,0.0,True,True,True,coexistence
891,Eu.l,0.6250551925273969,1.024379014951334,0.6402934224114314,on,13.8,ng_high_bt_low,1.0,0.001,hard_extinction,True,20,0.0014024464177465788,0.0019127605320439806,0.28048928354931574,0.3825521064087961,0.0014024464177465788,0.0019127605320439806,0.0,True,True,True,coexistence
892,Eu.l,0.6866488450042998,1.024379014951334,0.7033886674629759,on,13.8,ng_low_bt_high,0.001,1.0,hard_extinction,True,20,0.0014024857977221392,0.0019127332206079456,0.2804971595444278,0.3825466441215891,0.001402485797722139,0.0019127332206079456,0.0,True,True,True,coexistence
893,Eu.l,0.6866488450042998,1.024379014951334,0.7033886674629759,on,13.8,ng_high_bt_low,1.0,0.001,hard_extinction,True,20,0.0014024857977221392,0.0019127332206079456,0.2804971595444278,0.3825466441215891,0.001402485797722139,0.0019127332206079456,0.0,True,True,True,coexistence
894,Eu.l,0.7543120063354615,1.024379014951334,0.7727013900158846,on,13.8,ng_low_bt_high,0.001,1.0,hard_extinction,True,20,0.001402528981190137,0.001912703191820153,0.2805057962380274,0.3825406383640306,0.001402528981190137,0.001912703191820153,0.0,True,True,True,coexistence
895,Eu.l,0.7543120063354615,1.024379014951334,0.7727013900158846,on,13.8,ng_high_bt_low,1.0,0.001,hard_extinction,True,20,0.001402528981190137,0.001912703191820153,0.2805057962380274,0.3825406383640306,0.001402528981190137,0.001912703191820153,0.0,True,True,True,coexistence
896,Eu.l,0.8286427728546842,1.024379014951334,0.8488442674034236,on,13.8,ng_low_bt_high,0.001,1.0,hard_extinction,True,20,0.0014025763274796866,0.0019126701721334765,0.2805152654959373,0.3825340344266953,0.0014025763274796866,0.0019126701721334765,0.0,True,True,True,coexistence
897,Eu.l,0.8286427728546842,1.024379014951334,0.8488442674034236,on,13.8,ng_high_bt_low,1.0,0.001,hard_extinction,True,20,0.0014025763274796866,0.0019126701721334765,0.2805152654959373,0.3825340344266953,0.0014025763274796866,0.0019126701721334765,0.0,True,True,True,coexistence
898,Eu.l,0.9102981779915218,1.024379014951334,0.9324903508829493,on,13.8,ng_low_bt_high,0.001,1.0,hard_extinction,True,20,0.001402628228262455,0.0019126338597608263,0.28052564565249094,0.3825267719521653,0.0014026282282624547,0.0019126338597608263,0.0,True,True,True,coexistence
899,Eu.l,0.9102981779915218,1.024379014951334,0.9324903508829493,on,13.8,ng_high_bt_low,1.0,0.001,hard_extinction,True,20,0.001402628228262455,0.0019126338597608263,0.28052564565249094,0.3825267719521653,0.0014026282282624547,0.0019126338597608263,0.0,True,True,True,coexistence
900,Eu.l,0.9999999999999994,1.024379014951334,1.0243790149513334,on,13.8,ng_low_bt_high,0.001,1.0,hard_extinction,True,20,0.0014026851101432676,0.0019125939216096044,0.28053702202865355,0.3825187843219209,0.0014026851101432676,0.0019125939216096044,0.0,True,True,True,coexistence
901,Eu.l,0.9999999999999994,1.024379014951334,1.0243790149513334,on,13.8,ng_high_bt_low,1.0,0.001,hard_extinction,True,20,0.0014026851101432676,0.0019125939216096044,0.28053702202865355,0.3825187843219209,0.0014026851101432676,0.0019125939216096044,0.0,True,True,True,coexistence
902,Eu.l,1.0985411419875584,1.024379014951334,1.1253224929127288,on,13.8,ng_low_bt_high,0.001,1.0,hard_extinction,True,20,0.0014027474373931024,0.0019125499898536235,0.28054948747862046,0.3825099979707247,0.0014027474373931024,0.0019125499898536235,0.0,True,True,True,coexistence
903,Eu.l,1.0985411419875584,1.024379014951334,1.1253224929127288,on,13.8,ng_high_bt_low,1.0,0.001,hard_extinction,True,20,0.0014027474373931024,0.0019125499898536235,0.28054948747862046,0.3825099979707247,0.0014027474373931024,0.0019125499898536235,0.0,True,True,True,coexistence
904,Eu.l,1.2067926406393277,1.024379014951334,1.2362130564686338,on,13.8,ng_low_bt_high,0.001,1.0,hard_extinction,True,20,0.0014028157148181211,0.0019125016580945628,0.2805631429636243,0.38250033161891256,0.0014028157148181213,0.0019125016580945628,0.0,True,True,True,coexistence
905,Eu.l,1.2067926406393277,1.024379014951334,1.2362130564686338,on,13.8,ng_high_bt_low,1.0,0.001,hard_extinction,True,20,0.0014028157148181211,0.0019125016580945628,0.2805631429636243,0.38250033161891256,0.0014028157148181213,0.0019125016580945628,0.0,True,True,True,coexistence
906,Eu.l,1.325711365590108,1.024379014951334,1.3580309027929829,on,13.8,ng_low_bt_high,0.001,1.0,hard_extinction,True,20,0.0014028904907541443,0.0019124484770581295,0.2805780981508288,0.3824896954116259,0.0014028904907541439,0.0019124484770581295,4.440892098500626e-16,True,True,True,coexistence
907,Eu.l,1.325711365590108,1.024379014951334,1.3580309027929829,on,13.8,ng_high_bt_low,1.0,0.001,hard_extinction,True,20,0.0014028904907541443,0.0019124484770581295,0.2805780981508288,0.3824896954116259,0.0014028904907541439,0.0019124484770581295,4.440892098500626e-16,True,True,True,coexistence
908,Eu.l,1.456348477501243,1.024379014951334,1.4918528188085984,on,13.8,ng_low_bt_high,0.001,1.0,hard_extinction,True,20,0.0014029723601714237,0.0019123899497621194,0.2805944720342848,0.38247798995242366,0.0014029723601714239,0.0019123899497621184,4.440892098500626e-16,True,True,True,coexistence
909,Eu.l,1.456348477501243,1.024379014951334,1.4918528188085984,on,13.8,ng_high_bt_low,1.0,0.001,hard_extinction,True,20,0.0014029723601714237,0.0019123899497621194,0.2805944720342848,0.38247798995242366,0.0014029723601714239,0.0019123899497621184,4.440892098500626e-16,True,True,True,coexistence
910,Eu.l,1.5998587196060574,1.024379014951334,1.6388616992513556,on,13.8,ng_low_bt_high,0.001,1.0,hard_extinction,True,20,0.0014030619678683362,0.0019123255260845226,0.2806123935736673,0.3824651052169045,0.0014030619678683364,0.0019123255260845226,0.0,True,True,True,coexistence
911,Eu.l,1.5998587196060574,1.024379014951334,1.6388616992513556,on,13.8,ng_high_bt_low,1.0,0.001,hard_extinction,True,20,0.0014030619678683362,0.0019123255260845226,0.2806123935736673,0.3824651052169045,0.0014030619678683364,0.0019123255260845226,0.0,True,True,True,coexistence
912,Eu.l,1.7575106248547911,1.024379014951334,1.8003570026552547,on,13.8,ng_low_bt_high,0.001,1.0,hard_extinction,True,20,0.0014031600117257311,0.0019122545966495843,0.2806320023451463,0.38245091932991687,0.0014031600117257314,0.0019122545966495843,0.0,True,True,True,coexistence
913,Eu.l,1.7575106248547911,1.024379014951334,1.8003570026552547,on,13.8,ng_high_bt_low,1.0,0.001,hard_extinction,True,20,0.0014031600117257311,0.0019122545966495843,0.2806320023451463,0.38245091932991687,0.0014031600117257314,0.0019122545966495843,0.0,True,True,True,coexistence
914,Eu.l,1.9306977288832496,1.024379014951334,1.9777662376822012,on,13.8,ng_low_bt_high,0.001,1.0,hard_extinction,True,20,0.0014032672459855155,0.0019121764859380307,0.28065344919710317,0.38243529718760616,0.0014032672459855157,0.0019121764859380307,0.0,True,True,True,coexistence
915,Eu.l,1.9306977288832496,1.024379014951334,1.9777662376822012,on,13.8,ng_high_bt_low,1.0,0.001,hard_extinction,True,20,0.0014032672459855155,0.0019121764859380307,0.28065344919710317,0.38243529718760616,0.0014032672459855157,0.0019121764859380307,0.0,True,True,True,coexistence
916,Eu.l,2.1209508879201904,1.024379014951334,2.172657581327842,on,13.8,ng_low_bt_high,0.001,1.0,hard_extinction,True,20,0.0014033844845073667,0.0019120904445147047,0.28067689690147335,0.38241808890294093,0.0014033844845073667,0.0019120904445147047,0.0,True,True,True,coexistence
917,Eu.l,2.1209508879201904,1.024379014951334,2.172657581327842,on,13.8,ng_high_bt_low,1.0,0.001,hard_extinction,True,20,0.0014033844845073667,0.0019120904445147047,0.28067689690147335,0.38241808890294093,0.0014033844845073667,0.0019120904445147047,0.0,True,True,True,coexistence
918,Eu.l,2.329951810515372,1.024379014951334,2.386753740539814,on,13.8,ng_low_bt_high,0.001,1.0,hard_extinction,True,20,0.00140351260394675,0.0019119956402525711,0.28070252078935,0.38239912805051424,0.00140351260394675,0.0019119956402525711,0.0,True,True,True,coexistence
919,Eu.l,2.329951810515372,1.024379014951334,2.386753740539814,on,13.8,ng_high_bt_low,1.0,0.001,hard_extinction,True,20,0.00140351260394675,0.0019119956402525711,0.28070252078935,0.38239912805051424,0.00140351260394675,0.0019119956402525711,0.0,True,True,True,coexistence
920,Eu.l,2.5595479226995357,1.024379014951334,2.6219471797756837,on,13.8,ng_low_bt_high,0.001,1.0,hard_extinction,True,20,0.0014036525467848002,0.00191189114841598,0.2807305093569601,0.382378229683196,0.0014036525467848004,0.00191189114841598,0.0,True,True,True,coexistence
921,Eu.l,2.5595479226995357,1.024379014951334,2.6219471797756837,on,13.8,ng_high_bt_low,1.0,0.001,hard_extinction,True,20,0.0014036525467848002,0.00191189114841598,0.2807305093569601,0.382378229683196,0.0014036525467848004,0.00191189114841598,0.0,True,True,True,coexistence
922,Eu.l,2.811768697974228,1.024379014951334,2.8803168491018347,on,13.8,ng_low_bt_high,0.001,1.0,hard_extinction,True,20,0.0014038053241272217,0.0019117759404492529,0.28076106482544433,0.38235518808985064,0.0014038053241272217,0.0019117759404492533,0.0,True,True,True,coexistence
923,Eu.l,2.811768697974228,1.024379014951334,2.8803168491018347,on,13.8,ng_high_bt_low,1.0,0.001,hard_extinction,True,20,0.0014038053241272217,0.0019117759404492529,0.28076106482544433,0.38235518808985064,0.0014038053241272217,0.0019117759404492533,0.0,True,True,True,coexistence
924,Eu.l,3.0888435964774787,1.024379014951334,3.164146560698336,on,13.8,ng_low_bt_high,0.001,1.0,hard_extinction,True,20,0.001403972018174153,0.0019116488712990866,0.28079440363483077,0.38232977425981735,0.0014039720181741539,0.0019116488712990866,4.440892098500626e-16,True,True,True,coexistence
925,Eu.l,3.0888435964774787,1.024379014951334,3.164146560698336,on,13.8,ng_high_bt_low,1.0,0.001,hard_extinction,True,20,0.001403972018174153,0.0019116488712990866,0.28079440363483077,0.38232977425981735,0.0014039720181741539,0.0019116488712990866,4.440892098500626e-16,True,True,True,coexistence
926,Eu.l,3.3932217718953264,1.024379014951334,3.475945176205555,on,13.8,ng_low_bt_high,0.001,1.0,hard_extinction,True,20,0.0014041537842472299,0.0019115086650809618,0.280830756849446,0.38230173301619236,0.0014041537842472299,0.0019115086650809618,0.0,True,True,True,coexistence
927,Eu.l,3.3932217718953264,1.024379014951334,3.475945176205555,on,13.8,ng_high_bt_low,1.0,0.001,hard_extinction,True,20,0.0014041537842472299,0.0019115086650809618,0.280830756849446,0.38230173301619236,0.0014041537842472299,0.0019115086650809618,0.0,True,True,True,coexistence
928,Eu.l,3.727593720314938,1.024379014951334,3.818468783354995,on,13.8,ng_low_bt_high,0.001,1.0,hard_extinction,True,20,0.0014043518522434003,0.0019113538988830983,0.28087037044868,0.38227077977661966,0.0014043518522434,0.0019113538988830983,0.0,True,True,True,coexistence
929,Eu.l,3.727593720314938,1.024379014951334,3.818468783354995,on,13.8,ng_high_bt_low,1.0,0.001,hard_extinction,True,20,0.0014043518522434003,0.0019113538988830983,0.28087037044868,0.38227077977661966,0.0014043518522434,0.0019113538988830983,0.0,True,True,True,coexistence
930,Eu.l,4.094915062380423,1.024379014951334,4.194745057910638,on,13.8,ng_low_bt_high,0.001,1.0,hard_extinction,True,20,0.0014045675273687023,0.00191118298448686,0.2809135054737404,0.382236596897372,0.0014045675273687019,0.00191118298448686,0.0,True,True,True,coexistence
931,Eu.l,4.094915062380423,1.024379014951334,4.194745057910638,on,13.8,ng_high_bt_low,1.0,0.001,hard_extinction,True,20,0.0014045675273687023,0.00191118298448686,0.2809135054737404,0.382236596897372,0.0014045675273687019,0.00191118298448686,0.0,True,True,True,coexistence
932,Eu.l,4.498432668969444,1.024379014951334,4.608100026263819,on,13.8,ng_low_bt_high,0.001,1.0,hard_extinction,True,20,0.0014048021899895687,0.001910994147773219,0.2809604379979138,0.3821988295546438,0.0014048021899895691,0.001910994147773219,0.0,True,True,True,coexistence
933,Eu.l,4.498432668969444,1.024379014951334,4.608100026263819,on,13.8,ng_high_bt_low,1.0,0.001,hard_extinction,True,20,0.0014048021899895687,0.001910994147773219,0.2809604379979138,0.3821988295546438,0.0014048021899895691,0.001910994147773219,0.0,True,True,True,coexistence
934,Eu.l,4.941713361323833,1.024379014951334,5.0621874652447545,on,13.8,ng_low_bt_high,0.001,1.0,hard_extinction,True,20,0.0014050572944255824,0.0019107854055839468,0.28101145888511647,0.38215708111678937,0.0014050572944255824,0.0019107854055839468,0.0,True,True,True,coexistence
935,Eu.l,4.941713361323833,1.024379014951334,5.0621874652447545,on,13.8,ng_high_bt_low,1.0,0.001,hard_extinction,True,20,0.0014050572944255824,0.0019107854055839468,0.28101145888511647,0.38215708111678937,0.0014050572944255824,0.0019107854055839468,0.0,True,True,True,coexistence
936,Eu.l,5.428675439323859,1.024379014951334,5.561021199025076,on,13.8,ng_low_bt_high,0.001,1.0,hard_extinction,True,20,0.001405334366497375,0.001910554539818985,0.281066873299475,0.382110907963797,0.001405334366497375,0.001910554539818985,0.0,True,True,True,coexistence
937,Eu.l,5.428675439323859,1.024379014951334,5.561021199025076,on,13.8,ng_high_bt_low,1.0,0.001,hard_extinction,True,20,0.001405334366497375,0.001910554539818985,0.281066873299475,0.382110907963797,0.001405334366497375,0.001910554539818985,0.0,True,True,True,coexistence
938,Eu.l,5.963623316594643,1.024379014951334,6.109010578594028,on,13.8,ng_low_bt_high,0.001,1.0,hard_extinction,True,20,0.0014056349996379954,0.0019102990685848822,0.28112699992759904,0.38205981371697645,0.0014056349996379952,0.0019102990685848822,4.440892098500626e-16,True,True,True,coexistence
939,Eu.l,5.963623316594643,1.024379014951334,6.109010578594028,on,13.8,ng_high_bt_low,1.0,0.001,hard_extinction,True,20,0.0014056349996379954,0.0019102990685848822,0.28112699992759904,0.38205981371697645,0.0014056349996379952,0.0019102990685848822,4.440892098500626e-16,True,True,True,coexistence
940,Eu.l,6.551285568595502,1.024379014951334,6.710999457422751,on,13.8,ng_low_bt_high,0.001,1.0,hard_extinction,True,20,0.0014059608493774342,0.0019100162142732557,0.28119216987548684,0.38200324285465115,0.0014059608493774342,0.0019100162142732557,0.0,True,True,True,coexistence
941,Eu.l,6.551285568595502,1.024379014951334,6.710999457422751,on,13.8,ng_high_bt_low,1.0,0.001,hard_extinction,True,20,0.0014059608493774342,0.0019100162142732557,0.28119216987548684,0.38200324285465115,0.0014059608493774342,0.0019100162142732557,0.0,True,True,True,coexistence
942,Eu.l,7.196856730011514,1.024379014951334,7.372309007835074,on,13.8,ng_low_bt_high,0.001,1.0,hard_extinction,True,20,0.0014063136260198306,0.001909702868555238,0.2812627252039661,0.3819405737110476,0.0014063136260198306,0.001909702868555238,0.0,True,True,True,coexistence
943,Eu.l,7.196856730011514,1.024379014951334,7.372309007835074,on,13.8,ng_high_bt_low,1.0,0.001,hard_extinction,True,20,0.0014063136260198306,0.001909702868555238,0.2812627252039661,0.3819405737110476,0.0014063136260198306,0.001909702868555238,0.0,True,True,True,coexistence
944,Eu.l,7.9060432109076935,1.024379014951334,8.098784756552305,on,13.8,ng_low_bt_high,0.001,1.0,hard_extinction,True,20,0.0014066950853524115,0.0019093555544461918,0.2813390170704823,0.3818711108892387,0.0014066950853524115,0.0019093555544461936,4.440892098500626e-16,True,True,True,coexistence
945,Eu.l,7.9060432109076935,1.024379014951334,8.098784756552305,on,13.8,ng_high_bt_low,1.0,0.001,hard_extinction,True,20,0.0014066950853524115,0.0019093555544461918,0.2813390170704823,0.3818711108892387,0.0014066950853524115,0.0019093555544461936,4.440892098500626e-16,True,True,True,coexistence
946,Eu.l,8.68511373751352,1.024379014951334,8.8968482551744,on,13.8,ng_low_bt_high,0.001,1.0,hard_extinction,True,20,0.0014071070172553756,0.0019089703858456526,0.28142140345107514,0.3817940771691305,0.0014071070172553756,0.0019089703858456526,0.0,True,True,True,coexistence
947,Eu.l,8.68511373751352,1.024379014951334,8.8968482551744,on,13.8,ng_high_bt_low,1.0,0.001,hard_extinction,True,20,0.0014071070172553756,0.0019089703858456526,0.28142140345107514,0.3817940771691305,0.0014071070172553756,0.0019089703858456526,0.0,True,True,True,coexistence
948,Eu.l,9.540954763499935,1.024379014951334,9.773553842329301,on,13.8,ng_low_bt_high,0.001,1.0,hard_extinction,True,20,0.001407551232121268,0.0019085430253183828,0.2815102464242538,0.38170860506367665,0.0014075512321212692,0.0019085430253183832,4.440892098500626e-16,True,True,True,coexistence
949,Eu.l,9.540954763499935,1.024379014951334,9.773553842329301,on,13.8,ng_high_bt_low,1.0,0.001,hard_extinction,True,20,0.001407551232121268,0.0019085430253183828,0.2815102464242538,0.38170860506367665,0.0014075512321212692,0.0019085430253183832,4.440892098500626e-16,True,True,True,coexistence
950,Eu.l,10.481131341546853,1.024379014951334,10.736650999229319,on,13.8,ng_low_bt_high,0.001,1.0,hard_extinction,True,20,0.001408029545038461,0.0019080686413870313,0.2816059090076923,0.38161372827740625,0.0014080295450384613,0.0019080686413870313,0.0,True,True,True,coexistence
951,Eu.l,10.481131341546853,1.024379014951334,10.736650999229319,on,13.8,ng_high_bt_low,1.0,0.001,hard_extinction,True,20,0.001408029545038461,0.0019080686413870313,0.2816059090076923,0.38161372827740625,0.0014080295450384613,0.0019080686413870313,0.0,True,True,True,coexistence
952,Eu.l,11.513953993264469,1.024379014951334,11.794652849815236,on,13.8,ng_low_bt_high,0.001,1.0,hard_extinction,True,20,0.0014085437577382725,0.0019075418672904812,0.2817087515476545,0.38150837345809624,0.0014085437577382725,0.0019075418672904812,0.0,True,True,True,coexistence
953,Eu.l,11.513953993264469,1.024379014951334,11.794652849815236,on,13.8,ng_high_bt_low,1.0,0.001,hard_extinction,True,20,0.0014085437577382725,0.0019075418672904812,0.2817087515476545,0.38150837345809624,0.0014085437577382725,0.0019075418672904812,0.0,True,True,True,coexistence
954,Eu.l,12.648552168552959,1.024379014951334,12.95691141098284,on,13.8,ng_low_bt_high,0.001,1.0,hard_extinction,True,20,0.0014090956383390326,0.0019069567640646221,0.2818191276678066,0.3813913528129244,0.0014090956383390329,0.0019069567640646221,0.0,True,True,True,coexistence
955,Eu.l,12.648552168552959,1.024379014951334,12.95691141098284,on,13.8,ng_high_bt_low,1.0,0.001,hard_extinction,True,20,0.0014090956383390326,0.0019069567640646221,0.2818191276678066,0.3813913528129244,0.0014090956383390329,0.0019069567640646221,0.0,True,True,True,coexistence
956,Eu.l,13.894954943731374,1.024379014951334,14.233700258052716,on,13.8,ng_low_bt_high,0.001,1.0,hard_extinction,True,20,0.001409686898925398,0.0019063067919523821,0.28193737978507954,0.38126135839047653,0.0014096868989253977,0.0019063067919523828,0.0,True,True,True,coexistence
957,Eu.l,13.894954943731374,1.024379014951334,14.233700258052716,on,13.8,ng_high_bt_low,1.0,0.001,hard_extinction,True,20,0.001409686898925398,0.0019063067919523821,0.28193737978507954,0.38126135839047653,0.0014096868989253977,0.0019063067919523828,0.0,True,True,True,coexistence
958,Eu.l,15.264179671752318,1.024379014951334,15.636305336189817,on,13.8,ng_low_bt_high,0.001,1.0,hard_extinction,True,20,0.0014103191709561452,0.0019055847955644423,0.282063834191229,0.38111695911288845,0.001410319170956145,0.0019055847955644423,4.440892098500626e-16,True,True,True,coexistence
959,Eu.l,15.264179671752318,1.024379014951334,15.636305336189817,on,13.8,ng_high_bt_low,1.0,0.001,hard_extinction,True,20,0.0014103191709561452,0.0019055847955644423,0.282063834191229,0.38111695911288845,0.001410319170956145,0.0019055847955644423,4.440892098500626e-16,True,True,True,coexistence
960,Eu.l,16.768329368110066,1.024379014951334,17.177124720484116,on,13.8,ng_low_bt_high,0.001,1.0,hard_extinction,True,20,0.0014109939783733389,0.0019047830098647945,0.28219879567466777,0.3809566019729589,0.0014109939783733389,0.0019047830098647945,0.0,True,True,True,coexistence
961,Eu.l,16.768329368110066,1.024379014951334,17.177124720484116,on,13.8,ng_high_bt_low,1.0,0.001,hard_extinction,True,20,0.0014109939783733389,0.0019047830098647945,0.28219879567466777,0.3809566019729589,0.0014109939783733389,0.0019047830098647945,0.0,True,True,True,coexistence
962,Eu.l,18.420699693267146,1.024379014951334,18.86977820650334,on,13.8,ng_low_bt_high,0.001,1.0,hard_extinction,True,20,0.0014117127080663014,0.0019038930958624198,0.2823425416132603,0.38077861917248396,0.0014117127080663014,0.0019038930958624198,0.0,True,True,True,coexistence
963,Eu.l,18.420699693267146,1.024379014951334,18.86977820650334,on,13.8,ng_high_bt_low,1.0,0.001,hard_extinction,True,20,0.0014117127080663014,0.0019038930958624198,0.2823425416132603,0.38077861917248396,0.0014117127080663014,0.0019038930958624198,0.0,True,True,True,coexistence
964,Eu.l,20.235896477251554,1.024379014951334,20.72922770002412,on,13.8,ng_low_bt_high,0.001,1.0,hard_extinction,True,20,0.001412476577012582,0.00190290621666478,0.2824953154025164,0.38058124333295595,0.001412476577012582,0.0019029062166647799,0.0,True,True,True,coexistence
965,Eu.l,20.235896477251554,1.024379014951334,20.72922770002412,on,13.8,ng_high_bt_low,1.0,0.001,hard_extinction,True,20,0.001412476577012582,0.00190290621666478,0.2824953154025164,0.38058124333295595,0.001412476577012582,0.0019029062166647799,0.0,True,True,True,coexistence
966,Eu.l,22.229964825261934,1.024379014951334,22.771909470104625,on,13.8,ng_low_bt_high,0.001,1.0,hard_extinction,True,20,0.0014132865949877341,0.0019018131659682563,0.28265731899754676,0.38036263319365127,0.0014132865949877337,0.0019018131659682563,0.0,True,True,True,coexistence
967,Eu.l,22.229964825261934,1.024379014951334,22.771909470104625,on,13.8,ng_high_bt_low,1.0,0.001,hard_extinction,True,20,0.0014132865949877341,0.0019018131659682563,0.28265731899754676,0.38036263319365127,0.0014132865949877337,0.0019018131659682563,0.0,True,True,True,coexistence
968,Eu.l,24.420530945486497,1.024379014951334,25.01587943452603,on,13.8,ng_low_bt_high,0.001,1.0,hard_extinction,True,20,0.001414143521262928,0.0019006045616293615,0.28282870425258555,0.3801209123258723,0.0014141435212629277,0.0019006045616293615,0.0,True,True,True,coexistence
969,Eu.l,24.420530945486497,1.024379014951334,25.01587943452603,on,13.8,ng_high_bt_low,1.0,0.001,hard_extinction,True,20,0.001414143521262928,0.0019006045616293615,0.28282870425258555,0.3801209123258723,0.0014141435212629277,0.0019006045616293615,0.0,True,True,True,coexistence
970,Eu.l,26.826957952797247,1.024379014951334,27.480972761827303,on,13.8,ng_low_bt_high,0.001,1.0,hard_extinction,True,20,0.0014150478133176934,0.0018992711160053168,0.2830095626635386,0.3798542232010634,0.001415047813317693,0.0018992711160053168,0.0,True,True,True,coexistence
971,Eu.l,26.826957952797247,1.024379014951334,27.480972761827303,on,13.8,ng_high_bt_low,1.0,0.001,hard_extinction,True,20,0.0014150478133176934,0.0018992711160053168,0.2830095626635386,0.3798542232010634,0.001415047813317693,0.0018992711160053168,0.0,True,True,True,coexistence
972,Eu.l,29.4705170255181,1.024379014951334,30.18897920070675,on,13.8,ng_low_bt_high,0.001,1.0,hard_extinction,True,20,0.0014159995654839234,0.0018978039914656294,0.28319991309678466,0.3795607982931259,0.0014159995654839234,0.0018978039914656294,0.0,True,True,True,coexistence
973,Eu.l,29.4705170255181,1.024379014951334,30.18897920070675,on,13.8,ng_high_bt_low,1.0,0.001,hard_extinction,True,20,0.0014159995654839234,0.0018978039914656294,0.28319991309678466,0.3795607982931259,0.0014159995654839234,0.0018978039914656294,0.0,True,True,True,coexistence
974,Eu.l,32.374575428176435,1.024379014951334,33.16383568658304,on,13.8,ng_low_bt_high,0.001,1.0,hard_extinction,True,20,0.0014169984358806279,0.0018961952430624372,0.28339968717612546,0.3792390486124874,0.0014169984358806272,0.0018961952430624372,0.0,True,True,True,coexistence
975,Eu.l,32.374575428176435,1.024379014951334,33.16383568658304,on,13.8,ng_high_bt_low,1.0,0.001,hard_extinction,True,20,0.001416998435880628,0.0018961952430624365,0.28339968717612546,0.37923904861248725,0.0014169984358806272,0.0018961952430624363,4.440892098500626e-16,True,True,True,coexistence
976,Eu.l,35.56480306223125,1.024379014951334,36.431837927826635,on,13.8,ng_low_bt_high,0.001,1.0,hard_extinction,True,20,0.0014180435612905723,0.0018944383402780423,0.2836087122581145,0.3788876680556085,0.0014180435612905725,0.0018944383402780423,0.0,True,True,True,coexistence
977,Eu.l,35.56480306223125,1.024379014951334,36.431837927826635,on,13.8,ng_high_bt_low,1.0,0.001,hard_extinction,True,20,0.0014180435612905723,0.0018944383402780423,0.2836087122581145,0.3788876680556085,0.0014180435612905725,0.0018944383402780423,0.0,True,True,True,coexistence
978,Eu.l,39.06939937054613,1.024379014951334,40.021872841940315,on,13.8,ng_low_bt_high,0.001,1.0,hard_extinction,True,20,0.0014191334619914283,0.001892528746165288,0.2838266923982857,0.37850574923305763,0.0014191334619914283,0.001892528746165288,0.0,True,True,True,coexistence
979,Eu.l,39.06939937054613,1.024379014951334,40.021872841940315,on,13.8,ng_high_bt_low,1.0,0.001,hard_extinction,True,20,0.0014191334619914283,0.001892528746165288,0.2838266923982857,0.37850574923305763,0.0014191334619914283,0.001892528746165288,0.0,True,True,True,coexistence
980,Eu.l,42.91934260128774,1.024379014951334,43.96567389626596,on,13.8,ng_low_bt_high,0.001,1.0,hard_extinction,True,20,0.0014202659419825761,0.0018904645162422728,0.28405318839651517,0.37809290324845457,0.001420265941982576,0.0018904645162422728,4.440892098500626e-16,True,True,True,coexistence
981,Eu.l,42.91934260128774,1.024379014951334,43.96567389626596,on,13.8,ng_high_bt_low,1.0,0.001,hard_extinction,True,20,0.0014202659419825761,0.0018904645162422728,0.28405318839651517,0.37809290324845457,0.001420265941982576,0.0018904645162422728,4.440892098500626e-16,True,True,True,coexistence
982,Eu.l,47.1486636345739,1.024379014951334,48.2981016102566,on,13.8,ng_low_bt_high,0.001,1.0,hard_extinction,True,20,0.0014214379941616087,0.0018882468637242576,0.2842875988323218,0.3776493727448515,0.001421437994161609,0.0018882468637242576,0.0,True,True,True,coexistence
983,Eu.l,47.1486636345739,1.024379014951334,48.2981016102566,on,13.8,ng_high_bt_low,1.0,0.001,hard_extinction,True,20,0.0014214379941616087,0.0018882468637242582,0.28428759883232185,0.37764937274485166,0.0014214379941616092,0.0018882468637242582,0.0,True,True,True,coexistence
984,Eu.l,51.794746792312075,1.024379014951334,53.057451698762414,on,13.8,ng_low_bt_high,0.001,1.0,hard_extinction,True,20,0.0014226457239523663,0.0018858806258459804,0.28452914479047325,0.3771761251691961,0.0014226457239523663,0.0018858806258459804,0.0,True,True,True,coexistence
985,Eu.l,51.794746792312075,1.024379014951334,53.057451698762414,on,13.8,ng_high_bt_low,1.0,0.001,hard_extinction,True,20,0.0014226457239523663,0.0018858806258459804,0.28452914479047325,0.3771761251691961,0.0014226457239523663,0.0018858806258459804,0.0,True,True,True,coexistence
986,Eu.l,56.89866029018293,1.024379014951334,58.285793580108184,on,13.8,ng_low_bt_high,0.001,1.0,hard_extinction,True,20,0.0014238843074331645,0.0018833745624731557,0.28477686148663295,0.37667491249463114,0.0014238843074331647,0.0018833745624731557,0.0,True,True,True,coexistence
987,Eu.l,56.89866029018293,1.024379014951334,58.285793580108184,on,13.8,ng_high_bt_low,1.0,0.001,hard_extinction,True,20,0.0014238843074331645,0.0018833745624731557,0.28477686148663295,0.37667491249463114,0.0014238843074331647,0.0018833745624731557,0.0,True,True,True,coexistence
988,Eu.l,62.505519252739695,1.024379014951334,64.02934224114314,on,13.8,ng_low_bt_high,0.001,1.0,hard_extinction,True,20,0.0014251479998490348,0.001880741426496058,0.2850295999698068,0.37614828529921185,0.0014251479998490342,0.0018807414264960592,4.440892098500626e-16,True,True,True,coexistence
989,Eu.l,62.505519252739695,1.024379014951334,64.02934224114314,on,13.8,ng_high_bt_low,1.0,0.001,hard_extinction,True,20,0.0014251479998490348,0.001880741426496058,0.2850295999698068,0.37614828529921185,0.0014251479998490342,0.0018807414264960592,4.440892098500626e-16,True,True,True,coexistence
990,Eu.l,68.66488450042998,1.024379014951334,70.33886674629758,on,13.8,ng_low_bt_high,0.001,1.0,hard_extinction,True,20,0.0014264302066343568,0.0018779977668721673,0.28528604132687135,0.37559955337443346,0.0014264302066343568,0.0018779977668721673,0.0,True,True,True,coexistence
991,Eu.l,68.66488450042998,1.024379014951334,70.33886674629758,on,13.8,ng_high_bt_low,1.0,0.001,hard_extinction,True,20,0.0014264302066343568,0.0018779977668721673,0.28528604132687135,0.37559955337443346,0.0014264302066343568,0.0018779977668721673,0.0,True,True,True,coexistence
992,Eu.l,75.43120063354615,1.024379014951334,77.27013900158846,on,13.8,ng_low_bt_high,0.001,1.0,hard_extinction,True,20,0.0014277236217691625,0.0018751634573406473,0.28554472435383255,0.37503269146812945,0.0014277236217691627,0.0018751634573406473,0.0,True,True,True,coexistence
993,Eu.l,75.43120063354615,1.024379014951334,77.27013900158846,on,13.8,ng_high_bt_low,1.0,0.001,hard_extinction,True,20,0.0014277236217691625,0.0018751634573406473,0.28554472435383255,0.37503269146812945,0.0014277236217691627,0.0018751634573406473,0.0,True,True,True,coexistence
994,Eu.l,82.86427728546842,1.024379014951334,84.88442674034235,on,13.8,ng_low_bt_high,0.001,1.0,hard_extinction,True,20,0.001429020428659395,0.0018722609808940463,0.285804085731879,0.37445219617880926,0.001429020428659395,0.0018722609808940463,0.0,True,True,True,coexistence
995,Eu.l,82.86427728546842,1.024379014951334,84.88442674034235,on,13.8,ng_high_bt_low,1.0,0.001,hard_extinction,True,20,0.001429020428659395,0.0018722609808940463,0.285804085731879,0.37445219617880926,0.001429020428659395,0.0018722609808940463,0.0,True,True,True,coexistence
996,Eu.l,91.02981779915208,1.024379014951334,93.24903508829483,on,13.8,ng_low_bt_high,0.001,1.0,hard_extinction,True,20,0.001430312548914941,0.001869314534041556,0.28606250978298814,0.3738629068083112,0.0014303125489149406,0.001869314534041556,4.440892098500626e-16,True,True,True,coexistence
997,Eu.l,91.02981779915208,1.024379014951334,93.24903508829483,on,13.8,ng_high_bt_low,1.0,0.001,hard_extinction,True,20,0.001430312548914941,0.001869314534041556,0.28606250978298814,0.3738629068083112,0.0014303125489149406,0.001869314534041556,4.440892098500626e-16,True,True,True,coexistence
998,Eu.l,100.0,1.024379014951334,102.43790149513342,on,13.8,ng_low_bt_high,0.001,1.0,hard_extinction,True,20,0.0014315919168033223,0.0018663490380746873,0.28631838336066434,0.37326980761493744,0.0014315919168033217,0.0018663490380746873,4.440892098500626e-16,True,True,True,coexistence
999,Eu.l,100.0,1.024379014951334,102.43790149513342,on,13.8,ng_high_bt_low,1.0,0.001,hard_extinction,True,20,0.0014315919168033223,0.0018663490380746873,0.28631838336066434,0.37326980761493744,0.0014315919168033217,0.0018663490380746873,4.440892098500626e-16,True,True,True,coexistence
1000,Im,0.0,8.461702653017392,0.0,on,0.0,ng_low_bt_high,0.001,1.0,hard_extinction,True,20,0.0,0.0019130364855773371,0.0,0.3826072971154678,0.0,0.001913036485577339,4.440892098500626e-16,True,False,True,bt_only
1001,Im,0.0,8.461702653017392,0.0,on,0.0,ng_high_bt_low,1.0,0.001,hard_extinction,True,20,0.0,0.0019130364855773371,0.0,0.3826072971154678,0.0,0.001913036485577339,4.440892098500626e-16,True,False,True,bt_only
1002,Im,0.01,8.461702653017392,0.08461702653017392,on,0.0,ng_low_bt_high,0.001,1.0,hard_extinction,True,20,0.0,0.0019130364855773371,0.0,0.3826072971154678,0.0,0.001913036485577339,4.440892098500626e-16,True,False,True,bt_only
1003,Im,0.01,8.461702653017392,0.08461702653017392,on,0.0,ng_high_bt_low,1.0,0.001,hard_extinction,True,20,0.0,0.0019130364855773371,0.0,0.3826072971154678,0.0,0.001913036485577339,4.440892098500626e-16,True,False,True,bt_only
1004,Im,0.010985411419875584,8.461702653017392,0.0929552849560488,on,0.0,ng_low_bt_high,0.001,1.0,hard_extinction,True,20,0.0,0.0019130364855773371,0.0,0.3826072971154678,0.0,0.001913036485577339,4.440892098500626e-16,True,False,True,bt_only
1005,Im,0.010985411419875584,8.461702653017392,0.0929552849560488,on,0.0,ng_high_bt_low,1.0,0.001,hard_extinction,True,20,0.0,0.0019130364855773371,0.0,0.3826072971154678,0.0,0.001913036485577339,4.440892098500626e-16,True,False,True,bt_only
1006,Im,0.012067926406393288,8.461702653017392,0.10211520488939672,on,0.0,ng_low_bt_high,0.001,1.0,hard_extinction,True,20,0.0,0.0019130364855773371,0.0,0.3826072971154678,0.0,0.001913036485577339,4.440892098500626e-16,True,False,True,bt_only
1007,Im,0.012067926406393288,8.461702653017392,0.10211520488939672,on,0.0,ng_high_bt_low,1.0,0.001,hard_extinction,True,20,0.0,0.0019130364855773371,0.0,0.3826072971154678,0.0,0.001913036485577339,4.440892098500626e-16,True,False,True,bt_only
1008,Im,0.013257113655901088,8.461702653017392,0.11217775379349133,on,0.0,ng_low_bt_high,0.001,1.0,hard_extinction,True,20,0.0,0.0019130364855773371,0.0,0.3826072971154678,0.0,0.001913036485577339,4.440892098500626e-16,True,False,True,bt_only
1009,Im,0.013257113655901088,8.461702653017392,0.11217775379349133,on,0.0,ng_high_bt_low,1.0,0.001,hard_extinction,True,20,0.0,0.0019130364855773371,0.0,0.3826072971154678,0.0,0.001913036485577339,4.440892098500626e-16,True,False,True,bt_only
1010,Im,0.014563484775012436,8.461702653017392,0.12323187775790112,on,0.0,ng_low_bt_high,0.001,1.0,hard_extinction,True,20,0.0,0.001913036485577337,0.0,0.38260729711546776,0.0,0.0019130364855773389,4.440892098500626e-16,True,False,True,bt_only
1011,Im,0.014563484775012436,8.461702653017392,0.12323187775790112,on,0.0,ng_high_bt_low,1.0,0.001,hard_extinction,True,20,0.0,0.001913036485577337,0.0,0.38260729711546776,0.0,0.0019130364855773389,4.440892098500626e-16,True,False,True,bt_only
1012,Im,0.015998587196060583,8.461702653017392,0.13537528772143592,on,0.0,ng_low_bt_high,0.001,1.0,hard_extinction,True,20,0.0,0.0019130364855773371,0.0,0.3826072971154678,0.0,0.001913036485577339,4.440892098500626e-16,True,False,True,bt_only
1013,Im,0.015998587196060583,8.461702653017392,0.13537528772143592,on,0.0,ng_high_bt_low,1.0,0.001,hard_extinction,True,20,0.0,0.0019130364855773365,0.0,0.38260729711546776,0.0,0.0019130364855773389,4.440892098500626e-16,True,False,True,bt_only
1014,Im,0.017575106248547922,8.461702653017392,0.14871532317040048,on,0.0,ng_low_bt_high,0.001,1.0,hard_extinction,True,20,0.0,0.0019130364855773365,0.0,0.38260729711546776,0.0,0.0019130364855773389,4.440892098500626e-16,True,False,True,bt_only
1015,Im,0.017575106248547922,8.461702653017392,0.14871532317040048,on,0.0,ng_high_bt_low,1.0,0.001,hard_extinction,True,20,0.0,0.001913036485577337,0.0,0.38260729711546776,0.0,0.0019130364855773389,4.440892098500626e-16,True,False,True,bt_only
1016,Im,0.019306977288832496,8.461702653017392,0.16336990094666046,on,0.0,ng_low_bt_high,0.001,1.0,hard_extinction,True,20,0.0,0.001913036485577337,0.0,0.38260729711546776,0.0,0.0019130364855773389,4.440892098500626e-16,True,False,True,bt_only
1017,Im,0.019306977288832496,8.461702653017392,0.16336990094666046,on,0.0,ng_high_bt_low,1.0,0.001,hard_extinction,True,40,0.0,0.0019130364855773322,0.0,0.38260729711546626,0.0,0.0019130364855773313,0.0,True,False,True,bt_only
1018,Im,0.021209508879201904,8.461702653017392,0.17946855755233868,on,0.0,ng_low_bt_high,0.001,1.0,hard_extinction,True,40,0.0,0.0019130364855773322,0.0,0.38260729711546626,0.0,0.0019130364855773313,0.0,True,False,True,bt_only
1019,Im,0.021209508879201904,8.461702653017392,0.17946855755233868,on,0.0,ng_high_bt_low,1.0,0.001,hard_extinction,True,40,0.0,0.0019130364855773322,0.0,0.38260729711546626,0.0,0.0019130364855773313,0.0,True,False,True,bt_only
1020,Im,0.023299518105153717,8.461702653017392,0.19715359416440598,on,0.0,ng_low_bt_high,0.001,1.0,hard_extinction,True,40,0.0,0.0019130364855773322,0.0,0.38260729711546626,0.0,0.0019130364855773313,0.0,True,False,True,bt_only
1021,Im,0.023299518105153717,8.461702653017392,0.19715359416440598,on,0.0,ng_high_bt_low,1.0,0.001,hard_extinction,True,40,0.0,0.0019130364855773322,0.0,0.38260729711546626,0.0,0.0019130364855773313,0.0,True,False,True,bt_only
1022,Im,0.025595479226995357,8.461702653017392,0.21658133448031816,on,0.0,ng_low_bt_high,0.001,1.0,hard_extinction,True,40,0.0,0.0019130364855773322,0.0,0.38260729711546626,0.0,0.0019130364855773313,0.0,True,False,True,bt_only
1023,Im,0.025595479226995357,8.461702653017392,0.21658133448031816,on,0.0,ng_high_bt_low,1.0,0.001,hard_extinction,True,40,0.0,0.001913036485577332,0.0,0.38260729711546626,0.0,0.0019130364855773313,0.0,True,False,True,bt_only
1024,Im,0.028117686979742307,8.461702653017392,0.23792350651319807,on,0.0,ng_low_bt_high,0.001,1.0,hard_extinction,True,100,0.0,0.001913036485577331,0.0,0.38260729711546626,0.0,0.0019130364855773313,4.440892098500626e-16,True,False,True,bt_only
1025,Im,0.028117686979742307,8.461702653017392,0.23792350651319807,on,0.0,ng_high_bt_low,1.0,0.001,hard_extinction,True,100,0.0,0.001913036485577331,0.0,0.38260729711546626,0.0,0.0019130364855773313,4.440892098500626e-16,True,False,True,bt_only
1026,Im,0.030888435964774818,8.461702653017392,0.2613687605506929,on,0.0,ng_low_bt_high,0.001,1.0,hard_extinction,True,100,4.578410998396182e-06,0.0019129974887376882,0.0009156069197938774,0.38259949843372687,4.578034598969386e-06,0.0019129974921686345,3.5705592677182096e-05,True,True,True,coexistence
1027,Im,0.030888435964774818,8.461702653017392,0.2613687605506929,on,0.0,ng_high_bt_low,1.0,0.001,hard_extinction,True,100,4.579164895120402e-06,0.0019129974818656767,0.0009157478425672184,0.3825994971491851,4.578739212836092e-06,0.0019129974857459255,4.037417834901191e-05,True,True,True,coexistence
1028,Im,0.03393221771895328,8.461702653017392,0.28712433669523074,on,0.0,ng_low_bt_high,0.001,1.0,hard_extinction,True,60,1.0059325874036827e-05,0.0019129371867577048,0.002011833592112476,0.38258743771561027,1.005916796056238e-05,0.0019129371885780514,6.817701595274173e-06,True,True,True,coexistence
1029,Im,0.03393221771895328,8.461702653017392,0.28712433669523074,on,0.0,ng_high_bt_low,1.0,0.001,hard_extinction,True,60,1.0059704406653903e-05,0.0019129371823941332,0.0020118984669647787,0.3825874369677641,1.0059492334823893e-05,0.0019129371848388204,9.155595780185877e-06,True,True,True,coexistence
1030,Im,0.0372759372031494,8.461702653017392,0.315417896725599,on,0.0,ng_low_bt_high,0.001,1.0,hard_extinction,True,40,1.5580407189308286e-05,0.0019128571605063283,0.0031160416842636635,0.38257143268922866,1.5580208421318317e-05,0.0019128571634461434,5.540573187801101e-06,True,True,True,coexistence
1031,Im,0.0372759372031494,8.461702653017392,0.315417896725599,on,0.0,ng_high_bt_low,1.0,0.001,hard_extinction,True,40,1.5580994440876206e-05,0.001912857151820644,0.003116133193445464,0.3825714313357843,1.558066596722732e-05,0.0019128571566789216,9.155756282019922e-06,True,True,True,coexistence
1032,Im,0.040949150623804234,8.461702653017392,0.34649953647225307,on,0.0,ng_low_bt_high,0.001,1.0,hard_extinction,True,40,2.109336072114909e-05,0.001912751515681792,0.004218670927361475,0.3825503031598141,2.1093354636807374e-05,0.0019127515157990704,1.2527146964202984e-07,True,True,True,coexistence
1033,Im,0.040949150623804234,8.461702653017392,0.34649953647225307,on,0.0,ng_high_bt_low,1.0,0.001,hard_extinction,True,40,2.109338374985789e-05,0.0019127515152378956,0.004218674161392367,0.38255030309747534,2.1093370806961833e-05,0.0019127515154873766,2.664830764942394e-07,True,True,True,coexistence
1034,Im,0.04498432668969444,8.461702653017392,0.3806439964943885,on,0.0,ng_low_bt_high,0.001,1.0,hard_extinction,True,40,2.6554572267317972e-05,0.0019126122039659966,0.005310914431668972,0.3825224407937578,2.6554572158344863e-05,0.001912612203968789,1.7822321396465668e-09,True,True,True,coexistence
1035,Im,0.04498432668969444,8.461702653017392,0.3806439964943885,on,0.0,ng_high_bt_low,1.0,0.001,hard_extinction,True,40,2.6554572825138485e-05,0.0019126122039517426,0.005310914501605079,0.38252244079197006,2.6554572508025393e-05,0.0019126122039598503,5.186318041694449e-09,True,True,True,coexistence
1036,Im,0.04941713361323833,8.461702653017392,0.4181530905996537,on,0.0,ng_low_bt_high,0.001,1.0,hard_extinction,True,20,3.191850115335019e-05,0.0019124282294273054,0.006383668971662743,0.38248564696419324,3.1918344858313714e-05,0.0019124282348209661,2.1266110099560365e-06,True,True,True,coexistence
1037,Im,0.04941713361323833,8.461702653017392,0.4181530905996537,on,0.0,ng_high_bt_low,1.0,0.001,hard_extinction,True,20,3.1919673703889846e-05,0.0019124281889619154,0.0063837989278754175,0.38248564247942474,3.191899463937709e-05,0.0019124282123971236,9.239351921763728e-06,True,True,True,coexistence
1038,Im,0.054286754393238594,8.461702653017392,0.45935837367297055,on,0.0,ng_low_bt_high,0.001,1.0,hard_extinction,True,20,3.714204907596234e-05,0.001912184277361193,0.007428406973497824,0.38243685560728774,3.714203486748912e-05,0.0019121842780364386,1.6613683673227797e-07,True,True,True,coexistence
1039,Im,0.054286754393238594,8.461702653017392,0.45935837367297055,on,0.0,ng_high_bt_low,1.0,0.001,hard_extinction,True,20,3.7142226675994745e-05,0.001912184268920858,0.0074284242037496295,0.38243685478843437,3.714212101874815e-05,0.0019121842739421718,1.2354246718970785e-06,True,True,True,coexistence
1040,Im,0.05963623316594643,8.461702653017392,0.5046240723962526,on,0.0,ng_low_bt_high,0.001,1.0,hard_extinction,True,20,4.2191094462914544e-05,0.001911858441352163,0.00843821871690654,0.3823716882821666,4.21910935845327e-05,0.001911858441410833,9.041633219908363e-09,True,True,True,coexistence
1041,Im,0.05963623316594643,8.461702653017392,0.5046240723962526,on,0.0,ng_high_bt_low,1.0,0.001,hard_extinction,True,20,4.219111752543938e-05,0.0019118584398118083,0.00843822065721512,0.3823716881525711,4.2191103286075605e-05,0.0019118584407628555,1.465729839722485e-07,True,True,True,coexistence
1042,Im,0.0655128556859551,8.461702653017392,0.5543503047645918,on,0.0,ng_low_bt_high,0.001,1.0,hard_extinction,True,20,4.70427012771091e-05,0.001911418826368027,0.009408540250178338,0.38228376527410923,4.704270125089169e-05,0.0019114188263705462,2.4203661297406143e-10,True,True,True,coexistence
1043,Im,0.0655128556859551,8.461702653017392,0.5543503047645918,on,0.0,ng_high_bt_low,1.0,0.001,hard_extinction,True,20,4.704270399424642e-05,0.001911418826107824,0.009408540446909867,0.38228376525526647,4.7042702234549334e-05,0.0019114188262763323,1.6245382816748588e-08,True,True,True,coexistence
1044,Im,0.07196856730011521,8.461702653017392,0.6089766168572456,on,0.0,ng_low_bt_high,0.001,1.0,hard_extinction,True,20,5.1694385967897715e-05,0.0019108176537805444,0.01033887719393269,0.38216353075606047,5.1694385969663447e-05,0.0019108176537803022,1.4834355965831492e-11,True,True,True,coexistence
1045,Im,0.07196856730011521,8.461702653017392,0.6089766168572456,on,0.0,ng_high_bt_low,1.0,0.001,hard_extinction,True,20,5.1694386284756565e-05,0.0019108176537362687,0.010338877213601187,0.38216353075331083,5.169438606800594e-05,0.0019108176537665541,1.8209638241728499e-09,True,True,True,coexistence
1046,Im,0.07906043210907697,8.461702653017392,0.668985868126078,on,0.0,ng_low_bt_high,0.001,1.0,hard_extinction,True,20,5.617561505692295e-05,0.001909981141374863,0.011235123011474314,0.38199622827495366,5.6175615057371573e-05,0.0019099811413747683,3.468336728928989e-12,True,True,True,coexistence
1047,Im,0.07906043210907697,8.461702653017392,0.668985868126078,on,0.0,ng_high_bt_low,1.0,0.001,hard_extinction,True,20,5.617561509989158e-05,0.0019099811413659875,0.011235123013769319,0.3819962282744792,5.617561506884659e-05,0.001909981141372396,2.4000890164188604e-10,True,True,True,coexistence
1048,Im,0.08685113737513525,8.461702653017392,0.7349084995447599,on,0.0,ng_low_bt_high,0.001,1.0,hard_extinction,True,20,6.0566971520332596e-05,0.0019087911361141167,0.012113394304082994,0.3817582272228178,6.0566971520414975e-05,0.0019087911361140891,5.906386491005833e-13,True,True,True,coexistence
1049,Im,0.08685113737513525,8.461702653017392,0.7349084995447599,on,0.0,ng_high_bt_low,1.0,0.001,hard_extinction,True,20,6.0566971529293825e-05,0.0019087911361113843,0.012113394304501878,0.3817582272226888,6.056697152250939e-05,0.001908791136113444,4.864730840381526e-11,True,True,True,coexistence
1050,Im,0.09540954763499938,8.461702653017392,0.8073272223462635,on,0.0,ng_low_bt_high,0.001,1.0,hard_extinction,True,20,6.503481577319436e-05,0.0019070498070570005,0.013006963154644056,0.38140996141139755,6.503481577322028e-05,0.0019070498070569877,1.7319479184152442e-13,True,True,True,coexistence
1051,Im,0.09540954763499938,8.461702653017392,0.8073272223462635,on,0.0,ng_high_bt_low,1.0,0.001,hard_extinction,True,20,6.503481577738728e-05,0.0019070498070551407,0.013006963154822313,0.3814099614113173,6.503481577411157e-05,0.0019070498070565863,2.1874946298794384e-11,True,True,True,coexistence
1052,Im,0.10481131341546858,8.461702653017392,0.8868821687939078,on,0.0,ng_low_bt_high,0.001,1.0,hard_extinction,True,20,6.990123351605333e-05,0.0019044064787264543,0.013980246703215123,0.3808812957452877,6.990123351607561e-05,0.0019044064787264385,1.3855583347321954e-13,True,True,True,coexistence
1053,Im,0.10481131341546858,8.461702653017392,0.8868821687939078,on,0.0,ng_high_bt_low,1.0,0.001,hard_extinction,True,20,6.99012335230127e-05,0.001904406478722197,0.01398024670350299,0.38088129574511154,6.990123351751496e-05,0.0019044064787255577,3.4157565664827416e-11,True,True,True,coexistence
1054,Im,0.1151395399326447,8.461702653017392,0.9742765505152616,on,0.0,ng_low_bt_high,0.001,1.0,hard_extinction,True,20,7.580393078592782e-05,0.001900189919827756,0.015160786157201619,0.3800379839655386,7.580393078600809e-05,0.001900189919827693,4.600764214046649e-13,True,True,True,coexistence
1055,Im,0.1151395399326447,8.461702653017392,0.9742765505152616,on,0.0,ng_high_bt_low,1.0,0.001,hard_extinction,True,20,7.580393084831907e-05,0.0019001899197787439,0.015160786159964043,0.3800379839633695,7.580393079982021e-05,0.0019001899198168475,2.778595131758266e-10,True,True,True,coexistence
1056,Im,0.12648552168552957,8.461702653017392,1.0702828744147344,on,0.0,ng_low_bt_high,0.001,1.0,hard_extinction,True,20,8.412198321436087e-05,0.001892965731303111,0.016824396643280917,0.37859314626024443,8.412198321640458e-05,0.0018929657313012222,1.0551559626037488e-11,True,True,True,coexistence
1057,Im,0.12648552168552957,8.461702653017392,1.0702828744147344,on,0.0,ng_high_bt_low,1.0,0.001,hard_extinction,True,20,8.412198670675567e-05,0.0018929657280785635,0.01682439682807395,0.37859314608962324,8.412198414036976e-05,0.0018929657304481162,1.3249416674909753e-08,True,True,True,coexistence
1058,Im,0.13894954943731375,8.461702653017392,1.175749771109289,on,0.0,ng_low_bt_high,0.001,1.0,hard_extinction,True,20,9.837422629494257e-05,0.001879098109262965,0.01967484532668479,0.37581962178477835,9.837422663342395e-05,0.0018790981089238917,1.494299795012921e-09,True,True,True,coexistence
1059,Im,0.13894954943731375,8.461702653017392,1.175749771109289,on,0.0,ng_high_bt_low,1.0,0.001,hard_extinction,True,40,9.837422700264946e-05,0.0018790981085532764,0.019674845400533825,0.37581962171065136,9.837422700266912e-05,0.0018790981085532567,8.704148513061227e-14,True,True,True,coexistence
1060,Im,0.15264179671752334,8.461702653017392,1.2916094962460087,on,0.0,ng_low_bt_high,0.001,1.0,hard_extinction,True,20,0.0001306004740273198,0.0018462202395719827,0.026120139014012084,0.36924400247934663,0.00013060069507006043,0.0018462200123967331,7.350475659251288e-07,True,True,True,coexistence
1061,Im,0.15264179671752334,8.461702653017392,1.2916094962460087,on,0.0,ng_high_bt_low,1.0,0.001,hard_extinction,True,40,0.0001306009180495404,0.001846219783230896,0.026120183536047947,0.3692439567220889,0.00013060091768023974,0.0018462197836104444,1.2280558792099328e-09,True,True,True,coexistence
1062,Im,0.16768329368110074,8.461702653017392,1.4188861710080647,on,0.0,ng_low_bt_high,0.001,1.0,hard_extinction,True,40,0.00025610212879959395,0.0017169897300796622,0.051220528728715506,0.34339783996223033,0.00025610264364357753,0.0017169891998111517,8.730644940335708e-07,True,True,True,coexistence
1063,Im,0.16768329368110074,8.461702653017392,1.4188861710080647,on,0.0,ng_high_bt_low,1.0,0.001,hard_extinction,True,60,0.0002561067732616916,0.001716984946471207,0.051221211038678764,0.34339713721051357,0.00025610605519339383,0.001716985686052568,1.2176700030508414e-06,True,True,True,coexistence
1064,Im,0.18420699693267154,8.461702653017392,1.5587048346495533,on,0.0,ng_low_bt_high,0.001,1.0,hard_extinction,True,100,0.0019213157490969557,1.8859897369090657e-06,0.3842879674237225,0.0003516368027118779,0.0019214398371186125,1.7581840135593893e-06,0.030474981469135187,False,True,True,coexistence
1065,Im,0.18420699693267154,8.461702653017392,1.5587048346495533,on,0.0,ng_high_bt_low,1.0,0.001,hard_extinction,True,40,0.0019231468778538418,0.0,0.38462937557076793,0.0,0.0019231468778538397,0.0,4.440892098500626e-16,True,True,False,ng_only
1066,Im,0.20235896477251566,8.461702653017392,1.7123013890774488,on,0.0,ng_low_bt_high,0.001,1.0,hard_extinction,True,40,0.0019231468779605627,0.0,0.384629375592114,0.0,0.00192314687796057,0.0,1.7763568394002505e-15,True,True,False,ng_only
1067,Im,0.20235896477251566,8.461702653017392,1.7123013890774488,on,0.0,ng_high_bt_low,1.0,0.001,hard_extinction,True,20,0.0019231468779605596,0.0,0.38462937559211247,0.0,0.0019231468779605623,0.0,4.440892098500626e-16,True,True,False,ng_only
1068,Im,0.22229964825261944,8.461702653017392,1.881033523384023,on,0.0,ng_low_bt_high,0.001,1.0,hard_extinction,True,20,0.001923146877966956,0.0,0.38462937559339166,0.0,0.0019231468779669584,0.0,8.881784197001252e-16,True,True,False,ng_only
1069,Im,0.22229964825261944,8.461702653017392,1.881033523384023,on,0.0,ng_high_bt_low,1.0,0.001,hard_extinction,True,20,0.0019231468779669558,0.0,0.38462937559339166,0.0,0.0019231468779669584,0.0,8.881784197001252e-16,True,True,False,ng_only
1070,Im,0.2442053094548651,8.461702653017392,2.0663927148951653,on,0.0,ng_low_bt_high,0.001,1.0,hard_extinction,True,20,0.0019231468779672533,0.0,0.38462937559345106,0.0,0.0019231468779672552,0.0,4.440892098500626e-16,True,True,False,ng_only
1071,Im,0.2442053094548651,8.461702653017392,2.0663927148951653,on,0.0,ng_high_bt_low,1.0,0.001,hard_extinction,True,20,0.0019231468779672533,0.0,0.38462937559345106,0.0,0.0019231468779672552,0.0,4.440892098500626e-16,True,True,False,ng_only
1072,Im,0.2682695795279725,8.461702653017392,2.270017412815705,on,0.0,ng_low_bt_high,0.001,1.0,hard_extinction,True,20,0.001923146877967256,0.0,0.3846293755934514,0.0,0.001923146877967257,0.0,0.0,True,True,False,ng_only
1073,Im,0.2682695795279725,8.461702653017392,2.270017412815705,on,0.0,ng_high_bt_low,1.0,0.001,hard_extinction,True,20,0.001923146877967256,0.0,0.3846293755934514,0.0,0.001923146877967257,0.0,0.0,True,True,False,ng_only
1074,Im,0.29470517025518095,8.461702653017392,2.4937075210062067,on,0.0,ng_low_bt_high,0.001,1.0,hard_extinction,True,20,0.00192314687796726,0.0,0.38462937559345095,0.0,0.0019231468779672548,0.0,1.3322676295501878e-15,True,True,False,ng_only
1075,Im,0.29470517025518095,8.461702653017392,2.4937075210062067,on,0.0,ng_high_bt_low,1.0,0.001,hard_extinction,True,20,0.00192314687796726,0.0,0.38462937559345095,0.0,0.0019231468779672548,0.0,1.3322676295501878e-15,True,True,False,ng_only
1076,Im,0.32374575428176433,8.461702653017392,2.739440307909122,on,0.0,ng_low_bt_high,0.001,1.0,hard_extinction,True,20,0.0019231468779672648,0.0,0.3846293755934518,0.0,0.001923146877967259,0.0,1.3322676295501878e-15,True,True,False,ng_only
1077,Im,0.32374575428176433,8.461702653017392,2.739440307909122,on,0.0,ng_high_bt_low,1.0,0.001,hard_extinction,True,20,0.0019231468779672648,0.0,0.3846293755934518,0.0,0.001923146877967259,0.0,1.3322676295501878e-15,True,True,False,ng_only
1078,Im,0.35564803062231287,8.461702653017392,3.0093878842572357,on,0.0,ng_low_bt_high,0.001,1.0,hard_extinction,True,20,0.0019231468779672557,0.0,0.38462937559345184,0.0,0.0019231468779672592,0.0,8.881784197001252e-16,True,True,False,ng_only
1079,Im,0.35564803062231287,8.461702653017392,3.0093878842572357,on,0.0,ng_high_bt_low,1.0,0.001,hard_extinction,True,20,0.0019231468779672557,0.0,0.38462937559345184,0.0,0.0019231468779672592,0.0,8.881784197001252e-16,True,True,False,ng_only
1080,Im,0.3906939937054615,8.461702653017392,3.3059364030554637,on,0.0,ng_low_bt_high,0.001,1.0,hard_extinction,True,20,0.0019231468779672561,0.0,0.3846293755934516,0.0,0.001923146877967258,0.0,4.440892098500626e-16,True,True,False,ng_only
1081,Im,0.3906939937054615,8.461702653017392,3.3059364030554637,on,0.0,ng_high_bt_low,1.0,0.001,hard_extinction,True,20,0.0019231468779672561,0.0,0.3846293755934516,0.0,0.001923146877967258,0.0,4.440892098500626e-16,True,True,False,ng_only
1082,Im,0.42919342601287763,8.461702653017392,3.6317071515507906,on,0.0,ng_low_bt_high,0.001,1.0,hard_extinction,True,20,0.0019231468779672613,0.0,0.38462937559345267,0.0,0.0019231468779672633,0.0,4.440892098500626e-16,True,True,False,ng_only
1083,Im,0.42919342601287763,8.461702653017392,3.6317071515507906,on,0.0,ng_high_bt_low,1.0,0.001,hard_extinction,True,20,0.0019231468779672613,0.0,0.38462937559345267,0.0,0.0019231468779672633,0.0,4.440892098500626e-16,True,True,False,ng_only
1084,Im,0.47148663634573923,8.461702653017392,3.989579721628988,on,0.0,ng_low_bt_high,0.001,1.0,hard_extinction,True,20,0.0019231468779672641,0.0,0.38462937559345206,0.0,0.0019231468779672602,0.0,8.881784197001252e-16,True,True,False,ng_only
1085,Im,0.47148663634573923,8.461702653017392,3.989579721628988,on,0.0,ng_high_bt_low,1.0,0.001,hard_extinction,True,20,0.0019231468779672641,0.0,0.38462937559345206,0.0,0.0019231468779672602,0.0,8.881784197001252e-16,True,True,False,ng_only
1086,Im,0.517947467923121,8.461702653017392,4.382717463448714,on,0.0,ng_low_bt_high,0.001,1.0,hard_extinction,True,20,0.0019231468779672563,0.0,0.38462937559345156,0.0,0.0019231468779672578,0.0,4.440892098500626e-16,True,True,False,ng_only
1087,Im,0.517947467923121,8.461702653017392,4.382717463448714,on,0.0,ng_high_bt_low,1.0,0.001,hard_extinction,True,20,0.0019231468779672563,0.0,0.38462937559345156,0.0,0.0019231468779672578,0.0,4.440892098500626e-16,True,True,False,ng_only
1088,Im,0.5689866029018296,8.461702653017392,4.814595447305765,on,0.0,ng_low_bt_high,0.001,1.0,hard_extinction,True,20,0.001923146877967257,0.0,0.3846293755934511,0.0,0.0019231468779672557,0.0,0.0,True,True,False,ng_only
1089,Im,0.5689866029018296,8.461702653017392,4.814595447305765,on,0.0,ng_high_bt_low,1.0,0.001,hard_extinction,True,20,0.001923146877967257,0.0,0.3846293755934511,0.0,0.0019231468779672557,0.0,0.0,True,True,False,ng_only
1090,Im,0.6250551925273969,8.461702653017392,5.289031180891372,on,0.0,ng_low_bt_high,0.001,1.0,hard_extinction,True,20,0.0019231468779672542,0.0,0.3846293755934513,0.0,0.0019231468779672563,0.0,4.440892098500626e-16,True,True,False,ng_only
1091,Im,0.6250551925273969,8.461702653017392,5.289031180891372,on,0.0,ng_high_bt_low,1.0,0.001,hard_extinction,True,20,0.0019231468779672542,0.0,0.3846293755934513,0.0,0.0019231468779672563,0.0,4.440892098500626e-16,True,True,False,ng_only
1092,Im,0.6866488450042998,8.461702653017392,5.810218353464212,on,0.0,ng_low_bt_high,0.001,1.0,hard_extinction,True,20,0.0019231468779672537,0.0,0.3846293755934508,0.0,0.001923146877967254,0.0,0.0,True,True,False,ng_only
1093,Im,0.6866488450042998,8.461702653017392,5.810218353464212,on,0.0,ng_high_bt_low,1.0,0.001,hard_extinction,True,20,0.0019231468779672537,0.0,0.3846293755934508,0.0,0.001923146877967254,0.0,0.0,True,True,False,ng_only
1094,Im,0.7543120063354615,8.461702653017392,6.382763905211646,on,0.0,ng_low_bt_high,0.001,1.0,hard_extinction,True,20,0.0019231468779672626,0.0,0.38462937559345134,0.0,0.0019231468779672568,0.0,1.3322676295501878e-15,True,True,False,ng_only
1095,Im,0.7543120063354615,8.461702653017392,6.382763905211646,on,0.0,ng_high_bt_low,1.0,0.001,hard_extinction,True,20,0.0019231468779672626,0.0,0.38462937559345134,0.0,0.0019231468779672568,0.0,1.3322676295501878e-15,True,True,False,ng_only
1096,Im,0.8286427728546842,8.461702653017392,7.01172874946817,on,0.0,ng_low_bt_high,0.001,1.0,hard_extinction,True,20,0.0019231468779672598,0.0,0.3846293755934522,0.0,0.001923146877967261,0.0,4.440892098500626e-16,True,True,False,ng_only
1097,Im,0.8286427728546842,8.461702653017392,7.01172874946817,on,0.0,ng_high_bt_low,1.0,0.001,hard_extinction,True,20,0.0019231468779672598,0.0,0.3846293755934522,0.0,0.001923146877967261,0.0,4.440892098500626e-16,True,True,False,ng_only
1098,Im,0.9102981779915218,8.461702653017392,7.702672507747758,on,0.0,ng_low_bt_high,0.001,1.0,hard_extinction,True,20,0.0019231468779672641,0.0,0.3846293755934523,0.0,0.0019231468779672613,0.0,4.440892098500626e-16,True,True,False,ng_only
1099,Im,0.9102981779915218,8.461702653017392,7.702672507747758,on,0.0,ng_high_bt_low,1.0,0.001,hard_extinction,True,20,0.0019231468779672641,0.0,0.3846293755934523,0.0,0.0019231468779672613,0.0,4.440892098500626e-16,True,True,False,ng_only
1100,Im,0.9999999999999994,8.461702653017392,8.461702653017387,on,0.0,ng_low_bt_high,0.001,1.0,hard_extinction,True,20,0.0019231468779672592,0.0,0.3846293755934523,0.0,0.0019231468779672613,0.0,4.440892098500626e-16,True,True,False,ng_only
1101,Im,0.9999999999999994,8.461702653017392,8.461702653017387,on,0.0,ng_high_bt_low,1.0,0.001,hard_extinction,True,20,0.0019231468779672592,0.0,0.3846293755934523,0.0,0.0019231468779672613,0.0,4.440892098500626e-16,True,True,False,ng_only
1102,Im,1.0985411419875584,8.461702653017392,9.295528495604879,on,0.0,ng_low_bt_high,0.001,1.0,hard_extinction,True,20,0.001923146877967254,0.0,0.38462937559345084,0.0,0.0019231468779672542,0.0,0.0,True,True,False,ng_only
1103,Im,1.0985411419875584,8.461702653017392,9.295528495604879,on,0.0,ng_high_bt_low,1.0,0.001,hard_extinction,True,20,0.001923146877967254,0.0,0.38462937559345084,0.0,0.0019231468779672542,0.0,0.0,True,True,False,ng_only
1104,Im,1.2067926406393277,8.461702653017392,10.211520488939662,on,0.0,ng_low_bt_high,0.001,1.0,hard_extinction,True,20,0.0019231468779672533,0.0,0.38462937559345073,0.0,0.0019231468779672537,0.0,0.0,True,True,False,ng_only
1105,Im,1.2067926406393277,8.461702653017392,10.211520488939662,on,0.0,ng_high_bt_low,1.0,0.001,hard_extinction,True,20,0.0019231468779672533,0.0,0.38462937559345073,0.0,0.0019231468779672537,0.0,0.0,True,True,False,ng_only
1106,Im,1.325711365590108,8.461702653017392,11.217775379349128,on,0.0,ng_low_bt_high,0.001,1.0,hard_extinction,True,20,0.0019231468779672592,0.0,0.38462937559345184,0.0,0.0019231468779672592,0.0,0.0,True,True,False,ng_only
1107,Im,1.325711365590108,8.461702653017392,11.217775379349128,on,0.0,ng_high_bt_low,1.0,0.001,hard_extinction,True,20,0.0019231468779672592,0.0,0.38462937559345184,0.0,0.0019231468779672592,0.0,0.0,True,True,False,ng_only
1108,Im,1.456348477501243,8.461702653017392,12.323187775790107,on,0.0,ng_low_bt_high,0.001,1.0,hard_extinction,True,20,0.001923146877967254,0.0,0.38462937559345073,0.0,0.0019231468779672537,0.0,0.0,True,True,False,ng_only
1109,Im,1.456348477501243,8.461702653017392,12.323187775790107,on,0.0,ng_high_bt_low,1.0,0.001,hard_extinction,True,20,0.001923146877967254,0.0,0.38462937559345073,0.0,0.0019231468779672537,0.0,0.0,True,True,False,ng_only
1110,Im,1.5998587196060574,8.461702653017392,13.537528772143585,on,0.0,ng_low_bt_high,0.001,1.0,hard_extinction,True,20,0.0019231468779672498,0.0,0.38462937559345006,0.0,0.0019231468779672503,0.0,0.0,True,True,False,ng_only
1111,Im,1.5998587196060574,8.461702653017392,13.537528772143585,on,0.0,ng_high_bt_low,1.0,0.001,hard_extinction,True,20,0.0019231468779672498,0.0,0.38462937559345006,0.0,0.0019231468779672503,0.0,0.0,True,True,False,ng_only
1112,Im,1.7575106248547911,8.461702653017392,14.87153231704004,on,0.0,ng_low_bt_high,0.001,1.0,hard_extinction,True,20,0.0019231468779672572,0.0,0.38462937559345156,0.0,0.0019231468779672578,0.0,0.0,True,True,False,ng_only
1113,Im,1.7575106248547911,8.461702653017392,14.87153231704004,on,0.0,ng_high_bt_low,1.0,0.001,hard_extinction,True,20,0.0019231468779672572,0.0,0.38462937559345156,0.0,0.0019231468779672578,0.0,0.0,True,True,False,ng_only
1114,Im,1.9306977288832496,8.461702653017392,16.336990094666046,on,0.0,ng_low_bt_high,0.001,1.0,hard_extinction,True,20,0.0019231468779672552,0.0,0.384629375593451,0.0,0.001923146877967255,0.0,4.440892098500626e-16,True,True,False,ng_only
1115,Im,1.9306977288832496,8.461702653017392,16.336990094666046,on,0.0,ng_high_bt_low,1.0,0.001,hard_extinction,True,20,0.0019231468779672552,0.0,0.384629375593451,0.0,0.001923146877967255,0.0,4.440892098500626e-16,True,True,False,ng_only
1116,Im,2.1209508879201904,8.461702653017392,17.94685575523387,on,0.0,ng_low_bt_high,0.001,1.0,hard_extinction,True,20,0.0019231468779672561,0.0,0.3846293755934521,0.0,0.0019231468779672607,0.0,8.881784197001252e-16,True,True,False,ng_only
1117,Im,2.1209508879201904,8.461702653017392,17.94685575523387,on,0.0,ng_high_bt_low,1.0,0.001,hard_extinction,True,20,0.0019231468779672561,0.0,0.3846293755934521,0.0,0.0019231468779672607,0.0,8.881784197001252e-16,True,True,False,ng_only
1118,Im,2.329951810515372,8.461702653017392,19.7153594164406,on,0.0,ng_low_bt_high,0.001,1.0,hard_extinction,True,20,0.0019231468779672568,0.0,0.3846293755934513,0.0,0.0019231468779672563,0.0,0.0,True,True,False,ng_only
1119,Im,2.329951810515372,8.461702653017392,19.7153594164406,on,0.0,ng_high_bt_low,1.0,0.001,hard_extinction,True,20,0.0019231468779672568,0.0,0.3846293755934513,0.0,0.0019231468779672563,0.0,0.0,True,True,False,ng_only
1120,Im,2.5595479226995357,8.461702653017392,21.658133448031816,on,0.0,ng_low_bt_high,0.001,1.0,hard_extinction,True,20,0.0019231468779672557,0.0,0.3846293755934509,0.0,0.0019231468779672544,0.0,4.440892098500626e-16,True,True,False,ng_only
1121,Im,2.5595479226995357,8.461702653017392,21.658133448031816,on,0.0,ng_high_bt_low,1.0,0.001,hard_extinction,True,20,0.0019231468779672557,0.0,0.3846293755934509,0.0,0.0019231468779672544,0.0,4.440892098500626e-16,True,True,False,ng_only
1122,Im,2.811768697974228,8.461702653017392,23.792350651319783,on,0.0,ng_low_bt_high,0.001,1.0,hard_extinction,True,20,0.0019231468779672533,0.0,0.3846293755934506,0.0,0.001923146877967253,0.0,4.440892098500626e-16,True,True,False,ng_only
1123,Im,2.811768697974228,8.461702653017392,23.792350651319783,on,0.0,ng_high_bt_low,1.0,0.001,hard_extinction,True,20,0.0019231468779672533,0.0,0.3846293755934506,0.0,0.001923146877967253,0.0,4.440892098500626e-16,True,True,False,ng_only
1124,Im,3.0888435964774787,8.461702653017392,26.136876055069266,on,0.0,ng_low_bt_high,0.001,1.0,hard_extinction,True,20,0.001923146877967257,0.0,0.38462937559345145,0.0,0.0019231468779672572,0.0,4.440892098500626e-16,True,True,False,ng_only
1125,Im,3.0888435964774787,8.461702653017392,26.136876055069266,on,0.0,ng_high_bt_low,1.0,0.001,hard_extinction,True,20,0.001923146877967257,0.0,0.38462937559345145,0.0,0.0019231468779672572,0.0,4.440892098500626e-16,True,True,False,ng_only
1126,Im,3.3932217718953264,8.461702653017392,28.712433669523058,on,0.0,ng_low_bt_high,0.001,1.0,hard_extinction,True,20,0.001923146877967266,0.0,0.3846293755934533,0.0,0.0019231468779672663,0.0,0.0,True,True,False,ng_only
1127,Im,3.3932217718953264,8.461702653017392,28.712433669523058,on,0.0,ng_high_bt_low,1.0,0.001,hard_extinction,True,20,0.001923146877967266,0.0,0.3846293755934533,0.0,0.0019231468779672663,0.0,0.0,True,True,False,ng_only
1128,Im,3.727593720314938,8.461702653017392,31.541789672559883,on,0.0,ng_low_bt_high,0.001,1.0,hard_extinction,True,20,0.0019231468779672494,0.0,0.38462937559344984,0.0,0.0019231468779672492,0.0,4.440892098500626e-16,True,True,False,ng_only
1129,Im,3.727593720314938,8.461702653017392,31.541789672559883,on,0.0,ng_high_bt_low,1.0,0.001,hard_extinction,True,20,0.0019231468779672494,0.0,0.38462937559344984,0.0,0.0019231468779672492,0.0,4.440892098500626e-16,True,True,False,ng_only
1130,Im,4.094915062380423,8.461702653017392,34.6499536472253,on,0.0,ng_low_bt_high,0.001,1.0,hard_extinction,True,20,0.0019231468779672552,0.0,0.38462937559345106,0.0,0.0019231468779672552,0.0,0.0,True,True,False,ng_only
1131,Im,4.094915062380423,8.461702653017392,34.6499536472253,on,0.0,ng_high_bt_low,1.0,0.001,hard_extinction,True,20,0.0019231468779672552,0.0,0.38462937559345106,0.0,0.0019231468779672552,0.0,0.0,True,True,False,ng_only
1132,Im,4.498432668969444,8.461702653017392,38.06439964943885,on,0.0,ng_low_bt_high,0.001,1.0,hard_extinction,True,20,0.001923146877967252,0.0,0.3846293755934504,0.0,0.001923146877967252,0.0,0.0,True,True,False,ng_only
1133,Im,4.498432668969444,8.461702653017392,38.06439964943885,on,0.0,ng_high_bt_low,1.0,0.001,hard_extinction,True,20,0.001923146877967252,0.0,0.3846293755934504,0.0,0.001923146877967252,0.0,0.0,True,True,False,ng_only
1134,Im,4.941713361323833,8.461702653017392,41.81530905996537,on,0.0,ng_low_bt_high,0.001,1.0,hard_extinction,True,20,0.0019231468779672522,0.0,0.3846293755934504,0.0,0.001923146877967252,0.0,0.0,True,True,False,ng_only
1135,Im,4.941713361323833,8.461702653017392,41.81530905996537,on,0.0,ng_high_bt_low,1.0,0.001,hard_extinction,True,20,0.0019231468779672529,0.0,0.38462937559345045,0.0,0.0019231468779672522,0.0,0.0,True,True,False,ng_only
1136,Im,5.428675439323859,8.461702653017392,45.935837367297054,on,0.0,ng_low_bt_high,0.001,1.0,hard_extinction,True,20,0.0019231468779672455,0.0,0.38462937559344934,0.0,0.0019231468779672468,0.0,0.0,True,True,False,ng_only
1137,Im,5.428675439323859,8.461702653017392,45.935837367297054,on,0.0,ng_high_bt_low,1.0,0.001,hard_extinction,True,20,0.0019231468779672455,0.0,0.38462937559344934,0.0,0.0019231468779672468,0.0,0.0,True,True,False,ng_only
1138,Im,5.963623316594643,8.461702653017392,50.46240723962527,on,0.0,ng_low_bt_high,0.001,1.0,hard_extinction,True,20,0.0019231468779672587,0.0,0.38462937559345156,0.0,0.0019231468779672578,0.0,0.0,True,True,False,ng_only
1139,Im,5.963623316594643,8.461702653017392,50.46240723962527,on,0.0,ng_high_bt_low,1.0,0.001,hard_extinction,True,20,0.0019231468779672587,0.0,0.38462937559345156,0.0,0.0019231468779672578,0.0,0.0,True,True,False,ng_only
1140,Im,6.551285568595502,8.461702653017392,55.43503047645911,on,0.0,ng_low_bt_high,0.001,1.0,hard_extinction,True,20,0.0019231468779672511,0.0,0.38462937559345023,0.0,0.0019231468779672511,0.0,0.0,True,True,False,ng_only
1141,Im,6.551285568595502,8.461702653017392,55.43503047645911,on,0.0,ng_high_bt_low,1.0,0.001,hard_extinction,True,20,0.0019231468779672511,0.0,0.38462937559345023,0.0,0.0019231468779672511,0.0,0.0,True,True,False,ng_only
1142,Im,7.196856730011514,8.461702653017392,60.8976616857245,on,0.0,ng_low_bt_high,0.001,1.0,hard_extinction,True,20,0.0019231468779672524,0.0,0.3846293755934504,0.0,0.001923146877967252,0.0,0.0,True,True,False,ng_only
1143,Im,7.196856730011514,8.461702653017392,60.8976616857245,on,0.0,ng_high_bt_low,1.0,0.001,hard_extinction,True,20,0.0019231468779672524,0.0,0.3846293755934504,0.0,0.001923146877967252,0.0,0.0,True,True,False,ng_only
1144,Im,7.9060432109076935,8.461702653017392,66.89858681260777,on,0.0,ng_low_bt_high,0.001,1.0,hard_extinction,True,20,0.001923146877967261,0.0,0.38462937559345234,0.0,0.0019231468779672618,0.0,0.0,True,True,False,ng_only
1145,Im,7.9060432109076935,8.461702653017392,66.89858681260777,on,0.0,ng_high_bt_low,1.0,0.001,hard_extinction,True,20,0.001923146877967261,0.0,0.38462937559345234,0.0,0.0019231468779672618,0.0,0.0,True,True,False,ng_only
1146,Im,8.68511373751352,8.461702653017392,73.49084995447595,on,0.0,ng_low_bt_high,0.001,1.0,hard_extinction,True,20,0.0019231468779672598,0.0,0.384629375593452,0.0,0.00192314687796726,0.0,0.0,True,True,False,ng_only
1147,Im,8.68511373751352,8.461702653017392,73.49084995447595,on,0.0,ng_high_bt_low,1.0,0.001,hard_extinction,True,20,0.0019231468779672598,0.0,0.384629375593452,0.0,0.00192314687796726,0.0,0.0,True,True,False,ng_only
1148,Im,9.540954763499935,8.461702653017392,80.73272223462632,on,0.0,ng_low_bt_high,0.001,1.0,hard_extinction,True,20,0.0019231468779672503,0.0,0.3846293755934502,0.0,0.001923146877967251,0.0,0.0,True,True,False,ng_only
1149,Im,9.540954763499935,8.461702653017392,80.73272223462632,on,0.0,ng_high_bt_low,1.0,0.001,hard_extinction,True,20,0.0019231468779672503,0.0,0.3846293755934502,0.0,0.001923146877967251,0.0,0.0,True,True,False,ng_only
1150,Im,10.481131341546853,8.461702653017392,88.68821687939074,on,0.0,ng_low_bt_high,0.001,1.0,hard_extinction,True,20,0.001923146877967257,0.0,0.3846293755934515,0.0,0.0019231468779672576,0.0,4.440892098500626e-16,True,True,False,ng_only
1151,Im,10.481131341546853,8.461702653017392,88.68821687939074,on,0.0,ng_high_bt_low,1.0,0.001,hard_extinction,True,20,0.001923146877967257,0.0,0.3846293755934515,0.0,0.0019231468779672576,0.0,4.440892098500626e-16,True,True,False,ng_only
1152,Im,11.513953993264469,8.461702653017392,97.42765505152614,on,0.0,ng_low_bt_high,0.001,1.0,hard_extinction,True,20,0.0019231468779672548,0.0,0.38462937559345095,0.0,0.0019231468779672548,0.0,0.0,True,True,False,ng_only
1153,Im,11.513953993264469,8.461702653017392,97.42765505152614,on,0.0,ng_high_bt_low,1.0,0.001,hard_extinction,True,20,0.0019231468779672548,0.0,0.38462937559345095,0.0,0.0019231468779672548,0.0,0.0,True,True,False,ng_only
1154,Im,12.648552168552959,8.461702653017392,107.02828744147345,on,0.0,ng_low_bt_high,0.001,1.0,hard_extinction,True,20,0.0019231468779672583,0.0,0.38462937559345173,0.0,0.0019231468779672587,0.0,0.0,True,True,False,ng_only
1155,Im,12.648552168552959,8.461702653017392,107.02828744147345,on,0.0,ng_high_bt_low,1.0,0.001,hard_extinction,True,20,0.0019231468779672583,0.0,0.38462937559345173,0.0,0.0019231468779672587,0.0,0.0,True,True,False,ng_only
1156,Im,13.894954943731374,8.461702653017392,117.5749771109289,on,0.0,ng_low_bt_high,0.001,1.0,hard_extinction,True,20,0.001923146877967257,0.0,0.3846293755934514,0.0,0.001923146877967257,0.0,0.0,True,True,False,ng_only
1157,Im,13.894954943731374,8.461702653017392,117.5749771109289,on,0.0,ng_high_bt_low,1.0,0.001,hard_extinction,True,20,0.001923146877967257,0.0,0.3846293755934514,0.0,0.001923146877967257,0.0,0.0,True,True,False,ng_only
1158,Im,15.264179671752318,8.461702653017392,129.16094962460073,on,0.0,ng_low_bt_high,0.001,1.0,hard_extinction,True,20,0.0019231468779672594,0.0,0.3846293755934521,0.0,0.0019231468779672607,0.0,0.0,True,True,False,ng_only
1159,Im,15.264179671752318,8.461702653017392,129.16094962460073,on,0.0,ng_high_bt_low,1.0,0.001,hard_extinction,True,20,0.0019231468779672594,0.0,0.3846293755934521,0.0,0.0019231468779672607,0.0,0.0,True,True,False,ng_only
1160,Im,16.768329368110066,8.461702653017392,141.88861710080639,on,0.0,ng_low_bt_high,0.001,1.0,hard_extinction,True,20,0.001923146877967257,0.0,0.3846293755934516,0.0,0.001923146877967258,0.0,4.440892098500626e-16,True,True,False,ng_only
1161,Im,16.768329368110066,8.461702653017392,141.88861710080639,on,0.0,ng_high_bt_low,1.0,0.001,hard_extinction,True,20,0.001923146877967257,0.0,0.3846293755934516,0.0,0.001923146877967258,0.0,4.440892098500626e-16,True,True,False,ng_only
1162,Im,18.420699693267146,8.461702653017392,155.87048346495527,on,0.0,ng_low_bt_high,0.001,1.0,hard_extinction,True,20,0.0019231468779672563,0.0,0.3846293755934513,0.0,0.0019231468779672563,0.0,0.0,True,True,False,ng_only
1163,Im,18.420699693267146,8.461702653017392,155.87048346495527,on,0.0,ng_high_bt_low,1.0,0.001,hard_extinction,True,20,0.0019231468779672563,0.0,0.3846293755934513,0.0,0.0019231468779672563,0.0,0.0,True,True,False,ng_only
1164,Im,20.235896477251554,8.461702653017392,171.23013890774476,on,0.0,ng_low_bt_high,0.001,1.0,hard_extinction,True,20,0.0019231468779672507,0.0,0.38462937559345023,0.0,0.0019231468779672511,0.0,0.0,True,True,False,ng_only
1165,Im,20.235896477251554,8.461702653017392,171.23013890774476,on,0.0,ng_high_bt_low,1.0,0.001,hard_extinction,True,20,0.0019231468779672507,0.0,0.38462937559345023,0.0,0.0019231468779672511,0.0,0.0,True,True,False,ng_only
1166,Im,22.229964825261934,8.461702653017392,188.1033523384022,on,0.0,ng_low_bt_high,0.001,1.0,hard_extinction,True,20,0.001923146877967259,0.0,0.3846293755934518,0.0,0.001923146877967259,0.0,0.0,True,True,False,ng_only
1167,Im,22.229964825261934,8.461702653017392,188.1033523384022,on,0.0,ng_high_bt_low,1.0,0.001,hard_extinction,True,20,0.001923146877967259,0.0,0.3846293755934518,0.0,0.001923146877967259,0.0,0.0,True,True,False,ng_only
1168,Im,24.420530945486497,8.461702653017392,206.6392714895164,on,0.0,ng_low_bt_high,0.001,1.0,hard_extinction,True,20,0.0019231468779672511,0.0,0.38462937559345034,0.0,0.0019231468779672518,0.0,4.440892098500626e-16,True,True,False,ng_only
1169,Im,24.420530945486497,8.461702653017392,206.6392714895164,on,0.0,ng_high_bt_low,1.0,0.001,hard_extinction,True,20,0.0019231468779672511,0.0,0.38462937559345034,0.0,0.0019231468779672518,0.0,4.440892098500626e-16,True,True,False,ng_only
1170,Im,26.826957952797247,8.461702653017392,227.0017412815705,on,0.0,ng_low_bt_high,0.001,1.0,hard_extinction,True,20,0.0019231468779672507,0.0,0.3846293755934501,0.0,0.0019231468779672507,0.0,0.0,True,True,False,ng_only
1171,Im,26.826957952797247,8.461702653017392,227.0017412815705,on,0.0,ng_high_bt_low,1.0,0.001,hard_extinction,True,20,0.0019231468779672507,0.0,0.3846293755934501,0.0,0.0019231468779672507,0.0,0.0,True,True,False,ng_only
1172,Im,29.4705170255181,8.461702653017392,249.3707521006207,on,0.0,ng_low_bt_high,0.001,1.0,hard_extinction,True,20,0.00192314687796726,0.0,0.384629375593452,0.0,0.00192314687796726,0.0,0.0,True,True,False,ng_only
1173,Im,29.4705170255181,8.461702653017392,249.3707521006207,on,0.0,ng_high_bt_low,1.0,0.001,hard_extinction,True,20,0.00192314687796726,0.0,0.384629375593452,0.0,0.00192314687796726,0.0,0.0,True,True,False,ng_only
1174,Im,32.374575428176435,8.461702653017392,273.9440307909122,on,0.0,ng_low_bt_high,0.001,1.0,hard_extinction,True,20,0.0019231468779672561,0.0,0.38462937559345123,0.0,0.0019231468779672561,0.0,0.0,True,True,False,ng_only
1175,Im,32.374575428176435,8.461702653017392,273.9440307909122,on,0.0,ng_high_bt_low,1.0,0.001,hard_extinction,True,20,0.0019231468779672561,0.0,0.38462937559345123,0.0,0.0019231468779672561,0.0,0.0,True,True,False,ng_only
1176,Im,35.56480306223125,8.461702653017392,300.9387884257232,on,0.0,ng_low_bt_high,0.001,1.0,hard_extinction,True,20,0.0019231468779672583,0.0,0.3846293755934517,0.0,0.0019231468779672583,0.0,0.0,True,True,False,ng_only
1177,Im,35.56480306223125,8.461702653017392,300.9387884257232,on,0.0,ng_high_bt_low,1.0,0.001,hard_extinction,True,20,0.0019231468779672583,0.0,0.3846293755934517,0.0,0.0019231468779672583,0.0,0.0,True,True,False,ng_only
1178,Im,39.06939937054613,8.461702653017392,330.5936403055462,on,0.0,ng_low_bt_high,0.001,1.0,hard_extinction,True,20,0.0019231468779672548,0.0,0.38462937559345095,0.0,0.0019231468779672548,0.0,0.0,True,True,False,ng_only
1179,Im,39.06939937054613,8.461702653017392,330.5936403055462,on,0.0,ng_high_bt_low,1.0,0.001,hard_extinction,True,20,0.0019231468779672548,0.0,0.38462937559345095,0.0,0.0019231468779672548,0.0,0.0,True,True,False,ng_only
1180,Im,42.91934260128774,8.461702653017392,363.1707151550788,on,0.0,ng_low_bt_high,0.001,1.0,hard_extinction,True,20,0.001923146877967255,0.0,0.384629375593451,0.0,0.001923146877967255,0.0,0.0,True,True,False,ng_only
1181,Im,42.91934260128774,8.461702653017392,363.1707151550788,on,0.0,ng_high_bt_low,1.0,0.001,hard_extinction,True,20,0.001923146877967255,0.0,0.384629375593451,0.0,0.001923146877967255,0.0,0.0,True,True,False,ng_only
1182,Im,47.1486636345739,8.461702653017392,398.9579721628986,on,0.0,ng_low_bt_high,0.001,1.0,hard_extinction,True,20,0.0019231468779672511,0.0,0.38462937559345023,0.0,0.0019231468779672511,0.0,0.0,True,True,False,ng_only
1183,Im,47.1486636345739,8.461702653017392,398.9579721628986,on,0.0,ng_high_bt_low,1.0,0.001,hard_extinction,True,20,0.0019231468779672511,0.0,0.38462937559345023,0.0,0.0019231468779672511,0.0,0.0,True,True,False,ng_only
1184,Im,51.794746792312075,8.461702653017392,438.27174634487113,on,0.0,ng_low_bt_high,0.001,1.0,hard_extinction,True,20,0.0019231468779672552,0.0,0.38462937559345106,0.0,0.0019231468779672552,0.0,0.0,True,True,False,ng_only
1185,Im,51.794746792312075,8.461702653017392,438.27174634487113,on,0.0,ng_high_bt_low,1.0,0.001,hard_extinction,True,20,0.0019231468779672552,0.0,0.38462937559345106,0.0,0.0019231468779672552,0.0,0.0,True,True,False,ng_only
1186,Im,56.89866029018293,8.461702653017392,481.4595447305762,on,0.0,ng_low_bt_high,0.001,1.0,hard_extinction,True,20,0.0019231468779672576,0.0,0.3846293755934515,0.0,0.0019231468779672576,0.0,0.0,True,True,False,ng_only
1187,Im,56.89866029018293,8.461702653017392,481.4595447305762,on,0.0,ng_high_bt_low,1.0,0.001,hard_extinction,True,20,0.0019231468779672576,0.0,0.3846293755934515,0.0,0.0019231468779672576,0.0,0.0,True,True,False,ng_only
1188,Im,62.505519252739695,8.461702653017392,528.9031180891371,on,0.0,ng_low_bt_high,0.001,1.0,hard_extinction,True,20,0.0019231468779672563,0.0,0.38462937559345145,0.0,0.0019231468779672572,0.0,4.440892098500626e-16,True,True,False,ng_only
1189,Im,62.505519252739695,8.461702653017392,528.9031180891371,on,0.0,ng_high_bt_low,1.0,0.001,hard_extinction,True,20,0.0019231468779672563,0.0,0.38462937559345145,0.0,0.0019231468779672572,0.0,4.440892098500626e-16,True,True,False,ng_only
1190,Im,68.66488450042998,8.461702653017392,581.0218353464211,on,0.0,ng_low_bt_high,0.001,1.0,hard_extinction,True,20,0.0019231468779672587,0.0,0.38462937559345173,0.0,0.0019231468779672587,0.0,0.0,True,True,False,ng_only
1191,Im,68.66488450042998,8.461702653017392,581.0218353464211,on,0.0,ng_high_bt_low,1.0,0.001,hard_extinction,True,20,0.0019231468779672587,0.0,0.38462937559345173,0.0,0.0019231468779672587,0.0,0.0,True,True,False,ng_only
1192,Im,75.43120063354615,8.461702653017392,638.2763905211647,on,0.0,ng_low_bt_high,0.001,1.0,hard_extinction,True,20,0.0019231468779672578,0.0,0.38462937559345156,0.0,0.0019231468779672578,0.0,0.0,True,True,False,ng_only
1193,Im,75.43120063354615,8.461702653017392,638.2763905211647,on,0.0,ng_high_bt_low,1.0,0.001,hard_extinction,True,20,0.0019231468779672578,0.0,0.38462937559345156,0.0,0.0019231468779672578,0.0,0.0,True,True,False,ng_only
1194,Im,82.86427728546842,8.461702653017392,701.1728749468169,on,0.0,ng_low_bt_high,0.001,1.0,hard_extinction,True,20,0.0019231468779672557,0.0,0.384629375593451,0.0,0.001923146877967255,0.0,4.440892098500626e-16,True,True,False,ng_only
1195,Im,82.86427728546842,8.461702653017392,701.1728749468169,on,0.0,ng_high_bt_low,1.0,0.001,hard_extinction,True,20,0.001923146877967255,0.0,0.3846293755934511,0.0,0.0019231468779672557,0.0,4.440892098500626e-16,True,True,False,ng_only
1196,Im,91.02981779915208,8.461702653017392,770.267250774775,on,0.0,ng_low_bt_high,0.001,1.0,hard_extinction,True,20,0.001923146877967251,0.0,0.3846293755934502,0.0,0.001923146877967251,0.0,0.0,True,True,False,ng_only
1197,Im,91.02981779915208,8.461702653017392,770.267250774775,on,0.0,ng_high_bt_low,1.0,0.001,hard_extinction,True,20,0.001923146877967251,0.0,0.3846293755934502,0.0,0.001923146877967251,0.0,0.0,True,True,False,ng_only
1198,Im,100.0,8.461702653017392,846.1702653017392,on,0.0,ng_low_bt_high,0.001,1.0,hard_extinction,True,20,0.0019231468779672522,0.0,0.38462937559345045,0.0,0.0019231468779672522,0.0,0.0,True,True,False,ng_only
1199,Im,100.0,8.461702653017392,846.1702653017392,on,0.0,ng_high_bt_low,1.0,0.001,hard_extinction,True,20,0.0019231468779672522,0.0,0.38462937559345045,0.0,0.0019231468779672522,0.0,0.0,True,True,False,ng_only
1200,Ld,0.0,3.788906996483327,0.0,on,16.0,ng_low_bt_high,0.001,1.0,hard_extinction,True,20,0.00036168871735750834,0.001913036485577326,0.07233774347150167,0.3826072971154652,0.00036168871735750834,0.001913036485577326,0.0,True,True,True,coexistence
1201,Ld,0.0,3.788906996483327,0.0,on,16.0,ng_high_bt_low,1.0,0.001,hard_extinction,True,20,0.00036168871735750834,0.001913036485577326,0.07233774347150167,0.3826072971154652,0.00036168871735750834,0.001913036485577326,0.0,True,True,True,coexistence
1202,Ld,0.01,3.788906996483327,0.037889069964833266,on,16.0,ng_low_bt_high,0.001,1.0,hard_extinction,True,20,0.0003616929401189219,0.001913035364336472,0.07233858802378437,0.3826070728672944,0.0003616929401189219,0.001913035364336472,0.0,True,True,True,coexistence
1203,Ld,0.01,3.788906996483327,0.037889069964833266,on,16.0,ng_high_bt_low,1.0,0.001,hard_extinction,True,20,0.0003616929401189219,0.001913035364336472,0.07233858802378437,0.3826070728672944,0.0003616929401189219,0.001913035364336472,0.0,True,True,True,coexistence
1204,Ld,0.010985411419875584,3.788906996483327,0.04162270218801444,on,16.0,ng_low_bt_high,0.001,1.0,hard_extinction,True,20,0.0003616933561680288,0.0019130352538382666,0.07233867123360575,0.38260705076765333,0.0003616933561680288,0.0019130352538382666,0.0,True,True,True,coexistence
1205,Ld,0.010985411419875584,3.788906996483327,0.04162270218801444,on,16.0,ng_high_bt_low,1.0,0.001,hard_extinction,True,20,0.0003616933561680288,0.0019130352538382666,0.07233867123360575,0.38260705076765333,0.0003616933561680288,0.0019130352538382666,0.0,True,True,True,coexistence
1206,Ld,0.012067926406393288,3.788906996483327,0.04572425079422942,on,16.0,ng_low_bt_high,0.001,1.0,hard_extinction,True,20,0.0003616938132013149,0.001913035132449395,0.07233876264026295,0.382607026489879,0.0003616938132013148,0.001913035132449395,0.0,True,True,True,coexistence
1207,Ld,0.012067926406393288,3.788906996483327,0.04572425079422942,on,16.0,ng_high_bt_low,1.0,0.001,hard_extinction,True,20,0.0003616938132013149,0.001913035132449395,0.07233876264026295,0.382607026489879,0.0003616938132013148,0.001913035132449395,0.0,True,True,True,coexistence
1208,Ld,0.013257113655901088,3.788906996483327,0.050229970684018285,on,16.0,ng_low_bt_high,0.001,1.0,hard_extinction,True,20,0.000361694315254565,0.001913034999096267,0.07233886305091301,0.3826069998192534,0.00036169431525456504,0.001913034999096267,0.0,True,True,True,coexistence
1209,Ld,0.013257113655901088,3.788906996483327,0.050229970684018285,on,16.0,ng_high_bt_low,1.0,0.001,hard_extinction,True,20,0.000361694315254565,0.001913034999096267,0.07233886305091301,0.3826069998192534,0.00036169431525456504,0.001913034999096267,0.0,True,True,True,coexistence
1210,Ld,0.014563484775012436,3.788906996483327,0.055179689357223026,on,16.0,ng_low_bt_high,0.001,1.0,hard_extinction,True,20,0.00036169486676065806,0.001913034852599399,0.07233897335213164,0.3826069705198798,0.0003616948667606582,0.001913034852599399,4.440892098500626e-16,True,True,True,coexistence
1211,Ld,0.014563484775012436,3.788906996483327,0.055179689357223026,on,16.0,ng_high_bt_low,1.0,0.001,hard_extinction,True,20,0.00036169486676065806,0.001913034852599399,0.07233897335213164,0.3826069705198798,0.0003616948667606582,0.001913034852599399,4.440892098500626e-16,True,True,True,coexistence
1212,Ld,0.015998587196060583,3.788906996483327,0.06061715896100251,on,16.0,ng_low_bt_high,0.001,1.0,hard_extinction,True,20,0.0003616954725885921,0.001913034691662965,0.07233909451771849,0.382606938332593,0.00036169547258859243,0.001913034691662965,4.440892098500626e-16,True,True,True,coexistence
1213,Ld,0.015998587196060583,3.788906996483327,0.06061715896100251,on,16.0,ng_high_bt_low,1.0,0.001,hard_extinction,True,20,0.0003616954725885921,0.001913034691662965,0.07233909451771849,0.382606938332593,0.00036169547258859243,0.001913034691662965,4.440892098500626e-16,True,True,True,coexistence
1214,Ld,0.017575106248547922,3.788906996483327,0.06659044302906106,on,16.0,ng_low_bt_high,0.001,1.0,hard_extinction,True,20,0.00036169613808630297,0.001913034514863355,0.07233922761726057,0.38260690297267097,0.00036169613808630286,0.001913034514863355,0.0,True,True,True,coexistence
1215,Ld,0.017575106248547922,3.788906996483327,0.06659044302906106,on,16.0,ng_high_bt_low,1.0,0.001,hard_extinction,True,20,0.00036169613808630297,0.001913034514863355,0.07233922761726057,0.38260690297267097,0.00036169613808630286,0.001913034514863355,0.0,True,True,True,coexistence
1216,Ld,0.019306977288832496,3.788906996483327,0.07315234133060214,on,16.0,ng_low_bt_high,0.001,1.0,hard_extinction,True,20,0.0003616968691276817,0.001913034320636469,0.07233937382553635,0.38260686412729383,0.0003616968691276817,0.001913034320636469,0.0,True,True,True,coexistence
1217,Ld,0.019306977288832496,3.788906996483327,0.07315234133060214,on,16.0,ng_high_bt_low,1.0,0.001,hard_extinction,True,20,0.0003616968691276817,0.001913034320636469,0.07233937382553635,0.38260686412729383,0.0003616968691276817,0.001913034320636469,0.0,True,True,True,coexistence
1218,Ld,0.021209508879201904,3.788906996483327,0.08036085658438334,on,16.0,ng_low_bt_high,0.001,1.0,hard_extinction,True,20,0.00036169767216419693,0.0019130341072639296,0.07233953443283939,0.3826068214527859,0.00036169767216419693,0.0019130341072639296,0.0,True,True,True,coexistence
1219,Ld,0.021209508879201904,3.788906996483327,0.08036085658438334,on,16.0,ng_high_bt_low,1.0,0.001,hard_extinction,True,20,0.00036169767216419693,0.0019130341072639296,0.07233953443283939,0.3826068214527859,0.00036169767216419693,0.0019130341072639296,0.0,True,True,True,coexistence
1220,Ld,0.023299518105153717,3.788906996483327,0.08827970716330687,on,16.0,ng_low_bt_high,0.001,1.0,hard_extinction,True,20,0.00036169855428154897,0.0019130338728578023,0.07233971085630979,0.38260677457156056,0.00036169855428154897,0.0019130338728578027,0.0,True,True,True,coexistence
1221,Ld,0.023299518105153717,3.788906996483327,0.08827970716330687,on,16.0,ng_high_bt_low,1.0,0.001,hard_extinction,True,20,0.00036169855428154897,0.0019130338728578023,0.07233971085630979,0.38260677457156056,0.00036169855428154897,0.0019130338728578027,0.0,True,True,True,coexistence
1222,Ld,0.025595479226995357,3.788906996483327,0.09697889032150636,on,16.0,ng_low_bt_high,0.001,1.0,hard_extinction,True,20,0.00036169952326185577,0.00191303361534382,0.07233990465237115,0.382606723068764,0.00036169952326185577,0.00191303361534382,0.0,True,True,True,coexistence
1223,Ld,0.025595479226995357,3.788906996483327,0.09697889032150636,on,16.0,ng_high_bt_low,1.0,0.001,hard_extinction,True,20,0.00036169952326185577,0.00191303361534382,0.07233990465237115,0.382606723068764,0.00036169952326185577,0.00191303361534382,0.0,True,True,True,coexistence
1224,Ld,0.028117686979742307,3.788906996483327,0.10653530092247378,on,16.0,ng_low_bt_high,0.001,1.0,hard_extinction,True,20,0.0003617005876519044,0.0019130333324430052,0.07234011753038089,0.38260666648860103,0.0003617005876519044,0.0019130333324430052,0.0,True,True,True,coexistence
1225,Ld,0.028117686979742307,3.788906996483327,0.10653530092247378,on,16.0,ng_high_bt_low,1.0,0.001,hard_extinction,True,20,0.00036170058765190436,0.001913033332443005,0.07234011753038087,0.382606666488601,0.00036170058765190436,0.001913033332443005,0.0,True,True,True,coexistence
1226,Ld,0.030888435964774818,3.788906996483327,0.11703341113736253,on,16.0,ng_low_bt_high,0.001,1.0,hard_extinction,True,20,0.00036170175683805075,0.0019130330216513985,0.07234035136761015,0.3826066043302797,0.00036170175683805075,0.0019130330216513985,0.0,True,True,True,coexistence
1227,Ld,0.030888435964774818,3.788906996483327,0.11703341113736253,on,16.0,ng_high_bt_low,1.0,0.001,hard_extinction,True,20,0.00036170175683805075,0.0019130330216513985,0.07234035136761015,0.3826066043302797,0.00036170175683805075,0.0019130330216513985,0.0,True,True,True,coexistence
1228,Ld,0.03393221771895328,3.788906996483327,0.1285660171215376,on,16.0,ng_low_bt_high,0.001,1.0,hard_extinction,True,20,0.0003617030411284166,0.0019130326802178465,0.0723406082256833,0.3826065360435693,0.00036170304112841654,0.0019130326802178465,4.440892098500626e-16,True,True,True,coexistence
1229,Ld,0.03393221771895328,3.788906996483327,0.1285660171215376,on,16.0,ng_high_bt_low,1.0,0.001,hard_extinction,True,20,0.0003617030411284166,0.0019130326802178465,0.0723406082256833,0.3826065360435693,0.00036170304112841654,0.0019130326802178465,4.440892098500626e-16,True,True,True,coexistence
1230,Ld,0.0372759372031494,3.788906996483327,0.1412350592694859,on,16.0,ng_low_bt_high,0.001,1.0,hard_extinction,True,20,0.00036170445184304965,0.0019130323051194666,0.07234089036860993,0.38260646102389334,0.00036170445184304965,0.0019130323051194666,0.0,True,True,True,coexistence
1231,Ld,0.0372759372031494,3.788906996483327,0.1412350592694859,on,16.0,ng_high_bt_low,1.0,0.001,hard_extinction,True,20,0.0003617044518430497,0.001913032305119467,0.07234089036860994,0.3826064610238934,0.0003617044518430497,0.001913032305119467,0.0,True,True,True,coexistence
1232,Ld,0.040949150623804234,3.788906996483327,0.15515252329858145,on,16.0,ng_low_bt_high,0.001,1.0,hard_extinction,True,20,0.0003617060014128587,0.0019130318930348322,0.07234120028257172,0.38260637860696645,0.0003617060014128586,0.0019130318930348322,0.0,True,True,True,coexistence
1233,Ld,0.040949150623804234,3.788906996483327,0.15515252329858145,on,16.0,ng_high_bt_low,1.0,0.001,hard_extinction,True,20,0.0003617060014128587,0.0019130318930348322,0.07234120028257172,0.38260637860696645,0.0003617060014128586,0.0019130318930348322,0.0,True,True,True,coexistence
1234,Ld,0.04498432668969444,3.788906996483327,0.17044143012667493,on,16.0,ng_low_bt_high,0.001,1.0,hard_extinction,True,20,0.00036170770348812123,0.0019130314403143682,0.07234154069762423,0.38260628806287367,0.0003617077034881212,0.0019130314403143682,4.440892098500626e-16,True,True,True,coexistence
1235,Ld,0.04498432668969444,3.788906996483327,0.17044143012667493,on,16.0,ng_high_bt_low,1.0,0.001,hard_extinction,True,20,0.00036170770348812123,0.0019130314403143682,0.07234154069762423,0.38260628806287367,0.0003617077034881212,0.0019130314403143682,4.440892098500626e-16,True,True,True,coexistence
1236,Ld,0.04941713361323833,3.788906996483327,0.1872369232933501,on,16.0,ng_low_bt_high,0.001,1.0,hard_extinction,True,20,0.00036170957305748806,0.0019130309429478535,0.07234191461149761,0.3826061885895707,0.00036170957305748806,0.0019130309429478535,0.0,True,True,True,coexistence
1237,Ld,0.04941713361323833,3.788906996483327,0.1872369232933501,on,16.0,ng_high_bt_low,1.0,0.001,hard_extinction,True,20,0.00036170957305748806,0.0019130309429478535,0.07234191461149761,0.3826061885895707,0.00036170957305748806,0.0019130309429478535,0.0,True,True,True,coexistence
1238,Ld,0.054286754393238594,3.788906996483327,0.2056874635369137,on,16.0,ng_low_bt_high,0.001,1.0,hard_extinction,True,20,0.00036171162657848665,0.0019130303965286214,0.07234232531569737,0.38260607930572427,0.00036171162657848687,0.0019130303965286214,4.440892098500626e-16,True,True,True,coexistence
1239,Ld,0.054286754393238594,3.788906996483327,0.2056874635369137,on,16.0,ng_high_bt_low,1.0,0.001,hard_extinction,True,20,0.00036171162657848665,0.0019130303965286214,0.07234232531569737,0.38260607930572427,0.00036171162657848687,0.0019130303965286214,4.440892098500626e-16,True,True,True,coexistence
1240,Ld,0.05963623316594643,3.788906996483327,0.22595614108636544,on,16.0,ng_low_bt_high,0.001,1.0,hard_extinction,True,20,0.0003617138821205857,0.0019130297962143058,0.07234277642411717,0.38260595924286117,0.00036171388212058583,0.0019130297962143058,4.440892098500626e-16,True,True,True,coexistence
1241,Ld,0.05963623316594643,3.788906996483327,0.22595614108636544,on,16.0,ng_high_bt_low,1.0,0.001,hard_extinction,True,20,0.0003617138821205857,0.0019130297962143058,0.07234277642411717,0.38260595924286117,0.00036171388212058583,0.0019130297962143058,4.440892098500626e-16,True,True,True,coexistence
1242,Ld,0.0655128556859551,3.788906996483327,0.24822211726811774,on,16.0,ng_low_bt_high,0.001,1.0,hard_extinction,True,20,0.0003617163595220252,0.0019130291366835567,0.07234327190440502,0.38260582733671133,0.0003617163595220251,0.0019130291366835567,0.0,True,True,True,coexistence
1243,Ld,0.0655128556859551,3.788906996483327,0.24822211726811774,on,16.0,ng_high_bt_low,1.0,0.001,hard_extinction,True,20,0.0003617163595220252,0.0019130291366835567,0.07234327190440502,0.38260582733671133,0.0003617163595220251,0.0019130291366835567,0.0,True,True,True,coexistence
1244,Ld,0.07196856730011521,3.788906996483327,0.2726822081702877,on,16.0,ng_low_bt_high,0.001,1.0,hard_extinction,True,20,0.0003617190805616852,0.0019130284120884502,0.07234381611233709,0.38260568241769005,0.00036171908056168545,0.0019130284120884502,4.440892098500626e-16,True,True,True,coexistence
1245,Ld,0.07196856730011521,3.788906996483327,0.2726822081702877,on,16.0,ng_high_bt_low,1.0,0.001,hard_extinction,True,20,0.0003617190805616852,0.0019130284120884502,0.07234381611233709,0.38260568241769005,0.00036171908056168545,0.0019130284120884502,4.440892098500626e-16,True,True,True,coexistence
1246,Ld,0.07906043210907697,3.788906996483327,0.2995526243630768,on,16.0,ng_low_bt_high,0.001,1.0,hard_extinction,True,20,0.00036172206914738777,0.001913027616002162,0.07234441382947755,0.3826055232004324,0.00036172206914738777,0.001913027616002162,0.0,True,True,True,coexistence
1247,Ld,0.07906043210907697,3.788906996483327,0.2995526243630768,on,16.0,ng_high_bt_low,1.0,0.001,hard_extinction,True,20,0.00036172206914738777,0.001913027616002162,0.07234441382947755,0.3826055232004324,0.00036172206914738777,0.001913027616002162,0.0,True,True,True,coexistence
1248,Ld,0.08685113737513525,3.788906996483327,0.3290708820531845,on,16.0,ng_low_bt_high,0.001,1.0,hard_extinction,True,20,0.0003617253515221537,0.0019130267413613445,0.07234507030443074,0.3826053482722689,0.0003617253515221537,0.0019130267413613445,0.0,True,True,True,coexistence
1249,Ld,0.08685113737513525,3.788906996483327,0.3290708820531845,on,16.0,ng_high_bt_low,1.0,0.001,hard_extinction,True,20,0.0003617253515221537,0.0019130267413613445,0.07234507030443074,0.3826053482722689,0.0003617253515221537,0.0019130267413613445,0.0,True,True,True,coexistence
1250,Ld,0.09540954763499938,3.788906996483327,0.3614979025655584,on,16.0,ng_low_bt_high,0.001,1.0,hard_extinction,True,20,0.00036172895649007396,0.0019130257804027598,0.07234579129801479,0.38260515608055196,0.00036172895649007396,0.0019130257804027598,0.0,True,True,True,coexistence
1251,Ld,0.09540954763499938,3.788906996483327,0.3614979025655584,on,16.0,ng_high_bt_low,1.0,0.001,hard_extinction,True,20,0.00036172895649007396,0.0019130257804027598,0.07234579129801479,0.38260515608055196,0.00036172895649007396,0.0019130257804027598,0.0,True,True,True,coexistence
1252,Ld,0.10481131341546858,3.788906996483327,0.39712031871047565,on,16.0,ng_low_bt_high,0.001,1.0,hard_extinction,True,20,0.0003617329156635455,0.0019130247245934698,0.0723465831327091,0.38260494491869396,0.0003617329156635455,0.0019130247245934698,0.0,True,True,True,coexistence
1253,Ld,0.10481131341546858,3.788906996483327,0.39712031871047565,on,16.0,ng_high_bt_low,1.0,0.001,hard_extinction,True,20,0.0003617329156635455,0.0019130247245934698,0.0723465831327091,0.38260494491869396,0.0003617329156635455,0.0019130247245934698,0.0,True,True,True,coexistence
1254,Ld,0.1151395399326447,3.788906996483327,0.4362530084226689,on,16.0,ng_low_bt_high,0.001,1.0,hard_extinction,True,20,0.0003617372637338553,0.0019130235645539815,0.07234745274677107,0.38260471291079634,0.00036173726373385533,0.0019130235645539817,0.0,True,True,True,coexistence
1255,Ld,0.1151395399326447,3.788906996483327,0.4362530084226689,on,16.0,ng_high_bt_low,1.0,0.001,hard_extinction,True,20,0.0003617372637338553,0.0019130235645539815,0.07234745274677107,0.38260471291079634,0.00036173726373385533,0.0019130235645539817,0.0,True,True,True,coexistence
1256,Ld,0.12648552168552957,3.788906996483327,0.47924187806814655,on,16.0,ng_low_bt_high,0.001,1.0,hard_extinction,True,20,0.00036174203876713704,0.0019130222899736624,0.0723484077534274,0.38260445799473247,0.000361742038767137,0.0019130222899736624,0.0,True,True,True,coexistence
1257,Ld,0.12648552168552957,3.788906996483327,0.47924187806814655,on,16.0,ng_high_bt_low,1.0,0.001,hard_extinction,True,20,0.00036174203876713704,0.0019130222899736624,0.0723484077534274,0.38260445799473247,0.000361742038767137,0.0019130222899736624,0.0,True,True,True,coexistence
1258,Ld,0.13894954943731375,3.788906996483327,0.526466920021244,on,16.0,ng_low_bt_high,0.001,1.0,hard_extinction,True,20,0.0003617472825280057,0.0019130208895175038,0.07234945650560115,0.38260417790350076,0.00036174728252800576,0.0019130208895175038,0.0,True,True,True,coexistence
1259,Ld,0.13894954943731375,3.788906996483327,0.526466920021244,on,16.0,ng_high_bt_low,1.0,0.001,hard_extinction,True,20,0.0003617472825280057,0.0019130208895175038,0.07234945650560115,0.38260417790350076,0.00036174728252800576,0.0019130208895175038,0.0,True,True,True,coexistence
1260,Ld,0.15264179671752334,3.788906996483327,0.5783455715388099,on,16.0,ng_low_bt_high,0.001,1.0,hard_extinction,True,20,0.0003617530408332367,0.0019130193507234054,0.07235060816664735,0.38260387014468106,0.0003617530408332367,0.0019130193507234054,0.0,True,True,True,coexistence
1261,Ld,0.15264179671752334,3.788906996483327,0.5783455715388099,on,16.0,ng_high_bt_low,1.0,0.001,hard_extinction,True,20,0.0003617530408332367,0.0019130193507234054,0.07235060816664735,0.38260387014468106,0.0003617530408332367,0.0019130193507234054,0.0,True,True,True,coexistence
1262,Ld,0.16768329368110074,3.788906996483327,0.635336404621691,on,16.0,ng_low_bt_high,0.001,1.0,hard_extinction,True,20,0.00036175936393813594,0.001913017659888969,0.07235187278762716,0.3826035319777938,0.0003617593639381358,0.001913017659888969,0.0,True,True,True,coexistence
1263,Ld,0.16768329368110074,3.788906996483327,0.635336404621691,on,16.0,ng_high_bt_low,1.0,0.001,hard_extinction,True,20,0.00036175936393813594,0.001913017659888969,0.07235187278762716,0.3826035319777938,0.0003617593639381358,0.001913017659888969,0.0,True,True,True,coexistence
1264,Ld,0.18420699693267154,3.788906996483327,0.6979431794793819,on,16.0,ng_low_bt_high,0.001,1.0,hard_extinction,True,20,0.00036176630695832553,0.0019130158019466602,0.07235326139166515,0.38260316038933206,0.00036176630695832575,0.0019130158019466602,0.0,True,True,True,coexistence
1265,Ld,0.18420699693267154,3.788906996483327,0.6979431794793819,on,16.0,ng_high_bt_low,1.0,0.001,hard_extinction,True,20,0.00036176630695832553,0.0019130158019466602,0.07235326139166515,0.38260316038933206,0.00036176630695832575,0.0019130158019466602,0.0,True,True,True,coexistence
1266,Ld,0.20235896477251566,3.788906996483327,0.7667192974277077,on,16.0,ng_low_bt_high,0.001,1.0,hard_extinction,True,20,0.00036177393032996575,0.0019130137603261238,0.07235478606599313,0.38260275206522476,0.00036177393032996565,0.0019130137603261238,0.0,True,True,True,coexistence
1267,Ld,0.20235896477251566,3.788906996483327,0.7667192974277077,on,16.0,ng_high_bt_low,1.0,0.001,hard_extinction,True,20,0.00036177393032996575,0.0019130137603261238,0.07235478606599313,0.38260275206522476,0.00036177393032996565,0.0019130137603261238,0.0,True,True,True,coexistence
1268,Ld,0.22229964825261944,3.788906996483327,0.8422726925801324,on,16.0,ng_low_bt_high,0.001,1.0,hard_extinction,True,20,0.0003617823003115018,0.0019130115168021942,0.07235646006230036,0.3826023033604388,0.0003617823003115018,0.0019130115168021942,0.0,True,True,True,coexistence
1269,Ld,0.22229964825261944,3.788906996483327,0.8422726925801324,on,16.0,ng_high_bt_low,1.0,0.001,hard_extinction,True,20,0.0003617823003115018,0.0019130115168021942,0.07235646006230036,0.3826023033604388,0.0003617823003115018,0.0019130115168021942,0.0,True,True,True,coexistence
1270,Ld,0.2442053094548651,3.788906996483327,0.9252712055719143,on,16.0,ng_low_bt_high,0.001,1.0,hard_extinction,True,20,0.00036179148953032885,0.0019130090513272168,0.07235829790606578,0.3826018102654434,0.0003617914895303289,0.0019130090513272168,0.0,True,True,True,coexistence
1271,Ld,0.2442053094548651,3.788906996483327,0.9252712055719143,on,16.0,ng_high_bt_low,1.0,0.001,hard_extinction,True,20,0.00036179148953032885,0.0019130090513272168,0.07235829790606578,0.3826018102654434,0.0003617914895303289,0.0019130090513272168,0.0,True,True,True,coexistence
1272,Ld,0.2682695795279725,3.788906996483327,1.0164484868171753,on,16.0,ng_low_bt_high,0.001,1.0,hard_extinction,True,20,0.00036180157757785515,0.0019130063418457339,0.07236031551557104,0.3826012683691467,0.0003618015775778552,0.0019130063418457334,4.440892098500626e-16,True,True,True,coexistence
1273,Ld,0.2682695795279725,3.788906996483327,1.0164484868171753,on,16.0,ng_high_bt_low,1.0,0.001,hard_extinction,True,20,0.0003618015775778552,0.0019130063418457334,0.07236031551557102,0.38260126836914676,0.00036180157757785515,0.0019130063418457339,4.440892098500626e-16,True,True,True,coexistence
1274,Ld,0.29470517025518095,3.788906996483327,1.1166104814796651,on,16.0,ng_low_bt_high,0.001,1.0,hard_extinction,True,20,0.0003618126516566474,0.0019130033640896516,0.07236253033132947,0.3826006728179303,0.00036181265165664736,0.0019130033640896516,0.0,True,True,True,coexistence
1275,Ld,0.29470517025518095,3.788906996483327,1.1166104814796651,on,16.0,ng_high_bt_low,1.0,0.001,hard_extinction,True,20,0.0003618126516566474,0.0019130033640896516,0.07236253033132947,0.3826006728179303,0.00036181265165664736,0.0019130033640896516,0.0,True,True,True,coexistence
1276,Ld,0.32374575428176433,3.788906996483327,1.2266425534799488,on,16.0,ng_low_bt_high,0.001,1.0,hard_extinction,True,20,0.0003618248072835147,0.0019130000913518833,0.07236496145670289,0.38260001827037665,0.00036182480728351446,0.0019130000913518833,0.0,True,True,True,coexistence
1277,Ld,0.32374575428176433,3.788906996483327,1.2266425534799488,on,16.0,ng_high_bt_low,1.0,0.001,hard_extinction,True,20,0.0003618248072835147,0.0019130000913518833,0.07236496145670289,0.38260001827037665,0.00036182480728351446,0.0019130000913518833,0.0,True,True,True,coexistence
1278,Ld,0.35564803062231287,3.788906996483327,1.3475173115103978,on,16.0,ng_low_bt_high,0.001,1.0,hard_extinction,True,20,0.0003618381490524678,0.0019129964942356723,0.07236762981049358,0.38259929884713445,0.00036183814905246787,0.0019129964942356723,0.0,True,True,True,coexistence
1279,Ld,0.35564803062231287,3.788906996483327,1.3475173115103978,on,16.0,ng_high_bt_low,1.0,0.001,hard_extinction,True,20,0.0003618381490524678,0.0019129964942356723,0.07236762981049358,0.38259929884713445,0.00036183814905246787,0.0019129964942356723,0.0,True,True,True,coexistence
1280,Ld,0.3906939937054615,3.788906996483327,1.480303206234636,on,16.0,ng_low_bt_high,0.001,1.0,hard_extinction,True,20,0.00036185279146159577,0.0019129925403771854,0.0723705582923192,0.382598508075437,0.000361852791461596,0.001912992540377185,0.0,True,True,True,coexistence
1281,Ld,0.3906939937054615,3.788906996483327,1.480303206234636,on,16.0,ng_high_bt_low,1.0,0.001,hard_extinction,True,20,0.00036185279146159577,0.0019129925403771854,0.0723705582923192,0.382598508075437,0.000361852791461596,0.001912992540377185,0.0,True,True,True,coexistence
1282,Ld,0.42919342601287763,3.788906996483327,1.6261739746648411,on,16.0,ng_low_bt_high,0.001,1.0,hard_extinction,True,20,0.00036186885980798024,0.0019129881941378748,0.07237377196159606,0.38259763882757497,0.0003618688598079803,0.0019129881941378748,0.0,True,True,True,coexistence
1283,Ld,0.42919342601287763,3.788906996483327,1.6261739746648411,on,16.0,ng_high_bt_low,1.0,0.001,hard_extinction,True,20,0.00036186885980798024,0.0019129881941378748,0.07237377196159606,0.38259763882757497,0.0003618688598079803,0.0019129881941378748,0.0,True,True,True,coexistence
1284,Ld,0.47148663634573923,3.788906996483327,1.7864190151987613,on,16.0,ng_low_bt_high,0.001,1.0,hard_extinction,True,20,0.0003618864911546811,0.0019129834162635085,0.07237729823093618,0.3825966832527017,0.0003618864911546809,0.0019129834162635085,0.0,True,True,True,coexistence
1285,Ld,0.47148663634573923,3.788906996483327,1.7864190151987613,on,16.0,ng_high_bt_low,1.0,0.001,hard_extinction,True,20,0.000361886491154681,0.001912983416263508,0.07237729823093621,0.38259668325270163,0.000361886491154681,0.001912983416263508,0.0,True,True,True,coexistence
1286,Ld,0.517947467923121,3.788906996483327,1.9624547850247365,on,16.0,ng_low_bt_high,0.001,1.0,hard_extinction,True,20,0.00036190583537377605,0.0019129781635053495,0.07238116707475521,0.3825956327010699,0.00036190583537377605,0.0019129781635053495,0.0,True,True,True,coexistence
1287,Ld,0.517947467923121,3.788906996483327,1.9624547850247365,on,16.0,ng_high_bt_low,1.0,0.001,hard_extinction,True,20,0.00036190583537377605,0.0019129781635053495,0.07238116707475521,0.3825956327010699,0.00036190583537377605,0.0019129781635053495,0.0,True,True,True,coexistence
1288,Ld,0.5689866029018296,3.788906996483327,2.1558373206400225,on,16.0,ng_low_bt_high,0.001,1.0,hard_extinction,True,20,0.0003619270562692472,0.0019129723881994409,0.07238541125384947,0.38259447763988824,0.00036192705626924735,0.001912972388199441,0.0,True,True,True,coexistence
1289,Ld,0.5689866029018296,3.788906996483327,2.1558373206400225,on,16.0,ng_high_bt_low,1.0,0.001,hard_extinction,True,20,0.0003619270562692474,0.001912972388199441,0.07238541125384947,0.3825944776398882,0.00036192705626924735,0.0019129723881994409,4.440892098500626e-16,True,True,True,coexistence
1290,Ld,0.6250551925273969,3.788906996483327,2.368275992155287,on,16.0,ng_low_bt_high,0.001,1.0,hard_extinction,True,20,0.00036195033278308434,0.0019129660377984342,0.07239006655661685,0.38259320755968684,0.0003619503327830843,0.0019129660377984342,4.440892098500626e-16,True,True,True,coexistence
1291,Ld,0.6250551925273969,3.788906996483327,2.368275992155287,on,16.0,ng_high_bt_low,1.0,0.001,hard_extinction,True,20,0.00036195033278308434,0.0019129660377984342,0.07239006655661685,0.38259320755968684,0.0003619503327830843,0.0019129660377984342,4.440892098500626e-16,True,True,True,coexistence
1292,Ld,0.6866488450042998,3.788906996483327,2.601648612963987,on,16.0,ng_low_bt_high,0.001,1.0,hard_extinction,True,20,0.00036197586028764315,0.0019129590543502384,0.07239517205752857,0.3825918108700477,0.0003619758602876429,0.0019129590543502384,4.440892098500626e-16,True,True,True,coexistence
1293,Ld,0.6866488450042998,3.788906996483327,2.601648612963987,on,16.0,ng_high_bt_low,1.0,0.001,hard_extinction,True,20,0.00036197586028764315,0.0019129590543502384,0.07239517205752857,0.3825918108700477,0.0003619758602876429,0.0019129590543502384,4.440892098500626e-16,True,True,True,coexistence
1294,Ld,0.7543120063354615,3.788906996483327,2.8580180383358056,on,16.0,ng_low_bt_high,0.001,1.0,hard_extinction,True,20,0.00036200385196649557,0.0019129513739167628,0.07240077039329913,0.38259027478335256,0.0003620038519664957,0.0019129513739167628,0.0,True,True,True,coexistence
1295,Ld,0.7543120063354615,3.788906996483327,2.8580180383358056,on,16.0,ng_high_bt_low,1.0,0.001,hard_extinction,True,20,0.00036200385196649557,0.0019129513739167628,0.07240077039329913,0.38259027478335256,0.0003620038519664957,0.0019129513739167628,0.0,True,True,True,coexistence
1296,Ld,0.8286427728546842,3.788906996483327,3.139650399654457,on,16.0,ng_low_bt_high,0.001,1.0,hard_extinction,True,20,0.0003620345402851343,0.0019129429259251165,0.07240690805702686,0.3825885851850233,0.0003620345402851343,0.0019129429259251165,0.0,True,True,True,coexistence
1297,Ld,0.8286427728546842,3.788906996483327,3.139650399654457,on,16.0,ng_high_bt_low,1.0,0.001,hard_extinction,True,20,0.0003620345402851343,0.0019129429259251165,0.07240690805702686,0.3825885851850233,0.0003620345402851343,0.0019129429259251165,0.0,True,True,True,coexistence
1298,Ld,0.9102981779915218,3.788906996483327,3.449035135478102,on,16.0,ng_low_bt_high,0.001,1.0,hard_extinction,True,20,0.00036206817855175574,0.0019129336324422228,0.07241363571035117,0.38258672648844444,0.00036206817855175585,0.0019129336324422222,4.440892098500626e-16,True,True,True,coexistence
1299,Ld,0.9102981779915218,3.788906996483327,3.449035135478102,on,16.0,ng_high_bt_low,1.0,0.001,hard_extinction,True,20,0.0003620681785517558,0.0019129336324422222,0.07241363571035116,0.38258672648844455,0.0003620681785517558,0.0019129336324422228,4.440892098500626e-16,True,True,True,coexistence
1300,Ld,0.9999999999999994,3.788906996483327,3.7889069964833246,on,16.0,ng_low_bt_high,0.001,1.0,hard_extinction,True,20,0.0003621050425667667,0.0019129234073631592,0.07242100851335333,0.38258468147263186,0.0003621050425667666,0.0019129234073631592,0.0,True,True,True,coexistence
1301,Ld,0.9999999999999994,3.788906996483327,3.7889069964833246,on,16.0,ng_high_bt_low,1.0,0.001,hard_extinction,True,20,0.0003621050425667667,0.0019129234073631592,0.07242100851335333,0.38258468147263186,0.0003621050425667666,0.0019129234073631592,0.0,True,True,True,coexistence
1302,Ld,1.0985411419875584,3.788906996483327,4.162270218801444,on,16.0,ng_low_bt_high,0.001,1.0,hard_extinction,True,20,0.00036214543235780166,0.0019129121555013355,0.07242908647156034,0.38258243110026696,0.00036214543235780166,0.0019129121555013348,0.0,True,True,True,coexistence
1303,Ld,1.0985411419875584,3.788906996483327,4.162270218801444,on,16.0,ng_high_bt_low,1.0,0.001,hard_extinction,True,20,0.00036214543235780166,0.0019129121555013355,0.07242908647156034,0.38258243110026696,0.00036214543235780166,0.0019129121555013348,0.0,True,True,True,coexistence
1304,Ld,1.2067926406393277,3.788906996483327,4.5724250794229375,on,16.0,ng_low_bt_high,0.001,1.0,hard_extinction,True,20,0.0003621896739945948,0.001912899771567474,0.07243793479891895,0.3825799543134948,0.0003621896739945948,0.001912899771567474,0.0,True,True,True,coexistence
1305,Ld,1.2067926406393277,3.788906996483327,4.5724250794229375,on,16.0,ng_high_bt_low,1.0,0.001,hard_extinction,True,20,0.0003621896739945948,0.001912899771567474,0.07243793479891895,0.3825799543134948,0.0003621896739945948,0.001912899771567474,0.0,True,True,True,coexistence
1306,Ld,1.325711365590108,3.788906996483327,5.022997068401826,on,16.0,ng_low_bt_high,0.001,1.0,hard_extinction,True,20,0.0003622381214752482,0.0019128861390220978,0.07244762429504964,0.38257722780441955,0.0003622381214752482,0.0019128861390220978,0.0,True,True,True,coexistence
1307,Ld,1.325711365590108,3.788906996483327,5.022997068401826,on,16.0,ng_high_bt_low,1.0,0.001,hard_extinction,True,20,0.0003622381214752482,0.0019128861390220978,0.07244762429504964,0.38257722780441955,0.0003622381214752482,0.0019128861390220978,0.0,True,True,True,coexistence
1308,Ld,1.456348477501243,3.788906996483327,5.5179689357223,on,16.0,ng_low_bt_high,0.001,1.0,hard_extinction,True,20,0.0003622911586718128,0.0019128711287840524,0.07245823173436251,0.3825742257568105,0.00036229115867181255,0.0019128711287840524,4.440892098500626e-16,True,True,True,coexistence
1309,Ld,1.456348477501243,3.788906996483327,5.5179689357223,on,16.0,ng_high_bt_low,1.0,0.001,hard_extinction,True,20,0.0003622911586718128,0.0019128711287840524,0.07245823173436251,0.3825742257568105,0.00036229115867181255,0.0019128711287840524,4.440892098500626e-16,True,True,True,coexistence
1310,Ld,1.5998587196060574,3.788906996483327,6.061715896100248,on,16.0,ng_low_bt_high,0.001,1.0,hard_extinction,True,20,0.00036234920131897173,0.001912854597775071,0.07246984026379438,0.3825709195550142,0.0003623492013189719,0.001912854597775071,0.0,True,True,True,coexistence
1311,Ld,1.5998587196060574,3.788906996483327,6.061715896100248,on,16.0,ng_high_bt_low,1.0,0.001,hard_extinction,True,20,0.00036234920131897173,0.001912854597775071,0.07246984026379438,0.3825709195550142,0.0003623492013189719,0.001912854597775071,0.0,True,True,True,coexistence
1312,Ld,1.7575106248547911,3.788906996483327,6.659044302906102,on,16.0,ng_low_bt_high,0.001,1.0,hard_extinction,True,20,0.00036241269902457726,0.0019128363872774183,0.07248253980491548,0.3825672774554836,0.0003624126990245774,0.0019128363872774178,4.440892098500626e-16,True,True,True,coexistence
1313,Ld,1.7575106248547911,3.788906996483327,6.659044302906102,on,16.0,ng_high_bt_low,1.0,0.001,hard_extinction,True,20,0.00036241269902457726,0.0019128363872774183,0.07248253980491548,0.3825672774554836,0.0003624126990245774,0.0019128363872774178,4.440892098500626e-16,True,True,True,coexistence
1314,Ld,1.9306977288832496,3.788906996483327,7.315234133060214,on,16.0,ng_low_bt_high,0.001,1.0,hard_extinction,True,20,0.0003624821372749343,0.0019128163210782295,0.07249642745498687,0.3825632642156459,0.00036248213727493433,0.0019128163210782295,0.0,True,True,True,coexistence
1315,Ld,1.9306977288832496,3.788906996483327,7.315234133060214,on,16.0,ng_high_bt_low,1.0,0.001,hard_extinction,True,20,0.0003624821372749343,0.0019128163210782295,0.07249642745498687,0.3825632642156459,0.00036248213727493433,0.0019128163210782295,0.0,True,True,True,coexistence
1316,Ld,2.1209508879201904,3.788906996483327,8.036085658438333,on,16.0,ng_low_bt_high,0.001,1.0,hard_extinction,True,20,0.00036255803940105405,0.0019127942033706187,0.0725116078802108,0.38255884067412377,0.000362558039401054,0.0019127942033706187,0.0,True,True,True,coexistence
1317,Ld,2.1209508879201904,3.788906996483327,8.036085658438333,on,16.0,ng_high_bt_low,1.0,0.001,hard_extinction,True,20,0.00036255803940105405,0.0019127942033706187,0.0725116078802108,0.38255884067412377,0.000362558039401054,0.0019127942033706187,0.0,True,True,True,coexistence
1318,Ld,2.329951810515372,3.788906996483327,8.827970716330688,on,16.0,ng_low_bt_high,0.001,1.0,hard_extinction,True,20,0.00036264096846421227,0.0019127698163771871,0.07252819369284245,0.38255396327543745,0.00036264096846421227,0.0019127698163771871,0.0,True,True,True,coexistence
1319,Ld,2.329951810515372,3.788906996483327,8.827970716330688,on,16.0,ng_high_bt_low,1.0,0.001,hard_extinction,True,20,0.00036264096846421227,0.0019127698163771871,0.07252819369284245,0.38255396327543745,0.00036264096846421227,0.0019127698163771871,0.0,True,True,True,coexistence
1320,Ld,2.5595479226995357,3.788906996483327,9.697889032150636,on,16.0,ng_low_bt_high,0.001,1.0,hard_extinction,True,20,0.0003627315290105718,0.0019127429176572614,0.07254630580211438,0.38254858353145227,0.00036273152901057193,0.0019127429176572614,0.0,True,True,True,coexistence
1321,Ld,2.5595479226995357,3.788906996483327,9.697889032150636,on,16.0,ng_high_bt_low,1.0,0.001,hard_extinction,True,20,0.0003627315290105718,0.0019127429176572614,0.07254630580211438,0.38254858353145227,0.00036273152901057193,0.0019127429176572614,0.0,True,True,True,coexistence
1322,Ld,2.811768697974228,3.788906996483327,10.653530092247367,on,16.0,ng_low_bt_high,0.001,1.0,hard_extinction,True,20,0.0003628303686349246,0.0019127132370538758,0.07256607372698493,0.38254264741077515,0.00036283036863492464,0.0019127132370538758,0.0,True,True,True,coexistence
1323,Ld,2.811768697974228,3.788906996483327,10.653530092247367,on,16.0,ng_high_bt_low,1.0,0.001,hard_extinction,True,20,0.0003628303686349246,0.0019127132370538758,0.07256607372698493,0.38254264741077515,0.00036283036863492464,0.0019127132370538758,0.0,True,True,True,coexistence
1324,Ld,3.0888435964774787,3.788906996483327,11.703341113736242,on,16.0,ng_low_bt_high,0.001,1.0,hard_extinction,True,20,0.00036293817928308104,0.0019126804732315763,0.0725876358566162,0.3825360946463153,0.00036293817928308104,0.0019126804732315763,0.0,True,True,True,coexistence
1325,Ld,3.0888435964774787,3.788906996483327,11.703341113736242,on,16.0,ng_high_bt_low,1.0,0.001,hard_extinction,True,20,0.00036293817928308104,0.0019126804732315763,0.0725876358566162,0.3825360946463153,0.00036293817928308104,0.0019126804732315763,0.0,True,True,True,coexistence
1326,Ld,3.3932217718953264,3.788906996483327,12.856601712153754,on,16.0,ng_low_bt_high,0.001,1.0,hard_extinction,True,20,0.00036305569821134566,0.001912644289750529,0.07261113964226908,0.38252885795010577,0.0003630556982113454,0.001912644289750529,4.440892098500626e-16,True,True,True,coexistence
1327,Ld,3.3932217718953264,3.788906996483327,12.856601712153754,on,16.0,ng_high_bt_low,1.0,0.001,hard_extinction,True,20,0.00036305569821134566,0.001912644289750529,0.07261113964226908,0.38252885795010577,0.0003630556982113454,0.001912644289750529,4.440892098500626e-16,True,True,True,coexistence
1328,Ld,3.727593720314938,3.788906996483327,14.123505926948582,on,16.0,ng_low_bt_high,0.001,1.0,hard_extinction,True,20,0.0003631837085100231,0.0019126043106172197,0.07263674170200464,0.38252086212344394,0.0003631837085100232,0.0019126043106172197,4.440892098500626e-16,True,True,True,coexistence
1329,Ld,3.727593720314938,3.788906996483327,14.123505926948582,on,16.0,ng_high_bt_low,1.0,0.001,hard_extinction,True,20,0.0003631837085100231,0.0019126043106172197,0.07263674170200464,0.38252086212344394,0.0003631837085100232,0.0019126043106172197,4.440892098500626e-16,True,True,True,coexistence
1330,Ld,4.094915062380423,3.788906996483327,15.515252329858143,on,16.0,ng_low_bt_high,0.001,1.0,hard_extinction,True,20,0.0003633230390865869,0.0019125601152475968,0.07266460781731747,0.3825120230495194,0.00036332303908658735,0.001912560115247597,4.440892098500626e-16,True,True,True,coexistence
1331,Ld,4.094915062380423,3.788906996483327,15.515252329858143,on,16.0,ng_high_bt_low,1.0,0.001,hard_extinction,True,20,0.0003633230390865872,0.001912560115247597,0.07266460781731739,0.38251202304951937,0.0003633230390865869,0.0019125601152475968,4.440892098500626e-16,True,True,True,coexistence
1332,Ld,4.498432668969444,3.788906996483327,17.04414301266749,on,16.0,ng_low_bt_high,0.001,1.0,hard_extinction,True,20,0.0003634745639936397,0.0019125112327751433,0.07269491279872793,0.3825022465550287,0.0003634745639936397,0.0019125112327751433,0.0,True,True,True,coexistence
1333,Ld,4.498432668969444,3.788906996483327,17.04414301266749,on,16.0,ng_high_bt_low,1.0,0.001,hard_extinction,True,20,0.0003634745639936397,0.0019125112327751433,0.07269491279872793,0.3825022465550287,0.0003634745639936397,0.0019125112327751433,0.0,True,True,True,coexistence
1334,Ld,4.941713361323833,3.788906996483327,18.72369232933501,on,16.0,ng_low_bt_high,0.001,1.0,hard_extinction,True,20,0.0003636392009778476,0.0019124571356352604,0.0727278401955695,0.3824914271270521,0.00036363920097784745,0.0019124571356352604,4.440892098500626e-16,True,True,True,coexistence
1335,Ld,4.941713361323833,3.788906996483327,18.72369232933501,on,16.0,ng_high_bt_low,1.0,0.001,hard_extinction,True,20,0.0003636392009778476,0.0019124571356352604,0.0727278401955695,0.3824914271270521,0.00036363920097784745,0.0019124571356352604,4.440892098500626e-16,True,True,True,coexistence
1336,Ld,5.428675439323859,3.788906996483327,20.568746353691367,on,16.0,ng_low_bt_high,0.001,1.0,hard_extinction,True,20,0.0003638179091200726,0.0019123972323604507,0.0727635818240145,0.38247944647209026,0.0003638179091200725,0.0019123972323604513,4.440892098500626e-16,True,True,True,coexistence
1337,Ld,5.428675439323859,3.788906996483327,20.568746353691367,on,16.0,ng_high_bt_low,1.0,0.001,hard_extinction,True,20,0.0003638179091200726,0.0019123972323604507,0.0727635818240145,0.38247944647209026,0.0003638179091200725,0.0019123972323604513,4.440892098500626e-16,True,True,True,coexistence
1338,Ld,5.963623316594643,3.788906996483327,22.595614108636546,on,16.0,ng_low_bt_high,0.001,1.0,hard_extinction,True,20,0.00036401168543463605,0.0019123308595288813,0.07280233708692717,0.38246617190577625,0.00036401168543463583,0.0019123308595288813,0.0,True,True,True,coexistence
1339,Ld,5.963623316594643,3.788906996483327,22.595614108636546,on,16.0,ng_high_bt_low,1.0,0.001,hard_extinction,True,20,0.00036401168543463605,0.0019123308595288813,0.07280233708692717,0.38246617190577625,0.00036401168543463583,0.0019123308595288813,0.0,True,True,True,coexistence
1340,Ld,6.551285568595502,3.788906996483327,24.822211726811748,on,16.0,ng_low_bt_high,0.001,1.0,hard_extinction,True,20,0.0003642215602993871,0.0019122572728261682,0.0728443120598774,0.38245145456523366,0.00036422156029938704,0.0019122572728261682,0.0,True,True,True,coexistence
1341,Ld,6.551285568595502,3.788906996483327,24.822211726811748,on,16.0,ng_high_bt_low,1.0,0.001,hard_extinction,True,20,0.0003642215602993869,0.0019122572728261676,0.07284431205987738,0.3824514545652335,0.0003642215602993869,0.0019122572728261676,0.0,True,True,True,coexistence
1342,Ld,7.196856730011514,3.788906996483327,27.26822081702874,on,16.0,ng_low_bt_high,0.001,1.0,hard_extinction,True,20,0.00036444859159860286,0.0019121756372096365,0.07288971831972062,0.3824351274419275,0.0003644485915986031,0.0019121756372096374,4.440892098500626e-16,True,True,True,coexistence
1343,Ld,7.196856730011514,3.788906996483327,27.26822081702874,on,16.0,ng_high_bt_low,1.0,0.001,hard_extinction,True,20,0.00036444859159860286,0.0019121756372096365,0.07288971831972062,0.3824351274419275,0.0003644485915986031,0.0019121756372096374,4.440892098500626e-16,True,True,True,coexistence
1344,Ld,7.9060432109076935,3.788906996483327,29.955262436307667,on,16.0,ng_low_bt_high,0.001,1.0,hard_extinction,True,20,0.00036469385747998564,0.0019120850162106498,0.07293877149599715,0.38241700324212996,0.00036469385747998575,0.0019120850162106498,0.0,True,True,True,coexistence
1345,Ld,7.9060432109076935,3.788906996483327,29.955262436307667,on,16.0,ng_high_bt_low,1.0,0.001,hard_extinction,True,20,0.00036469385747998564,0.0019120850162106498,0.07293877149599715,0.38241700324212996,0.00036469385747998575,0.0019120850162106498,0.0,True,True,True,coexistence
1346,Ld,8.68511373751352,3.788906996483327,32.90708820531843,on,16.0,ng_low_bt_high,0.001,1.0,hard_extinction,True,20,0.0003649584476555525,0.0019119843604810457,0.07299168953111053,0.38239687209620926,0.0003649584476555526,0.0019119843604810463,0.0,True,True,True,coexistence
1347,Ld,8.68511373751352,3.788906996483327,32.90708820531843,on,16.0,ng_high_bt_low,1.0,0.001,hard_extinction,True,20,0.00036495844765555246,0.0019119843604810463,0.07299168953111047,0.38239687209620915,0.00036495844765555235,0.0019119843604810457,0.0,True,True,True,coexistence
1348,Ld,9.540954763499935,3.788906996483327,36.149790256555825,on,16.0,ng_low_bt_high,0.001,1.0,hard_extinction,True,20,0.00036524345321436487,0.0019118724957920355,0.073048690642873,0.3823744991584071,0.00036524345321436503,0.0019118724957920355,0.0,True,True,True,coexistence
1349,Ld,9.540954763499935,3.788906996483327,36.149790256555825,on,16.0,ng_high_bt_low,1.0,0.001,hard_extinction,True,20,0.00036524345321436487,0.0019118724957920355,0.073048690642873,0.3823744991584071,0.00036524345321436503,0.0019118724957920355,0.0,True,True,True,coexistence
1350,Ld,10.481131341546853,3.788906996483327,39.71203187104755,on,16.0,ng_low_bt_high,0.001,1.0,hard_extinction,True,20,0.00036554995496122073,0.0019117481108369137,0.07310999099224415,0.3823496221673827,0.00036554995496122073,0.0019117481108369137,0.0,True,True,True,coexistence
1351,Ld,10.481131341546853,3.788906996483327,39.71203187104755,on,16.0,ng_high_bt_low,1.0,0.001,hard_extinction,True,20,0.00036554995496122073,0.0019117481108369137,0.07310999099224415,0.3823496221673827,0.00036554995496122073,0.0019117481108369137,0.0,True,True,True,coexistence
1352,Ld,11.513953993264469,3.788906996483327,43.62530084226689,on,16.0,ng_low_bt_high,0.001,1.0,hard_extinction,True,20,0.000365879010345623,0.0019116097453852326,0.07317580206912461,0.38232194907704653,0.000365879010345623,0.0019116097453852326,0.0,True,True,True,coexistence
1353,Ld,11.513953993264469,3.788906996483327,43.62530084226689,on,16.0,ng_high_bt_low,1.0,0.001,hard_extinction,True,20,0.000365879010345623,0.0019116097453852326,0.07317580206912461,0.38232194907704653,0.000365879010345623,0.0019116097453852326,0.0,True,True,True,coexistence
1354,Ld,12.648552168552959,3.788906996483327,47.924187806814665,on,16.0,ng_low_bt_high,0.001,1.0,hard_extinction,True,20,0.00036623163909261776,0.0019114557795950325,0.07324632781852355,0.3822911559190065,0.00036623163909261776,0.0019114557795950325,0.0,True,True,True,coexistence
1355,Ld,12.648552168552959,3.788906996483327,47.924187806814665,on,16.0,ng_high_bt_low,1.0,0.001,hard_extinction,True,20,0.00036623163909261776,0.0019114557795950325,0.07324632781852355,0.3822911559190065,0.00036623163909261776,0.0019114557795950325,0.0,True,True,True,coexistence
1356,Ld,13.894954943731374,3.788906996483327,52.6466920021244,on,16.0,ng_low_bt_high,0.001,1.0,hard_extinction,True,20,0.0003666088076798674,0.0019112844256213663,0.07332176153597347,0.38225688512427325,0.00036660880767986736,0.0019112844256213663,0.0,True,True,True,coexistence
1357,Ld,13.894954943731374,3.788906996483327,52.6466920021244,on,16.0,ng_high_bt_low,1.0,0.001,hard_extinction,True,20,0.0003666088076798674,0.0019112844256213663,0.07332176153597347,0.38225688512427325,0.00036660880767986736,0.0019112844256213663,0.0,True,True,True,coexistence
1358,Ld,15.264179671752318,3.788906996483327,57.83455715388093,on,16.0,ng_low_bt_high,0.001,1.0,hard_extinction,True,20,0.00036701141280842957,0.0019110937230682112,0.07340228256168592,0.38221874461364225,0.00036701141280842957,0.0019110937230682112,0.0,True,True,True,coexistence
1359,Ld,15.264179671752318,3.788906996483327,57.83455715388093,on,16.0,ng_high_bt_low,1.0,0.001,hard_extinction,True,20,0.00036701141280842973,0.0019110937230682101,0.07340228256168592,0.382218744613642,0.00036701141280842957,0.0019110937230682101,0.0,True,True,True,coexistence
1360,Ld,16.768329368110066,3.788906996483327,63.533640462169075,on,16.0,ng_low_bt_high,0.001,1.0,hard_extinction,True,20,0.0003674402639688466,0.0019108815403079723,0.07348805279376928,0.38217630806159447,0.0003674402639688464,0.0019108815403079723,0.0,True,True,True,coexistence
1361,Ld,16.768329368110066,3.788906996483327,63.533640462169075,on,16.0,ng_high_bt_low,1.0,0.001,hard_extinction,True,20,0.0003674402639688466,0.0019108815403079723,0.07348805279376928,0.38217630806159447,0.0003674402639688464,0.0019108815403079723,0.0,True,True,True,coexistence
1362,Ld,18.420699693267146,3.788906996483327,69.79431794793817,on,16.0,ng_low_bt_high,0.001,1.0,hard_extinction,True,20,0.0003678960650900268,0.001910645584214139,0.07357921301800537,0.3821291168428278,0.00036789606509002684,0.001910645584214139,0.0,True,True,True,coexistence
1363,Ld,18.420699693267146,3.788906996483327,69.79431794793817,on,16.0,ng_high_bt_low,1.0,0.001,hard_extinction,True,20,0.0003678960650900268,0.001910645584214139,0.07357921301800537,0.3821291168428278,0.00036789606509002684,0.001910645584214139,0.0,True,True,True,coexistence
1364,Ld,20.235896477251554,3.788906996483327,76.67192974277071,on,16.0,ng_low_bt_high,0.001,1.0,hard_extinction,True,20,0.0003683793950617188,0.0019103834213598891,0.07367587901234376,0.38207668427197783,0.0003683793950617188,0.0019103834213598891,0.0,True,True,True,coexistence
1365,Ld,20.235896477251554,3.788906996483327,76.67192974277071,on,16.0,ng_high_bt_low,1.0,0.001,hard_extinction,True,20,0.0003683793950617188,0.0019103834213598891,0.07367587901234376,0.38207668427197783,0.0003683793950617188,0.0019103834213598891,0.0,True,True,True,coexistence
1366,Ld,22.229964825261934,3.788906996483327,84.2272692580132,on,16.0,ng_low_bt_high,0.001,1.0,hard_extinction,True,20,0.0003688906866428058,0.001910092514133145,0.07377813732856116,0.382018502826629,0.0003688906866428058,0.001910092514133145,0.0,True,True,True,coexistence
1367,Ld,22.229964825261934,3.788906996483327,84.2272692580132,on,16.0,ng_high_bt_low,1.0,0.001,hard_extinction,True,20,0.0003688906866428058,0.001910092514133145,0.07377813732856116,0.382018502826629,0.0003688906866428058,0.001910092514133145,0.0,True,True,True,coexistence
1368,Ld,24.420530945486497,3.788906996483327,92.52712055719138,on,16.0,ng_low_bt_high,0.001,1.0,hard_extinction,True,20,0.0003694302029367173,0.0019097702753566794,0.07388604058734347,0.3819540550713359,0.0003694302029367173,0.0019097702753566794,0.0,True,True,True,coexistence
1369,Ld,24.420530945486497,3.788906996483327,92.52712055719138,on,16.0,ng_high_bt_low,1.0,0.001,hard_extinction,True,20,0.0003694302029367173,0.0019097702753566794,0.07388604058734347,0.3819540550713359,0.0003694302029367173,0.0019097702753566794,0.0,True,True,True,coexistence
1370,Ld,26.826957952797247,3.788906996483327,101.64484868171752,on,16.0,ng_low_bt_high,0.001,1.0,hard_extinction,True,20,0.00036999801030377424,0.0019094141446819079,0.07399960206075486,0.38188282893638165,0.0003699980103037743,0.0019094141446819083,0.0,True,True,True,coexistence
1371,Ld,26.826957952797247,3.788906996483327,101.64484868171752,on,16.0,ng_high_bt_low,1.0,0.001,hard_extinction,True,20,0.00036999801030377424,0.0019094141446819079,0.07399960206075486,0.38188282893638165,0.0003699980103037743,0.0019094141446819083,0.0,True,True,True,coexistence
1372,Ld,29.4705170255181,3.788906996483327,111.66104814796653,on,16.0,ng_low_bt_high,0.001,1.0,hard_extinction,True,20,0.0003705939464149053,0.0019090216890104788,0.07411878928298105,0.3818043378020958,0.0003705939464149052,0.0019090216890104788,0.0,True,True,True,coexistence
1373,Ld,29.4705170255181,3.788906996483327,111.66104814796653,on,16.0,ng_high_bt_low,1.0,0.001,hard_extinction,True,20,0.0003705939464149052,0.0019090216890104777,0.07411878928298105,0.38180433780209555,0.0003705939464149052,0.0019090216890104777,0.0,True,True,True,coexistence
1374,Ld,32.374575428176435,3.788906996483327,122.6642553479949,on,16.0,ng_low_bt_high,0.001,1.0,hard_extinction,True,20,0.0003712175823076359,0.0019085907272654737,0.07424351646152717,0.3817181454530947,0.0003712175823076359,0.0019085907272654735,0.0,True,True,True,coexistence
1375,Ld,32.374575428176435,3.788906996483327,122.6642553479949,on,16.0,ng_high_bt_low,1.0,0.001,hard_extinction,True,20,0.00037121758230763627,0.001908590727265473,0.07424351646152726,0.3817181454530946,0.00037121758230763627,0.001908590727265473,0.0,True,True,True,coexistence
1376,Ld,35.56480306223125,3.788906996483327,134.75173115103962,on,16.0,ng_low_bt_high,0.001,1.0,hard_extinction,True,20,0.0003718681779813047,0.0019081194768506868,0.07437363559626094,0.38162389537013736,0.0003718681779813047,0.0019081194768506868,0.0,True,True,True,coexistence
1377,Ld,35.56480306223125,3.788906996483327,134.75173115103962,on,16.0,ng_high_bt_low,1.0,0.001,hard_extinction,True,20,0.0003718681779813047,0.0019081194768506868,0.07437363559626094,0.38162389537013736,0.0003718681779813047,0.0019081194768506868,0.0,True,True,True,coexistence
1378,Ld,39.06939937054613,3.788906996483327,148.03032062346352,on,16.0,ng_low_bt_high,0.001,1.0,hard_extinction,True,20,0.00037254463241648196,0.0019076067151764533,0.07450892648329639,0.38152134303529067,0.00037254463241648196,0.0019076067151764533,0.0,True,True,True,coexistence
1379,Ld,39.06939937054613,3.788906996483327,148.03032062346352,on,16.0,ng_high_bt_low,1.0,0.001,hard_extinction,True,20,0.00037254463241648196,0.0019076067151764533,0.07450892648329639,0.38152134303529067,0.00037254463241648196,0.0019076067151764533,0.0,True,True,True,coexistence
1380,Ld,42.91934260128774,3.788906996483327,162.61739746648402,on,16.0,ng_low_bt_high,0.001,1.0,hard_extinction,True,20,0.00037324543093447405,0.001907051945090839,0.07464908618689481,0.3814103890181678,0.00037324543093447405,0.001907051945090839,0.0,True,True,True,coexistence
1381,Ld,42.91934260128774,3.788906996483327,162.61739746648402,on,16.0,ng_high_bt_low,1.0,0.001,hard_extinction,True,20,0.00037324543093447405,0.001907051945090839,0.07464908618689481,0.3814103890181678,0.00037324543093447405,0.001907051945090839,0.0,True,True,True,coexistence
1382,Ld,47.1486636345739,3.788906996483327,178.64190151987606,on,16.0,ng_low_bt_high,0.001,1.0,hard_extinction,True,20,0.0003739685952919564,0.0019064555487224904,0.07479371905839127,0.3812911097444981,0.0003739685952919564,0.0019064555487224904,0.0,True,True,True,coexistence
1383,Ld,47.1486636345739,3.788906996483327,178.64190151987606,on,16.0,ng_high_bt_low,1.0,0.001,hard_extinction,True,20,0.0003739685952919564,0.0019064555487224904,0.07479371905839127,0.3812911097444981,0.0003739685952919564,0.0019064555487224904,0.0,True,True,True,coexistence
1384,Ld,51.794746792312075,3.788906996483327,196.24547850247356,on,16.0,ng_low_bt_high,0.001,1.0,hard_extinction,True,20,0.00037471164429885815,0.0019058189112370048,0.07494232885977163,0.38116378224740094,0.00037471164429885815,0.0019058189112370048,0.0,True,True,True,coexistence
1385,Ld,51.794746792312075,3.788906996483327,196.24547850247356,on,16.0,ng_high_bt_low,1.0,0.001,hard_extinction,True,20,0.00037471164429885815,0.0019058189112370048,0.07494232885977163,0.38116378224740094,0.00037471164429885815,0.0019058189112370048,0.0,True,True,True,coexistence
1386,Ld,56.89866029018293,3.788906996483327,215.58373206400216,on,16.0,ng_low_bt_high,0.001,1.0,hard_extinction,True,20,0.0003754715742796657,0.0019051444955462537,0.0750943148559331,0.38102889910925064,0.0003754715742796655,0.0019051444955462532,4.440892098500626e-16,True,True,True,coexistence
1387,Ld,56.89866029018293,3.788906996483327,215.58373206400216,on,16.0,ng_high_bt_low,1.0,0.001,hard_extinction,True,20,0.0003754715742796655,0.0019051444955462532,0.07509431485593314,0.38102889910925075,0.0003754715742796657,0.0019051444955462537,4.440892098500626e-16,True,True,True,coexistence
1388,Ld,62.505519252739695,3.788906996483327,236.82759921552872,on,16.0,ng_low_bt_high,0.001,1.0,hard_extinction,True,20,0.0003762448685636491,0.0019044358519975596,0.07524897371272982,0.3808871703995119,0.0003762448685636491,0.0019044358519975596,0.0,True,True,True,coexistence
1389,Ld,62.505519252739695,3.788906996483327,236.82759921552872,on,16.0,ng_high_bt_low,1.0,0.001,hard_extinction,True,20,0.0003762448685636491,0.0019044358519975596,0.07524897371272982,0.3808871703995119,0.0003762448685636491,0.0019044358519975596,0.0,True,True,True,coexistence
1390,Ld,68.66488450042998,3.788906996483327,260.16486129639867,on,16.0,ng_low_bt_high,0.001,1.0,hard_extinction,True,20,0.00037702754287537247,0.0019036975536621567,0.0754055085750745,0.38073951073243134,0.00037702754287537247,0.0019036975536621567,0.0,True,True,True,coexistence
1391,Ld,68.66488450042998,3.788906996483327,260.16486129639867,on,16.0,ng_high_bt_low,1.0,0.001,hard_extinction,True,20,0.00037702754287537247,0.0019036975536621567,0.0754055085750745,0.38073951073243134,0.00037702754287537247,0.0019036975536621567,0.0,True,True,True,coexistence
1392,Ld,75.43120063354615,3.788906996483327,285.8018038335806,on,16.0,ng_low_bt_high,0.001,1.0,hard_extinction,True,20,0.000377815229088104,0.0019029350571627055,0.07556304581762083,0.3805870114325411,0.00037781522908810416,0.0019029350571627055,4.440892098500626e-16,True,True,True,coexistence
1393,Ld,75.43120063354615,3.788906996483327,285.8018038335806,on,16.0,ng_high_bt_low,1.0,0.001,hard_extinction,True,20,0.000377815229088104,0.0019029350571627055,0.07556304581762083,0.3805870114325411,0.00037781522908810416,0.0019029350571627055,4.440892098500626e-16,True,True,True,coexistence
1394,Ld,82.86427728546842,3.788906996483327,313.9650399654457,on,16.0,ng_low_bt_high,0.001,1.0,hard_extinction,True,20,0.00037860329409935715,0.001902154499206806,0.07572065881987149,0.38043089984136136,0.0003786032940993574,0.0019021544992068068,4.440892098500626e-16,True,True,True,coexistence
1395,Ld,82.86427728546842,3.788906996483327,313.9650399654457,on,16.0,ng_high_bt_low,1.0,0.001,hard_extinction,True,20,0.00037860329409935737,0.0019021544992068068,0.07572065881987143,0.3804308998413612,0.00037860329409935715,0.001902154499206806,4.440892098500626e-16,True,True,True,coexistence
1396,Ld,91.02981779915208,3.788906996483327,344.90351354780984,on,16.0,ng_low_bt_high,0.001,1.0,hard_extinction,True,20,0.00037938698491908325,0.0019013624478550276,0.07587739698381665,0.3802724895710055,0.00037938698491908325,0.0019013624478550276,0.0,True,True,True,coexistence
1397,Ld,91.02981779915208,3.788906996483327,344.90351354780984,on,16.0,ng_high_bt_low,1.0,0.001,hard_extinction,True,20,0.00037938698491908325,0.0019013624478550276,0.07587739698381665,0.3802724895710055,0.00037938698491908325,0.0019013624478550276,0.0,True,True,True,coexistence
1398,Ld,100.0,3.788906996483327,378.89069964833266,on,16.0,ng_low_bt_high,0.001,1.0,hard_extinction,True,20,0.0003801615868438539,0.0019005656330639146,0.0760323173687708,0.3801131266127829,0.00038016158684385396,0.0019005656330639146,0.0,True,True,True,coexistence
1399,Ld,100.0,3.788906996483327,378.89069964833266,on,16.0,ng_high_bt_low,1.0,0.001,hard_extinction,True,20,0.0003801615868438539,0.0019005656330639146,0.0760323173687708,0.3801131266127829,0.00038016158684385396,0.0019005656330639146,0.0,True,True,True,coexistence
1400,Lsp,0.0,3.8179173418705266,0.0,on,18.0,ng_low_bt_high,0.001,1.0,hard_extinction,True,20,0.0004042534111941855,0.0019130364855773315,0.08085068223883707,0.3826072971154663,0.00040425341119418534,0.0019130364855773315,0.0,True,True,True,coexistence
1401,Lsp,0.0,3.8179173418705266,0.0,on,18.0,ng_high_bt_low,1.0,0.001,hard_extinction,True,20,0.0004042534111941855,0.0019130364855773315,0.08085068223883707,0.3826072971154663,0.00040425341119418534,0.0019130364855773315,0.0,True,True,True,coexistence
1402,Lsp,0.01,3.8179173418705266,0.03817917341870527,on,18.0,ng_low_bt_high,0.001,1.0,hard_extinction,True,20,0.00040425449112664705,0.0019130360633046425,0.08085089822532941,0.3826072126609285,0.00040425449112664705,0.0019130360633046425,0.0,True,True,True,coexistence
1403,Lsp,0.01,3.8179173418705266,0.03817917341870527,on,18.0,ng_high_bt_low,1.0,0.001,hard_extinction,True,20,0.00040425449112664705,0.0019130360633046425,0.08085089822532941,0.3826072126609285,0.00040425449112664705,0.0019130360633046425,0.0,True,True,True,coexistence
1404,Lsp,0.010985411419875584,3.8179173418705266,0.041941392767525516,on,18.0,ng_low_bt_high,0.001,1.0,hard_extinction,True,20,0.00040425459752964745,0.0019130360217006835,0.08085091950592947,0.3826072043401367,0.00040425459752964734,0.0019130360217006835,0.0,True,True,True,coexistence
1405,Lsp,0.010985411419875584,3.8179173418705266,0.041941392767525516,on,18.0,ng_high_bt_low,1.0,0.001,hard_extinction,True,20,0.00040425459752964745,0.0019130360217006835,0.08085091950592947,0.3826072043401367,0.00040425459752964734,0.0019130360217006835,0.0,True,True,True,coexistence
1406,Lsp,0.012067926406393288,3.8179173418705266,0.0460743455073862,on,18.0,ng_low_bt_high,0.001,1.0,hard_extinction,True,20,0.0004042547144146657,0.0019130359759985307,0.08085094288293306,0.382607195199706,0.0004042547144146653,0.0019130359759985298,8.881784197001252e-16,True,True,True,coexistence
1407,Lsp,0.012067926406393288,3.8179173418705266,0.0460743455073862,on,18.0,ng_high_bt_low,1.0,0.001,hard_extinction,True,20,0.0004042547144146655,0.0019130359759985298,0.08085094288293317,0.38260719519970615,0.0004042547144146658,0.0019130359759985307,4.440892098500626e-16,True,True,True,coexistence
1408,Lsp,0.013257113655901088,3.8179173418705266,0.05061456413001334,on,18.0,ng_low_bt_high,0.001,1.0,hard_extinction,True,20,0.0004042548428139852,0.0019130359257946317,0.08085096856279703,0.38260718515892633,0.00040425484281398516,0.0019130359257946317,0.0,True,True,True,coexistence
1409,Lsp,0.013257113655901088,3.8179173418705266,0.05061456413001334,on,18.0,ng_high_bt_low,1.0,0.001,hard_extinction,True,20,0.0004042548428139852,0.0019130359257946317,0.08085096856279703,0.38260718515892633,0.00040425484281398516,0.0019130359257946317,0.0,True,True,True,coexistence
1410,Lsp,0.014563484775012436,3.8179173418705266,0.055602181080587364,on,18.0,ng_low_bt_high,0.001,1.0,hard_extinction,True,20,0.0004042549838614742,0.0019130358706457803,0.08085099677229489,0.38260717412915607,0.00040425498386147444,0.0019130358706457803,0.0,True,True,True,coexistence
1411,Lsp,0.014563484775012436,3.8179173418705266,0.055602181080587364,on,18.0,ng_high_bt_low,1.0,0.001,hard_extinction,True,20,0.0004042549838614742,0.0019130358706457803,0.08085099677229489,0.38260717412915607,0.00040425498386147444,0.0019130358706457803,0.0,True,True,True,coexistence
1412,Lsp,0.015998587196060583,3.8179173418705266,0.06108128350126746,on,18.0,ng_low_bt_high,0.001,1.0,hard_extinction,True,20,0.0004042551388025837,0.0019130358100651228,0.08085102776051674,0.3826071620130246,0.0004042551388025837,0.0019130358100651228,0.0,True,True,True,coexistence
1413,Lsp,0.015998587196060583,3.8179173418705266,0.06108128350126746,on,18.0,ng_high_bt_low,1.0,0.001,hard_extinction,True,20,0.0004042551388025837,0.0019130358100651228,0.08085102776051674,0.3826071620130246,0.0004042551388025837,0.0019130358100651228,0.0,True,True,True,coexistence
1414,Lsp,0.017575106248547922,3.8179173418705266,0.06710030293154816,on,18.0,ng_low_bt_high,0.001,1.0,hard_extinction,True,20,0.0004042553090053022,0.0019130357435179692,0.08085106180106044,0.38260714870359386,0.0004042553090053022,0.0019130357435179692,0.0,True,True,True,coexistence
1415,Lsp,0.017575106248547922,3.8179173418705266,0.06710030293154816,on,18.0,ng_high_bt_low,1.0,0.001,hard_extinction,True,20,0.0004042553090053022,0.0019130357435179692,0.08085106180106044,0.38260714870359386,0.0004042553090053022,0.0019130357435179692,0.0,True,True,True,coexistence
1416,Lsp,0.019306977288832496,3.8179173418705266,0.07371244341013398,on,18.0,ng_low_bt_high,0.001,1.0,hard_extinction,True,20,0.00040425549597218613,0.0019130356704170027,0.08085109919443723,0.3826071340834005,0.00040425549597218613,0.0019130356704170027,0.0,True,True,True,coexistence
1417,Lsp,0.019306977288832496,3.8179173418705266,0.07371244341013398,on,18.0,ng_high_bt_low,1.0,0.001,hard_extinction,True,20,0.00040425549597218613,0.0019130356704170027,0.08085109919443723,0.3826071340834005,0.00040425549597218613,0.0019130356704170027,0.0,True,True,True,coexistence
1418,Lsp,0.021209508879201904,3.8179173418705266,0.08097615176246187,on,18.0,ng_low_bt_high,0.001,1.0,hard_extinction,True,20,0.0004042557013535904,0.0019130355901171988,0.08085114027071807,0.3826071180234398,0.0004042557013535904,0.0019130355901171988,0.0,True,True,True,coexistence
1419,Lsp,0.021209508879201904,3.8179173418705266,0.08097615176246187,on,18.0,ng_high_bt_low,1.0,0.001,hard_extinction,True,20,0.0004042557013535904,0.0019130355901171988,0.08085114027071807,0.3826071180234398,0.0004042557013535904,0.0019130355901171988,0.0,True,True,True,coexistence
1420,Lsp,0.023299518105153717,3.8179173418705266,0.08895563423089269,on,18.0,ng_low_bt_high,0.001,1.0,hard_extinction,True,20,0.0004042559269621623,0.0019130355019101376,0.08085118539243247,0.3826071003820275,0.0004042559269621623,0.0019130355019101376,0.0,True,True,True,coexistence
1421,Lsp,0.023299518105153717,3.8179173418705266,0.08895563423089269,on,18.0,ng_high_bt_low,1.0,0.001,hard_extinction,True,20,0.0004042559269621623,0.0019130355019101376,0.08085118539243247,0.3826071003820275,0.0004042559269621623,0.0019130355019101376,0.0,True,True,True,coexistence
1422,Lsp,0.025595479226995357,3.8179173418705266,0.0977214240142324,on,18.0,ng_low_bt_high,0.001,1.0,hard_extinction,True,20,0.00040425617478876893,0.0019130354050177585,0.08085123495775379,0.3826070810035517,0.00040425617478876893,0.0019130354050177585,0.0,True,True,True,coexistence
1423,Lsp,0.025595479226995357,3.8179173418705266,0.0977214240142324,on,18.0,ng_high_bt_low,1.0,0.001,hard_extinction,True,20,0.00040425617478876893,0.0019130354050177585,0.08085123495775379,0.3826070810035517,0.00040425617478876893,0.0019130354050177585,0.0,True,True,True,coexistence
1424,Lsp,0.028117686979742307,3.8179173418705266,0.10735100473324527,on,18.0,ng_low_bt_high,0.001,1.0,hard_extinction,True,20,0.00040425644701997765,0.0019130352985855794,0.08085128940399552,0.3826070597171159,0.00040425644701997765,0.0019130352985855794,0.0,True,True,True,coexistence
1425,Lsp,0.028117686979742307,3.8179173418705266,0.10735100473324527,on,18.0,ng_high_bt_low,1.0,0.001,hard_extinction,True,20,0.00040425644701997765,0.0019130352985855794,0.08085128940399552,0.3826070597171159,0.00040425644701997765,0.0019130352985855794,0.0,True,True,True,coexistence
1426,Lsp,0.030888435964774818,3.8179173418705266,0.11792949533317104,on,18.0,ng_low_bt_high,0.001,1.0,hard_extinction,True,20,0.0004042567460572451,0.001913035181675214,0.08085134921144907,0.3826070363350428,0.00040425674605724536,0.001913035181675214,4.440892098500626e-16,True,True,True,coexistence
1427,Lsp,0.030888435964774818,3.8179173418705266,0.11792949533317104,on,18.0,ng_high_bt_low,1.0,0.001,hard_extinction,True,20,0.0004042567460572451,0.001913035181675214,0.08085134921144907,0.3826070363350428,0.00040425674605724536,0.001913035181675214,4.440892098500626e-16,True,True,True,coexistence
1428,Lsp,0.03393221771895328,3.8179173418705266,0.12955040247731808,on,18.0,ng_low_bt_high,0.001,1.0,hard_extinction,True,20,0.00040425707453796785,0.0019130350532561094,0.08085141490759354,0.3826070106512219,0.0004042570745379677,0.0019130350532561094,4.440892098500626e-16,True,True,True,coexistence
1429,Lsp,0.03393221771895328,3.8179173418705266,0.12955040247731808,on,18.0,ng_high_bt_low,1.0,0.001,hard_extinction,True,20,0.00040425707453796785,0.0019130350532561094,0.08085141490759354,0.3826070106512219,0.0004042570745379677,0.0019130350532561094,4.440892098500626e-16,True,True,True,coexistence
1430,Lsp,0.0372759372031494,3.8179173418705266,0.14231644708238084,on,18.0,ng_low_bt_high,0.001,1.0,hard_extinction,True,20,0.0004042574353585952,0.0019130349121966057,0.08085148707171907,0.38260698243932106,0.00040425743535859535,0.0019130349121966052,4.440892098500626e-16,True,True,True,coexistence
1431,Lsp,0.0372759372031494,3.8179173418705266,0.14231644708238084,on,18.0,ng_high_bt_low,1.0,0.001,hard_extinction,True,20,0.0004042574353585952,0.0019130349121966057,0.08085148707171907,0.38260698243932106,0.00040425743535859535,0.0019130349121966052,4.440892098500626e-16,True,True,True,coexistence
1432,Lsp,0.040949150623804234,3.8179173418705266,0.15634047230149048,on,18.0,ng_low_bt_high,0.001,1.0,hard_extinction,True,20,0.0004042578316999732,0.0019130347572539868,0.08085156633999464,0.3826069514507974,0.0004042578316999732,0.0019130347572539868,0.0,True,True,True,coexistence
1433,Lsp,0.040949150623804234,3.8179173418705266,0.15634047230149048,on,18.0,ng_high_bt_low,1.0,0.001,hard_extinction,True,20,0.0004042578316999732,0.0019130347572539868,0.08085156633999464,0.3826069514507974,0.0004042578316999732,0.0019130347572539868,0.0,True,True,True,coexistence
1434,Lsp,0.04498432668969444,3.8179173418705266,0.17174644098095357,on,18.0,ng_low_bt_high,0.001,1.0,hard_extinction,True,20,0.00040425826705517887,0.0019130345870636979,0.08085165341103574,0.38260691741273944,0.0004042582670551787,0.0019130345870636972,0.0,True,True,True,coexistence
1435,Lsp,0.04498432668969444,3.8179173418705266,0.17174644098095357,on,18.0,ng_high_bt_low,1.0,0.001,hard_extinction,True,20,0.0004042582670551787,0.0019130345870636972,0.08085165341103577,0.38260691741273956,0.00040425826705517887,0.0019130345870636979,0.0,True,True,True,coexistence
1436,Lsp,0.04941713361323833,3.8179173418705266,0.18867053140751552,on,18.0,ng_low_bt_high,0.001,1.0,hard_extinction,True,20,0.00040425874526001923,0.0019130344001274057,0.08085174905200387,0.38260688002548116,0.0004042587452600194,0.0019130344001274057,4.440892098500626e-16,True,True,True,coexistence
1437,Lsp,0.04941713361323833,3.8179173418705266,0.18867053140751552,on,18.0,ng_high_bt_low,1.0,0.001,hard_extinction,True,20,0.00040425874526001923,0.0019130344001274053,0.08085174905200387,0.38260688002548104,0.0004042587452600194,0.0019130344001274053,4.440892098500626e-16,True,True,True,coexistence
1438,Lsp,0.054286754393238594,3.8179173418705266,0.20726234103181163,on,18.0,ng_low_bt_high,0.001,1.0,hard_extinction,True,20,0.0004042592705265184,0.0019130341947999978,0.08085185410530368,0.3826068389599996,0.0004042592705265184,0.0019130341947999978,0.0,True,True,True,coexistence
1439,Lsp,0.054286754393238594,3.8179173418705266,0.20726234103181163,on,18.0,ng_high_bt_low,1.0,0.001,hard_extinction,True,20,0.0004042592705265184,0.0019130341947999978,0.08085185410530368,0.3826068389599996,0.0004042592705265184,0.0019130341947999978,0.0,True,True,True,coexistence
1440,Lsp,0.05963623316594643,3.8179173418705266,0.22768620880810111,on,18.0,ng_low_bt_high,0.001,1.0,hard_extinction,True,20,0.0004042598474796142,0.001913033969275267,0.08085196949592284,0.3826067938550534,0.0004042598474796142,0.001913033969275267,0.0,True,True,True,coexistence
1441,Lsp,0.05963623316594643,3.8179173418705266,0.22768620880810111,on,18.0,ng_high_bt_low,1.0,0.001,hard_extinction,True,20,0.0004042598474796142,0.001913033969275267,0.08085196949592284,0.3826067938550534,0.0004042598474796142,0.001913033969275267,0.0,True,True,True,coexistence
1442,Lsp,0.0655128556859551,3.8179173418705266,0.2501226678388691,on,18.0,ng_low_bt_high,0.001,1.0,hard_extinction,True,20,0.0004042604811974274,0.0019130337215702417,0.08085209623948549,0.38260674431404834,0.0004042604811974274,0.0019130337215702417,0.0,True,True,True,coexistence
1443,Lsp,0.0655128556859551,3.8179173418705266,0.2501226678388691,on,18.0,ng_high_bt_low,1.0,0.001,hard_extinction,True,20,0.0004042604811974274,0.0019130337215702417,0.08085209623948549,0.38260674431404834,0.0004042604811974274,0.0019130337215702417,0.0,True,True,True,coexistence
1444,Lsp,0.07196856730011521,3.8179173418705266,0.27477004116468595,on,18.0,ng_low_bt_high,0.001,1.0,hard_extinction,True,20,0.00040426117725538674,0.0019130334495080375,0.08085223545107736,0.3826066899016075,0.0004042611772553868,0.0019130334495080375,0.0,True,True,True,coexistence
1445,Lsp,0.07196856730011521,3.8179173418705266,0.27477004116468595,on,18.0,ng_high_bt_low,1.0,0.001,hard_extinction,True,20,0.00040426117725538674,0.0019130334495080375,0.08085223545107736,0.3826066899016075,0.0004042611772553868,0.0019130334495080375,0.0,True,True,True,coexistence
1446,Lsp,0.07906043210907697,3.8179173418705266,0.3018461948050224,on,18.0,ng_low_bt_high,0.001,1.0,hard_extinction,True,20,0.00040426194177460464,0.0019130331506990053,0.08085238835492092,0.38260663013980106,0.00040426194177460464,0.0019130331506990053,0.0,True,True,True,coexistence
1447,Lsp,0.07906043210907697,3.8179173418705266,0.3018461948050224,on,18.0,ng_high_bt_low,1.0,0.001,hard_extinction,True,20,0.00040426194177460464,0.0019130331506990053,0.08085238835492092,0.38260663013980106,0.00040426194177460464,0.0019130331506990053,0.0,True,True,True,coexistence
1448,Lsp,0.08685113737513525,3.8179173418705266,0.3315904635457083,on,18.0,ng_low_bt_high,0.001,1.0,hard_extinction,True,20,0.00040426278147490655,0.0019130328225201634,0.08085255629498132,0.3826065645040326,0.0004042627814749066,0.001913032822520163,0.0,True,True,True,coexistence
1449,Lsp,0.08685113737513525,3.8179173418705266,0.3315904635457083,on,18.0,ng_high_bt_low,1.0,0.001,hard_extinction,True,20,0.00040426278147490666,0.001913032822520163,0.08085255629498138,0.3826065645040327,0.0004042627814749069,0.0019130328225201634,4.440892098500626e-16,True,True,True,coexistence
1450,Lsp,0.09540954763499938,3.8179173418705266,0.3642657664956862,on,18.0,ng_low_bt_high,0.001,1.0,hard_extinction,True,20,0.0004042637037329059,0.001913032462092553,0.08085274074658123,0.38260649241851064,0.0004042637037329062,0.001913032462092553,4.440892098500626e-16,True,True,True,coexistence
1451,Lsp,0.09540954763499938,3.8179173418705266,0.3642657664956862,on,18.0,ng_high_bt_low,1.0,0.001,hard_extinction,True,20,0.0004042637037329059,0.001913032462092553,0.08085274074658123,0.38260649241851064,0.0004042637037329062,0.001913032462092553,4.440892098500626e-16,True,True,True,coexistence
1452,Lsp,0.10481131341546858,3.8179173418705266,0.40016093111314444,on,18.0,ng_low_bt_high,0.001,1.0,hard_extinction,True,20,0.0004042647166456451,0.0019130320662565869,0.08085294332912905,0.38260641325131745,0.00040426471664564527,0.0019130320662565873,4.440892098500626e-16,True,True,True,coexistence
1453,Lsp,0.10481131341546858,3.8179173418705266,0.40016093111314444,on,18.0,ng_high_bt_low,1.0,0.001,hard_extinction,True,20,0.0004042647166456451,0.0019130320662565869,0.08085294332912905,0.38260641325131745,0.00040426471664564527,0.0019130320662565873,4.440892098500626e-16,True,True,True,coexistence
1454,Lsp,0.1151395399326447,3.8179173418705266,0.43959324624383816,on,18.0,ng_low_bt_high,0.001,1.0,hard_extinction,True,20,0.0004042658291002895,0.0019130316315449465,0.0808531658200579,0.3826063263089893,0.0004042658291002895,0.0019130316315449465,0.0,True,True,True,coexistence
1455,Lsp,0.1151395399326447,3.8179173418705266,0.43959324624383816,on,18.0,ng_high_bt_low,1.0,0.001,hard_extinction,True,20,0.0004042658291002895,0.0019130316315449465,0.0808531658200579,0.3826063263089893,0.0004042658291002895,0.0019130316315449465,0.0,True,True,True,coexistence
1456,Lsp,0.12648552168552957,3.8179173418705266,0.48291126673872387,on,18.0,ng_low_bt_high,0.001,1.0,hard_extinction,True,20,0.00040426705085041777,0.0019130311541530021,0.08085341017008356,0.3826062308306004,0.00040426705085041777,0.0019130311541530021,0.0,True,True,True,coexistence
1457,Lsp,0.12648552168552957,3.8179173418705266,0.48291126673872387,on,18.0,ng_high_bt_low,1.0,0.001,hard_extinction,True,20,0.00040426705085041777,0.0019130311541530021,0.08085341017008356,0.3826062308306004,0.00040426705085041777,0.0019130311541530021,0.0,True,True,True,coexistence
1458,Lsp,0.13894954943731375,3.8179173418705266,0.5304978944418162,on,18.0,ng_low_bt_high,0.001,1.0,hard_extinction,True,20,0.00040426839259951415,0.0019130306299063532,0.08085367851990283,0.38260612598127064,0.00040426839259951415,0.0019130306299063532,0.0,True,True,True,coexistence
1459,Lsp,0.13894954943731375,3.8179173418705266,0.5304978944418162,on,18.0,ng_high_bt_low,1.0,0.001,hard_extinction,True,20,0.00040426839259951415,0.0019130306299063532,0.08085367851990283,0.38260612598127064,0.00040426839259951415,0.0019130306299063532,0.0,True,True,True,coexistence
1460,Lsp,0.15264179671752334,3.8179173418705266,0.582773762782108,on,18.0,ng_low_bt_high,0.001,1.0,hard_extinction,True,20,0.0004042698660923429,0.00191303005422544,0.08085397321846856,0.38260601084508805,0.00040426986609234277,0.0019130300542254404,0.0,True,True,True,coexistence
1461,Lsp,0.15264179671752334,3.8179173418705266,0.582773762782108,on,18.0,ng_high_bt_low,1.0,0.001,hard_extinction,True,20,0.0004042698660923429,0.0019130300542254404,0.08085397321846856,0.382606010845088,0.00040426986609234277,0.00191303005422544,0.0,True,True,True,coexistence
1462,Lsp,0.16768329368110074,3.8179173418705266,0.640200954887043,on,18.0,ng_low_bt_high,0.001,1.0,hard_extinction,True,20,0.0004042714842148655,0.0019130294220868083,0.0808542968429731,0.38260588441736165,0.0004042714842148655,0.0019130294220868083,0.0,True,True,True,coexistence
1463,Lsp,0.16768329368110074,3.8179173418705266,0.640200954887043,on,18.0,ng_high_bt_low,1.0,0.001,hard_extinction,True,20,0.0004042714842148655,0.0019130294220868083,0.0808542968429731,0.38260588441736165,0.0004042714842148655,0.0019130294220868083,0.0,True,True,True,coexistence
1464,Lsp,0.18420699693267154,3.8179173418705266,0.7032870880831376,on,18.0,ng_low_bt_high,0.001,1.0,hard_extinction,True,20,0.000404273261103476,0.0019130287279807247,0.08085465222069516,0.38260574559614496,0.0004042732611034758,0.0019130287279807247,4.440892098500626e-16,True,True,True,coexistence
1465,Lsp,0.18420699693267154,3.8179173418705266,0.7032870880831376,on,18.0,ng_high_bt_low,1.0,0.001,hard_extinction,True,20,0.000404273261103476,0.0019130287279807247,0.08085465222069516,0.38260574559614496,0.0004042732611034758,0.0019130287279807247,4.440892098500626e-16,True,True,True,coexistence
1466,Lsp,0.20235896477251566,3.8179173418705266,0.7725898008879545,on,18.0,ng_low_bt_high,0.001,1.0,hard_extinction,True,20,0.0004042752122643666,0.0019130279658649554,0.08085504245287334,0.3826055931729911,0.0004042752122643667,0.0019130279658649554,0.0,True,True,True,coexistence
1467,Lsp,0.20235896477251566,3.8179173418705266,0.7725898008879545,on,18.0,ng_high_bt_low,1.0,0.001,hard_extinction,True,20,0.0004042752122643666,0.0019130279658649554,0.08085504245287334,0.3826055931729911,0.0004042752122643667,0.0019130279658649554,0.0,True,True,True,coexistence
1468,Lsp,0.22229964825261944,3.8179173418705266,0.8487216821553939,on,18.0,ng_low_bt_high,0.001,1.0,hard_extinction,True,20,0.000404277354703944,0.0019130271291142476,0.08085547094078879,0.3826054258228495,0.000404277354703944,0.0019130271291142476,0.0,True,True,True,coexistence
1469,Lsp,0.22229964825261944,3.8179173418705266,0.8487216821553939,on,18.0,ng_high_bt_low,1.0,0.001,hard_extinction,True,20,0.000404277354703944,0.0019130271291142476,0.08085547094078879,0.3826054258228495,0.000404277354703944,0.0019130271291142476,0.0,True,True,True,coexistence
1470,Lsp,0.2442053094548651,3.8179173418705266,0.932355685944588,on,18.0,ng_low_bt_high,0.001,1.0,hard_extinction,True,20,0.00040427970707113294,0.001913026210465138,0.08085594141422658,0.3826052420930276,0.00040427970707113294,0.001913026210465138,0.0,True,True,True,coexistence
1471,Lsp,0.2442053094548651,3.8179173418705266,0.932355685944588,on,18.0,ng_high_bt_low,1.0,0.001,hard_extinction,True,20,0.00040427970707113294,0.001913026210465138,0.08085594141422658,0.3826052420930276,0.00040427970707113294,0.001913026210465138,0.0,True,True,True,coexistence
1472,Lsp,0.2682695795279725,3.8179173418705266,1.0242310799761605,on,18.0,ng_low_bt_high,0.001,1.0,hard_extinction,True,20,0.0004042822898127205,0.001913025201955814,0.08085645796254412,0.38260504039116283,0.0004042822898127206,0.001913025201955814,0.0,True,True,True,coexistence
1473,Lsp,0.2682695795279725,3.8179173418705266,1.0242310799761605,on,18.0,ng_high_bt_low,1.0,0.001,hard_extinction,True,20,0.0004042822898127205,0.001913025201955814,0.08085645796254412,0.38260504039116283,0.0004042822898127206,0.001913025201955814,0.0,True,True,True,coexistence
1474,Lsp,0.29470517025518095,3.8179173418705266,1.1251599802561614,on,18.0,ng_low_bt_high,0.001,1.0,hard_extinction,True,20,0.0004042851253426919,0.001913024094860491,0.08085702506853842,0.3826048189720984,0.0004042851253426921,0.001913024094860492,0.0,True,True,True,coexistence
1475,Lsp,0.29470517025518095,3.8179173418705266,1.1251599802561614,on,18.0,ng_high_bt_low,1.0,0.001,hard_extinction,True,20,0.0004042851253426919,0.001913024094860491,0.08085702506853842,0.3826048189720984,0.0004042851253426921,0.001913024094860492,0.0,True,True,True,coexistence
1476,Lsp,0.32374575428176433,3.8179173418705266,1.2360345296293023,on,18.0,ng_low_bt_high,0.001,1.0,hard_extinction,True,20,0.00040428823822677673,0.0019130228796177776,0.08085764764535534,0.3826045759235555,0.00040428823822677673,0.0019130228796177776,0.0,True,True,True,coexistence
1477,Lsp,0.32374575428176433,3.8179173418705266,1.2360345296293023,on,18.0,ng_high_bt_low,1.0,0.001,hard_extinction,True,20,0.00040428823822677673,0.0019130228796177776,0.08085764764535534,0.3826045759235555,0.00040428823822677673,0.0019130228796177776,0.0,True,True,True,coexistence
1478,Lsp,0.35564803062231287,3.8179173418705266,1.3578347837150284,on,18.0,ng_low_bt_high,0.001,1.0,hard_extinction,True,20,0.000404291655383411,0.0019130215457528145,0.0808583310766822,0.38260430915056287,0.000404291655383411,0.0019130215457528145,0.0,True,True,True,coexistence
1479,Lsp,0.35564803062231287,3.8179173418705266,1.3578347837150284,on,18.0,ng_high_bt_low,1.0,0.001,hard_extinction,True,20,0.000404291655383411,0.0019130215457528145,0.0808583310766822,0.38260430915056287,0.000404291655383411,0.0019130215457528145,0.0,True,True,True,coexistence
1480,Lsp,0.3906939937054615,3.8179173418705266,1.4916373739327358,on,18.0,ng_low_bt_high,0.001,1.0,hard_extinction,True,20,0.0004042954063023781,0.0019130200817922215,0.08085908126047568,0.3826040163584443,0.0004042954063023784,0.0019130200817922215,4.440892098500626e-16,True,True,True,coexistence
1481,Lsp,0.3906939937054615,3.8179173418705266,1.4916373739327358,on,18.0,ng_high_bt_low,1.0,0.001,hard_extinction,True,20,0.0004042954063023781,0.0019130200817922215,0.08085908126047568,0.3826040163584443,0.0004042954063023784,0.0019130200817922215,4.440892098500626e-16,True,True,True,coexistence
1482,Lsp,0.42919342601287763,3.8179173418705266,1.6386250241913902,on,18.0,ng_low_bt_high,0.001,1.0,hard_extinction,True,20,0.0004042995232825143,0.0019130184751717028,0.08085990465650286,0.38260369503434055,0.0004042995232825143,0.0019130184751717028,0.0,True,True,True,coexistence
1483,Lsp,0.42919342601287763,3.8179173418705266,1.6386250241913902,on,18.0,ng_high_bt_low,1.0,0.001,hard_extinction,True,20,0.0004042995232825143,0.0019130184751717028,0.08085990465650286,0.38260369503434055,0.0004042995232825143,0.0019130184751717028,0.0,True,True,True,coexistence
1484,Lsp,0.47148663634573923,3.8179173418705266,1.8000970053646004,on,18.0,ng_low_bt_high,0.001,1.0,hard_extinction,True,20,0.0004043040416898746,0.0019130167121353908,0.08086080833797492,0.38260334242707816,0.0004043040416898746,0.0019130167121353908,0.0,True,True,True,coexistence
1485,Lsp,0.47148663634573923,3.8179173418705266,1.8000970053646004,on,18.0,ng_high_bt_low,1.0,0.001,hard_extinction,True,20,0.0004043040416898746,0.0019130167121353908,0.08086080833797492,0.38260334242707816,0.0004043040416898746,0.0019130167121353908,0.0,True,True,True,coexistence
1486,Lsp,0.517947467923121,3.8179173418705266,1.9774806199616117,on,18.0,ng_low_bt_high,0.001,1.0,hard_extinction,True,20,0.00040430900023784945,0.0019130147776264552,0.08086180004756986,0.38260295552529106,0.0004043090002378493,0.0019130147776264552,0.0,True,True,True,coexistence
1487,Lsp,0.517947467923121,3.8179173418705266,1.9774806199616117,on,18.0,ng_high_bt_low,1.0,0.001,hard_extinction,True,20,0.00040430900023784945,0.0019130147776264552,0.08086180004756986,0.38260295552529106,0.0004043090002378493,0.0019130147776264552,0.0,True,True,True,coexistence
1488,Lsp,0.5689866029018296,3.8179173418705266,2.172343818510894,on,18.0,ng_low_bt_high,0.001,1.0,hard_extinction,True,20,0.00040431444129072826,0.0019130126551680784,0.08086288825814567,0.3826025310336157,0.0004043144412907283,0.0019130126551680784,0.0,True,True,True,coexistence
1489,Lsp,0.5689866029018296,3.8179173418705266,2.172343818510894,on,18.0,ng_high_bt_low,1.0,0.001,hard_extinction,True,20,0.00040431444129072826,0.0019130126551680784,0.08086288825814567,0.3826025310336157,0.0004043144412907283,0.0019130126551680784,0.0,True,True,True,coexistence
1490,Lsp,0.6250551925273969,3.8179173418705266,2.3864090591765694,on,18.0,ng_low_bt_high,0.001,1.0,hard_extinction,True,20,0.00040432041119231534,0.0019130103267342789,0.08086408223846307,0.38260206534685576,0.00040432041119231534,0.0019130103267342789,0.0,True,True,True,coexistence
1491,Lsp,0.6250551925273969,3.8179173418705266,2.3864090591765694,on,18.0,ng_high_bt_low,1.0,0.001,hard_extinction,True,20,0.00040432041119231534,0.0019130103267342789,0.08086408223846307,0.38260206534685576,0.00040432041119231534,0.0019130103267342789,0.0,True,True,True,coexistence
1492,Lsp,0.6866488450042998,3.8179173418705266,2.6215685331172836,on,18.0,ng_low_bt_high,0.001,1.0,hard_extinction,True,20,0.0004043269606211137,0.0019130077726095022,0.08086539212422274,0.3826015545219004,0.0004043269606211137,0.0019130077726095022,0.0,True,True,True,coexistence
1493,Lsp,0.6866488450042998,3.8179173418705266,2.6215685331172836,on,18.0,ng_high_bt_low,1.0,0.001,hard_extinction,True,20,0.0004043269606211137,0.0019130077726095022,0.08086539212422274,0.3826015545219004,0.0004043269606211137,0.0019130077726095022,0.0,True,True,True,coexistence
1494,Lsp,0.7543120063354615,3.8179173418705266,2.879900890169309,on,18.0,ng_low_bt_high,0.001,1.0,hard_extinction,True,20,0.00040433414497370747,0.0019130049712363503,0.08086682899474151,0.38260099424727007,0.0004043341449737076,0.0019130049712363503,0.0,True,True,True,coexistence
1495,Lsp,0.7543120063354615,3.8179173418705266,2.879900890169309,on,18.0,ng_high_bt_low,1.0,0.001,hard_extinction,True,20,0.00040433414497370747,0.0019130049712363503,0.08086682899474151,0.38260099424727007,0.0004043341449737076,0.0019130049712363503,0.0,True,True,True,coexistence
1496,Lsp,0.8286427728546842,3.8179173418705266,3.1636896126975786,on,18.0,ng_low_bt_high,0.001,1.0,hard_extinction,True,20,0.0004043420247778434,0.0019130018990502953,0.08086840495556863,0.38260037981005907,0.00040434202477784316,0.0019130018990502953,0.0,True,True,True,coexistence
1497,Lsp,0.8286427728546842,3.8179173418705266,3.1636896126975786,on,18.0,ng_high_bt_low,1.0,0.001,hard_extinction,True,20,0.0004043420247778434,0.0019130018990502953,0.08086840495556863,0.38260037981005907,0.00040434202477784316,0.0019130018990502953,0.0,True,True,True,coexistence
1498,Lsp,0.9102981779915218,3.8179173418705266,3.4754432000269744,on,18.0,ng_low_bt_high,0.001,1.0,hard_extinction,True,20,0.00040435066613672265,0.0019129985303006534,0.08087013322734452,0.3825997060601307,0.0004043506661367226,0.0019129985303006536,0.0,True,True,True,coexistence
1499,Lsp,0.9102981779915218,3.8179173418705266,3.4754432000269744,on,18.0,ng_high_bt_low,1.0,0.001,hard_extinction,True,20,0.00040435066613672265,0.0019129985303006534,0.08087013322734452,0.3825997060601307,0.0004043506661367226,0.0019129985303006536,0.0,True,True,True,coexistence
1500,Lsp,0.9999999999999994,3.8179173418705266,3.8179173418705243,on,18.0,ng_low_bt_high,0.001,1.0,hard_extinction,True,20,0.0004043601412058225,0.0019129948368564317,0.0808720282411645,0.38259896737128635,0.0004043601412058225,0.0019129948368564317,0.0,True,True,True,coexistence
1501,Lsp,0.9999999999999994,3.8179173418705266,3.8179173418705243,on,18.0,ng_high_bt_low,1.0,0.001,hard_extinction,True,20,0.0004043601412058225,0.0019129948368564317,0.0808720282411645,0.38259896737128635,0.0004043601412058225,0.0019129948368564317,0.0,True,True,True,coexistence
1502,Lsp,1.0985411419875584,3.8179173418705266,4.194139276752551,on,18.0,ng_low_bt_high,0.001,1.0,hard_extinction,True,20,0.00040437052870349475,0.001912990787996335,0.08087410574069893,0.38259815759926696,0.00040437052870349465,0.001912990787996335,0.0,True,True,True,coexistence
1503,Lsp,1.0985411419875584,3.8179173418705266,4.194139276752551,on,18.0,ng_high_bt_low,1.0,0.001,hard_extinction,True,20,0.00040437052870349475,0.001912990787996335,0.08087410574069893,0.38259815759926696,0.00040437052870349465,0.001912990787996335,0.0,True,True,True,coexistence
1504,Lsp,1.2067926406393277,3.8179173418705266,4.607434550738615,on,18.0,ng_low_bt_high,0.001,1.0,hard_extinction,True,20,0.00040438191445625604,0.0019129863501813646,0.08087638289125121,0.3825972700362729,0.00040438191445625604,0.0019129863501813646,0.0,True,True,True,coexistence
1505,Lsp,1.2067926406393277,3.8179173418705266,4.607434550738615,on,18.0,ng_high_bt_low,1.0,0.001,hard_extinction,True,20,0.00040438191445625604,0.0019129863501813646,0.08087638289125121,0.3825972700362729,0.00040438191445625604,0.0019129863501813646,0.0,True,True,True,coexistence
1506,Lsp,1.325711365590108,3.8179173418705266,5.0614564130013315,on,18.0,ng_low_bt_high,0.001,1.0,hard_extinction,True,20,0.00040439439197945966,0.0019129814868090844,0.08087887839589193,0.3825962973618169,0.00040439439197945966,0.0019129814868090844,0.0,True,True,True,coexistence
1507,Lsp,1.325711365590108,3.8179173418705266,5.0614564130013315,on,18.0,ng_high_bt_low,1.0,0.001,hard_extinction,True,20,0.00040439439197945966,0.0019129814868090844,0.08087887839589193,0.3825962973618169,0.00040439439197945966,0.0019129814868090844,0.0,True,True,True,coexistence
1508,Lsp,1.456348477501243,3.8179173418705266,5.560218108058734,on,18.0,ng_low_bt_high,0.001,1.0,hard_extinction,True,20,0.00040440806309350734,0.001912976157948051,0.08088161261870153,0.3825952315896102,0.0004044080630935076,0.001912976157948051,4.440892098500626e-16,True,True,True,coexistence
1509,Lsp,1.456348477501243,3.8179173418705266,5.560218108058734,on,18.0,ng_high_bt_low,1.0,0.001,hard_extinction,True,20,0.00040440806309350734,0.001912976157948051,0.08088161261870153,0.3825952315896102,0.0004044080630935076,0.001912976157948051,4.440892098500626e-16,True,True,True,coexistence
1510,Lsp,1.5998587196060574,3.8179173418705266,6.1081283501267425,on,18.0,ng_low_bt_high,0.001,1.0,hard_extinction,True,20,0.0004044230385753767,0.0019129703200512342,0.08088460771507534,0.3825940640102468,0.0004044230385753767,0.0019129703200512342,0.0,True,True,True,coexistence
1511,Lsp,1.5998587196060574,3.8179173418705266,6.1081283501267425,on,18.0,ng_high_bt_low,1.0,0.001,hard_extinction,True,20,0.0004044230385753767,0.0019129703200512342,0.08088460771507534,0.3825940640102468,0.0004044230385753767,0.0019129703200512342,0.0,True,True,True,coexistence
1512,Lsp,1.7575106248547911,3.8179173418705266,6.710030293154812,on,18.0,ng_low_bt_high,0.001,1.0,hard_extinction,True,20,0.00040443943884435694,0.0019129639256468016,0.08088788776887139,0.3825927851293603,0.00040443943884435694,0.0019129639256468016,0.0,True,True,True,coexistence
1513,Lsp,1.7575106248547911,3.8179173418705266,6.710030293154812,on,18.0,ng_high_bt_low,1.0,0.001,hard_extinction,True,20,0.00040443943884435694,0.0019129639256468016,0.08088788776887139,0.3825927851293603,0.00040443943884435694,0.0019129639256468016,0.0,True,True,True,coexistence
1514,Lsp,1.9306977288832496,3.8179173418705266,7.371244341013399,on,18.0,ng_low_bt_high,0.001,1.0,hard_extinction,True,20,0.0004044573946802532,0.0019129569230051239,0.08089147893605064,0.3825913846010247,0.0004044573946802532,0.0019129569230051234,4.440892098500626e-16,True,True,True,coexistence
1515,Lsp,1.9306977288832496,3.8179173418705266,7.371244341013399,on,18.0,ng_high_bt_low,1.0,0.001,hard_extinction,True,20,0.0004044573946802532,0.0019129569230051239,0.08089147893605064,0.3825913846010247,0.0004044573946802532,0.0019129569230051234,4.440892098500626e-16,True,True,True,coexistence
1516,Lsp,2.1209508879201904,3.8179173418705266,8.097615176246187,on,18.0,ng_low_bt_high,0.001,1.0,hard_extinction,True,20,0.0004044770479710659,0.0019129492557802513,0.0808954095942132,0.38258985115605026,0.00040447704797106596,0.0019129492557802513,0.0,True,True,True,coexistence
1517,Lsp,2.1209508879201904,3.8179173418705266,8.097615176246187,on,18.0,ng_high_bt_low,1.0,0.001,hard_extinction,True,20,0.0004044770479710659,0.0019129492557802513,0.0808954095942132,0.38258985115605026,0.00040447704797106596,0.0019129492557802513,0.0,True,True,True,coexistence
1518,Lsp,2.329951810515372,3.8179173418705266,8.89556342308927,on,18.0,ng_low_bt_high,0.001,1.0,hard_extinction,True,20,0.00040449855248598203,0.0019129408626246296,0.08089971049719645,0.38258817252492594,0.00040449855248598225,0.0019129408626246296,4.440892098500626e-16,True,True,True,coexistence
1519,Lsp,2.329951810515372,3.8179173418705266,8.89556342308927,on,18.0,ng_high_bt_low,1.0,0.001,hard_extinction,True,20,0.00040449855248598203,0.0019129408626246296,0.08089971049719645,0.38258817252492594,0.00040449855248598225,0.0019129408626246296,4.440892098500626e-16,True,True,True,coexistence
1520,Lsp,2.5595479226995357,3.8179173418705266,9.77214240142324,on,18.0,ng_low_bt_high,0.001,1.0,hard_extinction,True,20,0.0004045220746679334,0.0019129316767755205,0.08090441493358667,0.3825863353551041,0.0004045220746679334,0.0019129316767755205,0.0,True,True,True,coexistence
1521,Lsp,2.5595479226995357,3.8179173418705266,9.77214240142324,on,18.0,ng_high_bt_low,1.0,0.001,hard_extinction,True,20,0.0004045220746679334,0.0019129316767755205,0.08090441493358667,0.3825863353551041,0.0004045220746679334,0.0019129316767755205,0.0,True,True,True,coexistence
1522,Lsp,2.811768697974228,3.8179173418705266,10.735100473324517,on,18.0,ng_low_bt_high,0.001,1.0,hard_extinction,True,20,0.00040454779443806736,0.0019129216256117832,0.08090955888761346,0.3825843251223566,0.0004045477944380673,0.0019129216256117832,0.0,True,True,True,coexistence
1523,Lsp,2.811768697974228,3.8179173418705266,10.735100473324517,on,18.0,ng_high_bt_low,1.0,0.001,hard_extinction,True,20,0.00040454779443806736,0.0019129216256117832,0.08090955888761346,0.3825843251223566,0.0004045477944380673,0.0019129216256117832,0.0,True,True,True,coexistence
1524,Lsp,3.0888435964774787,3.8179173418705266,11.792949533317094,on,18.0,ng_low_bt_high,0.001,1.0,hard_extinction,True,20,0.0004045759060022366,0.0019129106301797707,0.08091518120044733,0.38258212603595415,0.0004045759060022366,0.0019129106301797707,0.0,True,True,True,coexistence
1525,Lsp,3.0888435964774787,3.8179173418705266,11.792949533317094,on,18.0,ng_high_bt_low,1.0,0.001,hard_extinction,True,20,0.0004045759060022366,0.0019129106301797707,0.08091518120044733,0.38258212603595415,0.0004045759060022366,0.0019129106301797707,0.0,True,True,True,coexistence
1526,Lsp,3.3932217718953264,3.8179173418705266,12.955040247731803,on,18.0,ng_low_bt_high,0.001,1.0,hard_extinction,True,20,0.00040460661864706403,0.0019128986046874057,0.08092132372941277,0.38257972093748116,0.00040460661864706387,0.0019128986046874057,4.440892098500626e-16,True,True,True,coexistence
1527,Lsp,3.3932217718953264,3.8179173418705266,12.955040247731803,on,18.0,ng_high_bt_low,1.0,0.001,hard_extinction,True,20,0.00040460661864706387,0.0019128986046874057,0.08092132372941281,0.38257972093748116,0.00040460661864706403,0.0019128986046874057,4.440892098500626e-16,True,True,True,coexistence
1528,Lsp,3.727593720314938,3.8179173418705266,14.231644708238075,on,18.0,ng_low_bt_high,0.001,1.0,hard_extinction,True,20,0.0004046401575099064,0.001912885455965533,0.08092803150198127,0.38257709119310657,0.0004046401575099064,0.001912885455965533,0.0,True,True,True,coexistence
1529,Lsp,3.727593720314938,3.8179173418705266,14.231644708238075,on,18.0,ng_high_bt_low,1.0,0.001,hard_extinction,True,20,0.0004046401575099064,0.001912885455965533,0.08092803150198127,0.38257709119310657,0.0004046401575099064,0.001912885455965533,0.0,True,True,True,coexistence
1530,Lsp,4.094915062380423,3.8179173418705266,15.634047230149045,on,18.0,ng_low_bt_high,0.001,1.0,hard_extinction,True,20,0.00040467676430353406,0.0019128710828963402,0.0809353528607068,0.38257421657926804,0.000404676764303534,0.0019128710828963402,0.0,True,True,True,coexistence
1531,Lsp,4.094915062380423,3.8179173418705266,15.634047230149045,on,18.0,ng_high_bt_low,1.0,0.001,hard_extinction,True,20,0.00040467676430353406,0.0019128710828963402,0.0809353528607068,0.38257421657926804,0.000404676764303534,0.0019128710828963402,0.0,True,True,True,coexistence
1532,Lsp,4.498432668969444,3.8179173418705266,17.174644098095357,on,18.0,ng_low_bt_high,0.001,1.0,hard_extinction,True,20,0.00040471669797223297,0.0019128553758090447,0.08094333959444656,0.38257107516180894,0.0004047166979722328,0.0019128553758090447,0.0,True,True,True,coexistence
1533,Lsp,4.498432668969444,3.8179173418705266,17.174644098095357,on,18.0,ng_high_bt_low,1.0,0.001,hard_extinction,True,20,0.00040471669797223297,0.0019128553758090447,0.08094333959444656,0.38257107516180894,0.0004047166979722328,0.0019128553758090447,0.0,True,True,True,coexistence
1534,Lsp,4.941713361323833,3.8179173418705266,18.867053140751555,on,18.0,ng_low_bt_high,0.001,1.0,hard_extinction,True,20,0.00040476023525121125,0.0019128382158438734,0.08095204705024225,0.3825676431687747,0.00040476023525121125,0.0019128382158438734,0.0,True,True,True,coexistence
1535,Lsp,4.941713361323833,3.8179173418705266,18.867053140751555,on,18.0,ng_high_bt_low,1.0,0.001,hard_extinction,True,20,0.00040476023525121125,0.0019128382158438734,0.08095204705024225,0.3825676431687747,0.00040476023525121125,0.0019128382158438734,0.0,True,True,True,coexistence
1536,Lsp,5.428675439323859,3.8179173418705266,20.726234103181163,on,18.0,ng_low_bt_high,0.001,1.0,hard_extinction,True,20,0.000404807671096021,0.0019128194742863557,0.0809615342192042,0.38256389485727116,0.000404807671096021,0.0019128194742863557,0.0,True,True,True,coexistence
1537,Lsp,5.428675439323859,3.8179173418705266,20.726234103181163,on,18.0,ng_high_bt_low,1.0,0.001,hard_extinction,True,20,0.0004048076710960208,0.0019128194742863544,0.08096153421920416,0.3825638948572709,0.0004048076710960208,0.0019128194742863544,0.0,True,True,True,coexistence
1538,Lsp,5.963623316594643,3.8179173418705266,22.768620880810115,on,18.0,ng_low_bt_high,0.001,1.0,hard_extinction,True,20,0.0004048593189427593,0.00191279901187552,0.08097186378855184,0.382559802375104,0.0004048593189427592,0.00191279901187552,0.0,True,True,True,coexistence
1539,Lsp,5.963623316594643,3.8179173418705266,22.768620880810115,on,18.0,ng_high_bt_low,1.0,0.001,hard_extinction,True,20,0.0004048593189427593,0.00191279901187552,0.08097186378855184,0.382559802375104,0.0004048593189427592,0.00191279901187552,0.0,True,True,True,coexistence
1540,Lsp,6.551285568595502,3.8179173418705266,25.012266783886883,on,18.0,ng_low_bt_high,0.001,1.0,hard_extinction,True,20,0.0004049155107533528,0.0019127766780910075,0.08098310215067055,0.3825553356182014,0.00040491551075335275,0.0019127766780910069,0.0,True,True,True,coexistence
1541,Lsp,6.551285568595502,3.8179173418705266,25.012266783886883,on,18.0,ng_high_bt_low,1.0,0.001,hard_extinction,True,20,0.00040491551075335275,0.0019127766780910069,0.08098310215067056,0.3825553356182015,0.0004049155107533528,0.0019127766780910075,0.0,True,True,True,coexistence
1542,Lsp,7.196856730011514,3.8179173418705266,27.477004116468567,on,18.0,ng_low_bt_high,0.001,1.0,hard_extinction,True,20,0.0004049765967934188,0.0019127523104267772,0.08099531935868376,0.3825504620853554,0.0004049765967934188,0.0019127523104267772,0.0,True,True,True,coexistence
1543,Lsp,7.196856730011514,3.8179173418705266,27.477004116468567,on,18.0,ng_high_bt_low,1.0,0.001,hard_extinction,True,20,0.0004049765967934188,0.0019127523104267772,0.08099531935868376,0.3825504620853554,0.0004049765967934188,0.0019127523104267772,0.0,True,True,True,coexistence
1544,Lsp,7.9060432109076935,3.8179173418705266,30.184619480502224,on,18.0,ng_low_bt_high,0.001,1.0,hard_extinction,True,20,0.00040504294508291594,0.0019127257336617998,0.08100858901658319,0.38254514673235995,0.00040504294508291594,0.0019127257336617998,0.0,True,True,True,coexistence
1545,Lsp,7.9060432109076935,3.8179173418705266,30.184619480502224,on,18.0,ng_high_bt_low,1.0,0.001,hard_extinction,True,20,0.00040504294508291594,0.0019127257336617998,0.08100858901658319,0.38254514673235995,0.00040504294508291594,0.0019127257336617998,0.0,True,True,True,coexistence
1546,Lsp,8.68511373751352,3.8179173418705266,33.15904635457081,on,18.0,ng_low_bt_high,0.001,1.0,hard_extinction,True,20,0.00040511494045256515,0.0019126967591420172,0.08102298809051303,0.38253935182840343,0.00040511494045256515,0.0019126967591420172,0.0,True,True,True,coexistence
1547,Lsp,8.68511373751352,3.8179173418705266,33.15904635457081,on,18.0,ng_high_bt_low,1.0,0.001,hard_extinction,True,20,0.00040511494045256515,0.0019126967591420172,0.08102298809051303,0.38253935182840343,0.00040511494045256515,0.0019126967591420172,0.0,True,True,True,coexistence
1548,Lsp,9.540954763499935,3.8179173418705266,36.42657664956861,on,18.0,ng_low_bt_high,0.001,1.0,hard_extinction,True,20,0.0004051929831319047,0.001912665184092118,0.08103859662638094,0.38253303681842354,0.0004051929831319047,0.0019126651840921177,4.440892098500626e-16,True,True,True,coexistence
1549,Lsp,9.540954763499935,3.8179173418705266,36.42657664956861,on,18.0,ng_high_bt_low,1.0,0.001,hard_extinction,True,20,0.0004051929831319047,0.0019126651840921177,0.08103859662638094,0.3825330368184236,0.0004051929831319047,0.001912665184092118,4.440892098500626e-16,True,True,True,coexistence
1550,Lsp,10.481131341546853,3.8179173418705266,40.016093111314426,on,18.0,ng_low_bt_high,0.001,1.0,hard_extinction,True,20,0.00040527748678857766,0.0019126307909819696,0.08105549735771553,0.3825261581963939,0.00040527748678857766,0.0019126307909819696,0.0,True,True,True,coexistence
1551,Lsp,10.481131341546853,3.8179173418705266,40.016093111314426,on,18.0,ng_high_bt_low,1.0,0.001,hard_extinction,True,20,0.00040527748678857766,0.0019126307909819696,0.08105549735771553,0.3825261581963939,0.00040527748678857766,0.0019126307909819696,0.0,True,True,True,coexistence
1552,Lsp,11.513953993264469,3.8179173418705266,43.95932462438382,on,18.0,ng_low_bt_high,0.001,1.0,hard_extinction,True,20,0.0004053688759333083,0.0019125933469788066,0.08107377518666163,0.3825186693957613,0.00040536887593330817,0.0019125933469788066,0.0,True,True,True,coexistence
1553,Lsp,11.513953993264469,3.8179173418705266,43.95932462438382,on,18.0,ng_high_bt_low,1.0,0.001,hard_extinction,True,20,0.0004053688759333083,0.0019125933469788066,0.08107377518666163,0.3825186693957613,0.00040536887593330817,0.0019125933469788066,0.0,True,True,True,coexistence
1554,Lsp,12.648552168552959,3.8179173418705266,48.2911266738724,on,18.0,ng_low_bt_high,0.001,1.0,hard_extinction,True,20,0.00040546758260211993,0.0019125526035253084,0.08109351652042399,0.3825105207050617,0.00040546758260211993,0.0019125526035253084,0.0,True,True,True,coexistence
1555,Lsp,12.648552168552959,3.8179173418705266,48.2911266738724,on,18.0,ng_high_bt_low,1.0,0.001,hard_extinction,True,20,0.00040546758260211993,0.0019125526035253084,0.08109351652042399,0.3825105207050617,0.00040546758260211993,0.0019125526035253084,0.0,True,True,True,coexistence
1556,Lsp,13.894954943731374,3.8179173418705266,53.04978944418162,on,18.0,ng_low_bt_high,0.001,1.0,hard_extinction,True,20,0.0004055740422273247,0.001912508296093052,0.08111480844546494,0.3825016592186104,0.0004055740422273247,0.001912508296093052,0.0,True,True,True,coexistence
1557,Lsp,13.894954943731374,3.8179173418705266,53.04978944418162,on,18.0,ng_high_bt_low,1.0,0.001,hard_extinction,True,20,0.0004055740422273246,0.0019125082960930522,0.08111480844546493,0.38250165921861046,0.0004055740422273246,0.0019125082960930522,0.0,True,True,True,coexistence
1558,Lsp,15.264179671752318,3.8179173418705266,58.27737627821074,on,18.0,ng_low_bt_high,0.001,1.0,hard_extinction,True,20,0.0004056886886131268,0.00191246014417271,0.08113773772262534,0.382492028834542,0.00040568868861312667,0.00191246014417271,0.0,True,True,True,coexistence
1559,Lsp,15.264179671752318,3.8179173418705266,58.27737627821074,on,18.0,ng_high_bt_low,1.0,0.001,hard_extinction,True,20,0.0004056886886131268,0.00191246014417271,0.08113773772262534,0.382492028834542,0.00040568868861312667,0.00191246014417271,0.0,True,True,True,coexistence
1560,Lsp,16.768329368110066,3.8179173418705266,64.02009548870427,on,18.0,ng_low_bt_high,0.001,1.0,hard_extinction,True,20,0.0004058119479413732,0.001912407851575232,0.08116238958827464,0.3824815703150464,0.0004058119479413732,0.001912407851575232,0.0,True,True,True,coexistence
1561,Lsp,16.768329368110066,3.8179173418705266,64.02009548870427,on,18.0,ng_high_bt_low,1.0,0.001,hard_extinction,True,20,0.0004058119479413732,0.001912407851575232,0.08116238958827464,0.3824815703150464,0.0004058119479413732,0.001912407851575232,0.0,True,True,True,coexistence
1562,Lsp,18.420699693267146,3.8179173418705266,70.32870880831372,on,18.0,ng_low_bt_high,0.001,1.0,hard_extinction,True,20,0.00040594423174972145,0.0019123511071325425,0.08118884634994428,0.3824702214265085,0.0004059442317497214,0.0019123511071325425,0.0,True,True,True,coexistence
1563,Lsp,18.420699693267146,3.8179173418705266,70.32870880831372,on,18.0,ng_high_bt_low,1.0,0.001,hard_extinction,True,20,0.00040594423174972145,0.0019123511071325425,0.08118884634994428,0.3824702214265085,0.0004059442317497214,0.0019123511071325425,0.0,True,True,True,coexistence
1564,Lsp,20.235896477251554,3.8179173418705266,77.25898008879541,on,18.0,ng_low_bt_high,0.001,1.0,hard_extinction,True,20,0.0004060859288497756,0.001912289585901684,0.08121718576995512,0.3824579171803368,0.0004060859288497756,0.001912289585901684,0.0,True,True,True,coexistence
1565,Lsp,20.235896477251554,3.8179173418705266,77.25898008879541,on,18.0,ng_high_bt_low,1.0,0.001,hard_extinction,True,20,0.0004060859288497758,0.001912289585901683,0.08121718576995515,0.3824579171803366,0.0004060859288497758,0.001912289585901683,0.0,True,True,True,coexistence
1566,Lsp,22.229964825261934,3.8179173418705266,84.87216821553935,on,18.0,ng_low_bt_high,0.001,1.0,hard_extinction,True,20,0.0004062373961878102,0.0019122229509912544,0.08124747923756205,0.38244459019825094,0.00040623739618781025,0.0019122229509912548,4.440892098500626e-16,True,True,True,coexistence
1567,Lsp,22.229964825261934,3.8179173418705266,84.87216821553935,on,18.0,ng_high_bt_low,1.0,0.001,hard_extinction,True,20,0.0004062373961878102,0.0019122229509912544,0.08124747923756205,0.38244459019825094,0.00040623739618781025,0.0019122229509912548,4.440892098500626e-16,True,True,True,coexistence
1568,Lsp,24.420530945486497,3.8179173418705266,93.23556859445874,on,18.0,ng_low_bt_high,0.001,1.0,hard_extinction,True,20,0.0004063989486971051,0.0019121508561430922,0.08127978973942103,0.38243017122861844,0.0004063989486971051,0.0019121508561430922,0.0,True,True,True,coexistence
1569,Lsp,24.420530945486497,3.8179173418705266,93.23556859445874,on,18.0,ng_high_bt_low,1.0,0.001,hard_extinction,True,20,0.0004063989486971051,0.0019121508561430922,0.08127978973942103,0.38243017122861844,0.0004063989486971051,0.0019121508561430922,0.0,True,True,True,coexistence
1570,Lsp,26.826957952797247,3.8179173418705266,102.42310799761604,on,18.0,ng_low_bt_high,0.001,1.0,hard_extinction,True,20,0.0004065708482488956,0.0019120729492125474,0.08131416964977912,0.3824145898425095,0.00040657084824889564,0.0019120729492125474,0.0,True,True,True,coexistence
1571,Lsp,26.826957952797247,3.8179173418705266,102.42310799761604,on,18.0,ng_high_bt_low,1.0,0.001,hard_extinction,True,20,0.0004065708482488956,0.0019120729492125474,0.08131416964977912,0.3824145898425095,0.00040657084824889564,0.0019120729492125474,0.0,True,True,True,coexistence
1572,Lsp,29.4705170255181,3.8179173418705266,112.51599802561616,on,18.0,ng_low_bt_high,0.001,1.0,hard_extinction,True,20,0.00040675329187852383,0.0019119888766957623,0.08135065837570475,0.3823977753391525,0.0004067532918785238,0.0019119888766957623,0.0,True,True,True,coexistence
1573,Lsp,29.4705170255181,3.8179173418705266,112.51599802561616,on,18.0,ng_high_bt_low,1.0,0.001,hard_extinction,True,20,0.00040675329187852383,0.0019119888766957623,0.08135065837570475,0.3823977753391525,0.0004067532918785238,0.0019119888766957623,0.0,True,True,True,coexistence
1574,Lsp,32.374575428176435,3.8179173418705266,123.60345296293023,on,18.0,ng_low_bt_high,0.001,1.0,hard_extinction,True,20,0.00040694639954323676,0.0019118982894477683,0.08138927990864735,0.38237965788955364,0.00040694639954323676,0.0019118982894477683,0.0,True,True,True,coexistence
1575,Lsp,32.374575428176435,3.8179173418705266,123.60345296293023,on,18.0,ng_high_bt_low,1.0,0.001,hard_extinction,True,20,0.0004069463995432366,0.0019118982894477678,0.08138927990864732,0.3823796578895536,0.0004069463995432366,0.0019118982894477678,0.0,True,True,True,coexistence
1576,Lsp,35.56480306223125,3.8179173418705266,135.7834783715027,on,18.0,ng_low_bt_high,0.001,1.0,hard_extinction,True,20,0.0004071502017547834,0.0019118008497178859,0.08143004035095665,0.3823601699435772,0.00040715020175478324,0.0019118008497178859,0.0,True,True,True,coexistence
1577,Lsp,35.56480306223125,3.8179173418705266,135.7834783715027,on,18.0,ng_high_bt_low,1.0,0.001,hard_extinction,True,20,0.0004071502017547834,0.0019118008497178859,0.08143004035095665,0.3823601699435772,0.00040715020175478324,0.0019118008497178859,0.0,True,True,True,coexistence
1578,Lsp,39.06939937054613,3.8179173418705266,149.1637373932735,on,18.0,ng_low_bt_high,0.001,1.0,hard_extinction,True,20,0.0004073646275191463,0.00191169623959366,0.08147292550382923,0.38233924791873203,0.00040736462751914614,0.00191169623959366,0.0,True,True,True,coexistence
1579,Lsp,39.06939937054613,3.8179173418705266,149.1637373932735,on,18.0,ng_high_bt_low,1.0,0.001,hard_extinction,True,20,0.0004073646275191463,0.00191169623959366,0.08147292550382923,0.38233924791873203,0.00040736462751914614,0.00191169623959366,0.0,True,True,True,coexistence
1580,Lsp,42.91934260128774,3.8179173418705266,163.86250241913893,on,18.0,ng_low_bt_high,0.001,1.0,hard_extinction,True,20,0.0004075894930999705,0.001911584170887086,0.08151789861999403,0.3823168341774172,0.0004075894930999702,0.001911584170887086,4.440892098500626e-16,True,True,True,coexistence
1581,Lsp,42.91934260128774,3.8179173418705266,163.86250241913893,on,18.0,ng_high_bt_low,1.0,0.001,hard_extinction,True,20,0.0004075894930999705,0.001911584170887086,0.08151789861999403,0.3823168341774172,0.0004075894930999702,0.001911584170887086,4.440892098500626e-16,True,True,True,coexistence
1582,Lsp,47.1486636345739,3.8179173418705266,180.00970053645995,on,18.0,ng_low_bt_high,0.001,1.0,hard_extinction,True,20,0.00040782449219291613,0.0019114643964133482,0.0815648984385832,0.3822928792826701,0.00040782449219291597,0.0019114643964133504,4.440892098500626e-16,True,True,True,coexistence
1583,Lsp,47.1486636345739,3.8179173418705266,180.00970053645995,on,18.0,ng_high_bt_low,1.0,0.001,hard_extinction,True,20,0.00040782449219291613,0.0019114643964133482,0.0815648984385832,0.3822928792826701,0.00040782449219291597,0.0019114643964133504,4.440892098500626e-16,True,True,True,coexistence
1584,Lsp,51.794746792312075,3.8179173418705266,197.7480619961611,on,18.0,ng_low_bt_high,0.001,1.0,hard_extinction,True,20,0.00040806918814459544,0.0019113367225006138,0.08161383762891909,0.3822673445001228,0.00040806918814459544,0.0019113367225006138,0.0,True,True,True,coexistence
1585,Lsp,51.794746792312075,3.8179173418705266,197.7480619961611,on,18.0,ng_high_bt_low,1.0,0.001,hard_extinction,True,20,0.00040806918814459544,0.0019113367225006138,0.08161383762891909,0.3822673445001228,0.00040806918814459544,0.0019113367225006138,0.0,True,True,True,coexistence
1586,Lsp,56.89866029018293,3.8179173418705266,217.2343818510893,on,18.0,ng_low_bt_high,0.001,1.0,hard_extinction,True,20,0.000408323008861404,0.001911201022430539,0.08166460177228081,0.3822402044861078,0.00040832300886140406,0.001911201022430539,0.0,True,True,True,coexistence
1587,Lsp,56.89866029018293,3.8179173418705266,217.2343818510893,on,18.0,ng_high_bt_low,1.0,0.001,hard_extinction,True,20,0.000408323008861404,0.001911201022430539,0.08166460177228081,0.3822402044861078,0.00040832300886140406,0.001911201022430539,0.0,True,True,True,coexistence
1588,Lsp,62.505519252739695,3.8179173418705266,238.64090591765697,on,18.0,ng_low_bt_high,0.001,1.0,hard_extinction,True,20,0.00040858524501986333,0.001911057250348817,0.08171704900397267,0.3822114500697634,0.00040858524501986333,0.001911057250348817,0.0,True,True,True,coexistence
1589,Lsp,62.505519252739695,3.8179173418705266,238.64090591765697,on,18.0,ng_high_bt_low,1.0,0.001,hard_extinction,True,20,0.00040858524501986333,0.001911057250348817,0.08171704900397267,0.3822114500697634,0.00040858524501986333,0.001911057250348817,0.0,True,True,True,coexistence
1590,Lsp,68.66488450042998,3.8179173418705266,262.15685331172836,on,18.0,ng_low_bt_high,0.001,1.0,hard_extinction,True,20,0.0004088550521041299,0.0019109054550147733,0.08177101042082598,0.38218109100295466,0.0004088550521041299,0.0019109054550147733,0.0,True,True,True,coexistence
1591,Lsp,68.66488450042998,3.8179173418705266,262.15685331172836,on,18.0,ng_high_bt_low,1.0,0.001,hard_extinction,True,20,0.0004088550521041299,0.0019109054550147733,0.08177101042082598,0.38218109100295466,0.0004088550521041299,0.0019109054550147733,0.0,True,True,True,coexistence
1592,Lsp,75.43120063354615,3.8179173418705266,287.99008901693094,on,18.0,ng_low_bt_high,0.001,1.0,hard_extinction,True,20,0.00040913145665476535,0.0019107457925968887,0.08182629133095305,0.38214915851937775,0.00040913145665476524,0.0019107457925968887,0.0,True,True,True,coexistence
1593,Lsp,75.43120063354615,3.8179173418705266,287.99008901693094,on,18.0,ng_high_bt_low,1.0,0.001,hard_extinction,True,20,0.00040913145665476535,0.0019107457925968887,0.08182629133095305,0.38214915851937775,0.00040913145665476524,0.0019107457925968887,0.0,True,True,True,coexistence
1594,Lsp,82.86427728546842,3.8179173418705266,316.36896126975785,on,18.0,ng_low_bt_high,0.001,1.0,hard_extinction,True,20,0.0004094133669190681,0.0019105785375912437,0.08188267338381362,0.38211570751824875,0.0004094133669190681,0.0019105785375912437,0.0,True,True,True,coexistence
1595,Lsp,82.86427728546842,3.8179173418705266,316.36896126975785,on,18.0,ng_high_bt_low,1.0,0.001,hard_extinction,True,20,0.0004094133669190681,0.0019105785375912437,0.08188267338381362,0.38211570751824875,0.0004094133669190681,0.0019105785375912437,0.0,True,True,True,coexistence
1596,Lsp,91.02981779915208,3.8179173418705266,347.5443200026971,on,18.0,ng_low_bt_high,0.001,1.0,hard_extinction,True,20,0.0004096995878572094,0.0019104040908696773,0.08193991757144187,0.38208081817393547,0.00040969958785720933,0.0019104040908696773,0.0,True,True,True,coexistence
1597,Lsp,91.02981779915208,3.8179173418705266,347.5443200026971,on,18.0,ng_high_bt_low,1.0,0.001,hard_extinction,True,20,0.0004096995878572094,0.0019104040908696773,0.08193991757144187,0.38208081817393547,0.00040969958785720933,0.0019104040908696773,0.0,True,True,True,coexistence
1598,Lsp,100.0,3.8179173418705266,381.79173418705267,on,18.0,ng_low_bt_high,0.001,1.0,hard_extinction,True,20,0.0004099888401973765,0.0019102229838818907,0.0819977680394753,0.38204459677637814,0.0004099888401973765,0.0019102229838818907,0.0,True,True,True,coexistence
1599,Lsp,100.0,3.8179173418705266,381.79173418705267,on,18.0,ng_high_bt_low,1.0,0.001,hard_extinction,True,20,0.0004099888401973765,0.0019102229838818907,0.0819977680394753,0.38204459677637814,0.0004099888401973765,0.0019102229838818907,0.0,True,True,True,coexistence
1600,Mi,0.0,0.8517508985424496,0.0,on,8.0,ng_low_bt_high,0.001,1.0,hard_extinction,True,20,0.0019262428693724474,0.0019130364855773276,0.3852485738744909,0.38260729711546526,0.0019262428693724546,0.0019130364855773263,1.7763568394002505e-15,True,True,True,coexistence
1601,Mi,0.0,0.8517508985424496,0.0,on,8.0,ng_high_bt_low,1.0,0.001,hard_extinction,True,20,0.0019262428693724474,0.0019130364855773276,0.3852485738744909,0.38260729711546526,0.0019262428693724546,0.0019130364855773263,1.7763568394002505e-15,True,True,True,coexistence
1602,Mi,0.01,0.8517508985424496,0.008517508985424495,on,8.0,ng_low_bt_high,0.001,1.0,hard_extinction,True,20,0.0019262641274733901,0.001912936820765174,0.3852528254946771,0.3825873641530358,0.0019262641274733856,0.001912936820765179,1.3322676295501878e-15,True,True,True,coexistence
1603,Mi,0.01,0.8517508985424496,0.008517508985424495,on,8.0,ng_high_bt_low,1.0,0.001,hard_extinction,True,20,0.0019262641274733901,0.001912936820765174,0.3852528254946771,0.3825873641530358,0.0019262641274733856,0.001912936820765179,1.3322676295501878e-15,True,True,True,coexistence
1604,Mi,0.010985411419875584,0.8517508985424496,0.009356834047737515,on,8.0,ng_low_bt_high,0.001,1.0,hard_extinction,True,20,0.001926266225580455,0.001912926964359448,0.38525324511609216,0.38258539287188936,0.0019262662255804608,0.0019129269643594468,1.3322676295501878e-15,True,True,True,coexistence
1605,Mi,0.010985411419875584,0.8517508985424496,0.009356834047737515,on,8.0,ng_high_bt_low,1.0,0.001,hard_extinction,True,20,0.001926266225580455,0.001912926964359448,0.38525324511609216,0.38258539287188936,0.0019262662255804608,0.0019129269643594468,1.3322676295501878e-15,True,True,True,coexistence
1606,Mi,0.012067926406393288,0.8517508985424496,0.010278867160189638,on,8.0,ng_low_bt_high,0.001,1.0,hard_extinction,True,20,0.001926268531124904,0.0019129161293726649,0.38525370622498156,0.38258322587453203,0.0019262685311249078,0.0019129161293726601,8.881784197001252e-16,True,True,True,coexistence
1607,Mi,0.012067926406393288,0.8517508985424496,0.010278867160189638,on,8.0,ng_high_bt_low,1.0,0.001,hard_extinction,True,20,0.001926268531124904,0.0019129161293726649,0.38525370622498156,0.38258322587453203,0.0019262685311249078,0.0019129161293726601,8.881784197001252e-16,True,True,True,coexistence
1608,Mi,0.013257113655901088,0.8517508985424496,0.01129175846849313,on,8.0,ng_low_bt_high,0.001,1.0,hard_extinction,True,20,0.0019262710646910084,0.00191290421785566,0.38525421293820133,0.3825808435711304,0.0019262710646910067,0.0019129042178556521,1.7763568394002505e-15,True,True,True,coexistence
1609,Mi,0.013257113655901088,0.8517508985424496,0.01129175846849313,on,8.0,ng_high_bt_low,1.0,0.001,hard_extinction,True,20,0.0019262710646910084,0.00191290421785566,0.38525421293820133,0.3825808435711304,0.0019262710646910067,0.0019129042178556521,1.7763568394002505e-15,True,True,True,coexistence
1610,Mi,0.014563484775012436,0.8517508985424496,0.012404461243026126,on,8.0,ng_low_bt_high,0.001,1.0,hard_extinction,True,20,0.0019262738489214002,0.001912891121891568,0.38525476978428064,0.38257822437831407,0.0019262738489214033,0.0019128911218915703,4.440892098500626e-16,True,True,True,coexistence
1611,Mi,0.014563484775012436,0.8517508985424496,0.012404461243026126,on,8.0,ng_high_bt_low,1.0,0.001,hard_extinction,True,20,0.0019262738489214002,0.001912891121891568,0.38525476978428064,0.38257822437831407,0.0019262738489214033,0.0019128911218915703,4.440892098500626e-16,True,True,True,coexistence
1612,Mi,0.015998587196060583,0.8517508985424496,0.01362681101965433,on,8.0,ng_low_bt_high,0.001,1.0,hard_extinction,True,20,0.001926276908726196,0.0019128767225477714,0.38525538174523916,0.38257534450955283,0.0019262769087261958,0.0019128767225477642,1.7763568394002505e-15,True,True,True,coexistence
1613,Mi,0.015998587196060583,0.8517508985424496,0.01362681101965433,on,8.0,ng_high_bt_low,1.0,0.001,hard_extinction,True,20,0.001926276908726196,0.0019128767225477714,0.38525538174523916,0.38257534450955283,0.0019262769087261958,0.0019128767225477642,1.7763568394002505e-15,True,True,True,coexistence
1614,Mi,0.017575106248547922,0.8517508985424496,0.014969612539179713,on,8.0,ng_low_bt_high,0.001,1.0,hard_extinction,True,20,0.0019262802715140366,0.0019128608887107887,0.3852560543028075,0.3825721777421591,0.0019262802715140376,0.0019128608887107957,1.7763568394002505e-15,True,True,True,coexistence
1615,Mi,0.017575106248547922,0.8517508985424496,0.014969612539179713,on,8.0,ng_high_bt_low,1.0,0.001,hard_extinction,True,20,0.0019262802715140366,0.0019128608887107887,0.3852560543028075,0.3825721777421591,0.0019262802715140376,0.0019128608887107957,1.7763568394002505e-15,True,True,True,coexistence
1616,Mi,0.019306977288832496,0.8517508985424496,0.016444735253901745,on,8.0,ng_low_bt_high,0.001,1.0,hard_extinction,True,20,0.0019262839674475934,0.0019128434757896857,0.38525679348951936,0.38256869515793834,0.0019262839674475968,0.0019128434757896917,1.3322676295501878e-15,True,True,True,coexistence
1617,Mi,0.019306977288832496,0.8517508985424496,0.016444735253901745,on,8.0,ng_high_bt_low,1.0,0.001,hard_extinction,True,20,0.0019262839674475934,0.0019128434757896857,0.38525679348951936,0.38256869515793834,0.0019262839674475968,0.0019128434757896917,1.3322676295501878e-15,True,True,True,coexistence
1618,Mi,0.021209508879201904,0.8517508985424496,0.018065218245504285,on,8.0,ng_low_bt_high,0.001,1.0,hard_extinction,True,20,0.0019262880297261644,0.001912824324271422,0.3852576059452339,0.38256486485428626,0.0019262880297261694,0.0019128243242714314,2.220446049250313e-15,True,True,True,coexistence
1619,Mi,0.021209508879201904,0.8517508985424496,0.018065218245504285,on,8.0,ng_high_bt_low,1.0,0.001,hard_extinction,True,20,0.0019262880297261644,0.001912824324271422,0.3852576059452339,0.38256486485428626,0.0019262880297261694,0.0019128243242714314,2.220446049250313e-15,True,True,True,coexistence
1620,Mi,0.023299518105153717,0.8517508985424496,0.019845385481670752,on,8.0,ng_low_bt_high,0.001,1.0,hard_extinction,True,20,0.0019262924948985724,0.0019128032581094748,0.385258498979715,0.38256065162189595,0.0019262924948985748,0.0019128032581094798,8.881784197001252e-16,True,True,True,coexistence
1621,Mi,0.023299518105153717,0.8517508985424496,0.019845385481670752,on,8.0,ng_high_bt_low,1.0,0.001,hard_extinction,True,20,0.0019262924948985724,0.0019128032581094748,0.385258498979715,0.38256065162189595,0.0019262924948985748,0.0019128032581094798,8.881784197001252e-16,True,True,True,coexistence
1622,Mi,0.025595479226995357,0.8517508985424496,0.021800972430217898,on,8.0,ng_low_bt_high,0.001,1.0,hard_extinction,True,20,0.001926297403209791,0.0019127800829237878,0.38525948064195764,0.38255601658475535,0.0019262974032097882,0.0019127800829237768,2.6645352591003757e-15,True,True,True,coexistence
1623,Mi,0.025595479226995357,0.8517508985424496,0.021800972430217898,on,8.0,ng_high_bt_low,1.0,0.001,hard_extinction,True,20,0.001926297403209791,0.0019127800829237878,0.38525948064195764,0.38255601658475535,0.0019262974032097882,0.0019127800829237768,2.6645352591003757e-15,True,True,True,coexistence
1624,Mi,0.028117686979742307,0.8517508985424496,0.023949265149930846,on,8.0,ng_low_bt_high,0.001,1.0,hard_extinction,True,20,0.001926302798985323,0.0019127545839874728,0.3852605597970642,0.38255091679749276,0.001926302798985321,0.0019127545839874639,2.220446049250313e-15,True,True,True,coexistence
1625,Mi,0.028117686979742307,0.8517508985424496,0.023949265149930846,on,8.0,ng_high_bt_low,1.0,0.001,hard_extinction,True,20,0.001926302798985323,0.0019127545839874728,0.3852605597970642,0.38255091679749276,0.001926302798985321,0.0019127545839874639,2.220446049250313e-15,True,True,True,coexistence
1626,Mi,0.030888435964774818,0.8517508985424496,0.026309253087567867,on,8.0,ng_low_bt_high,0.001,1.0,hard_extinction,True,20,0.0019263087310578129,0.0019127265239713884,0.38526174621156223,0.38254530479427756,0.0019263087310578111,0.0019127265239713878,0.0,True,True,True,coexistence
1627,Mi,0.030888435964774818,0.8517508985424496,0.026309253087567867,on,8.0,ng_high_bt_low,1.0,0.001,hard_extinction,True,20,0.0019263087310578129,0.0019127265239713884,0.38526174621156223,0.38254530479427756,0.0019263087310578111,0.0019127265239713878,0.0,True,True,True,coexistence
1628,Mi,0.03393221771895328,0.8517508985424496,0.028901796931656485,on,8.0,ng_low_bt_high,0.001,1.0,hard_extinction,True,20,0.0019263152532409764,0.001912695640413286,0.38526305064819527,0.38253912808265594,0.0019263152532409764,0.0019126956404132798,1.3322676295501878e-15,True,True,True,coexistence
1629,Mi,0.03393221771895328,0.8517508985424496,0.028901796931656485,on,8.0,ng_high_bt_low,1.0,0.001,hard_extinction,True,20,0.0019263152532409764,0.001912695640413286,0.38526305064819527,0.38253912808265594,0.0019263152532409764,0.0019126956404132798,1.3322676295501878e-15,True,True,True,coexistence
1630,Mi,0.0372759372031494,0.8517508985424496,0.03174981300679443,on,8.0,ng_low_bt_high,0.001,1.0,hard_extinction,True,20,0.0019263224248568295,0.0019126616428732082,0.3852644849713657,0.38253232857464314,0.0019263224248568284,0.0019126616428732158,1.7763568394002505e-15,True,True,True,coexistence
1631,Mi,0.0372759372031494,0.8517508985424496,0.03174981300679443,on,8.0,ng_high_bt_low,1.0,0.001,hard_extinction,True,20,0.0019263224248568295,0.0019126616428732082,0.3852644849713657,0.38253232857464314,0.0019263224248568284,0.0019126616428732158,1.7763568394002505e-15,True,True,True,coexistence
1632,Mi,0.040949150623804234,0.8517508985424496,0.03487847583837537,on,8.0,ng_low_bt_high,0.001,1.0,hard_extinction,True,20,0.001926330311322688,0.0019126242097302804,0.38526606226453797,0.3825248419460549,0.0019263303113226898,0.0019126242097302745,1.3322676295501878e-15,True,True,True,coexistence
1633,Mi,0.040949150623804234,0.8517508985424496,0.03487847583837537,on,8.0,ng_high_bt_low,1.0,0.001,hard_extinction,True,20,0.001926330311322688,0.0019126242097302804,0.38526606226453797,0.3825248419460549,0.0019263303113226898,0.0019126242097302745,1.3322676295501878e-15,True,True,True,coexistence
1634,Mi,0.04498432668969444,0.8517508985424496,0.03831544067827433,on,8.0,ng_low_bt_high,0.001,1.0,hard_extinction,True,20,0.001926338984805905,0.001912582984568399,0.38526779696118185,0.38251659691368023,0.0019263389848059092,0.0019125829845684011,1.3322676295501878e-15,True,True,True,coexistence
1635,Mi,0.04498432668969444,0.8517508985424496,0.03831544067827433,on,8.0,ng_high_bt_low,1.0,0.001,hard_extinction,True,20,0.001926338984805905,0.001912582984568399,0.38526779696118185,0.38251659691368023,0.0019263389848059092,0.0019125829845684011,1.3322676295501878e-15,True,True,True,coexistence
1636,Mi,0.04941713361323833,0.8517508985424496,0.04209108795846803,on,8.0,ng_low_bt_high,0.001,1.0,hard_extinction,True,20,0.0019263485249550166,0.001912537572090035,0.3852697049910041,0.3825075144180068,0.0019263485249550205,0.001912537572090034,8.881784197001252e-16,True,True,True,coexistence
1637,Mi,0.04941713361323833,0.8517508985424496,0.04209108795846803,on,8.0,ng_high_bt_low,1.0,0.001,hard_extinction,True,20,0.0019263485249550166,0.001912537572090035,0.3852697049910041,0.3825075144180068,0.0019263485249550205,0.001912537572090034,8.881784197001252e-16,True,True,True,coexistence
1638,Mi,0.054286754393238594,0.8517508985424496,0.046238791833394244,on,8.0,ng_low_bt_high,0.001,1.0,hard_extinction,True,20,0.001926359019717571,0.0019124875334858868,0.38527180394351485,0.3824975066971765,0.0019263590197175742,0.0019124875334858827,8.881784197001252e-16,True,True,True,coexistence
1639,Mi,0.054286754393238594,0.8517508985424496,0.046238791833394244,on,8.0,ng_high_bt_low,1.0,0.001,hard_extinction,True,20,0.001926359019717571,0.0019124875334858868,0.38527180394351485,0.3824975066971765,0.0019263590197175742,0.0019124875334858827,8.881784197001252e-16,True,True,True,coexistence
1640,Mi,0.05963623316594643,0.8517508985424496,0.0507952151847819,on,8.0,ng_low_bt_high,0.001,1.0,hard_extinction,True,20,0.0019263705662567452,0.0019124323811763,0.38527411325134914,0.3824864762352613,0.0019263705662567457,0.0019124323811763064,1.3322676295501878e-15,True,True,True,coexistence
1641,Mi,0.05963623316594643,0.8517508985424496,0.0507952151847819,on,8.0,ng_high_bt_low,1.0,0.001,hard_extinction,True,20,0.0019263705662567452,0.0019124323811763,0.38527411325134914,0.3824864762352613,0.0019263705662567457,0.0019124323811763064,1.3322676295501878e-15,True,True,True,coexistence
1642,Mi,0.0655128556859551,0.8517508985424496,0.055800633696594076,on,8.0,ng_low_bt_high,0.001,1.0,hard_extinction,True,20,0.0019263832719804267,0.0019123715728241505,0.3852766543960837,0.38247431456482944,0.0019263832719804185,0.0019123715728241472,1.7763568394002505e-15,True,True,True,coexistence
1643,Mi,0.0655128556859551,0.8517508985424496,0.055800633696594076,on,8.0,ng_high_bt_low,1.0,0.001,hard_extinction,True,20,0.0019263832719804267,0.0019123715728241505,0.3852766543960837,0.38247431456482944,0.0019263832719804185,0.0019123715728241472,1.7763568394002505e-15,True,True,True,coexistence
1644,Mi,0.07196856730011521,0.8517508985424496,0.061299291864685884,on,8.0,ng_low_bt_high,0.001,1.0,hard_extinction,True,20,0.0019263972556992082,0.0019123045045012189,0.3852794511398404,0.38246090090024326,0.001926397255699202,0.0019123045045012163,1.3322676295501878e-15,True,True,True,coexistence
1645,Mi,0.07196856730011521,0.8517508985424496,0.061299291864685884,on,8.0,ng_high_bt_low,1.0,0.001,hard_extinction,True,20,0.0019263972556992082,0.0019123045045012189,0.3852794511398404,0.38246090090024326,0.001926397255699202,0.0019123045045012163,1.3322676295501878e-15,True,True,True,coexistence
1646,Mi,0.07906043210907697,0.8517508985424496,0.06733979408806064,on,8.0,ng_low_bt_high,0.001,1.0,hard_extinction,True,20,0.001926412648932443,0.0019122305028672917,0.38528252978648825,0.38244610057345724,0.0019264126489324412,0.0019122305028672862,8.881784197001252e-16,True,True,True,coexistence
1647,Mi,0.07906043210907697,0.8517508985424496,0.06733979408806064,on,8.0,ng_high_bt_low,1.0,0.001,hard_extinction,True,20,0.001926412648932443,0.0019122305028672917,0.38528252978648825,0.38244610057345724,0.0019264126489324412,0.0019122305028672862,8.881784197001252e-16,True,True,True,coexistence
1648,Mi,0.08685113737513525,0.8517508985424496,0.07397553429870518,on,8.0,ng_low_bt_high,0.001,1.0,hard_extinction,True,20,0.0019264295973849788,0.001912148816194279,0.3852859194769945,0.3824297632388552,0.0019264295973849723,0.001912148816194276,1.7763568394002505e-15,True,True,True,coexistence
1649,Mi,0.08685113737513525,0.8517508985424496,0.07397553429870518,on,8.0,ng_high_bt_low,1.0,0.001,hard_extinction,True,20,0.0019264295973849788,0.001912148816194279,0.3852859194769945,0.3824297632388552,0.0019264295973849723,0.001912148816194276,1.7763568394002505e-15,True,True,True,coexistence
1650,Mi,0.09540954763499938,0.8517508985424496,0.08126516792763937,on,8.0,ng_low_bt_high,0.001,1.0,hard_extinction,True,20,0.0019264482626215127,0.001912058604034845,0.38528965252430275,0.3824117208069705,0.0019264482626215138,0.0019120586040348524,1.7763568394002505e-15,True,True,True,coexistence
1651,Mi,0.09540954763499938,0.8517508985424496,0.08126516792763937,on,8.0,ng_high_bt_low,1.0,0.001,hard_extinction,True,20,0.0019264482626215127,0.001912058604034845,0.38528965252430275,0.3824117208069705,0.0019264482626215138,0.0019120586040348524,1.7763568394002505e-15,True,True,True,coexistence
1652,Mi,0.10481131341546858,0.8517508985424496,0.08927313037903967,on,8.0,ng_low_bt_high,0.001,1.0,hard_extinction,True,20,0.0019264688239708095,0.0019119589252947116,0.3852937647941608,0.38239178505894184,0.0019264688239708039,0.0019119589252947092,1.3322676295501878e-15,True,True,True,coexistence
1653,Mi,0.10481131341546858,0.8517508985424496,0.08927313037903967,on,8.0,ng_high_bt_low,1.0,0.001,hard_extinction,True,20,0.0019264688239708095,0.0019119589252947116,0.3852937647941608,0.38239178505894184,0.0019264688239708039,0.0019119589252947092,1.3322676295501878e-15,True,True,True,coexistence
1654,Mi,0.1151395399326447,0.8517508985424496,0.09807020659539438,on,8.0,ng_low_bt_high,0.001,1.0,hard_extinction,True,20,0.0019264914806980272,0.001911848724418695,0.3852982961396046,0.382369744883739,0.0019264914806980228,0.001911848724418695,8.881784197001252e-16,True,True,True,coexistence
1655,Mi,0.1151395399326447,0.8517508985424496,0.09807020659539438,on,8.0,ng_high_bt_low,1.0,0.001,hard_extinction,True,20,0.0019264914806980272,0.001911848724418695,0.3852982961396046,0.382369744883739,0.0019264914806980228,0.001911848724418695,8.881784197001252e-16,True,True,True,coexistence
1656,Mi,0.12648552168552957,0.8517508985424496,0.1077341567482603,on,8.0,ng_low_bt_high,0.001,1.0,hard_extinction,True,20,0.0019265164544919123,0.0019117268153401935,0.38530329089838333,0.38234536306803596,0.0019265164544919166,0.0019117268153401798,3.1086244689504383e-15,True,True,True,coexistence
1657,Mi,0.12648552168552957,0.8517508985424496,0.1077341567482603,on,8.0,ng_high_bt_low,1.0,0.001,hard_extinction,True,20,0.0019265164544919123,0.0019117268153401935,0.38530329089838333,0.38234536306803596,0.0019265164544919166,0.0019117268153401798,3.1086244689504383e-15,True,True,True,coexistence
1658,Mi,0.13894954943731375,0.8517508985424496,0.1183504035853005,on,8.0,ng_low_bt_high,0.001,1.0,hard_extinction,True,20,0.0019265439923228803,0.001911591862769193,0.38530879846457616,0.3823183725538395,0.0019265439923228807,0.0019115918627691975,1.3322676295501878e-15,True,True,True,coexistence
1659,Mi,0.13894954943731375,0.8517508985424496,0.1183504035853005,on,8.0,ng_high_bt_low,1.0,0.001,hard_extinction,True,20,0.0019265439923228803,0.001911591862769193,0.38530879846457616,0.3823183725538395,0.0019265439923228807,0.0019115918627691975,1.3322676295501878e-15,True,True,True,coexistence
1660,Mi,0.15264179671752334,0.8517508985424496,0.13001278750928444,on,8.0,ng_low_bt_high,0.001,1.0,hard_extinction,True,20,0.0019265743697404459,0.0019114423603020655,0.38531487394808867,0.38228847206041183,0.0019265743697404432,0.0019114423603020592,1.3322676295501878e-15,True,True,True,coexistence
1661,Mi,0.15264179671752334,0.8517508985424496,0.13001278750928444,on,8.0,ng_high_bt_low,1.0,0.001,hard_extinction,True,20,0.0019265743697404459,0.0019114423603020655,0.38531487394808867,0.38228847206041183,0.0019265743697404432,0.0019114423603020592,1.3322676295501878e-15,True,True,True,coexistence
1662,Mi,0.16768329368110074,0.8517508985424496,0.142824396063435,on,8.0,ng_low_bt_high,0.001,1.0,hard_extinction,True,20,0.0019266078946938582,0.0019112766047218702,0.38532157893877317,0.38225532094437426,0.0019266078946938658,0.0019112766047218713,1.7763568394002505e-15,True,True,True,coexistence
1663,Mi,0.16768329368110074,0.8517508985424496,0.142824396063435,on,8.0,ng_high_bt_low,1.0,0.001,hard_extinction,True,20,0.0019266078946938582,0.0019112766047218702,0.38532157893877317,0.38225532094437426,0.0019266078946938658,0.0019112766047218713,1.7763568394002505e-15,True,True,True,coexistence
1664,Mi,0.18420699693267154,0.8517508985424496,0.15689847515520924,on,8.0,ng_low_bt_high,0.001,1.0,hard_extinction,True,20,0.0019266449119788095,0.0019110926657160679,0.385328982395761,0.38221853314321264,0.0019266449119788051,0.001911092665716063,8.881784197001252e-16,True,True,True,coexistence
1665,Mi,0.18420699693267154,0.8517508985424496,0.15689847515520924,on,8.0,ng_high_bt_low,1.0,0.001,hard_extinction,True,20,0.0019266449119788095,0.0019110926657160679,0.385328982395761,0.38221853314321264,0.0019266449119788051,0.001911092665716063,8.881784197001252e-16,True,True,True,coexistence
1666,Mi,0.20235896477251566,0.8517508985424496,0.1723594300731101,on,8.0,ng_low_bt_high,0.001,1.0,hard_extinction,True,20,0.0019266858084373603,0.0019108883500600065,0.3853371616874723,0.3821776700120026,0.0019266858084373614,0.001910888350060013,1.3322676295501878e-15,True,True,True,coexistence
1667,Mi,0.20235896477251566,0.8517508985424496,0.1723594300731101,on,8.0,ng_high_bt_low,1.0,0.001,hard_extinction,True,20,0.0019266858084373603,0.0019108883500600065,0.3853371616874723,0.3821776700120026,0.0019266858084373614,0.001910888350060013,1.3322676295501878e-15,True,True,True,coexistence
1668,Mi,0.22229964825261944,0.8517508985424496,0.18934392514483908,on,8.0,ng_low_bt_high,0.001,1.0,hard_extinction,True,20,0.0019267310190691747,0.0019106611590923772,0.3853462038138351,0.3821322318184762,0.0019267310190691756,0.0019106611590923811,8.881784197001252e-16,True,True,True,coexistence
1669,Mi,0.22229964825261944,0.8517508985424496,0.18934392514483908,on,8.0,ng_high_bt_low,1.0,0.001,hard_extinction,True,20,0.0019267310190691747,0.0019106611590923772,0.3853462038138351,0.3821322318184762,0.0019267310190691756,0.0019106611590923811,8.881784197001252e-16,True,True,True,coexistence
1670,Mi,0.2442053094548651,0.8517508985424496,0.2080020917570183,on,8.0,ng_low_bt_high,0.001,1.0,hard_extinction,True,20,0.001926781034250826,0.0019104082380268874,0.38535620685016553,0.38208164760537644,0.0019267810342508277,0.0019104082380268822,1.3322676295501878e-15,True,True,True,coexistence
1671,Mi,0.2442053094548651,0.8517508985424496,0.2080020917570183,on,8.0,ng_high_bt_low,1.0,0.001,hard_extinction,True,20,0.001926781034250826,0.0019104082380268874,0.38535620685016553,0.38208164760537644,0.0019267810342508277,0.0019104082380268822,1.3322676295501878e-15,True,True,True,coexistence
1672,Mi,0.2682695795279725,0.8517508985424496,0.2284988554145557,on,8.0,ng_low_bt_high,0.001,1.0,hard_extinction,True,20,0.0019268364083101488,0.0019101263152901296,0.3853672816620304,0.38202526305802653,0.0019268364083101519,0.0019101263152901326,8.881784197001252e-16,True,True,True,coexistence
1673,Mi,0.2682695795279725,0.8517508985424496,0.2284988554145557,on,8.0,ng_high_bt_low,1.0,0.001,hard_extinction,True,20,0.0019268364083101488,0.0019101263152901296,0.3853672816620304,0.38202526305802653,0.0019268364083101519,0.0019101263152901326,8.881784197001252e-16,True,True,True,coexistence
1674,Mi,0.29470517025518095,0.8517508985424496,0.25101539356995595,on,8.0,ng_low_bt_high,0.001,1.0,hard_extinction,True,20,0.0019268977697664421,0.0019098116296240762,0.3853795539532884,0.3819623259248168,0.001926897769766442,0.0019098116296240842,1.7763568394002505e-15,True,True,True,coexistence
1675,Mi,0.29470517025518095,0.8517508985424496,0.25101539356995595,on,8.0,ng_high_bt_low,1.0,0.001,hard_extinction,True,20,0.0019268977697664421,0.0019098116296240762,0.3853795539532884,0.3819623259248168,0.001926897769766442,0.0019098116296240842,1.7763568394002505e-15,True,True,True,coexistence
1676,Mi,0.32374575428176433,0.8517508985424496,0.27575073710879583,on,8.0,ng_low_bt_high,0.001,1.0,hard_extinction,True,20,0.0019269658336293128,0.0019094598421177035,0.3853931667258615,0.38189196842354295,0.0019269658336293074,0.0019094598421177148,2.6645352591003757e-15,True,True,True,coexistence
1677,Mi,0.32374575428176433,0.8517508985424496,0.27575073710879583,on,8.0,ng_high_bt_low,1.0,0.001,hard_extinction,True,20,0.0019269658336293128,0.0019094598421177035,0.3853931667258615,0.38189196842354295,0.0019269658336293074,0.0019094598421177148,2.6645352591003757e-15,True,True,True,coexistence
1678,Mi,0.35564803062231287,0.8517508985424496,0.3029235296474076,on,8.0,ng_low_bt_high,0.001,1.0,hard_extinction,True,20,0.0019270414162553392,0.0019090659295969339,0.3854082832510687,0.38181318591938607,0.0019270414162553433,0.0019090659295969304,8.881784197001252e-16,True,True,True,coexistence
1679,Mi,0.35564803062231287,0.8517508985424496,0.3029235296474076,on,8.0,ng_high_bt_low,1.0,0.001,hard_extinction,True,20,0.0019270414162553392,0.0019090659295969339,0.3854082832510687,0.38181318591938607,0.0019270414162553433,0.0019090659295969304,8.881784197001252e-16,True,True,True,coexistence
1680,Mi,0.3906939937054615,0.8517508985424496,0.33277396019376493,on,8.0,ng_low_bt_high,0.001,1.0,hard_extinction,True,20,0.0019271254533987823,0.0019086240548580797,0.3854250906797555,0.3817248109716147,0.0019271254533987775,0.0019086240548580734,1.3322676295501878e-15,True,True,True,coexistence
1681,Mi,0.3906939937054615,0.8517508985424496,0.33277396019376493,on,8.0,ng_high_bt_low,1.0,0.001,hard_extinction,True,20,0.0019271254533987823,0.0019086240548580797,0.3854250906797555,0.3817248109716147,0.0019271254533987775,0.0019086240548580734,1.3322676295501878e-15,True,True,True,coexistence
1682,Mi,0.42919342601287763,0.8517508985424496,0.3655658862549809,on,8.0,ng_low_bt_high,0.001,1.0,hard_extinction,True,20,0.0019272190222710502,0.001908127408012118,0.38544380445420984,0.38162548160242327,0.0019272190222710491,0.0019081274080121164,4.440892098500626e-16,True,True,True,coexistence
1683,Mi,0.42919342601287763,0.8517508985424496,0.3655658862549809,on,8.0,ng_high_bt_low,1.0,0.001,hard_extinction,True,20,0.0019272190222710502,0.001908127408012118,0.38544380445420984,0.38162548160242327,0.0019272190222710491,0.0019081274080121164,4.440892098500626e-16,True,True,True,coexistence
1684,Mi,0.47148663634573923,0.8517508985424496,0.40158916615824053,on,8.0,ng_low_bt_high,0.001,1.0,hard_extinction,True,20,0.0019273233686561639,0.001907568011629851,0.3854646737312329,0.3815136023259713,0.0019273233686561645,0.0019075680116298565,8.881784197001252e-16,True,True,True,coexistence
1685,Mi,0.47148663634573923,0.8517508985424496,0.40158916615824053,on,8.0,ng_high_bt_low,1.0,0.001,hard_extinction,True,20,0.0019273233686561639,0.001907568011629851,0.3854646737312329,0.3815136023259713,0.0019273233686561645,0.0019075680116298565,8.881784197001252e-16,True,True,True,coexistence
1686,Mi,0.517947467923121,0.8517508985424496,0.4411622212013048,on,8.0,ng_low_bt_high,0.001,1.0,hard_extinction,True,20,0.0019274399404329832,0.001906936480327483,0.3854879880865965,0.3813872960654974,0.0019274399404329825,0.0019069364803274871,1.3322676295501878e-15,True,True,True,coexistence
1687,Mi,0.517947467923121,0.8517508985424496,0.4411622212013048,on,8.0,ng_high_bt_low,1.0,0.001,hard_extinction,True,20,0.0019274399404329832,0.001906936480327483,0.3854879880865965,0.3813872960654974,0.0019274399404329825,0.0019069364803274871,1.3322676295501878e-15,True,True,True,coexistence
1688,Mi,0.5689866029018296,0.8517508985424496,0.4846348502802493,on,8.0,ng_low_bt_high,0.001,1.0,hard_extinction,True,20,0.0019275704292535034,0.001906221722755737,0.38551408585070085,0.38124434455114775,0.0019275704292535042,0.0019062217227557388,4.440892098500626e-16,True,True,True,coexistence
1689,Mi,0.5689866029018296,0.8517508985424496,0.4846348502802493,on,8.0,ng_high_bt_low,1.0,0.001,hard_extinction,True,20,0.0019275704292535034,0.001906221722755737,0.38551408585070085,0.38124434455114775,0.0019275704292535042,0.0019062217227557388,4.440892098500626e-16,True,True,True,coexistence
1690,Mi,0.6250551925273969,0.8517508985424496,0.5323913218738342,on,8.0,ng_low_bt_high,0.001,1.0,hard_extinction,True,20,0.0019277168226494812,0.0019054105704498162,0.3855433645298966,0.3810821140899634,0.0019277168226494831,0.001905410570449817,4.440892098500626e-16,True,True,True,coexistence
1691,Mi,0.6250551925273969,0.8517508985424496,0.5323913218738342,on,8.0,ng_high_bt_low,1.0,0.001,hard_extinction,True,20,0.0019277168226494812,0.0019054105704498162,0.3855433645298966,0.3810821140899634,0.0019277168226494831,0.001905410570449817,4.440892098500626e-16,True,True,True,coexistence
1692,Mi,0.6866488450042998,0.8517508985424496,0.5848537707155476,on,8.0,ng_low_bt_high,0.001,1.0,hard_extinction,True,20,0.0019278814695292076,0.0019044873133893523,0.38557629390584136,0.38089746267787084,0.0019278814695292067,0.0019044873133893542,4.440892098500626e-16,True,True,True,coexistence
1693,Mi,0.6866488450042998,0.8517508985424496,0.5848537707155476,on,8.0,ng_high_bt_low,1.0,0.001,hard_extinction,True,20,0.0019278814695292076,0.0019044873133893523,0.38557629390584136,0.38089746267787084,0.0019278814695292067,0.0019044873133893542,4.440892098500626e-16,True,True,True,coexistence
1694,Mi,0.7543120063354615,0.8517508985424496,0.6424859291775872,on,8.0,ng_low_bt_high,0.001,1.0,hard_extinction,True,20,0.0019280671629362972,0.0019034331160422751,0.38561343258726055,0.38068662320845514,0.0019280671629363028,0.0019034331160422758,1.3322676295501878e-15,True,True,True,coexistence
1695,Mi,0.7543120063354615,0.8517508985424496,0.6424859291775872,on,8.0,ng_high_bt_low,1.0,0.001,hard_extinction,True,20,0.0019280671629362972,0.0019034331160422751,0.38561343258726055,0.38068662320845514,0.0019280671629363028,0.0019034331160422758,1.3322676295501878e-15,True,True,True,coexistence
1696,Mi,0.8286427728546842,0.8517508985424496,0.7057972263496842,on,8.0,ng_low_bt_high,0.001,1.0,hard_extinction,True,20,0.0019282772451459534,0.0019022252796367782,0.3856554490291902,0.38044505592735467,0.001928277245145951,0.0019022252796367734,1.3322676295501878e-15,True,True,True,coexistence
1697,Mi,0.8286427728546842,0.8517508985424496,0.7057972263496842,on,8.0,ng_high_bt_low,1.0,0.001,hard_extinction,True,20,0.0019282772451459534,0.0019022252796367782,0.3856554490291902,0.38044505592735467,0.001928277245145951,0.0019022252796367734,1.3322676295501878e-15,True,True,True,coexistence
1698,Mi,0.9102981779915218,0.8517508985424496,0.7753472910458333,on,8.0,ng_low_bt_high,0.001,1.0,hard_extinction,True,20,0.0019285157417676397,0.0019008363057718425,0.38570314835352637,0.38016726115436794,0.001928515741767632,0.0019008363057718396,1.7763568394002505e-15,True,True,True,coexistence
1699,Mi,0.9102981779915218,0.8517508985424496,0.7753472910458333,on,8.0,ng_high_bt_low,1.0,0.001,hard_extinction,True,20,0.0019285157417676397,0.0019008363057718425,0.38570314835352637,0.38016726115436794,0.001928515741767632,0.0019008363057718396,1.7763568394002505e-15,True,True,True,coexistence
1700,Mi,0.9999999999999994,0.8517508985424496,0.8517508985424491,on,8.0,ng_low_bt_high,0.001,1.0,hard_extinction,True,20,0.0019287875336338725,0.0018992327023811856,0.38575750672677406,0.3798465404762354,0.0019287875336338703,0.001899232702381177,2.220446049250313e-15,True,True,True,coexistence
1701,Mi,0.9999999999999994,0.8517508985424496,0.8517508985424491,on,8.0,ng_high_bt_low,1.0,0.001,hard_extinction,True,20,0.0019287875336338725,0.0018992327023811856,0.38575750672677406,0.3798465404762354,0.0019287875336338703,0.001899232702381177,2.220446049250313e-15,True,True,True,coexistence
1702,Mi,1.0985411419875584,0.8517508985424496,0.9356834047737516,on,8.0,ng_low_bt_high,0.001,1.0,hard_extinction,True,20,0.0019290985780486098,0.0018973734543819955,0.3858197156097223,0.3794746908763987,0.0019290985780486113,0.0018973734543819933,4.440892098500626e-16,True,True,True,coexistence
1703,Mi,1.0985411419875584,0.8517508985424496,0.9356834047737516,on,8.0,ng_high_bt_low,1.0,0.001,hard_extinction,True,20,0.0019290985780486098,0.0018973734543819955,0.3858197156097223,0.3794746908763987,0.0019290985780486113,0.0018973734543819933,4.440892098500626e-16,True,True,True,coexistence
1704,Mi,1.2067926406393277,0.8517508985424496,1.0278867160189629,on,8.0,ng_low_bt_high,0.001,1.0,hard_extinction,True,20,0.0019294561946592607,0.0018952080566194901,0.38589123893185323,0.3790416113238996,0.001929456194659266,0.001895208056619498,2.220446049250313e-15,True,True,True,coexistence
1705,Mi,1.2067926406393277,0.8517508985424496,1.0278867160189629,on,8.0,ng_high_bt_low,1.0,0.001,hard_extinction,True,20,0.0019294561946592607,0.0018952080566194901,0.38589123893185323,0.3790416113238996,0.001929456194659266,0.001895208056619498,2.220446049250313e-15,True,True,True,coexistence
1706,Mi,1.325711365590108,0.8517508985424496,1.1291758468493125,on,8.0,ng_low_bt_high,0.001,1.0,hard_extinction,True,20,0.0019298694360713891,0.001892673974133416,0.3859738872142784,0.37853479482668373,0.001929869436071392,0.0018926739741334186,4.440892098500626e-16,True,True,True,coexistence
1707,Mi,1.325711365590108,0.8517508985424496,1.1291758468493125,on,8.0,ng_high_bt_low,1.0,0.001,hard_extinction,True,20,0.0019298694360713891,0.001892673974133416,0.3859738872142784,0.37853479482668373,0.001929869436071392,0.0018926739741334186,4.440892098500626e-16,True,True,True,coexistence
1708,Mi,1.456348477501243,0.8517508985424496,1.2404461243026121,on,8.0,ng_low_bt_high,0.001,1.0,hard_extinction,True,20,0.001930349569668405,0.0018896933521139686,0.3860699139336824,0.37793867042279544,0.0019303495696684119,0.0018896933521139773,1.7763568394002505e-15,True,True,True,coexistence
1709,Mi,1.456348477501243,0.8517508985424496,1.2404461243026121,on,8.0,ng_high_bt_low,1.0,0.001,hard_extinction,True,20,0.001930349569668405,0.0018896933521139686,0.3860699139336824,0.37793867042279544,0.0019303495696684119,0.0018896933521139773,1.7763568394002505e-15,True,True,True,coexistence
1710,Mi,1.5998587196060574,0.8517508985424496,1.3626811019654324,on,8.0,ng_low_bt_high,0.001,1.0,hard_extinction,True,20,0.0019309107052945481,0.001886168742678009,0.38618214105890947,0.37723374853559977,0.0019309107052945472,0.0018861687426779989,2.220446049250313e-15,True,True,True,coexistence
1711,Mi,1.5998587196060574,0.8517508985424496,1.3626811019654324,on,8.0,ng_high_bt_low,1.0,0.001,hard_extinction,True,20,0.0019309107052945481,0.001886168742678009,0.38618214105890947,0.37723374853559977,0.0019309107052945472,0.0018861687426779989,2.220446049250313e-15,True,True,True,coexistence
1712,Mi,1.7575106248547911,0.8517508985424496,1.4969612539179704,on,8.0,ng_low_bt_high,0.001,1.0,hard_extinction,True,20,0.0019315706138689787,0.0018819775452970078,0.3863141227737958,0.37639550905939984,0.001931570613868979,0.0018819775452969991,2.220446049250313e-15,True,True,True,coexistence
1713,Mi,1.7575106248547911,0.8517508985424496,1.4969612539179704,on,8.0,ng_high_bt_low,1.0,0.001,hard_extinction,True,20,0.0019315706138689787,0.0018819775452970078,0.3863141227737958,0.37639550905939984,0.001931570613868979,0.0018819775452969991,2.220446049250313e-15,True,True,True,coexistence
1714,Mi,1.9306977288832496,0.8517508985424496,1.6444735253901746,on,8.0,ng_low_bt_high,0.001,1.0,hard_extinction,True,20,0.0019323517948687874,0.0018769647706267955,0.38647035897375775,0.3753929541253596,0.0019323517948687887,0.0018769647706267981,4.440892098500626e-16,True,True,True,coexistence
1715,Mi,1.9306977288832496,0.8517508985424496,1.6444735253901746,on,8.0,ng_high_bt_low,1.0,0.001,hard_extinction,True,20,0.0019323517948687874,0.0018769647706267955,0.38647035897375775,0.3753929541253596,0.0019323517948687887,0.0018769647706267981,4.440892098500626e-16,True,True,True,coexistence
1716,Mi,2.1209508879201904,0.8517508985424496,1.8065218245504284,on,8.0,ng_low_bt_high,0.001,1.0,hard_extinction,True,20,0.0019332828658478155,0.0018709336342348421,0.38665657316956425,0.37418672684696885,0.0019332828658478213,0.0018709336342348443,1.3322676295501878e-15,True,True,True,coexistence
1717,Mi,2.1209508879201904,0.8517508985424496,1.8065218245504284,on,8.0,ng_high_bt_low,1.0,0.001,hard_extinction,True,20,0.0019332828658478155,0.0018709336342348421,0.38665657316956425,0.37418672684696885,0.0019332828658478213,0.0018709336342348443,1.3322676295501878e-15,True,True,True,coexistence
1718,Mi,2.329951810515372,0.8517508985424496,1.9845385481670754,on,8.0,ng_low_bt_high,0.001,1.0,hard_extinction,True,20,0.0019344003638584282,0.0018636333732690814,0.3868800727716855,0.37272667465381726,0.0019344003638584275,0.0018636333732690864,8.881784197001252e-16,True,True,True,coexistence
1719,Mi,2.329951810515372,0.8517508985424496,1.9845385481670754,on,8.0,ng_high_bt_low,1.0,0.001,hard_extinction,True,20,0.0019344003638584282,0.0018636333732690814,0.3868800727716855,0.37272667465381726,0.0019344003638584275,0.0018636333732690864,8.881784197001252e-16,True,True,True,coexistence
1720,Mi,2.5595479226995357,0.8517508985424496,2.1800972430217898,on,8.0,ng_low_bt_high,0.001,1.0,hard_extinction,True,20,0.001935751064312332,0.0018547435723536981,0.3871502128624655,0.3709487144707389,0.0019357510643123275,0.0018547435723536944,8.881784197001252e-16,True,True,True,coexistence
1721,Mi,2.5595479226995357,0.8517508985424496,2.1800972430217898,on,8.0,ng_high_bt_low,1.0,0.001,hard_extinction,True,20,0.001935751064312332,0.0018547435723536981,0.3871502128624655,0.3709487144707389,0.0019357510643123275,0.0018547435723536944,8.881784197001252e-16,True,True,True,coexistence
1722,Mi,2.811768697974228,0.8517508985424496,2.3949265149930823,on,8.0,ng_low_bt_high,0.001,1.0,hard_extinction,True,20,0.001937394931924051,0.0018438542224042509,0.38747898638480993,0.3687708444808501,0.0019373949319240497,0.0018438542224042506,0.0,True,True,True,coexistence
1723,Mi,2.811768697974228,0.8517508985424496,2.3949265149930823,on,8.0,ng_high_bt_low,1.0,0.001,hard_extinction,True,20,0.001937394931924051,0.0018438542224042509,0.38747898638480993,0.3687708444808501,0.0019373949319240497,0.0018438542224042506,0.0,True,True,True,coexistence
1724,Mi,3.0888435964774787,0.8517508985424496,2.630925308756784,on,8.0,ng_low_bt_high,0.001,1.0,hard_extinction,True,20,0.0019394088100126517,0.0018304407916209333,0.38788176200252916,0.3660881583241879,0.0019394088100126458,0.0018304407916209394,1.3322676295501878e-15,True,True,True,coexistence
1725,Mi,3.0888435964774787,0.8517508985424496,2.630925308756784,on,8.0,ng_high_bt_low,1.0,0.001,hard_extinction,True,20,0.0019394088100126525,0.0018304407916209333,0.3878817620025294,0.3660881583241879,0.001939408810012647,0.0018304407916209394,1.3322676295501878e-15,True,True,True,coexistence
1726,Mi,3.3932217718953264,0.8517508985424496,2.890179693165647,on,8.0,ng_low_bt_high,0.001,1.0,hard_extinction,True,20,0.0019418909086740517,0.0018138338967819715,0.38837818173481176,0.3627667793563934,0.0019418909086740587,0.001813833896781967,1.3322676295501878e-15,True,True,True,coexistence
1727,Mi,3.3932217718953264,0.8517508985424496,2.890179693165647,on,8.0,ng_high_bt_low,1.0,0.001,hard_extinction,True,20,0.0019418909086740517,0.0018138338967819715,0.38837818173481176,0.3627667793563934,0.0019418909086740587,0.001813833896781967,1.3322676295501878e-15,True,True,True,coexistence
1728,Mi,3.727593720314938,0.8517508985424496,3.1749813006794407,on,8.0,ng_low_bt_high,0.001,1.0,hard_extinction,True,20,0.0019449660351664349,0.0017931839558581021,0.3889932070332867,0.35863679117162023,0.0019449660351664336,0.001793183955858101,4.440892098500626e-16,True,True,True,coexistence
1729,Mi,3.727593720314938,0.8517508985424496,3.1749813006794407,on,8.0,ng_high_bt_low,1.0,0.001,hard_extinction,True,20,0.0019449660351664349,0.0017931839558581021,0.3889932070332867,0.35863679117162023,0.0019449660351664336,0.001793183955858101,4.440892098500626e-16,True,True,True,coexistence
1730,Mi,4.094915062380423,0.8517508985424496,3.487847583837536,on,8.0,ng_low_bt_high,0.001,1.0,hard_extinction,True,20,0.0019487912672849425,0.001767422846203765,0.3897582534569867,0.353484569240752,0.0019487912672849336,0.00176742284620376,2.220446049250313e-15,True,True,True,coexistence
1731,Mi,4.094915062380423,0.8517508985424496,3.487847583837536,on,8.0,ng_high_bt_low,1.0,0.001,hard_extinction,True,20,0.0019487912672849434,0.001767422846203765,0.3897582534569867,0.353484569240752,0.0019487912672849336,0.00176742284620376,2.220446049250313e-15,True,True,True,coexistence
1732,Mi,4.498432668969444,0.8517508985424496,3.831544067827433,on,8.0,ng_low_bt_high,0.001,1.0,hard_extinction,True,20,0.001953561324893768,0.001735227612914316,0.39071226497875305,0.3470455225828633,0.0019535613248937655,0.0017352276129143165,4.440892098500626e-16,True,True,True,coexistence
1733,Mi,4.498432668969444,0.8517508985424496,3.831544067827433,on,8.0,ng_high_bt_low,1.0,0.001,hard_extinction,True,20,0.0019535613248937707,0.0017352276129143024,0.3907122649787525,0.347045522582863,0.0019535613248937624,0.0017352276129143148,3.1086244689504383e-15,True,True,True,coexistence
1734,Mi,4.941713361323833,0.8517508985424496,4.209108795846803,on,8.0,ng_low_bt_high,0.001,1.0,hard_extinction,True,20,0.0019595121523748272,0.001694996305470052,0.3919024304749661,0.3389992610940017,0.0019595121523748303,0.0016949963054700085,1.1102230246251565e-14,True,True,True,coexistence
1735,Mi,4.941713361323833,0.8517508985424496,4.209108795846803,on,8.0,ng_high_bt_low,1.0,0.001,hard_extinction,True,20,0.001959512152374928,0.001694996305469316,0.39190243047496864,0.33899926109397477,0.0019595121523748433,0.0016949963054698738,1.4299672557172016e-13,True,True,True,coexistence
1736,Mi,5.428675439323859,0.8517508985424496,4.623879183339424,on,8.0,ng_low_bt_high,0.001,1.0,hard_extinction,True,20,0.001966920116197791,0.0016448535381369943,0.39338402323960914,0.3289707076270476,0.0019669201161980456,0.0016448535381352381,4.636291350834654e-13,True,True,True,coexistence
1737,Mi,5.428675439323859,0.8517508985424496,4.623879183339424,on,8.0,ng_high_bt_low,1.0,0.001,hard_extinction,True,20,0.0019669201162018325,0.0016448535381095902,0.3933840232397917,0.32897070762580843,0.0019669201161989585,0.0016448535381290421,5.136335801125824e-12,True,True,True,coexistence
1738,Mi,5.963623316594643,0.8517508985424496,5.079521518478191,on,8.0,ng_low_bt_high,0.001,1.0,hard_extinction,True,20,0.001976092818962692,0.0015827128839690945,0.39521856379424986,0.3165425767822202,0.0019760928189712494,0.001582712883911101,1.5913492745767144e-11,True,True,True,coexistence
1739,Mi,5.963623316594643,0.8517508985424496,5.079521518478191,on,8.0,ng_high_bt_low,1.0,0.001,hard_extinction,True,20,0.001976092819092394,0.0015827128830899631,0.39521856380141646,0.3165425767336388,0.0019760928190070822,0.001582712883668194,1.5866552516285992e-10,True,True,True,coexistence
1740,Mi,6.551285568595502,0.8517508985424496,5.580063369659402,on,8.0,ng_low_bt_high,0.001,1.0,hard_extinction,True,20,0.0019873462992992187,0.0015064315691855636,0.39746925990598125,0.3012863135242631,0.001987346299529906,0.0015064315676213155,4.509628226401219e-10,True,True,True,coexistence
1741,Mi,6.551285568595502,0.8517508985424496,5.580063369659402,on,8.0,ng_high_bt_low,1.0,0.001,hard_extinction,True,20,0.001987346302626668,0.0015064315466232707,0.39746926012836314,0.3012863120163687,0.0019873463006418158,0.0015064315600818434,3.880019416868663e-09,True,True,True,coexistence
1742,Mi,7.196856730011514,0.8517508985424496,6.1299291864685825,on,8.0,ng_low_bt_high,0.001,1.0,hard_extinction,True,20,0.0020009635652181766,0.0014140917288710112,0.40019271399783,0.2828183393024195,0.00200096356998915,0.0014140916965120975,9.93803839222096e-09,True,True,True,coexistence
1743,Mi,7.196856730011514,0.8517508985424496,6.1299291864685825,on,8.0,ng_high_bt_low,1.0,0.001,hard_extinction,True,20,0.002000963629563838,0.0014140912924494162,0.4001927191278076,0.28281830450856077,0.002000963595639038,0.0014140915225428039,7.066607476957643e-08,True,True,True,coexistence
1744,Mi,7.9060432109076935,0.8517508985424496,6.733979408806061,on,8.0,ng_low_bt_high,0.001,1.0,hard_extinction,True,20,0.002017133144240685,0.0013044171504793991,0.40342664324095734,0.26088333246057493,0.0020171332162047867,0.0013044166623028747,1.6253420964673637e-07,True,True,True,coexistence
1745,Mi,7.9060432109076935,0.8517508985424496,6.733979408806061,on,8.0,ng_high_bt_low,1.0,0.001,hard_extinction,True,20,0.0020171340390100533,0.0013044110807111176,0.40342672697238013,0.26088276445907604,0.002017133634861901,0.0013044138222953802,9.12790210527703e-07,True,True,True,coexistence
1746,Mi,8.68511373751352,0.8517508985424496,7.397553429870513,on,8.0,ng_low_bt_high,0.001,1.0,hard_extinction,True,20,0.002035875171573114,0.0011772744892287476,0.40717518746851006,0.23545385879948713,0.0020358759373425503,0.0011772692939974357,1.9165158913203584e-06,True,True,True,coexistence
1747,Mi,8.68511373751352,0.8517508985424496,7.397553429870513,on,8.0,ng_high_bt_low,1.0,0.001,hard_extinction,True,20,0.0020358838645024575,0.001177215513541098,0.4071761255991434,0.23544749421321093,0.002035880627995717,0.0011772374710660547,8.100422458579004e-06,True,True,True,coexistence
1748,Mi,9.540954763499935,0.8517508985424496,8.126516792763933,on,8.0,ng_low_bt_high,0.001,1.0,hard_extinction,True,40,0.0020569865553348153,0.0010340450121942544,0.41139731112712397,0.20680900203066194,0.0020569865556356198,0.0010340450101533098,8.571876541907386e-10,True,True,True,coexistence
1749,Mi,9.540954763499935,0.8517508985424496,8.126516792763933,on,8.0,ng_high_bt_low,1.0,0.001,hard_extinction,True,40,0.0020569865584387516,0.0010340449911347806,0.4113973115065835,0.20680899945612405,0.0020569865575329176,0.0010340449972806203,2.581226343778553e-09,True,True,True,coexistence
1750,Mi,10.481131341546853,0.8517508985424496,8.92731303790396,on,8.0,ng_low_bt_high,0.001,1.0,hard_extinction,True,40,0.0020800065954347958,0.0008778575775086828,0.41600132178546784,0.1755714971923077,0.0020800066089273392,0.0008778574859615385,4.529028707622729e-08,True,True,True,coexistence
1751,Mi,10.481131341546853,0.8517508985424496,8.92731303790396,on,8.0,ng_high_bt_low,1.0,0.001,hard_extinction,True,40,0.002080006722023097,0.0008778567186049511,0.4160013390242319,0.1755713802270104,0.0020800066951211595,0.0008778569011350521,9.030153247380213e-08,True,True,True,coexistence
1752,Mi,11.513953993264469,0.8517508985424496,9.807020659539436,on,8.0,ng_low_bt_high,0.001,1.0,hard_extinction,True,40,0.002104278431674958,0.0007131715185156847,0.42085575005337567,0.1426338713633385,0.0021042787502668784,0.0007131693568166924,1.3163949219574533e-06,True,True,True,coexistence
1753,Mi,11.513953993264469,0.8517508985424496,9.807020659539436,on,8.0,ng_high_bt_low,1.0,0.001,hard_extinction,True,40,0.002104281161041895,0.0007131529993091096,0.4208561579745185,0.1426311035508536,0.0021042807898725923,0.000713155517754268,1.5336749665806337e-06,True,True,True,coexistence
1754,Mi,12.648552168552959,0.8517508985424496,10.773415674826031,on,8.0,ng_low_bt_high,0.001,1.0,hard_extinction,True,40,0.0021290291214370793,0.0005452332304765748,0.4258066592440536,0.10904098070388296,0.0021290332962202677,0.0005452049035194148,2.2563849851220397e-05,True,True,True,coexistence
1755,Mi,12.648552168552959,0.8517508985424496,10.773415674826031,on,8.0,ng_high_bt_low,1.0,0.001,hard_extinction,True,40,0.0021290619906641235,0.0005450102044780138,0.42581198344393273,0.1090048546643709,0.0021290599172196635,0.0005450242733218545,1.1210693533936222e-05,True,True,True,coexistence
1756,Mi,13.894954943731374,0.8517508985424496,11.83504035853005,on,8.0,ng_low_bt_high,0.001,1.0,hard_extinction,True,60,0.002153577761542509,0.00037866406239005695,0.4307159226432253,0.07573029964468125,0.0021535796132161264,0.00037865149822340625,1.4410236672812715e-05,True,True,True,coexistence
1757,Mi,13.894954943731374,0.8517508985424496,11.83504035853005,on,8.0,ng_high_bt_low,1.0,0.001,hard_extinction,True,40,0.0021535817480058893,0.0003786370130279627,0.4307166153931881,0.07572559912626126,0.0021535830769659407,0.0003786279956313063,1.0343025371728487e-05,True,True,True,coexistence
1758,Mi,15.264179671752318,0.8517508985424496,13.00127875092843,on,8.0,ng_low_bt_high,0.001,1.0,hard_extinction,True,80,0.0021772300141706525,0.00021817609669910233,0.4354469928476807,0.0436285017681406,0.002177234964238403,0.000218142508840703,6.686408206535432e-05,True,True,True,coexistence
1759,Mi,15.264179671752318,0.8517508985424496,13.00127875092843,on,8.0,ng_high_bt_low,1.0,0.001,hard_extinction,True,80,0.0021772637280886653,0.00021794733653576943,0.43545322515951607,0.043586213456415876,0.0021772661257975804,0.0002179310672820794,3.2420266804944475e-05,True,True,True,coexistence
1760,Mi,16.768329368110066,0.8517508985424496,14.282439606343495,on,8.0,ng_low_bt_high,0.001,1.0,hard_extinction,True,100,0.002198640205674441,7.290067634250636e-05,0.43973355077047743,0.014542750458920485,0.0021986677538523873,7.271375229460242e-05,0.0011150011269593918,False,True,True,coexistence
1761,Mi,16.768329368110066,0.8517508985424496,14.282439606343495,on,8.0,ng_high_bt_low,1.0,0.001,hard_extinction,True,100,0.0021988144880126107,7.171810955356165e-05,0.43976744803123125,0.014312745655720615,0.002198837240156156,7.156372827860308e-05,0.0009358752211436894,False,True,True,coexistence
1762,Mi,18.420699693267146,0.8517508985424496,15.689847515520917,on,8.0,ng_low_bt_high,0.001,1.0,hard_extinction,True,100,0.0022085184543174535,5.873297293693043e-06,0.44170858769425775,0.001141432713107216,0.002208542938471289,5.70716356553608e-06,0.01246166282830874,False,True,True,coexistence
1763,Mi,18.420699693267146,0.8517508985424496,15.689847515520917,on,8.0,ng_high_bt_low,1.0,0.001,hard_extinction,True,100,0.002208648550152093,4.990550589040715e-06,0.4417338272470601,0.0009701733321836143,0.0022086691362353007,4.850866660918072e-06,0.012329122827875238,False,True,True,coexistence
1764,Mi,20.235896477251554,0.8517508985424496,17.235943007311,on,8.0,ng_low_bt_high,0.001,1.0,hard_extinction,True,100,0.0022093840422123256,0.0,0.44187680844246474,0.0,0.002209384042212324,0.0,0.0,True,True,False,ng_only
1765,Mi,20.235896477251554,0.8517508985424496,17.235943007311,on,8.0,ng_high_bt_low,1.0,0.001,hard_extinction,True,100,0.0022093840422123256,0.0,0.44187680844246474,0.0,0.002209384042212324,0.0,0.0,True,True,False,ng_only
1766,Mi,22.229964825261934,0.8517508985424496,18.9343925144839,on,8.0,ng_low_bt_high,0.001,1.0,hard_extinction,True,80,0.0022093840455991217,0.0,0.441876809119824,0.0,0.00220938404559912,0.0,4.440892098500626e-16,True,True,False,ng_only
1767,Mi,22.229964825261934,0.8517508985424496,18.9343925144839,on,8.0,ng_high_bt_low,1.0,0.001,hard_extinction,True,60,0.002209384045599123,0.0,0.4418768091198239,0.0,0.0022093840455991195,0.0,4.440892098500626e-16,True,True,False,ng_only
1768,Mi,24.420530945486497,0.8517508985424496,20.80020917570182,on,8.0,ng_low_bt_high,0.001,1.0,hard_extinction,True,60,0.002209384048611542,0.0,0.4418768097223089,0.0,0.0022093840486115445,0.0,4.440892098500626e-16,True,True,False,ng_only
1769,Mi,24.420530945486497,0.8517508985424496,20.80020917570182,on,8.0,ng_high_bt_low,1.0,0.001,hard_extinction,True,60,0.002209384048611542,0.0,0.4418768097223089,0.0,0.0022093840486115445,0.0,4.440892098500626e-16,True,True,False,ng_only
1770,Mi,26.826957952797247,0.8517508985424496,22.849885541455567,on,8.0,ng_low_bt_high,0.001,1.0,hard_extinction,True,60,0.002209384051296484,0.0,0.44187681025929426,0.0,0.0022093840512964714,0.0,2.220446049250313e-15,True,True,False,ng_only
1771,Mi,26.826957952797247,0.8517508985424496,22.849885541455567,on,8.0,ng_high_bt_low,1.0,0.001,hard_extinction,True,40,0.0022093840512964376,0.0,0.44187681025929626,0.0,0.0022093840512964814,0.0,8.43769498715119e-15,True,True,False,ng_only
1772,Mi,29.4705170255181,0.8517508985424496,25.1015393569956,on,8.0,ng_low_bt_high,0.001,1.0,hard_extinction,True,40,0.0022093840536940037,0.0,0.44187681073880103,0.0,0.002209384053694005,0.0,4.440892098500626e-16,True,True,False,ng_only
1773,Mi,29.4705170255181,0.8517508985424496,25.1015393569956,on,8.0,ng_high_bt_low,1.0,0.001,hard_extinction,True,40,0.002209384053694005,0.0,0.4418768107388011,0.0,0.0022093840536940054,0.0,0.0,True,True,False,ng_only
1774,Mi,32.374575428176435,0.8517508985424496,27.575073710879586,on,8.0,ng_low_bt_high,0.001,1.0,hard_extinction,True,40,0.002209384055838555,0.0,0.44187681116771,0.0,0.00220938405583855,0.0,1.3322676295501878e-15,True,True,False,ng_only
1775,Mi,32.374575428176435,0.8517508985424496,27.575073710879586,on,8.0,ng_high_bt_low,1.0,0.001,hard_extinction,True,40,0.002209384055838555,0.0,0.44187681116771,0.0,0.00220938405583855,0.0,1.3322676295501878e-15,True,True,False,ng_only
1776,Mi,35.56480306223125,0.8517508985424496,30.29235296474073,on,8.0,ng_low_bt_high,0.001,1.0,hard_extinction,True,40,0.002209384057759806,0.0,0.4418768115519617,0.0,0.0022093840577598082,0.0,4.440892098500626e-16,True,True,False,ng_only
1777,Mi,35.56480306223125,0.8517508985424496,30.29235296474073,on,8.0,ng_high_bt_low,1.0,0.001,hard_extinction,True,40,0.002209384057759806,0.0,0.4418768115519617,0.0,0.0022093840577598082,0.0,4.440892098500626e-16,True,True,False,ng_only
1778,Mi,39.06939937054613,0.8517508985424496,33.27739601937648,on,8.0,ng_low_bt_high,0.001,1.0,hard_extinction,True,40,0.00220938405948346,0.0,0.44187681189669176,0.0,0.002209384059483459,0.0,0.0,True,True,False,ng_only
1779,Mi,39.06939937054613,0.8517508985424496,33.27739601937648,on,8.0,ng_high_bt_low,1.0,0.001,hard_extinction,True,40,0.00220938405948346,0.0,0.44187681189669176,0.0,0.002209384059483459,0.0,0.0,True,True,False,ng_only
1780,Mi,42.91934260128774,0.8517508985424496,36.556588625498065,on,8.0,ng_low_bt_high,0.001,1.0,hard_extinction,True,40,0.0022093840610318397,0.0,0.4418768122063679,0.0,0.0022093840610318393,0.0,0.0,True,True,False,ng_only
1781,Mi,42.91934260128774,0.8517508985424496,36.556588625498065,on,8.0,ng_high_bt_low,1.0,0.001,hard_extinction,True,40,0.0022093840610318397,0.0,0.4418768122063679,0.0,0.0022093840610318393,0.0,0.0,True,True,False,ng_only
1782,Mi,47.1486636345739,0.8517508985424496,40.15891661582403,on,8.0,ng_low_bt_high,0.001,1.0,hard_extinction,True,40,0.0022093840624244055,0.0,0.4418768124848819,0.0,0.0022093840624244094,0.0,8.881784197001252e-16,True,True,False,ng_only
1783,Mi,47.1486636345739,0.8517508985424496,40.15891661582403,on,8.0,ng_high_bt_low,1.0,0.001,hard_extinction,True,40,0.0022093840624244055,0.0,0.4418768124848819,0.0,0.0022093840624244094,0.0,8.881784197001252e-16,True,True,False,ng_only
1784,Mi,51.794746792312075,0.8517508985424496,44.116222120130466,on,8.0,ng_low_bt_high,0.001,1.0,hard_extinction,True,40,0.002209384063678199,0.0,0.44187681273564156,0.0,0.0022093840636782077,0.0,1.7763568394002505e-15,True,True,False,ng_only
1785,Mi,51.794746792312075,0.8517508985424496,44.116222120130466,on,8.0,ng_high_bt_low,1.0,0.001,hard_extinction,True,40,0.002209384063678199,0.0,0.44187681273564156,0.0,0.0022093840636782077,0.0,1.7763568394002505e-15,True,True,False,ng_only
1786,Mi,56.89866029018293,0.8517508985424496,48.463485028024905,on,8.0,ng_low_bt_high,0.001,1.0,hard_extinction,True,40,0.0022093840648081432,0.0,0.44187681296162873,0.0,0.0022093840648081437,0.0,0.0,True,True,False,ng_only
1787,Mi,56.89866029018293,0.8517508985424496,48.463485028024905,on,8.0,ng_high_bt_low,1.0,0.001,hard_extinction,True,40,0.0022093840648081432,0.0,0.44187681296162873,0.0,0.0022093840648081437,0.0,0.0,True,True,False,ng_only
1788,Mi,62.505519252739695,0.8517508985424496,53.23913218738342,on,8.0,ng_low_bt_high,0.001,1.0,hard_extinction,True,40,0.0022093840658273987,0.0,0.4418768131654798,0.0,0.002209384065827399,0.0,0.0,True,True,False,ng_only
1789,Mi,62.505519252739695,0.8517508985424496,53.23913218738342,on,8.0,ng_high_bt_low,1.0,0.001,hard_extinction,True,40,0.0022093840658273987,0.0,0.4418768131654798,0.0,0.002209384065827399,0.0,0.0,True,True,False,ng_only
1790,Mi,68.66488450042998,0.8517508985424496,58.48537707155475,on,8.0,ng_low_bt_high,0.001,1.0,hard_extinction,True,40,0.0022093840667475463,0.0,0.44187681334950973,0.0,0.0022093840667475485,0.0,4.440892098500626e-16,True,True,False,ng_only
1791,Mi,68.66488450042998,0.8517508985424496,58.48537707155475,on,8.0,ng_high_bt_low,1.0,0.001,hard_extinction,True,40,0.0022093840667475463,0.0,0.44187681334950973,0.0,0.0022093840667475485,0.0,4.440892098500626e-16,True,True,False,ng_only
1792,Mi,75.43120063354615,0.8517508985424496,64.24859291775873,on,8.0,ng_low_bt_high,0.001,1.0,hard_extinction,True,40,0.0022093840675788284,0.0,0.44187681351576635,0.0,0.002209384067578832,0.0,4.440892098500626e-16,True,True,False,ng_only
1793,Mi,75.43120063354615,0.8517508985424496,64.24859291775873,on,8.0,ng_high_bt_low,1.0,0.001,hard_extinction,True,40,0.0022093840675788284,0.0,0.44187681351576635,0.0,0.002209384067578832,0.0,4.440892098500626e-16,True,True,False,ng_only
1794,Mi,82.86427728546842,0.8517508985424496,70.57972263496842,on,8.0,ng_low_bt_high,0.001,1.0,hard_extinction,True,40,0.002209384068330361,0.0,0.44187681366607034,0.0,0.002209384068330352,0.0,1.7763568394002505e-15,True,True,False,ng_only
1795,Mi,82.86427728546842,0.8517508985424496,70.57972263496842,on,8.0,ng_high_bt_low,1.0,0.001,hard_extinction,True,40,0.002209384068330361,0.0,0.44187681366607034,0.0,0.002209384068330352,0.0,1.7763568394002505e-15,True,True,False,ng_only
1796,Mi,91.02981779915208,0.8517508985424496,77.53472910458326,on,8.0,ng_low_bt_high,0.001,1.0,hard_extinction,True,40,0.0022093840690101917,0.0,0.4418768138020379,0.0,0.0022093840690101895,0.0,4.440892098500626e-16,True,True,False,ng_only
1797,Mi,91.02981779915208,0.8517508985424496,77.53472910458326,on,8.0,ng_high_bt_low,1.0,0.001,hard_extinction,True,40,0.0022093840690101917,0.0,0.4418768138020379,0.0,0.0022093840690101895,0.0,4.440892098500626e-16,True,True,False,ng_only
1798,Mi,100.0,0.8517508985424496,85.17508985424496,on,8.0,ng_low_bt_high,0.001,1.0,hard_extinction,True,40,0.002209384069625513,0.0,0.4418768139251033,0.0,0.0022093840696255167,0.0,8.881784197001252e-16,True,True,False,ng_only
1799,Mi,100.0,0.8517508985424496,85.17508985424496,on,8.0,ng_high_bt_low,1.0,0.001,hard_extinction,True,40,0.002209384069625513,0.0,0.4418768139251033,0.0,0.0022093840696255167,0.0,8.881784197001252e-16,True,True,False,ng_only
1800,Va,0.0,4.366459060913506,0.0,on,1.4,ng_low_bt_high,0.001,1.0,hard_extinction,True,20,0.00043903133822095536,0.001913036485577327,0.08780626764419104,0.38260729711546554,0.0004390313382209552,0.0019130364855773276,4.440892098500626e-16,True,True,True,coexistence
1801,Va,0.0,4.366459060913506,0.0,on,1.4,ng_high_bt_low,1.0,0.001,hard_extinction,True,20,0.00043903133822095536,0.001913036485577327,0.08780626764419104,0.38260729711546554,0.0004390313382209552,0.0019130364855773276,4.440892098500626e-16,True,True,True,coexistence
1802,Va,0.01,4.366459060913506,0.043664590609135065,on,1.4,ng_low_bt_high,0.001,1.0,hard_extinction,True,20,0.0004394886806808622,0.0019124717440090074,0.0878977361361726,0.3824943488018022,0.00043948868068086305,0.001912471744009011,8.881784197001252e-16,True,True,True,coexistence
1803,Va,0.01,4.366459060913506,0.043664590609135065,on,1.4,ng_high_bt_low,1.0,0.001,hard_extinction,True,20,0.0004394886806808622,0.0019124717440090074,0.0878977361361726,0.3824943488018022,0.00043948868068086305,0.001912471744009011,8.881784197001252e-16,True,True,True,coexistence
1804,Va,0.010985411419875584,4.366459060913506,0.04796734923217845,on,1.4,ng_low_bt_high,0.001,1.0,hard_extinction,True,20,0.0004395377981750186,0.0019124110486944468,0.08790755963500368,0.38248220973888997,0.0004395377981750184,0.0019124110486944499,4.440892098500626e-16,True,True,True,coexistence
1805,Va,0.010985411419875584,4.366459060913506,0.04796734923217845,on,1.4,ng_high_bt_low,1.0,0.001,hard_extinction,True,20,0.0004395377981750186,0.0019124110486944468,0.08790755963500368,0.38248220973888997,0.0004395377981750184,0.0019124110486944499,4.440892098500626e-16,True,True,True,coexistence
1806,Va,0.012067926406393288,4.366459060913506,0.05269410660363334,on,1.4,ng_low_bt_high,0.001,1.0,hard_extinction,True,20,0.00043959264246773064,0.001912343268361759,0.08791852849354592,0.38246865367235156,0.0004395926424677296,0.0019123432683617577,8.881784197001252e-16,True,True,True,coexistence
1807,Va,0.012067926406393288,4.366459060913506,0.05269410660363334,on,1.4,ng_high_bt_low,1.0,0.001,hard_extinction,True,20,0.00043959264246773064,0.001912343268361759,0.08791852849354592,0.38246865367235156,0.0004395926424677296,0.0019123432683617577,8.881784197001252e-16,True,True,True,coexistence
1808,Va,0.013257113655901088,4.366459060913506,0.05788664404436948,on,1.4,ng_low_bt_high,0.001,1.0,hard_extinction,True,20,0.0004396539779525396,0.0019122674558653637,0.087930795590508,0.3824534911730731,0.00043965397795254,0.0019122674558653655,4.440892098500626e-16,True,True,True,coexistence
1809,Va,0.013257113655901088,4.366459060913506,0.05788664404436948,on,1.4,ng_high_bt_low,1.0,0.001,hard_extinction,True,20,0.0004396539779525396,0.0019122674558653637,0.087930795590508,0.3824534911730731,0.00043965397795254,0.0019122674558653655,4.440892098500626e-16,True,True,True,coexistence
1810,Va,0.014563484775012436,4.366459060913506,0.06359086005432894,on,1.4,ng_low_bt_high,0.001,1.0,hard_extinction,True,20,0.00043972269149760394,0.0019121825120866286,0.08794453829952043,0.38243650241732624,0.0004397226914976021,0.0019121825120866312,1.7763568394002505e-15,True,True,True,coexistence
1811,Va,0.014563484775012436,4.366459060913506,0.06359086005432894,on,1.4,ng_high_bt_low,1.0,0.001,hard_extinction,True,20,0.00043972269149760394,0.0019121825120866286,0.08794453829952043,0.38243650241732624,0.0004397226914976021,0.0019121825120866312,1.7763568394002505e-15,True,True,True,coexistence
1812,Va,0.015998587196060583,4.366459060913506,0.06985717602405353,on,1.4,ng_low_bt_high,0.001,1.0,hard_extinction,True,20,0.0004397998163082485,0.0019120871563011144,0.08795996326164972,0.3824174312602224,0.0004397998163082486,0.0019120871563011118,4.440892098500626e-16,True,True,True,coexistence
1813,Va,0.015998587196060583,4.366459060913506,0.06985717602405353,on,1.4,ng_high_bt_low,1.0,0.001,hard_extinction,True,20,0.0004397998163082485,0.0019120871563011144,0.08795996326164972,0.3824174312602224,0.0004397998163082486,0.0019120871563011118,4.440892098500626e-16,True,True,True,coexistence
1814,Va,0.017575106248547922,4.366459060913506,0.07674098192548966,on,1.4,ng_low_bt_high,0.001,1.0,hard_extinction,True,20,0.00043988656132399625,0.0019119798896728086,0.08797731226479923,0.3823959779345631,0.00043988656132399614,0.0019119798896728155,1.3322676295501878e-15,True,True,True,coexistence
1815,Va,0.017575106248547922,4.366459060913506,0.07674098192548966,on,1.4,ng_high_bt_low,1.0,0.001,hard_extinction,True,20,0.00043988656132399625,0.0019119798896728086,0.08797731226479923,0.3823959779345631,0.00043988656132399614,0.0019119798896728155,1.3322676295501878e-15,True,True,True,coexistence
1816,Va,0.019306977288832496,4.366459060913506,0.08430312592167392,on,1.4,ng_low_bt_high,0.001,1.0,hard_extinction,True,20,0.0004399843476349159,0.001911858950031863,0.08799686952698324,0.38237179000637206,0.0004399843476349162,0.0019118589500318603,4.440892098500626e-16,True,True,True,coexistence
1817,Va,0.019306977288832496,4.366459060913506,0.08430312592167392,on,1.4,ng_high_bt_low,1.0,0.001,hard_extinction,True,20,0.0004399843476349159,0.001911858950031863,0.08799686952698324,0.38237179000637206,0.0004399843476349162,0.0019118589500318603,4.440892098500626e-16,True,True,True,coexistence
1818,Va,0.021209508879201904,4.366459060913506,0.09261045222311662,on,1.4,ng_low_bt_high,0.001,1.0,hard_extinction,True,20,0.000440094853854278,0.0019117222555313296,0.08801897077085562,0.3823444511062659,0.0004400948538542781,0.0019117222555313296,0.0,True,True,True,coexistence
1819,Va,0.021209508879201904,4.366459060913506,0.09261045222311662,on,1.4,ng_high_bt_low,1.0,0.001,hard_extinction,True,20,0.000440094853854278,0.0019117222555313296,0.08801897077085562,0.3823444511062659,0.0004400948538542781,0.0019117222555313296,0.0,True,True,True,coexistence
1820,Va,0.023299518105153717,4.366459060913506,0.10173639194516673,on,1.4,ng_low_bt_high,0.001,1.0,hard_extinction,True,20,0.00044022007299073564,0.0019115673340261933,0.08804401459814724,0.38231346680523803,0.00044022007299073624,0.0019115673340261903,4.440892098500626e-16,True,True,True,coexistence
1821,Va,0.023299518105153717,4.366459060913506,0.10173639194516673,on,1.4,ng_high_bt_low,1.0,0.001,hard_extinction,True,20,0.00044022007299073564,0.0019115673340261933,0.08804401459814724,0.38231346680523803,0.00044022007299073624,0.0019115673340261903,4.440892098500626e-16,True,True,True,coexistence
1822,Va,0.025595479226995357,4.366459060913506,0.1117616121891373,on,1.4,ng_low_bt_high,0.001,1.0,hard_extinction,True,20,0.00044036238418277784,0.0019113912340007803,0.08807247683655543,0.3822782468001568,0.00044036238418277714,0.0019113912340007842,8.881784197001252e-16,True,True,True,coexistence
1823,Va,0.025595479226995357,4.366459060913506,0.1117616121891373,on,1.4,ng_high_bt_low,1.0,0.001,hard_extinction,True,20,0.00044036238418277784,0.0019113912340007803,0.08807247683655543,0.3822782468001568,0.00044036238418277714,0.0019113912340007842,8.881784197001252e-16,True,True,True,coexistence
1824,Va,0.028117686979742307,4.366459060913506,0.12277472908462551,on,1.4,ng_low_bt_high,0.001,1.0,hard_extinction,True,20,0.00044052464377388774,0.0019111904114862196,0.0881049287547774,0.3822380822972445,0.00044052464377388704,0.0019111904114862224,4.440892098500626e-16,True,True,True,coexistence
1825,Va,0.028117686979742307,4.366459060913506,0.12277472908462551,on,1.4,ng_high_bt_low,1.0,0.001,hard_extinction,True,20,0.00044052464377388774,0.0019111904114862196,0.0881049287547774,0.3822380822972445,0.00044052464377388704,0.0019111904114862224,4.440892098500626e-16,True,True,True,coexistence
1826,Va,0.030888435964774818,4.366459060913506,0.13487309109583762,on,1.4,ng_low_bt_high,0.001,1.0,hard_extinction,True,20,0.0004407103017387208,0.0019109605855088003,0.08814206034774397,0.3821921171017608,0.0004407103017387198,0.0019109605855088042,8.881784197001252e-16,True,True,True,coexistence
1827,Va,0.030888435964774818,4.366459060913506,0.13487309109583762,on,1.4,ng_high_bt_low,1.0,0.001,hard_extinction,True,20,0.0004407103017387208,0.0019109605855088003,0.08814206034774397,0.3821921171017608,0.0004407103017387198,0.0019109605855088042,8.881784197001252e-16,True,True,True,coexistence
1828,Va,0.03393221771895328,4.366459060913506,0.14816363951581338,on,1.4,ng_low_bt_high,0.001,1.0,hard_extinction,True,20,0.00044092355159107297,0.0019106965519786574,0.08818471031821459,0.38213931039573173,0.00044092355159107297,0.0019106965519786587,0.0,True,True,True,coexistence
1829,Va,0.03393221771895328,4.366459060913506,0.14816363951581338,on,1.4,ng_high_bt_low,1.0,0.001,hard_extinction,True,20,0.00044092355159107297,0.0019106965519786574,0.08818471031821459,0.38213931039573173,0.00044092355159107297,0.0019106965519786587,0.0,True,True,True,coexistence
1830,Va,0.0372759372031494,4.366459060913506,0.16276385375473457,on,1.4,ng_low_bt_high,0.001,1.0,hard_extinction,True,20,0.00044116952486656356,0.0019103919422524685,0.08823390497331261,0.3820783884504942,0.00044116952486656307,0.001910391942252471,4.440892098500626e-16,True,True,True,coexistence
1831,Va,0.0372759372031494,4.366459060913506,0.16276385375473457,on,1.4,ng_high_bt_low,1.0,0.001,hard_extinction,True,20,0.00044116952486656356,0.0019103919422524685,0.08823390497331261,0.3820783884504942,0.00044116952486656307,0.001910391942252471,4.440892098500626e-16,True,True,True,coexistence
1832,Va,0.040949150623804234,4.366459060913506,0.17880278977802194,on,1.4,ng_low_bt_high,0.001,1.0,hard_extinction,True,20,0.00044145454544939033,0.0019100389074211657,0.08829090908987805,0.38200778148423326,0.0004414545454493903,0.0019100389074211662,0.0,True,True,True,coexistence
1833,Va,0.040949150623804234,4.366459060913506,0.17880278977802194,on,1.4,ng_high_bt_low,1.0,0.001,hard_extinction,True,20,0.00044145454544939033,0.0019100389074211657,0.08829090908987805,0.38200778148423326,0.0004414545454493903,0.0019100389074211662,0.0,True,True,True,coexistence
1834,Va,0.04498432668969444,4.366459060913506,0.19642222087330954,on,1.4,ng_low_bt_high,0.001,1.0,hard_extinction,True,20,0.00044178646496067375,0.0019096277019924445,0.08835729299213455,0.3819255403984885,0.0004417864649606727,0.0019096277019924424,1.3322676295501878e-15,True,True,True,coexistence
1835,Va,0.04498432668969444,4.366459060913506,0.19642222087330954,on,1.4,ng_high_bt_low,1.0,0.001,hard_extinction,True,20,0.00044178646496067375,0.0019096277019924445,0.08835729299213455,0.3819255403984885,0.0004417864649606727,0.0019096277019924424,1.3322676295501878e-15,True,True,True,coexistence
1836,Va,0.04941713361323833,4.366459060913506,0.2157778908298979,on,1.4,ng_low_bt_high,0.001,1.0,hard_extinction,True,20,0.0004421751089868891,0.0019091461300139332,0.0884350217973778,0.38182922600278646,0.000442175108986889,0.0019091461300139324,4.440892098500626e-16,True,True,True,coexistence
1837,Va,0.04941713361323833,4.366459060913506,0.2157778908298979,on,1.4,ng_high_bt_low,1.0,0.001,hard_extinction,True,20,0.0004421751089868891,0.0019091461300139332,0.0884350217973778,0.38182922600278646,0.000442175108986889,0.0019091461300139324,4.440892098500626e-16,True,True,True,coexistence
1838,Va,0.054286754393238594,4.366459060913506,0.23704089060794276,on,1.4,ng_low_bt_high,0.001,1.0,hard_extinction,True,20,0.0004426328763889487,0.0019085788012176586,0.08852657527778957,0.38171576024353143,0.00044263287638894784,0.001908578801217657,8.881784197001252e-16,True,True,True,coexistence
1839,Va,0.054286754393238594,4.366459060913506,0.23704089060794276,on,1.4,ng_high_bt_low,1.0,0.001,hard_extinction,True,20,0.0004426328763889487,0.0019085788012176586,0.08852657527778957,0.38171576024353143,0.00044263287638894784,0.001908578801217657,8.881784197001252e-16,True,True,True,coexistence
1840,Va,0.05963623316594643,4.366459060913506,0.26039917066619733,on,1.4,ng_low_bt_high,0.001,1.0,hard_extinction,True,20,0.0004431755522938545,0.0019079061219802718,0.08863511045877072,0.3815812243960544,0.0004431755522938536,0.001907906121980272,8.881784197001252e-16,True,True,True,coexistence
1841,Va,0.05963623316594643,4.366459060913506,0.26039917066619733,on,1.4,ng_high_bt_low,1.0,0.001,hard_extinction,True,20,0.0004431755522938545,0.0019079061219802718,0.08863511045877072,0.3815812243960544,0.0004431755522938536,0.001907906121980272,8.881784197001252e-16,True,True,True,coexistence
1842,Va,0.0655128556859551,4.366459060913506,0.28605920231625753,on,1.4,ng_low_bt_high,0.001,1.0,hard_extinction,True,20,0.0004438234227794321,0.00190710291187896,0.08876468455588644,0.38142058237579207,0.0004438234227794322,0.0019071029118789603,4.440892098500626e-16,True,True,True,coexistence
1843,Va,0.0655128556859551,4.366459060913506,0.28605920231625753,on,1.4,ng_high_bt_low,1.0,0.001,hard_extinction,True,20,0.0004438234227794321,0.00190710291187896,0.08876468455588644,0.38142058237579207,0.0004438234227794322,0.0019071029118789603,4.440892098500626e-16,True,True,True,coexistence
1844,Va,0.07196856730011521,4.366459060913506,0.3142478027885515,on,1.4,ng_low_bt_high,0.001,1.0,hard_extinction,True,20,0.000444602820758297,0.0019061364851264695,0.0889205641516593,0.38122729702529373,0.0004446028207582965,0.0019061364851264686,4.440892098500626e-16,True,True,True,coexistence
1845,Va,0.07196856730011521,4.366459060913506,0.3142478027885515,on,1.4,ng_high_bt_low,1.0,0.001,hard_extinction,True,20,0.000444602820758297,0.0019061364851264695,0.0889205641516593,0.38122729702529373,0.0004446028207582965,0.0019061364851264686,4.440892098500626e-16,True,True,True,coexistence
1846,Va,0.07906043210907697,4.366459060913506,0.34521414014241625,on,1.4,ng_low_bt_high,0.001,1.0,hard_extinction,True,20,0.00044554829636729153,0.0019049639569904786,0.08910965927345837,0.3809927913980954,0.00044554829636729186,0.0019049639569904768,4.440892098500626e-16,True,True,True,coexistence
1847,Va,0.07906043210907697,4.366459060913506,0.34521414014241625,on,1.4,ng_high_bt_low,1.0,0.001,hard_extinction,True,20,0.00044554829636729153,0.0019049639569904786,0.08910965927345837,0.3809927913980954,0.00044554829636729186,0.0019049639569904768,4.440892098500626e-16,True,True,True,coexistence
1848,Va,0.08685113737513525,4.366459060913506,0.37923193574230296,on,1.4,ng_low_bt_high,0.001,1.0,hard_extinction,True,20,0.0004467057049409915,0.0019035284114830465,0.08934114098819829,0.38070568229660934,0.0004467057049409914,0.0019035284114830467,4.440892098500626e-16,True,True,True,coexistence
1849,Va,0.08685113737513525,4.366459060913506,0.37923193574230296,on,1.4,ng_high_bt_low,1.0,0.001,hard_extinction,True,20,0.0004467057049409915,0.0019035284114830465,0.08934114098819829,0.38070568229660934,0.0004467057049409914,0.0019035284114830467,4.440892098500626e-16,True,True,True,coexistence
1850,Va,0.09540954763499938,4.366459060913506,0.4166018837685018,on,1.4,ng_low_bt_high,0.001,1.0,hard_extinction,True,20,0.0004481366646408597,0.0019017533692905991,0.08962733292817195,0.38035067385812,0.00044813666464085973,0.0019017533692906,4.440892098500626e-16,True,True,True,coexistence
1851,Va,0.09540954763499938,4.366459060913506,0.4166018837685018,on,1.4,ng_high_bt_low,1.0,0.001,hard_extinction,True,20,0.0004481366646408597,0.0019017533692905991,0.08962733292817195,0.38035067385812,0.00044813666464085973,0.0019017533692906,4.440892098500626e-16,True,True,True,coexistence
1852,Va,0.10481131341546858,4.366459060913506,0.4576543091492181,on,1.4,ng_low_bt_high,0.001,1.0,hard_extinction,True,20,0.0004499250945759986,0.001899534673782761,0.08998501891519972,0.37990693475655074,0.0004499250945759986,0.0018995346737827538,1.7763568394002505e-15,True,True,True,coexistence
1853,Va,0.10481131341546858,4.366459060913506,0.4576543091492181,on,1.4,ng_high_bt_low,1.0,0.001,hard_extinction,True,20,0.0004499250945759986,0.001899534673782761,0.08998501891519972,0.37990693475655074,0.0004499250945759986,0.0018995346737827538,1.7763568394002505e-15,True,True,True,coexistence
1854,Va,0.1151395399326447,4.366459060913506,0.5027520874083089,on,1.4,ng_low_bt_high,0.001,1.0,hard_extinction,True,20,0.000452186975550497,0.001896728377687828,0.09043739511009946,0.3793456755375653,0.0004521869755504973,0.0018967283776878266,0.0,True,True,True,coexistence
1855,Va,0.1151395399326447,4.366459060913506,0.5027520874083089,on,1.4,ng_high_bt_low,1.0,0.001,hard_extinction,True,20,0.000452186975550497,0.001896728377687828,0.09043739511009946,0.3793456755375653,0.0004521869755504973,0.0018967283776878266,0.0,True,True,True,coexistence
1856,Va,0.12648552168552957,4.366459060913506,0.5522938522381523,on,1.4,ng_low_bt_high,0.001,1.0,hard_extinction,True,20,0.0004550852142381365,0.0018931322963293157,0.09101704284762731,0.3786264592658623,0.00045508521423813655,0.0018931322963293114,8.881784197001252e-16,True,True,True,coexistence
1857,Va,0.12648552168552957,4.366459060913506,0.5522938522381523,on,1.4,ng_high_bt_low,1.0,0.001,hard_extinction,True,20,0.0004550852142381365,0.0018931322963293157,0.09101704284762731,0.3786264592658623,0.00045508521423813655,0.0018931322963293114,8.881784197001252e-16,True,True,True,coexistence
1858,Va,0.13894954943731375,4.366459060913506,0.6067175191504077,on,1.4,ng_low_bt_high,0.001,1.0,hard_extinction,True,20,0.00045885279675632573,0.001888457273588325,0.09177055935126488,0.37769145471766424,0.0004588527967563244,0.0018884572735883211,1.3322676295501878e-15,True,True,True,coexistence
1859,Va,0.13894954943731375,4.366459060913506,0.6067175191504077,on,1.4,ng_high_bt_low,1.0,0.001,hard_extinction,True,20,0.00045885279675632573,0.001888457273588325,0.09177055935126488,0.37769145471766424,0.0004588527967563244,0.0018884572735883211,1.3322676295501878e-15,True,True,True,coexistence
1860,Va,0.15264179671752334,4.366459060913506,0.6665041563513473,on,1.4,ng_low_bt_high,0.001,1.0,hard_extinction,True,20,0.00046382980846431163,0.0018822812396902138,0.09276596169286253,0.3764562479380435,0.0004638298084643126,0.0018822812396902175,8.881784197001252e-16,True,True,True,coexistence
1861,Va,0.15264179671752334,4.366459060913506,0.6665041563513473,on,1.4,ng_high_bt_low,1.0,0.001,hard_extinction,True,20,0.00046382980846431163,0.0018822812396902138,0.09276596169286253,0.3764562479380435,0.0004638298084643126,0.0018822812396902175,8.881784197001252e-16,True,True,True,coexistence
1862,Va,0.16768329368110074,4.366459060913506,0.7321822370576628,on,1.4,ng_low_bt_high,0.001,1.0,hard_extinction,True,20,0.0004705244638543383,0.0018739734721676604,0.0941048927708677,0.37479469443353275,0.0004705244638543385,0.0018739734721676638,8.881784197001252e-16,True,True,True,coexistence
1863,Va,0.16768329368110074,4.366459060913506,0.7321822370576628,on,1.4,ng_high_bt_low,1.0,0.001,hard_extinction,True,20,0.0004705244638543383,0.0018739734721676604,0.0941048927708677,0.37479469443353275,0.0004705244638543385,0.0018739734721676638,8.881784197001252e-16,True,True,True,coexistence
1864,Va,0.18420699693267154,4.366459060913506,0.8043323108403301,on,1.4,ng_low_bt_high,0.001,1.0,hard_extinction,True,20,0.0004797174508947293,0.0018625651030367,0.09594349017894596,0.37251302060734026,0.0004797174508947298,0.0018625651030367014,4.440892098500626e-16,True,True,True,coexistence
1865,Va,0.18420699693267154,4.366459060913506,0.8043323108403301,on,1.4,ng_high_bt_low,1.0,0.001,hard_extinction,True,20,0.00047971745089472965,0.0018625651030367,0.09594349017894596,0.37251302060734026,0.0004797174508947298,0.0018625651030367014,0.0,True,True,True,coexistence
1866,Va,0.20235896477251566,4.366459060913506,0.883592135288028,on,1.4,ng_low_bt_high,0.001,1.0,hard_extinction,True,20,0.0004926483457443017,0.0018465177753382148,0.09852966914886029,0.3693035550676429,0.0004926483457443014,0.0018465177753382144,0.0,True,True,True,coexistence
1867,Va,0.20235896477251566,4.366459060913506,0.883592135288028,on,1.4,ng_high_bt_low,1.0,0.001,hard_extinction,True,20,0.0004926483457443046,0.0018465177753382142,0.09852966914886045,0.3693035550676429,0.0004926483457443023,0.0018465177753382144,2.220446049250313e-15,True,True,True,coexistence
1868,Va,0.22229964825261944,4.366459060913506,0.9706623133505354,on,1.4,ng_low_bt_high,0.001,1.0,hard_extinction,True,20,0.0005113670056286143,0.0018232875581758701,0.10227340112572307,0.3646575116351734,0.0005113670056286154,0.0018232875581758671,8.881784197001252e-16,True,True,True,coexistence
1869,Va,0.22229964825261944,4.366459060913506,0.9706623133505354,on,1.4,ng_high_bt_low,1.0,0.001,hard_extinction,True,20,0.0005113670056287528,0.001823287558175697,0.10227340112572751,0.36465751163516913,0.0005113670056286375,0.0018232875581758456,9.769962616701378e-14,True,True,True,coexistence
1870,Va,0.2442053094548651,4.366459060913506,1.0663124861923825,on,1.4,ng_low_bt_high,0.001,1.0,hard_extinction,True,20,0.0005394412252147074,0.0017884467284602088,0.10788824504295993,0.35768934569201866,0.0005394412252147997,0.0017884467284600932,7.460698725481052e-14,True,True,True,coexistence
1871,Va,0.2442053094548651,4.366459060913506,1.0663124861923825,on,1.4,ng_high_bt_low,1.0,0.001,hard_extinction,True,20,0.0005394412252341106,0.001788446728436132,0.10788824504374606,0.35768934569104116,0.0005394412252187303,0.0017884467284552058,1.2382539438249296e-11,True,True,True,coexistence
1872,Va,0.2682695795279725,4.366459060913506,1.171388136297372,on,1.4,ng_low_bt_high,0.001,1.0,hard_extinction,True,20,0.0005835037141771323,0.0017337639268783182,0.11670074283828817,0.34675278537211285,0.0005835037141914409,0.0017337639268605641,1.0649703341414352e-11,True,True,True,coexistence
1873,Va,0.2682695795279725,4.366459060913506,1.171388136297372,on,1.4,ng_high_bt_low,1.0,0.001,hard_extinction,True,20,0.0005835037175633162,0.0017337639226759646,0.1167007430196878,0.3467527851469905,0.000583503715098439,0.0017337639257349524,1.8345769348115937e-09,True,True,True,coexistence
1874,Va,0.29470517025518095,4.366459060913506,1.2868180609587923,on,1.4,ng_low_bt_high,0.001,1.0,hard_extinction,True,20,0.0006569979326581601,0.0016425554578809397,0.1313995870649279,0.3285110909143507,0.0006569979353246396,0.0016425554545717535,1.7626193837827486e-09,True,True,True,coexistence
1875,Va,0.29470517025518095,4.366459060913506,1.2868180609587923,on,1.4,ng_high_bt_low,1.0,0.001,hard_extinction,True,20,0.0006569986433804853,0.0016425545758537302,0.13139963795026816,0.32851102776415647,0.0006569981897513407,0.0016425551388207823,2.9986165728246306e-07,True,True,True,coexistence
1876,Va,0.32374575428176433,4.366459060913506,1.4136225822158874,on,1.4,ng_low_bt_high,0.001,1.0,hard_extinction,True,20,0.0007904800821689809,0.001476900202381547,0.15809612679468035,0.29537990351522103,0.0007904806339734018,0.001476899517576105,3.0316454102674584e-07,True,True,True,coexistence
1877,Va,0.32374575428176433,4.366459060913506,1.4136225822158874,on,1.4,ng_high_bt_low,1.0,0.001,hard_extinction,True,40,0.0007904811484321872,0.001476898879117686,0.1580962296781804,0.2953797758337843,0.000790481148390902,0.0014768988791689214,2.2682300482301798e-11,True,True,True,coexistence
1878,Va,0.35564803062231287,4.366459060913506,1.5529225658068422,on,1.4,ng_low_bt_high,0.001,1.0,hard_extinction,True,40,0.0010647882914427982,0.0011364756822662004,0.21295766331714117,0.22729513021262313,0.0010647883165857059,0.0011364756510631156,1.1923992904172565e-08,True,True,True,coexistence
1879,Va,0.35564803062231287,4.366459060913506,1.5529225658068422,on,1.4,ng_high_bt_low,1.0,0.001,hard_extinction,True,40,0.0010647980308564767,0.001136463595368631,0.212958945377885,0.2272935391376987,0.0010647947268894252,0.0011364676956884935,1.5669160751130562e-06,True,True,True,coexistence
1880,Va,0.3906939937054615,4.366459060913506,1.7059493288596965,on,1.4,ng_low_bt_high,0.001,1.0,hard_extinction,True,100,0.0017395442448281825,0.0002990837855791444,0.3479107269337806,0.059814426502371405,0.001739553634668903,0.000299072132511857,1.692155055499356e-05,True,True,True,coexistence
1881,Va,0.3906939937054615,4.366459060913506,1.7059493288596965,on,1.4,ng_high_bt_low,1.0,0.001,hard_extinction,True,100,0.0017455832647932064,0.0002915891849649181,0.349031057322274,0.05842406368416965,0.00174515528661137,0.00029212031842084827,0.0007903533884521252,False,True,True,coexistence
1882,Va,0.42919342601287763,4.366459060913506,1.87405552389844,on,1.4,ng_low_bt_high,0.001,1.0,hard_extinction,True,40,0.001980540802929016,0.0,0.396108160585804,0.0,0.00198054080292902,0.0,8.881784197001252e-16,True,True,False,ng_only
1883,Va,0.42919342601287763,4.366459060913506,1.87405552389844,on,1.4,ng_high_bt_low,1.0,0.001,hard_extinction,True,20,0.0019805408029290182,0.0,0.3961081605858048,0.0,0.001980540802929024,0.0,1.3322676295501878e-15,True,True,False,ng_only
1884,Va,0.47148663634573923,4.366459060913506,2.0587270953714842,on,1.4,ng_low_bt_high,0.001,1.0,hard_extinction,True,20,0.001980540802929139,0.0,0.39610816058586257,0.0,0.0019805408029293127,0.0,3.8191672047105385e-14,True,True,False,ng_only
1885,Va,0.47148663634573923,4.366459060913506,2.0587270953714842,on,1.4,ng_high_bt_low,1.0,0.001,hard_extinction,True,20,0.0019805408029293144,0.0,0.3961081605858637,0.0,0.0019805408029293183,0.0,8.881784197001252e-16,True,True,False,ng_only
1886,Va,0.517947467923121,4.366459060913506,2.261596414390119,on,1.4,ng_low_bt_high,0.001,1.0,hard_extinction,True,20,0.0019805408029293235,0.0,0.39610816058586407,0.0,0.0019805408029293205,0.0,4.440892098500626e-16,True,True,False,ng_only
1887,Va,0.517947467923121,4.366459060913506,2.261596414390119,on,1.4,ng_high_bt_low,1.0,0.001,hard_extinction,True,20,0.0019805408029293235,0.0,0.39610816058586407,0.0,0.0019805408029293205,0.0,4.440892098500626e-16,True,True,False,ng_only
1888,Va,0.5689866029018296,4.366459060913506,2.484456707779089,on,1.4,ng_low_bt_high,0.001,1.0,hard_extinction,True,20,0.001980540802929314,0.0,0.3961081605858625,0.0,0.0019805408029293127,0.0,4.440892098500626e-16,True,True,False,ng_only
1889,Va,0.5689866029018296,4.366459060913506,2.484456707779089,on,1.4,ng_high_bt_low,1.0,0.001,hard_extinction,True,20,0.001980540802929314,0.0,0.3961081605858625,0.0,0.0019805408029293127,0.0,4.440892098500626e-16,True,True,False,ng_only
1890,Va,0.6250551925273969,4.366459060913506,2.7292779089822883,on,1.4,ng_low_bt_high,0.001,1.0,hard_extinction,True,20,0.0019805408029293188,0.0,0.396108160585864,0.0,0.00198054080292932,0.0,4.440892098500626e-16,True,True,False,ng_only
1891,Va,0.6250551925273969,4.366459060913506,2.7292779089822883,on,1.4,ng_high_bt_low,1.0,0.001,hard_extinction,True,20,0.0019805408029293188,0.0,0.396108160585864,0.0,0.00198054080292932,0.0,4.440892098500626e-16,True,True,False,ng_only
1892,Va,0.6866488450042998,4.366459060913506,2.9982240709348185,on,1.4,ng_low_bt_high,0.001,1.0,hard_extinction,True,20,0.001980540802929319,0.0,0.3961081605858635,0.0,0.0019805408029293175,0.0,4.440892098500626e-16,True,True,False,ng_only
1893,Va,0.6866488450042998,4.366459060913506,2.9982240709348185,on,1.4,ng_high_bt_low,1.0,0.001,hard_extinction,True,20,0.001980540802929319,0.0,0.3961081605858635,0.0,0.0019805408029293175,0.0,4.440892098500626e-16,True,True,False,ng_only
1894,Va,0.7543120063354615,4.366459060913506,3.293672494819322,on,1.4,ng_low_bt_high,0.001,1.0,hard_extinction,True,20,0.0019805408029293183,0.0,0.39610816058586346,0.0,0.0019805408029293175,0.0,4.440892098500626e-16,True,True,False,ng_only
1895,Va,0.7543120063354615,4.366459060913506,3.293672494819322,on,1.4,ng_high_bt_low,1.0,0.001,hard_extinction,True,20,0.0019805408029293183,0.0,0.39610816058586346,0.0,0.0019805408029293175,0.0,4.440892098500626e-16,True,True,False,ng_only
1896,Va,0.8286427728546842,4.366459060913506,3.6182347437918283,on,1.4,ng_low_bt_high,0.001,1.0,hard_extinction,True,20,0.0019805408029293253,0.0,0.3961081605858655,0.0,0.0019805408029293274,0.0,4.440892098500626e-16,True,True,False,ng_only
1897,Va,0.8286427728546842,4.366459060913506,3.6182347437918283,on,1.4,ng_high_bt_low,1.0,0.001,hard_extinction,True,20,0.0019805408029293253,0.0,0.3961081605858655,0.0,0.0019805408029293274,0.0,4.440892098500626e-16,True,True,False,ng_only
1898,Va,0.9102981779915218,4.366459060913506,3.974779727424136,on,1.4,ng_low_bt_high,0.001,1.0,hard_extinction,True,20,0.0019805408029293175,0.0,0.3961081605858639,0.0,0.0019805408029293196,0.0,4.440892098500626e-16,True,True,False,ng_only
1899,Va,0.9102981779915218,4.366459060913506,3.974779727424136,on,1.4,ng_high_bt_low,1.0,0.001,hard_extinction,True,20,0.0019805408029293175,0.0,0.3961081605858639,0.0,0.0019805408029293196,0.0,4.440892098500626e-16,True,True,False,ng_only
1900,Va,0.9999999999999994,4.366459060913506,4.366459060913503,on,1.4,ng_low_bt_high,0.001,1.0,hard_extinction,True,20,0.0019805408029293244,0.0,0.3961081605858652,0.0,0.0019805408029293257,0.0,0.0,True,True,False,ng_only
1901,Va,0.9999999999999994,4.366459060913506,4.366459060913503,on,1.4,ng_high_bt_low,1.0,0.001,hard_extinction,True,20,0.0019805408029293244,0.0,0.3961081605858652,0.0,0.0019805408029293257,0.0,0.0,True,True,False,ng_only
1902,Va,1.0985411419875584,4.366459060913506,4.796734923217845,on,1.4,ng_low_bt_high,0.001,1.0,hard_extinction,True,20,0.001980540802929324,0.0,0.39610816058586473,0.0,0.0019805408029293235,0.0,0.0,True,True,False,ng_only
1903,Va,1.0985411419875584,4.366459060913506,4.796734923217845,on,1.4,ng_high_bt_low,1.0,0.001,hard_extinction,True,20,0.001980540802929324,0.0,0.39610816058586473,0.0,0.0019805408029293235,0.0,0.0,True,True,False,ng_only
1904,Va,1.2067926406393277,4.366459060913506,5.269410660363329,on,1.4,ng_low_bt_high,0.001,1.0,hard_extinction,True,20,0.0019805408029293253,0.0,0.3961081605858651,0.0,0.0019805408029293257,0.0,0.0,True,True,False,ng_only
1905,Va,1.2067926406393277,4.366459060913506,5.269410660363329,on,1.4,ng_high_bt_low,1.0,0.001,hard_extinction,True,20,0.0019805408029293253,0.0,0.3961081605858651,0.0,0.0019805408029293257,0.0,0.0,True,True,False,ng_only
1906,Va,1.325711365590108,4.366459060913506,5.788664404436945,on,1.4,ng_low_bt_high,0.001,1.0,hard_extinction,True,20,0.0019805408029293214,0.0,0.39610816058586423,0.0,0.0019805408029293214,0.0,0.0,True,True,False,ng_only
1907,Va,1.325711365590108,4.366459060913506,5.788664404436945,on,1.4,ng_high_bt_low,1.0,0.001,hard_extinction,True,20,0.0019805408029293214,0.0,0.39610816058586423,0.0,0.0019805408029293214,0.0,0.0,True,True,False,ng_only
1908,Va,1.456348477501243,4.366459060913506,6.359086005432892,on,1.4,ng_low_bt_high,0.001,1.0,hard_extinction,True,20,0.0019805408029293123,0.0,0.39610816058586246,0.0,0.0019805408029293123,0.0,0.0,True,True,False,ng_only
1909,Va,1.456348477501243,4.366459060913506,6.359086005432892,on,1.4,ng_high_bt_low,1.0,0.001,hard_extinction,True,20,0.0019805408029293123,0.0,0.39610816058586246,0.0,0.0019805408029293123,0.0,0.0,True,True,False,ng_only
1910,Va,1.5998587196060574,4.366459060913506,6.98571760240535,on,1.4,ng_low_bt_high,0.001,1.0,hard_extinction,True,20,0.00198054080292932,0.0,0.3961081605858637,0.0,0.0019805408029293183,0.0,4.440892098500626e-16,True,True,False,ng_only
1911,Va,1.5998587196060574,4.366459060913506,6.98571760240535,on,1.4,ng_high_bt_low,1.0,0.001,hard_extinction,True,20,0.00198054080292932,0.0,0.3961081605858637,0.0,0.0019805408029293183,0.0,4.440892098500626e-16,True,True,False,ng_only
1912,Va,1.7575106248547911,4.366459060913506,7.674098192548961,on,1.4,ng_low_bt_high,0.001,1.0,hard_extinction,True,20,0.001980540802929322,0.0,0.3961081605858644,0.0,0.001980540802929322,0.0,0.0,True,True,False,ng_only
1913,Va,1.7575106248547911,4.366459060913506,7.674098192548961,on,1.4,ng_high_bt_low,1.0,0.001,hard_extinction,True,20,0.001980540802929322,0.0,0.3961081605858644,0.0,0.001980540802929322,0.0,0.0,True,True,False,ng_only
1914,Va,1.9306977288832496,4.366459060913506,8.430312592167393,on,1.4,ng_low_bt_high,0.001,1.0,hard_extinction,True,20,0.0019805408029293175,0.0,0.39610816058586357,0.0,0.001980540802929318,0.0,0.0,True,True,False,ng_only
1915,Va,1.9306977288832496,4.366459060913506,8.430312592167393,on,1.4,ng_high_bt_low,1.0,0.001,hard_extinction,True,20,0.0019805408029293175,0.0,0.39610816058586357,0.0,0.001980540802929318,0.0,0.0,True,True,False,ng_only
1916,Va,2.1209508879201904,4.366459060913506,9.261045222311662,on,1.4,ng_low_bt_high,0.001,1.0,hard_extinction,True,20,0.0019805408029293214,0.0,0.3961081605858642,0.0,0.001980540802929321,0.0,0.0,True,True,False,ng_only
1917,Va,2.1209508879201904,4.366459060913506,9.261045222311662,on,1.4,ng_high_bt_low,1.0,0.001,hard_extinction,True,20,0.0019805408029293214,0.0,0.3961081605858642,0.0,0.001980540802929321,0.0,0.0,True,True,False,ng_only
1918,Va,2.329951810515372,4.366459060913506,10.173639194516674,on,1.4,ng_low_bt_high,0.001,1.0,hard_extinction,True,20,0.0019805408029293214,0.0,0.39610816058586423,0.0,0.0019805408029293214,0.0,0.0,True,True,False,ng_only
1919,Va,2.329951810515372,4.366459060913506,10.173639194516674,on,1.4,ng_high_bt_low,1.0,0.001,hard_extinction,True,20,0.0019805408029293214,0.0,0.39610816058586423,0.0,0.0019805408029293214,0.0,0.0,True,True,False,ng_only
1920,Va,2.5595479226995357,4.366459060913506,11.17616121891373,on,1.4,ng_low_bt_high,0.001,1.0,hard_extinction,True,20,0.001980540802929326,0.0,0.39610816058586495,0.0,0.001980540802929325,0.0,4.440892098500626e-16,True,True,False,ng_only
1921,Va,2.5595479226995357,4.366459060913506,11.17616121891373,on,1.4,ng_high_bt_low,1.0,0.001,hard_extinction,True,20,0.001980540802929326,0.0,0.39610816058586495,0.0,0.001980540802929325,0.0,4.440892098500626e-16,True,True,False,ng_only
1922,Va,2.811768697974228,4.366459060913506,12.27747290846254,on,1.4,ng_low_bt_high,0.001,1.0,hard_extinction,True,20,0.0019805408029293214,0.0,0.3961081605858641,0.0,0.0019805408029293205,0.0,0.0,True,True,False,ng_only
1923,Va,2.811768697974228,4.366459060913506,12.27747290846254,on,1.4,ng_high_bt_low,1.0,0.001,hard_extinction,True,20,0.0019805408029293214,0.0,0.3961081605858641,0.0,0.0019805408029293205,0.0,0.0,True,True,False,ng_only
1924,Va,3.0888435964774787,4.366459060913506,13.487309109583748,on,1.4,ng_low_bt_high,0.001,1.0,hard_extinction,True,20,0.001980540802929318,0.0,0.3961081605858636,0.0,0.001980540802929318,0.0,0.0,True,True,False,ng_only
1925,Va,3.0888435964774787,4.366459060913506,13.487309109583748,on,1.4,ng_high_bt_low,1.0,0.001,hard_extinction,True,20,0.001980540802929318,0.0,0.3961081605858636,0.0,0.001980540802929318,0.0,0.0,True,True,False,ng_only
1926,Va,3.3932217718953264,4.366459060913506,14.81636395158133,on,1.4,ng_low_bt_high,0.001,1.0,hard_extinction,True,20,0.0019805408029293274,0.0,0.39610816058586534,0.0,0.0019805408029293266,0.0,0.0,True,True,False,ng_only
1927,Va,3.3932217718953264,4.366459060913506,14.81636395158133,on,1.4,ng_high_bt_low,1.0,0.001,hard_extinction,True,20,0.0019805408029293274,0.0,0.39610816058586534,0.0,0.0019805408029293266,0.0,0.0,True,True,False,ng_only
1928,Va,3.727593720314938,4.366459060913506,16.276385375473446,on,1.4,ng_low_bt_high,0.001,1.0,hard_extinction,True,20,0.0019805408029293157,0.0,0.39610816058586323,0.0,0.001980540802929316,0.0,4.440892098500626e-16,True,True,False,ng_only
1929,Va,3.727593720314938,4.366459060913506,16.276385375473446,on,1.4,ng_high_bt_low,1.0,0.001,hard_extinction,True,20,0.0019805408029293157,0.0,0.39610816058586323,0.0,0.001980540802929316,0.0,4.440892098500626e-16,True,True,False,ng_only
1930,Va,4.094915062380423,4.366459060913506,17.88027897780219,on,1.4,ng_low_bt_high,0.001,1.0,hard_extinction,True,20,0.0019805408029293188,0.0,0.39610816058586373,0.0,0.0019805408029293188,0.0,0.0,True,True,False,ng_only
1931,Va,4.094915062380423,4.366459060913506,17.88027897780219,on,1.4,ng_high_bt_low,1.0,0.001,hard_extinction,True,20,0.0019805408029293188,0.0,0.39610816058586373,0.0,0.0019805408029293188,0.0,0.0,True,True,False,ng_only
1932,Va,4.498432668969444,4.366459060913506,19.642222087330953,on,1.4,ng_low_bt_high,0.001,1.0,hard_extinction,True,20,0.001980540802929315,0.0,0.3961081605858628,0.0,0.001980540802929314,0.0,0.0,True,True,False,ng_only
1933,Va,4.498432668969444,4.366459060913506,19.642222087330953,on,1.4,ng_high_bt_low,1.0,0.001,hard_extinction,True,20,0.001980540802929315,0.0,0.3961081605858628,0.0,0.001980540802929314,0.0,0.0,True,True,False,ng_only
1934,Va,4.941713361323833,4.366459060913506,21.57778908298979,on,1.4,ng_low_bt_high,0.001,1.0,hard_extinction,True,20,0.0019805408029293205,0.0,0.39610816058586396,0.0,0.0019805408029293196,0.0,4.440892098500626e-16,True,True,False,ng_only
1935,Va,4.941713361323833,4.366459060913506,21.57778908298979,on,1.4,ng_high_bt_low,1.0,0.001,hard_extinction,True,20,0.0019805408029293205,0.0,0.39610816058586396,0.0,0.0019805408029293196,0.0,4.440892098500626e-16,True,True,False,ng_only
1936,Va,5.428675439323859,4.366459060913506,23.704089060794274,on,1.4,ng_low_bt_high,0.001,1.0,hard_extinction,True,20,0.0019805408029293266,0.0,0.39610816058586534,0.0,0.0019805408029293266,0.0,0.0,True,True,False,ng_only
1937,Va,5.428675439323859,4.366459060913506,23.704089060794274,on,1.4,ng_high_bt_low,1.0,0.001,hard_extinction,True,20,0.0019805408029293266,0.0,0.39610816058586534,0.0,0.0019805408029293266,0.0,0.0,True,True,False,ng_only
1938,Va,5.963623316594643,4.366459060913506,26.039917066619733,on,1.4,ng_low_bt_high,0.001,1.0,hard_extinction,True,20,0.0019805408029293205,0.0,0.3961081605858641,0.0,0.0019805408029293205,0.0,0.0,True,True,False,ng_only
1939,Va,5.963623316594643,4.366459060913506,26.039917066619733,on,1.4,ng_high_bt_low,1.0,0.001,hard_extinction,True,20,0.0019805408029293205,0.0,0.3961081605858641,0.0,0.0019805408029293205,0.0,0.0,True,True,False,ng_only
1940,Va,6.551285568595502,4.366459060913506,28.60592023162572,on,1.4,ng_low_bt_high,0.001,1.0,hard_extinction,True,20,0.001980540802929315,0.0,0.396108160585863,0.0,0.001980540802929315,0.0,0.0,True,True,False,ng_only
1941,Va,6.551285568595502,4.366459060913506,28.60592023162572,on,1.4,ng_high_bt_low,1.0,0.001,hard_extinction,True,20,0.001980540802929315,0.0,0.396108160585863,0.0,0.001980540802929315,0.0,0.0,True,True,False,ng_only
1942,Va,7.196856730011514,4.366459060913506,31.42478027885512,on,1.4,ng_low_bt_high,0.001,1.0,hard_extinction,True,20,0.0019805408029293227,0.0,0.3961081605858645,0.0,0.0019805408029293227,0.0,0.0,True,True,False,ng_only
1943,Va,7.196856730011514,4.366459060913506,31.42478027885512,on,1.4,ng_high_bt_low,1.0,0.001,hard_extinction,True,20,0.0019805408029293227,0.0,0.3961081605858645,0.0,0.0019805408029293227,0.0,0.0,True,True,False,ng_only
1944,Va,7.9060432109076935,4.366459060913506,34.52141401424161,on,1.4,ng_low_bt_high,0.001,1.0,hard_extinction,True,20,0.0019805408029293196,0.0,0.3961081605858639,0.0,0.0019805408029293196,0.0,0.0,True,True,False,ng_only
1945,Va,7.9060432109076935,4.366459060913506,34.52141401424161,on,1.4,ng_high_bt_low,1.0,0.001,hard_extinction,True,20,0.0019805408029293196,0.0,0.3961081605858639,0.0,0.0019805408029293196,0.0,0.0,True,True,False,ng_only
1946,Va,8.68511373751352,4.366459060913506,37.923193574230275,on,1.4,ng_low_bt_high,0.001,1.0,hard_extinction,True,20,0.001980540802929317,0.0,0.3961081605858635,0.0,0.0019805408029293175,0.0,0.0,True,True,False,ng_only
1947,Va,8.68511373751352,4.366459060913506,37.923193574230275,on,1.4,ng_high_bt_low,1.0,0.001,hard_extinction,True,20,0.001980540802929317,0.0,0.3961081605858635,0.0,0.0019805408029293175,0.0,0.0,True,True,False,ng_only
1948,Va,9.540954763499935,4.366459060913506,41.660188376850165,on,1.4,ng_low_bt_high,0.001,1.0,hard_extinction,True,20,0.001980540802929324,0.0,0.3961081605858649,0.0,0.0019805408029293244,0.0,4.440892098500626e-16,True,True,False,ng_only
1949,Va,9.540954763499935,4.366459060913506,41.660188376850165,on,1.4,ng_high_bt_low,1.0,0.001,hard_extinction,True,20,0.001980540802929324,0.0,0.3961081605858649,0.0,0.0019805408029293244,0.0,4.440892098500626e-16,True,True,False,ng_only
1950,Va,10.481131341546853,4.366459060913506,45.76543091492179,on,1.4,ng_low_bt_high,0.001,1.0,hard_extinction,True,20,0.001980540802929325,0.0,0.39610816058586507,0.0,0.0019805408029293253,0.0,0.0,True,True,False,ng_only
1951,Va,10.481131341546853,4.366459060913506,45.76543091492179,on,1.4,ng_high_bt_low,1.0,0.001,hard_extinction,True,20,0.001980540802929325,0.0,0.39610816058586507,0.0,0.0019805408029293253,0.0,0.0,True,True,False,ng_only
1952,Va,11.513953993264469,4.366459060913506,50.275208740830884,on,1.4,ng_low_bt_high,0.001,1.0,hard_extinction,True,20,0.0019805408029293205,0.0,0.39610816058586407,0.0,0.0019805408029293205,0.0,0.0,True,True,False,ng_only
1953,Va,11.513953993264469,4.366459060913506,50.275208740830884,on,1.4,ng_high_bt_low,1.0,0.001,hard_extinction,True,20,0.0019805408029293205,0.0,0.39610816058586407,0.0,0.0019805408029293205,0.0,0.0,True,True,False,ng_only
1954,Va,12.648552168552959,4.366459060913506,55.22938522381524,on,1.4,ng_low_bt_high,0.001,1.0,hard_extinction,True,20,0.0019805408029293196,0.0,0.3961081605858639,0.0,0.0019805408029293196,0.0,0.0,True,True,False,ng_only
1955,Va,12.648552168552959,4.366459060913506,55.22938522381524,on,1.4,ng_high_bt_low,1.0,0.001,hard_extinction,True,20,0.0019805408029293196,0.0,0.3961081605858639,0.0,0.0019805408029293196,0.0,0.0,True,True,False,ng_only
1956,Va,13.894954943731374,4.366459060913506,60.67175191504077,on,1.4,ng_low_bt_high,0.001,1.0,hard_extinction,True,20,0.0019805408029293166,0.0,0.39610816058586307,0.0,0.0019805408029293153,0.0,4.440892098500626e-16,True,True,False,ng_only
1957,Va,13.894954943731374,4.366459060913506,60.67175191504077,on,1.4,ng_high_bt_low,1.0,0.001,hard_extinction,True,20,0.0019805408029293166,0.0,0.39610816058586307,0.0,0.0019805408029293153,0.0,4.440892098500626e-16,True,True,False,ng_only
1958,Va,15.264179671752318,4.366459060913506,66.65041563513466,on,1.4,ng_low_bt_high,0.001,1.0,hard_extinction,True,20,0.0019805408029293235,0.0,0.3961081605858648,0.0,0.001980540802929324,0.0,0.0,True,True,False,ng_only
1959,Va,15.264179671752318,4.366459060913506,66.65041563513466,on,1.4,ng_high_bt_low,1.0,0.001,hard_extinction,True,20,0.0019805408029293235,0.0,0.3961081605858648,0.0,0.001980540802929324,0.0,0.0,True,True,False,ng_only
1960,Va,16.768329368110066,4.366459060913506,73.21822370576625,on,1.4,ng_low_bt_high,0.001,1.0,hard_extinction,True,20,0.0019805408029293144,0.0,0.39610816058586285,0.0,0.0019805408029293144,0.0,0.0,True,True,False,ng_only
1961,Va,16.768329368110066,4.366459060913506,73.21822370576625,on,1.4,ng_high_bt_low,1.0,0.001,hard_extinction,True,20,0.0019805408029293144,0.0,0.39610816058586285,0.0,0.0019805408029293144,0.0,0.0,True,True,False,ng_only
1962,Va,18.420699693267146,4.366459060913506,80.43323108403297,on,1.4,ng_low_bt_high,0.001,1.0,hard_extinction,True,20,0.001980540802929322,0.0,0.3961081605858644,0.0,0.001980540802929322,0.0,0.0,True,True,False,ng_only
1963,Va,18.420699693267146,4.366459060913506,80.43323108403297,on,1.4,ng_high_bt_low,1.0,0.001,hard_extinction,True,20,0.001980540802929322,0.0,0.3961081605858644,0.0,0.001980540802929322,0.0,0.0,True,True,False,ng_only
1964,Va,20.235896477251554,4.366459060913506,88.35921352880274,on,1.4,ng_low_bt_high,0.001,1.0,hard_extinction,True,20,0.0019805408029293296,0.0,0.39610816058586584,0.0,0.001980540802929329,0.0,0.0,True,True,False,ng_only
1965,Va,20.235896477251554,4.366459060913506,88.35921352880274,on,1.4,ng_high_bt_low,1.0,0.001,hard_extinction,True,20,0.0019805408029293296,0.0,0.39610816058586584,0.0,0.001980540802929329,0.0,0.0,True,True,False,ng_only
1966,Va,22.229964825261934,4.366459060913506,97.0662313350535,on,1.4,ng_low_bt_high,0.001,1.0,hard_extinction,True,20,0.001980540802929313,0.0,0.3961081605858627,0.0,0.0019805408029293136,0.0,0.0,True,True,False,ng_only
1967,Va,22.229964825261934,4.366459060913506,97.0662313350535,on,1.4,ng_high_bt_low,1.0,0.001,hard_extinction,True,20,0.001980540802929313,0.0,0.3961081605858627,0.0,0.0019805408029293136,0.0,0.0,True,True,False,ng_only
1968,Va,24.420530945486497,4.366459060913506,106.63124861923819,on,1.4,ng_low_bt_high,0.001,1.0,hard_extinction,True,20,0.001980540802929318,0.0,0.39610816058586357,0.0,0.001980540802929318,0.0,0.0,True,True,False,ng_only
1969,Va,24.420530945486497,4.366459060913506,106.63124861923819,on,1.4,ng_high_bt_low,1.0,0.001,hard_extinction,True,20,0.001980540802929318,0.0,0.39610816058586357,0.0,0.001980540802929318,0.0,0.0,True,True,False,ng_only
1970,Va,26.826957952797247,4.366459060913506,117.13881362973719,on,1.4,ng_low_bt_high,0.001,1.0,hard_extinction,True,20,0.0019805408029293214,0.0,0.39610816058586423,0.0,0.0019805408029293214,0.0,0.0,True,True,False,ng_only
1971,Va,26.826957952797247,4.366459060913506,117.13881362973719,on,1.4,ng_high_bt_low,1.0,0.001,hard_extinction,True,20,0.0019805408029293214,0.0,0.39610816058586423,0.0,0.0019805408029293214,0.0,0.0,True,True,False,ng_only
1972,Va,29.4705170255181,4.366459060913506,128.68180609587924,on,1.4,ng_low_bt_high,0.001,1.0,hard_extinction,True,20,0.001980540802929319,0.0,0.3961081605858638,0.0,0.0019805408029293188,0.0,0.0,True,True,False,ng_only
1973,Va,29.4705170255181,4.366459060913506,128.68180609587924,on,1.4,ng_high_bt_low,1.0,0.001,hard_extinction,True,20,0.001980540802929319,0.0,0.3961081605858638,0.0,0.0019805408029293188,0.0,0.0,True,True,False,ng_only
1974,Va,32.374575428176435,4.366459060913506,141.36225822158875,on,1.4,ng_low_bt_high,0.001,1.0,hard_extinction,True,20,0.001980540802929324,0.0,0.39610816058586473,0.0,0.0019805408029293235,0.0,0.0,True,True,False,ng_only
1975,Va,32.374575428176435,4.366459060913506,141.36225822158875,on,1.4,ng_high_bt_low,1.0,0.001,hard_extinction,True,20,0.001980540802929324,0.0,0.39610816058586473,0.0,0.0019805408029293235,0.0,0.0,True,True,False,ng_only
1976,Va,35.56480306223125,4.366459060913506,155.29225658068404,on,1.4,ng_low_bt_high,0.001,1.0,hard_extinction,True,20,0.0019805408029293244,0.0,0.3961081605858649,0.0,0.0019805408029293244,0.0,0.0,True,True,False,ng_only
1977,Va,35.56480306223125,4.366459060913506,155.29225658068404,on,1.4,ng_high_bt_low,1.0,0.001,hard_extinction,True,20,0.0019805408029293244,0.0,0.3961081605858649,0.0,0.0019805408029293244,0.0,0.0,True,True,False,ng_only
1978,Va,39.06939937054613,4.366459060913506,170.59493288596957,on,1.4,ng_low_bt_high,0.001,1.0,hard_extinction,True,20,0.0019805408029293205,0.0,0.39610816058586407,0.0,0.0019805408029293205,0.0,0.0,True,True,False,ng_only
1979,Va,39.06939937054613,4.366459060913506,170.59493288596957,on,1.4,ng_high_bt_low,1.0,0.001,hard_extinction,True,20,0.0019805408029293196,0.0,0.3961081605858639,0.0,0.0019805408029293196,0.0,0.0,True,True,False,ng_only
1980,Va,42.91934260128774,4.366459060913506,187.4055523898439,on,1.4,ng_low_bt_high,0.001,1.0,hard_extinction,True,20,0.001980540802929322,0.0,0.3961081605858642,0.0,0.001980540802929321,0.0,0.0,True,True,False,ng_only
1981,Va,42.91934260128774,4.366459060913506,187.4055523898439,on,1.4,ng_high_bt_low,1.0,0.001,hard_extinction,True,20,0.001980540802929322,0.0,0.3961081605858642,0.0,0.001980540802929321,0.0,0.0,True,True,False,ng_only
1982,Va,47.1486636345739,4.366459060913506,205.87270953714832,on,1.4,ng_low_bt_high,0.001,1.0,hard_extinction,True,20,0.0019805408029293188,0.0,0.39610816058586384,0.0,0.001980540802929319,0.0,0.0,True,True,False,ng_only
1983,Va,47.1486636345739,4.366459060913506,205.87270953714832,on,1.4,ng_high_bt_low,1.0,0.001,hard_extinction,True,20,0.0019805408029293188,0.0,0.39610816058586384,0.0,0.001980540802929319,0.0,0.0,True,True,False,ng_only
1984,Va,51.794746792312075,4.366459060913506,226.1596414390118,on,1.4,ng_low_bt_high,0.001,1.0,hard_extinction,True,20,0.0019805408029293235,0.0,0.3961081605858647,0.0,0.0019805408029293235,0.0,0.0,True,True,False,ng_only
1985,Va,51.794746792312075,4.366459060913506,226.1596414390118,on,1.4,ng_high_bt_low,1.0,0.001,hard_extinction,True,20,0.0019805408029293235,0.0,0.3961081605858647,0.0,0.0019805408029293235,0.0,0.0,True,True,False,ng_only
1986,Va,56.89866029018293,4.366459060913506,248.44567077790876,on,1.4,ng_low_bt_high,0.001,1.0,hard_extinction,True,20,0.0019805408029293214,0.0,0.39610816058586423,0.0,0.0019805408029293214,0.0,0.0,True,True,False,ng_only
1987,Va,56.89866029018293,4.366459060913506,248.44567077790876,on,1.4,ng_high_bt_low,1.0,0.001,hard_extinction,True,20,0.001980540802929321,0.0,0.3961081605858642,0.0,0.001980540802929321,0.0,0.0,True,True,False,ng_only
1988,Va,62.505519252739695,4.366459060913506,272.92779089822886,on,1.4,ng_low_bt_high,0.001,1.0,hard_extinction,True,20,0.0019805408029293196,0.0,0.3961081605858638,0.0,0.0019805408029293188,0.0,0.0,True,True,False,ng_only
1989,Va,62.505519252739695,4.366459060913506,272.92779089822886,on,1.4,ng_high_bt_low,1.0,0.001,hard_extinction,True,20,0.0019805408029293196,0.0,0.3961081605858638,0.0,0.0019805408029293188,0.0,0.0,True,True,False,ng_only
1990,Va,68.66488450042998,4.366459060913506,299.82240709348184,on,1.4,ng_low_bt_high,0.001,1.0,hard_extinction,True,20,0.0019805408029293235,0.0,0.39610816058586473,0.0,0.0019805408029293235,0.0,0.0,True,True,False,ng_only
1991,Va,68.66488450042998,4.366459060913506,299.82240709348184,on,1.4,ng_high_bt_low,1.0,0.001,hard_extinction,True,20,0.0019805408029293235,0.0,0.39610816058586473,0.0,0.0019805408029293235,0.0,0.0,True,True,False,ng_only
1992,Va,75.43120063354615,4.366459060913506,329.3672494819322,on,1.4,ng_low_bt_high,0.001,1.0,hard_extinction,True,20,0.0019805408029293244,0.0,0.39610816058586495,0.0,0.001980540802929325,0.0,0.0,True,True,False,ng_only
1993,Va,75.43120063354615,4.366459060913506,329.3672494819322,on,1.4,ng_high_bt_low,1.0,0.001,hard_extinction,True,20,0.0019805408029293244,0.0,0.39610816058586495,0.0,0.001980540802929325,0.0,0.0,True,True,False,ng_only
1994,Va,82.86427728546842,4.366459060913506,361.8234743791828,on,1.4,ng_low_bt_high,0.001,1.0,hard_extinction,True,20,0.00198054080292932,0.0,0.396108160585864,0.0,0.00198054080292932,0.0,0.0,True,True,False,ng_only
1995,Va,82.86427728546842,4.366459060913506,361.8234743791828,on,1.4,ng_high_bt_low,1.0,0.001,hard_extinction,True,20,0.00198054080292932,0.0,0.396108160585864,0.0,0.00198054080292932,0.0,0.0,True,True,False,ng_only
1996,Va,91.02981779915208,4.366459060913506,397.47797274241316,on,1.4,ng_low_bt_high,0.001,1.0,hard_extinction,True,20,0.0019805408029293175,0.0,0.3961081605858635,0.0,0.0019805408029293175,0.0,0.0,True,True,False,ng_only
1997,Va,91.02981779915208,4.366459060913506,397.47797274241316,on,1.4,ng_high_bt_low,1.0,0.001,hard_extinction,True,20,0.0019805408029293175,0.0,0.3961081605858635,0.0,0.0019805408029293175,0.0,0.0,True,True,False,ng_only
1998,Va,100.0,4.366459060913506,436.64590609135064,on,1.4,ng_low_bt_high,0.001,1.0,hard_extinction,True,20,0.0019805408029293196,0.0,0.3961081605858639,0.0,0.0019805408029293196,0.0,0.0,True,True,False,ng_only
1999,Va,100.0,4.366459060913506,436.64590609135064,on,1.4,ng_high_bt_low,1.0,0.001,hard_extinction,True,20,0.0019805408029293196,0.0,0.3961081605858639,0.0,0.0019805408029293196,0.0,0.0,True,True,False,ng_only
