assembly_order,assembly,assembly_type,n_presented,n_scored,cofactor_enabled,assembly_mean_abs_log2_error,assembly_rmse_log2_error,species_order,species,presented,predicted_relative_abundance,observed_relative_abundance,species_signed_log2_error,species_abs_log2_error
1,Af_Col,pairwise,2,2,True,0.0,0.0,1,Af,1,3.916979005924502e-23,0.0,0.0,0.0
1,Af_Col,pairwise,2,2,True,0.0,0.0,2,Ao,0,,,,
1,Af_Col,pairwise,2,2,True,0.0,0.0,3,As,0,,,,
1,Af_Col,pairwise,2,2,True,0.0,0.0,4,Bl.s,0,,,,
1,Af_Col,pairwise,2,2,True,0.0,0.0,5,Col,1,1.0,1.0,0.0,0.0
1,Af_Col,pairwise,2,2,True,0.0,0.0,6,Cs,0,,,,
1,Af_Col,pairwise,2,2,True,0.0,0.0,7,Et,0,,,,
1,Af_Col,pairwise,2,2,True,0.0,0.0,8,Eu.c,0,,,,
1,Af_Col,pairwise,2,2,True,0.0,0.0,9,Eu.l,0,,,,
1,Af_Col,pairwise,2,2,True,0.0,0.0,10,Im,0,,,,
1,Af_Col,pairwise,2,2,True,0.0,0.0,11,Ld,0,,,,
1,Af_Col,pairwise,2,2,True,0.0,0.0,12,Lsp,0,,,,
1,Af_Col,pairwise,2,2,True,0.0,0.0,13,Mi,0,,,,
1,Af_Col,pairwise,2,2,True,0.0,0.0,14,Pc,0,,,,
1,Af_Col,pairwise,2,2,True,0.0,0.0,15,Va,0,,,,
1,Af_Col,pairwise,2,2,True,0.0,0.0,16,Vp,0,,,,
2,Af_Cs,pairwise,2,2,True,0.0,0.0,1,Af,1,5.583172398263947e-23,0.0,0.0,0.0
2,Af_Cs,pairwise,2,2,True,0.0,0.0,2,Ao,0,,,,
2,Af_Cs,pairwise,2,2,True,0.0,0.0,3,As,0,,,,
2,Af_Cs,pairwise,2,2,True,0.0,0.0,4,Bl.s,0,,,,
2,Af_Cs,pairwise,2,2,True,0.0,0.0,5,Col,0,,,,
2,Af_Cs,pairwise,2,2,True,0.0,0.0,6,Cs,1,1.0,1.0,0.0,0.0
2,Af_Cs,pairwise,2,2,True,0.0,0.0,7,Et,0,,,,
2,Af_Cs,pairwise,2,2,True,0.0,0.0,8,Eu.c,0,,,,
2,Af_Cs,pairwise,2,2,True,0.0,0.0,9,Eu.l,0,,,,
2,Af_Cs,pairwise,2,2,True,0.0,0.0,10,Im,0,,,,
2,Af_Cs,pairwise,2,2,True,0.0,0.0,11,Ld,0,,,,
2,Af_Cs,pairwise,2,2,True,0.0,0.0,12,Lsp,0,,,,
2,Af_Cs,pairwise,2,2,True,0.0,0.0,13,Mi,0,,,,
2,Af_Cs,pairwise,2,2,True,0.0,0.0,14,Pc,0,,,,
2,Af_Cs,pairwise,2,2,True,0.0,0.0,15,Va,0,,,,
2,Af_Cs,pairwise,2,2,True,0.0,0.0,16,Vp,0,,,,
3,Af_Eu.c,pairwise,2,2,True,0.0,0.0,1,Af,1,4.6796570412408025e-24,0.0,0.0,0.0
3,Af_Eu.c,pairwise,2,2,True,0.0,0.0,2,Ao,0,,,,
3,Af_Eu.c,pairwise,2,2,True,0.0,0.0,3,As,0,,,,
3,Af_Eu.c,pairwise,2,2,True,0.0,0.0,4,Bl.s,0,,,,
3,Af_Eu.c,pairwise,2,2,True,0.0,0.0,5,Col,0,,,,
3,Af_Eu.c,pairwise,2,2,True,0.0,0.0,6,Cs,0,,,,
3,Af_Eu.c,pairwise,2,2,True,0.0,0.0,7,Et,0,,,,
3,Af_Eu.c,pairwise,2,2,True,0.0,0.0,8,Eu.c,1,1.0,1.0,0.0,0.0
3,Af_Eu.c,pairwise,2,2,True,0.0,0.0,9,Eu.l,0,,,,
3,Af_Eu.c,pairwise,2,2,True,0.0,0.0,10,Im,0,,,,
3,Af_Eu.c,pairwise,2,2,True,0.0,0.0,11,Ld,0,,,,
3,Af_Eu.c,pairwise,2,2,True,0.0,0.0,12,Lsp,0,,,,
3,Af_Eu.c,pairwise,2,2,True,0.0,0.0,13,Mi,0,,,,
3,Af_Eu.c,pairwise,2,2,True,0.0,0.0,14,Pc,0,,,,
3,Af_Eu.c,pairwise,2,2,True,0.0,0.0,15,Va,0,,,,
3,Af_Eu.c,pairwise,2,2,True,0.0,0.0,16,Vp,0,,,,
4,Af_Eu.l,pairwise,2,2,True,0.0,0.0,1,Af,1,4.125129929332329e-24,0.0,0.0,0.0
4,Af_Eu.l,pairwise,2,2,True,0.0,0.0,2,Ao,0,,,,
4,Af_Eu.l,pairwise,2,2,True,0.0,0.0,3,As,0,,,,
4,Af_Eu.l,pairwise,2,2,True,0.0,0.0,4,Bl.s,0,,,,
4,Af_Eu.l,pairwise,2,2,True,0.0,0.0,5,Col,0,,,,
4,Af_Eu.l,pairwise,2,2,True,0.0,0.0,6,Cs,0,,,,
4,Af_Eu.l,pairwise,2,2,True,0.0,0.0,7,Et,0,,,,
4,Af_Eu.l,pairwise,2,2,True,0.0,0.0,8,Eu.c,0,,,,
4,Af_Eu.l,pairwise,2,2,True,0.0,0.0,9,Eu.l,1,1.0,1.0,0.0,0.0
4,Af_Eu.l,pairwise,2,2,True,0.0,0.0,10,Im,0,,,,
4,Af_Eu.l,pairwise,2,2,True,0.0,0.0,11,Ld,0,,,,
4,Af_Eu.l,pairwise,2,2,True,0.0,0.0,12,Lsp,0,,,,
4,Af_Eu.l,pairwise,2,2,True,0.0,0.0,13,Mi,0,,,,
4,Af_Eu.l,pairwise,2,2,True,0.0,0.0,14,Pc,0,,,,
4,Af_Eu.l,pairwise,2,2,True,0.0,0.0,15,Va,0,,,,
4,Af_Eu.l,pairwise,2,2,True,0.0,0.0,16,Vp,0,,,,
5,Af_Im,pairwise,2,2,True,0.0,0.0,1,Af,1,1.661804423625403e-22,0.0,0.0,0.0
5,Af_Im,pairwise,2,2,True,0.0,0.0,2,Ao,0,,,,
5,Af_Im,pairwise,2,2,True,0.0,0.0,3,As,0,,,,
5,Af_Im,pairwise,2,2,True,0.0,0.0,4,Bl.s,0,,,,
5,Af_Im,pairwise,2,2,True,0.0,0.0,5,Col,0,,,,
5,Af_Im,pairwise,2,2,True,0.0,0.0,6,Cs,0,,,,
5,Af_Im,pairwise,2,2,True,0.0,0.0,7,Et,0,,,,
5,Af_Im,pairwise,2,2,True,0.0,0.0,8,Eu.c,0,,,,
5,Af_Im,pairwise,2,2,True,0.0,0.0,9,Eu.l,0,,,,
5,Af_Im,pairwise,2,2,True,0.0,0.0,10,Im,1,1.0,1.0,0.0,0.0
5,Af_Im,pairwise,2,2,True,0.0,0.0,11,Ld,0,,,,
5,Af_Im,pairwise,2,2,True,0.0,0.0,12,Lsp,0,,,,
5,Af_Im,pairwise,2,2,True,0.0,0.0,13,Mi,0,,,,
5,Af_Im,pairwise,2,2,True,0.0,0.0,14,Pc,0,,,,
5,Af_Im,pairwise,2,2,True,0.0,0.0,15,Va,0,,,,
5,Af_Im,pairwise,2,2,True,0.0,0.0,16,Vp,0,,,,
6,Af_Ld,pairwise,2,2,True,0.0,0.0,1,Af,1,1.705035217985658e-23,0.0,0.0,0.0
6,Af_Ld,pairwise,2,2,True,0.0,0.0,2,Ao,0,,,,
6,Af_Ld,pairwise,2,2,True,0.0,0.0,3,As,0,,,,
6,Af_Ld,pairwise,2,2,True,0.0,0.0,4,Bl.s,0,,,,
6,Af_Ld,pairwise,2,2,True,0.0,0.0,5,Col,0,,,,
6,Af_Ld,pairwise,2,2,True,0.0,0.0,6,Cs,0,,,,
6,Af_Ld,pairwise,2,2,True,0.0,0.0,7,Et,0,,,,
6,Af_Ld,pairwise,2,2,True,0.0,0.0,8,Eu.c,0,,,,
6,Af_Ld,pairwise,2,2,True,0.0,0.0,9,Eu.l,0,,,,
6,Af_Ld,pairwise,2,2,True,0.0,0.0,10,Im,0,,,,
6,Af_Ld,pairwise,2,2,True,0.0,0.0,11,Ld,1,1.0,1.0,0.0,0.0
6,Af_Ld,pairwise,2,2,True,0.0,0.0,12,Lsp,0,,,,
6,Af_Ld,pairwise,2,2,True,0.0,0.0,13,Mi,0,,,,
6,Af_Ld,pairwise,2,2,True,0.0,0.0,14,Pc,0,,,,
6,Af_Ld,pairwise,2,2,True,0.0,0.0,15,Va,0,,,,
6,Af_Ld,pairwise,2,2,True,0.0,0.0,16,Vp,0,,,,
7,Af_Lsp,pairwise,2,2,True,0.0,0.0,1,Af,1,1.597261490598784e-23,0.0,0.0,0.0
7,Af_Lsp,pairwise,2,2,True,0.0,0.0,2,Ao,0,,,,
7,Af_Lsp,pairwise,2,2,True,0.0,0.0,3,As,0,,,,
7,Af_Lsp,pairwise,2,2,True,0.0,0.0,4,Bl.s,0,,,,
7,Af_Lsp,pairwise,2,2,True,0.0,0.0,5,Col,0,,,,
7,Af_Lsp,pairwise,2,2,True,0.0,0.0,6,Cs,0,,,,
7,Af_Lsp,pairwise,2,2,True,0.0,0.0,7,Et,0,,,,
7,Af_Lsp,pairwise,2,2,True,0.0,0.0,8,Eu.c,0,,,,
7,Af_Lsp,pairwise,2,2,True,0.0,0.0,9,Eu.l,0,,,,
7,Af_Lsp,pairwise,2,2,True,0.0,0.0,10,Im,0,,,,
7,Af_Lsp,pairwise,2,2,True,0.0,0.0,11,Ld,0,,,,
7,Af_Lsp,pairwise,2,2,True,0.0,0.0,12,Lsp,1,1.0,1.0,0.0,0.0
7,Af_Lsp,pairwise,2,2,True,0.0,0.0,13,Mi,0,,,,
7,Af_Lsp,pairwise,2,2,True,0.0,0.0,14,Pc,0,,,,
7,Af_Lsp,pairwise,2,2,True,0.0,0.0,15,Va,0,,,,
7,Af_Lsp,pairwise,2,2,True,0.0,0.0,16,Vp,0,,,,
8,Af_Mi,pairwise,2,2,True,0.0,0.0,1,Af,1,3.1877663244387156e-24,0.0,0.0,0.0
8,Af_Mi,pairwise,2,2,True,0.0,0.0,2,Ao,0,,,,
8,Af_Mi,pairwise,2,2,True,0.0,0.0,3,As,0,,,,
8,Af_Mi,pairwise,2,2,True,0.0,0.0,4,Bl.s,0,,,,
8,Af_Mi,pairwise,2,2,True,0.0,0.0,5,Col,0,,,,
8,Af_Mi,pairwise,2,2,True,0.0,0.0,6,Cs,0,,,,
8,Af_Mi,pairwise,2,2,True,0.0,0.0,7,Et,0,,,,
8,Af_Mi,pairwise,2,2,True,0.0,0.0,8,Eu.c,0,,,,
8,Af_Mi,pairwise,2,2,True,0.0,0.0,9,Eu.l,0,,,,
8,Af_Mi,pairwise,2,2,True,0.0,0.0,10,Im,0,,,,
8,Af_Mi,pairwise,2,2,True,0.0,0.0,11,Ld,0,,,,
8,Af_Mi,pairwise,2,2,True,0.0,0.0,12,Lsp,0,,,,
8,Af_Mi,pairwise,2,2,True,0.0,0.0,13,Mi,1,1.0,1.0,0.0,0.0
8,Af_Mi,pairwise,2,2,True,0.0,0.0,14,Pc,0,,,,
8,Af_Mi,pairwise,2,2,True,0.0,0.0,15,Va,0,,,,
8,Af_Mi,pairwise,2,2,True,0.0,0.0,16,Vp,0,,,,
9,Af_Va,pairwise,2,2,True,0.2990990907159195,0.4214496711247628,1,Af,1,1.3314096486114742e-23,0.0015115365297456,-0.596015845420131,0.596015845420131
9,Af_Va,pairwise,2,2,True,0.2990990907159195,0.4214496711247628,2,Ao,0,,,,
9,Af_Va,pairwise,2,2,True,0.2990990907159195,0.4214496711247628,3,As,0,,,,
9,Af_Va,pairwise,2,2,True,0.2990990907159195,0.4214496711247628,4,Bl.s,0,,,,
9,Af_Va,pairwise,2,2,True,0.2990990907159195,0.4214496711247628,5,Col,0,,,,
9,Af_Va,pairwise,2,2,True,0.2990990907159195,0.4214496711247628,6,Cs,0,,,,
9,Af_Va,pairwise,2,2,True,0.2990990907159195,0.4214496711247628,7,Et,0,,,,
9,Af_Va,pairwise,2,2,True,0.2990990907159195,0.4214496711247628,8,Eu.c,0,,,,
9,Af_Va,pairwise,2,2,True,0.2990990907159195,0.4214496711247628,9,Eu.l,0,,,,
9,Af_Va,pairwise,2,2,True,0.2990990907159195,0.4214496711247628,10,Im,0,,,,
9,Af_Va,pairwise,2,2,True,0.2990990907159195,0.4214496711247628,11,Ld,0,,,,
9,Af_Va,pairwise,2,2,True,0.2990990907159195,0.4214496711247628,12,Lsp,0,,,,
9,Af_Va,pairwise,2,2,True,0.2990990907159195,0.4214496711247628,13,Mi,0,,,,
9,Af_Va,pairwise,2,2,True,0.2990990907159195,0.4214496711247628,14,Pc,0,,,,
9,Af_Va,pairwise,2,2,True,0.2990990907159195,0.4214496711247628,15,Va,1,1.0,0.9984884634702544,0.0021823360117081,0.0021823360117081
9,Af_Va,pairwise,2,2,True,0.2990990907159195,0.4214496711247628,16,Vp,0,,,,
10,Ao_Col,pairwise,2,2,True,0.0,0.0,1,Af,0,,,,
10,Ao_Col,pairwise,2,2,True,0.0,0.0,2,Ao,1,3.916979005924502e-23,0.0,0.0,0.0
10,Ao_Col,pairwise,2,2,True,0.0,0.0,3,As,0,,,,
10,Ao_Col,pairwise,2,2,True,0.0,0.0,4,Bl.s,0,,,,
10,Ao_Col,pairwise,2,2,True,0.0,0.0,5,Col,1,1.0,1.0,0.0,0.0
10,Ao_Col,pairwise,2,2,True,0.0,0.0,6,Cs,0,,,,
10,Ao_Col,pairwise,2,2,True,0.0,0.0,7,Et,0,,,,
10,Ao_Col,pairwise,2,2,True,0.0,0.0,8,Eu.c,0,,,,
10,Ao_Col,pairwise,2,2,True,0.0,0.0,9,Eu.l,0,,,,
10,Ao_Col,pairwise,2,2,True,0.0,0.0,10,Im,0,,,,
10,Ao_Col,pairwise,2,2,True,0.0,0.0,11,Ld,0,,,,
10,Ao_Col,pairwise,2,2,True,0.0,0.0,12,Lsp,0,,,,
10,Ao_Col,pairwise,2,2,True,0.0,0.0,13,Mi,0,,,,
10,Ao_Col,pairwise,2,2,True,0.0,0.0,14,Pc,0,,,,
10,Ao_Col,pairwise,2,2,True,0.0,0.0,15,Va,0,,,,
10,Ao_Col,pairwise,2,2,True,0.0,0.0,16,Vp,0,,,,
11,Ao_Cs,pairwise,2,2,True,0.0,0.0,1,Af,0,,,,
11,Ao_Cs,pairwise,2,2,True,0.0,0.0,2,Ao,1,5.583172398263947e-23,0.0,0.0,0.0
11,Ao_Cs,pairwise,2,2,True,0.0,0.0,3,As,0,,,,
11,Ao_Cs,pairwise,2,2,True,0.0,0.0,4,Bl.s,0,,,,
11,Ao_Cs,pairwise,2,2,True,0.0,0.0,5,Col,0,,,,
11,Ao_Cs,pairwise,2,2,True,0.0,0.0,6,Cs,1,1.0,1.0,0.0,0.0
11,Ao_Cs,pairwise,2,2,True,0.0,0.0,7,Et,0,,,,
11,Ao_Cs,pairwise,2,2,True,0.0,0.0,8,Eu.c,0,,,,
11,Ao_Cs,pairwise,2,2,True,0.0,0.0,9,Eu.l,0,,,,
11,Ao_Cs,pairwise,2,2,True,0.0,0.0,10,Im,0,,,,
11,Ao_Cs,pairwise,2,2,True,0.0,0.0,11,Ld,0,,,,
11,Ao_Cs,pairwise,2,2,True,0.0,0.0,12,Lsp,0,,,,
11,Ao_Cs,pairwise,2,2,True,0.0,0.0,13,Mi,0,,,,
11,Ao_Cs,pairwise,2,2,True,0.0,0.0,14,Pc,0,,,,
11,Ao_Cs,pairwise,2,2,True,0.0,0.0,15,Va,0,,,,
11,Ao_Cs,pairwise,2,2,True,0.0,0.0,16,Vp,0,,,,
12,Ao_Eu.c,pairwise,2,2,True,0.0,0.0,1,Af,0,,,,
12,Ao_Eu.c,pairwise,2,2,True,0.0,0.0,2,Ao,1,4.6796570412408025e-24,0.0,0.0,0.0
12,Ao_Eu.c,pairwise,2,2,True,0.0,0.0,3,As,0,,,,
12,Ao_Eu.c,pairwise,2,2,True,0.0,0.0,4,Bl.s,0,,,,
12,Ao_Eu.c,pairwise,2,2,True,0.0,0.0,5,Col,0,,,,
12,Ao_Eu.c,pairwise,2,2,True,0.0,0.0,6,Cs,0,,,,
12,Ao_Eu.c,pairwise,2,2,True,0.0,0.0,7,Et,0,,,,
12,Ao_Eu.c,pairwise,2,2,True,0.0,0.0,8,Eu.c,1,1.0,1.0,0.0,0.0
12,Ao_Eu.c,pairwise,2,2,True,0.0,0.0,9,Eu.l,0,,,,
12,Ao_Eu.c,pairwise,2,2,True,0.0,0.0,10,Im,0,,,,
12,Ao_Eu.c,pairwise,2,2,True,0.0,0.0,11,Ld,0,,,,
12,Ao_Eu.c,pairwise,2,2,True,0.0,0.0,12,Lsp,0,,,,
12,Ao_Eu.c,pairwise,2,2,True,0.0,0.0,13,Mi,0,,,,
12,Ao_Eu.c,pairwise,2,2,True,0.0,0.0,14,Pc,0,,,,
12,Ao_Eu.c,pairwise,2,2,True,0.0,0.0,15,Va,0,,,,
12,Ao_Eu.c,pairwise,2,2,True,0.0,0.0,16,Vp,0,,,,
13,Ao_Eu.l,pairwise,2,2,True,0.0,0.0,1,Af,0,,,,
13,Ao_Eu.l,pairwise,2,2,True,0.0,0.0,2,Ao,1,4.125129929332329e-24,0.0,0.0,0.0
13,Ao_Eu.l,pairwise,2,2,True,0.0,0.0,3,As,0,,,,
13,Ao_Eu.l,pairwise,2,2,True,0.0,0.0,4,Bl.s,0,,,,
13,Ao_Eu.l,pairwise,2,2,True,0.0,0.0,5,Col,0,,,,
13,Ao_Eu.l,pairwise,2,2,True,0.0,0.0,6,Cs,0,,,,
13,Ao_Eu.l,pairwise,2,2,True,0.0,0.0,7,Et,0,,,,
13,Ao_Eu.l,pairwise,2,2,True,0.0,0.0,8,Eu.c,0,,,,
13,Ao_Eu.l,pairwise,2,2,True,0.0,0.0,9,Eu.l,1,1.0,1.0,0.0,0.0
13,Ao_Eu.l,pairwise,2,2,True,0.0,0.0,10,Im,0,,,,
13,Ao_Eu.l,pairwise,2,2,True,0.0,0.0,11,Ld,0,,,,
13,Ao_Eu.l,pairwise,2,2,True,0.0,0.0,12,Lsp,0,,,,
13,Ao_Eu.l,pairwise,2,2,True,0.0,0.0,13,Mi,0,,,,
13,Ao_Eu.l,pairwise,2,2,True,0.0,0.0,14,Pc,0,,,,
13,Ao_Eu.l,pairwise,2,2,True,0.0,0.0,15,Va,0,,,,
13,Ao_Eu.l,pairwise,2,2,True,0.0,0.0,16,Vp,0,,,,
14,Ao_Im,pairwise,2,2,True,0.0,0.0,1,Af,0,,,,
14,Ao_Im,pairwise,2,2,True,0.0,0.0,2,Ao,1,1.661804423625403e-22,0.0,0.0,0.0
14,Ao_Im,pairwise,2,2,True,0.0,0.0,3,As,0,,,,
14,Ao_Im,pairwise,2,2,True,0.0,0.0,4,Bl.s,0,,,,
14,Ao_Im,pairwise,2,2,True,0.0,0.0,5,Col,0,,,,
14,Ao_Im,pairwise,2,2,True,0.0,0.0,6,Cs,0,,,,
14,Ao_Im,pairwise,2,2,True,0.0,0.0,7,Et,0,,,,
14,Ao_Im,pairwise,2,2,True,0.0,0.0,8,Eu.c,0,,,,
14,Ao_Im,pairwise,2,2,True,0.0,0.0,9,Eu.l,0,,,,
14,Ao_Im,pairwise,2,2,True,0.0,0.0,10,Im,1,1.0,1.0,0.0,0.0
14,Ao_Im,pairwise,2,2,True,0.0,0.0,11,Ld,0,,,,
14,Ao_Im,pairwise,2,2,True,0.0,0.0,12,Lsp,0,,,,
14,Ao_Im,pairwise,2,2,True,0.0,0.0,13,Mi,0,,,,
14,Ao_Im,pairwise,2,2,True,0.0,0.0,14,Pc,0,,,,
14,Ao_Im,pairwise,2,2,True,0.0,0.0,15,Va,0,,,,
14,Ao_Im,pairwise,2,2,True,0.0,0.0,16,Vp,0,,,,
15,Ao_Lsp,pairwise,2,2,True,0.0,0.0,1,Af,0,,,,
15,Ao_Lsp,pairwise,2,2,True,0.0,0.0,2,Ao,1,1.597261490598784e-23,0.0,0.0,0.0
15,Ao_Lsp,pairwise,2,2,True,0.0,0.0,3,As,0,,,,
15,Ao_Lsp,pairwise,2,2,True,0.0,0.0,4,Bl.s,0,,,,
15,Ao_Lsp,pairwise,2,2,True,0.0,0.0,5,Col,0,,,,
15,Ao_Lsp,pairwise,2,2,True,0.0,0.0,6,Cs,0,,,,
15,Ao_Lsp,pairwise,2,2,True,0.0,0.0,7,Et,0,,,,
15,Ao_Lsp,pairwise,2,2,True,0.0,0.0,8,Eu.c,0,,,,
15,Ao_Lsp,pairwise,2,2,True,0.0,0.0,9,Eu.l,0,,,,
15,Ao_Lsp,pairwise,2,2,True,0.0,0.0,10,Im,0,,,,
15,Ao_Lsp,pairwise,2,2,True,0.0,0.0,11,Ld,0,,,,
15,Ao_Lsp,pairwise,2,2,True,0.0,0.0,12,Lsp,1,1.0,1.0,0.0,0.0
15,Ao_Lsp,pairwise,2,2,True,0.0,0.0,13,Mi,0,,,,
15,Ao_Lsp,pairwise,2,2,True,0.0,0.0,14,Pc,0,,,,
15,Ao_Lsp,pairwise,2,2,True,0.0,0.0,15,Va,0,,,,
15,Ao_Lsp,pairwise,2,2,True,0.0,0.0,16,Vp,0,,,,
16,Ao_Mi,pairwise,2,2,True,0.0,0.0,1,Af,0,,,,
16,Ao_Mi,pairwise,2,2,True,0.0,0.0,2,Ao,1,3.1877663244387156e-24,0.0,0.0,0.0
16,Ao_Mi,pairwise,2,2,True,0.0,0.0,3,As,0,,,,
16,Ao_Mi,pairwise,2,2,True,0.0,0.0,4,Bl.s,0,,,,
16,Ao_Mi,pairwise,2,2,True,0.0,0.0,5,Col,0,,,,
16,Ao_Mi,pairwise,2,2,True,0.0,0.0,6,Cs,0,,,,
16,Ao_Mi,pairwise,2,2,True,0.0,0.0,7,Et,0,,,,
16,Ao_Mi,pairwise,2,2,True,0.0,0.0,8,Eu.c,0,,,,
16,Ao_Mi,pairwise,2,2,True,0.0,0.0,9,Eu.l,0,,,,
16,Ao_Mi,pairwise,2,2,True,0.0,0.0,10,Im,0,,,,
16,Ao_Mi,pairwise,2,2,True,0.0,0.0,11,Ld,0,,,,
16,Ao_Mi,pairwise,2,2,True,0.0,0.0,12,Lsp,0,,,,
16,Ao_Mi,pairwise,2,2,True,0.0,0.0,13,Mi,1,1.0,1.0,0.0,0.0
16,Ao_Mi,pairwise,2,2,True,0.0,0.0,14,Pc,0,,,,
16,Ao_Mi,pairwise,2,2,True,0.0,0.0,15,Va,0,,,,
16,Ao_Mi,pairwise,2,2,True,0.0,0.0,16,Vp,0,,,,
17,Ao_Va,pairwise,2,2,True,1.5440661286000783,2.1750178844485295,1,Af,0,,,,
17,Ao_Va,pairwise,2,2,True,1.5440661286000783,2.1750178844485295,2,Ao,1,1.3314096486114742e-23,0.0084322376624159,-3.0759155298732335,3.0759155298732335
17,Ao_Va,pairwise,2,2,True,1.5440661286000783,2.1750178844485295,3,As,0,,,,
17,Ao_Va,pairwise,2,2,True,1.5440661286000783,2.1750178844485295,4,Bl.s,0,,,,
17,Ao_Va,pairwise,2,2,True,1.5440661286000783,2.1750178844485295,5,Col,0,,,,
17,Ao_Va,pairwise,2,2,True,1.5440661286000783,2.1750178844485295,6,Cs,0,,,,
17,Ao_Va,pairwise,2,2,True,1.5440661286000783,2.1750178844485295,7,Et,0,,,,
17,Ao_Va,pairwise,2,2,True,1.5440661286000783,2.1750178844485295,8,Eu.c,0,,,,
17,Ao_Va,pairwise,2,2,True,1.5440661286000783,2.1750178844485295,9,Eu.l,0,,,,
17,Ao_Va,pairwise,2,2,True,1.5440661286000783,2.1750178844485295,10,Im,0,,,,
17,Ao_Va,pairwise,2,2,True,1.5440661286000783,2.1750178844485295,11,Ld,0,,,,
17,Ao_Va,pairwise,2,2,True,1.5440661286000783,2.1750178844485295,12,Lsp,0,,,,
17,Ao_Va,pairwise,2,2,True,1.5440661286000783,2.1750178844485295,13,Mi,0,,,,
17,Ao_Va,pairwise,2,2,True,1.5440661286000783,2.1750178844485295,14,Pc,0,,,,
17,Ao_Va,pairwise,2,2,True,1.5440661286000783,2.1750178844485295,15,Va,1,1.0,0.991567762337584,0.0122167273269232,0.0122167273269232
17,Ao_Va,pairwise,2,2,True,1.5440661286000783,2.1750178844485295,16,Vp,0,,,,
18,As_Bl.s,pairwise,2,2,True,4.9828921423310435,6.379078610547673,1,Af,0,,,,
18,As_Bl.s,pairwise,2,2,True,4.9828921423310435,6.379078610547673,2,Ao,0,,,,
18,As_Bl.s,pairwise,2,2,True,4.9828921423310435,6.379078610547673,3,As,1,0.5,0.0,8.965784284662087,8.965784284662087
18,As_Bl.s,pairwise,2,2,True,4.9828921423310435,6.379078610547673,4,Bl.s,1,0.5,1.0,-1.0,1.0
18,As_Bl.s,pairwise,2,2,True,4.9828921423310435,6.379078610547673,5,Col,0,,,,
18,As_Bl.s,pairwise,2,2,True,4.9828921423310435,6.379078610547673,6,Cs,0,,,,
18,As_Bl.s,pairwise,2,2,True,4.9828921423310435,6.379078610547673,7,Et,0,,,,
18,As_Bl.s,pairwise,2,2,True,4.9828921423310435,6.379078610547673,8,Eu.c,0,,,,
18,As_Bl.s,pairwise,2,2,True,4.9828921423310435,6.379078610547673,9,Eu.l,0,,,,
18,As_Bl.s,pairwise,2,2,True,4.9828921423310435,6.379078610547673,10,Im,0,,,,
18,As_Bl.s,pairwise,2,2,True,4.9828921423310435,6.379078610547673,11,Ld,0,,,,
18,As_Bl.s,pairwise,2,2,True,4.9828921423310435,6.379078610547673,12,Lsp,0,,,,
18,As_Bl.s,pairwise,2,2,True,4.9828921423310435,6.379078610547673,13,Mi,0,,,,
18,As_Bl.s,pairwise,2,2,True,4.9828921423310435,6.379078610547673,14,Pc,0,,,,
18,As_Bl.s,pairwise,2,2,True,4.9828921423310435,6.379078610547673,15,Va,0,,,,
18,As_Bl.s,pairwise,2,2,True,4.9828921423310435,6.379078610547673,16,Vp,0,,,,
19,As_Col,pairwise,2,2,True,0.0,0.0,1,Af,0,,,,
19,As_Col,pairwise,2,2,True,0.0,0.0,2,Ao,0,,,,
19,As_Col,pairwise,2,2,True,0.0,0.0,3,As,1,3.916979005924502e-23,0.0,0.0,0.0
19,As_Col,pairwise,2,2,True,0.0,0.0,4,Bl.s,0,,,,
19,As_Col,pairwise,2,2,True,0.0,0.0,5,Col,1,1.0,1.0,0.0,0.0
19,As_Col,pairwise,2,2,True,0.0,0.0,6,Cs,0,,,,
19,As_Col,pairwise,2,2,True,0.0,0.0,7,Et,0,,,,
19,As_Col,pairwise,2,2,True,0.0,0.0,8,Eu.c,0,,,,
19,As_Col,pairwise,2,2,True,0.0,0.0,9,Eu.l,0,,,,
19,As_Col,pairwise,2,2,True,0.0,0.0,10,Im,0,,,,
19,As_Col,pairwise,2,2,True,0.0,0.0,11,Ld,0,,,,
19,As_Col,pairwise,2,2,True,0.0,0.0,12,Lsp,0,,,,
19,As_Col,pairwise,2,2,True,0.0,0.0,13,Mi,0,,,,
19,As_Col,pairwise,2,2,True,0.0,0.0,14,Pc,0,,,,
19,As_Col,pairwise,2,2,True,0.0,0.0,15,Va,0,,,,
19,As_Col,pairwise,2,2,True,0.0,0.0,16,Vp,0,,,,
20,As_Cs,pairwise,2,2,True,0.0,0.0,1,Af,0,,,,
20,As_Cs,pairwise,2,2,True,0.0,0.0,2,Ao,0,,,,
20,As_Cs,pairwise,2,2,True,0.0,0.0,3,As,1,5.583172398263947e-23,0.0,0.0,0.0
20,As_Cs,pairwise,2,2,True,0.0,0.0,4,Bl.s,0,,,,
20,As_Cs,pairwise,2,2,True,0.0,0.0,5,Col,0,,,,
20,As_Cs,pairwise,2,2,True,0.0,0.0,6,Cs,1,1.0,1.0,0.0,0.0
20,As_Cs,pairwise,2,2,True,0.0,0.0,7,Et,0,,,,
20,As_Cs,pairwise,2,2,True,0.0,0.0,8,Eu.c,0,,,,
20,As_Cs,pairwise,2,2,True,0.0,0.0,9,Eu.l,0,,,,
20,As_Cs,pairwise,2,2,True,0.0,0.0,10,Im,0,,,,
20,As_Cs,pairwise,2,2,True,0.0,0.0,11,Ld,0,,,,
20,As_Cs,pairwise,2,2,True,0.0,0.0,12,Lsp,0,,,,
20,As_Cs,pairwise,2,2,True,0.0,0.0,13,Mi,0,,,,
20,As_Cs,pairwise,2,2,True,0.0,0.0,14,Pc,0,,,,
20,As_Cs,pairwise,2,2,True,0.0,0.0,15,Va,0,,,,
20,As_Cs,pairwise,2,2,True,0.0,0.0,16,Vp,0,,,,
21,As_Eu.c,pairwise,2,2,True,0.0,0.0,1,Af,0,,,,
21,As_Eu.c,pairwise,2,2,True,0.0,0.0,2,Ao,0,,,,
21,As_Eu.c,pairwise,2,2,True,0.0,0.0,3,As,1,4.6796570412408025e-24,0.0,0.0,0.0
21,As_Eu.c,pairwise,2,2,True,0.0,0.0,4,Bl.s,0,,,,
21,As_Eu.c,pairwise,2,2,True,0.0,0.0,5,Col,0,,,,
21,As_Eu.c,pairwise,2,2,True,0.0,0.0,6,Cs,0,,,,
21,As_Eu.c,pairwise,2,2,True,0.0,0.0,7,Et,0,,,,
21,As_Eu.c,pairwise,2,2,True,0.0,0.0,8,Eu.c,1,1.0,1.0,0.0,0.0
21,As_Eu.c,pairwise,2,2,True,0.0,0.0,9,Eu.l,0,,,,
21,As_Eu.c,pairwise,2,2,True,0.0,0.0,10,Im,0,,,,
21,As_Eu.c,pairwise,2,2,True,0.0,0.0,11,Ld,0,,,,
21,As_Eu.c,pairwise,2,2,True,0.0,0.0,12,Lsp,0,,,,
21,As_Eu.c,pairwise,2,2,True,0.0,0.0,13,Mi,0,,,,
21,As_Eu.c,pairwise,2,2,True,0.0,0.0,14,Pc,0,,,,
21,As_Eu.c,pairwise,2,2,True,0.0,0.0,15,Va,0,,,,
21,As_Eu.c,pairwise,2,2,True,0.0,0.0,16,Vp,0,,,,
22,As_Eu.l,pairwise,2,2,True,0.0,0.0,1,Af,0,,,,
22,As_Eu.l,pairwise,2,2,True,0.0,0.0,2,Ao,0,,,,
22,As_Eu.l,pairwise,2,2,True,0.0,0.0,3,As,1,4.125129929332329e-24,0.0,0.0,0.0
22,As_Eu.l,pairwise,2,2,True,0.0,0.0,4,Bl.s,0,,,,
22,As_Eu.l,pairwise,2,2,True,0.0,0.0,5,Col,0,,,,
22,As_Eu.l,pairwise,2,2,True,0.0,0.0,6,Cs,0,,,,
22,As_Eu.l,pairwise,2,2,True,0.0,0.0,7,Et,0,,,,
22,As_Eu.l,pairwise,2,2,True,0.0,0.0,8,Eu.c,0,,,,
22,As_Eu.l,pairwise,2,2,True,0.0,0.0,9,Eu.l,1,1.0,1.0,0.0,0.0
22,As_Eu.l,pairwise,2,2,True,0.0,0.0,10,Im,0,,,,
22,As_Eu.l,pairwise,2,2,True,0.0,0.0,11,Ld,0,,,,
22,As_Eu.l,pairwise,2,2,True,0.0,0.0,12,Lsp,0,,,,
22,As_Eu.l,pairwise,2,2,True,0.0,0.0,13,Mi,0,,,,
22,As_Eu.l,pairwise,2,2,True,0.0,0.0,14,Pc,0,,,,
22,As_Eu.l,pairwise,2,2,True,0.0,0.0,15,Va,0,,,,
22,As_Eu.l,pairwise,2,2,True,0.0,0.0,16,Vp,0,,,,
23,As_Im,pairwise,2,2,True,0.0,0.0,1,Af,0,,,,
23,As_Im,pairwise,2,2,True,0.0,0.0,2,Ao,0,,,,
23,As_Im,pairwise,2,2,True,0.0,0.0,3,As,1,1.661804423625403e-22,0.0,0.0,0.0
23,As_Im,pairwise,2,2,True,0.0,0.0,4,Bl.s,0,,,,
23,As_Im,pairwise,2,2,True,0.0,0.0,5,Col,0,,,,
23,As_Im,pairwise,2,2,True,0.0,0.0,6,Cs,0,,,,
23,As_Im,pairwise,2,2,True,0.0,0.0,7,Et,0,,,,
23,As_Im,pairwise,2,2,True,0.0,0.0,8,Eu.c,0,,,,
23,As_Im,pairwise,2,2,True,0.0,0.0,9,Eu.l,0,,,,
23,As_Im,pairwise,2,2,True,0.0,0.0,10,Im,1,1.0,1.0,0.0,0.0
23,As_Im,pairwise,2,2,True,0.0,0.0,11,Ld,0,,,,
23,As_Im,pairwise,2,2,True,0.0,0.0,12,Lsp,0,,,,
23,As_Im,pairwise,2,2,True,0.0,0.0,13,Mi,0,,,,
23,As_Im,pairwise,2,2,True,0.0,0.0,14,Pc,0,,,,
23,As_Im,pairwise,2,2,True,0.0,0.0,15,Va,0,,,,
23,As_Im,pairwise,2,2,True,0.0,0.0,16,Vp,0,,,,
24,As_Ld,pairwise,2,2,True,0.0,0.0,1,Af,0,,,,
24,As_Ld,pairwise,2,2,True,0.0,0.0,2,Ao,0,,,,
24,As_Ld,pairwise,2,2,True,0.0,0.0,3,As,1,1.705035217985658e-23,0.0,0.0,0.0
24,As_Ld,pairwise,2,2,True,0.0,0.0,4,Bl.s,0,,,,
24,As_Ld,pairwise,2,2,True,0.0,0.0,5,Col,0,,,,
24,As_Ld,pairwise,2,2,True,0.0,0.0,6,Cs,0,,,,
24,As_Ld,pairwise,2,2,True,0.0,0.0,7,Et,0,,,,
24,As_Ld,pairwise,2,2,True,0.0,0.0,8,Eu.c,0,,,,
24,As_Ld,pairwise,2,2,True,0.0,0.0,9,Eu.l,0,,,,
24,As_Ld,pairwise,2,2,True,0.0,0.0,10,Im,0,,,,
24,As_Ld,pairwise,2,2,True,0.0,0.0,11,Ld,1,1.0,1.0,0.0,0.0
24,As_Ld,pairwise,2,2,True,0.0,0.0,12,Lsp,0,,,,
24,As_Ld,pairwise,2,2,True,0.0,0.0,13,Mi,0,,,,
24,As_Ld,pairwise,2,2,True,0.0,0.0,14,Pc,0,,,,
24,As_Ld,pairwise,2,2,True,0.0,0.0,15,Va,0,,,,
24,As_Ld,pairwise,2,2,True,0.0,0.0,16,Vp,0,,,,
25,As_Lsp,pairwise,2,2,True,0.0,0.0,1,Af,0,,,,
25,As_Lsp,pairwise,2,2,True,0.0,0.0,2,Ao,0,,,,
25,As_Lsp,pairwise,2,2,True,0.0,0.0,3,As,1,1.597261490598784e-23,0.0,0.0,0.0
25,As_Lsp,pairwise,2,2,True,0.0,0.0,4,Bl.s,0,,,,
25,As_Lsp,pairwise,2,2,True,0.0,0.0,5,Col,0,,,,
25,As_Lsp,pairwise,2,2,True,0.0,0.0,6,Cs,0,,,,
25,As_Lsp,pairwise,2,2,True,0.0,0.0,7,Et,0,,,,
25,As_Lsp,pairwise,2,2,True,0.0,0.0,8,Eu.c,0,,,,
25,As_Lsp,pairwise,2,2,True,0.0,0.0,9,Eu.l,0,,,,
25,As_Lsp,pairwise,2,2,True,0.0,0.0,10,Im,0,,,,
25,As_Lsp,pairwise,2,2,True,0.0,0.0,11,Ld,0,,,,
25,As_Lsp,pairwise,2,2,True,0.0,0.0,12,Lsp,1,1.0,1.0,0.0,0.0
25,As_Lsp,pairwise,2,2,True,0.0,0.0,13,Mi,0,,,,
25,As_Lsp,pairwise,2,2,True,0.0,0.0,14,Pc,0,,,,
25,As_Lsp,pairwise,2,2,True,0.0,0.0,15,Va,0,,,,
25,As_Lsp,pairwise,2,2,True,0.0,0.0,16,Vp,0,,,,
26,As_Mi,pairwise,2,2,True,0.0,0.0,1,Af,0,,,,
26,As_Mi,pairwise,2,2,True,0.0,0.0,2,Ao,0,,,,
26,As_Mi,pairwise,2,2,True,0.0,0.0,3,As,1,3.1877663244387156e-24,0.0,0.0,0.0
26,As_Mi,pairwise,2,2,True,0.0,0.0,4,Bl.s,0,,,,
26,As_Mi,pairwise,2,2,True,0.0,0.0,5,Col,0,,,,
26,As_Mi,pairwise,2,2,True,0.0,0.0,6,Cs,0,,,,
26,As_Mi,pairwise,2,2,True,0.0,0.0,7,Et,0,,,,
26,As_Mi,pairwise,2,2,True,0.0,0.0,8,Eu.c,0,,,,
26,As_Mi,pairwise,2,2,True,0.0,0.0,9,Eu.l,0,,,,
26,As_Mi,pairwise,2,2,True,0.0,0.0,10,Im,0,,,,
26,As_Mi,pairwise,2,2,True,0.0,0.0,11,Ld,0,,,,
26,As_Mi,pairwise,2,2,True,0.0,0.0,12,Lsp,0,,,,
26,As_Mi,pairwise,2,2,True,0.0,0.0,13,Mi,1,1.0,1.0,0.0,0.0
26,As_Mi,pairwise,2,2,True,0.0,0.0,14,Pc,0,,,,
26,As_Mi,pairwise,2,2,True,0.0,0.0,15,Va,0,,,,
26,As_Mi,pairwise,2,2,True,0.0,0.0,16,Vp,0,,,,
27,As_Va,pairwise,2,2,True,0.0,0.0,1,Af,0,,,,
27,As_Va,pairwise,2,2,True,0.0,0.0,2,Ao,0,,,,
27,As_Va,pairwise,2,2,True,0.0,0.0,3,As,1,1.3314096486114742e-23,0.0,0.0,0.0
27,As_Va,pairwise,2,2,True,0.0,0.0,4,Bl.s,0,,,,
27,As_Va,pairwise,2,2,True,0.0,0.0,5,Col,0,,,,
27,As_Va,pairwise,2,2,True,0.0,0.0,6,Cs,0,,,,
27,As_Va,pairwise,2,2,True,0.0,0.0,7,Et,0,,,,
27,As_Va,pairwise,2,2,True,0.0,0.0,8,Eu.c,0,,,,
27,As_Va,pairwise,2,2,True,0.0,0.0,9,Eu.l,0,,,,
27,As_Va,pairwise,2,2,True,0.0,0.0,10,Im,0,,,,
27,As_Va,pairwise,2,2,True,0.0,0.0,11,Ld,0,,,,
27,As_Va,pairwise,2,2,True,0.0,0.0,12,Lsp,0,,,,
27,As_Va,pairwise,2,2,True,0.0,0.0,13,Mi,0,,,,
27,As_Va,pairwise,2,2,True,0.0,0.0,14,Pc,0,,,,
27,As_Va,pairwise,2,2,True,0.0,0.0,15,Va,1,1.0,1.0,0.0,0.0
27,As_Va,pairwise,2,2,True,0.0,0.0,16,Vp,0,,,,
28,Bl.s_Col,pairwise,2,2,True,0.0003278451213032,0.0004636430169048,1,Af,0,,,,
28,Bl.s_Col,pairwise,2,2,True,0.0003278451213032,0.0004636430169048,2,Ao,0,,,,
28,Bl.s_Col,pairwise,2,2,True,0.0003278451213032,0.0004636430169048,3,As,0,,,,
28,Bl.s_Col,pairwise,2,2,True,0.0003278451213032,0.0004636430169048,4,Bl.s,1,3.916979005924502e-23,0.0004543865781195,0.0,0.0
28,Bl.s_Col,pairwise,2,2,True,0.0003278451213032,0.0004636430169048,5,Col,1,1.0,0.9995456134218804,0.0006556902426064,0.0006556902426064
28,Bl.s_Col,pairwise,2,2,True,0.0003278451213032,0.0004636430169048,6,Cs,0,,,,
28,Bl.s_Col,pairwise,2,2,True,0.0003278451213032,0.0004636430169048,7,Et,0,,,,
28,Bl.s_Col,pairwise,2,2,True,0.0003278451213032,0.0004636430169048,8,Eu.c,0,,,,
28,Bl.s_Col,pairwise,2,2,True,0.0003278451213032,0.0004636430169048,9,Eu.l,0,,,,
28,Bl.s_Col,pairwise,2,2,True,0.0003278451213032,0.0004636430169048,10,Im,0,,,,
28,Bl.s_Col,pairwise,2,2,True,0.0003278451213032,0.0004636430169048,11,Ld,0,,,,
28,Bl.s_Col,pairwise,2,2,True,0.0003278451213032,0.0004636430169048,12,Lsp,0,,,,
28,Bl.s_Col,pairwise,2,2,True,0.0003278451213032,0.0004636430169048,13,Mi,0,,,,
28,Bl.s_Col,pairwise,2,2,True,0.0003278451213032,0.0004636430169048,14,Pc,0,,,,
28,Bl.s_Col,pairwise,2,2,True,0.0003278451213032,0.0004636430169048,15,Va,0,,,,
28,Bl.s_Col,pairwise,2,2,True,0.0003278451213032,0.0004636430169048,16,Vp,0,,,,
29,Bl.s_Cs,pairwise,2,2,True,0.0,0.0,1,Af,0,,,,
29,Bl.s_Cs,pairwise,2,2,True,0.0,0.0,2,Ao,0,,,,
29,Bl.s_Cs,pairwise,2,2,True,0.0,0.0,3,As,0,,,,
29,Bl.s_Cs,pairwise,2,2,True,0.0,0.0,4,Bl.s,1,5.583172398263947e-23,0.0,0.0,0.0
29,Bl.s_Cs,pairwise,2,2,True,0.0,0.0,5,Col,0,,,,
29,Bl.s_Cs,pairwise,2,2,True,0.0,0.0,6,Cs,1,1.0,1.0,0.0,0.0
29,Bl.s_Cs,pairwise,2,2,True,0.0,0.0,7,Et,0,,,,
29,Bl.s_Cs,pairwise,2,2,True,0.0,0.0,8,Eu.c,0,,,,
29,Bl.s_Cs,pairwise,2,2,True,0.0,0.0,9,Eu.l,0,,,,
29,Bl.s_Cs,pairwise,2,2,True,0.0,0.0,10,Im,0,,,,
29,Bl.s_Cs,pairwise,2,2,True,0.0,0.0,11,Ld,0,,,,
29,Bl.s_Cs,pairwise,2,2,True,0.0,0.0,12,Lsp,0,,,,
29,Bl.s_Cs,pairwise,2,2,True,0.0,0.0,13,Mi,0,,,,
29,Bl.s_Cs,pairwise,2,2,True,0.0,0.0,14,Pc,0,,,,
29,Bl.s_Cs,pairwise,2,2,True,0.0,0.0,15,Va,0,,,,
29,Bl.s_Cs,pairwise,2,2,True,0.0,0.0,16,Vp,0,,,,
30,Bl.s_Eu.c,pairwise,2,2,True,0.0,0.0,1,Af,0,,,,
30,Bl.s_Eu.c,pairwise,2,2,True,0.0,0.0,2,Ao,0,,,,
30,Bl.s_Eu.c,pairwise,2,2,True,0.0,0.0,3,As,0,,,,
30,Bl.s_Eu.c,pairwise,2,2,True,0.0,0.0,4,Bl.s,1,4.6796570412408025e-24,0.0,0.0,0.0
30,Bl.s_Eu.c,pairwise,2,2,True,0.0,0.0,5,Col,0,,,,
30,Bl.s_Eu.c,pairwise,2,2,True,0.0,0.0,6,Cs,0,,,,
30,Bl.s_Eu.c,pairwise,2,2,True,0.0,0.0,7,Et,0,,,,
30,Bl.s_Eu.c,pairwise,2,2,True,0.0,0.0,8,Eu.c,1,1.0,1.0,0.0,0.0
30,Bl.s_Eu.c,pairwise,2,2,True,0.0,0.0,9,Eu.l,0,,,,
30,Bl.s_Eu.c,pairwise,2,2,True,0.0,0.0,10,Im,0,,,,
30,Bl.s_Eu.c,pairwise,2,2,True,0.0,0.0,11,Ld,0,,,,
30,Bl.s_Eu.c,pairwise,2,2,True,0.0,0.0,12,Lsp,0,,,,
30,Bl.s_Eu.c,pairwise,2,2,True,0.0,0.0,13,Mi,0,,,,
30,Bl.s_Eu.c,pairwise,2,2,True,0.0,0.0,14,Pc,0,,,,
30,Bl.s_Eu.c,pairwise,2,2,True,0.0,0.0,15,Va,0,,,,
30,Bl.s_Eu.c,pairwise,2,2,True,0.0,0.0,16,Vp,0,,,,
31,Bl.s_Eu.l,pairwise,2,2,True,1.9674653619840523,2.766975225376574,1,Af,0,,,,
31,Bl.s_Eu.l,pairwise,2,2,True,1.9674653619840523,2.766975225376574,2,Ao,0,,,,
31,Bl.s_Eu.l,pairwise,2,2,True,1.9674653619840523,2.766975225376574,3,As,0,,,,
31,Bl.s_Eu.l,pairwise,2,2,True,1.9674653619840523,2.766975225376574,4,Bl.s,1,4.125129929332329e-24,0.0150639960106382,-3.913032617886737,3.913032617886737
31,Bl.s_Eu.l,pairwise,2,2,True,1.9674653619840523,2.766975225376574,5,Col,0,,,,
31,Bl.s_Eu.l,pairwise,2,2,True,1.9674653619840523,2.766975225376574,6,Cs,0,,,,
31,Bl.s_Eu.l,pairwise,2,2,True,1.9674653619840523,2.766975225376574,7,Et,0,,,,
31,Bl.s_Eu.l,pairwise,2,2,True,1.9674653619840523,2.766975225376574,8,Eu.c,0,,,,
31,Bl.s_Eu.l,pairwise,2,2,True,1.9674653619840523,2.766975225376574,9,Eu.l,1,1.0,0.9849360039893618,0.0218981060813679,0.0218981060813679
31,Bl.s_Eu.l,pairwise,2,2,True,1.9674653619840523,2.766975225376574,10,Im,0,,,,
31,Bl.s_Eu.l,pairwise,2,2,True,1.9674653619840523,2.766975225376574,11,Ld,0,,,,
31,Bl.s_Eu.l,pairwise,2,2,True,1.9674653619840523,2.766975225376574,12,Lsp,0,,,,
31,Bl.s_Eu.l,pairwise,2,2,True,1.9674653619840523,2.766975225376574,13,Mi,0,,,,
31,Bl.s_Eu.l,pairwise,2,2,True,1.9674653619840523,2.766975225376574,14,Pc,0,,,,
31,Bl.s_Eu.l,pairwise,2,2,True,1.9674653619840523,2.766975225376574,15,Va,0,,,,
31,Bl.s_Eu.l,pairwise,2,2,True,1.9674653619840523,2.766975225376574,16,Vp,0,,,,
32,Bl.s_Im,pairwise,2,2,True,0.0,0.0,1,Af,0,,,,
32,Bl.s_Im,pairwise,2,2,True,0.0,0.0,2,Ao,0,,,,
32,Bl.s_Im,pairwise,2,2,True,0.0,0.0,3,As,0,,,,
32,Bl.s_Im,pairwise,2,2,True,0.0,0.0,4,Bl.s,1,1.661804423625403e-22,0.0,0.0,0.0
32,Bl.s_Im,pairwise,2,2,True,0.0,0.0,5,Col,0,,,,
32,Bl.s_Im,pairwise,2,2,True,0.0,0.0,6,Cs,0,,,,
32,Bl.s_Im,pairwise,2,2,True,0.0,0.0,7,Et,0,,,,
32,Bl.s_Im,pairwise,2,2,True,0.0,0.0,8,Eu.c,0,,,,
32,Bl.s_Im,pairwise,2,2,True,0.0,0.0,9,Eu.l,0,,,,
32,Bl.s_Im,pairwise,2,2,True,0.0,0.0,10,Im,1,1.0,1.0,0.0,0.0
32,Bl.s_Im,pairwise,2,2,True,0.0,0.0,11,Ld,0,,,,
32,Bl.s_Im,pairwise,2,2,True,0.0,0.0,12,Lsp,0,,,,
32,Bl.s_Im,pairwise,2,2,True,0.0,0.0,13,Mi,0,,,,
32,Bl.s_Im,pairwise,2,2,True,0.0,0.0,14,Pc,0,,,,
32,Bl.s_Im,pairwise,2,2,True,0.0,0.0,15,Va,0,,,,
32,Bl.s_Im,pairwise,2,2,True,0.0,0.0,16,Vp,0,,,,
33,Bl.s_Ld,pairwise,2,2,True,0.0,0.0,1,Af,0,,,,
33,Bl.s_Ld,pairwise,2,2,True,0.0,0.0,2,Ao,0,,,,
33,Bl.s_Ld,pairwise,2,2,True,0.0,0.0,3,As,0,,,,
33,Bl.s_Ld,pairwise,2,2,True,0.0,0.0,4,Bl.s,1,1.705035217985658e-23,0.0,0.0,0.0
33,Bl.s_Ld,pairwise,2,2,True,0.0,0.0,5,Col,0,,,,
33,Bl.s_Ld,pairwise,2,2,True,0.0,0.0,6,Cs,0,,,,
33,Bl.s_Ld,pairwise,2,2,True,0.0,0.0,7,Et,0,,,,
33,Bl.s_Ld,pairwise,2,2,True,0.0,0.0,8,Eu.c,0,,,,
33,Bl.s_Ld,pairwise,2,2,True,0.0,0.0,9,Eu.l,0,,,,
33,Bl.s_Ld,pairwise,2,2,True,0.0,0.0,10,Im,0,,,,
33,Bl.s_Ld,pairwise,2,2,True,0.0,0.0,11,Ld,1,1.0,1.0,0.0,0.0
33,Bl.s_Ld,pairwise,2,2,True,0.0,0.0,12,Lsp,0,,,,
33,Bl.s_Ld,pairwise,2,2,True,0.0,0.0,13,Mi,0,,,,
33,Bl.s_Ld,pairwise,2,2,True,0.0,0.0,14,Pc,0,,,,
33,Bl.s_Ld,pairwise,2,2,True,0.0,0.0,15,Va,0,,,,
33,Bl.s_Ld,pairwise,2,2,True,0.0,0.0,16,Vp,0,,,,
34,Bl.s_Lsp,pairwise,2,2,True,0.0,0.0,1,Af,0,,,,
34,Bl.s_Lsp,pairwise,2,2,True,0.0,0.0,2,Ao,0,,,,
34,Bl.s_Lsp,pairwise,2,2,True,0.0,0.0,3,As,0,,,,
34,Bl.s_Lsp,pairwise,2,2,True,0.0,0.0,4,Bl.s,1,1.597261490598784e-23,0.0,0.0,0.0
34,Bl.s_Lsp,pairwise,2,2,True,0.0,0.0,5,Col,0,,,,
34,Bl.s_Lsp,pairwise,2,2,True,0.0,0.0,6,Cs,0,,,,
34,Bl.s_Lsp,pairwise,2,2,True,0.0,0.0,7,Et,0,,,,
34,Bl.s_Lsp,pairwise,2,2,True,0.0,0.0,8,Eu.c,0,,,,
34,Bl.s_Lsp,pairwise,2,2,True,0.0,0.0,9,Eu.l,0,,,,
34,Bl.s_Lsp,pairwise,2,2,True,0.0,0.0,10,Im,0,,,,
34,Bl.s_Lsp,pairwise,2,2,True,0.0,0.0,11,Ld,0,,,,
34,Bl.s_Lsp,pairwise,2,2,True,0.0,0.0,12,Lsp,1,1.0,1.0,0.0,0.0
34,Bl.s_Lsp,pairwise,2,2,True,0.0,0.0,13,Mi,0,,,,
34,Bl.s_Lsp,pairwise,2,2,True,0.0,0.0,14,Pc,0,,,,
34,Bl.s_Lsp,pairwise,2,2,True,0.0,0.0,15,Va,0,,,,
34,Bl.s_Lsp,pairwise,2,2,True,0.0,0.0,16,Vp,0,,,,
35,Bl.s_Mi,pairwise,2,2,True,2.2695504456314484,3.1862694958238276,1,Af,0,,,,
35,Bl.s_Mi,pairwise,2,2,True,2.2695504456314484,3.1862694958238276,2,Ao,0,,,,
35,Bl.s_Mi,pairwise,2,2,True,2.2695504456314484,3.1862694958238276,3,As,0,,,,
35,Bl.s_Mi,pairwise,2,2,True,2.2695504456314484,3.1862694958238276,4,Bl.s,1,3.1877663244387156e-24,0.0227208285454192,-4.505943540494586,4.505943540494586
35,Bl.s_Mi,pairwise,2,2,True,2.2695504456314484,3.1862694958238276,5,Col,0,,,,
35,Bl.s_Mi,pairwise,2,2,True,2.2695504456314484,3.1862694958238276,6,Cs,0,,,,
35,Bl.s_Mi,pairwise,2,2,True,2.2695504456314484,3.1862694958238276,7,Et,0,,,,
35,Bl.s_Mi,pairwise,2,2,True,2.2695504456314484,3.1862694958238276,8,Eu.c,0,,,,
35,Bl.s_Mi,pairwise,2,2,True,2.2695504456314484,3.1862694958238276,9,Eu.l,0,,,,
35,Bl.s_Mi,pairwise,2,2,True,2.2695504456314484,3.1862694958238276,10,Im,0,,,,
35,Bl.s_Mi,pairwise,2,2,True,2.2695504456314484,3.1862694958238276,11,Ld,0,,,,
35,Bl.s_Mi,pairwise,2,2,True,2.2695504456314484,3.1862694958238276,12,Lsp,0,,,,
35,Bl.s_Mi,pairwise,2,2,True,2.2695504456314484,3.1862694958238276,13,Mi,1,1.0,0.9772791714545808,0.0331573507683106,0.0331573507683106
35,Bl.s_Mi,pairwise,2,2,True,2.2695504456314484,3.1862694958238276,14,Pc,0,,,,
35,Bl.s_Mi,pairwise,2,2,True,2.2695504456314484,3.1862694958238276,15,Va,0,,,,
35,Bl.s_Mi,pairwise,2,2,True,2.2695504456314484,3.1862694958238276,16,Vp,0,,,,
36,Bl.s_Pc,pairwise,2,2,True,4.9828921423310435,6.379078610547673,1,Af,0,,,,
36,Bl.s_Pc,pairwise,2,2,True,4.9828921423310435,6.379078610547673,2,Ao,0,,,,
36,Bl.s_Pc,pairwise,2,2,True,4.9828921423310435,6.379078610547673,3,As,0,,,,
36,Bl.s_Pc,pairwise,2,2,True,4.9828921423310435,6.379078610547673,4,Bl.s,1,0.5,1.0,-1.0,1.0
36,Bl.s_Pc,pairwise,2,2,True,4.9828921423310435,6.379078610547673,5,Col,0,,,,
36,Bl.s_Pc,pairwise,2,2,True,4.9828921423310435,6.379078610547673,6,Cs,0,,,,
36,Bl.s_Pc,pairwise,2,2,True,4.9828921423310435,6.379078610547673,7,Et,0,,,,
36,Bl.s_Pc,pairwise,2,2,True,4.9828921423310435,6.379078610547673,8,Eu.c,0,,,,
36,Bl.s_Pc,pairwise,2,2,True,4.9828921423310435,6.379078610547673,9,Eu.l,0,,,,
36,Bl.s_Pc,pairwise,2,2,True,4.9828921423310435,6.379078610547673,10,Im,0,,,,
36,Bl.s_Pc,pairwise,2,2,True,4.9828921423310435,6.379078610547673,11,Ld,0,,,,
36,Bl.s_Pc,pairwise,2,2,True,4.9828921423310435,6.379078610547673,12,Lsp,0,,,,
36,Bl.s_Pc,pairwise,2,2,True,4.9828921423310435,6.379078610547673,13,Mi,0,,,,
36,Bl.s_Pc,pairwise,2,2,True,4.9828921423310435,6.379078610547673,14,Pc,1,0.5,0.0,8.965784284662087,8.965784284662087
36,Bl.s_Pc,pairwise,2,2,True,4.9828921423310435,6.379078610547673,15,Va,0,,,,
36,Bl.s_Pc,pairwise,2,2,True,4.9828921423310435,6.379078610547673,16,Vp,0,,,,
37,Bl.s_Va,pairwise,2,2,True,0.0,0.0,1,Af,0,,,,
37,Bl.s_Va,pairwise,2,2,True,0.0,0.0,2,Ao,0,,,,
37,Bl.s_Va,pairwise,2,2,True,0.0,0.0,3,As,0,,,,
37,Bl.s_Va,pairwise,2,2,True,0.0,0.0,4,Bl.s,1,1.3314096486114742e-23,0.0,0.0,0.0
37,Bl.s_Va,pairwise,2,2,True,0.0,0.0,5,Col,0,,,,
37,Bl.s_Va,pairwise,2,2,True,0.0,0.0,6,Cs,0,,,,
37,Bl.s_Va,pairwise,2,2,True,0.0,0.0,7,Et,0,,,,
37,Bl.s_Va,pairwise,2,2,True,0.0,0.0,8,Eu.c,0,,,,
37,Bl.s_Va,pairwise,2,2,True,0.0,0.0,9,Eu.l,0,,,,
37,Bl.s_Va,pairwise,2,2,True,0.0,0.0,10,Im,0,,,,
37,Bl.s_Va,pairwise,2,2,True,0.0,0.0,11,Ld,0,,,,
37,Bl.s_Va,pairwise,2,2,True,0.0,0.0,12,Lsp,0,,,,
37,Bl.s_Va,pairwise,2,2,True,0.0,0.0,13,Mi,0,,,,
37,Bl.s_Va,pairwise,2,2,True,0.0,0.0,14,Pc,0,,,,
37,Bl.s_Va,pairwise,2,2,True,0.0,0.0,15,Va,1,1.0,1.0,0.0,0.0
37,Bl.s_Va,pairwise,2,2,True,0.0,0.0,16,Vp,0,,,,
38,Col_Cs,pairwise,2,2,True,0.8697822223096013,0.948383000469902,1,Af,0,,,,
38,Col_Cs,pairwise,2,2,True,0.8697822223096013,0.948383000469902,2,Ao,0,,,,
38,Col_Cs,pairwise,2,2,True,0.8697822223096013,0.948383000469902,3,As,0,,,,
38,Col_Cs,pairwise,2,2,True,0.8697822223096013,0.948383000469902,4,Bl.s,0,,,,
38,Col_Cs,pairwise,2,2,True,0.8697822223096013,0.948383000469902,5,Col,1,0.5876929914824752,0.8263835764076466,-0.4917488886808521,0.4917488886808521
38,Col_Cs,pairwise,2,2,True,0.8697822223096013,0.948383000469902,6,Cs,1,0.4123070085175248,0.1736164235923534,1.2478155559383506,1.2478155559383506
38,Col_Cs,pairwise,2,2,True,0.8697822223096013,0.948383000469902,7,Et,0,,,,
38,Col_Cs,pairwise,2,2,True,0.8697822223096013,0.948383000469902,8,Eu.c,0,,,,
38,Col_Cs,pairwise,2,2,True,0.8697822223096013,0.948383000469902,9,Eu.l,0,,,,
38,Col_Cs,pairwise,2,2,True,0.8697822223096013,0.948383000469902,10,Im,0,,,,
38,Col_Cs,pairwise,2,2,True,0.8697822223096013,0.948383000469902,11,Ld,0,,,,
38,Col_Cs,pairwise,2,2,True,0.8697822223096013,0.948383000469902,12,Lsp,0,,,,
38,Col_Cs,pairwise,2,2,True,0.8697822223096013,0.948383000469902,13,Mi,0,,,,
38,Col_Cs,pairwise,2,2,True,0.8697822223096013,0.948383000469902,14,Pc,0,,,,
38,Col_Cs,pairwise,2,2,True,0.8697822223096013,0.948383000469902,15,Va,0,,,,
38,Col_Cs,pairwise,2,2,True,0.8697822223096013,0.948383000469902,16,Vp,0,,,,
39,Col_Et,pairwise,2,2,True,2.170661768388743,2.881154933164548,1,Af,0,,,,
39,Col_Et,pairwise,2,2,True,2.170661768388743,2.881154933164548,2,Ao,0,,,,
39,Col_Et,pairwise,2,2,True,2.170661768388743,2.881154933164548,3,As,0,,,,
39,Col_Et,pairwise,2,2,True,2.170661768388743,2.881154933164548,4,Bl.s,0,,,,
39,Col_Et,pairwise,2,2,True,2.170661768388743,2.881154933164548,5,Col,1,0.9890540828237632,0.8167686494578227,0.276121920258367,0.276121920258367
39,Col_Et,pairwise,2,2,True,2.170661768388743,2.881154933164548,6,Cs,0,,,,
39,Col_Et,pairwise,2,2,True,2.170661768388743,2.881154933164548,7,Et,1,0.0109459171762369,0.1832313505421773,-4.0652016165191185,4.0652016165191185
39,Col_Et,pairwise,2,2,True,2.170661768388743,2.881154933164548,8,Eu.c,0,,,,
39,Col_Et,pairwise,2,2,True,2.170661768388743,2.881154933164548,9,Eu.l,0,,,,
39,Col_Et,pairwise,2,2,True,2.170661768388743,2.881154933164548,10,Im,0,,,,
39,Col_Et,pairwise,2,2,True,2.170661768388743,2.881154933164548,11,Ld,0,,,,
39,Col_Et,pairwise,2,2,True,2.170661768388743,2.881154933164548,12,Lsp,0,,,,
39,Col_Et,pairwise,2,2,True,2.170661768388743,2.881154933164548,13,Mi,0,,,,
39,Col_Et,pairwise,2,2,True,2.170661768388743,2.881154933164548,14,Pc,0,,,,
39,Col_Et,pairwise,2,2,True,2.170661768388743,2.881154933164548,15,Va,0,,,,
39,Col_Et,pairwise,2,2,True,2.170661768388743,2.881154933164548,16,Vp,0,,,,
40,Col_Eu.c,pairwise,2,2,True,1.3378011780286223,1.501763134366905,1,Af,0,,,,
40,Col_Eu.c,pairwise,2,2,True,1.3378011780286223,1.501763134366905,2,Ao,0,,,,
40,Col_Eu.c,pairwise,2,2,True,1.3378011780286223,1.501763134366905,3,As,0,,,,
40,Col_Eu.c,pairwise,2,2,True,1.3378011780286223,1.501763134366905,4,Bl.s,0,,,,
40,Col_Eu.c,pairwise,2,2,True,1.3378011780286223,1.501763134366905,5,Col,1,0.1067210044978869,0.4328838383515002,-2.020135787885648,2.020135787885648
40,Col_Eu.c,pairwise,2,2,True,1.3378011780286223,1.501763134366905,6,Cs,0,,,,
40,Col_Eu.c,pairwise,2,2,True,1.3378011780286223,1.501763134366905,7,Et,0,,,,
40,Col_Eu.c,pairwise,2,2,True,1.3378011780286223,1.501763134366905,8,Eu.c,1,0.8932789955021131,0.5671161616484999,0.6554665681715968,0.6554665681715968
40,Col_Eu.c,pairwise,2,2,True,1.3378011780286223,1.501763134366905,9,Eu.l,0,,,,
40,Col_Eu.c,pairwise,2,2,True,1.3378011780286223,1.501763134366905,10,Im,0,,,,
40,Col_Eu.c,pairwise,2,2,True,1.3378011780286223,1.501763134366905,11,Ld,0,,,,
40,Col_Eu.c,pairwise,2,2,True,1.3378011780286223,1.501763134366905,12,Lsp,0,,,,
40,Col_Eu.c,pairwise,2,2,True,1.3378011780286223,1.501763134366905,13,Mi,0,,,,
40,Col_Eu.c,pairwise,2,2,True,1.3378011780286223,1.501763134366905,14,Pc,0,,,,
40,Col_Eu.c,pairwise,2,2,True,1.3378011780286223,1.501763134366905,15,Va,0,,,,
40,Col_Eu.c,pairwise,2,2,True,1.3378011780286223,1.501763134366905,16,Vp,0,,,,
41,Col_Eu.l,pairwise,2,2,True,1.8746510764731104,2.017756153182908,1,Af,0,,,,
41,Col_Eu.l,pairwise,2,2,True,1.8746510764731104,2.017756153182908,2,Ao,0,,,,
41,Col_Eu.l,pairwise,2,2,True,1.8746510764731104,2.017756153182908,3,As,0,,,,
41,Col_Eu.l,pairwise,2,2,True,1.8746510764731104,2.017756153182908,4,Bl.s,0,,,,
41,Col_Eu.l,pairwise,2,2,True,1.8746510764731104,2.017756153182908,5,Col,1,0.0952797679363,0.5861349129091645,-2.6209909690057924,2.6209909690057924
41,Col_Eu.l,pairwise,2,2,True,1.8746510764731104,2.017756153182908,6,Cs,0,,,,
41,Col_Eu.l,pairwise,2,2,True,1.8746510764731104,2.017756153182908,7,Et,0,,,,
41,Col_Eu.l,pairwise,2,2,True,1.8746510764731104,2.017756153182908,8,Eu.c,0,,,,
41,Col_Eu.l,pairwise,2,2,True,1.8746510764731104,2.017756153182908,9,Eu.l,1,0.9047202320636998,0.4138650870908355,1.1283111839404285,1.1283111839404285
41,Col_Eu.l,pairwise,2,2,True,1.8746510764731104,2.017756153182908,10,Im,0,,,,
41,Col_Eu.l,pairwise,2,2,True,1.8746510764731104,2.017756153182908,11,Ld,0,,,,
41,Col_Eu.l,pairwise,2,2,True,1.8746510764731104,2.017756153182908,12,Lsp,0,,,,
41,Col_Eu.l,pairwise,2,2,True,1.8746510764731104,2.017756153182908,13,Mi,0,,,,
41,Col_Eu.l,pairwise,2,2,True,1.8746510764731104,2.017756153182908,14,Pc,0,,,,
41,Col_Eu.l,pairwise,2,2,True,1.8746510764731104,2.017756153182908,15,Va,0,,,,
41,Col_Eu.l,pairwise,2,2,True,1.8746510764731104,2.017756153182908,16,Vp,0,,,,
42,Col_Im,pairwise,2,2,True,0.5686710061016521,0.630099258943488,1,Af,0,,,,
42,Col_Im,pairwise,2,2,True,0.5686710061016521,0.630099258943488,2,Ao,0,,,,
42,Col_Im,pairwise,2,2,True,0.5686710061016521,0.630099258943488,3,As,0,,,,
42,Col_Im,pairwise,2,2,True,0.5686710061016521,0.630099258943488,4,Bl.s,0,,,,
42,Col_Im,pairwise,2,2,True,0.5686710061016521,0.630099258943488,5,Col,1,0.8092537339875465,0.6585463595040433,0.2973071121502507,0.2973071121502507
42,Col_Im,pairwise,2,2,True,0.5686710061016521,0.630099258943488,6,Cs,0,,,,
42,Col_Im,pairwise,2,2,True,0.5686710061016521,0.630099258943488,7,Et,0,,,,
42,Col_Im,pairwise,2,2,True,0.5686710061016521,0.630099258943488,8,Eu.c,0,,,,
42,Col_Im,pairwise,2,2,True,0.5686710061016521,0.630099258943488,9,Eu.l,0,,,,
42,Col_Im,pairwise,2,2,True,0.5686710061016521,0.630099258943488,10,Im,1,0.1907462660124535,0.3414536404959568,-0.8400349000530535,0.8400349000530535
42,Col_Im,pairwise,2,2,True,0.5686710061016521,0.630099258943488,11,Ld,0,,,,
42,Col_Im,pairwise,2,2,True,0.5686710061016521,0.630099258943488,12,Lsp,0,,,,
42,Col_Im,pairwise,2,2,True,0.5686710061016521,0.630099258943488,13,Mi,0,,,,
42,Col_Im,pairwise,2,2,True,0.5686710061016521,0.630099258943488,14,Pc,0,,,,
42,Col_Im,pairwise,2,2,True,0.5686710061016521,0.630099258943488,15,Va,0,,,,
42,Col_Im,pairwise,2,2,True,0.5686710061016521,0.630099258943488,16,Vp,0,,,,
43,Col_Ld,pairwise,2,2,True,1.0153617097738932,1.0172725896503254,1,Af,0,,,,
43,Col_Ld,pairwise,2,2,True,1.0153617097738932,1.0172725896503254,2,Ao,0,,,,
43,Col_Ld,pairwise,2,2,True,1.0153617097738932,1.0172725896503254,3,As,0,,,,
43,Col_Ld,pairwise,2,2,True,1.0153617097738932,1.0172725896503254,4,Bl.s,0,,,,
43,Col_Ld,pairwise,2,2,True,1.0153617097738932,1.0172725896503254,5,Col,1,0.3032783536431168,0.6401131506775343,-1.0776844181466474,1.0776844181466474
43,Col_Ld,pairwise,2,2,True,1.0153617097738932,1.0172725896503254,6,Cs,0,,,,
43,Col_Ld,pairwise,2,2,True,1.0153617097738932,1.0172725896503254,7,Et,0,,,,
43,Col_Ld,pairwise,2,2,True,1.0153617097738932,1.0172725896503254,8,Eu.c,0,,,,
43,Col_Ld,pairwise,2,2,True,1.0153617097738932,1.0172725896503254,9,Eu.l,0,,,,
43,Col_Ld,pairwise,2,2,True,1.0153617097738932,1.0172725896503254,10,Im,0,,,,
43,Col_Ld,pairwise,2,2,True,1.0153617097738932,1.0172725896503254,11,Ld,1,0.6967216463568833,0.3598868493224657,0.953039001401139,0.953039001401139
43,Col_Ld,pairwise,2,2,True,1.0153617097738932,1.0172725896503254,12,Lsp,0,,,,
43,Col_Ld,pairwise,2,2,True,1.0153617097738932,1.0172725896503254,13,Mi,0,,,,
43,Col_Ld,pairwise,2,2,True,1.0153617097738932,1.0172725896503254,14,Pc,0,,,,
43,Col_Ld,pairwise,2,2,True,1.0153617097738932,1.0172725896503254,15,Va,0,,,,
43,Col_Ld,pairwise,2,2,True,1.0153617097738932,1.0172725896503254,16,Vp,0,,,,
44,Col_Lsp,pairwise,2,2,True,1.292875348482267,1.2928754579057404,1,Af,0,,,,
44,Col_Lsp,pairwise,2,2,True,1.292875348482267,1.2928754579057404,2,Ao,0,,,,
44,Col_Lsp,pairwise,2,2,True,1.292875348482267,1.2928754579057404,3,As,0,,,,
44,Col_Lsp,pairwise,2,2,True,1.292875348482267,1.2928754579057404,4,Bl.s,0,,,,
44,Col_Lsp,pairwise,2,2,True,1.292875348482267,1.2928754579057404,5,Col,1,0.2896611947929824,0.7099776918138039,-1.2934072712536415,1.2934072712536415
44,Col_Lsp,pairwise,2,2,True,1.292875348482267,1.2928754579057404,6,Cs,0,,,,
44,Col_Lsp,pairwise,2,2,True,1.292875348482267,1.2928754579057404,7,Et,0,,,,
44,Col_Lsp,pairwise,2,2,True,1.292875348482267,1.2928754579057404,8,Eu.c,0,,,,
44,Col_Lsp,pairwise,2,2,True,1.292875348482267,1.2928754579057404,9,Eu.l,0,,,,
44,Col_Lsp,pairwise,2,2,True,1.292875348482267,1.2928754579057404,10,Im,0,,,,
44,Col_Lsp,pairwise,2,2,True,1.292875348482267,1.2928754579057404,11,Ld,0,,,,
44,Col_Lsp,pairwise,2,2,True,1.292875348482267,1.2928754579057404,12,Lsp,1,0.7103388052070175,0.2900223081861962,1.292343425710892,1.292343425710892
44,Col_Lsp,pairwise,2,2,True,1.292875348482267,1.2928754579057404,13,Mi,0,,,,
44,Col_Lsp,pairwise,2,2,True,1.292875348482267,1.2928754579057404,14,Pc,0,,,,
44,Col_Lsp,pairwise,2,2,True,1.292875348482267,1.2928754579057404,15,Va,0,,,,
44,Col_Lsp,pairwise,2,2,True,1.292875348482267,1.2928754579057404,16,Vp,0,,,,
45,Col_Mi,pairwise,2,2,True,0.2047950026227518,0.265893026537243,1,Af,0,,,,
45,Col_Mi,pairwise,2,2,True,0.2047950026227518,0.265893026537243,2,Ao,0,,,,
45,Col_Mi,pairwise,2,2,True,0.2047950026227518,0.265893026537243,3,As,0,,,,
45,Col_Mi,pairwise,2,2,True,0.2047950026227518,0.265893026537243,4,Bl.s,0,,,,
45,Col_Mi,pairwise,2,2,True,0.2047950026227518,0.265893026537243,5,Col,1,0.0752585039505879,0.0975560788365005,-0.3743771610648536,0.3743771610648536
45,Col_Mi,pairwise,2,2,True,0.2047950026227518,0.265893026537243,6,Cs,0,,,,
45,Col_Mi,pairwise,2,2,True,0.2047950026227518,0.265893026537243,7,Et,0,,,,
45,Col_Mi,pairwise,2,2,True,0.2047950026227518,0.265893026537243,8,Eu.c,0,,,,
45,Col_Mi,pairwise,2,2,True,0.2047950026227518,0.265893026537243,9,Eu.l,0,,,,
45,Col_Mi,pairwise,2,2,True,0.2047950026227518,0.265893026537243,10,Im,0,,,,
45,Col_Mi,pairwise,2,2,True,0.2047950026227518,0.265893026537243,11,Ld,0,,,,
45,Col_Mi,pairwise,2,2,True,0.2047950026227518,0.265893026537243,12,Lsp,0,,,,
45,Col_Mi,pairwise,2,2,True,0.2047950026227518,0.265893026537243,13,Mi,1,0.924741496049412,0.9024439211634996,0.0352128441806501,0.0352128441806501
45,Col_Mi,pairwise,2,2,True,0.2047950026227518,0.265893026537243,14,Pc,0,,,,
45,Col_Mi,pairwise,2,2,True,0.2047950026227518,0.265893026537243,15,Va,0,,,,
45,Col_Mi,pairwise,2,2,True,0.2047950026227518,0.265893026537243,16,Vp,0,,,,
46,Col_Pc,pairwise,2,2,True,0.0,0.0,1,Af,0,,,,
46,Col_Pc,pairwise,2,2,True,0.0,0.0,2,Ao,0,,,,
46,Col_Pc,pairwise,2,2,True,0.0,0.0,3,As,0,,,,
46,Col_Pc,pairwise,2,2,True,0.0,0.0,4,Bl.s,0,,,,
46,Col_Pc,pairwise,2,2,True,0.0,0.0,5,Col,1,1.0,1.0,0.0,0.0
46,Col_Pc,pairwise,2,2,True,0.0,0.0,6,Cs,0,,,,
46,Col_Pc,pairwise,2,2,True,0.0,0.0,7,Et,0,,,,
46,Col_Pc,pairwise,2,2,True,0.0,0.0,8,Eu.c,0,,,,
46,Col_Pc,pairwise,2,2,True,0.0,0.0,9,Eu.l,0,,,,
46,Col_Pc,pairwise,2,2,True,0.0,0.0,10,Im,0,,,,
46,Col_Pc,pairwise,2,2,True,0.0,0.0,11,Ld,0,,,,
46,Col_Pc,pairwise,2,2,True,0.0,0.0,12,Lsp,0,,,,
46,Col_Pc,pairwise,2,2,True,0.0,0.0,13,Mi,0,,,,
46,Col_Pc,pairwise,2,2,True,0.0,0.0,14,Pc,1,3.916979005924502e-23,0.0,0.0,0.0
46,Col_Pc,pairwise,2,2,True,0.0,0.0,15,Va,0,,,,
46,Col_Pc,pairwise,2,2,True,0.0,0.0,16,Vp,0,,,,
47,Col_Va,pairwise,2,2,True,0.0906887171202613,0.1001424073025376,1,Af,0,,,,
47,Col_Va,pairwise,2,2,True,0.0906887171202613,0.1001424073025376,2,Ao,0,,,,
47,Col_Va,pairwise,2,2,True,0.0906887171202613,0.1001424073025376,3,As,0,,,,
47,Col_Va,pairwise,2,2,True,0.0906887171202613,0.1001424073025376,4,Bl.s,0,,,,
47,Col_Va,pairwise,2,2,True,0.0906887171202613,0.1001424073025376,5,Col,1,0.2536796979508728,0.2782093660464209,-0.1331629249107376,0.1331629249107376
47,Col_Va,pairwise,2,2,True,0.0906887171202613,0.1001424073025376,6,Cs,0,,,,
47,Col_Va,pairwise,2,2,True,0.0906887171202613,0.1001424073025376,7,Et,0,,,,
47,Col_Va,pairwise,2,2,True,0.0906887171202613,0.1001424073025376,8,Eu.c,0,,,,
47,Col_Va,pairwise,2,2,True,0.0906887171202613,0.1001424073025376,9,Eu.l,0,,,,
47,Col_Va,pairwise,2,2,True,0.0906887171202613,0.1001424073025376,10,Im,0,,,,
47,Col_Va,pairwise,2,2,True,0.0906887171202613,0.1001424073025376,11,Ld,0,,,,
47,Col_Va,pairwise,2,2,True,0.0906887171202613,0.1001424073025376,12,Lsp,0,,,,
47,Col_Va,pairwise,2,2,True,0.0906887171202613,0.1001424073025376,13,Mi,0,,,,
47,Col_Va,pairwise,2,2,True,0.0906887171202613,0.1001424073025376,14,Pc,0,,,,
47,Col_Va,pairwise,2,2,True,0.0906887171202613,0.1001424073025376,15,Va,1,0.7463203020491271,0.7217906339535791,0.0482145093297851,0.0482145093297851
47,Col_Va,pairwise,2,2,True,0.0906887171202613,0.1001424073025376,16,Vp,0,,,,
48,Col_Vp,pairwise,2,2,True,5.011211994347503,6.401051596779828,1,Af,0,,,,
48,Col_Vp,pairwise,2,2,True,5.011211994347503,6.401051596779828,2,Ao,0,,,,
48,Col_Vp,pairwise,2,2,True,5.011211994347503,6.401051596779828,3,As,0,,,,
48,Col_Vp,pairwise,2,2,True,5.011211994347503,6.401051596779828,4,Bl.s,0,,,,
48,Col_Vp,pairwise,2,2,True,5.011211994347503,6.401051596779828,5,Col,1,1.0,0.4901863476764664,1.0285977910451911,1.0285977910451911
48,Col_Vp,pairwise,2,2,True,5.011211994347503,6.401051596779828,6,Cs,0,,,,
48,Col_Vp,pairwise,2,2,True,5.011211994347503,6.401051596779828,7,Et,0,,,,
48,Col_Vp,pairwise,2,2,True,5.011211994347503,6.401051596779828,8,Eu.c,0,,,,
48,Col_Vp,pairwise,2,2,True,5.011211994347503,6.401051596779828,9,Eu.l,0,,,,
48,Col_Vp,pairwise,2,2,True,5.011211994347503,6.401051596779828,10,Im,0,,,,
48,Col_Vp,pairwise,2,2,True,5.011211994347503,6.401051596779828,11,Ld,0,,,,
48,Col_Vp,pairwise,2,2,True,5.011211994347503,6.401051596779828,12,Lsp,0,,,,
48,Col_Vp,pairwise,2,2,True,5.011211994347503,6.401051596779828,13,Mi,0,,,,
48,Col_Vp,pairwise,2,2,True,5.011211994347503,6.401051596779828,14,Pc,0,,,,
48,Col_Vp,pairwise,2,2,True,5.011211994347503,6.401051596779828,15,Va,0,,,,
48,Col_Vp,pairwise,2,2,True,5.011211994347503,6.401051596779828,16,Vp,1,3.916979005924502e-23,0.5098136523235336,-8.993826197649815,8.993826197649815
49,Cs_Et,pairwise,2,2,True,0.1630642561141172,0.2274199480642576,1,Af,0,,,,
49,Cs_Et,pairwise,2,2,True,0.1630642561141172,0.2274199480642576,2,Ao,0,,,,
49,Cs_Et,pairwise,2,2,True,0.1630642561141172,0.2274199480642576,3,As,0,,,,
49,Cs_Et,pairwise,2,2,True,0.1630642561141172,0.2274199480642576,4,Bl.s,0,,,,
49,Cs_Et,pairwise,2,2,True,0.1630642561141172,0.2274199480642576,5,Col,0,,,,
49,Cs_Et,pairwise,2,2,True,0.1630642561141172,0.2274199480642576,6,Cs,1,0.9844702484439656,0.9875732724945546,-0.0045401848962129,0.0045401848962129
49,Cs_Et,pairwise,2,2,True,0.1630642561141172,0.2274199480642576,7,Et,1,0.0155297515560343,0.0124267275054452,0.3215883273320216,0.3215883273320216
49,Cs_Et,pairwise,2,2,True,0.1630642561141172,0.2274199480642576,8,Eu.c,0,,,,
49,Cs_Et,pairwise,2,2,True,0.1630642561141172,0.2274199480642576,9,Eu.l,0,,,,
49,Cs_Et,pairwise,2,2,True,0.1630642561141172,0.2274199480642576,10,Im,0,,,,
49,Cs_Et,pairwise,2,2,True,0.1630642561141172,0.2274199480642576,11,Ld,0,,,,
49,Cs_Et,pairwise,2,2,True,0.1630642561141172,0.2274199480642576,12,Lsp,0,,,,
49,Cs_Et,pairwise,2,2,True,0.1630642561141172,0.2274199480642576,13,Mi,0,,,,
49,Cs_Et,pairwise,2,2,True,0.1630642561141172,0.2274199480642576,14,Pc,0,,,,
49,Cs_Et,pairwise,2,2,True,0.1630642561141172,0.2274199480642576,15,Va,0,,,,
49,Cs_Et,pairwise,2,2,True,0.1630642561141172,0.2274199480642576,16,Vp,0,,,,
50,Cs_Eu.c,pairwise,2,2,True,3.194536303486348,4.436476535728044,1,Af,0,,,,
50,Cs_Eu.c,pairwise,2,2,True,3.194536303486348,4.436476535728044,2,Ao,0,,,,
50,Cs_Eu.c,pairwise,2,2,True,3.194536303486348,4.436476535728044,3,As,0,,,,
50,Cs_Eu.c,pairwise,2,2,True,3.194536303486348,4.436476535728044,4,Bl.s,0,,,,
50,Cs_Eu.c,pairwise,2,2,True,3.194536303486348,4.436476535728044,5,Col,0,,,,
50,Cs_Eu.c,pairwise,2,2,True,3.194536303486348,4.436476535728044,6,Cs,1,0.0773351551734378,7.02000702000702e-05,6.273052481415788,6.273052481415788
50,Cs_Eu.c,pairwise,2,2,True,3.194536303486348,4.436476535728044,7,Et,0,,,,
50,Cs_Eu.c,pairwise,2,2,True,3.194536303486348,4.436476535728044,8,Eu.c,1,0.9226648448265622,0.9999297999298,-0.1160201255569074,0.1160201255569074
50,Cs_Eu.c,pairwise,2,2,True,3.194536303486348,4.436476535728044,9,Eu.l,0,,,,
50,Cs_Eu.c,pairwise,2,2,True,3.194536303486348,4.436476535728044,10,Im,0,,,,
50,Cs_Eu.c,pairwise,2,2,True,3.194536303486348,4.436476535728044,11,Ld,0,,,,
50,Cs_Eu.c,pairwise,2,2,True,3.194536303486348,4.436476535728044,12,Lsp,0,,,,
50,Cs_Eu.c,pairwise,2,2,True,3.194536303486348,4.436476535728044,13,Mi,0,,,,
50,Cs_Eu.c,pairwise,2,2,True,3.194536303486348,4.436476535728044,14,Pc,0,,,,
50,Cs_Eu.c,pairwise,2,2,True,3.194536303486348,4.436476535728044,15,Va,0,,,,
50,Cs_Eu.c,pairwise,2,2,True,3.194536303486348,4.436476535728044,16,Vp,0,,,,
51,Cs_Eu.l,pairwise,2,2,True,3.103605322917807,4.317054673221296,1,Af,0,,,,
51,Cs_Eu.l,pairwise,2,2,True,3.103605322917807,4.317054673221296,2,Ao,0,,,,
51,Cs_Eu.l,pairwise,2,2,True,3.103605322917807,4.317054673221296,3,As,0,,,,
51,Cs_Eu.l,pairwise,2,2,True,3.103605322917807,4.317054673221296,4,Bl.s,0,,,,
51,Cs_Eu.l,pairwise,2,2,True,3.103605322917807,4.317054673221296,5,Col,0,,,,
51,Cs_Eu.l,pairwise,2,2,True,3.103605322917807,4.317054673221296,6,Cs,1,0.0688016408497486,0.0,6.10437106704681,6.10437106704681
51,Cs_Eu.l,pairwise,2,2,True,3.103605322917807,4.317054673221296,7,Et,0,,,,
51,Cs_Eu.l,pairwise,2,2,True,3.103605322917807,4.317054673221296,8,Eu.c,0,,,,
51,Cs_Eu.l,pairwise,2,2,True,3.103605322917807,4.317054673221296,9,Eu.l,1,0.9311983591502516,1.0,-0.1028395787888036,0.1028395787888036
51,Cs_Eu.l,pairwise,2,2,True,3.103605322917807,4.317054673221296,10,Im,0,,,,
51,Cs_Eu.l,pairwise,2,2,True,3.103605322917807,4.317054673221296,11,Ld,0,,,,
51,Cs_Eu.l,pairwise,2,2,True,3.103605322917807,4.317054673221296,12,Lsp,0,,,,
51,Cs_Eu.l,pairwise,2,2,True,3.103605322917807,4.317054673221296,13,Mi,0,,,,
51,Cs_Eu.l,pairwise,2,2,True,3.103605322917807,4.317054673221296,14,Pc,0,,,,
51,Cs_Eu.l,pairwise,2,2,True,3.103605322917807,4.317054673221296,15,Va,0,,,,
51,Cs_Eu.l,pairwise,2,2,True,3.103605322917807,4.317054673221296,16,Vp,0,,,,
52,Cs_Im,pairwise,2,2,True,0.9800542239894968,0.9986419031337328,1,Af,0,,,,
52,Cs_Im,pairwise,2,2,True,0.9800542239894968,0.9986419031337328,2,Ao,0,,,,
52,Cs_Im,pairwise,2,2,True,0.9800542239894968,0.9986419031337328,3,As,0,,,,
52,Cs_Im,pairwise,2,2,True,0.9800542239894968,0.9986419031337328,4,Bl.s,0,,,,
52,Cs_Im,pairwise,2,2,True,0.9800542239894968,0.9986419031337328,5,Col,0,,,,
52,Cs_Im,pairwise,2,2,True,0.9800542239894968,0.9986419031337328,6,Cs,1,0.7485195297998511,0.433419845686092,0.78827474454785,0.78827474454785
52,Cs_Im,pairwise,2,2,True,0.9800542239894968,0.9986419031337328,7,Et,0,,,,
52,Cs_Im,pairwise,2,2,True,0.9800542239894968,0.9986419031337328,8,Eu.c,0,,,,
52,Cs_Im,pairwise,2,2,True,0.9800542239894968,0.9986419031337328,9,Eu.l,0,,,,
52,Cs_Im,pairwise,2,2,True,0.9800542239894968,0.9986419031337328,10,Im,1,0.2514804702001488,0.566580154313908,-1.171833703431144,1.171833703431144
52,Cs_Im,pairwise,2,2,True,0.9800542239894968,0.9986419031337328,11,Ld,0,,,,
52,Cs_Im,pairwise,2,2,True,0.9800542239894968,0.9986419031337328,12,Lsp,0,,,,
52,Cs_Im,pairwise,2,2,True,0.9800542239894968,0.9986419031337328,13,Mi,0,,,,
52,Cs_Im,pairwise,2,2,True,0.9800542239894968,0.9986419031337328,14,Pc,0,,,,
52,Cs_Im,pairwise,2,2,True,0.9800542239894968,0.9986419031337328,15,Va,0,,,,
52,Cs_Im,pairwise,2,2,True,0.9800542239894968,0.9986419031337328,16,Vp,0,,,,
53,Cs_Ld,pairwise,2,2,True,5.838442886223898,6.935159307780986,1,Af,0,,,,
53,Cs_Ld,pairwise,2,2,True,5.838442886223898,6.935159307780986,2,Ao,0,,,,
53,Cs_Ld,pairwise,2,2,True,5.838442886223898,6.935159307780986,3,As,0,,,,
53,Cs_Ld,pairwise,2,2,True,5.838442886223898,6.935159307780986,4,Bl.s,0,,,,
53,Cs_Ld,pairwise,2,2,True,5.838442886223898,6.935159307780986,5,Col,0,,,,
53,Cs_Ld,pairwise,2,2,True,5.838442886223898,6.935159307780986,6,Cs,1,0.2339443808082737,0.9998738011105504,-2.095580440367411,2.095580440367411
53,Cs_Ld,pairwise,2,2,True,5.838442886223898,6.935159307780986,7,Et,0,,,,
53,Cs_Ld,pairwise,2,2,True,5.838442886223898,6.935159307780986,8,Eu.c,0,,,,
53,Cs_Ld,pairwise,2,2,True,5.838442886223898,6.935159307780986,9,Eu.l,0,,,,
53,Cs_Ld,pairwise,2,2,True,5.838442886223898,6.935159307780986,10,Im,0,,,,
53,Cs_Ld,pairwise,2,2,True,5.838442886223898,6.935159307780986,11,Ld,1,0.7660556191917264,0.0001261988894497,9.581305332080383,9.581305332080383
53,Cs_Ld,pairwise,2,2,True,5.838442886223898,6.935159307780986,12,Lsp,0,,,,
53,Cs_Ld,pairwise,2,2,True,5.838442886223898,6.935159307780986,13,Mi,0,,,,
53,Cs_Ld,pairwise,2,2,True,5.838442886223898,6.935159307780986,14,Pc,0,,,,
53,Cs_Ld,pairwise,2,2,True,5.838442886223898,6.935159307780986,15,Va,0,,,,
53,Cs_Ld,pairwise,2,2,True,5.838442886223898,6.935159307780986,16,Vp,0,,,,
54,Cs_Lsp,pairwise,2,2,True,4.568842255791255,5.16517486566492,1,Af,0,,,,
54,Cs_Lsp,pairwise,2,2,True,4.568842255791255,5.16517486566492,2,Ao,0,,,,
54,Cs_Lsp,pairwise,2,2,True,4.568842255791255,5.16517486566492,3,As,0,,,,
54,Cs_Lsp,pairwise,2,2,True,4.568842255791255,5.16517486566492,4,Bl.s,0,,,,
54,Cs_Lsp,pairwise,2,2,True,4.568842255791255,5.16517486566492,5,Col,0,,,,
54,Cs_Lsp,pairwise,2,2,True,4.568842255791255,5.16517486566492,6,Cs,1,0.2224463751523747,0.9938326139673972,-2.1595452972174685,2.1595452972174685
54,Cs_Lsp,pairwise,2,2,True,4.568842255791255,5.16517486566492,7,Et,0,,,,
54,Cs_Lsp,pairwise,2,2,True,4.568842255791255,5.16517486566492,8,Eu.c,0,,,,
54,Cs_Lsp,pairwise,2,2,True,4.568842255791255,5.16517486566492,9,Eu.l,0,,,,
54,Cs_Lsp,pairwise,2,2,True,4.568842255791255,5.16517486566492,10,Im,0,,,,
54,Cs_Lsp,pairwise,2,2,True,4.568842255791255,5.16517486566492,11,Ld,0,,,,
54,Cs_Lsp,pairwise,2,2,True,4.568842255791255,5.16517486566492,12,Lsp,1,0.7775536248476252,0.0061673860326027,6.978139214365041,6.978139214365041
54,Cs_Lsp,pairwise,2,2,True,4.568842255791255,5.16517486566492,13,Mi,0,,,,
54,Cs_Lsp,pairwise,2,2,True,4.568842255791255,5.16517486566492,14,Pc,0,,,,
54,Cs_Lsp,pairwise,2,2,True,4.568842255791255,5.16517486566492,15,Va,0,,,,
54,Cs_Lsp,pairwise,2,2,True,4.568842255791255,5.16517486566492,16,Vp,0,,,,
55,Cs_Mi,pairwise,2,2,True,7.048125803036354,7.597879927648664,1,Af,0,,,,
55,Cs_Mi,pairwise,2,2,True,7.048125803036354,7.597879927648664,2,Ao,0,,,,
55,Cs_Mi,pairwise,2,2,True,7.048125803036354,7.597879927648664,3,As,0,,,,
55,Cs_Mi,pairwise,2,2,True,7.048125803036354,7.597879927648664,4,Bl.s,0,,,,
55,Cs_Mi,pairwise,2,2,True,7.048125803036354,7.597879927648664,5,Col,0,,,,
55,Cs_Mi,pairwise,2,2,True,7.048125803036354,7.597879927648664,6,Cs,1,0.0540120951206589,1.0,-4.210573678486108,4.210573678486108
55,Cs_Mi,pairwise,2,2,True,7.048125803036354,7.597879927648664,7,Et,0,,,,
55,Cs_Mi,pairwise,2,2,True,7.048125803036354,7.597879927648664,8,Eu.c,0,,,,
55,Cs_Mi,pairwise,2,2,True,7.048125803036354,7.597879927648664,9,Eu.l,0,,,,
55,Cs_Mi,pairwise,2,2,True,7.048125803036354,7.597879927648664,10,Im,0,,,,
55,Cs_Mi,pairwise,2,2,True,7.048125803036354,7.597879927648664,11,Ld,0,,,,
55,Cs_Mi,pairwise,2,2,True,7.048125803036354,7.597879927648664,12,Lsp,0,,,,
55,Cs_Mi,pairwise,2,2,True,7.048125803036354,7.597879927648664,13,Mi,1,0.945987904879341,0.0,9.8856779275866,9.8856779275866
55,Cs_Mi,pairwise,2,2,True,7.048125803036354,7.597879927648664,14,Pc,0,,,,
55,Cs_Mi,pairwise,2,2,True,7.048125803036354,7.597879927648664,15,Va,0,,,,
55,Cs_Mi,pairwise,2,2,True,7.048125803036354,7.597879927648664,16,Vp,0,,,,
56,Cs_Pc,pairwise,2,2,True,0.0,0.0,1,Af,0,,,,
56,Cs_Pc,pairwise,2,2,True,0.0,0.0,2,Ao,0,,,,
56,Cs_Pc,pairwise,2,2,True,0.0,0.0,3,As,0,,,,
56,Cs_Pc,pairwise,2,2,True,0.0,0.0,4,Bl.s,0,,,,
56,Cs_Pc,pairwise,2,2,True,0.0,0.0,5,Col,0,,,,
56,Cs_Pc,pairwise,2,2,True,0.0,0.0,6,Cs,1,1.0,1.0,0.0,0.0
56,Cs_Pc,pairwise,2,2,True,0.0,0.0,7,Et,0,,,,
56,Cs_Pc,pairwise,2,2,True,0.0,0.0,8,Eu.c,0,,,,
56,Cs_Pc,pairwise,2,2,True,0.0,0.0,9,Eu.l,0,,,,
56,Cs_Pc,pairwise,2,2,True,0.0,0.0,10,Im,0,,,,
56,Cs_Pc,pairwise,2,2,True,0.0,0.0,11,Ld,0,,,,
56,Cs_Pc,pairwise,2,2,True,0.0,0.0,12,Lsp,0,,,,
56,Cs_Pc,pairwise,2,2,True,0.0,0.0,13,Mi,0,,,,
56,Cs_Pc,pairwise,2,2,True,0.0,0.0,14,Pc,1,5.583172398263947e-23,0.0,0.0,0.0
56,Cs_Pc,pairwise,2,2,True,0.0,0.0,15,Va,0,,,,
56,Cs_Pc,pairwise,2,2,True,0.0,0.0,16,Vp,0,,,,
57,Cs_Va,pairwise,2,2,True,2.054004652347367,2.708336414414272,1,Af,0,,,,
57,Cs_Va,pairwise,2,2,True,2.054004652347367,2.708336414414272,2,Ao,0,,,,
57,Cs_Va,pairwise,2,2,True,2.054004652347367,2.708336414414272,3,As,0,,,,
57,Cs_Va,pairwise,2,2,True,2.054004652347367,2.708336414414272,4,Bl.s,0,,,,
57,Cs_Va,pairwise,2,2,True,2.054004652347367,2.708336414414272,5,Col,0,,,,
57,Cs_Va,pairwise,2,2,True,2.054004652347367,2.708336414414272,6,Cs,1,0.1925509943457992,0.0136405489586807,3.81926696197099,3.81926696197099
57,Cs_Va,pairwise,2,2,True,2.054004652347367,2.708336414414272,7,Et,0,,,,
57,Cs_Va,pairwise,2,2,True,2.054004652347367,2.708336414414272,8,Eu.c,0,,,,
57,Cs_Va,pairwise,2,2,True,2.054004652347367,2.708336414414272,9,Eu.l,0,,,,
57,Cs_Va,pairwise,2,2,True,2.054004652347367,2.708336414414272,10,Im,0,,,,
57,Cs_Va,pairwise,2,2,True,2.054004652347367,2.708336414414272,11,Ld,0,,,,
57,Cs_Va,pairwise,2,2,True,2.054004652347367,2.708336414414272,12,Lsp,0,,,,
57,Cs_Va,pairwise,2,2,True,2.054004652347367,2.708336414414272,13,Mi,0,,,,
57,Cs_Va,pairwise,2,2,True,2.054004652347367,2.708336414414272,14,Pc,0,,,,
57,Cs_Va,pairwise,2,2,True,2.054004652347367,2.708336414414272,15,Va,1,0.8074490056542007,0.9863594510413192,-0.2887423427237451,0.2887423427237451
57,Cs_Va,pairwise,2,2,True,2.054004652347367,2.708336414414272,16,Vp,0,,,,
58,Cs_Vp,pairwise,2,2,True,0.0,0.0,1,Af,0,,,,
58,Cs_Vp,pairwise,2,2,True,0.0,0.0,2,Ao,0,,,,
58,Cs_Vp,pairwise,2,2,True,0.0,0.0,3,As,0,,,,
58,Cs_Vp,pairwise,2,2,True,0.0,0.0,4,Bl.s,0,,,,
58,Cs_Vp,pairwise,2,2,True,0.0,0.0,5,Col,0,,,,
58,Cs_Vp,pairwise,2,2,True,0.0,0.0,6,Cs,1,1.0,1.0,0.0,0.0
58,Cs_Vp,pairwise,2,2,True,0.0,0.0,7,Et,0,,,,
58,Cs_Vp,pairwise,2,2,True,0.0,0.0,8,Eu.c,0,,,,
58,Cs_Vp,pairwise,2,2,True,0.0,0.0,9,Eu.l,0,,,,
58,Cs_Vp,pairwise,2,2,True,0.0,0.0,10,Im,0,,,,
58,Cs_Vp,pairwise,2,2,True,0.0,0.0,11,Ld,0,,,,
58,Cs_Vp,pairwise,2,2,True,0.0,0.0,12,Lsp,0,,,,
58,Cs_Vp,pairwise,2,2,True,0.0,0.0,13,Mi,0,,,,
58,Cs_Vp,pairwise,2,2,True,0.0,0.0,14,Pc,0,,,,
58,Cs_Vp,pairwise,2,2,True,0.0,0.0,15,Va,0,,,,
58,Cs_Vp,pairwise,2,2,True,0.0,0.0,16,Vp,1,5.583172398263947e-23,0.0,0.0,0.0
59,Et_Eu.c,pairwise,2,2,True,1.4483841362778591,2.039694460054279,1,Af,0,,,,
59,Et_Eu.c,pairwise,2,2,True,1.4483841362778591,2.039694460054279,2,Ao,0,,,,
59,Et_Eu.c,pairwise,2,2,True,1.4483841362778591,2.039694460054279,3,As,0,,,,
59,Et_Eu.c,pairwise,2,2,True,1.4483841362778591,2.039694460054279,4,Bl.s,0,,,,
59,Et_Eu.c,pairwise,2,2,True,1.4483841362778591,2.039694460054279,5,Col,0,,,,
59,Et_Eu.c,pairwise,2,2,True,1.4483841362778591,2.039694460054279,6,Cs,0,,,,
59,Et_Eu.c,pairwise,2,2,True,1.4483841362778591,2.039694460054279,7,Et,1,0.0013204472544441,0.0097510955247609,-2.8845376392693596,2.8845376392693596
59,Et_Eu.c,pairwise,2,2,True,1.4483841362778591,2.039694460054279,8,Eu.c,1,0.998679552745556,0.9902489044752392,0.0122306332863592,0.0122306332863592
59,Et_Eu.c,pairwise,2,2,True,1.4483841362778591,2.039694460054279,9,Eu.l,0,,,,
59,Et_Eu.c,pairwise,2,2,True,1.4483841362778591,2.039694460054279,10,Im,0,,,,
59,Et_Eu.c,pairwise,2,2,True,1.4483841362778591,2.039694460054279,11,Ld,0,,,,
59,Et_Eu.c,pairwise,2,2,True,1.4483841362778591,2.039694460054279,12,Lsp,0,,,,
59,Et_Eu.c,pairwise,2,2,True,1.4483841362778591,2.039694460054279,13,Mi,0,,,,
59,Et_Eu.c,pairwise,2,2,True,1.4483841362778591,2.039694460054279,14,Pc,0,,,,
59,Et_Eu.c,pairwise,2,2,True,1.4483841362778591,2.039694460054279,15,Va,0,,,,
59,Et_Eu.c,pairwise,2,2,True,1.4483841362778591,2.039694460054279,16,Vp,0,,,,
60,Et_Eu.l,pairwise,2,2,True,1.739487930650114,2.4480531837426205,1,Af,0,,,,
60,Et_Eu.l,pairwise,2,2,True,1.739487930650114,2.4480531837426205,2,Ao,0,,,,
60,Et_Eu.l,pairwise,2,2,True,1.739487930650114,2.4480531837426205,3,As,0,,,,
60,Et_Eu.l,pairwise,2,2,True,1.739487930650114,2.4480531837426205,4,Bl.s,0,,,,
60,Et_Eu.l,pairwise,2,2,True,1.739487930650114,2.4480531837426205,5,Col,0,,,,
60,Et_Eu.l,pairwise,2,2,True,1.739487930650114,2.4480531837426205,6,Cs,0,,,,
60,Et_Eu.l,pairwise,2,2,True,1.739487930650114,2.4480531837426205,7,Et,1,0.0011641598661964,0.0128288302213326,-3.462028533815962,3.462028533815962
60,Et_Eu.l,pairwise,2,2,True,1.739487930650114,2.4480531837426205,8,Eu.c,0,,,,
60,Et_Eu.l,pairwise,2,2,True,1.739487930650114,2.4480531837426205,9,Eu.l,1,0.9988358401338036,0.9871711697786674,0.0169473274842657,0.0169473274842657
60,Et_Eu.l,pairwise,2,2,True,1.739487930650114,2.4480531837426205,10,Im,0,,,,
60,Et_Eu.l,pairwise,2,2,True,1.739487930650114,2.4480531837426205,11,Ld,0,,,,
60,Et_Eu.l,pairwise,2,2,True,1.739487930650114,2.4480531837426205,12,Lsp,0,,,,
60,Et_Eu.l,pairwise,2,2,True,1.739487930650114,2.4480531837426205,13,Mi,0,,,,
60,Et_Eu.l,pairwise,2,2,True,1.739487930650114,2.4480531837426205,14,Pc,0,,,,
60,Et_Eu.l,pairwise,2,2,True,1.739487930650114,2.4480531837426205,15,Va,0,,,,
60,Et_Eu.l,pairwise,2,2,True,1.739487930650114,2.4480531837426205,16,Vp,0,,,,
61,Et_Im,pairwise,2,2,True,0.9475200633408214,1.2282294519078605,1,Af,0,,,,
61,Et_Im,pairwise,2,2,True,0.9475200633408214,1.2282294519078605,2,Ao,0,,,,
61,Et_Im,pairwise,2,2,True,0.9475200633408214,1.2282294519078605,3,As,0,,,,
61,Et_Im,pairwise,2,2,True,0.9475200633408214,1.2282294519078605,4,Bl.s,0,,,,
61,Et_Im,pairwise,2,2,True,0.9475200633408214,1.2282294519078605,5,Col,0,,,,
61,Et_Im,pairwise,2,2,True,0.9475200633408214,1.2282294519078605,6,Cs,0,,,,
61,Et_Im,pairwise,2,2,True,0.9475200633408214,1.2282294519078605,7,Et,1,0.0448470327404187,0.1486697965571205,-1.7290271433474511,1.7290271433474511
61,Et_Im,pairwise,2,2,True,0.9475200633408214,1.2282294519078605,8,Eu.c,0,,,,
61,Et_Im,pairwise,2,2,True,0.9475200633408214,1.2282294519078605,9,Eu.l,0,,,,
61,Et_Im,pairwise,2,2,True,0.9475200633408214,1.2282294519078605,10,Im,1,0.9551529672595812,0.8513302034428795,0.1660129833341916,0.1660129833341916
61,Et_Im,pairwise,2,2,True,0.9475200633408214,1.2282294519078605,11,Ld,0,,,,
61,Et_Im,pairwise,2,2,True,0.9475200633408214,1.2282294519078605,12,Lsp,0,,,,
61,Et_Im,pairwise,2,2,True,0.9475200633408214,1.2282294519078605,13,Mi,0,,,,
61,Et_Im,pairwise,2,2,True,0.9475200633408214,1.2282294519078605,14,Pc,0,,,,
61,Et_Im,pairwise,2,2,True,0.9475200633408214,1.2282294519078605,15,Va,0,,,,
61,Et_Im,pairwise,2,2,True,0.9475200633408214,1.2282294519078605,16,Vp,0,,,,
62,Et_Ld,pairwise,2,2,True,5.438789168095283,5.835433088151901,1,Af,0,,,,
62,Et_Ld,pairwise,2,2,True,5.438789168095283,5.835433088151901,2,Ao,0,,,,
62,Et_Ld,pairwise,2,2,True,5.438789168095283,5.835433088151901,3,As,0,,,,
62,Et_Ld,pairwise,2,2,True,5.438789168095283,5.835433088151901,4,Bl.s,0,,,,
62,Et_Ld,pairwise,2,2,True,5.438789168095283,5.835433088151901,5,Col,0,,,,
62,Et_Ld,pairwise,2,2,True,5.438789168095283,5.835433088151901,6,Cs,0,,,,
62,Et_Ld,pairwise,2,2,True,5.438789168095283,5.835433088151901,7,Et,1,0.0047943206126748,0.9006300963676798,-7.553464488636821,7.553464488636821
62,Et_Ld,pairwise,2,2,True,5.438789168095283,5.835433088151901,8,Eu.c,0,,,,
62,Et_Ld,pairwise,2,2,True,5.438789168095283,5.835433088151901,9,Eu.l,0,,,,
62,Et_Ld,pairwise,2,2,True,5.438789168095283,5.835433088151901,10,Im,0,,,,
62,Et_Ld,pairwise,2,2,True,5.438789168095283,5.835433088151901,11,Ld,1,0.9952056793873252,0.0993699036323202,3.324113847553746,3.324113847553746
62,Et_Ld,pairwise,2,2,True,5.438789168095283,5.835433088151901,12,Lsp,0,,,,
62,Et_Ld,pairwise,2,2,True,5.438789168095283,5.835433088151901,13,Mi,0,,,,
62,Et_Ld,pairwise,2,2,True,5.438789168095283,5.835433088151901,14,Pc,0,,,,
62,Et_Ld,pairwise,2,2,True,5.438789168095283,5.835433088151901,15,Va,0,,,,
62,Et_Ld,pairwise,2,2,True,5.438789168095283,5.835433088151901,16,Vp,0,,,,
63,Et_Lsp,pairwise,2,2,True,1.1347268187789654,1.5874757358582052,1,Af,0,,,,
63,Et_Lsp,pairwise,2,2,True,1.1347268187789654,1.5874757358582052,2,Ao,0,,,,
63,Et_Lsp,pairwise,2,2,True,1.1347268187789654,1.5874757358582052,3,As,0,,,,
63,Et_Lsp,pairwise,2,2,True,1.1347268187789654,1.5874757358582052,4,Bl.s,0,,,,
63,Et_Lsp,pairwise,2,2,True,1.1347268187789654,1.5874757358582052,5,Col,0,,,,
63,Et_Lsp,pairwise,2,2,True,1.1347268187789654,1.5874757358582052,6,Cs,0,,,,
63,Et_Lsp,pairwise,2,2,True,1.1347268187789654,1.5874757358582052,7,Et,1,0.0044926374313363,0.0212952244082826,-2.244895390970738,2.244895390970738
63,Et_Lsp,pairwise,2,2,True,1.1347268187789654,1.5874757358582052,8,Eu.c,0,,,,
63,Et_Lsp,pairwise,2,2,True,1.1347268187789654,1.5874757358582052,9,Eu.l,0,,,,
63,Et_Lsp,pairwise,2,2,True,1.1347268187789654,1.5874757358582052,10,Im,0,,,,
63,Et_Lsp,pairwise,2,2,True,1.1347268187789654,1.5874757358582052,11,Ld,0,,,,
63,Et_Lsp,pairwise,2,2,True,1.1347268187789654,1.5874757358582052,12,Lsp,1,0.9955073625686636,0.9787047755917174,0.0245582465871926,0.0245582465871926
63,Et_Lsp,pairwise,2,2,True,1.1347268187789654,1.5874757358582052,13,Mi,0,,,,
63,Et_Lsp,pairwise,2,2,True,1.1347268187789654,1.5874757358582052,14,Pc,0,,,,
63,Et_Lsp,pairwise,2,2,True,1.1347268187789654,1.5874757358582052,15,Va,0,,,,
63,Et_Lsp,pairwise,2,2,True,1.1347268187789654,1.5874757358582052,16,Vp,0,,,,
64,Et_Mi,pairwise,2,2,True,0.6417542108449855,0.9060147163351412,1,Af,0,,,,
64,Et_Mi,pairwise,2,2,True,0.6417542108449855,0.9060147163351412,2,Ao,0,,,,
64,Et_Mi,pairwise,2,2,True,0.6417542108449855,0.9060147163351412,3,As,0,,,,
64,Et_Mi,pairwise,2,2,True,0.6417542108449855,0.9060147163351412,4,Bl.s,0,,,,
64,Et_Mi,pairwise,2,2,True,0.6417542108449855,0.9060147163351412,5,Col,0,,,,
64,Et_Mi,pairwise,2,2,True,0.6417542108449855,0.9060147163351412,6,Cs,0,,,,
64,Et_Mi,pairwise,2,2,True,0.6417542108449855,0.9060147163351412,7,Et,1,0.0008998629494682,0.0024305728742237,-1.2812963901252707,1.2812963901252707
64,Et_Mi,pairwise,2,2,True,0.6417542108449855,0.9060147163351412,8,Eu.c,0,,,,
64,Et_Mi,pairwise,2,2,True,0.6417542108449855,0.9060147163351412,9,Eu.l,0,,,,
64,Et_Mi,pairwise,2,2,True,0.6417542108449855,0.9060147163351412,10,Im,0,,,,
64,Et_Mi,pairwise,2,2,True,0.6417542108449855,0.9060147163351412,11,Ld,0,,,,
64,Et_Mi,pairwise,2,2,True,0.6417542108449855,0.9060147163351412,12,Lsp,0,,,,
64,Et_Mi,pairwise,2,2,True,0.6417542108449855,0.9060147163351412,13,Mi,1,0.9991001370505316,0.9975694271257765,0.0022120315647002,0.0022120315647002
64,Et_Mi,pairwise,2,2,True,0.6417542108449855,0.9060147163351412,14,Pc,0,,,,
64,Et_Mi,pairwise,2,2,True,0.6417542108449855,0.9060147163351412,15,Va,0,,,,
64,Et_Mi,pairwise,2,2,True,0.6417542108449855,0.9060147163351412,16,Vp,0,,,,
65,Et_Va,pairwise,2,2,True,0.6608532993454495,0.9322942882655662,1,Af,0,,,,
65,Et_Va,pairwise,2,2,True,0.6608532993454495,0.9322942882655662,2,Ao,0,,,,
65,Et_Va,pairwise,2,2,True,0.6608532993454495,0.9322942882655662,3,As,0,,,,
65,Et_Va,pairwise,2,2,True,0.6608532993454495,0.9322942882655662,4,Bl.s,0,,,,
65,Et_Va,pairwise,2,2,True,0.6608532993454495,0.9322942882655662,5,Col,0,,,,
65,Et_Va,pairwise,2,2,True,0.6608532993454495,0.9322942882655662,6,Cs,0,,,,
65,Et_Va,pairwise,2,2,True,0.6608532993454495,0.9322942882655662,7,Et,1,0.0037476749999074,0.0015026787541348,1.3184592274489242,1.3184592274489242
65,Et_Va,pairwise,2,2,True,0.6608532993454495,0.9322942882655662,8,Eu.c,0,,,,
65,Et_Va,pairwise,2,2,True,0.6608532993454495,0.9322942882655662,9,Eu.l,0,,,,
65,Et_Va,pairwise,2,2,True,0.6608532993454495,0.9322942882655662,10,Im,0,,,,
65,Et_Va,pairwise,2,2,True,0.6608532993454495,0.9322942882655662,11,Ld,0,,,,
65,Et_Va,pairwise,2,2,True,0.6608532993454495,0.9322942882655662,12,Lsp,0,,,,
65,Et_Va,pairwise,2,2,True,0.6608532993454495,0.9322942882655662,13,Mi,0,,,,
65,Et_Va,pairwise,2,2,True,0.6608532993454495,0.9322942882655662,14,Pc,0,,,,
65,Et_Va,pairwise,2,2,True,0.6608532993454495,0.9322942882655662,15,Va,1,0.9962523250000924,0.9984973212458652,-0.0032473712419748,0.0032473712419748
65,Et_Va,pairwise,2,2,True,0.6608532993454495,0.9322942882655662,16,Vp,0,,,,
66,Et_Vp,pairwise,2,2,True,0.0,0.0,1,Af,0,,,,
66,Et_Vp,pairwise,2,2,True,0.0,0.0,2,Ao,0,,,,
66,Et_Vp,pairwise,2,2,True,0.0,0.0,3,As,0,,,,
66,Et_Vp,pairwise,2,2,True,0.0,0.0,4,Bl.s,0,,,,
66,Et_Vp,pairwise,2,2,True,0.0,0.0,5,Col,0,,,,
66,Et_Vp,pairwise,2,2,True,0.0,0.0,6,Cs,0,,,,
66,Et_Vp,pairwise,2,2,True,0.0,0.0,7,Et,1,1.0,1.0,0.0,0.0
66,Et_Vp,pairwise,2,2,True,0.0,0.0,8,Eu.c,0,,,,
66,Et_Vp,pairwise,2,2,True,0.0,0.0,9,Eu.l,0,,,,
66,Et_Vp,pairwise,2,2,True,0.0,0.0,10,Im,0,,,,
66,Et_Vp,pairwise,2,2,True,0.0,0.0,11,Ld,0,,,,
66,Et_Vp,pairwise,2,2,True,0.0,0.0,12,Lsp,0,,,,
66,Et_Vp,pairwise,2,2,True,0.0,0.0,13,Mi,0,,,,
66,Et_Vp,pairwise,2,2,True,0.0,0.0,14,Pc,0,,,,
66,Et_Vp,pairwise,2,2,True,0.0,0.0,15,Va,0,,,,
66,Et_Vp,pairwise,2,2,True,0.0,0.0,16,Vp,1,3.539314262814886e-21,0.0,0.0,0.0
67,Eu.c_Eu.l,pairwise,2,2,True,0.0,0.0,1,Af,0,,,,
67,Eu.c_Eu.l,pairwise,2,2,True,0.0,0.0,2,Ao,0,,,,
67,Eu.c_Eu.l,pairwise,2,2,True,0.0,0.0,3,As,0,,,,
67,Eu.c_Eu.l,pairwise,2,2,True,0.0,0.0,4,Bl.s,0,,,,
67,Eu.c_Eu.l,pairwise,2,2,True,0.0,0.0,5,Col,0,,,,
67,Eu.c_Eu.l,pairwise,2,2,True,0.0,0.0,6,Cs,0,,,,
67,Eu.c_Eu.l,pairwise,2,2,True,0.0,0.0,7,Et,0,,,,
67,Eu.c_Eu.l,pairwise,2,2,True,0.0,0.0,8,Eu.c,1,1.0,1.0,0.0,0.0
67,Eu.c_Eu.l,pairwise,2,2,True,0.0,0.0,9,Eu.l,1,0.0,0.0,0.0,0.0
67,Eu.c_Eu.l,pairwise,2,2,True,0.0,0.0,10,Im,0,,,,
67,Eu.c_Eu.l,pairwise,2,2,True,0.0,0.0,11,Ld,0,,,,
67,Eu.c_Eu.l,pairwise,2,2,True,0.0,0.0,12,Lsp,0,,,,
67,Eu.c_Eu.l,pairwise,2,2,True,0.0,0.0,13,Mi,0,,,,
67,Eu.c_Eu.l,pairwise,2,2,True,0.0,0.0,14,Pc,0,,,,
67,Eu.c_Eu.l,pairwise,2,2,True,0.0,0.0,15,Va,0,,,,
67,Eu.c_Eu.l,pairwise,2,2,True,0.0,0.0,16,Vp,0,,,,
68,Eu.c_Im,pairwise,2,2,True,2.882483319587348,3.288395154874927,1,Af,0,,,,
68,Eu.c_Im,pairwise,2,2,True,2.882483319587348,3.288395154874927,2,Ao,0,,,,
68,Eu.c_Im,pairwise,2,2,True,2.882483319587348,3.288395154874927,3,As,0,,,,
68,Eu.c_Im,pairwise,2,2,True,2.882483319587348,3.288395154874927,4,Bl.s,0,,,,
68,Eu.c_Im,pairwise,2,2,True,2.882483319587348,3.288395154874927,5,Col,0,,,,
68,Eu.c_Im,pairwise,2,2,True,2.882483319587348,3.288395154874927,6,Cs,0,,,,
68,Eu.c_Im,pairwise,2,2,True,2.882483319587348,3.288395154874927,7,Et,0,,,,
68,Eu.c_Im,pairwise,2,2,True,2.882483319587348,3.288395154874927,8,Eu.c,1,0.9726111768776294,0.3950529810076499,1.299817022825583,1.299817022825583
68,Eu.c_Im,pairwise,2,2,True,2.882483319587348,3.288395154874927,9,Eu.l,0,,,,
68,Eu.c_Im,pairwise,2,2,True,2.882483319587348,3.288395154874927,10,Im,1,0.0273888231223705,0.60494701899235,-4.465149616349112,4.465149616349112
68,Eu.c_Im,pairwise,2,2,True,2.882483319587348,3.288395154874927,11,Ld,0,,,,
68,Eu.c_Im,pairwise,2,2,True,2.882483319587348,3.288395154874927,12,Lsp,0,,,,
68,Eu.c_Im,pairwise,2,2,True,2.882483319587348,3.288395154874927,13,Mi,0,,,,
68,Eu.c_Im,pairwise,2,2,True,2.882483319587348,3.288395154874927,14,Pc,0,,,,
68,Eu.c_Im,pairwise,2,2,True,2.882483319587348,3.288395154874927,15,Va,0,,,,
68,Eu.c_Im,pairwise,2,2,True,2.882483319587348,3.288395154874927,16,Vp,0,,,,
69,Eu.c_Ld,pairwise,2,2,True,2.3372834308399346,3.0780148488738135,1,Af,0,,,,
69,Eu.c_Ld,pairwise,2,2,True,2.3372834308399346,3.0780148488738135,2,Ao,0,,,,
69,Eu.c_Ld,pairwise,2,2,True,2.3372834308399346,3.0780148488738135,3,As,0,,,,
69,Eu.c_Ld,pairwise,2,2,True,2.3372834308399346,3.0780148488738135,4,Bl.s,0,,,,
69,Eu.c_Ld,pairwise,2,2,True,2.3372834308399346,3.0780148488738135,5,Col,0,,,,
69,Eu.c_Ld,pairwise,2,2,True,2.3372834308399346,3.0780148488738135,6,Cs,0,,,,
69,Eu.c_Ld,pairwise,2,2,True,2.3372834308399346,3.0780148488738135,7,Et,0,,,,
69,Eu.c_Ld,pairwise,2,2,True,2.3372834308399346,3.0780148488738135,8,Eu.c,1,0.78464541852576,0.989367062091234,-0.334465023243083,0.334465023243083
69,Eu.c_Ld,pairwise,2,2,True,2.3372834308399346,3.0780148488738135,9,Eu.l,0,,,,
69,Eu.c_Ld,pairwise,2,2,True,2.3372834308399346,3.0780148488738135,10,Im,0,,,,
69,Eu.c_Ld,pairwise,2,2,True,2.3372834308399346,3.0780148488738135,11,Ld,1,0.2153545814742399,0.0106329379087661,4.340101838436786,4.340101838436786
69,Eu.c_Ld,pairwise,2,2,True,2.3372834308399346,3.0780148488738135,12,Lsp,0,,,,
69,Eu.c_Ld,pairwise,2,2,True,2.3372834308399346,3.0780148488738135,13,Mi,0,,,,
69,Eu.c_Ld,pairwise,2,2,True,2.3372834308399346,3.0780148488738135,14,Pc,0,,,,
69,Eu.c_Ld,pairwise,2,2,True,2.3372834308399346,3.0780148488738135,15,Va,0,,,,
69,Eu.c_Ld,pairwise,2,2,True,2.3372834308399346,3.0780148488738135,16,Vp,0,,,,
70,Eu.c_Lsp,pairwise,2,2,True,0.0378046300995245,0.0432534700168057,1,Af,0,,,,
70,Eu.c_Lsp,pairwise,2,2,True,0.0378046300995245,0.0432534700168057,2,Ao,0,,,,
70,Eu.c_Lsp,pairwise,2,2,True,0.0378046300995245,0.0432534700168057,3,As,0,,,,
70,Eu.c_Lsp,pairwise,2,2,True,0.0378046300995245,0.0432534700168057,4,Bl.s,0,,,,
70,Eu.c_Lsp,pairwise,2,2,True,0.0378046300995245,0.0432534700168057,5,Col,0,,,,
70,Eu.c_Lsp,pairwise,2,2,True,0.0378046300995245,0.0432534700168057,6,Cs,0,,,,
70,Eu.c_Lsp,pairwise,2,2,True,0.0378046300995245,0.0432534700168057,7,Et,0,,,,
70,Eu.c_Lsp,pairwise,2,2,True,0.0378046300995245,0.0432534700168057,8,Eu.c,1,0.7734071557260909,0.7824598546861433,-0.0167886216409033,0.0167886216409033
70,Eu.c_Lsp,pairwise,2,2,True,0.0378046300995245,0.0432534700168057,9,Eu.l,0,,,,
70,Eu.c_Lsp,pairwise,2,2,True,0.0378046300995245,0.0432534700168057,10,Im,0,,,,
70,Eu.c_Lsp,pairwise,2,2,True,0.0378046300995245,0.0432534700168057,11,Ld,0,,,,
70,Eu.c_Lsp,pairwise,2,2,True,0.0378046300995245,0.0432534700168057,12,Lsp,1,0.2265928442739091,0.2175401453138567,0.0588206385581456,0.0588206385581456
70,Eu.c_Lsp,pairwise,2,2,True,0.0378046300995245,0.0432534700168057,13,Mi,0,,,,
70,Eu.c_Lsp,pairwise,2,2,True,0.0378046300995245,0.0432534700168057,14,Pc,0,,,,
70,Eu.c_Lsp,pairwise,2,2,True,0.0378046300995245,0.0432534700168057,15,Va,0,,,,
70,Eu.c_Lsp,pairwise,2,2,True,0.0378046300995245,0.0432534700168057,16,Vp,0,,,,
71,Eu.c_Mi,pairwise,2,2,True,9.965407813203017,9.965407820314152,1,Af,0,,,,
71,Eu.c_Mi,pairwise,2,2,True,9.965407813203017,9.965407820314152,2,Ao,0,,,,
71,Eu.c_Mi,pairwise,2,2,True,9.965407813203017,9.965407820314152,3,As,0,,,,
71,Eu.c_Mi,pairwise,2,2,True,9.965407813203017,9.965407820314152,4,Bl.s,0,,,,
71,Eu.c_Mi,pairwise,2,2,True,9.965407813203017,9.965407820314152,5,Col,0,,,,
71,Eu.c_Mi,pairwise,2,2,True,9.965407813203017,9.965407820314152,6,Cs,0,,,,
71,Eu.c_Mi,pairwise,2,2,True,9.965407813203017,9.965407820314152,7,Et,0,,,,
71,Eu.c_Mi,pairwise,2,2,True,9.965407813203017,9.965407820314152,8,Eu.c,1,0.0005217640945812,1.0,-9.965784284662089,9.965784284662089
71,Eu.c_Mi,pairwise,2,2,True,9.965407813203017,9.965407820314152,9,Eu.l,0,,,,
71,Eu.c_Mi,pairwise,2,2,True,9.965407813203017,9.965407820314152,10,Im,0,,,,
71,Eu.c_Mi,pairwise,2,2,True,9.965407813203017,9.965407820314152,11,Ld,0,,,,
71,Eu.c_Mi,pairwise,2,2,True,9.965407813203017,9.965407820314152,12,Lsp,0,,,,
71,Eu.c_Mi,pairwise,2,2,True,9.965407813203017,9.965407820314152,13,Mi,1,0.9994782359054188,0.0,9.965031341743943,9.965031341743943
71,Eu.c_Mi,pairwise,2,2,True,9.965407813203017,9.965407820314152,14,Pc,0,,,,
71,Eu.c_Mi,pairwise,2,2,True,9.965407813203017,9.965407820314152,15,Va,0,,,,
71,Eu.c_Mi,pairwise,2,2,True,9.965407813203017,9.965407820314152,16,Vp,0,,,,
72,Eu.c_Pc,pairwise,2,2,True,0.0,0.0,1,Af,0,,,,
72,Eu.c_Pc,pairwise,2,2,True,0.0,0.0,2,Ao,0,,,,
72,Eu.c_Pc,pairwise,2,2,True,0.0,0.0,3,As,0,,,,
72,Eu.c_Pc,pairwise,2,2,True,0.0,0.0,4,Bl.s,0,,,,
72,Eu.c_Pc,pairwise,2,2,True,0.0,0.0,5,Col,0,,,,
72,Eu.c_Pc,pairwise,2,2,True,0.0,0.0,6,Cs,0,,,,
72,Eu.c_Pc,pairwise,2,2,True,0.0,0.0,7,Et,0,,,,
72,Eu.c_Pc,pairwise,2,2,True,0.0,0.0,8,Eu.c,1,1.0,1.0,0.0,0.0
72,Eu.c_Pc,pairwise,2,2,True,0.0,0.0,9,Eu.l,0,,,,
72,Eu.c_Pc,pairwise,2,2,True,0.0,0.0,10,Im,0,,,,
72,Eu.c_Pc,pairwise,2,2,True,0.0,0.0,11,Ld,0,,,,
72,Eu.c_Pc,pairwise,2,2,True,0.0,0.0,12,Lsp,0,,,,
72,Eu.c_Pc,pairwise,2,2,True,0.0,0.0,13,Mi,0,,,,
72,Eu.c_Pc,pairwise,2,2,True,0.0,0.0,14,Pc,1,4.6796570412408025e-24,0.0,0.0,0.0
72,Eu.c_Pc,pairwise,2,2,True,0.0,0.0,15,Va,0,,,,
72,Eu.c_Pc,pairwise,2,2,True,0.0,0.0,16,Vp,0,,,,
73,Eu.c_Va,pairwise,2,2,True,2.739270442660716,2.8788357938827787,1,Af,0,,,,
73,Eu.c_Va,pairwise,2,2,True,2.739270442660716,2.8788357938827787,2,Ao,0,,,,
73,Eu.c_Va,pairwise,2,2,True,2.739270442660716,2.8788357938827787,3,As,0,,,,
73,Eu.c_Va,pairwise,2,2,True,2.739270442660716,2.8788357938827787,4,Bl.s,0,,,,
73,Eu.c_Va,pairwise,2,2,True,2.739270442660716,2.8788357938827787,5,Col,0,,,,
73,Eu.c_Va,pairwise,2,2,True,2.739270442660716,2.8788357938827787,6,Cs,0,,,,
73,Eu.c_Va,pairwise,2,2,True,2.739270442660716,2.8788357938827787,7,Et,0,,,,
73,Eu.c_Va,pairwise,2,2,True,2.739270442660716,2.8788357938827787,8,Eu.c,1,0.7399288017296439,0.0599830077745088,3.624760685467521,3.624760685467521
73,Eu.c_Va,pairwise,2,2,True,2.739270442660716,2.8788357938827787,9,Eu.l,0,,,,
73,Eu.c_Va,pairwise,2,2,True,2.739270442660716,2.8788357938827787,10,Im,0,,,,
73,Eu.c_Va,pairwise,2,2,True,2.739270442660716,2.8788357938827787,11,Ld,0,,,,
73,Eu.c_Va,pairwise,2,2,True,2.739270442660716,2.8788357938827787,12,Lsp,0,,,,
73,Eu.c_Va,pairwise,2,2,True,2.739270442660716,2.8788357938827787,13,Mi,0,,,,
73,Eu.c_Va,pairwise,2,2,True,2.739270442660716,2.8788357938827787,14,Pc,0,,,,
73,Eu.c_Va,pairwise,2,2,True,2.739270442660716,2.8788357938827787,15,Va,1,0.260071198270356,0.9400169922254912,-1.8537801998539107,1.8537801998539107
73,Eu.c_Va,pairwise,2,2,True,2.739270442660716,2.8788357938827787,16,Vp,0,,,,
74,Eu.c_Vp,pairwise,2,2,True,0.0,0.0,1,Af,0,,,,
74,Eu.c_Vp,pairwise,2,2,True,0.0,0.0,2,Ao,0,,,,
74,Eu.c_Vp,pairwise,2,2,True,0.0,0.0,3,As,0,,,,
74,Eu.c_Vp,pairwise,2,2,True,0.0,0.0,4,Bl.s,0,,,,
74,Eu.c_Vp,pairwise,2,2,True,0.0,0.0,5,Col,0,,,,
74,Eu.c_Vp,pairwise,2,2,True,0.0,0.0,6,Cs,0,,,,
74,Eu.c_Vp,pairwise,2,2,True,0.0,0.0,7,Et,0,,,,
74,Eu.c_Vp,pairwise,2,2,True,0.0,0.0,8,Eu.c,1,1.0,1.0,0.0,0.0
74,Eu.c_Vp,pairwise,2,2,True,0.0,0.0,9,Eu.l,0,,,,
74,Eu.c_Vp,pairwise,2,2,True,0.0,0.0,10,Im,0,,,,
74,Eu.c_Vp,pairwise,2,2,True,0.0,0.0,11,Ld,0,,,,
74,Eu.c_Vp,pairwise,2,2,True,0.0,0.0,12,Lsp,0,,,,
74,Eu.c_Vp,pairwise,2,2,True,0.0,0.0,13,Mi,0,,,,
74,Eu.c_Vp,pairwise,2,2,True,0.0,0.0,14,Pc,0,,,,
74,Eu.c_Vp,pairwise,2,2,True,0.0,0.0,15,Va,0,,,,
74,Eu.c_Vp,pairwise,2,2,True,0.0,0.0,16,Vp,1,4.6796570412408025e-24,0.0,0.0,0.0
75,Eu.l_Im,pairwise,2,2,True,2.677056512888269,3.171979054838044,1,Af,0,,,,
75,Eu.l_Im,pairwise,2,2,True,2.677056512888269,3.171979054838044,2,Ao,0,,,,
75,Eu.l_Im,pairwise,2,2,True,2.677056512888269,3.171979054838044,3,As,0,,,,
75,Eu.l_Im,pairwise,2,2,True,2.677056512888269,3.171979054838044,4,Bl.s,0,,,,
75,Eu.l_Im,pairwise,2,2,True,2.677056512888269,3.171979054838044,5,Col,0,,,,
75,Eu.l_Im,pairwise,2,2,True,2.677056512888269,3.171979054838044,6,Cs,0,,,,
75,Eu.l_Im,pairwise,2,2,True,2.677056512888269,3.171979054838044,7,Et,0,,,,
75,Eu.l_Im,pairwise,2,2,True,2.677056512888269,3.171979054838044,8,Eu.c,0,,,,
75,Eu.l_Im,pairwise,2,2,True,2.677056512888269,3.171979054838044,9,Eu.l,1,0.9757780683637138,0.4961971569931935,0.9756395883416276,0.9756395883416276
75,Eu.l_Im,pairwise,2,2,True,2.677056512888269,3.171979054838044,10,Im,1,0.0242219316362861,0.5038028430068064,-4.37847343743491,4.37847343743491
75,Eu.l_Im,pairwise,2,2,True,2.677056512888269,3.171979054838044,11,Ld,0,,,,
75,Eu.l_Im,pairwise,2,2,True,2.677056512888269,3.171979054838044,12,Lsp,0,,,,
75,Eu.l_Im,pairwise,2,2,True,2.677056512888269,3.171979054838044,13,Mi,0,,,,
75,Eu.l_Im,pairwise,2,2,True,2.677056512888269,3.171979054838044,14,Pc,0,,,,
75,Eu.l_Im,pairwise,2,2,True,2.677056512888269,3.171979054838044,15,Va,0,,,,
75,Eu.l_Im,pairwise,2,2,True,2.677056512888269,3.171979054838044,16,Vp,0,,,,
76,Eu.l_Ld,pairwise,2,2,True,0.163650434036722,0.1946805080635781,1,Af,0,,,,
76,Eu.l_Ld,pairwise,2,2,True,0.163650434036722,0.1946805080635781,2,Ao,0,,,,
76,Eu.l_Ld,pairwise,2,2,True,0.163650434036722,0.1946805080635781,3,As,0,,,,
76,Eu.l_Ld,pairwise,2,2,True,0.163650434036722,0.1946805080635781,4,Bl.s,0,,,,
76,Eu.l_Ld,pairwise,2,2,True,0.163650434036722,0.1946805080635781,5,Col,0,,,,
76,Eu.l_Ld,pairwise,2,2,True,0.163650434036722,0.1946805080635781,6,Cs,0,,,,
76,Eu.l_Ld,pairwise,2,2,True,0.163650434036722,0.1946805080635781,7,Et,0,,,,
76,Eu.l_Ld,pairwise,2,2,True,0.163650434036722,0.1946805080635781,8,Eu.c,0,,,,
76,Eu.l_Ld,pairwise,2,2,True,0.163650434036722,0.1946805080635781,9,Eu.l,1,0.8051931045507451,0.8383417122288543,-0.0582035959642345,0.0582035959642345
76,Eu.l_Ld,pairwise,2,2,True,0.163650434036722,0.1946805080635781,10,Im,0,,,,
76,Eu.l_Ld,pairwise,2,2,True,0.163650434036722,0.1946805080635781,11,Ld,1,0.1948068954492547,0.1616582877711457,0.2690972721092095,0.2690972721092095
76,Eu.l_Ld,pairwise,2,2,True,0.163650434036722,0.1946805080635781,12,Lsp,0,,,,
76,Eu.l_Ld,pairwise,2,2,True,0.163650434036722,0.1946805080635781,13,Mi,0,,,,
76,Eu.l_Ld,pairwise,2,2,True,0.163650434036722,0.1946805080635781,14,Pc,0,,,,
76,Eu.l_Ld,pairwise,2,2,True,0.163650434036722,0.1946805080635781,15,Va,0,,,,
76,Eu.l_Ld,pairwise,2,2,True,0.163650434036722,0.1946805080635781,16,Vp,0,,,,
77,Eu.l_Lsp,pairwise,2,2,True,0.1024527893282621,0.12011750998418,1,Af,0,,,,
77,Eu.l_Lsp,pairwise,2,2,True,0.1024527893282621,0.12011750998418,2,Ao,0,,,,
77,Eu.l_Lsp,pairwise,2,2,True,0.1024527893282621,0.12011750998418,3,As,0,,,,
77,Eu.l_Lsp,pairwise,2,2,True,0.1024527893282621,0.12011750998418,4,Bl.s,0,,,,
77,Eu.l_Lsp,pairwise,2,2,True,0.1024527893282621,0.12011750998418,5,Col,0,,,,
77,Eu.l_Lsp,pairwise,2,2,True,0.1024527893282621,0.12011750998418,6,Cs,0,,,,
77,Eu.l_Lsp,pairwise,2,2,True,0.1024527893282621,0.12011750998418,7,Et,0,,,,
77,Eu.l_Lsp,pairwise,2,2,True,0.1024527893282621,0.12011750998418,8,Eu.c,0,,,,
77,Eu.l_Lsp,pairwise,2,2,True,0.1024527893282621,0.12011750998418,9,Eu.l,1,0.7947466263934875,0.8169484059237473,-0.0397499810685172,0.0397499810685172
77,Eu.l_Lsp,pairwise,2,2,True,0.1024527893282621,0.12011750998418,10,Im,0,,,,
77,Eu.l_Lsp,pairwise,2,2,True,0.1024527893282621,0.12011750998418,11,Ld,0,,,,
77,Eu.l_Lsp,pairwise,2,2,True,0.1024527893282621,0.12011750998418,12,Lsp,1,0.2052533736065126,0.1830515940762527,0.165155597588007,0.165155597588007
77,Eu.l_Lsp,pairwise,2,2,True,0.1024527893282621,0.12011750998418,13,Mi,0,,,,
77,Eu.l_Lsp,pairwise,2,2,True,0.1024527893282621,0.12011750998418,14,Pc,0,,,,
77,Eu.l_Lsp,pairwise,2,2,True,0.1024527893282621,0.12011750998418,15,Va,0,,,,
77,Eu.l_Lsp,pairwise,2,2,True,0.1024527893282621,0.12011750998418,16,Vp,0,,,,
78,Eu.l_Mi,pairwise,2,2,True,6.736468731018719,7.418747939706226,1,Af,0,,,,
78,Eu.l_Mi,pairwise,2,2,True,6.736468731018719,7.418747939706226,2,Ao,0,,,,
78,Eu.l_Mi,pairwise,2,2,True,6.736468731018719,7.418747939706226,3,As,0,,,,
78,Eu.l_Mi,pairwise,2,2,True,6.736468731018719,7.418747939706226,4,Bl.s,0,,,,
78,Eu.l_Mi,pairwise,2,2,True,6.736468731018719,7.418747939706226,5,Col,0,,,,
78,Eu.l_Mi,pairwise,2,2,True,6.736468731018719,7.418747939706226,6,Cs,0,,,,
78,Eu.l_Mi,pairwise,2,2,True,6.736468731018719,7.418747939706226,7,Et,0,,,,
78,Eu.l_Mi,pairwise,2,2,True,6.736468731018719,7.418747939706226,8,Eu.c,0,,,,
78,Eu.l_Mi,pairwise,2,2,True,6.736468731018719,7.418747939706226,9,Eu.l,1,0.0808411131137558,1.0,-3.628767003229768,3.628767003229768
78,Eu.l_Mi,pairwise,2,2,True,6.736468731018719,7.418747939706226,10,Im,0,,,,
78,Eu.l_Mi,pairwise,2,2,True,6.736468731018719,7.418747939706226,11,Ld,0,,,,
78,Eu.l_Mi,pairwise,2,2,True,6.736468731018719,7.418747939706226,12,Lsp,0,,,,
78,Eu.l_Mi,pairwise,2,2,True,6.736468731018719,7.418747939706226,13,Mi,1,0.919158886886244,0.0,9.84417045880767,9.84417045880767
78,Eu.l_Mi,pairwise,2,2,True,6.736468731018719,7.418747939706226,14,Pc,0,,,,
78,Eu.l_Mi,pairwise,2,2,True,6.736468731018719,7.418747939706226,15,Va,0,,,,
78,Eu.l_Mi,pairwise,2,2,True,6.736468731018719,7.418747939706226,16,Vp,0,,,,
79,Eu.l_Pc,pairwise,2,2,True,0.0,0.0,1,Af,0,,,,
79,Eu.l_Pc,pairwise,2,2,True,0.0,0.0,2,Ao,0,,,,
79,Eu.l_Pc,pairwise,2,2,True,0.0,0.0,3,As,0,,,,
79,Eu.l_Pc,pairwise,2,2,True,0.0,0.0,4,Bl.s,0,,,,
79,Eu.l_Pc,pairwise,2,2,True,0.0,0.0,5,Col,0,,,,
79,Eu.l_Pc,pairwise,2,2,True,0.0,0.0,6,Cs,0,,,,
79,Eu.l_Pc,pairwise,2,2,True,0.0,0.0,7,Et,0,,,,
79,Eu.l_Pc,pairwise,2,2,True,0.0,0.0,8,Eu.c,0,,,,
79,Eu.l_Pc,pairwise,2,2,True,0.0,0.0,9,Eu.l,1,1.0,1.0,0.0,0.0
79,Eu.l_Pc,pairwise,2,2,True,0.0,0.0,10,Im,0,,,,
79,Eu.l_Pc,pairwise,2,2,True,0.0,0.0,11,Ld,0,,,,
79,Eu.l_Pc,pairwise,2,2,True,0.0,0.0,12,Lsp,0,,,,
79,Eu.l_Pc,pairwise,2,2,True,0.0,0.0,13,Mi,0,,,,
79,Eu.l_Pc,pairwise,2,2,True,0.0,0.0,14,Pc,1,4.125129929332329e-24,0.0,0.0,0.0
79,Eu.l_Pc,pairwise,2,2,True,0.0,0.0,15,Va,0,,,,
79,Eu.l_Pc,pairwise,2,2,True,0.0,0.0,16,Vp,0,,,,
80,Eu.l_Va,pairwise,2,2,True,2.7098877354603386,2.807778311637272,1,Af,0,,,,
80,Eu.l_Va,pairwise,2,2,True,2.7098877354603386,2.807778311637272,2,Ao,0,,,,
80,Eu.l_Va,pairwise,2,2,True,2.7098877354603386,2.807778311637272,3,As,0,,,,
80,Eu.l_Va,pairwise,2,2,True,2.7098877354603386,2.807778311637272,4,Bl.s,0,,,,
80,Eu.l_Va,pairwise,2,2,True,2.7098877354603386,2.807778311637272,5,Col,0,,,,
80,Eu.l_Va,pairwise,2,2,True,2.7098877354603386,2.807778311637272,6,Cs,0,,,,
80,Eu.l_Va,pairwise,2,2,True,2.7098877354603386,2.807778311637272,7,Et,0,,,,
80,Eu.l_Va,pairwise,2,2,True,2.7098877354603386,2.807778311637272,8,Eu.c,0,,,,
80,Eu.l_Va,pairwise,2,2,True,2.7098877354603386,2.807778311637272,9,Eu.l,1,0.7634568282410492,0.0701116049926548,3.4448214117211875,3.4448214117211875
80,Eu.l_Va,pairwise,2,2,True,2.7098877354603386,2.807778311637272,10,Im,0,,,,
80,Eu.l_Va,pairwise,2,2,True,2.7098877354603386,2.807778311637272,11,Ld,0,,,,
80,Eu.l_Va,pairwise,2,2,True,2.7098877354603386,2.807778311637272,12,Lsp,0,,,,
80,Eu.l_Va,pairwise,2,2,True,2.7098877354603386,2.807778311637272,13,Mi,0,,,,
80,Eu.l_Va,pairwise,2,2,True,2.7098877354603386,2.807778311637272,14,Pc,0,,,,
80,Eu.l_Va,pairwise,2,2,True,2.7098877354603386,2.807778311637272,15,Va,1,0.2365431717589508,0.9298883950073452,-1.9749540591994896,1.9749540591994896
80,Eu.l_Va,pairwise,2,2,True,2.7098877354603386,2.807778311637272,16,Vp,0,,,,
81,Eu.l_Vp,pairwise,2,2,True,0.0,0.0,1,Af,0,,,,
81,Eu.l_Vp,pairwise,2,2,True,0.0,0.0,2,Ao,0,,,,
81,Eu.l_Vp,pairwise,2,2,True,0.0,0.0,3,As,0,,,,
81,Eu.l_Vp,pairwise,2,2,True,0.0,0.0,4,Bl.s,0,,,,
81,Eu.l_Vp,pairwise,2,2,True,0.0,0.0,5,Col,0,,,,
81,Eu.l_Vp,pairwise,2,2,True,0.0,0.0,6,Cs,0,,,,
81,Eu.l_Vp,pairwise,2,2,True,0.0,0.0,7,Et,0,,,,
81,Eu.l_Vp,pairwise,2,2,True,0.0,0.0,8,Eu.c,0,,,,
81,Eu.l_Vp,pairwise,2,2,True,0.0,0.0,9,Eu.l,1,1.0,1.0,0.0,0.0
81,Eu.l_Vp,pairwise,2,2,True,0.0,0.0,10,Im,0,,,,
81,Eu.l_Vp,pairwise,2,2,True,0.0,0.0,11,Ld,0,,,,
81,Eu.l_Vp,pairwise,2,2,True,0.0,0.0,12,Lsp,0,,,,
81,Eu.l_Vp,pairwise,2,2,True,0.0,0.0,13,Mi,0,,,,
81,Eu.l_Vp,pairwise,2,2,True,0.0,0.0,14,Pc,0,,,,
81,Eu.l_Vp,pairwise,2,2,True,0.0,0.0,15,Va,0,,,,
81,Eu.l_Vp,pairwise,2,2,True,0.0,0.0,16,Vp,1,4.125129929332329e-24,0.0,0.0,0.0
82,Im_Ld,pairwise,2,2,True,1.269775638418514,1.715890597892148,1,Af,0,,,,
82,Im_Ld,pairwise,2,2,True,1.269775638418514,1.715890597892148,2,Ao,0,,,,
82,Im_Ld,pairwise,2,2,True,1.269775638418514,1.715890597892148,3,As,0,,,,
82,Im_Ld,pairwise,2,2,True,1.269775638418514,1.715890597892148,4,Bl.s,0,,,,
82,Im_Ld,pairwise,2,2,True,1.269775638418514,1.715890597892148,5,Col,0,,,,
82,Im_Ld,pairwise,2,2,True,1.269775638418514,1.715890597892148,6,Cs,0,,,,
82,Im_Ld,pairwise,2,2,True,1.269775638418514,1.715890597892148,7,Et,0,,,,
82,Im_Ld,pairwise,2,2,True,1.269775638418514,1.715890597892148,8,Eu.c,0,,,,
82,Im_Ld,pairwise,2,2,True,1.269775638418514,1.715890597892148,9,Eu.l,0,,,,
82,Im_Ld,pairwise,2,2,True,1.269775638418514,1.715890597892148,10,Im,1,0.0930539662966498,0.0173410404624277,2.423877181617174,2.423877181617174
82,Im_Ld,pairwise,2,2,True,1.269775638418514,1.715890597892148,11,Ld,1,0.90694603370335,0.9826589595375724,-0.1156740952198538,0.1156740952198538
82,Im_Ld,pairwise,2,2,True,1.269775638418514,1.715890597892148,12,Lsp,0,,,,
82,Im_Ld,pairwise,2,2,True,1.269775638418514,1.715890597892148,13,Mi,0,,,,
82,Im_Ld,pairwise,2,2,True,1.269775638418514,1.715890597892148,14,Pc,0,,,,
82,Im_Ld,pairwise,2,2,True,1.269775638418514,1.715890597892148,15,Va,0,,,,
82,Im_Ld,pairwise,2,2,True,1.269775638418514,1.715890597892148,16,Vp,0,,,,
83,Im_Lsp,pairwise,2,2,True,0.3433846881513653,0.4357405681801145,1,Af,0,,,,
83,Im_Lsp,pairwise,2,2,True,0.3433846881513653,0.4357405681801145,2,Ao,0,,,,
83,Im_Lsp,pairwise,2,2,True,0.3433846881513653,0.4357405681801145,3,As,0,,,,
83,Im_Lsp,pairwise,2,2,True,0.3433846881513653,0.4357405681801145,4,Bl.s,0,,,,
83,Im_Lsp,pairwise,2,2,True,0.3433846881513653,0.4357405681801145,5,Col,0,,,,
83,Im_Lsp,pairwise,2,2,True,0.3433846881513653,0.4357405681801145,6,Cs,0,,,,
83,Im_Lsp,pairwise,2,2,True,0.3433846881513653,0.4357405681801145,7,Et,0,,,,
83,Im_Lsp,pairwise,2,2,True,0.3433846881513653,0.4357405681801145,8,Eu.c,0,,,,
83,Im_Lsp,pairwise,2,2,True,0.3433846881513653,0.4357405681801145,9,Eu.l,0,,,,
83,Im_Lsp,pairwise,2,2,True,0.3433846881513653,0.4357405681801145,10,Im,1,0.0876878771375282,0.1339859422137903,-0.6116323325047102,0.6116323325047102
83,Im_Lsp,pairwise,2,2,True,0.3433846881513653,0.4357405681801145,11,Ld,0,,,,
83,Im_Lsp,pairwise,2,2,True,0.3433846881513653,0.4357405681801145,12,Lsp,1,0.912312122862472,0.8660140577862097,0.0751370437980204,0.0751370437980204
83,Im_Lsp,pairwise,2,2,True,0.3433846881513653,0.4357405681801145,13,Mi,0,,,,
83,Im_Lsp,pairwise,2,2,True,0.3433846881513653,0.4357405681801145,14,Pc,0,,,,
83,Im_Lsp,pairwise,2,2,True,0.3433846881513653,0.4357405681801145,15,Va,0,,,,
83,Im_Lsp,pairwise,2,2,True,0.3433846881513653,0.4357405681801145,16,Vp,0,,,,
84,Im_Mi,pairwise,2,2,True,0.7086575008675842,0.9711192000552268,1,Af,0,,,,
84,Im_Mi,pairwise,2,2,True,0.7086575008675842,0.9711192000552268,2,Ao,0,,,,
84,Im_Mi,pairwise,2,2,True,0.7086575008675842,0.9711192000552268,3,As,0,,,,
84,Im_Mi,pairwise,2,2,True,0.7086575008675842,0.9711192000552268,4,Bl.s,0,,,,
84,Im_Mi,pairwise,2,2,True,0.7086575008675842,0.9711192000552268,5,Col,0,,,,
84,Im_Mi,pairwise,2,2,True,0.7086575008675842,0.9711192000552268,6,Cs,0,,,,
84,Im_Mi,pairwise,2,2,True,0.7086575008675842,0.9711192000552268,7,Et,0,,,,
84,Im_Mi,pairwise,2,2,True,0.7086575008675842,0.9711192000552268,8,Eu.c,0,,,,
84,Im_Mi,pairwise,2,2,True,0.7086575008675842,0.9711192000552268,9,Eu.l,0,,,,
84,Im_Mi,pairwise,2,2,True,0.7086575008675842,0.9711192000552268,10,Im,1,0.0188215152604598,0.0487372891630213,-1.372643229012409,1.372643229012409
84,Im_Mi,pairwise,2,2,True,0.7086575008675842,0.9711192000552268,11,Ld,0,,,,
84,Im_Mi,pairwise,2,2,True,0.7086575008675842,0.9711192000552268,12,Lsp,0,,,,
84,Im_Mi,pairwise,2,2,True,0.7086575008675842,0.9711192000552268,13,Mi,1,0.9811784847395404,0.9512627108369788,0.0446717727227592,0.0446717727227592
84,Im_Mi,pairwise,2,2,True,0.7086575008675842,0.9711192000552268,14,Pc,0,,,,
84,Im_Mi,pairwise,2,2,True,0.7086575008675842,0.9711192000552268,15,Va,0,,,,
84,Im_Mi,pairwise,2,2,True,0.7086575008675842,0.9711192000552268,16,Vp,0,,,,
85,Im_Pc,pairwise,2,2,True,0.0,0.0,1,Af,0,,,,
85,Im_Pc,pairwise,2,2,True,0.0,0.0,2,Ao,0,,,,
85,Im_Pc,pairwise,2,2,True,0.0,0.0,3,As,0,,,,
85,Im_Pc,pairwise,2,2,True,0.0,0.0,4,Bl.s,0,,,,
85,Im_Pc,pairwise,2,2,True,0.0,0.0,5,Col,0,,,,
85,Im_Pc,pairwise,2,2,True,0.0,0.0,6,Cs,0,,,,
85,Im_Pc,pairwise,2,2,True,0.0,0.0,7,Et,0,,,,
85,Im_Pc,pairwise,2,2,True,0.0,0.0,8,Eu.c,0,,,,
85,Im_Pc,pairwise,2,2,True,0.0,0.0,9,Eu.l,0,,,,
85,Im_Pc,pairwise,2,2,True,0.0,0.0,10,Im,1,1.0,1.0,0.0,0.0
85,Im_Pc,pairwise,2,2,True,0.0,0.0,11,Ld,0,,,,
85,Im_Pc,pairwise,2,2,True,0.0,0.0,12,Lsp,0,,,,
85,Im_Pc,pairwise,2,2,True,0.0,0.0,13,Mi,0,,,,
85,Im_Pc,pairwise,2,2,True,0.0,0.0,14,Pc,1,1.661804423625403e-22,0.0,0.0,0.0
85,Im_Pc,pairwise,2,2,True,0.0,0.0,15,Va,0,,,,
85,Im_Pc,pairwise,2,2,True,0.0,0.0,16,Vp,0,,,,
86,Im_Va,pairwise,2,2,True,0.4064783957382317,0.5427298903974651,1,Af,0,,,,
86,Im_Va,pairwise,2,2,True,0.4064783957382317,0.5427298903974651,2,Ao,0,,,,
86,Im_Va,pairwise,2,2,True,0.4064783957382317,0.5427298903974651,3,As,0,,,,
86,Im_Va,pairwise,2,2,True,0.4064783957382317,0.5427298903974651,4,Bl.s,0,,,,
86,Im_Va,pairwise,2,2,True,0.4064783957382317,0.5427298903974651,5,Col,0,,,,
86,Im_Va,pairwise,2,2,True,0.4064783957382317,0.5427298903974651,6,Cs,0,,,,
86,Im_Va,pairwise,2,2,True,0.4064783957382317,0.5427298903974651,7,Et,0,,,,
86,Im_Va,pairwise,2,2,True,0.4064783957382317,0.5427298903974651,8,Eu.c,0,,,,
86,Im_Va,pairwise,2,2,True,0.4064783957382317,0.5427298903974651,9,Eu.l,0,,,,
86,Im_Va,pairwise,2,2,True,0.4064783957382317,0.5427298903974651,10,Im,1,0.0741754962101706,0.0436154119472126,0.7661046569163024,0.7661046569163024
86,Im_Va,pairwise,2,2,True,0.4064783957382317,0.5427298903974651,11,Ld,0,,,,
86,Im_Va,pairwise,2,2,True,0.4064783957382317,0.5427298903974651,12,Lsp,0,,,,
86,Im_Va,pairwise,2,2,True,0.4064783957382317,0.5427298903974651,13,Mi,0,,,,
86,Im_Va,pairwise,2,2,True,0.4064783957382317,0.5427298903974651,14,Pc,0,,,,
86,Im_Va,pairwise,2,2,True,0.4064783957382317,0.5427298903974651,15,Va,1,0.9258245037898294,0.9563845880527874,-0.0468521345601609,0.0468521345601609
86,Im_Va,pairwise,2,2,True,0.4064783957382317,0.5427298903974651,16,Vp,0,,,,
87,Im_Vp,pairwise,2,2,True,0.0,0.0,1,Af,0,,,,
87,Im_Vp,pairwise,2,2,True,0.0,0.0,2,Ao,0,,,,
87,Im_Vp,pairwise,2,2,True,0.0,0.0,3,As,0,,,,
87,Im_Vp,pairwise,2,2,True,0.0,0.0,4,Bl.s,0,,,,
87,Im_Vp,pairwise,2,2,True,0.0,0.0,5,Col,0,,,,
87,Im_Vp,pairwise,2,2,True,0.0,0.0,6,Cs,0,,,,
87,Im_Vp,pairwise,2,2,True,0.0,0.0,7,Et,0,,,,
87,Im_Vp,pairwise,2,2,True,0.0,0.0,8,Eu.c,0,,,,
87,Im_Vp,pairwise,2,2,True,0.0,0.0,9,Eu.l,0,,,,
87,Im_Vp,pairwise,2,2,True,0.0,0.0,10,Im,1,1.0,1.0,0.0,0.0
87,Im_Vp,pairwise,2,2,True,0.0,0.0,11,Ld,0,,,,
87,Im_Vp,pairwise,2,2,True,0.0,0.0,12,Lsp,0,,,,
87,Im_Vp,pairwise,2,2,True,0.0,0.0,13,Mi,0,,,,
87,Im_Vp,pairwise,2,2,True,0.0,0.0,14,Pc,0,,,,
87,Im_Vp,pairwise,2,2,True,0.0,0.0,15,Va,0,,,,
87,Im_Vp,pairwise,2,2,True,0.0,0.0,16,Vp,1,1.661804423625403e-22,0.0,0.0,0.0
88,Ld_Lsp,pairwise,2,2,True,1.4350305876816374,1.5775721275727506,1,Af,0,,,,
88,Ld_Lsp,pairwise,2,2,True,1.4350305876816374,1.5775721275727506,2,Ao,0,,,,
88,Ld_Lsp,pairwise,2,2,True,1.4350305876816374,1.5775721275727506,3,As,0,,,,
88,Ld_Lsp,pairwise,2,2,True,1.4350305876816374,1.5775721275727506,4,Bl.s,0,,,,
88,Ld_Lsp,pairwise,2,2,True,1.4350305876816374,1.5775721275727506,5,Col,0,,,,
88,Ld_Lsp,pairwise,2,2,True,1.4350305876816374,1.5775721275727506,6,Cs,0,,,,
88,Ld_Lsp,pairwise,2,2,True,1.4350305876816374,1.5775721275727506,7,Et,0,,,,
88,Ld_Lsp,pairwise,2,2,True,1.4350305876816374,1.5775721275727506,8,Eu.c,0,,,,
88,Ld_Lsp,pairwise,2,2,True,1.4350305876816374,1.5775721275727506,9,Eu.l,0,,,,
88,Ld_Lsp,pairwise,2,2,True,1.4350305876816374,1.5775721275727506,10,Im,0,,,,
88,Ld_Lsp,pairwise,2,2,True,1.4350305876816374,1.5775721275727506,11,Ld,1,0.483682004238639,0.1135813552508565,2.0903328310110108,2.0903328310110108
88,Ld_Lsp,pairwise,2,2,True,1.4350305876816374,1.5775721275727506,12,Lsp,1,0.516317995761361,0.8864186447491434,-0.779728344352264,0.779728344352264
88,Ld_Lsp,pairwise,2,2,True,1.4350305876816374,1.5775721275727506,13,Mi,0,,,,
88,Ld_Lsp,pairwise,2,2,True,1.4350305876816374,1.5775721275727506,14,Pc,0,,,,
88,Ld_Lsp,pairwise,2,2,True,1.4350305876816374,1.5775721275727506,15,Va,0,,,,
88,Ld_Lsp,pairwise,2,2,True,1.4350305876816374,1.5775721275727506,16,Vp,0,,,,
89,Ld_Mi,pairwise,2,2,True,1.632793213515976,2.1594961543925444,1,Af,0,,,,
89,Ld_Mi,pairwise,2,2,True,1.632793213515976,2.1594961543925444,2,Ao,0,,,,
89,Ld_Mi,pairwise,2,2,True,1.632793213515976,2.1594961543925444,3,As,0,,,,
89,Ld_Mi,pairwise,2,2,True,1.632793213515976,2.1594961543925444,4,Bl.s,0,,,,
89,Ld_Mi,pairwise,2,2,True,1.632793213515976,2.1594961543925444,5,Col,0,,,,
89,Ld_Mi,pairwise,2,2,True,1.632793213515976,2.1594961543925444,6,Cs,0,,,,
89,Ld_Mi,pairwise,2,2,True,1.632793213515976,2.1594961543925444,7,Et,0,,,,
89,Ld_Mi,pairwise,2,2,True,1.632793213515976,2.1594961543925444,8,Eu.c,0,,,,
89,Ld_Mi,pairwise,2,2,True,1.632793213515976,2.1594961543925444,9,Eu.l,0,,,,
89,Ld_Mi,pairwise,2,2,True,1.632793213515976,2.1594961543925444,10,Im,0,,,,
89,Ld_Mi,pairwise,2,2,True,1.632793213515976,2.1594961543925444,11,Ld,1,0.1575129784798004,0.0190700422278888,3.046090762771744,3.046090762771744
89,Ld_Mi,pairwise,2,2,True,1.632793213515976,2.1594961543925444,12,Lsp,0,,,,
89,Ld_Mi,pairwise,2,2,True,1.632793213515976,2.1594961543925444,13,Mi,1,0.8424870215201996,0.980929957772111,-0.2194956642602077,0.2194956642602077
89,Ld_Mi,pairwise,2,2,True,1.632793213515976,2.1594961543925444,14,Pc,0,,,,
89,Ld_Mi,pairwise,2,2,True,1.632793213515976,2.1594961543925444,15,Va,0,,,,
89,Ld_Mi,pairwise,2,2,True,1.632793213515976,2.1594961543925444,16,Vp,0,,,,
90,Ld_Pc,pairwise,2,2,True,0.0,0.0,1,Af,0,,,,
90,Ld_Pc,pairwise,2,2,True,0.0,0.0,2,Ao,0,,,,
90,Ld_Pc,pairwise,2,2,True,0.0,0.0,3,As,0,,,,
90,Ld_Pc,pairwise,2,2,True,0.0,0.0,4,Bl.s,0,,,,
90,Ld_Pc,pairwise,2,2,True,0.0,0.0,5,Col,0,,,,
90,Ld_Pc,pairwise,2,2,True,0.0,0.0,6,Cs,0,,,,
90,Ld_Pc,pairwise,2,2,True,0.0,0.0,7,Et,0,,,,
90,Ld_Pc,pairwise,2,2,True,0.0,0.0,8,Eu.c,0,,,,
90,Ld_Pc,pairwise,2,2,True,0.0,0.0,9,Eu.l,0,,,,
90,Ld_Pc,pairwise,2,2,True,0.0,0.0,10,Im,0,,,,
90,Ld_Pc,pairwise,2,2,True,0.0,0.0,11,Ld,1,1.0,1.0,0.0,0.0
90,Ld_Pc,pairwise,2,2,True,0.0,0.0,12,Lsp,0,,,,
90,Ld_Pc,pairwise,2,2,True,0.0,0.0,13,Mi,0,,,,
90,Ld_Pc,pairwise,2,2,True,0.0,0.0,14,Pc,1,1.705035217985658e-23,0.0,0.0,0.0
90,Ld_Pc,pairwise,2,2,True,0.0,0.0,15,Va,0,,,,
90,Ld_Pc,pairwise,2,2,True,0.0,0.0,16,Vp,0,,,,
91,Ld_Va,pairwise,2,2,True,3.194492476943972,3.980802623474452,1,Af,0,,,,
91,Ld_Va,pairwise,2,2,True,3.194492476943972,3.980802623474452,2,Ao,0,,,,
91,Ld_Va,pairwise,2,2,True,3.194492476943972,3.980802623474452,3,As,0,,,,
91,Ld_Va,pairwise,2,2,True,3.194492476943972,3.980802623474452,4,Bl.s,0,,,,
91,Ld_Va,pairwise,2,2,True,3.194492476943972,3.980802623474452,5,Col,0,,,,
91,Ld_Va,pairwise,2,2,True,3.194492476943972,3.980802623474452,6,Cs,0,,,,
91,Ld_Va,pairwise,2,2,True,3.194492476943972,3.980802623474452,7,Et,0,,,,
91,Ld_Va,pairwise,2,2,True,3.194492476943972,3.980802623474452,8,Eu.c,0,,,,
91,Ld_Va,pairwise,2,2,True,3.194492476943972,3.980802623474452,9,Eu.l,0,,,,
91,Ld_Va,pairwise,2,2,True,3.194492476943972,3.980802623474452,10,Im,0,,,,
91,Ld_Va,pairwise,2,2,True,3.194492476943972,3.980802623474452,11,Ld,1,0.4384764772968039,0.0092315452671558,5.569783478444514,5.569783478444514
91,Ld_Va,pairwise,2,2,True,3.194492476943972,3.980802623474452,12,Lsp,0,,,,
91,Ld_Va,pairwise,2,2,True,3.194492476943972,3.980802623474452,13,Mi,0,,,,
91,Ld_Va,pairwise,2,2,True,3.194492476943972,3.980802623474452,14,Pc,0,,,,
91,Ld_Va,pairwise,2,2,True,3.194492476943972,3.980802623474452,15,Va,1,0.5615235227031962,0.9907684547328444,-0.8192014754434289,0.8192014754434289
91,Ld_Va,pairwise,2,2,True,3.194492476943972,3.980802623474452,16,Vp,0,,,,
92,Lsp_Mi,pairwise,2,2,True,0.6407731914466727,0.8079171637780672,1,Af,0,,,,
92,Lsp_Mi,pairwise,2,2,True,0.6407731914466727,0.8079171637780672,2,Ao,0,,,,
92,Lsp_Mi,pairwise,2,2,True,0.6407731914466727,0.8079171637780672,3,As,0,,,,
92,Lsp_Mi,pairwise,2,2,True,0.6407731914466727,0.8079171637780672,4,Bl.s,0,,,,
92,Lsp_Mi,pairwise,2,2,True,0.6407731914466727,0.8079171637780672,5,Col,0,,,,
92,Lsp_Mi,pairwise,2,2,True,0.6407731914466727,0.8079171637780672,6,Cs,0,,,,
92,Lsp_Mi,pairwise,2,2,True,0.6407731914466727,0.8079171637780672,7,Et,0,,,,
92,Lsp_Mi,pairwise,2,2,True,0.6407731914466727,0.8079171637780672,8,Eu.c,0,,,,
92,Lsp_Mi,pairwise,2,2,True,0.6407731914466727,0.8079171637780672,9,Eu.l,0,,,,
92,Lsp_Mi,pairwise,2,2,True,0.6407731914466727,0.8079171637780672,10,Im,0,,,,
92,Lsp_Mi,pairwise,2,2,True,0.6407731914466727,0.8079171637780672,11,Ld,0,,,,
92,Lsp_Mi,pairwise,2,2,True,0.6407731914466727,0.8079171637780672,12,Lsp,1,0.1663728026129545,0.0758683113472875,1.1328502795644209,1.1328502795644209
92,Lsp_Mi,pairwise,2,2,True,0.6407731914466727,0.8079171637780672,13,Mi,1,0.8336271973870455,0.9241316886527124,-0.1486961033289244,0.1486961033289244
92,Lsp_Mi,pairwise,2,2,True,0.6407731914466727,0.8079171637780672,14,Pc,0,,,,
92,Lsp_Mi,pairwise,2,2,True,0.6407731914466727,0.8079171637780672,15,Va,0,,,,
92,Lsp_Mi,pairwise,2,2,True,0.6407731914466727,0.8079171637780672,16,Vp,0,,,,
93,Lsp_Pc,pairwise,2,2,True,0.0,0.0,1,Af,0,,,,
93,Lsp_Pc,pairwise,2,2,True,0.0,0.0,2,Ao,0,,,,
93,Lsp_Pc,pairwise,2,2,True,0.0,0.0,3,As,0,,,,
93,Lsp_Pc,pairwise,2,2,True,0.0,0.0,4,Bl.s,0,,,,
93,Lsp_Pc,pairwise,2,2,True,0.0,0.0,5,Col,0,,,,
93,Lsp_Pc,pairwise,2,2,True,0.0,0.0,6,Cs,0,,,,
93,Lsp_Pc,pairwise,2,2,True,0.0,0.0,7,Et,0,,,,
93,Lsp_Pc,pairwise,2,2,True,0.0,0.0,8,Eu.c,0,,,,
93,Lsp_Pc,pairwise,2,2,True,0.0,0.0,9,Eu.l,0,,,,
93,Lsp_Pc,pairwise,2,2,True,0.0,0.0,10,Im,0,,,,
93,Lsp_Pc,pairwise,2,2,True,0.0,0.0,11,Ld,0,,,,
93,Lsp_Pc,pairwise,2,2,True,0.0,0.0,12,Lsp,1,1.0,1.0,0.0,0.0
93,Lsp_Pc,pairwise,2,2,True,0.0,0.0,13,Mi,0,,,,
93,Lsp_Pc,pairwise,2,2,True,0.0,0.0,14,Pc,1,1.597261490598784e-23,0.0,0.0,0.0
93,Lsp_Pc,pairwise,2,2,True,0.0,0.0,15,Va,0,,,,
93,Lsp_Pc,pairwise,2,2,True,0.0,0.0,16,Vp,0,,,,
94,Lsp_Va,pairwise,2,2,True,2.406479402343782,2.875517412426793,1,Af,0,,,,
94,Lsp_Va,pairwise,2,2,True,2.406479402343782,2.875517412426793,2,Ao,0,,,,
94,Lsp_Va,pairwise,2,2,True,2.406479402343782,2.875517412426793,3,As,0,,,,
94,Lsp_Va,pairwise,2,2,True,2.406479402343782,2.875517412426793,4,Bl.s,0,,,,
94,Lsp_Va,pairwise,2,2,True,2.406479402343782,2.875517412426793,5,Col,0,,,,
94,Lsp_Va,pairwise,2,2,True,2.406479402343782,2.875517412426793,6,Cs,0,,,,
94,Lsp_Va,pairwise,2,2,True,2.406479402343782,2.875517412426793,7,Et,0,,,,
94,Lsp_Va,pairwise,2,2,True,2.406479402343782,2.875517412426793,8,Eu.c,0,,,,
94,Lsp_Va,pairwise,2,2,True,2.406479402343782,2.875517412426793,9,Eu.l,0,,,,
94,Lsp_Va,pairwise,2,2,True,2.406479402343782,2.875517412426793,10,Im,0,,,,
94,Lsp_Va,pairwise,2,2,True,2.406479402343782,2.875517412426793,11,Ld,0,,,,
94,Lsp_Va,pairwise,2,2,True,2.406479402343782,2.875517412426793,12,Lsp,1,0.4546122064666163,0.0288004441815379,3.9804734541955655,3.9804734541955655
94,Lsp_Va,pairwise,2,2,True,2.406479402343782,2.875517412426793,13,Mi,0,,,,
94,Lsp_Va,pairwise,2,2,True,2.406479402343782,2.875517412426793,14,Pc,0,,,,
94,Lsp_Va,pairwise,2,2,True,2.406479402343782,2.875517412426793,15,Va,1,0.5453877935333837,0.971199555818462,-0.8324853504919983,0.8324853504919983
94,Lsp_Va,pairwise,2,2,True,2.406479402343782,2.875517412426793,16,Vp,0,,,,
95,Lsp_Vp,pairwise,2,2,True,0.0,0.0,1,Af,0,,,,
95,Lsp_Vp,pairwise,2,2,True,0.0,0.0,2,Ao,0,,,,
95,Lsp_Vp,pairwise,2,2,True,0.0,0.0,3,As,0,,,,
95,Lsp_Vp,pairwise,2,2,True,0.0,0.0,4,Bl.s,0,,,,
95,Lsp_Vp,pairwise,2,2,True,0.0,0.0,5,Col,0,,,,
95,Lsp_Vp,pairwise,2,2,True,0.0,0.0,6,Cs,0,,,,
95,Lsp_Vp,pairwise,2,2,True,0.0,0.0,7,Et,0,,,,
95,Lsp_Vp,pairwise,2,2,True,0.0,0.0,8,Eu.c,0,,,,
95,Lsp_Vp,pairwise,2,2,True,0.0,0.0,9,Eu.l,0,,,,
95,Lsp_Vp,pairwise,2,2,True,0.0,0.0,10,Im,0,,,,
95,Lsp_Vp,pairwise,2,2,True,0.0,0.0,11,Ld,0,,,,
95,Lsp_Vp,pairwise,2,2,True,0.0,0.0,12,Lsp,1,1.0,1.0,0.0,0.0
95,Lsp_Vp,pairwise,2,2,True,0.0,0.0,13,Mi,0,,,,
95,Lsp_Vp,pairwise,2,2,True,0.0,0.0,14,Pc,0,,,,
95,Lsp_Vp,pairwise,2,2,True,0.0,0.0,15,Va,0,,,,
95,Lsp_Vp,pairwise,2,2,True,0.0,0.0,16,Vp,1,1.597261490598784e-23,0.0,0.0,0.0
96,Mi_Pc,pairwise,2,2,True,0.0,0.0,1,Af,0,,,,
96,Mi_Pc,pairwise,2,2,True,0.0,0.0,2,Ao,0,,,,
96,Mi_Pc,pairwise,2,2,True,0.0,0.0,3,As,0,,,,
96,Mi_Pc,pairwise,2,2,True,0.0,0.0,4,Bl.s,0,,,,
96,Mi_Pc,pairwise,2,2,True,0.0,0.0,5,Col,0,,,,
96,Mi_Pc,pairwise,2,2,True,0.0,0.0,6,Cs,0,,,,
96,Mi_Pc,pairwise,2,2,True,0.0,0.0,7,Et,0,,,,
96,Mi_Pc,pairwise,2,2,True,0.0,0.0,8,Eu.c,0,,,,
96,Mi_Pc,pairwise,2,2,True,0.0,0.0,9,Eu.l,0,,,,
96,Mi_Pc,pairwise,2,2,True,0.0,0.0,10,Im,0,,,,
96,Mi_Pc,pairwise,2,2,True,0.0,0.0,11,Ld,0,,,,
96,Mi_Pc,pairwise,2,2,True,0.0,0.0,12,Lsp,0,,,,
96,Mi_Pc,pairwise,2,2,True,0.0,0.0,13,Mi,1,1.0,1.0,0.0,0.0
96,Mi_Pc,pairwise,2,2,True,0.0,0.0,14,Pc,1,3.1877663244387156e-24,0.0,0.0,0.0
96,Mi_Pc,pairwise,2,2,True,0.0,0.0,15,Va,0,,,,
96,Mi_Pc,pairwise,2,2,True,0.0,0.0,16,Vp,0,,,,
97,Mi_Va,pairwise,2,2,True,1.6012322042179723,1.6100659552272625,1,Af,0,,,,
97,Mi_Va,pairwise,2,2,True,1.6012322042179723,1.6100659552272625,2,Ao,0,,,,
97,Mi_Va,pairwise,2,2,True,1.6012322042179723,1.6100659552272625,3,As,0,,,,
97,Mi_Va,pairwise,2,2,True,1.6012322042179723,1.6100659552272625,4,Bl.s,0,,,,
97,Mi_Va,pairwise,2,2,True,1.6012322042179723,1.6100659552272625,5,Col,0,,,,
97,Mi_Va,pairwise,2,2,True,1.6012322042179723,1.6100659552272625,6,Cs,0,,,,
97,Mi_Va,pairwise,2,2,True,1.6012322042179723,1.6100659552272625,7,Et,0,,,,
97,Mi_Va,pairwise,2,2,True,1.6012322042179723,1.6100659552272625,8,Eu.c,0,,,,
97,Mi_Va,pairwise,2,2,True,1.6012322042179723,1.6100659552272625,9,Eu.l,0,,,,
97,Mi_Va,pairwise,2,2,True,1.6012322042179723,1.6100659552272625,10,Im,0,,,,
97,Mi_Va,pairwise,2,2,True,1.6012322042179723,1.6100659552272625,11,Ld,0,,,,
97,Mi_Va,pairwise,2,2,True,1.6012322042179723,1.6100659552272625,12,Lsp,0,,,,
97,Mi_Va,pairwise,2,2,True,1.6012322042179723,1.6100659552272625,13,Mi,1,0.7928520581901997,0.2936803919842873,1.432804746963728,1.432804746963728
97,Mi_Va,pairwise,2,2,True,1.6012322042179723,1.6100659552272625,14,Pc,0,,,,
97,Mi_Va,pairwise,2,2,True,1.6012322042179723,1.6100659552272625,15,Va,1,0.2071479418098004,0.7063196080157127,-1.7696596614722166,1.7696596614722166
97,Mi_Va,pairwise,2,2,True,1.6012322042179723,1.6100659552272625,16,Vp,0,,,,
98,Mi_Vp,pairwise,2,2,True,3.936871661078035,5.3569425585087425,1,Af,0,,,,
98,Mi_Vp,pairwise,2,2,True,3.936871661078035,5.3569425585087425,2,Ao,0,,,,
98,Mi_Vp,pairwise,2,2,True,3.936871661078035,5.3569425585087425,3,As,0,,,,
98,Mi_Vp,pairwise,2,2,True,3.936871661078035,5.3569425585087425,4,Bl.s,0,,,,
98,Mi_Vp,pairwise,2,2,True,3.936871661078035,5.3569425585087425,5,Col,0,,,,
98,Mi_Vp,pairwise,2,2,True,3.936871661078035,5.3569425585087425,6,Cs,0,,,,
98,Mi_Vp,pairwise,2,2,True,3.936871661078035,5.3569425585087425,7,Et,0,,,,
98,Mi_Vp,pairwise,2,2,True,3.936871661078035,5.3569425585087425,8,Eu.c,0,,,,
98,Mi_Vp,pairwise,2,2,True,3.936871661078035,5.3569425585087425,9,Eu.l,0,,,,
98,Mi_Vp,pairwise,2,2,True,3.936871661078035,5.3569425585087425,10,Im,0,,,,
98,Mi_Vp,pairwise,2,2,True,3.936871661078035,5.3569425585087425,11,Ld,0,,,,
98,Mi_Vp,pairwise,2,2,True,3.936871661078035,5.3569425585087425,12,Lsp,0,,,,
98,Mi_Vp,pairwise,2,2,True,3.936871661078035,5.3569425585087425,13,Mi,1,1.0,0.810012637834073,0.3039836777563818,0.3039836777563818
98,Mi_Vp,pairwise,2,2,True,3.936871661078035,5.3569425585087425,14,Pc,0,,,,
98,Mi_Vp,pairwise,2,2,True,3.936871661078035,5.3569425585087425,15,Va,0,,,,
98,Mi_Vp,pairwise,2,2,True,3.936871661078035,5.3569425585087425,16,Vp,1,3.1877663244387156e-24,0.189987362165927,-7.569759644399688,7.569759644399688
99,Pc_Va,pairwise,2,2,True,4.505605902230079e-05,6.371888973642043e-05,1,Af,0,,,,
99,Pc_Va,pairwise,2,2,True,4.505605902230079e-05,6.371888973642043e-05,2,Ao,0,,,,
99,Pc_Va,pairwise,2,2,True,4.505605902230079e-05,6.371888973642043e-05,3,As,0,,,,
99,Pc_Va,pairwise,2,2,True,4.505605902230079e-05,6.371888973642043e-05,4,Bl.s,0,,,,
99,Pc_Va,pairwise,2,2,True,4.505605902230079e-05,6.371888973642043e-05,5,Col,0,,,,
99,Pc_Va,pairwise,2,2,True,4.505605902230079e-05,6.371888973642043e-05,6,Cs,0,,,,
99,Pc_Va,pairwise,2,2,True,4.505605902230079e-05,6.371888973642043e-05,7,Et,0,,,,
99,Pc_Va,pairwise,2,2,True,4.505605902230079e-05,6.371888973642043e-05,8,Eu.c,0,,,,
99,Pc_Va,pairwise,2,2,True,4.505605902230079e-05,6.371888973642043e-05,9,Eu.l,0,,,,
99,Pc_Va,pairwise,2,2,True,4.505605902230079e-05,6.371888973642043e-05,10,Im,0,,,,
99,Pc_Va,pairwise,2,2,True,4.505605902230079e-05,6.371888973642043e-05,11,Ld,0,,,,
99,Pc_Va,pairwise,2,2,True,4.505605902230079e-05,6.371888973642043e-05,12,Lsp,0,,,,
99,Pc_Va,pairwise,2,2,True,4.505605902230079e-05,6.371888973642043e-05,13,Mi,0,,,,
99,Pc_Va,pairwise,2,2,True,4.505605902230079e-05,6.371888973642043e-05,14,Pc,1,1.3314096486114742e-23,6.245900991172936e-05,0.0,0.0
99,Pc_Va,pairwise,2,2,True,4.505605902230079e-05,6.371888973642043e-05,15,Va,1,1.0,0.9999375409900882,9.011211804460158e-05,9.011211804460158e-05
99,Pc_Va,pairwise,2,2,True,4.505605902230079e-05,6.371888973642043e-05,16,Vp,0,,,,
100,Va_Vp,pairwise,2,2,True,3.895210201536589,5.3085668599659765,1,Af,0,,,,
100,Va_Vp,pairwise,2,2,True,3.895210201536589,5.3085668599659765,2,Ao,0,,,,
100,Va_Vp,pairwise,2,2,True,3.895210201536589,5.3085668599659765,3,As,0,,,,
100,Va_Vp,pairwise,2,2,True,3.895210201536589,5.3085668599659765,4,Bl.s,0,,,,
100,Va_Vp,pairwise,2,2,True,3.895210201536589,5.3085668599659765,5,Col,0,,,,
100,Va_Vp,pairwise,2,2,True,3.895210201536589,5.3085668599659765,6,Cs,0,,,,
100,Va_Vp,pairwise,2,2,True,3.895210201536589,5.3085668599659765,7,Et,0,,,,
100,Va_Vp,pairwise,2,2,True,3.895210201536589,5.3085668599659765,8,Eu.c,0,,,,
100,Va_Vp,pairwise,2,2,True,3.895210201536589,5.3085668599659765,9,Eu.l,0,,,,
100,Va_Vp,pairwise,2,2,True,3.895210201536589,5.3085668599659765,10,Im,0,,,,
100,Va_Vp,pairwise,2,2,True,3.895210201536589,5.3085668599659765,11,Ld,0,,,,
100,Va_Vp,pairwise,2,2,True,3.895210201536589,5.3085668599659765,12,Lsp,0,,,,
100,Va_Vp,pairwise,2,2,True,3.895210201536589,5.3085668599659765,13,Mi,0,,,,
100,Va_Vp,pairwise,2,2,True,3.895210201536589,5.3085668599659765,14,Pc,0,,,,
100,Va_Vp,pairwise,2,2,True,3.895210201536589,5.3085668599659765,15,Va,1,1.0,0.818741963789193,0.2885192537876245,0.2885192537876245
100,Va_Vp,pairwise,2,2,True,3.895210201536589,5.3085668599659765,16,Vp,1,1.3314096486114742e-23,0.181258036210807,-7.501901149285552,7.501901149285552
101,As_Eu.l_Pc,higher_order,3,3,True,0.0,0.0,1,Af,0,,,,
101,As_Eu.l_Pc,higher_order,3,3,True,0.0,0.0,2,Ao,0,,,,
101,As_Eu.l_Pc,higher_order,3,3,True,0.0,0.0,3,As,1,4.125129929332329e-24,0.0,0.0,0.0
101,As_Eu.l_Pc,higher_order,3,3,True,0.0,0.0,4,Bl.s,0,,,,
101,As_Eu.l_Pc,higher_order,3,3,True,0.0,0.0,5,Col,0,,,,
101,As_Eu.l_Pc,higher_order,3,3,True,0.0,0.0,6,Cs,0,,,,
101,As_Eu.l_Pc,higher_order,3,3,True,0.0,0.0,7,Et,0,,,,
101,As_Eu.l_Pc,higher_order,3,3,True,0.0,0.0,8,Eu.c,0,,,,
101,As_Eu.l_Pc,higher_order,3,3,True,0.0,0.0,9,Eu.l,1,1.0,1.0,0.0,0.0
101,As_Eu.l_Pc,higher_order,3,3,True,0.0,0.0,10,Im,0,,,,
101,As_Eu.l_Pc,higher_order,3,3,True,0.0,0.0,11,Ld,0,,,,
101,As_Eu.l_Pc,higher_order,3,3,True,0.0,0.0,12,Lsp,0,,,,
101,As_Eu.l_Pc,higher_order,3,3,True,0.0,0.0,13,Mi,0,,,,
101,As_Eu.l_Pc,higher_order,3,3,True,0.0,0.0,14,Pc,1,4.125129929332329e-24,0.0,0.0,0.0
101,As_Eu.l_Pc,higher_order,3,3,True,0.0,0.0,15,Va,0,,,,
101,As_Eu.l_Pc,higher_order,3,3,True,0.0,0.0,16,Vp,0,,,,
102,Bl.s_Im_Vp,higher_order,3,3,True,0.0,0.0,1,Af,0,,,,
102,Bl.s_Im_Vp,higher_order,3,3,True,0.0,0.0,2,Ao,0,,,,
102,Bl.s_Im_Vp,higher_order,3,3,True,0.0,0.0,3,As,0,,,,
102,Bl.s_Im_Vp,higher_order,3,3,True,0.0,0.0,4,Bl.s,1,1.661804423625403e-22,0.0,0.0,0.0
102,Bl.s_Im_Vp,higher_order,3,3,True,0.0,0.0,5,Col,0,,,,
102,Bl.s_Im_Vp,higher_order,3,3,True,0.0,0.0,6,Cs,0,,,,
102,Bl.s_Im_Vp,higher_order,3,3,True,0.0,0.0,7,Et,0,,,,
102,Bl.s_Im_Vp,higher_order,3,3,True,0.0,0.0,8,Eu.c,0,,,,
102,Bl.s_Im_Vp,higher_order,3,3,True,0.0,0.0,9,Eu.l,0,,,,
102,Bl.s_Im_Vp,higher_order,3,3,True,0.0,0.0,10,Im,1,1.0,1.0,0.0,0.0
102,Bl.s_Im_Vp,higher_order,3,3,True,0.0,0.0,11,Ld,0,,,,
102,Bl.s_Im_Vp,higher_order,3,3,True,0.0,0.0,12,Lsp,0,,,,
102,Bl.s_Im_Vp,higher_order,3,3,True,0.0,0.0,13,Mi,0,,,,
102,Bl.s_Im_Vp,higher_order,3,3,True,0.0,0.0,14,Pc,0,,,,
102,Bl.s_Im_Vp,higher_order,3,3,True,0.0,0.0,15,Va,0,,,,
102,Bl.s_Im_Vp,higher_order,3,3,True,0.0,0.0,16,Vp,1,1.661804423625403e-22,0.0,0.0,0.0
103,Col_Lsp_Va,higher_order,3,3,True,2.1241667956521364,3.024967224749499,1,Af,0,,,,
103,Col_Lsp_Va,higher_order,3,3,True,2.1241667956521364,3.024967224749499,2,Ao,0,,,,
103,Col_Lsp_Va,higher_order,3,3,True,2.1241667956521364,3.024967224749499,3,As,0,,,,
103,Col_Lsp_Va,higher_order,3,3,True,2.1241667956521364,3.024967224749499,4,Bl.s,0,,,,
103,Col_Lsp_Va,higher_order,3,3,True,2.1241667956521364,3.024967224749499,5,Col,1,0.156389577507893,0.2144266363988912,-0.4553397623928576,0.4553397623928576
103,Col_Lsp_Va,higher_order,3,3,True,2.1241667956521364,3.024967224749499,6,Cs,0,,,,
103,Col_Lsp_Va,higher_order,3,3,True,2.1241667956521364,3.024967224749499,7,Et,0,,,,
103,Col_Lsp_Va,higher_order,3,3,True,2.1241667956521364,3.024967224749499,8,Eu.c,0,,,,
103,Col_Lsp_Va,higher_order,3,3,True,2.1241667956521364,3.024967224749499,9,Eu.l,0,,,,
103,Col_Lsp_Va,higher_order,3,3,True,2.1241667956521364,3.024967224749499,10,Im,0,,,,
103,Col_Lsp_Va,higher_order,3,3,True,2.1241667956521364,3.024967224749499,11,Ld,0,,,,
103,Col_Lsp_Va,higher_order,3,3,True,2.1241667956521364,3.024967224749499,12,Lsp,1,0.3835155955673712,0.0106888218521937,5.165110496164088,5.165110496164088
103,Col_Lsp_Va,higher_order,3,3,True,2.1241667956521364,3.024967224749499,13,Mi,0,,,,
103,Col_Lsp_Va,higher_order,3,3,True,2.1241667956521364,3.024967224749499,14,Pc,0,,,,
103,Col_Lsp_Va,higher_order,3,3,True,2.1241667956521364,3.024967224749499,15,Va,1,0.4600948269247358,0.7748845417489151,-0.752050128399463,0.752050128399463
103,Col_Lsp_Va,higher_order,3,3,True,2.1241667956521364,3.024967224749499,16,Vp,0,,,,
104,Et_Im_Lsp,higher_order,3,3,True,2.82112633051593,2.9531318498163484,1,Af,0,,,,
104,Et_Im_Lsp,higher_order,3,3,True,2.82112633051593,2.9531318498163484,2,Ao,0,,,,
104,Et_Im_Lsp,higher_order,3,3,True,2.82112633051593,2.9531318498163484,3,As,0,,,,
104,Et_Im_Lsp,higher_order,3,3,True,2.82112633051593,2.9531318498163484,4,Bl.s,0,,,,
104,Et_Im_Lsp,higher_order,3,3,True,2.82112633051593,2.9531318498163484,5,Col,0,,,,
104,Et_Im_Lsp,higher_order,3,3,True,2.82112633051593,2.9531318498163484,6,Cs,0,,,,
104,Et_Im_Lsp,higher_order,3,3,True,2.82112633051593,2.9531318498163484,7,Et,1,0.0041003029059039,0.0585314457738107,-3.835409518358284,3.835409518358284
104,Et_Im_Lsp,higher_order,3,3,True,2.82112633051593,2.9531318498163484,8,Eu.c,0,,,,
104,Et_Im_Lsp,higher_order,3,3,True,2.82112633051593,2.9531318498163484,9,Eu.l,0,,,,
104,Et_Im_Lsp,higher_order,3,3,True,2.82112633051593,2.9531318498163484,10,Im,1,0.0873283302800886,0.6626460277731528,-2.923716756132382,2.923716756132382
104,Et_Im_Lsp,higher_order,3,3,True,2.82112633051593,2.9531318498163484,11,Ld,0,,,,
104,Et_Im_Lsp,higher_order,3,3,True,2.82112633051593,2.9531318498163484,12,Lsp,1,0.9085713668140074,0.2788225264530364,1.7042527170571278,1.7042527170571278
104,Et_Im_Lsp,higher_order,3,3,True,2.82112633051593,2.9531318498163484,13,Mi,0,,,,
104,Et_Im_Lsp,higher_order,3,3,True,2.82112633051593,2.9531318498163484,14,Pc,0,,,,
104,Et_Im_Lsp,higher_order,3,3,True,2.82112633051593,2.9531318498163484,15,Va,0,,,,
104,Et_Im_Lsp,higher_order,3,3,True,2.82112633051593,2.9531318498163484,16,Vp,0,,,,
105,Eu.c_Im_Ld,higher_order,3,3,True,4.641157235552906,5.346878799112451,1,Af,0,,,,
105,Eu.c_Im_Ld,higher_order,3,3,True,4.641157235552906,5.346878799112451,2,Ao,0,,,,
105,Eu.c_Im_Ld,higher_order,3,3,True,4.641157235552906,5.346878799112451,3,As,0,,,,
105,Eu.c_Im_Ld,higher_order,3,3,True,4.641157235552906,5.346878799112451,4,Bl.s,0,,,,
105,Eu.c_Im_Ld,higher_order,3,3,True,4.641157235552906,5.346878799112451,5,Col,0,,,,
105,Eu.c_Im_Ld,higher_order,3,3,True,4.641157235552906,5.346878799112451,6,Cs,0,,,,
105,Eu.c_Im_Ld,higher_order,3,3,True,4.641157235552906,5.346878799112451,7,Et,0,,,,
105,Eu.c_Im_Ld,higher_order,3,3,True,4.641157235552906,5.346878799112451,8,Eu.c,1,0.7676829347545074,0.3250334544730616,1.2399223610276264,1.2399223610276264
105,Eu.c_Im_Ld,higher_order,3,3,True,4.641157235552906,5.346878799112451,9,Eu.l,0,,,,
105,Eu.c_Im_Ld,higher_order,3,3,True,4.641157235552906,5.346878799112451,10,Im,1,0.0216180243594906,0.6749665455269384,-4.964509408915946,4.964509408915946
105,Eu.c_Im_Ld,higher_order,3,3,True,4.641157235552906,5.346878799112451,11,Ld,1,0.2106990408860019,0.0,7.719039936715145,7.719039936715145
105,Eu.c_Im_Ld,higher_order,3,3,True,4.641157235552906,5.346878799112451,12,Lsp,0,,,,
105,Eu.c_Im_Ld,higher_order,3,3,True,4.641157235552906,5.346878799112451,13,Mi,0,,,,
105,Eu.c_Im_Ld,higher_order,3,3,True,4.641157235552906,5.346878799112451,14,Pc,0,,,,
105,Eu.c_Im_Ld,higher_order,3,3,True,4.641157235552906,5.346878799112451,15,Va,0,,,,
105,Eu.c_Im_Ld,higher_order,3,3,True,4.641157235552906,5.346878799112451,16,Vp,0,,,,
106,Af_Cs_Eu.c_Mi,higher_order,4,4,True,1.4740419245794447,2.759874310612756,1,Af,1,3.014442686993007e-24,0.0,0.0,0.0
106,Af_Cs_Eu.c_Mi,higher_order,4,4,True,1.4740419245794447,2.759874310612756,2,Ao,0,,,,
106,Af_Cs_Eu.c_Mi,higher_order,4,4,True,1.4740419245794447,2.759874310612756,3,As,0,,,,
106,Af_Cs_Eu.c_Mi,higher_order,4,4,True,1.4740419245794447,2.759874310612756,4,Bl.s,0,,,,
106,Af_Cs_Eu.c_Mi,higher_order,4,4,True,1.4740419245794447,2.759874310612756,5,Col,0,,,,
106,Af_Cs_Eu.c_Mi,higher_order,4,4,True,1.4740419245794447,2.759874310612756,6,Cs,1,0.0539915745379872,0.0428295954838933,0.3341262388710811,0.3341262388710811
106,Af_Cs_Eu.c_Mi,higher_order,4,4,True,1.4740419245794447,2.759874310612756,7,Et,0,,,,
106,Af_Cs_Eu.c_Mi,higher_order,4,4,True,1.4740419245794447,2.759874310612756,8,Eu.c,1,0.0004935932295774,0.0455498627912868,-5.509374803127021,5.509374803127021
106,Af_Cs_Eu.c_Mi,higher_order,4,4,True,1.4740419245794447,2.759874310612756,9,Eu.l,0,,,,
106,Af_Cs_Eu.c_Mi,higher_order,4,4,True,1.4740419245794447,2.759874310612756,10,Im,0,,,,
106,Af_Cs_Eu.c_Mi,higher_order,4,4,True,1.4740419245794447,2.759874310612756,11,Ld,0,,,,
106,Af_Cs_Eu.c_Mi,higher_order,4,4,True,1.4740419245794447,2.759874310612756,12,Lsp,0,,,,
106,Af_Cs_Eu.c_Mi,higher_order,4,4,True,1.4740419245794447,2.759874310612756,13,Mi,1,0.9455148322324354,0.91162054172482,0.0526666563196768,0.0526666563196768
106,Af_Cs_Eu.c_Mi,higher_order,4,4,True,1.4740419245794447,2.759874310612756,14,Pc,0,,,,
106,Af_Cs_Eu.c_Mi,higher_order,4,4,True,1.4740419245794447,2.759874310612756,15,Va,0,,,,
106,Af_Cs_Eu.c_Mi,higher_order,4,4,True,1.4740419245794447,2.759874310612756,16,Vp,0,,,,
107,Af_Lsp_Va_Vp,higher_order,4,4,True,3.259712103640701,4.6561447577463255,1,Af,1,7.261345705452697e-24,0.0005554159826749,0.0,0.0
107,Af_Lsp_Va_Vp,higher_order,4,4,True,3.259712103640701,4.6561447577463255,2,Ao,0,,,,
107,Af_Lsp_Va_Vp,higher_order,4,4,True,3.259712103640701,4.6561447577463255,3,As,0,,,,
107,Af_Lsp_Va_Vp,higher_order,4,4,True,3.259712103640701,4.6561447577463255,4,Bl.s,0,,,,
107,Af_Lsp_Va_Vp,higher_order,4,4,True,3.259712103640701,4.6561447577463255,5,Col,0,,,,
107,Af_Lsp_Va_Vp,higher_order,4,4,True,3.259712103640701,4.6561447577463255,6,Cs,0,,,,
107,Af_Lsp_Va_Vp,higher_order,4,4,True,3.259712103640701,4.6561447577463255,7,Et,0,,,,
107,Af_Lsp_Va_Vp,higher_order,4,4,True,3.259712103640701,4.6561447577463255,8,Eu.c,0,,,,
107,Af_Lsp_Va_Vp,higher_order,4,4,True,3.259712103640701,4.6561447577463255,9,Eu.l,0,,,,
107,Af_Lsp_Va_Vp,higher_order,4,4,True,3.259712103640701,4.6561447577463255,10,Im,0,,,,
107,Af_Lsp_Va_Vp,higher_order,4,4,True,3.259712103640701,4.6561447577463255,11,Ld,0,,,,
107,Af_Lsp_Va_Vp,higher_order,4,4,True,3.259712103640701,4.6561447577463255,12,Lsp,1,0.4546122064666163,0.0192705617439214,4.560165888999409,4.560165888999409
107,Af_Lsp_Va_Vp,higher_order,4,4,True,3.259712103640701,4.6561447577463255,13,Mi,0,,,,
107,Af_Lsp_Va_Vp,higher_order,4,4,True,3.259712103640701,4.6561447577463255,14,Pc,0,,,,
107,Af_Lsp_Va_Vp,higher_order,4,4,True,3.259712103640701,4.6561447577463255,15,Va,1,0.5453877935333837,0.7036986414118843,-0.3676753164148397,0.3676753164148397
107,Af_Lsp_Va_Vp,higher_order,4,4,True,3.259712103640701,4.6561447577463255,16,Vp,1,7.261345705452697e-24,0.2764753808615194,-8.111007209148555,8.111007209148555
108,As_Cs_Eu.c_Vp,higher_order,4,4,True,0.6123555039749586,1.0332419978429266,1,Af,0,,,,
108,As_Cs_Eu.c_Vp,higher_order,4,4,True,0.6123555039749586,1.0332419978429266,2,Ao,0,,,,
108,As_Cs_Eu.c_Vp,higher_order,4,4,True,0.6123555039749586,1.0332419978429266,3,As,1,4.3177550377979734e-24,0.0,0.0,0.0
108,As_Cs_Eu.c_Vp,higher_order,4,4,True,0.6123555039749586,1.0332419978429266,4,Bl.s,0,,,,
108,As_Cs_Eu.c_Vp,higher_order,4,4,True,0.6123555039749586,1.0332419978429266,5,Col,0,,,,
108,As_Cs_Eu.c_Vp,higher_order,4,4,True,0.6123555039749586,1.0332419978429266,6,Cs,1,0.0773351551734378,0.3140381694698633,-2.021743629126229,2.021743629126229
108,As_Cs_Eu.c_Vp,higher_order,4,4,True,0.6123555039749586,1.0332419978429266,7,Et,0,,,,
108,As_Cs_Eu.c_Vp,higher_order,4,4,True,0.6123555039749586,1.0332419978429266,8,Eu.c,1,0.9226648448265622,0.6859618305301367,0.4276783867736053,0.4276783867736053
108,As_Cs_Eu.c_Vp,higher_order,4,4,True,0.6123555039749586,1.0332419978429266,9,Eu.l,0,,,,
108,As_Cs_Eu.c_Vp,higher_order,4,4,True,0.6123555039749586,1.0332419978429266,10,Im,0,,,,
108,As_Cs_Eu.c_Vp,higher_order,4,4,True,0.6123555039749586,1.0332419978429266,11,Ld,0,,,,
108,As_Cs_Eu.c_Vp,higher_order,4,4,True,0.6123555039749586,1.0332419978429266,12,Lsp,0,,,,
108,As_Cs_Eu.c_Vp,higher_order,4,4,True,0.6123555039749586,1.0332419978429266,13,Mi,0,,,,
108,As_Cs_Eu.c_Vp,higher_order,4,4,True,0.6123555039749586,1.0332419978429266,14,Pc,0,,,,
108,As_Cs_Eu.c_Vp,higher_order,4,4,True,0.6123555039749586,1.0332419978429266,15,Va,0,,,,
108,As_Cs_Eu.c_Vp,higher_order,4,4,True,0.6123555039749586,1.0332419978429266,16,Vp,1,4.3177550377979734e-24,0.0,0.0,0.0
109,Af_Bl.s_Col_Eu.c_Va,higher_order,5,5,True,1.293899517246652,1.939888123583066,1,Af,1,3.181378845821437e-24,0.0007764870733505,0.0,0.0
109,Af_Bl.s_Col_Eu.c_Va,higher_order,5,5,True,1.293899517246652,1.939888123583066,2,Ao,0,,,,
109,Af_Bl.s_Col_Eu.c_Va,higher_order,5,5,True,1.293899517246652,1.939888123583066,3,As,0,,,,
109,Af_Bl.s_Col_Eu.c_Va,higher_order,5,5,True,1.293899517246652,1.939888123583066,4,Bl.s,1,3.181378845821437e-24,0.0,0.0,0.0
109,Af_Bl.s_Col_Eu.c_Va,higher_order,5,5,True,1.293899517246652,1.939888123583066,5,Col,1,0.0812202169327316,0.1448891366041791,-0.8350386438716741,0.8350386438716741
109,Af_Bl.s_Col_Eu.c_Va,higher_order,5,5,True,1.293899517246652,1.939888123583066,6,Cs,0,,,,
109,Af_Bl.s_Col_Eu.c_Va,higher_order,5,5,True,1.293899517246652,1.939888123583066,7,Et,0,,,,
109,Af_Bl.s_Col_Eu.c_Va,higher_order,5,5,True,1.293899517246652,1.939888123583066,8,Eu.c,1,0.679831623938386,0.0462803789065482,3.8767048924990215,3.8767048924990215
109,Af_Bl.s_Col_Eu.c_Va,higher_order,5,5,True,1.293899517246652,1.939888123583066,9,Eu.l,0,,,,
109,Af_Bl.s_Col_Eu.c_Va,higher_order,5,5,True,1.293899517246652,1.939888123583066,10,Im,0,,,,
109,Af_Bl.s_Col_Eu.c_Va,higher_order,5,5,True,1.293899517246652,1.939888123583066,11,Ld,0,,,,
109,Af_Bl.s_Col_Eu.c_Va,higher_order,5,5,True,1.293899517246652,1.939888123583066,12,Lsp,0,,,,
109,Af_Bl.s_Col_Eu.c_Va,higher_order,5,5,True,1.293899517246652,1.939888123583066,13,Mi,0,,,,
109,Af_Bl.s_Col_Eu.c_Va,higher_order,5,5,True,1.293899517246652,1.939888123583066,14,Pc,0,,,,
109,Af_Bl.s_Col_Eu.c_Va,higher_order,5,5,True,1.293899517246652,1.939888123583066,15,Va,1,0.2389481591288822,0.8080539974159221,-1.757754049862565,1.757754049862565
109,Af_Bl.s_Col_Eu.c_Va,higher_order,5,5,True,1.293899517246652,1.939888123583066,16,Vp,0,,,,
110,Af_Eu.l_Im_Mi_Pc,higher_order,5,5,True,0.9011484363500236,1.4731676297108376,1,Af,1,2.903537409915349e-24,0.0,0.0,0.0
110,Af_Eu.l_Im_Mi_Pc,higher_order,5,5,True,0.9011484363500236,1.4731676297108376,2,Ao,0,,,,
110,Af_Eu.l_Im_Mi_Pc,higher_order,5,5,True,0.9011484363500236,1.4731676297108376,3,As,0,,,,
110,Af_Eu.l_Im_Mi_Pc,higher_order,5,5,True,0.9011484363500236,1.4731676297108376,4,Bl.s,0,,,,
110,Af_Eu.l_Im_Mi_Pc,higher_order,5,5,True,0.9011484363500236,1.4731676297108376,5,Col,0,,,,
110,Af_Eu.l_Im_Mi_Pc,higher_order,5,5,True,0.9011484363500236,1.4731676297108376,6,Cs,0,,,,
110,Af_Eu.l_Im_Mi_Pc,higher_order,5,5,True,0.9011484363500236,1.4731676297108376,7,Et,0,,,,
110,Af_Eu.l_Im_Mi_Pc,higher_order,5,5,True,0.9011484363500236,1.4731676297108376,8,Eu.c,0,,,,
110,Af_Eu.l_Im_Mi_Pc,higher_order,5,5,True,0.9011484363500236,1.4731676297108376,9,Eu.l,1,0.0794286412678035,0.010544484316463,2.9131707831987246,2.9131707831987246
110,Af_Eu.l_Im_Mi_Pc,higher_order,5,5,True,0.9011484363500236,1.4731676297108376,10,Im,1,0.0174721969001681,0.0506918873173896,-1.5366938584401528,1.5366938584401528
110,Af_Eu.l_Im_Mi_Pc,higher_order,5,5,True,0.9011484363500236,1.4731676297108376,11,Ld,0,,,,
110,Af_Eu.l_Im_Mi_Pc,higher_order,5,5,True,0.9011484363500236,1.4731676297108376,12,Lsp,0,,,,
110,Af_Eu.l_Im_Mi_Pc,higher_order,5,5,True,0.9011484363500236,1.4731676297108376,13,Mi,1,0.9030991618320282,0.9387636283661474,-0.0558775401112409,0.0558775401112409
110,Af_Eu.l_Im_Mi_Pc,higher_order,5,5,True,0.9011484363500236,1.4731676297108376,14,Pc,1,2.903537409915349e-24,0.0,0.0,0.0
110,Af_Eu.l_Im_Mi_Pc,higher_order,5,5,True,0.9011484363500236,1.4731676297108376,15,Va,0,,,,
110,Af_Eu.l_Im_Mi_Pc,higher_order,5,5,True,0.9011484363500236,1.4731676297108376,16,Vp,0,,,,
111,Ao_Eu.l_Im_Mi_Pc,higher_order,5,5,True,0.6024099883139301,1.2052398013280223,1,Af,0,,,,
111,Ao_Eu.l_Im_Mi_Pc,higher_order,5,5,True,0.6024099883139301,1.2052398013280223,2,Ao,1,2.903537409915349e-24,0.0,0.0,0.0
111,Ao_Eu.l_Im_Mi_Pc,higher_order,5,5,True,0.6024099883139301,1.2052398013280223,3,As,0,,,,
111,Ao_Eu.l_Im_Mi_Pc,higher_order,5,5,True,0.6024099883139301,1.2052398013280223,4,Bl.s,0,,,,
111,Ao_Eu.l_Im_Mi_Pc,higher_order,5,5,True,0.6024099883139301,1.2052398013280223,5,Col,0,,,,
111,Ao_Eu.l_Im_Mi_Pc,higher_order,5,5,True,0.6024099883139301,1.2052398013280223,6,Cs,0,,,,
111,Ao_Eu.l_Im_Mi_Pc,higher_order,5,5,True,0.6024099883139301,1.2052398013280223,7,Et,0,,,,
111,Ao_Eu.l_Im_Mi_Pc,higher_order,5,5,True,0.6024099883139301,1.2052398013280223,8,Eu.c,0,,,,
111,Ao_Eu.l_Im_Mi_Pc,higher_order,5,5,True,0.6024099883139301,1.2052398013280223,9,Eu.l,1,0.0794286412678035,0.0699234972874679,0.1838819799468606,0.1838819799468606
111,Ao_Eu.l_Im_Mi_Pc,higher_order,5,5,True,0.6024099883139301,1.2052398013280223,10,Im,1,0.0174721969001681,0.1123523795826446,-2.6848977558000975,2.6848977558000975
111,Ao_Eu.l_Im_Mi_Pc,higher_order,5,5,True,0.6024099883139301,1.2052398013280223,11,Ld,0,,,,
111,Ao_Eu.l_Im_Mi_Pc,higher_order,5,5,True,0.6024099883139301,1.2052398013280223,12,Lsp,0,,,,
111,Ao_Eu.l_Im_Mi_Pc,higher_order,5,5,True,0.6024099883139301,1.2052398013280223,13,Mi,1,0.9030991618320282,0.8177241231298875,0.1432702058226924,0.1432702058226924
111,Ao_Eu.l_Im_Mi_Pc,higher_order,5,5,True,0.6024099883139301,1.2052398013280223,14,Pc,1,2.903537409915349e-24,0.0,0.0,0.0
111,Ao_Eu.l_Im_Mi_Pc,higher_order,5,5,True,0.6024099883139301,1.2052398013280223,15,Va,0,,,,
111,Ao_Eu.l_Im_Mi_Pc,higher_order,5,5,True,0.6024099883139301,1.2052398013280223,16,Vp,0,,,,
112,As_Cs_Eu.c_Ld_Mi,higher_order,5,5,True,2.656117799585708,4.146740435404832,1,Af,0,,,,
112,As_Cs_Eu.c_Ld_Mi,higher_order,5,5,True,2.656117799585708,4.146740435404832,2,Ao,0,,,,
112,As_Cs_Eu.c_Ld_Mi,higher_order,5,5,True,2.656117799585708,4.146740435404832,3,As,1,2.5615666534493676e-24,0.0,0.0,0.0
112,As_Cs_Eu.c_Ld_Mi,higher_order,5,5,True,2.656117799585708,4.146740435404832,4,Bl.s,0,,,,
112,As_Cs_Eu.c_Ld_Mi,higher_order,5,5,True,2.656117799585708,4.146740435404832,5,Col,0,,,,
112,As_Cs_Eu.c_Ld_Mi,higher_order,5,5,True,2.656117799585708,4.146740435404832,6,Cs,1,0.0458801281910239,0.0489327961614094,-0.0929323025806094,0.0929323025806094
112,As_Cs_Eu.c_Ld_Mi,higher_order,5,5,True,2.656117799585708,4.146740435404832,7,Et,0,,,,
112,As_Cs_Eu.c_Ld_Mi,higher_order,5,5,True,2.656117799585708,4.146740435404832,8,Eu.c,1,0.0004194380482699,0.0557686088688883,-5.8013813787225095,5.8013813787225095
112,As_Cs_Eu.c_Ld_Mi,higher_order,5,5,True,2.656117799585708,4.146740435404832,9,Eu.l,0,,,,
112,As_Cs_Eu.c_Ld_Mi,higher_order,5,5,True,2.656117799585708,4.146740435404832,10,Im,0,,,,
112,As_Cs_Eu.c_Ld_Mi,higher_order,5,5,True,2.656117799585708,4.146740435404832,11,Ld,1,0.1502354101797159,0.0005828185103158,7.231081082984809,7.231081082984809
112,As_Cs_Eu.c_Ld_Mi,higher_order,5,5,True,2.656117799585708,4.146740435404832,12,Lsp,0,,,,
112,As_Cs_Eu.c_Ld_Mi,higher_order,5,5,True,2.656117799585708,4.146740435404832,13,Mi,1,0.8034650235809901,0.8947157764593864,-0.155194233640611,0.155194233640611
112,As_Cs_Eu.c_Ld_Mi,higher_order,5,5,True,2.656117799585708,4.146740435404832,14,Pc,0,,,,
112,As_Cs_Eu.c_Ld_Mi,higher_order,5,5,True,2.656117799585708,4.146740435404832,15,Va,0,,,,
112,As_Cs_Eu.c_Ld_Mi,higher_order,5,5,True,2.656117799585708,4.146740435404832,16,Vp,0,,,,
113,Af_dropout,dropout,15,15,True,0.8842983767781593,1.7810572134122256,1,Af,0,,,,
113,Af_dropout,dropout,15,15,True,0.8842983767781593,1.7810572134122256,2,Ao,1,2.4222332575822313e-24,0.0,0.0,0.0
113,Af_dropout,dropout,15,15,True,0.8842983767781593,1.7810572134122256,3,As,1,2.4222332575822313e-24,0.0002828604260585,0.0,0.0
113,Af_dropout,dropout,15,15,True,0.8842983767781593,1.7810572134122256,4,Bl.s,1,2.4222332575822313e-24,0.0,0.0,0.0
113,Af_dropout,dropout,15,15,True,0.8842983767781593,1.7810572134122256,5,Col,1,0.0618393219345459,0.1518203942855388,-1.295769198016275,1.295769198016275
113,Af_dropout,dropout,15,15,True,0.8842983767781593,1.7810572134122256,6,Cs,1,0.0433845327494348,0.0053889688564905,3.009099637096267,3.009099637096267
113,Af_dropout,dropout,15,15,True,0.8842983767781593,1.7810572134122256,7,Et,1,0.0006698808208528,0.0,0.0,0.0
113,Af_dropout,dropout,15,15,True,0.8842983767781593,1.7810572134122256,8,Eu.c,1,0.0057111114399895,0.0039998337403461,0.5138315026836341,0.5138315026836341
113,Af_dropout,dropout,15,15,True,0.8842983767781593,1.7810572134122256,9,Eu.l,1,0.0,0.0,0.0,0.0
113,Af_dropout,dropout,15,15,True,0.8842983767781593,1.7810572134122256,10,Im,1,0.0145759225522933,0.0131184527803052,0.1519896233512373,0.1519896233512373
113,Af_dropout,dropout,15,15,True,0.8842983767781593,1.7810572134122256,11,Ld,1,4.855277175102843e-17,0.0,0.0,0.0
113,Af_dropout,dropout,15,15,True,0.8842983767781593,1.7810572134122256,12,Lsp,1,8.26955334087063e-13,0.0,0.0,0.0
113,Af_dropout,dropout,15,15,True,0.8842983767781593,1.7810572134122256,13,Mi,1,0.6925619269340442,0.3085390160141074,1.1664901430817771,1.1664901430817771
113,Af_dropout,dropout,15,15,True,0.8842983767781593,1.7810572134122256,14,Pc,1,2.4222332575822313e-24,0.0,0.0,0.0
113,Af_dropout,dropout,15,15,True,0.8842983767781593,1.7810572134122256,15,Va,1,0.1812573035680122,0.4619995839524368,-1.3498524242990424,1.3498524242990424
113,Af_dropout,dropout,15,15,True,0.8842983767781593,1.7810572134122256,16,Vp,1,2.4222332575822313e-24,0.0548508899447166,-5.777443123144155,5.777443123144155
114,Ao_dropout,dropout,15,15,True,0.9504109277087182,1.8772900383647635,1,Af,1,2.4222332575822313e-24,0.0008109968486306,0.0,0.0
114,Ao_dropout,dropout,15,15,True,0.9504109277087182,1.8772900383647635,2,Ao,0,,,,
114,Ao_dropout,dropout,15,15,True,0.9504109277087182,1.8772900383647635,3,As,1,2.4222332575822313e-24,0.0,0.0,0.0
114,Ao_dropout,dropout,15,15,True,0.9504109277087182,1.8772900383647635,4,Bl.s,1,2.4222332575822313e-24,0.0,0.0,0.0
114,Ao_dropout,dropout,15,15,True,0.9504109277087182,1.8772900383647635,5,Col,1,0.0618393219345459,0.129975382789238,-1.0716419987184067,1.0716419987184067
114,Ao_dropout,dropout,15,15,True,0.9504109277087182,1.8772900383647635,6,Cs,1,0.0433845327494348,0.0035167443949217,3.6248684059600937,3.6248684059600937
114,Ao_dropout,dropout,15,15,True,0.9504109277087182,1.8772900383647635,7,Et,1,0.0006698808208528,6.113483725032972e-05,0.0,0.0
114,Ao_dropout,dropout,15,15,True,0.9504109277087182,1.8772900383647635,8,Eu.c,1,0.0057111114399895,0.0042184200051954,0.4370687923412096,0.4370687923412096
114,Ao_dropout,dropout,15,15,True,0.9504109277087182,1.8772900383647635,9,Eu.l,1,0.0,0.0,0.0,0.0
114,Ao_dropout,dropout,15,15,True,0.9504109277087182,1.8772900383647635,10,Im,1,0.0145759225522933,0.0186657624549203,-0.3568072420741581,0.3568072420741581
114,Ao_dropout,dropout,15,15,True,0.9504109277087182,1.8772900383647635,11,Ld,1,4.855277175102843e-17,0.0,0.0,0.0
114,Ao_dropout,dropout,15,15,True,0.9504109277087182,1.8772900383647635,12,Lsp,1,8.26955334087063e-13,0.0,0.0,0.0
114,Ao_dropout,dropout,15,15,True,0.9504109277087182,1.8772900383647635,13,Mi,1,0.6925619269340442,0.2611158149208512,1.4072532390892978,1.4072532390892978
114,Ao_dropout,dropout,15,15,True,0.9504109277087182,1.8772900383647635,14,Pc,1,2.4222332575822313e-24,0.0,0.0,0.0
114,Ao_dropout,dropout,15,15,True,0.9504109277087182,1.8772900383647635,15,Va,1,0.1812573035680122,0.5249733705651763,-1.534205115344363,1.534205115344363
114,Ao_dropout,dropout,15,15,True,0.9504109277087182,1.8772900383647635,16,Vp,1,2.4222332575822313e-24,0.056662373183816,-5.824319122103243,5.824319122103243
115,As_dropout,dropout,15,15,True,0.927713580528924,1.8897690017528452,1,Af,1,2.4222332575822313e-24,0.0008467518093087,0.0,0.0
115,As_dropout,dropout,15,15,True,0.927713580528924,1.8897690017528452,2,Ao,1,2.4222332575822313e-24,0.0,0.0,0.0
115,As_dropout,dropout,15,15,True,0.927713580528924,1.8897690017528452,3,As,0,,,,
115,As_dropout,dropout,15,15,True,0.927713580528924,1.8897690017528452,4,Bl.s,1,2.4222332575822313e-24,0.0,0.0,0.0
115,As_dropout,dropout,15,15,True,0.927713580528924,1.8897690017528452,5,Col,1,0.0618393219345459,0.1212344302299192,-0.9712030728746932,0.9712030728746932
115,As_dropout,dropout,15,15,True,0.927713580528924,1.8897690017528452,6,Cs,1,0.0433845327494348,0.004671300479717,3.2152846373764827,3.2152846373764827
115,As_dropout,dropout,15,15,True,0.927713580528924,1.8897690017528452,7,Et,1,0.0006698808208528,0.0001237202684729,0.0,0.0
115,As_dropout,dropout,15,15,True,0.927713580528924,1.8897690017528452,8,Eu.c,1,0.0057111114399895,0.004922328088265,0.2144307148923733,0.2144307148923733
115,As_dropout,dropout,15,15,True,0.927713580528924,1.8897690017528452,9,Eu.l,1,0.0,0.0,0.0,0.0
115,As_dropout,dropout,15,15,True,0.927713580528924,1.8897690017528452,10,Im,1,0.0145759225522933,0.0203418387871478,-0.4808628979028734,0.4808628979028734
115,As_dropout,dropout,15,15,True,0.927713580528924,1.8897690017528452,11,Ld,1,4.855277175102843e-17,0.0,0.0,0.0
115,As_dropout,dropout,15,15,True,0.927713580528924,1.8897690017528452,12,Lsp,1,8.26955334087063e-13,0.0,0.0,0.0
115,As_dropout,dropout,15,15,True,0.927713580528924,1.8897690017528452,13,Mi,1,0.6925619269340442,0.2652144013717238,1.3847839614829818,1.3847839614829818
115,As_dropout,dropout,15,15,True,0.927713580528924,1.8897690017528452,14,Pc,1,2.4222332575822313e-24,0.0,0.0,0.0
115,As_dropout,dropout,15,15,True,0.927713580528924,1.8897690017528452,15,Va,1,0.1812573035680122,0.511514421483678,-1.496735787310761,1.496735787310761
115,As_dropout,dropout,15,15,True,0.927713580528924,1.8897690017528452,16,Vp,1,2.4222332575822313e-24,0.0711308074817677,-6.1524026360936945,6.1524026360936945
116,Bl.s_dropout,dropout,15,15,True,0.9851092557286888,1.981989721814915,1,Af,1,2.4222332575822313e-24,0.0013375049371297,-0.4195442169413652,0.4195442169413652
116,Bl.s_dropout,dropout,15,15,True,0.9851092557286888,1.981989721814915,2,Ao,1,2.4222332575822313e-24,0.0,0.0,0.0
116,Bl.s_dropout,dropout,15,15,True,0.9851092557286888,1.981989721814915,3,As,1,2.4222332575822313e-24,0.0,0.0,0.0
116,Bl.s_dropout,dropout,15,15,True,0.9851092557286888,1.981989721814915,4,Bl.s,0,,,,
116,Bl.s_dropout,dropout,15,15,True,0.9851092557286888,1.981989721814915,5,Col,1,0.0618393219345459,0.1125023816734922,-0.8633591382206484,0.8633591382206484
116,Bl.s_dropout,dropout,15,15,True,0.9851092557286888,1.981989721814915,6,Cs,1,0.0433845327494348,0.0030683891688692,3.821627412495199,3.821627412495199
116,Bl.s_dropout,dropout,15,15,True,0.9851092557286888,1.981989721814915,7,Et,1,0.0006698808208528,9.7215408331621e-05,0.0,0.0
116,Bl.s_dropout,dropout,15,15,True,0.9851092557286888,1.981989721814915,8,Eu.c,1,0.0057111114399895,0.0067407975127691,-0.2391477527420162,0.2391477527420162
116,Bl.s_dropout,dropout,15,15,True,0.9851092557286888,1.981989721814915,9,Eu.l,1,0.0,0.0,0.0,0.0
116,Bl.s_dropout,dropout,15,15,True,0.9851092557286888,1.981989721814915,10,Im,1,0.0145759225522933,0.0174221450226347,-0.2573350615026253,0.2573350615026253
116,Bl.s_dropout,dropout,15,15,True,0.9851092557286888,1.981989721814915,11,Ld,1,4.855277175102843e-17,3.3313345326137664e-05,0.0,0.0
116,Bl.s_dropout,dropout,15,15,True,0.9851092557286888,1.981989721814915,12,Lsp,1,8.26955334087063e-13,0.0,0.0,0.0
116,Bl.s_dropout,dropout,15,15,True,0.9851092557286888,1.981989721814915,13,Mi,1,0.6925619269340442,0.2610908987381182,1.4073909104456932,1.4073909104456932
116,Bl.s_dropout,dropout,15,15,True,0.9851092557286888,1.981989721814915,14,Pc,1,2.4222332575822313e-24,0.0,0.0,0.0
116,Bl.s_dropout,dropout,15,15,True,0.9851092557286888,1.981989721814915,15,Va,1,0.1812573035680122,0.5220084622648689,-1.5260340663313805,1.5260340663313805
116,Bl.s_dropout,dropout,15,15,True,0.9851092557286888,1.981989721814915,16,Vp,1,2.4222332575822313e-24,0.0756988919284603,-6.242200277251404,6.242200277251404
117,Col_dropout,dropout,15,15,True,0.883523558526385,1.835359407429747,1,Af,1,2.5665321383910196e-24,0.0016616624094445,-0.732627307684958,0.732627307684958
117,Col_dropout,dropout,15,15,True,0.883523558526385,1.835359407429747,2,Ao,1,2.5665321383910196e-24,0.0,0.0,0.0
117,Col_dropout,dropout,15,15,True,0.883523558526385,1.835359407429747,3,As,1,2.5665321383910196e-24,0.0,0.0,0.0
117,Col_dropout,dropout,15,15,True,0.883523558526385,1.835359407429747,4,Bl.s,1,2.5665321383910196e-24,0.0,0.0,0.0
117,Col_dropout,dropout,15,15,True,0.883523558526385,1.835359407429747,5,Col,0,,,,
117,Col_dropout,dropout,15,15,True,0.883523558526385,1.835359407429747,6,Cs,1,0.0459690648132066,0.0112072964650443,2.0362250175729466,2.0362250175729466
117,Col_dropout,dropout,15,15,True,0.883523558526385,1.835359407429747,7,Et,1,0.0007251495481358,0.0003585706431799,0.0,0.0
117,Col_dropout,dropout,15,15,True,0.883523558526385,1.835359407429747,8,Eu.c,1,0.0130127219276504,0.0066949347270005,0.9587808734017992,0.9587808734017992
117,Col_dropout,dropout,15,15,True,0.883523558526385,1.835359407429747,9,Eu.l,1,0.0,0.0,0.0,0.0
117,Col_dropout,dropout,15,15,True,0.883523558526385,1.835359407429747,10,Im,1,0.0154442490458164,0.0242277345115251,-0.6495897837608792,0.6495897837608792
117,Col_dropout,dropout,15,15,True,0.883523558526385,1.835359407429747,11,Ld,1,1.642248624240673e-16,0.0,0.0,0.0
117,Col_dropout,dropout,15,15,True,0.883523558526385,1.835359407429747,12,Lsp,1,4.3292956179265815e-12,0.0,0.0,0.0
117,Col_dropout,dropout,15,15,True,0.883523558526385,1.835359407429747,13,Mi,1,0.7327927017502085,0.3593213040779329,1.0281306600485116,1.0281306600485116
117,Col_dropout,dropout,15,15,True,0.883523558526385,1.835359407429747,14,Pc,1,2.5665321383910196e-24,0.0,0.0,0.0
117,Col_dropout,dropout,15,15,True,0.883523558526385,1.835359407429747,15,Va,1,0.1920561129106527,0.5097520259182304,-1.408267720172128,1.408267720172128
117,Col_dropout,dropout,15,15,True,0.883523558526385,1.835359407429747,16,Vp,1,2.5665321383910196e-24,0.0867764712476423,-6.439232015254553,6.439232015254553
118,Cs_dropout,dropout,15,15,True,1.263104929517327,2.4721525184914728,1,Af,1,2.3164622269934312e-24,0.0007272122505292,0.0,0.0
118,Cs_dropout,dropout,15,15,True,1.263104929517327,2.4721525184914728,2,Ao,1,2.3164622269934312e-24,0.0,0.0,0.0
118,Cs_dropout,dropout,15,15,True,1.263104929517327,2.4721525184914728,3,As,1,2.3164622269934312e-24,0.0,0.0,0.0
118,Cs_dropout,dropout,15,15,True,1.263104929517327,2.4721525184914728,4,Bl.s,1,2.3164622269934312e-24,0.0,0.0,0.0
118,Cs_dropout,dropout,15,15,True,1.263104929517327,2.4721525184914728,5,Col,1,0.0591390003237122,0.0275160708784844,1.103835379589134,1.103835379589134
118,Cs_dropout,dropout,15,15,True,1.263104929517327,2.4721525184914728,6,Cs,0,,,,
118,Cs_dropout,dropout,15,15,True,1.263104929517327,2.4721525184914728,7,Et,1,0.0006544946435898,6.139866150917911e-05,0.0,0.0
118,Cs_dropout,dropout,15,15,True,1.263104929517327,2.4721525184914728,8,Eu.c,1,0.1058661775072191,0.0530239459663881,0.9975258031186296,0.9975258031186296
118,Cs_dropout,dropout,15,15,True,1.263104929517327,2.4721525184914728,9,Eu.l,1,0.0,0.0,0.0,0.0
118,Cs_dropout,dropout,15,15,True,1.263104929517327,2.4721525184914728,10,Im,1,0.013939439527666,0.0736486548558175,-2.401486620655263,2.401486620655263
118,Cs_dropout,dropout,15,15,True,1.263104929517327,2.4721525184914728,11,Ld,1,4.957415831950527e-13,0.0,0.0,0.0
118,Cs_dropout,dropout,15,15,True,1.263104929517327,2.4721525184914728,12,Lsp,1,7.916901247250583e-08,0.0003072439341269,0.0,0.0
118,Cs_dropout,dropout,15,15,True,1.263104929517327,2.4721525184914728,13,Mi,1,0.6470450442103758,0.0170688278995517,5.244430250946853,5.244430250946853
118,Cs_dropout,dropout,15,15,True,1.263104929517327,2.4721525184914728,14,Pc,1,2.3164622269934312e-24,0.0,0.0,0.0
118,Cs_dropout,dropout,15,15,True,1.263104929517327,2.4721525184914728,15,Va,1,0.1733557646179286,0.6771541941588974,-1.9657485745379015,1.9657485745379015
118,Cs_dropout,dropout,15,15,True,1.263104929517327,2.4721525184914728,16,Vp,1,2.3164622269934312e-24,0.1504924513946954,-7.233547313912126,7.233547313912126
119,Et_dropout,dropout,15,15,True,0.9624732282746664,1.9765672395303897,1,Af,1,2.4216271165653573e-24,0.0009070739909701,0.0,0.0
119,Et_dropout,dropout,15,15,True,0.9624732282746664,1.9765672395303897,2,Ao,1,2.4216271165653573e-24,0.0,0.0,0.0
119,Et_dropout,dropout,15,15,True,0.9624732282746664,1.9765672395303897,3,As,1,2.4216271165653573e-24,0.0,0.0,0.0
119,Et_dropout,dropout,15,15,True,0.9624732282746664,1.9765672395303897,4,Bl.s,1,2.4216271165653573e-24,0.0,0.0,0.0
119,Et_dropout,dropout,15,15,True,0.9624732282746664,1.9765672395303897,5,Col,1,0.0618238472277385,0.0557439320543749,0.1493486636957021,0.1493486636957021
119,Et_dropout,dropout,15,15,True,0.9624732282746664,1.9765672395303897,6,Cs,1,0.0433736761794844,0.0068347389631486,2.66586158181315,2.66586158181315
119,Et_dropout,dropout,15,15,True,0.9624732282746664,1.9765672395303897,7,Et,0,,,,
119,Et_dropout,dropout,15,15,True,0.9624732282746664,1.9765672395303897,8,Eu.c,1,0.0068337998263214,0.0021551131312424,1.6649243847553423,1.6649243847553423
119,Et_dropout,dropout,15,15,True,0.9624732282746664,1.9765672395303897,9,Eu.l,1,0.0,0.0,0.0,0.0
119,Et_dropout,dropout,15,15,True,0.9624732282746664,1.9765672395303897,10,Im,1,0.0145722750652108,0.0204583223827205,-0.4894617138253347,0.4894617138253347
119,Et_dropout,dropout,15,15,True,0.9624732282746664,1.9765672395303897,11,Ld,1,5.4809989298873967e-17,0.0,0.0,0.0
119,Et_dropout,dropout,15,15,True,0.9624732282746664,1.9765672395303897,12,Lsp,1,9.847614822317378e-13,0.0,0.0,0.0
119,Et_dropout,dropout,15,15,True,0.9624732282746664,1.9765672395303897,13,Mi,1,0.6921842555966772,0.2881942852305519,1.264114398605824,1.264114398605824
119,Et_dropout,dropout,15,15,True,0.9624732282746664,1.9765672395303897,14,Pc,1,2.4216271165653573e-24,0.0,0.0,0.0
119,Et_dropout,dropout,15,15,True,0.9624732282746664,1.9765672395303897,15,Va,1,0.1812121461035827,0.5237167719496207,-1.5311071494932145,1.5311071494932145
119,Et_dropout,dropout,15,15,True,0.9624732282746664,1.9765672395303897,16,Vp,1,2.4216271165653573e-24,0.1019897622973708,-6.67228053193143,6.67228053193143
120,Eu.c_dropout,dropout,15,15,True,0.8393976655279102,1.824878191566692,1,Af,1,2.4266905812485393e-24,0.0010308919275757,-0.043893097281263,0.043893097281263
120,Eu.c_dropout,dropout,15,15,True,0.8393976655279102,1.824878191566692,2,Ao,1,2.4266905812485393e-24,0.0,0.0,0.0
120,Eu.c_dropout,dropout,15,15,True,0.8393976655279102,1.824878191566692,3,As,1,2.4266905812485393e-24,0.0,0.0,0.0
120,Eu.c_dropout,dropout,15,15,True,0.8393976655279102,1.824878191566692,4,Bl.s,1,2.4266905812485393e-24,0.0,0.0,0.0
120,Eu.c_dropout,dropout,15,15,True,0.8393976655279102,1.824878191566692,5,Col,1,0.0619531168683346,0.0760816290877158,-0.2963712717011392,0.2963712717011392
120,Eu.c_dropout,dropout,15,15,True,0.8393976655279102,1.824878191566692,6,Cs,1,0.0434643677132933,0.0069232191113459,2.6503182440225,2.6503182440225
120,Eu.c_dropout,dropout,15,15,True,0.8393976655279102,1.824878191566692,7,Et,1,0.0006712846205494,0.0,0.0,0.0
120,Eu.c_dropout,dropout,15,15,True,0.8393976655279102,1.824878191566692,8,Eu.c,0,,,,
120,Eu.c_dropout,dropout,15,15,True,0.8393976655279102,1.824878191566692,9,Eu.l,1,0.0032504724094773,0.0032694246288055,-0.0083873563307121,0.0083873563307121
120,Eu.c_dropout,dropout,15,15,True,0.8393976655279102,1.824878191566692,10,Im,1,0.0146027447438998,0.0195059763892386,-0.41767665083284,0.41767665083284
120,Eu.c_dropout,dropout,15,15,True,0.8393976655279102,1.824878191566692,11,Ld,1,4.8936885986891764e-17,0.0,0.0,0.0
120,Eu.c_dropout,dropout,15,15,True,0.8393976655279102,1.824878191566692,12,Lsp,1,8.406271547245609e-13,0.0,0.0,0.0
120,Eu.c_dropout,dropout,15,15,True,0.8393976655279102,1.824878191566692,13,Mi,1,0.6944678947015855,0.2657175373886287,1.3860145508449406,1.3860145508449406
120,Eu.c_dropout,dropout,15,15,True,0.8393976655279102,1.824878191566692,14,Pc,1,2.4266905812485393e-24,0.0,0.0,0.0
120,Eu.c_dropout,dropout,15,15,True,0.8393976655279102,1.824878191566692,15,Va,1,0.1815901189420191,0.555163673492661,-1.6122274680342128,1.6122274680342128
120,Eu.c_dropout,dropout,15,15,True,0.8393976655279102,1.824878191566692,16,Vp,1,2.4266905812485393e-24,0.0723076479740287,-6.1760763438710455,6.1760763438710455
121,Eu.l_dropout,dropout,15,15,True,0.96191680299262,1.9031117210043769,1,Af,1,2.4286255971337214e-24,0.0006960772469899,0.0,0.0
121,Eu.l_dropout,dropout,15,15,True,0.96191680299262,1.9031117210043769,2,Ao,1,2.4286255971337214e-24,0.0,0.0,0.0
121,Eu.l_dropout,dropout,15,15,True,0.96191680299262,1.9031117210043769,3,As,1,2.4286255971337214e-24,0.0,0.0,0.0
121,Eu.l_dropout,dropout,15,15,True,0.96191680299262,1.9031117210043769,4,Bl.s,1,2.4286255971337214e-24,0.0,0.0,0.0
121,Eu.l_dropout,dropout,15,15,True,0.96191680299262,1.9031117210043769,5,Col,1,0.0620025175897134,0.1729277755653137,-1.4797709105754362,1.4797709105754362
121,Eu.l_dropout,dropout,15,15,True,0.96191680299262,1.9031117210043769,6,Cs,1,0.0434990257132107,0.0045716132205799,3.250207832766325,3.250207832766325
121,Eu.l_dropout,dropout,15,15,True,0.96191680299262,1.9031117210043769,7,Et,1,0.0006716887076952,4.5838967706447266e-05,0.0,0.0
121,Eu.l_dropout,dropout,15,15,True,0.96191680299262,1.9031117210043769,8,Eu.c,1,0.0025404234392001,0.0060817488847449,-1.2594172625003013,1.2594172625003013
121,Eu.l_dropout,dropout,15,15,True,0.96191680299262,1.9031117210043769,9,Eu.l,0,,,,
121,Eu.l_dropout,dropout,15,15,True,0.96191680299262,1.9031117210043769,10,Im,1,0.0146143888089755,0.0143335274921097,0.0279957935405093,0.0279957935405093
121,Eu.l_dropout,dropout,15,15,True,0.96191680299262,1.9031117210043769,11,Ld,1,4.8735857699901585e-17,0.0,0.0,0.0
121,Eu.l_dropout,dropout,15,15,True,0.96191680299262,1.9031117210043769,12,Lsp,1,8.327415816634651e-13,0.0,0.0,0.0
121,Eu.l_dropout,dropout,15,15,True,0.96191680299262,1.9031117210043769,13,Mi,1,0.6949368265296845,0.3199520925300688,1.119025933258169,1.119025933258169
121,Eu.l_dropout,dropout,15,15,True,0.96191680299262,1.9031117210043769,14,Pc,1,2.4286255971337214e-24,0.0,0.0,0.0
121,Eu.l_dropout,dropout,15,15,True,0.96191680299262,1.9031117210043769,15,Va,1,0.1817351292106875,0.4122974414176135,-1.1818481903895357,1.1818481903895357
121,Eu.l_dropout,dropout,15,15,True,0.96191680299262,1.9031117210043769,16,Vp,1,2.4286255971337214e-24,0.069093884674873,-6.110486121859024,6.110486121859024
122,Im_dropout,dropout,15,15,True,1.1310529436966514,2.1156250793023323,1,Af,1,2.2541604631798336e-24,0.0016039187986504,-0.6816011045423548,0.6816011045423548
122,Im_dropout,dropout,15,15,True,1.1310529436966514,2.1156250793023323,2,Ao,1,2.2541604631798336e-24,0.0,0.0,0.0
122,Im_dropout,dropout,15,15,True,1.1310529436966514,2.1156250793023323,3,As,1,2.2541604631798336e-24,0.0,0.0,0.0
122,Im_dropout,dropout,15,15,True,1.1310529436966514,2.1156250793023323,4,Bl.s,1,2.2541604631798336e-24,0.0,0.0,0.0
122,Im_dropout,dropout,15,15,True,1.1310529436966514,2.1156250793023323,5,Col,1,0.0575484438331268,0.090095025770695,-0.6466705387330624,0.6466705387330624
122,Im_dropout,dropout,15,15,True,1.1310529436966514,2.1156250793023323,6,Cs,1,0.0403741869744296,0.0066216425577766,2.608172168198436,2.608172168198436
122,Im_dropout,dropout,15,15,True,1.1310529436966514,2.1156250793023323,7,Et,1,0.0006368918654279,2.989469593357399e-05,0.0,0.0
122,Im_dropout,dropout,15,15,True,1.1310529436966514,2.1156250793023323,8,Eu.c,1,0.1031100433385198,0.0035564125077282,4.857618381858344,4.857618381858344
122,Im_dropout,dropout,15,15,True,1.1310529436966514,2.1156250793023323,9,Eu.l,1,0.0,0.0,0.0,0.0
122,Im_dropout,dropout,15,15,True,1.1310529436966514,2.1156250793023323,10,Im,0,,,,
122,Im_dropout,dropout,15,15,True,1.1310529436966514,2.1156250793023323,11,Ld,1,1.2463453421594037e-15,8.221041381732848e-05,0.0,0.0
122,Im_dropout,dropout,15,15,True,1.1310529436966514,2.1156250793023323,12,Lsp,1,4.4050183983046295e-11,0.0,0.0,0.0
122,Im_dropout,dropout,15,15,True,1.1310529436966514,2.1156250793023323,13,Mi,1,0.6296371826103203,0.3412644192240733,0.8836307357332539,0.8836307357332539
122,Im_dropout,dropout,15,15,True,1.1310529436966514,2.1156250793023323,14,Pc,1,2.2541604631798336e-24,0.0,0.0,0.0
122,Im_dropout,dropout,15,15,True,1.1310529436966514,2.1156250793023323,15,Va,1,0.168693251334124,0.5044843475551175,-1.5804072490981482,1.5804072490981482
122,Im_dropout,dropout,15,15,True,1.1310529436966514,2.1156250793023323,16,Vp,1,2.2541604631798336e-24,0.052262128476208,-5.707693977286172,5.707693977286172
123,Ld_dropout,dropout,15,15,True,1.0970034457235054,2.0003785296922048,1,Af,1,2.4222187239485442e-24,0.001081845205736,-0.1134940879881623,0.1134940879881623
123,Ld_dropout,dropout,15,15,True,1.0970034457235054,2.0003785296922048,2,Ao,1,2.4222187239485442e-24,0.0,0.0,0.0
123,Ld_dropout,dropout,15,15,True,1.0970034457235054,2.0003785296922048,3,As,1,2.4222187239485442e-24,0.0,0.0,0.0
123,Ld_dropout,dropout,15,15,True,1.0970034457235054,2.0003785296922048,4,Bl.s,1,2.4222187239485442e-24,0.0,0.0,0.0
123,Ld_dropout,dropout,15,15,True,1.0970034457235054,2.0003785296922048,5,Col,1,0.0618389508926367,0.0741406512554245,-0.2617489439967713,0.2617489439967713
123,Ld_dropout,dropout,15,15,True,1.0970034457235054,2.0003785296922048,6,Cs,1,0.0433842724380446,0.0053846462860248,3.0102486518351403,3.0102486518351403
123,Ld_dropout,dropout,15,15,True,1.0970034457235054,2.0003785296922048,7,Et,1,0.000669905452413,3.318235362434259e-05,0.0,0.0
123,Ld_dropout,dropout,15,15,True,1.0970034457235054,2.0003785296922048,8,Eu.c,1,0.0057183930326527,0.0205775446131698,-1.84738915811507,1.84738915811507
123,Ld_dropout,dropout,15,15,True,1.0970034457235054,2.0003785296922048,9,Eu.l,1,0.0,0.0,0.0,0.0
123,Ld_dropout,dropout,15,15,True,1.0970034457235054,2.0003785296922048,10,Im,1,0.014575835095349,0.0363631117537445,-1.3188971203459845,1.3188971203459845
123,Ld_dropout,dropout,15,15,True,1.0970034457235054,2.0003785296922048,11,Ld,0,,,,
123,Ld_dropout,dropout,15,15,True,1.0970034457235054,2.0003785296922048,12,Lsp,1,8.278401322861249e-13,0.0,0.0,0.0
123,Ld_dropout,dropout,15,15,True,1.0970034457235054,2.0003785296922048,13,Mi,1,0.6925564257470532,0.1829186103457885,1.9207297549544096,1.9207297549544096
123,Ld_dropout,dropout,15,15,True,1.0970034457235054,2.0003785296922048,14,Pc,1,2.4222187239485442e-24,0.0,0.0,0.0
123,Ld_dropout,dropout,15,15,True,1.0970034457235054,2.0003785296922048,15,Va,1,0.1812562173410226,0.6035430532106303,-1.7354262055994836,1.7354262055994836
123,Ld_dropout,dropout,15,15,True,1.0970034457235054,2.0003785296922048,16,Vp,1,2.4222187239485442e-24,0.0759573549758572,-6.247117763017562,6.247117763017562
124,Lsp_dropout,dropout,15,15,True,1.0341660300254862,1.994016774968067,1,Af,1,2.4222301783398396e-24,0.0015288685136006,-0.6124643367620078,0.6124643367620078
124,Lsp_dropout,dropout,15,15,True,1.0341660300254862,1.994016774968067,2,Ao,1,2.4222301783398396e-24,0.0,0.0,0.0
124,Lsp_dropout,dropout,15,15,True,1.0341660300254862,1.994016774968067,3,As,1,2.4222301783398396e-24,0.0,0.0,0.0
124,Lsp_dropout,dropout,15,15,True,1.0341660300254862,1.994016774968067,4,Bl.s,1,2.4222301783398396e-24,0.0,0.0,0.0
124,Lsp_dropout,dropout,15,15,True,1.0341660300254862,1.994016774968067,5,Col,1,0.0618392433218603,0.1142728620769906,-0.8858882565536011,0.8858882565536011
124,Lsp_dropout,dropout,15,15,True,1.0341660300254862,1.994016774968067,6,Cs,1,0.0433844775972351,0.0042077285395133,3.366065419776843,3.366065419776843
124,Lsp_dropout,dropout,15,15,True,1.0341660300254862,1.994016774968067,7,Et,1,0.0006698838238251,0.0,0.0,0.0
124,Lsp_dropout,dropout,15,15,True,1.0341660300254862,1.994016774968067,8,Eu.c,1,0.0057126511762492,0.0092754162911118,-0.6992515936509647,0.6992515936509647
124,Lsp_dropout,dropout,15,15,True,1.0341660300254862,1.994016774968067,9,Eu.l,1,0.0,0.0,0.0,0.0
124,Lsp_dropout,dropout,15,15,True,1.0341660300254862,1.994016774968067,10,Im,1,0.0145759040227819,0.0192714184618907,-0.4028773996540963,0.4028773996540963
124,Lsp_dropout,dropout,15,15,True,1.0341660300254862,1.994016774968067,11,Ld,1,4.855988463051477e-17,0.0,0.0,0.0
124,Lsp_dropout,dropout,15,15,True,1.0341660300254862,1.994016774968067,12,Lsp,0,,,,
124,Lsp_dropout,dropout,15,15,True,1.0341660300254862,1.994016774968067,13,Mi,1,0.6925607666372282,0.2369811497669361,1.5471683544590022,1.5471683544590022
124,Lsp_dropout,dropout,15,15,True,1.0341660300254862,1.994016774968067,14,Pc,1,2.4222301783398396e-24,0.0,0.0,0.0
124,Lsp_dropout,dropout,15,15,True,1.0341660300254862,1.994016774968067,15,Va,1,0.1812570734208199,0.526385625421275,-1.5380827960712022,1.5380827960712022
124,Lsp_dropout,dropout,15,15,True,1.0341660300254862,1.994016774968067,16,Vp,1,2.4222301783398396e-24,0.0880769309286819,-6.460692293454577,6.460692293454577
125,Mi_dropout,dropout,15,15,True,1.1598458886255831,2.3586728851289607,1,Af,1,2.5167727891613255e-24,0.0005129769552042,0.0,0.0
125,Mi_dropout,dropout,15,15,True,1.1598458886255831,2.3586728851289607,2,Ao,1,2.5167727891613255e-24,0.0,0.0,0.0
125,Mi_dropout,dropout,15,15,True,1.1598458886255831,2.3586728851289607,3,As,1,2.5167727891613255e-24,0.0,0.0,0.0
125,Mi_dropout,dropout,15,15,True,1.1598458886255831,2.3586728851289607,4,Bl.s,1,2.5167727891613255e-24,0.0,0.0,0.0
125,Mi_dropout,dropout,15,15,True,1.1598458886255831,2.3586728851289607,5,Col,1,0.0642529047348648,0.0681787499506301,-0.0855604711727514,0.0855604711727514
125,Mi_dropout,dropout,15,15,True,1.1598458886255831,2.3586728851289607,6,Cs,1,0.0450778268989848,0.0066130654809982,2.769026876111408,2.769026876111408
125,Mi_dropout,dropout,15,15,True,1.1598458886255831,2.3586728851289607,7,Et,1,0.0006974289054147,0.0,0.0,0.0
125,Mi_dropout,dropout,15,15,True,1.1598458886255831,2.3586728851289607,8,Eu.c,1,0.6857963340979613,0.0362602342590646,4.241320041665643,4.241320041665643
125,Mi_dropout,dropout,15,15,True,1.1598458886255831,2.3586728851289607,9,Eu.l,1,0.0,0.0,0.0,0.0
125,Mi_dropout,dropout,15,15,True,1.1598458886255831,2.3586728851289607,10,Im,1,0.0151448194106423,0.0333236688571448,-1.1377228714614722,1.1377228714614722
125,Mi_dropout,dropout,15,15,True,1.1598458886255831,2.3586728851289607,11,Ld,1,9.401749806352793e-16,0.0,0.0,0.0
125,Mi_dropout,dropout,15,15,True,1.1598458886255831,2.3586728851289607,12,Lsp,1,1.8339962945025058e-10,0.0,0.0,0.0
125,Mi_dropout,dropout,15,15,True,1.1598458886255831,2.3586728851289607,13,Mi,0,,,,
125,Mi_dropout,dropout,15,15,True,1.1598458886255831,2.3586728851289607,14,Pc,1,2.5167727891613255e-24,0.0,0.0,0.0
125,Mi_dropout,dropout,15,15,True,1.1598458886255831,2.3586728851289607,15,Va,1,0.1890306857687313,0.7002533696521505,-1.88925657130325,1.88925657130325
125,Mi_dropout,dropout,15,15,True,1.1598458886255831,2.3586728851289607,16,Vp,1,2.5167727891613255e-24,0.1548579348448075,-7.274801497669221,7.274801497669221
126,Pc_dropout,dropout,15,15,True,0.8793397706196242,1.886252492490099,1,Af,1,2.4222332575822313e-24,0.0011428714187604,-0.1926630991328206,0.1926630991328206
126,Pc_dropout,dropout,15,15,True,0.8793397706196242,1.886252492490099,2,Ao,1,2.4222332575822313e-24,0.0,0.0,0.0
126,Pc_dropout,dropout,15,15,True,0.8793397706196242,1.886252492490099,3,As,1,2.4222332575822313e-24,0.0,0.0,0.0
126,Pc_dropout,dropout,15,15,True,0.8793397706196242,1.886252492490099,4,Bl.s,1,2.4222332575822313e-24,0.0,0.0,0.0
126,Pc_dropout,dropout,15,15,True,0.8793397706196242,1.886252492490099,5,Col,1,0.0618393219345459,0.0932064951207087,-0.5919059927288532,0.5919059927288532
126,Pc_dropout,dropout,15,15,True,0.8793397706196242,1.886252492490099,6,Cs,1,0.0433845327494348,0.0061189899506851,2.8258153565235795,2.8258153565235795
126,Pc_dropout,dropout,15,15,True,0.8793397706196242,1.886252492490099,7,Et,1,0.0006698808208528,6.591740549091991e-05,0.0,0.0
126,Pc_dropout,dropout,15,15,True,0.8793397706196242,1.886252492490099,8,Eu.c,1,0.0057111114399895,0.0061113955592461,-0.0977303263444495,0.0977303263444495
126,Pc_dropout,dropout,15,15,True,0.8793397706196242,1.886252492490099,9,Eu.l,1,0.0,0.0,0.0,0.0
126,Pc_dropout,dropout,15,15,True,0.8793397706196242,1.886252492490099,10,Im,1,0.0145759225522933,0.0192965347834863,-0.4047545970471518,0.4047545970471518
126,Pc_dropout,dropout,15,15,True,0.8793397706196242,1.886252492490099,11,Ld,1,4.855277175102843e-17,0.0,0.0,0.0
126,Pc_dropout,dropout,15,15,True,0.8793397706196242,1.886252492490099,12,Lsp,1,8.26955334087063e-13,0.0,0.0,0.0
126,Pc_dropout,dropout,15,15,True,0.8793397706196242,1.886252492490099,13,Mi,1,0.6925619269340442,0.2979564411605207,1.2168416429801965,1.2168416429801965
126,Pc_dropout,dropout,15,15,True,0.8793397706196242,1.886252492490099,14,Pc,0,,,,
126,Pc_dropout,dropout,15,15,True,0.8793397706196242,1.886252492490099,15,Va,1,0.1812573035680122,0.490167851203814,-1.435236736661828,1.435236736661828
126,Pc_dropout,dropout,15,15,True,0.8793397706196242,1.886252492490099,16,Vp,1,2.4222332575822313e-24,0.0859335033972876,-6.425148807875484,6.425148807875484
127,Va_dropout,dropout,15,15,True,1.901055003686945,3.538613529885313,1,Af,1,1.9634877958785648e-24,0.0004150474597747,0.0,0.0
127,Va_dropout,dropout,15,15,True,1.901055003686945,3.538613529885313,2,Ao,1,1.9634877958785648e-24,0.0,0.0,0.0
127,Va_dropout,dropout,15,15,True,1.901055003686945,3.538613529885313,3,As,1,1.9634877958785648e-24,0.0,0.0,0.0
127,Va_dropout,dropout,15,15,True,1.901055003686945,3.538613529885313,4,Bl.s,1,1.9634877958785648e-24,0.0,0.0,0.0
127,Va_dropout,dropout,15,15,True,1.901055003686945,3.538613529885313,5,Col,1,0.0501276058132748,0.0316851073458476,0.661800426754206,0.661800426754206
127,Va_dropout,dropout,15,15,True,1.901055003686945,3.538613529885313,6,Cs,1,0.0351679592858192,0.0434255272354962,-0.3042817438243848,0.3042817438243848
127,Va_dropout,dropout,15,15,True,1.901055003686945,3.538613529885313,7,Et,1,0.000554765033585,5.38829393143396e-05,0.0,0.0
127,Va_dropout,dropout,15,15,True,1.901055003686945,3.538613529885313,8,Eu.c,1,0.0535361952025763,0.0129884555431283,2.043284720664453,2.043284720664453
127,Va_dropout,dropout,15,15,True,1.901055003686945,3.538613529885313,9,Eu.l,1,0.0,0.0,0.0,0.0
127,Va_dropout,dropout,15,15,True,1.901055003686945,3.538613529885313,10,Im,1,0.0118153963725467,0.0315355946766541,-1.4163131104304183,1.4163131104304183
127,Va_dropout,dropout,15,15,True,1.901055003686945,3.538613529885313,11,Ld,1,0.1151581958331437,0.0,6.847473281470494,6.847473281470494
127,Va_dropout,dropout,15,15,True,1.901055003686945,3.538613529885313,12,Lsp,1,0.1229283875830805,0.0,6.941674302362339,6.941674302362339
127,Va_dropout,dropout,15,15,True,1.901055003686945,3.538613529885313,13,Mi,1,0.6107114948759735,0.2870105874688664,1.0893870428597303,1.0893870428597303
127,Va_dropout,dropout,15,15,True,1.901055003686945,3.538613529885313,14,Pc,1,1.9634877958785648e-24,0.0,0.0,0.0
127,Va_dropout,dropout,15,15,True,1.901055003686945,3.538613529885313,15,Va,0,,,,
127,Va_dropout,dropout,15,15,True,1.901055003686945,3.538613529885313,16,Vp,1,1.9634877958785648e-24,0.5928857973309183,-9.211610426938144,9.211610426938144
128,Vp_dropout,dropout,15,15,True,0.5430578905846178,1.0204445060755254,1,Af,1,2.4222332575822313e-24,0.0007783649423654,0.0,0.0
128,Vp_dropout,dropout,15,15,True,0.5430578905846178,1.0204445060755254,2,Ao,1,2.4222332575822313e-24,0.0,0.0,0.0
128,Vp_dropout,dropout,15,15,True,0.5430578905846178,1.0204445060755254,3,As,1,2.4222332575822313e-24,0.0,0.0,0.0
128,Vp_dropout,dropout,15,15,True,0.5430578905846178,1.0204445060755254,4,Bl.s,1,2.4222332575822313e-24,0.0,0.0,0.0
128,Vp_dropout,dropout,15,15,True,0.5430578905846178,1.0204445060755254,5,Col,1,0.0618393219345459,0.0980632047065791,-0.6651874094217652,0.6651874094217652
128,Vp_dropout,dropout,15,15,True,0.5430578905846178,1.0204445060755254,6,Cs,1,0.0433845327494348,0.0054305126153215,2.9980204981276826,2.9980204981276826
128,Vp_dropout,dropout,15,15,True,0.5430578905846178,1.0204445060755254,7,Et,1,0.0006698808208528,0.0,0.0,0.0
128,Vp_dropout,dropout,15,15,True,0.5430578905846178,1.0204445060755254,8,Eu.c,1,0.0057111114399895,0.0021154407561074,1.4328132530218392,1.4328132530218392
128,Vp_dropout,dropout,15,15,True,0.5430578905846178,1.0204445060755254,9,Eu.l,1,0.0,0.0,0.0,0.0
128,Vp_dropout,dropout,15,15,True,0.5430578905846178,1.0204445060755254,10,Im,1,0.0145759225522933,0.0171358574256984,-0.2334311830367893,0.2334311830367893
128,Vp_dropout,dropout,15,15,True,0.5430578905846178,1.0204445060755254,11,Ld,1,4.855277175102843e-17,0.0,0.0,0.0
128,Vp_dropout,dropout,15,15,True,0.5430578905846178,1.0204445060755254,12,Lsp,1,8.26955334087063e-13,0.0,0.0,0.0
128,Vp_dropout,dropout,15,15,True,0.5430578905846178,1.0204445060755254,13,Mi,1,0.6925619269340442,0.308229701622566,1.1679371891572463,1.1679371891572463
128,Vp_dropout,dropout,15,15,True,0.5430578905846178,1.0204445060755254,14,Pc,1,2.4222332575822313e-24,0.0,0.0,0.0
128,Vp_dropout,dropout,15,15,True,0.5430578905846178,1.0204445060755254,15,Va,1,0.1812573035680122,0.5682469179313622,-1.6484788260039434,1.6484788260039434
128,Vp_dropout,dropout,15,15,True,0.5430578905846178,1.0204445060755254,16,Vp,0,,,,
129,Full_community,full_community,16,16,True,0.7413619245958689,1.7048133172131326,1,Af,1,2.4222332575822313e-24,0.0008873012449485,0.0,0.0
129,Full_community,full_community,16,16,True,0.7413619245958689,1.7048133172131326,2,Ao,1,2.4222332575822313e-24,0.0,0.0,0.0
129,Full_community,full_community,16,16,True,0.7413619245958689,1.7048133172131326,3,As,1,2.4222332575822313e-24,0.0,0.0,0.0
129,Full_community,full_community,16,16,True,0.7413619245958689,1.7048133172131326,4,Bl.s,1,2.4222332575822313e-24,0.0,0.0,0.0
129,Full_community,full_community,16,16,True,0.7413619245958689,1.7048133172131326,5,Col,1,0.0618393219345459,0.0583693547912457,0.0833133793536876,0.0833133793536876
129,Full_community,full_community,16,16,True,0.7413619245958689,1.7048133172131326,6,Cs,1,0.0433845327494348,0.0043142339854725,3.330004462150621,3.330004462150621
129,Full_community,full_community,16,16,True,0.7413619245958689,1.7048133172131326,7,Et,1,0.0006698808208528,0.0001999074660355,0.0,0.0
129,Full_community,full_community,16,16,True,0.7413619245958689,1.7048133172131326,8,Eu.c,1,0.0057111114399895,0.0057337689854427,-0.0057122433705055,0.0057122433705055
129,Full_community,full_community,16,16,True,0.7413619245958689,1.7048133172131326,9,Eu.l,1,0.0,0.0,0.0,0.0
129,Full_community,full_community,16,16,True,0.7413619245958689,1.7048133172131326,10,Im,1,0.0145759225522933,0.0164398541764449,-0.1736103035344089,0.1736103035344089
129,Full_community,full_community,16,16,True,0.7413619245958689,1.7048133172131326,11,Ld,1,4.855277175102843e-17,3.2831665484726724e-05,0.0,0.0
129,Full_community,full_community,16,16,True,0.7413619245958689,1.7048133172131326,12,Lsp,1,8.26955334087063e-13,0.0,0.0,0.0
129,Full_community,full_community,16,16,True,0.7413619245958689,1.7048133172131326,13,Mi,1,0.6925619269340442,0.3297961764086909,1.0703684060980698,1.0703684060980698
129,Full_community,full_community,16,16,True,0.7413619245958689,1.7048133172131326,14,Pc,1,2.4222332575822313e-24,0.0,0.0,0.0
129,Full_community,full_community,16,16,True,0.7413619245958689,1.7048133172131326,15,Va,1,0.1812573035680122,0.5343978013497286,-1.559874944061889,1.559874944061889
129,Full_community,full_community,16,16,True,0.7413619245958689,1.7048133172131326,16,Vp,1,2.4222332575822313e-24,0.0498287699265059,-5.638907054964721,5.638907054964721
