Sample ID,Experiment ID,growth_qc,,Growth Well ID,16S Well ID,Media,Protocol,Initial OD,Final OD,Growth curve time,Growth curve OD,Notes,Data location,,Ai,Ac,Bfi,Bf,Bt,Bu,Bx,Ba,Csp,Dl,Ls,Mf,Pm,Bd,Bv,Rg,Bb,Bbi,Bc,Bl,Bt47,Bt61,Pg,Pj,Af,Ao,As,Bl.s,Col,Cs,Et,Eu.c,Eu.l,Im,Ld,Lsp,Mi,Pc,Va,Vp
2024930_WZY_DM_assembly_Plate1A10,2024930_WZY_DM_assembly_Plate1,,,A10,Plate1_A10,Galactose,cycle 5,,0.8905,48 h,,"growth curve data NA, so 48 h label rather than 0: 0.05:48 was used",Ho lab/7_Shared data/16s rRNA/Raw reads/2024930_DM_assembly/Plate1,,0.00994371510487,0.000865969183307,0,0.000865969183307,0.00197082641718,0.00438956792918,0.0057034522073,0.178359790755,0.00261283805308,0.0690834381235,0.00510623208088,0.0000298610063209,0.00229929748671,0.0255610214107,0,0,0,0,0.00110485723387,0,0,0,0,0,0,0,0.000477776101135,0,0.0788629176936,0.00974961856379,0.00316526667002,0.0292787166977,0,0.00813712422246,0,0,0,0,0.124595048874,0.328336695002
2024930_WZY_DM_assembly_Plate1A11,2024930_WZY_DM_assembly_Plate1,,,A11,Plate1_A11,Galactose,cycle 5,,0.9725,48 h,,"growth curve data NA, so 48 h label rather than 0: 0.05:48 was used",Ho lab/7_Shared data/16s rRNA/Raw reads/2024930_DM_assembly/Plate1,,0.0905498424591,0.00019301858238,0,0.00277464212172,0.00446355471754,0.0125220805319,0.0126668444687,0.0447561837894,0.00427053613516,0.0151278313941,0.101214119136,0.0288562780658,0.00552515692063,0.406666025752,0,0,0,0,0.000627310392736,0,0,0,0,0,0,0,0.00110985684869,0,0.110237737862,0.0152967226536,0.00407751755278,0.0511740516536,0,0.0292181879078,0,0,0,0,0.013463046121,0.0177094549334
2024930_WZY_DM_assembly_Plate1A12,2024930_WZY_DM_assembly_Plate1,,,A12,Plate1_A12,Galactose,cycle 5,,0.9375,48 h,,"growth curve data NA, so 48 h label rather than 0: 0.05:48 was used",Ho lab/7_Shared data/16s rRNA/Raw reads/2024930_DM_assembly/Plate1,,0.264256690935,0.0000160223543888,0,0.000544760049221,0.0183616181296,0.0108311115669,0.00874820549631,0.211687346185,0.00294811320755,0.0107830445037,0.000224312961444,0.106997282609,0.00116963187039,0.191226799631,0,0,0,0.0000801117719442,0.00102543068089,0,0,0,0,0,0,0,0.0000320447087777,0,0.0132344647252,0.00105747538966,0.000464648277276,0.0274783377769,0,0.00181052604594,0,0,0.0000320447087777,0,0.0277346954471,0.036755280968
2024930_WZY_DM_assembly_Plate1A1,2024930_WZY_DM_assembly_Plate1,,,A1,Plate1_A1,Glucose,cycle 5,,1.2345,48 h,,"growth curve data NA, so 48 h label rather than 0: 0.05:48 was used",Ho lab/7_Shared data/16s rRNA/Raw reads/2024930_DM_assembly/Plate1,,0.0540149782135,0.00039845073832,0,0.00241560760107,0.37170473251,0.00341173444687,0.00014941902687,0.0461704793028,0.0164111897846,0.0130990680223,0,0.247238683128,0.00122025538611,0.012028231663,0,0,0,0,0,0,0,0,0,0,0,0,0.00229109174534,0,0.0294106451222,0.00408412006778,0.00154399661099,0.0229607237957,0,0.00244051077221,0,0,0.319731814331,0,0.0742861595255,0.00948810820625
2024930_WZY_DM_assembly_Plate1A2,2024930_WZY_DM_assembly_Plate1,,,A2,Plate1_A2,Glucose,cycle 5,,1.0345,48 h,,"growth curve data NA, so 48 h label rather than 0: 0.05:48 was used",Ho lab/7_Shared data/16s rRNA/Raw reads/2024930_DM_assembly/Plate1,,0.0356650455356,0.000174828654586,0,0.00188426438832,0.00742050511689,0.0134812318092,0.000679889212281,0.181316740212,0.00609957750446,0.0012238005821,0,0.0162007886583,0.00258357900667,0.0761087409633,0,0,0,0,0.000369082715238,0,0,0,0,0,0,0,0.00312749037649,0,0.0901144587363,0.00879970894752,0.000427358933433,0.00631325697118,0,0.00114609895784,0,0,0.148895737489,0,0.118786358088,0.31368145714
2024930_WZY_DM_assembly_Plate1A3,2024930_WZY_DM_assembly_Plate1,,,A3,Plate1_A3,Glucose,cycle 5,,1.0485,48 h,,"growth curve data NA, so 48 h label rather than 0: 0.05:48 was used",Ho lab/7_Shared data/16s rRNA/Raw reads/2024930_DM_assembly/Plate1,,0.00220760554302,0,0,0.00132906864325,0.126869738962,0.00718598130841,0.00261308411215,0.169805414115,0.00353667418627,0.0161740895907,0,0.00594701901386,0.00200486625846,0.106235385111,0,0,0,0,0,0,0,0,0,0,0,0,0.00159938768933,0,0.147031034483,0.0163092491138,0.00177960038672,0.00590196583951,0,0.000270319046084,0,0,0.0147549145988,0,0.0147323880116,0.402212213986
2024930_WZY_DM_assembly_Plate1A4,2024930_WZY_DM_assembly_Plate1,,,A4,Plate1_A4,Glucose,cycle 5,,1.0625,48 h,,"growth curve data NA, so 48 h label rather than 0: 0.05:48 was used",Ho lab/7_Shared data/16s rRNA/Raw reads/2024930_DM_assembly/Plate1,,0.0323568684408,0.000796476761619,0,0.00175888618191,0.0084625655922,0.0105201305597,0.0012610882059,0.0572467672414,0.0082634464018,0.0240270489755,0.00039823838081,0,0.00301997438781,0.0202769708896,0,0.000464611444278,0,0,0,0,0,0,0,0,0,0,0.00318590704648,0,0.422497735507,0.0147016335582,0.00384963768116,0.00484523363318,0,0.0029204147926,0,0,0.0551892022739,0,0.10908412981,0.277373032234
2024930_WZY_DM_assembly_Plate1A5,2024930_WZY_DM_assembly_Plate1,,,A5,Plate1_A5,Glucose,cycle 5,,1.0755,48 h,,"growth curve data NA, so 48 h label rather than 0: 0.05:48 was used",Ho lab/7_Shared data/16s rRNA/Raw reads/2024930_DM_assembly/Plate1,,0.0291058238052,0.00106161059472,0.00168088344164,0.00150394834252,0.00548498807272,0.0100410668751,0.00278672781114,0.062723492638,0.026142160895,0.00106161059472,0.00415797482932,0.0000884675495599,0.00238862383812,0.700884161389,0,0.00017693509912,0,0.000619272846919,0.00057503907214,0,0,0,0,0,0,0,0.000751974171259,0,0.0643601423048,0.00230015628856,0.00411374105454,0.056486530394,0,0.0011058443695,0,0,0.00137124701818,0,0.0813459118204,0.0131816648844
2024930_WZY_DM_assembly_Plate1A6,2024930_WZY_DM_assembly_Plate1,,,A6,Plate1_A6,Glucose,cycle 5,,1.0595,48 h,,"growth curve data NA, so 48 h label rather than 0: 0.05:48 was used",Ho lab/7_Shared data/16s rRNA/Raw reads/2024930_DM_assembly/Plate1,,0.0996329520994,0.0000824321170155,0,0.00145630073394,0.0003572058404,0.00588015768044,0.000164864234031,0.0910874893021,0.00354458103167,0.0272575533598,0,0,0.00170359708499,0.353496395135,0.00208828029773,0,0,0,0,0,0,0,0,0,0,0,0.00307746570191,0,0.0123922949247,0.0164589460308,0.00167611971265,0.00409412847844,0,0.00579772556342,0,0,0.171376371275,0,0.0750681812288,0.182806958168
2024930_WZY_DM_assembly_Plate1A7,2024930_WZY_DM_assembly_Plate1,,,A7,Plate1_A7,Galactose,cycle 5,,0.9425,48 h,,"growth curve data NA, so 48 h label rather than 0: 0.05:48 was used",Ho lab/7_Shared data/16s rRNA/Raw reads/2024930_DM_assembly/Plate1,,0.0282674304789,0.000685987852625,0,0.000922535388013,0.000520404577854,0.00234182060034,0.00376110581267,0.0164163989559,0.000331166549543,0.00558252183516,0.0660204171268,0,0.00193968979018,0.348954924204,0,0,0,0,0.000662333099086,0,0,0,0,0,0,0,0.000449440317237,0,0.0889182185524,0.0134122452565,0.000662333099086,0.0290716920992,0,0.0162508156812,0,0,0,0,0.0114962102199,0.305832308503
2024930_WZY_DM_assembly_Plate1A8,2024930_WZY_DM_assembly_Plate1,,,A8,Plate1_A8,Galactose,cycle 5,,0.9185,48 h,,"growth curve data NA, so 48 h label rather than 0: 0.05:48 was used",Ho lab/7_Shared data/16s rRNA/Raw reads/2024930_DM_assembly/Plate1,,0.00708327729529,0.000459953071123,0,0.000551943685348,0.00697814516475,0.00342993575895,0.00323281301418,0.0840794214013,0.00148499134391,0.000328537907945,0.0167160087562,0,0.0019186613824,0.199107113731,0,0,0,0,0.0000131415163178,0,0,0,0,0,0,0,0.000354820940581,0,0.0516987251942,0.00830543831285,0.00180038773554,0.0152835834776,0,0.00710956032793,0,0,0.00590054082669,0,0.129075973273,0.373587025882
2024930_WZY_DM_assembly_Plate1A9,2024930_WZY_DM_assembly_Plate1,,,A9,Plate1_A9,Galactose,cycle 5,,0.8635,48 h,,"growth curve data NA, so 48 h label rather than 0: 0.05:48 was used",Ho lab/7_Shared data/16s rRNA/Raw reads/2024930_DM_assembly/Plate1,,0.00188851798561,0.000563242206235,0,0.00104365467626,0.0321876354916,0.0146277314149,0.000745467625899,0.1195398753,0.0024351942446,0.06313282494,0.0115795971223,0,0.00205417745803,0.273984201439,0,0,0,0,0.00014909352518,0,0,0,0,0,0,0,0.0000331318944844,0,0.00351198081535,0.0113311079137,0.000182225419664,0.0297358752998,0,0.0064772853717,0,0,0.0223971606715,0,0.204871069544,0.0610289496403
2024930_WZY_DM_assembly_Plate1B10,2024930_WZY_DM_assembly_Plate1,,,B10,Plate1_B10,Oligo_xylose,cycle 5,,0.8885,48 h,,"growth curve data NA, so 48 h label rather than 0: 0.05:48 was used",Ho lab/7_Shared data/16s rRNA/Raw reads/2024930_DM_assembly/Plate1,,0,0,0.0208412870454,0,0.0387791672059,0.249894218325,0.0820715510547,0.0536986540701,0.00235722143134,0.0200938753721,0,0.00802030218714,0.0166442830335,0.0478630936974,0.00123610392131,0,0,0,0.0795705966093,0,0,0,0.000143733014106,0.00333460592727,0,0,0.000776158276174,0,0.00045994564514,0.0320237155429,0.0100325643846,0.000402452439498,0,0.00244346123981,0,0,0.106046217808,0,0.107253575126,0.00451321664294
2024930_WZY_DM_assembly_Plate1B11,2024930_WZY_DM_assembly_Plate1,,,B11,Plate1_B11,Oligo_xylose,cycle 5,,0.8875,48 h,,"growth curve data NA, so 48 h label rather than 0: 0.05:48 was used",Ho lab/7_Shared data/16s rRNA/Raw reads/2024930_DM_assembly/Plate1,,0,0.00151309113051,0.00761949462147,0,0.021291353765,0.23033209864,0.00354855896083,0.0259747310737,0.00356657195048,0.083364116095,0,0.064792723767,0.0120506900751,0.0805360767201,0,0,0,0,0.0388900446519,0,0,0,0.000576415668764,0.00172924700629,0,0,0.000810584534199,0,0.017544651918,0.00336842906434,0.0458430586564,0.0250740815912,0,0.00524177998782,0,0,0.151813476761,0,0.000558402679115,0.061460320682
2024930_WZY_DM_assembly_Plate1B12,2024930_WZY_DM_assembly_Plate1,,,B12,Plate1_B12,Oligo_xylose,cycle 5,,0.9915,48 h,,"growth curve data NA, so 48 h label rather than 0: 0.05:48 was used",Ho lab/7_Shared data/16s rRNA/Raw reads/2024930_DM_assembly/Plate1,,0.0000164373342175,0.00143004807692,0.00595031498674,0,0.000443808023873,0.00287653348806,0.0733269479443,0.386688287467,0.00738036306366,0.127372902851,0.0000821866710875,0.000624618700265,0.0123444379973,0.097259706565,0.000378058687003,0,0,0,0.0465340931698,0.000032874668435,0,0,0.000115061339523,0.00231766412467,0,0,0.00013149867374,0,0.110738320623,0.00682149370027,0.00627906167109,0.0369182526525,0,0.000805429376658,0,0,0.00111773872679,0,0.0100432112069,0.0534706482095
2024930_WZY_DM_assembly_Plate1B1,2024930_WZY_DM_assembly_Plate1,,,B1,Plate1_B1,Fructose,cycle 5,,0.8335,48 h,,"growth curve data NA, so 48 h label rather than 0: 0.05:48 was used",Ho lab/7_Shared data/16s rRNA/Raw reads/2024930_DM_assembly/Plate1,,0.029656167845,0.00423355624186,0,0.0014466423339,0.00576529518364,0.00674390617423,0.0056589244238,0.0000425483039383,0.0191254626203,0.00916915949871,0,0.077969766967,0.000127644911815,0.000680772863013,0,0.0000212741519692,0,0.496708900176,0.0000850966078767,0,0,0,0,0,0,0,0.00799908114041,0,0.0280180581434,0.0168916766635,0.0000850966078767,0.0311453584829,0,0.00278691390796,0.0000425483039383,0,0.0000850966078767,0,0.0353363664208,0.0536746854182
2024930_WZY_DM_assembly_Plate1B2,2024930_WZY_DM_assembly_Plate1,,,B2,Plate1_B2,Fructose,cycle 5,,0.8915,48 h,,"growth curve data NA, so 48 h label rather than 0: 0.05:48 was used",Ho lab/7_Shared data/16s rRNA/Raw reads/2024930_DM_assembly/Plate1,,0.109137088703,0.00016730263981,0,0.00100381583886,0.078855310897,0.0267870115518,0.00158008048709,0.0000557675466033,0.0117855415155,0.0348918949915,0,0.00317875015639,0.000130124275408,0.099470713958,0,0,0,0.231769923683,0,0,0,0,0.000148713457609,0,0,0,0.00299285833438,0,0.177024782101,0.0133470328204,0.000130124275408,0.013774584011,0,0.00109676174986,0,0,0.00154290212269,0,0.023385191209,0.0592437236749
2024930_WZY_DM_assembly_Plate1B3,2024930_WZY_DM_assembly_Plate1,,,B3,Plate1_B3,Fructose,cycle 5,,0.9065,48 h,,"growth curve data NA, so 48 h label rather than 0: 0.05:48 was used",Ho lab/7_Shared data/16s rRNA/Raw reads/2024930_DM_assembly/Plate1,,0.0937880367047,0.000649638561725,0,0.0026974122889,0.00485816663551,0.0230904140961,0.00120041908145,0,0.0033329282732,0.0416898485698,0,0,0.0000423677322864,0.347288301552,0,0,0,0.169287335639,0.0000564903097152,0,0,0,0,0,0,0,0.00275390259862,0,0.13478587898,0.0124137455599,0.0000988580420016,0.035108727488,0,0.00588911478781,0,0,0.0000423677322864,0,0.0273413099022,0.0000847354645728
2024930_WZY_DM_assembly_Plate1B4,2024930_WZY_DM_assembly_Plate1,,,B4,Plate1_B4,Fructose,cycle 5,,0.8665,48 h,,"growth curve data NA, so 48 h label rather than 0: 0.05:48 was used",Ho lab/7_Shared data/16s rRNA/Raw reads/2024930_DM_assembly/Plate1,,0.0878357595952,0.000524945654111,0,0.0000771978903104,0.00037054987349,0.0113017711414,0.0128457289476,0.0000771978903104,0.000972693417911,0.00270192616086,0,0,0,0.00365918000071,0,0,0,0.212834583586,0.000200714514807,0,0,0,0,0,0,0,0.000910935105663,0,0.195279783329,0.00704044759631,0.000200714514807,0.00490978582374,0,0.00890863654182,0,0,0.301519519974,0,0.00379813620327,0.0105297922383
2024930_WZY_DM_assembly_Plate1B5,2024930_WZY_DM_assembly_Plate1,,,B5,Plate1_B5,Fructose,cycle 5,,0.8965,48 h,,"growth curve data NA, so 48 h label rather than 0: 0.05:48 was used",Ho lab/7_Shared data/16s rRNA/Raw reads/2024930_DM_assembly/Plate1,,0.0781661747669,0.000445109505158,0,0.000222554752579,0.00190407954984,0.0188924256634,0.00034619628179,0.0000989132233685,0.0103611601478,0.0189789747338,0.0401093120759,0,0,0.0002349189055,0,0,0,0.160078687869,0,0,0,0,0.0000494566116842,0.0000865490704474,0,0,0.000148369835053,0,0.209102554201,0.000680028410658,0.0000741849175263,0.000445109505158,0,0.000358560434711,0,0,0.238863070282,0,0.032579542947,0.0842740663099
2024930_WZY_DM_assembly_Plate1B6,2024930_WZY_DM_assembly_Plate1,,,B6,Plate1_B6,Fructose,cycle 5,,0.7905,48 h,,"growth curve data NA, so 48 h label rather than 0: 0.05:48 was used",Ho lab/7_Shared data/16s rRNA/Raw reads/2024930_DM_assembly/Plate1,,0.0608292514966,0.000344947022486,0,0.0000107795944527,0.000204812294601,0.0102082759467,0.000474302155919,0.0000646775667162,0.00562694830431,0.0124719907818,0.0161154937068,0,0,0.0705416660985,0,0,0,0.171568025309,0.000140134727885,0,0,0,0,0,0,0,0.000150914322338,0,0.17459709135,0.0041717030532,0.0000538979722635,0.0014121268733,0,0.000366506211392,0,0,0.168150893868,0,0.00376207846399,0.0892334828795
2024930_WZY_DM_assembly_Plate1B7,2024930_WZY_DM_assembly_Plate1,,,B7,Plate1_B7,Oligo_xylose,cycle 5,,0.9945,48 h,,"growth curve data NA, so 48 h label rather than 0: 0.05:48 was used",Ho lab/7_Shared data/16s rRNA/Raw reads/2024930_DM_assembly/Plate1,,0,0.00259044441669,0.0104150059767,0,0.00331789798576,0.159046190077,0.0440907833937,0.268128739898,0.000372598169524,0.0474441669194,0,0,0.0112134306257,0.0522524575833,0.00345984014558,0.000212913239728,0,0,0.0412874257373,0,0,0,0.000975852348754,0.00198719023746,0,0,0.000319369859592,0,0.082237738845,0.0322031275089,0.0466989705804,0.000053228309932,0,0.000248398779683,0.0000709710799094,0,0.0410035414176,0,0.0402938306185,0.104575886246
2024930_WZY_DM_assembly_Plate1B8,2024930_WZY_DM_assembly_Plate1,,,B8,Plate1_B8,Oligo_xylose,cycle 5,,0.8925,48 h,,"growth curve data NA, so 48 h label rather than 0: 0.05:48 was used",Ho lab/7_Shared data/16s rRNA/Raw reads/2024930_DM_assembly/Plate1,,0,0.0021665125419,0.0151655877933,0,0.000412669055601,0.0335637498555,0.000894116287134,0.0425393018148,0.000997283551035,0.102720205757,0.000240723615767,0.0605591839094,0.0159909259045,0.0745211536239,0.0440524216854,0.0003095017917,0,0,0.0537845335799,0,0,0,0.000447058143567,0.00202895619004,0,0,0.000894116287134,0,0.065064154433,0.00457374869957,0.00828777019998,0.0303999537626,0,0.00921627557508,0,0,0.0739021500405,0,0.0814677493931,0.168300196509
2024930_WZY_DM_assembly_Plate1B9,2024930_WZY_DM_assembly_Plate1,,,B9,Plate1_B9,Oligo_xylose,cycle 5,,0.8505,48 h,,"growth curve data NA, so 48 h label rather than 0: 0.05:48 was used",Ho lab/7_Shared data/16s rRNA/Raw reads/2024930_DM_assembly/Plate1,,0.0000833039492243,0.00106629055007,0.0114459626234,0,0.000233251057828,0.0153945698166,0.0258075634697,0.24694622708,0.00359873060649,0.0620447813822,0,0.0449008286319,0.00113293370945,0.00738072990127,0.000116625528914,0.000199929478138,0,0,0.00386530324401,0,0,0,0.000316555007052,0.00223254583921,0,0,0.0000499823695346,0,0.0153445874471,0.0264073519041,0.0443343617772,0.0163442348378,0,0.00851366361072,0,0,0.257842383639,0,0.0473333039492,0.00756399858956
2024930_WZY_DM_assembly_Plate1C10,2024930_WZY_DM_assembly_Plate1,,,C10,Plate1_C10,Xylan,cycle 5,,0.8855,48 h,,"growth curve data NA, so 48 h label rather than 0: 0.05:48 was used",Ho lab/7_Shared data/16s rRNA/Raw reads/2024930_DM_assembly/Plate1,,0,0.0000343549951503,0.00257662463628,0,0.0468602133851,0.169748031038,0.0227430067895,0.00185516973812,0.00312630455868,0.0148757129001,0,0.00120242483026,0.0102034335597,0.0479252182347,0,0.000171774975752,0,0,0.049368128031,0,0,0,0.00237049466537,0.00529066925315,0,0,0.000103064985451,0,0.0288925509214,0.0334617652764,0.047306828322,0.00250791464597,0,0.00810777885548,0,0,0.114711328807,0,0.0753061493695,0.196751057226
2024930_WZY_DM_assembly_Plate1C11,2024930_WZY_DM_assembly_Plate1,,,C11,Plate1_C11,Xylan,cycle 5,,0.9635,48 h,,"growth curve data NA, so 48 h label rather than 0: 0.05:48 was used",Ho lab/7_Shared data/16s rRNA/Raw reads/2024930_DM_assembly/Plate1,,0.0000924242787597,0.0000462121393798,0.00561477493465,0,0.0310314515936,0.130988309072,0.0315859972661,0.173965598695,0.0000231060696899,0.00291136478093,0,0.00794848797333,0.0109753831027,0.120983380896,0,0.00013863641814,0,0,0.0192011439123,0,0,0,0.000623863881628,0.00365075901101,0,0,0.000485227463488,0,0.0290905417396,0.0426075925082,0.0558704765102,0.00547613851651,0,0.00977386747884,0,0,0.0368541811554,0,0.064304191947,0.179256888654
2024930_WZY_DM_assembly_Plate1C12,2024930_WZY_DM_assembly_Plate1,,,C12,Plate1_C12,Xylan,cycle 5,,0.8945,48 h,,"growth curve data NA, so 48 h label rather than 0: 0.05:48 was used",Ho lab/7_Shared data/16s rRNA/Raw reads/2024930_DM_assembly/Plate1,,0.000347677614592,0.000447014075904,0.00533933479552,0,0.0335757239235,0.0156951608873,0.00305459618535,0.138624031761,0.000298009383936,0.0309929759294,0,0.0057615147561,0.00134104222771,0.0896759904495,0.000918862267137,0,0,0.000223507037952,0.0245112718288,0,0,0,0.000620852883201,0.00201156334157,0,0,0.000546350537216,0,0.0158689996946,0.0453222604736,0.0468868097393,0.0104054943224,0,0.0070032205225,0,0,0.344026999639,0,0.0542625419917,0.0167381937311
2024930_WZY_DM_assembly_Plate1C1,2024930_WZY_DM_assembly_Plate1,,,C1,Plate1_C1,Xylose,cycle 5,,0.8155,48 h,,"growth curve data NA, so 48 h label rather than 0: 0.05:48 was used",Ho lab/7_Shared data/16s rRNA/Raw reads/2024930_DM_assembly/Plate1,,0.0164066923622,0.000295997027153,0.009288668614,0.000112760772249,0.103429818345,0.00532794648876,0.00166322139067,0.0914489862938,0.00215654976926,0.000310092123684,0,0.120428504762,0.0000281901930622,0.0486562732254,0,0,0,0,0.00215654976926,0,0,0,0,0,0,0,0.000451043088995,0,0.0197049449505,0.00331234768481,0.00160684100455,0.0203956046805,0,0.0185491470349,0,0,0.0950996162953,0,0.0926611645955,0.162009039528
2024930_WZY_DM_assembly_Plate1C2,2024930_WZY_DM_assembly_Plate1,,,C2,Plate1_C2,Xylose,cycle 5,,0.9295,48 h,,"growth curve data NA, so 48 h label rather than 0: 0.05:48 was used",Ho lab/7_Shared data/16s rRNA/Raw reads/2024930_DM_assembly/Plate1,,0.204209305805,0.000492070616397,0.080592609216,0.00010697187313,0.182215888689,0.00750942549372,0.0123873429084,0.0302088569719,0.00175433871933,0.0348514362657,0,0.0931297127469,0.000235338120886,0.0419971573908,0,0.000128366247756,0,0,0.00883587672053,0,0,0,0,0,0,0,0.000192549371634,0,0.0722060143627,0.0072526929982,0.00273847995212,0.000256732495512,0,0.00273847995212,0,0,0,0,0.00969165170557,0.135768701376
2024930_WZY_DM_assembly_Plate1C3,2024930_WZY_DM_assembly_Plate1,,,C3,Plate1_C3,Xylose,cycle 5,,0.8765,48 h,,"growth curve data NA, so 48 h label rather than 0: 0.05:48 was used",Ho lab/7_Shared data/16s rRNA/Raw reads/2024930_DM_assembly/Plate1,,0.101224266719,0.00123402424716,0.00497037543997,0,0.0599530113414,0.000617012123582,0.0187503128666,0.219347809934,0.000239949159171,0.0490867422761,0,0.0488467931169,0.000239949159171,0.0182018576457,0,0.000651290574892,0,0,0.00113118889323,0,0,0,0,0,0,0,0,0,0.0664659170903,0.000856961282753,0.00455903402425,0.0324616933907,0,0.0219039303872,0,0,0,0,0.0684540672663,0.157303813062
2024930_WZY_DM_assembly_Plate1C4,2024930_WZY_DM_assembly_Plate1,,,C4,Plate1_C4,Xylose,cycle 5,,0.8405,48 h,,"growth curve data NA, so 48 h label rather than 0: 0.05:48 was used",Ho lab/7_Shared data/16s rRNA/Raw reads/2024930_DM_assembly/Plate1,,0.176013653834,0.00215956723929,0.0574159323042,0.00023201962075,0.0517225277642,0.00167768033466,0.000874535493598,0.165483532584,0.00164198500839,0.0270570573121,0,0,0,0.142442199478,0,0.000321257936424,0,0,0.0112975707642,0,0,0,0,0,0,0,0,0,0.0460291232243,0.00290916909095,0.00380155224768,0.0236303059903,0,0.00271284479647,0,0,0.0000535429894039,0,0.0598967574799,0.0631271845073
2024930_WZY_DM_assembly_Plate1C5,2024930_WZY_DM_assembly_Plate1,,,C5,Plate1_C5,Xylose,cycle 5,,0.7795,48 h,,"growth curve data NA, so 48 h label rather than 0: 0.05:48 was used",Ho lab/7_Shared data/16s rRNA/Raw reads/2024930_DM_assembly/Plate1,,0.0933645659379,0.00106141612928,0.128010790535,0.000460614546669,0.0940254476788,0.00188251162552,0.00132176348175,0.133397978059,0.00132176348175,0.0313418158929,0.000260347352465,0,0.000100133597102,0.0152403334789,0,0.000340454230147,0,0,0.0105540811345,0,0,0,0,0,0,0,0,0,0,0.00710948539424,0.00250333992755,0.0179439406007,0,0.00192256506436,0,0,0,0,0.0775434575958,0.159793194255
2024930_WZY_DM_assembly_Plate1C6,2024930_WZY_DM_assembly_Plate1,,,C6,Plate1_C6,Xylose,cycle 5,,0.9555,48 h,,"growth curve data NA, so 48 h label rather than 0: 0.05:48 was used",Ho lab/7_Shared data/16s rRNA/Raw reads/2024930_DM_assembly/Plate1,,0.00304565759052,0.000235931221801,0.0378776852455,0.000386069272038,0.154063087836,0.00390358930616,0.01632215089,0.188273114997,0.00111531123033,0.00270248490426,0.00156572538104,0,0.000128689757346,0.166889166985,0.0353038900985,0.000107241464455,0,0,0.00265958831848,0,0,0,0,0,0,0,0.0000643448786729,0,0.0898468989203,0.00739966104739,0.00180165660284,0.014949460145,0,0.00840773081326,0,0,0.149794877551,0,0.053899560035,0.014756425509
2024930_WZY_DM_assembly_Plate1C7,2024930_WZY_DM_assembly_Plate1,,,C7,Plate1_C7,Xylan,cycle 5,,0.8385,48 h,,"growth curve data NA, so 48 h label rather than 0: 0.05:48 was used",Ho lab/7_Shared data/16s rRNA/Raw reads/2024930_DM_assembly/Plate1,,0,0.000212160315773,0.0054313040838,0,0.0290235311978,0.273898967664,0.00708615454683,0.0346245635342,0.00144269014726,0.0325453924397,0,0.00373402155761,0.0136206922727,0.189162137544,0.00199430696827,0.000212160315773,0,0,0.0422199028389,0,0,0,0.000169728252619,0.000551616821011,0,0,0.00140025808411,0,0.00530400789434,0.04828768787,0.00229133141035,0.00284294823136,0,0.00394618187339,0,0,0,0,0.0386556095339,0.099842644603
2024930_WZY_DM_assembly_Plate1C8,2024930_WZY_DM_assembly_Plate1,,,C8,Plate1_C8,Xylan,cycle 5,,0.7715,48 h,,"growth curve data NA, so 48 h label rather than 0: 0.05:48 was used",Ho lab/7_Shared data/16s rRNA/Raw reads/2024930_DM_assembly/Plate1,,0.000182560340748,0.00100408187411,0.10127534903,0,0.035644906531,0.0265625295788,0.0681862872693,0.0225005619972,0.00447272834832,0.0449554839091,0,0.0581454685282,0.0132812647894,0.119303182679,0.0247825662565,0.00059332110743,0,0,0.0402545551349,0,0,0,0.0000912801703739,0.00260148485566,0,0,0.00260148485566,0,0.000228200425935,0.0692816493138,0.000730241362991,0.0309896178419,0,0.00241892451491,0,0,0,0,0.0314460186938,0.0699662505916
2024930_WZY_DM_assembly_Plate1C9,2024930_WZY_DM_assembly_Plate1,,,C9,Plate1_C9,Xylan,cycle 5,,0.8225,48 h,,"growth curve data NA, so 48 h label rather than 0: 0.05:48 was used",Ho lab/7_Shared data/16s rRNA/Raw reads/2024930_DM_assembly/Plate1,,0,0.00176205049732,0.0350522188217,0,0.0326608645754,0.0341711935731,0.00415340474369,0.0347375669472,0.00119567712318,0.106604055088,0,0.0701673680184,0.0279410864575,0.00364996174445,0.139453710788,0,0,0,0.0334160290742,0,0,0,0.000755164498852,0.00453098699311,0,0,0.000943955623565,0,0.0086843917368,0.116358263198,0.107673871461,0.0395832058148,0,0.00106981637337,0,0,0,0,0.00132153787299,0.0166136189748
2024930_WZY_DM_assembly_Plate1D10,2024930_WZY_DM_assembly_Plate1,,,D10,Plate1_D10,Sucrose,cycle 5,,1.0385,48 h,,"growth curve data NA, so 48 h label rather than 0: 0.05:48 was used",Ho lab/7_Shared data/16s rRNA/Raw reads/2024930_DM_assembly/Plate1,,0.0274219281607,0,0,0.00418989552284,0.00878627344714,0.00128198295848,0.00121944720441,0.0169159214765,0.0052842712191,0.0124133471833,0,0.0000625357540722,0.0011256435733,0.868715427694,0,0,0,0,0,0,0,0,0,0,0,0,0.000187607262217,0,0.00806711227531,0.00453384217023,0,0.0014695902207,0,0.00275157317918,0,0,0.000156339385181,0,0.0177288862795,0.0561883750339
2024930_WZY_DM_assembly_Plate1D11,2024930_WZY_DM_assembly_Plate1,,,D11,Plate1_D11,Sucrose,cycle 5,,1.0475,48 h,,"growth curve data NA, so 48 h label rather than 0: 0.05:48 was used",Ho lab/7_Shared data/16s rRNA/Raw reads/2024930_DM_assembly/Plate1,,0.0744535617269,0,0,0.00159912893159,0.00355100689222,0.011617201356,0.000446815436769,0.0180607502862,0.000211649417417,0.00604376669735,0,0.00418595514447,0.000752531261927,0.807771759872,0,0,0,0,0,0,0,0,0,0,0,0,0.00115231349483,0,0.0033393574748,0.0197774622275,0,0.00101121388321,0,0.00609079990122,0,0,0,0,0.0204359270817,0.0669987989134
2024930_WZY_DM_assembly_Plate1D12,2024930_WZY_DM_assembly_Plate1,,,D12,Plate1_D12,Sucrose,cycle 5,,1.0265,48 h,,"growth curve data NA, so 48 h label rather than 0: 0.05:48 was used",Ho lab/7_Shared data/16s rRNA/Raw reads/2024930_DM_assembly/Plate1,,0.303238043423,0.000207804038666,0,0.001090971203,0.00379242370565,0.00706533731464,0.00264950149299,0.0217155220406,0.0269625740169,0.0277418391619,0,0.0223908851663,0.00316901158966,0.267651601802,0,0,0,0,0.000259755048332,0,0,0,0,0,0,0,0.00441583582165,0,0.0174555392479,0.0376644820082,0.000155853028999,0.0184945594413,0,0.0294562224809,0,0,0.0449895743712,0,0.0480027329318,0.137929930665
2024930_WZY_DM_assembly_Plate1D1,2024930_WZY_DM_assembly_Plate1,,,D1,Plate1_D1,Maltose,cycle 5,,0.9025,48 h,,"growth curve data NA, so 48 h label rather than 0: 0.05:48 was used",Ho lab/7_Shared data/16s rRNA/Raw reads/2024930_DM_assembly/Plate1,,0.00114547900696,0.000213822747965,0,0.000229095801391,0.0294006278452,0.0103551302229,0.00447500465384,0.144223443502,0.00189385862483,0.00123711732751,0,0.0328217918126,0.00103856763297,0.348928178572,0,0,0,0,0,0,0,0,0.0011149329001,0,0,0,0.00184803946455,0,0.0845516237667,0.0661781404952,0.00222986580021,0.0202215227361,0,0.000672014350747,0,0,0.115403191687,0,0.001756401144,0.0325621499044
2024930_WZY_DM_assembly_Plate1D2,2024930_WZY_DM_assembly_Plate1,,,D2,Plate1_D2,Maltose,cycle 5,,0.9905,48 h,,"growth curve data NA, so 48 h label rather than 0: 0.05:48 was used",Ho lab/7_Shared data/16s rRNA/Raw reads/2024930_DM_assembly/Plate1,,0.000874540141689,0.000333158149215,0,0,0.0231961361391,0.00129098782821,0.00314418003321,0.11167044714,0.00133263259686,0.00862046711093,0,0.00164496836175,0.000749605835733,0.527618396435,0,0,0,0,0,0,0,0,0.000583026761126,0,0,0,0.00137427736551,0,0.152982057643,0.0675686371376,0.00512230654418,0.0142216884946,0,0.000520559608148,0,0,0.00179072505203,0,0.0192398831172,0.0466213185057
2024930_WZY_DM_assembly_Plate1D3,2024930_WZY_DM_assembly_Plate1,,,D3,Plate1_D3,Maltose,cycle 5,,0.9495,48 h,,"growth curve data NA, so 48 h label rather than 0: 0.05:48 was used",Ho lab/7_Shared data/16s rRNA/Raw reads/2024930_DM_assembly/Plate1,,0.016458371547,0.000801148244616,0,0.00128880369786,0.00271693752522,0.00687942514399,0.0038489948274,0.0965557797425,0.000243827726622,0.00283885138853,0.0013758850288,0.00102755970505,0.00071406691368,0.547323581203,0,0,0,0,0,0,0,0,0.00600861183462,0,0,0,0.000957894640302,0,0.0942742488719,0.0641092758355,0.00778507098573,0.0289284181371,0,0.0000870813309366,0,0,0,0,0.017294352324,0.0479818133461
2024930_WZY_DM_assembly_Plate1D4,2024930_WZY_DM_assembly_Plate1,,,D4,Plate1_D4,Maltose,cycle 5,,0.9865,48 h,,"growth curve data NA, so 48 h label rather than 0: 0.05:48 was used",Ho lab/7_Shared data/16s rRNA/Raw reads/2024930_DM_assembly/Plate1,,0.0060653259895,0.000324928178009,0,0.000270773481674,0.0245140258742,0.00843008106278,0.00279799264396,0.0789394956907,0.000812320445022,0.0149105930575,0,0.00344784899998,0.000866475141357,0.475044996249,0.004260169445,0,0,0,0,0,0,0,0.00335759117276,0,0,0,0.000667907921462,0,0.0992475068162,0.0661409357902,0.000469340701568,0.0160297901151,0,0.000505443832458,0,0,0,0,0.00584870720416,0.173547750188
2024930_WZY_DM_assembly_Plate1D5,2024930_WZY_DM_assembly_Plate1,,,D5,Plate1_D5,Maltose,cycle 5,,0.9975,48 h,,"growth curve data NA, so 48 h label rather than 0: 0.05:48 was used",Ho lab/7_Shared data/16s rRNA/Raw reads/2024930_DM_assembly/Plate1,,0.00353348863177,0.000268852395896,0,0.000288056138459,0.0087377028666,0.0021316154246,0.00435924956202,0.113820582177,0.00140187320717,0.016207958724,0.00109461332615,0.00259250524614,0.000979390870762,0.608259341971,0,0,0,0,0,0,0,0,0,0,0,0,0.00128665075179,0,0.127032757061,0.066195300618,0.00833442427276,0.00217002290973,0,0.000249648653332,0,0,0.0000384074851279,0,0.0276341855495,0.000883372157942
2024930_WZY_DM_assembly_Plate1D6,2024930_WZY_DM_assembly_Plate1,,,D6,Plate1_D6,Maltose,cycle 5,,0.9395,48 h,,"growth curve data NA, so 48 h label rather than 0: 0.05:48 was used",Ho lab/7_Shared data/16s rRNA/Raw reads/2024930_DM_assembly/Plate1,,0.0119689869536,0.000759519959857,0,0.000340474464764,0.00350950602141,0.0000785710303301,0.00518568800178,0.149782574153,0.000183332404103,0.00178094335415,0,0.000445235838537,0.00120475579839,0.575480416481,0,0,0,0,0.000445235838537,0,0,0,0,0,0,0,0.00125713648528,0,0.0143261178635,0.0931852419715,0.0068880603256,0.0221832208965,0,0.00054999721231,0,0,0,0,0.0145094502676,0.0354355346789
2024930_WZY_DM_assembly_Plate1D7,2024930_WZY_DM_assembly_Plate1,,,D7,Plate1_D7,Sucrose,cycle 5,,1.0385,48 h,,"growth curve data NA, so 48 h label rather than 0: 0.05:48 was used",Ho lab/7_Shared data/16s rRNA/Raw reads/2024930_DM_assembly/Plate1,,0.15348085176,0.0000848898516369,0,0.000679118813095,0.00471138676585,0.00802209097969,0.00352292884293,0.220204275146,0.0303056770344,0.0521223689051,0.0208829035027,0,0.000169779703274,0.145034311522,0,0.0000424449258184,0,0,0,0,0,0,0,0,0,0,0.00263158540074,0,0.292403093963,0.0353990681326,0.00110356807128,0.0317063595864,0,0.00348048391711,0,0,0,0,0.0315790248089,0.000933788368006
2024930_WZY_DM_assembly_Plate1D8,2024930_WZY_DM_assembly_Plate1,,,D8,Plate1_D8,Sucrose,cycle 5,,1.0065,48 h,,"growth curve data NA, so 48 h label rather than 0: 0.05:48 was used",Ho lab/7_Shared data/16s rRNA/Raw reads/2024930_DM_assembly/Plate1,,0.0576519984432,0.000085158047922,0,0.00124330749966,0.00223114085556,0.00299756328686,0.000936738527142,0.102138562678,0.0152943854068,0.0197226038987,0.000306568972519,0.00573965242994,0.000613137945039,0.575651372343,0,0,0,0,0,0,0,0,0,0,0,0,0.000800485650467,0,0.169192009611,0.013812635373,0.000221410924597,0.0131313709896,0,0.00235036212265,0,0,0,0,0.0169123883173,0.00546714667659
2024930_WZY_DM_assembly_Plate1D9,2024930_WZY_DM_assembly_Plate1,,,D9,Plate1_D9,Sucrose,cycle 5,,0.9825,48 h,,"growth curve data NA, so 48 h label rather than 0: 0.05:48 was used",Ho lab/7_Shared data/16s rRNA/Raw reads/2024930_DM_assembly/Plate1,,0.00615886406023,0.000237531947227,0,0.000407197623817,0.00225655349865,0.000271465082545,0,0.0111131018167,0.000186632244249,0.0131830230711,0.00035629792084,0,0.00088226151827,0.736603534917,0,0.0000508997029771,0,0.0000508997029771,0.0000848328382952,0,0,0,0,0,0,0,0.00151002452166,0,0.115576258893,0.0195454859432,0.000254498514886,0.0028164502314,0,0.000814395247634,0,0,0.0538009860468,0,0.0121141293086,0.0042246753471
2024930_WZY_DM_assembly_Plate1E10,2024930_WZY_DM_assembly_Plate1,,,E10,Plate1_E10,Rhamonse,cycle 5,,0.7445,48 h,,"growth curve data NA, so 48 h label rather than 0: 0.05:48 was used",Ho lab/7_Shared data/16s rRNA/Raw reads/2024930_DM_assembly/Plate1,,0.313447893813,0.000163339183853,0,0,0.0934626810004,0.000261342694164,0,0,0.000228674857394,0.00290743747258,0,0.0109763931549,0.000359346204476,0.0110743966652,0,0.0201233874506,0,0,0.000196007020623,0,0,0,0,0,0,0,0,0,0,0.0110090609917,0.00120870996051,0.0112377358491,0,0.00271143045195,0,0,0.0611541904344,0,0.00966967968407,0.194308293111
2024930_WZY_DM_assembly_Plate1E11,2024930_WZY_DM_assembly_Plate1,,,E11,Plate1_E11,Rhamonse,cycle 5,,0.7305,48 h,,"growth curve data NA, so 48 h label rather than 0: 0.05:48 was used",Ho lab/7_Shared data/16s rRNA/Raw reads/2024930_DM_assembly/Plate1,,0.0837247929071,0,0,0,0.0228340344292,0.000173343256536,0,0,0.000803682371214,0.00107157649495,0,0.0238425770127,0.000283652601605,0.472376132539,0,0.0058148783329,0,0,0.0000945508672017,0,0,0,0,0,0,0,0,0,0,0.00833623479161,0.0000472754336008,0.00340383121926,0,0.00092975019415,0,0,0.00737496764173,0,0.00302562775045,0.0963630921564
2024930_WZY_DM_assembly_Plate1E12,2024930_WZY_DM_assembly_Plate1,,,E12,Plate1_E12,Rhamonse,cycle 5,,0.6965,48 h,,"growth curve data NA, so 48 h label rather than 0: 0.05:48 was used",Ho lab/7_Shared data/16s rRNA/Raw reads/2024930_DM_assembly/Plate1,,0.0992008037934,0,0.000187956591299,0,0.0156675244319,0.000107403766457,0,0.0000805528248424,0.000483316949055,0.0130495576245,0,0.0372556814896,0.000241658474527,0.368891661366,0.110907814337,0.00514195531911,0,0,0.0000134254708071,0,0,0,0,0,0,0,0,0,0,0.00338321864338,0.000335636770177,0.000469891478247,0,0.00196011873783,0,0,0,0,0.0298850980165,0.00923672391526
2024930_WZY_DM_assembly_Plate1E1,2024930_WZY_DM_assembly_Plate1,,,E1,Plate1_E1,Lactose,cycle 5,,0.8715,48 h,,"growth curve data NA, so 48 h label rather than 0: 0.05:48 was used",Ho lab/7_Shared data/16s rRNA/Raw reads/2024930_DM_assembly/Plate1,,0.00394984974629,0.000300532045914,0,0.00676197103306,0.00513051135524,0.00115919503424,0.00828609783733,0.327086198828,0.000515197792995,0.0698522341002,0,0.00723423567663,0.00377811714863,0.036407310705,0,0.000321998620622,0,0.0113128848712,0,0,0,0,0.00156705995369,0.00792116606729,0,0,0.00141679393074,0,0.00667610473422,0.0419886201291,0.000386398344746,0.029860005419,0,0.03419625351,0,0,0,0,0.100227437312,0.165163825804
2024930_WZY_DM_assembly_Plate1E2,2024930_WZY_DM_assembly_Plate1,,,E2,Plate1_E2,Lactose,cycle 5,,0.8545,48 h,,"growth curve data NA, so 48 h label rather than 0: 0.05:48 was used",Ho lab/7_Shared data/16s rRNA/Raw reads/2024930_DM_assembly/Plate1,,0.0204905518735,0.000476524462175,0,0.00575494927396,0.0168799626794,0.000623147373614,0.0069462604294,0.13478311134,0.00240095017481,0.0229281577762,0.0217185187568,0.00386717928919,0.015413733565,0.0753641764794,0,0,0,0.00386717928919,0.000164950775368,0,0,0,0.000311573686807,0.0039954743367,0,0,0.00166783561761,0,0.000329901550737,0.00300576968449,0.000238262231088,0.00423373656779,0,0.0109234069022,0,0,0.304902344336,0,0.0691143748794,0.124097966669
2024930_WZY_DM_assembly_Plate1E3,2024930_WZY_DM_assembly_Plate1,,,E3,Plate1_E3,Lactose,cycle 5,,0.9325,48 h,,"growth curve data NA, so 48 h label rather than 0: 0.05:48 was used",Ho lab/7_Shared data/16s rRNA/Raw reads/2024930_DM_assembly/Plate1,,0.00795309168443,0.00206942691789,0,0.00706039771986,0.012903485488,0.00714155171664,0.00048692398068,0.177159174971,0.00105500195814,0.039643727427,0.00665462773596,0,0.00961674861842,0.0131875244767,0,0,0,0.00908924763935,0,0,0,0,0.00068980897263,0.00912982463774,0,0,0.00024346199034,0,0.020085614203,0.0176104173012,0.00020288499195,0.0272271659197,0,0.0148106044123,0,0,0,0,0.456856424873,0.0916228623646
2024930_WZY_DM_assembly_Plate1E4,2024930_WZY_DM_assembly_Plate1,,,E4,Plate1_E4,Lactose,cycle 5,,0.8065,48 h,,"growth curve data NA, so 48 h label rather than 0: 0.05:48 was used",Ho lab/7_Shared data/16s rRNA/Raw reads/2024930_DM_assembly/Plate1,,0.00205367247623,0.0000456371661385,0,0.00857978723404,0.028979600498,0.0000456371661385,0.000410734495247,0.0909548721141,0.00173421231326,0.00209930964237,0.00251004413762,0,0.0122763976913,0.0296185208239,0,0,0,0.0011865663196,0,0,0,0,0,0.00903615889543,0,0,0.000638920325939,0,0.00342278746039,0.00168857514713,0.000684557492078,0.00251004413762,0,0.00109529198732,0,0,0.291712765957,0,0.0130065923495,0.302209314169
2024930_WZY_DM_assembly_Plate1E5,2024930_WZY_DM_assembly_Plate1,,,E5,Plate1_E5,Lactose,cycle 5,,0.9085,48 h,,"growth curve data NA, so 48 h label rather than 0: 0.05:48 was used",Ho lab/7_Shared data/16s rRNA/Raw reads/2024930_DM_assembly/Plate1,,0,0.00155363250383,0,0.00870569937493,0.056975454063,0.00685741243071,0.00131255159807,0.342790261234,0.00602702264418,0.0690562861186,0.00174113987499,0,0.0226883919094,0.0113040158038,0.00112504422691,0,0,0.00377693419035,0,0,0,0,0.000723242717302,0.000562522113457,0,0,0.000937536855761,0,0.0788870297205,0.0252063480363,0.0014464854346,0.00310726500767,0,0.0131790895153,0,0,0,0,0.0687616316783,0.181775002948
2024930_WZY_DM_assembly_Plate1E6,2024930_WZY_DM_assembly_Plate1,,,E6,Plate1_E6,Lactose,cycle 5,,0.9105,48 h,,"growth curve data NA, so 48 h label rather than 0: 0.05:48 was used",Ho lab/7_Shared data/16s rRNA/Raw reads/2024930_DM_assembly/Plate1,,0.0125984433554,0,0,0.00847395297121,0.0252718774451,0.0130108923939,0.00431196721987,0.0200600214142,0.00183727298933,0.005511818968,0.00472441625829,0,0.0182977391591,0.0924635753408,0,0,0,0.0106111888976,0.00052493513981,0,0,0,0.00326209694025,0.0106111888976,0,0,0.00472441625829,0,0.00517436066384,0.0167604291068,0.000412449038422,0.000337458304163,0,0.00581178190504,0,0,0.004349462587,0,0.50363777128,0.137720483466
2024930_WZY_DM_assembly_Plate1E7,2024930_WZY_DM_assembly_Plate1,,,E7,Plate1_E7,Rhamonse,cycle 5,,0.7245,48 h,,"growth curve data NA, so 48 h label rather than 0: 0.05:48 was used",Ho lab/7_Shared data/16s rRNA/Raw reads/2024930_DM_assembly/Plate1,,0.0814764270033,0.000212074643249,0,0,0.00153754116356,0.0000927826564215,0.000159055982437,0,0.000729006586169,0.00884086169045,0,0,0.0012857025247,0.435044621295,0,0.00505002744237,0,0,0.000225329308452,0,0,0,0,0,0,0,0,0,0,0.00547417672887,0.0000662733260154,0.00459936882547,0,0.000119291986828,0.0000265093304061,0,0.0444296377607,0,0.0350320801317,0.100099231614
2024930_WZY_DM_assembly_Plate1E8,2024930_WZY_DM_assembly_Plate1,,,E8,Plate1_E8,Rhamonse,cycle 5,,0.7565,48 h,,"growth curve data NA, so 48 h label rather than 0: 0.05:48 was used",Ho lab/7_Shared data/16s rRNA/Raw reads/2024930_DM_assembly/Plate1,,0.32085908432,0.00082248127567,0,0,0.00886452041556,0.000365547233631,0,0,0.00246744382701,0.0287868446485,0,0,0.00173634935975,0.203518422324,0.0131597004107,0.0434087339937,0,0,0.000731094467263,0,0,0,0,0,0,0,0,0,0,0.0299748731578,0.00173634935975,0.0202878714665,0,0.0000913868084078,0,0,0.0194653901909,0,0.0151702101957,0.0450536965451
2024930_WZY_DM_assembly_Plate1E9,2024930_WZY_DM_assembly_Plate1,,,E9,Plate1_E9,Rhamonse,cycle 5,,0.8905,48 h,,"growth curve data NA, so 48 h label rather than 0: 0.05:48 was used",Ho lab/7_Shared data/16s rRNA/Raw reads/2024930_DM_assembly/Plate1,,0.213112967868,0,0,0,0.0402515682721,0,0,0,0.00164482121698,0.0214447445459,0.000155171812923,0.0438205199693,0.000651721614275,0.00757238447062,0.356460688646,0.00980685857671,0,0,0.000868962152366,0,0,0,0,0,0,0,0,0,0,0.000744824702028,0.00108620269046,0.00254481773193,0,0.00282412699519,0,0,0.119109883599,0,0.0663204328431,0.00207930229316
2024930_WZY_DM_assembly_Plate1F10,2024930_WZY_DM_assembly_Plate1,,,F10,Plate1_F10,Ribose,cycle 5,,0.9365,48 h,,"growth curve data NA, so 48 h label rather than 0: 0.05:48 was used",Ho lab/7_Shared data/16s rRNA/Raw reads/2024930_DM_assembly/Plate1,,0.0303500406551,0.00179489487745,0,0,0.0390525612731,0.000870252061796,0.0374752294111,0,0.0361698513184,0.0507465733535,0,0,0.00239319316994,0.323570594726,0,0.0100078987107,0,0,0.000217563015449,0,0,0,0,0,0,0,0,0,0,0.0364961958416,0.000326344523173,0.068695522128,0,0.0044600418167,0,0,0,0,0.0771804797305,0.216692763387
2024930_WZY_DM_assembly_Plate1F11,2024930_WZY_DM_assembly_Plate1,,,F11,Plate1_F11,Ribose,cycle 5,,0.9335,48 h,,"growth curve data NA, so 48 h label rather than 0: 0.05:48 was used",Ho lab/7_Shared data/16s rRNA/Raw reads/2024930_DM_assembly/Plate1,,0.00247124591641,0.000788695505238,0,0.000262898501746,0.0796582460291,0.00162997071083,0.00431153542864,0,0.0602563366002,0.0764508843078,0,0.00883338965867,0.00162997071083,0.366901149037,0,0.00657246254365,0,0,0,0,0,0,0,0,0,0,0,0,0,0.0184554748226,0,0.10084786527,0,0.0188761124254,0.000105159400698,0,0,0,0.00588892643911,0.179559676693
2024930_WZY_DM_assembly_Plate1F12,2024930_WZY_DM_assembly_Plate1,,,F12,Plate1_F12,Ribose,cycle 5,,0.8465,48 h,,"growth curve data NA, so 48 h label rather than 0: 0.05:48 was used",Ho lab/7_Shared data/16s rRNA/Raw reads/2024930_DM_assembly/Plate1,,0.000410779165837,0.0000526639956201,0,0,0.054517768266,0.000347582371093,0.000136926388612,0.0000526639956201,0.00750988577543,0.00054770555445,0,0.0045607020207,0.00054770555445,0.683283744774,0,0.00070569754131,0,0,0,0,0,0,0,0,0,0,0,0,0,0.00629861387617,0,0.0283437624428,0,0.00581410511646,0,0,0.0000210655982481,0,0.036685739349,0.0166628882142
2024930_WZY_DM_assembly_Plate1F1,2024930_WZY_DM_assembly_Plate1,,,F1,Plate1_F1,Glucuronic_acid,cycle 5,,0.8065,48 h,,"growth curve data NA, so 48 h label rather than 0: 0.05:48 was used",Ho lab/7_Shared data/16s rRNA/Raw reads/2024930_DM_assembly/Plate1,,0.00887126175126,0.0000420438945558,0.00697928649626,0,0.199512294299,0,0.00049051210315,0,0.000350365787965,0.0340975984847,0,0.00318132135472,0.00175182893982,0.000546570629225,0,0.0000280292630372,0,0,0.067480450762,0,0,0,0,0,0,0,0,0,0.0506628929397,0.0107211931117,0,0.0360596468973,0,0.0893572905625,0,0,0.213358750239,0,0.00259270683094,0.0804159556536
2024930_WZY_DM_assembly_Plate1F2,2024930_WZY_DM_assembly_Plate1,,,F2,Plate1_F2,Glucuronic_acid,cycle 5,,0.8425,48 h,,"growth curve data NA, so 48 h label rather than 0: 0.05:48 was used",Ho lab/7_Shared data/16s rRNA/Raw reads/2024930_DM_assembly/Plate1,,0.0624411411411,0.000151801801802,0.00698288288288,0,0.048778978979,0,0.000910810810811,0.000303603603604,0.013813963964,0.112282732733,0,0.0645157657658,0.00318783783784,0.0120429429429,0,0.000303603603604,0,0,0.0087539039039,0,0,0,0.000404804804805,0,0,0,0,0,0.0250978978979,0.0616315315315,0.000607207207207,0.00080960960961,0,0.0332951951952,0,0,0.000101201201201,0,0.0938135135135,0.292269069069
2024930_WZY_DM_assembly_Plate1F3,2024930_WZY_DM_assembly_Plate1,,,F3,Plate1_F3,Glucuronic_acid,cycle 5,,0.8805,48 h,,"growth curve data NA, so 48 h label rather than 0: 0.05:48 was used",Ho lab/7_Shared data/16s rRNA/Raw reads/2024930_DM_assembly/Plate1,,0.192396347573,0.0000601489206667,0.000140347481556,0,0.157409725385,0,0.000360893524,0.000100248201111,0.000701737407778,0.0429262797158,0,0.00278689999089,0.00256635394845,0.00136337553511,0,0.000240595682667,0,0,0.157349576464,0,0,0,0.000220546042445,0,0,0,0,0,0.0529911991074,0.0154181733309,0.000100248201111,0.0266058725749,0,0.0939726637217,0,0,0.0293927725658,0,0.0264855747336,0.0769104198925
2024930_WZY_DM_assembly_Plate1F4,2024930_WZY_DM_assembly_Plate1,,,F4,Plate1_F4,Glucuronic_acid,cycle 5,,0.8055,48 h,,"growth curve data NA, so 48 h label rather than 0: 0.05:48 was used",Ho lab/7_Shared data/16s rRNA/Raw reads/2024930_DM_assembly/Plate1,,0.138540561877,0.000950209615071,0.00214893559101,0,0.250255975391,0,0.000190041923014,0.0000438558283879,0.00364003375619,0.0168260194915,0,0,0.000219279141939,0.00143262372734,0,0.000263134970327,0,0,0.135295230577,0,0,0,0.000160804704089,0,0,0,0,0,0.00381545706974,0.0196035552894,0.000233897751402,0.031503103392,0,0.0988802744052,0,0,0,0,0.0250124407905,0.0764845647084
2024930_WZY_DM_assembly_Plate1F5,2024930_WZY_DM_assembly_Plate1,,,F5,Plate1_F5,Glucuronic_acid,cycle 5,,0.8725,48 h,,"growth curve data NA, so 48 h label rather than 0: 0.05:48 was used",Ho lab/7_Shared data/16s rRNA/Raw reads/2024930_DM_assembly/Plate1,,0.0465590956174,0.00190100725078,0.000841429438868,0,0.425825624174,0,0,0,0.00548487337929,0.0036461942351,0,0,0.00043629674608,0.000685609172411,0,0,0,0,0.248938457692,0,0,0,0,0,0,0,0,0,0,0.00299174911598,0.000373968639497,0.0828652177019,0,0.0184802836018,0,0,0,0,0.0256168518056,0.00785334142944
2024930_WZY_DM_assembly_Plate1F6,2024930_WZY_DM_assembly_Plate1,,,F6,Plate1_F6,Glucuronic_acid,cycle 5,,0.9325,48 h,,"growth curve data NA, so 48 h label rather than 0: 0.05:48 was used",Ho lab/7_Shared data/16s rRNA/Raw reads/2024930_DM_assembly/Plate1,,0.0227248990391,0.000181799192313,0.0151672469015,0,0.242779835677,0,0.000623311516502,0,0.00085705333519,0.0187253168082,0,0,0.00384375435176,0.00763556607715,0,0,0,0,0.322771480295,0,0,0,0.000285684445063,0,0,0,0,0,0.00189590586269,0.032542055424,0.000129856565938,0.00485663556608,0,0.0868740426124,0,0,0.00353209859351,0,0.0410606461496,0.126012811586
2024930_WZY_DM_assembly_Plate1F7,2024930_WZY_DM_assembly_Plate1,,,F7,Plate1_F7,Ribose,cycle 5,,0.9915,48 h,,"growth curve data NA, so 48 h label rather than 0: 0.05:48 was used",Ho lab/7_Shared data/16s rRNA/Raw reads/2024930_DM_assembly/Plate1,,0.0634697541679,0.000268636092697,0,0.000286545165544,0.0252697017864,0,0.0012715441721,0,0.0137004407276,0.0121960786085,0,0,0.0000537272185395,0.839631062262,0,0.00145063490057,0,0,0,0,0,0,0,0,0,0,0,0,0,0.00139690768203,0,0.0166375286744,0,0.00137899860918,0,0,0,0,0.0112468977476,0.00324154218521
2024930_WZY_DM_assembly_Plate1F8,2024930_WZY_DM_assembly_Plate1,,,F8,Plate1_F8,Ribose,cycle 5,,1.0275,48 h,,"growth curve data NA, so 48 h label rather than 0: 0.05:48 was used",Ho lab/7_Shared data/16s rRNA/Raw reads/2024930_DM_assembly/Plate1,,0.0763639805706,0.000504700440709,0,0.000322447503786,0.0369693072819,0.000210291850295,0.00337868906141,0.0000280389133727,0.0349364860624,0.00183654882591,0.0000560778267454,0,0.000729011747691,0.756055279639,0,0.00173841262911,0,0,0,0,0,0,0,0,0,0,0,0,0,0.0136549508125,0.0000841167401182,0.0247022826814,0,0.000757050661063,0,0,0.021856332974,0,0.0132063281986,0.0401096655797
2024930_WZY_DM_assembly_Plate1F9,2024930_WZY_DM_assembly_Plate1,,,F9,Plate1_F9,Ribose,cycle 5,,1.0255,48 h,,"growth curve data NA, so 48 h label rather than 0: 0.05:48 was used",Ho lab/7_Shared data/16s rRNA/Raw reads/2024930_DM_assembly/Plate1,,0.0660504424679,0.000149904984651,0,0.0000691869159929,0.0187496542341,0,0.000253685358641,0,0.00107239719789,0.00185651557914,0,0.0287010389844,0.000599619938605,0.757377638222,0,0.000172967289982,0,0,0,0,0,0,0,0,0,0,0,0,0,0.00547729751611,0.000046124610662,0.0110583754062,0,0.0113466542228,0,0,0.00295197508237,0,0.028989317801,0.0905772041874
2024930_WZY_DM_assembly_Plate1G10,2024930_WZY_DM_assembly_Plate1,,,G10,Plate1_G10,Acetate,cycle 5,,0.2295,48 h,,"growth curve data NA, so 48 h label rather than 0: 0.05:48 was used",Ho lab/7_Shared data/16s rRNA/Raw reads/2024930_DM_assembly/Plate1,,0.172118147617,0.000287800071659,0,0.000740057327123,0.00944258330348,0.00235721963454,0,0,0.000109638122537,0.00194607667503,0,0,0,0,0,0.0000137047653171,0,0,0.000260390541025,0,0,0,0,0,0,0,0,0,0,0.00789394482264,0,0.00856547832318,0,0,0,0,0,0,0.00683867789323,0.0189262809029
2024930_WZY_DM_assembly_Plate1G11,2024930_WZY_DM_assembly_Plate1,,,G11,Plate1_G11,Acetate,cycle 5,,0.3265,48 h,,"growth curve data NA, so 48 h label rather than 0: 0.05:48 was used",Ho lab/7_Shared data/16s rRNA/Raw reads/2024930_DM_assembly/Plate1,,0.23445060241,0.00021456736035,0,0.000250328587076,0.00103707557503,0.000500657174151,0,0,0.00210991237678,0.0128025191676,0,0.0213494523549,0,0,0,0,0,0,0,0,0,0,0,0,0,0,0,0,0,0.00901182913472,0,0.0121945783133,0,0.0001430449069,0,0,0,0,0.00826084337349,0.0241745892662
2024930_WZY_DM_assembly_Plate1G12,2024930_WZY_DM_assembly_Plate1,,,G12,Plate1_G12,Acetate,cycle 5,,0.0915,48 h,,"growth curve data NA, so 48 h label rather than 0: 0.05:48 was used",Ho lab/7_Shared data/16s rRNA/Raw reads/2024930_DM_assembly/Plate1,,0.0617047833342,0.0000370126915103,0,0.0000416392779491,0.00341442079183,0.0000832785558983,0,0,0.000532057440461,0.00192928654498,0,0.0150734186176,0,0,0,0,0,0,0,0,0,0,0.0000277595186328,0,0,0,0,0,0,0.00133708348081,0,0.0000832785558983,0,0.0000508924508267,0,0,0.0000138797593164,0,0.00178123577894,0.00538997320119
2024930_WZY_DM_assembly_Plate1G1,2024930_WZY_DM_assembly_Plate1,,,G1,Plate1_G1,Arabinose,cycle 5,,0.7565,48 h,,"growth curve data NA, so 48 h label rather than 0: 0.05:48 was used",Ho lab/7_Shared data/16s rRNA/Raw reads/2024930_DM_assembly/Plate1,,0.204491007281,0.000072954337239,0,0,0.0590200588264,0.02166743816,0.000401248854815,0.105181915714,0.00147732532909,0.0772951203047,0,0.0607527243358,0,0.0150468320555,0,0,0,0,0.000437726023434,0,0,0,0,0,0,0,0.000474203192054,0,0.0152656950673,0.0214668137326,0.0000182385843098,0.00578163122619,0,0.0173448936786,0,0,0.0000547157529293,0,0.121323062828,0.0289263947153
2024930_WZY_DM_assembly_Plate1G2,2024930_WZY_DM_assembly_Plate1,,,G2,Plate1_G2,Arabinose,cycle 5,,0.7425,48 h,,"growth curve data NA, so 48 h label rather than 0: 0.05:48 was used",Ho lab/7_Shared data/16s rRNA/Raw reads/2024930_DM_assembly/Plate1,,0.0143444621589,0.00118376629466,0,0,0.00494396511301,0.00218184375879,0.006847275626,0.320568554816,0.00229789927788,0.00512965394354,0,0.00299423239238,0,0.0300119572353,0,0.000162477726719,0,0,0.00132303291757,0,0,0,0,0,0,0,0.00169441057864,0,0.107072821908,0.0142980399512,0.000185688830535,0.0161781393604,0,0.0191027384413,0,0,0.0285960799025,0,0.133997702335,0.0293852574322
2024930_WZY_DM_assembly_Plate1G3,2024930_WZY_DM_assembly_Plate1,,,G3,Plate1_G3,Arabinose,cycle 5,,0.6975,48 h,,"growth curve data NA, so 48 h label rather than 0: 0.05:48 was used",Ho lab/7_Shared data/16s rRNA/Raw reads/2024930_DM_assembly/Plate1,,0.0024855796817,0.00151662489053,0,0,0.0276573400175,0.0132283393229,0.00941571286202,0.0058558572162,0.00406539727599,0.104373282397,0,0,0.0000631927037719,0.143215730982,0,0,0,0,0.000547670099357,0,0,0,0,0,0,0,0.000674055506901,0,0.0786749161961,0.0143658079908,0.00031596351886,0.0393479902153,0,0.0395796967958,0,0,0,0,0.166365324797,0.0457515175309
2024930_WZY_DM_assembly_Plate1G4,2024930_WZY_DM_assembly_Plate1,,,G4,Plate1_G4,Arabinose,cycle 5,,0.6885,48 h,,"growth curve data NA, so 48 h label rather than 0: 0.05:48 was used",Ho lab/7_Shared data/16s rRNA/Raw reads/2024930_DM_assembly/Plate1,,0.00380028271405,0.000115862277868,0,0,0.0355928917609,0.0160121668013,0.0077859450727,0.0962120355412,0.00176110662359,0.0350135803716,0,0,0.000139034733441,0.0559846526656,0.000973243134087,0,0,0,0.00118179523425,0,0,0,0,0,0,0,0.000764691033926,0,0.0161512015347,0.00187696890145,0.000162207189015,0.00662732229402,0,0.0179586530695,0,0,0.000046344911147,0,0.100151352989,0.290188661147
2024930_WZY_DM_assembly_Plate1G5,2024930_WZY_DM_assembly_Plate1,,,G5,Plate1_G5,Arabinose,cycle 5,,0.6635,48 h,,"growth curve data NA, so 48 h label rather than 0: 0.05:48 was used",Ho lab/7_Shared data/16s rRNA/Raw reads/2024930_DM_assembly/Plate1,,0.000535390977633,0.000853279370603,0,0,0.0253976095015,0.00941953501273,0.00495236654311,0.196003290718,0.00158944196485,0.0239587462491,0,0,0,0.000451736137378,0,0,0,0,0.00113770582747,0,0,0,0,0,0,0,0.000685969690093,0,0.0088172201629,0.00866664145044,0.000150578712459,0.00866664145044,0,0.00951992082104,0,0,0.015409221575,0,0.10361488514,0.243669818695
2024930_WZY_DM_assembly_Plate1G6,2024930_WZY_DM_assembly_Plate1,,,G6,Plate1_G6,Arabinose,cycle 5,,0.8365,48 h,,"growth curve data NA, so 48 h label rather than 0: 0.05:48 was used",Ho lab/7_Shared data/16s rRNA/Raw reads/2024930_DM_assembly/Plate1,,0.00227694605809,0.0000277676348548,0,0,0.00310997510373,0.00152721991701,0.00585897095436,0.311802771784,0.00258239004149,0.00758056431535,0,0.0348206141079,0,0.0768052780083,0,0,0,0,0.0000833029045643,0,0,0,0,0,0,0,0.0000555352697095,0,0.101712846473,0.0118012448133,0.000138838174274,0.00213810788382,0,0.0271012116183,0,0,0.000333211618257,0,0.203064713693,0.0436784896266
2024930_WZY_DM_assembly_Plate1G7,2024930_WZY_DM_assembly_Plate1,,,G7,Plate1_G7,Acetate,cycle 5,,0.2455,48 h,,"growth curve data NA, so 48 h label rather than 0: 0.05:48 was used",Ho lab/7_Shared data/16s rRNA/Raw reads/2024930_DM_assembly/Plate1,,0.0847290417559,0.0000394271948608,0,0,0.000591407922912,0.00258905246253,0,0,0.000183993576017,0.015665738758,0,0.120016381156,0,0.0000525695931478,0,0.000118281584582,0,0,0,0,0,0,0,0,0,0,0,0,0,0.000236563169165,0,0.00859512847966,0,0.000236563169165,0,0,0,0,0.00303589400428,0.00940995717345
2024930_WZY_DM_assembly_Plate1G8,2024930_WZY_DM_assembly_Plate1,,,G8,Plate1_G8,Acetate,cycle 5,,0.1395,48 h,,"growth curve data NA, so 48 h label rather than 0: 0.05:48 was used",Ho lab/7_Shared data/16s rRNA/Raw reads/2024930_DM_assembly/Plate1,,0.00166450508404,0.0000144739572525,0,0.0000578958290102,0.0101172961195,0.00128818219548,0,0,0.000130265615273,0.00516720273916,0,0.0925899045445,0.0000578958290102,0.000463166632081,0,0,0,0.0000868437435153,0.0000144739572525,0,0,0,0,0,0,0,0,0,0.000159213529778,0.000405270803071,0,0.000419744760324,0,0.000260531230546,0,0,0.000332901016808,0,0.00633959327661,0.0199306391368
2024930_WZY_DM_assembly_Plate1G9,2024930_WZY_DM_assembly_Plate1,,,G9,Plate1_G9,Acetate,cycle 5,,0.2075,48 h,,"growth curve data NA, so 48 h label rather than 0: 0.05:48 was used",Ho lab/7_Shared data/16s rRNA/Raw reads/2024930_DM_assembly/Plate1,,0.138689702808,0.0000929659498208,0,0.000139448924731,0.000821199223417,0.0013480062724,0.0000774716248507,0.0000309886499403,0.00142547789725,0.00114658004779,0,0.0152154271207,0,0,0,0.000247909199522,0,0,0.000604278673835,0,0,0,0,0,0,0,0,0,0,0.00855286738351,0,0.00858385603345,0,0.000635267323775,0,0,0.000557795698925,0,0.000883176523297,0.0284475806452
2024930_WZY_DM_assembly_Plate1H10,2024930_WZY_DM_assembly_Plate1,,,H10,Plate1_H10,Propionate,cycle 5,,0.2375,48 h,,"growth curve data NA, so 48 h label rather than 0: 0.05:48 was used",Ho lab/7_Shared data/16s rRNA/Raw reads/2024930_DM_assembly/Plate1,,0.164768021338,0.0000333403523549,0,0,0.00960202147821,0.00360075805433,0,0.0000500105285323,0.00153365620832,0.00818505650312,0,0.0192540534849,0,0,0,0,0,0,0,0,0,0,0,0,0,0,0,0,0,0.00785165297957,0,0.0054678177862,0,0.00071681757563,0,0,0.0000833508808872,0,0.0118858356145,0.00446760721555
2024930_WZY_DM_assembly_Plate1H11,2024930_WZY_DM_assembly_Plate1,,,H11,Plate1_H11,Propionate,cycle 5,,0.1145,48 h,,"growth curve data NA, so 48 h label rather than 0: 0.05:48 was used",Ho lab/7_Shared data/16s rRNA/Raw reads/2024930_DM_assembly/Plate1,,0.0347099625533,0.0000398850474615,0,0.000588304450057,0.000418792998345,0.000967212400941,0,0,0.000558390664461,0.0287471479579,0,0.0298240442393,0,0,0,0,0,0,0,0,0,0,0.0000598275711922,0,0,0,0,0,0,0.000957241139075,0,0.000438735522076,0,0.0000498563093268,0,0,0,0,0.00485600452843,0.0122845946181
2024930_WZY_DM_assembly_Plate1H12,2024930_WZY_DM_assembly_Plate1,,,H12,Plate1_H12,Propionate,cycle 5,,0.1865,48 h,,"growth curve data NA, so 48 h label rather than 0: 0.05:48 was used",Ho lab/7_Shared data/16s rRNA/Raw reads/2024930_DM_assembly/Plate1,,0.0911113603989,0.000106267806268,0,0.000159401709402,0.00777083333333,0.000278952991453,0,0,0.0018464031339,0.00722621082621,0,0.00638935185185,0,0.000026566951567,0,0,0,0,0,0,0,0,0.0000398504273504,0,0,0,0,0,0,0.0210144586895,0,0.000624323361823,0,0.000332086894587,0,0,0,0,0.0131639245014,0.0364100071225
2024930_WZY_DM_assembly_Plate1H1,2024930_WZY_DM_assembly_Plate1,,,H1,Plate1_H1,Mannose,cycle 5,,0.7865,48 h,,"growth curve data NA, so 48 h label rather than 0: 0.05:48 was used",Ho lab/7_Shared data/16s rRNA/Raw reads/2024930_DM_assembly/Plate1,,0.145319611225,0.000313076361706,0,0.000643545854619,0.111176894668,0.0478658970787,0.000121751918441,0,0.0511705920078,0.0000521793936177,0,0.0917487671112,0.0000521793936177,0.0195498794754,0,0.0011653397908,0,0,0.000226110705677,0,0,0,0,0,0,0,0.0041221720958,0,0.123769521661,0.0160712532343,0.0000521793936177,0.0439350494261,0,0.00133927110285,0,0,0,0,0.0388736482452,0.0889310798558
2024930_WZY_DM_assembly_Plate1H2,2024930_WZY_DM_assembly_Plate1,,,H2,Plate1_H2,Mannose,cycle 5,,0.9825,48 h,,"growth curve data NA, so 48 h label rather than 0: 0.05:48 was used",Ho lab/7_Shared data/16s rRNA/Raw reads/2024930_DM_assembly/Plate1,,0.180783420938,0.000263149084335,0,0.000197361813251,0.075457999933,0.00111838360842,0.000427617262044,0.000197361813251,0.019670394054,0.00187493722589,0.000164468177709,0.0453274297767,0.00108548997288,0.0172691586595,0,0.000624979075295,0,0,0.00088812815963,0,0,0,0,0,0,0,0.00894706886739,0,0.294430931735,0.00253280993672,0.000263149084335,0.00434195989153,0,0.00128285178613,0,0,0.113219893535,0,0.0084865579698,0.20364449764
2024930_WZY_DM_assembly_Plate1H3,2024930_WZY_DM_assembly_Plate1,,,H3,Plate1_H3,Mannose,cycle 5,,0.0535,48 h,,"growth curve data NA, so 48 h label rather than 0: 0.05:48 was used",Ho lab/7_Shared data/16s rRNA/Raw reads/2024930_DM_assembly/Plate1,,0,0,0,0,0,0,0,0,0,0,0,0,0,0.0535,0,0,0,0,0,0,0,0,0,0,0,0,0,0,0,0,0,0,0,0,0,0,0,0,0,0
2024930_WZY_DM_assembly_Plate1H4,2024930_WZY_DM_assembly_Plate1,,,H4,Plate1_H4,Mannose,cycle 5,,0.9825,48 h,,"growth curve data NA, so 48 h label rather than 0: 0.05:48 was used",Ho lab/7_Shared data/16s rRNA/Raw reads/2024930_DM_assembly/Plate1,,0.0568763189458,0,0,0.0000149164224877,0.0175118800006,0.00666764085202,0,0,0.00360977424203,0.000984483884191,0.0000447492674632,0.0193018506991,0.000059665689951,0.773625335904,0,0,0,0,0.000104414957414,0,0,0,0,0,0,0,0.00202863345833,0,0.00265512320282,0.0117392244979,0.000164080647365,0.00446001032383,0,0.000507158364583,0,0,0.0282964534592,0,0.0138573564911,0.0399909286896
2024930_WZY_DM_assembly_Plate1H5,2024930_WZY_DM_assembly_Plate1,,,H5,Plate1_H5,Mannose,cycle 5,,0.9205,48 h,,"growth curve data NA, so 48 h label rather than 0: 0.05:48 was used",Ho lab/7_Shared data/16s rRNA/Raw reads/2024930_DM_assembly/Plate1,,0.00732961894113,0,0,0.00388038649825,0.0377468421371,0.00357440620089,0.000125173758008,0.0000417245860027,0.00296244560619,0.000208622930013,0.000194714734679,0.00336578327088,0.000806675329385,0.768358251239,0,0.0000973573673395,0,0,0,0,0,0,0,0,0,0,0.00346314063822,0,0.0127120905355,0.00196105554212,0,0.000500695032032,0,0.000584144204037,0.0000417245860027,0,0,0,0.0186508899432,0.0538942569201
2024930_WZY_DM_assembly_Plate1H6,2024930_WZY_DM_assembly_Plate1,,,H6,Plate1_H6,Mannose,cycle 5,,0.9705,48 h,,"growth curve data NA, so 48 h label rather than 0: 0.05:48 was used",Ho lab/7_Shared data/16s rRNA/Raw reads/2024930_DM_assembly/Plate1,,0.164750651591,0.000148792640859,0,0.0155488309697,0.0456049444232,0.0164415868149,0.000781161364507,0,0.087862054427,0.037086565734,0.0000743963204293,0.0695977577616,0.00219469145266,0.195625124569,0,0,0,0,0.000334783441932,0,0,0,0,0,0,0,0.000967152165581,0,0.0445261977769,0.0418851284017,0.0000743963204293,0.0162555960138,0,0.0215005366041,0,0,0,0,0.0495107512457,0.159728899962
2024930_WZY_DM_assembly_Plate1H7,2024930_WZY_DM_assembly_Plate1,,,H7,Plate1_H7,Propionate,cycle 5,,0.2025,48 h,,"growth curve data NA, so 48 h label rather than 0: 0.05:48 was used",Ho lab/7_Shared data/16s rRNA/Raw reads/2024930_DM_assembly/Plate1,,0.173652203668,0.000421297563646,0,0.00032151656173,0.00814878182316,0.00159649603066,0,0.0000221735559814,0.00016630166986,0.00860333972078,0,0.0000110867779907,0,0,0,0,0,0,0,0,0,0,0.0000886942239255,0,0,0,0,0,0,0.000942376129209,0,0.0000221735559814,0,0.000144128113879,0,0,0,0,0.00207322748426,0.00628620312072
2024930_WZY_DM_assembly_Plate1H8,2024930_WZY_DM_assembly_Plate1,,,H8,Plate1_H8,Propionate,cycle 5,,0.2515,48 h,,"growth curve data NA, so 48 h label rather than 0: 0.05:48 was used",Ho lab/7_Shared data/16s rRNA/Raw reads/2024930_DM_assembly/Plate1,,0.208724191425,0.000165522752915,0,0.000165522752915,0.0152044471606,0.00536766641595,0,0,0.00215179578789,0.000898552087251,0,0.000165522752915,0,0.0000472922151185,0,0,0,0,0,0,0,0,0,0,0,0,0,0,0,0.00465828318917,0,0.00617163407296,0,0.000165522752915,0,0,0.0000472922151185,0,0.00553318916886,0.00203356525009
2024930_WZY_DM_assembly_Plate1H9,2024930_WZY_DM_assembly_Plate1,,,H9,Plate1_H9,Propionate,cycle 5,,0.1155,48 h,,"growth curve data NA, so 48 h label rather than 0: 0.05:48 was used",Ho lab/7_Shared data/16s rRNA/Raw reads/2024930_DM_assembly/Plate1,,0.0572613179607,0.000378728580495,0,0.000219906917707,0.00838089697483,0.00188142585149,0,0,0.00116061984345,0.0148070657923,0,0,0,0,0,0,0,0,0,0,0,0,0.000464247937381,0,0,0,0,0,0,0.0118749735562,0,0.000452030886397,0,0.0000122170509837,0,0,0,0,0.00466691347578,0.0139396551724
2024930_WZY_DM_assembly_Plate2A10,2024930_WZY_DM_assembly_Plate2,,,A10,Plate2_A10,N_acetylglutamic_acid,cycle 5,,0.5255,48 h,,"growth curve data NA, so 48 h label rather than 0: 0.05:48 was used",Ho lab/7_Shared data/16s rRNA/Raw reads/2024930_DM_assembly/Plate2,,0.125163951096,0.000213740549335,0.000238886496315,0.00848675710594,0.044671774811,0.00294207579673,0.000188594602354,0.0000377189204709,0.0401706503015,0.0812591276677,0.000138302708393,0,0.00661338405589,0.00799641113982,0.0624625322997,0.00045262704565,0,0.0000754378409417,0.000188594602354,0,0,0,0,0,0,0,0.00333183797493,0,0,0.0102344004211,0.0118688869748,0.0364364771748,0,0.000176021628864,0,0,0,0,0.00277862714135,0.0793731816442
2024930_WZY_DM_assembly_Plate2A11,2024930_WZY_DM_assembly_Plate2,,,A11,Plate2_A11,N_acetylglutamic_acid,cycle 5,,0.5895,48 h,,"growth curve data NA, so 48 h label rather than 0: 0.05:48 was used",Ho lab/7_Shared data/16s rRNA/Raw reads/2024930_DM_assembly/Plate2,,0.0120908107685,0.000353352792473,0,0.00575350525136,0.0426788720648,0.00198184827083,0.0000460894946705,0,0.0305266086367,0.00854960126137,0,0.00477026269839,0.00365643324386,0.374231333559,0.0480559797764,0,0,0,0.0000307263297803,0,0,0,0,0,0,0,0.00198184827083,0,0,0.00534638138177,0.0102395493993,0.0296278634907,0,0.000299581715358,0,0,0,0,0.00254260378932,0.00673674780433
2024930_WZY_DM_assembly_Plate2A12,2024930_WZY_DM_assembly_Plate2,,,A12,Plate2_A12,N_acetylglutamic_acid,cycle 5,,0.5715,48 h,,"growth curve data NA, so 48 h label rather than 0: 0.05:48 was used",Ho lab/7_Shared data/16s rRNA/Raw reads/2024930_DM_assembly/Plate2,,0.147878991955,0.000870764261336,0.000336695514383,0.0321950572891,0.0075814541687,0.00231042784008,0.000150932471965,0,0.000592119697708,0.107777395173,0,0.0734808934666,0.00604890906875,0.00883535470502,0.0514795831302,0,0,0,0,0,0,0,0,0,0,0,0.00376170160897,0,0,0.00148610433935,0.0287120002438,0.044780503413,0,0.000650170648464,0,0,0,0,0.03764023647,0.0149307045344
2024930_WZY_DM_assembly_Plate2A1,2024930_WZY_DM_assembly_Plate2,,,A1,Plate2_A1,Sugar_mix,cycle 5,,0.9295,48 h,,"growth curve data NA, so 48 h label rather than 0: 0.05:48 was used",Ho lab/7_Shared data/16s rRNA/Raw reads/2024930_DM_assembly/Plate2,,0.00366305418719,0.000255212791731,0.000840700960995,0.00327272874102,0.0779900266494,0.0426805862877,0.00277731567472,0.0216630622628,0.0174445449406,0.0893695146572,0,0.213538044093,0.00815179681822,0.00171142695631,0,0.000210175240249,0,0.00408340466769,0.00111092626989,0,0,0,0.000105087620124,0.000915763546798,0,0,0.000345287894694,0,0.0395129451668,0.00689074537673,0.00145621416458,0.00370809173867,0,0.0508774206574,0,0,0.109546337721,0,0.176667301946,0.0507122829686
2024930_WZY_DM_assembly_Plate2A2,2024930_WZY_DM_assembly_Plate2,,,A2,Plate2_A2,Sugar_mix,cycle 5,,0.8055,48 h,,"growth curve data NA, so 48 h label rather than 0: 0.05:48 was used",Ho lab/7_Shared data/16s rRNA/Raw reads/2024930_DM_assembly/Plate2,,0.0331738639204,0.0000922661196268,0.000427779281906,0.00156852403366,0.0294832191353,0.00146787008497,0.001325276991,0.00962083992836,0.0064921796901,0.0320750583139,0,0.00464685729757,0.000511657572476,0.311507195518,0,0.000318737504165,0,0.00773357839054,0.00287702536654,0,0,0,0,0.00124978652949,0,0,0.00124139870043,0,0.0114661623209,0.0215483328474,0.00500753394702,0.0105183376375,0,0.0275791819394,0,0,0,0,0.0766144306065,0.206952906323
2024930_WZY_DM_assembly_Plate2A3,2024930_WZY_DM_assembly_Plate2,,,A3,Plate2_A3,Sugar_mix,cycle 5,,0.9615,48 h,,"growth curve data NA, so 48 h label rather than 0: 0.05:48 was used",Ho lab/7_Shared data/16s rRNA/Raw reads/2024930_DM_assembly/Plate2,,0.00169739880524,0.000530939910644,0.00271905590603,0.00000804454410067,0.235994745737,0.0011503698064,0.000136757249711,0.140530140895,0.000981434380281,0.0235866033032,0.0000160890882013,0,0.000426360837335,0.17340014809,0.0011664588946,0.000193069058416,0,0.000941211659778,0.00131126068841,0,0,0,0,0.000925122571577,0,0,0.000909033483375,0,0.0594411363598,0.0258712538277,0.00893748849584,0.000490717190141,0,0.0119702816218,0.000024133632302,0,0.22679983183,0,0.00169739880524,0.0396435133281
2024930_WZY_DM_assembly_Plate2A4,2024930_WZY_DM_assembly_Plate2,,,A4,Plate2_A4,Sugar_mix,cycle 5,,0.9055,48 h,,"growth curve data NA, so 48 h label rather than 0: 0.05:48 was used",Ho lab/7_Shared data/16s rRNA/Raw reads/2024930_DM_assembly/Plate2,,0.0669553015669,0.00103008156257,0.00106895256493,0.000641371538957,0.269453788367,0.0388321313587,0.0000194355011805,0.0317770444301,0.00176863060743,0.191731219146,0,0.000252661515347,0.00664694140373,0.00647202189311,0.00075798454604,0.00604444086714,0,0.0162480789869,0.000719113543679,0,0,0,0,0.000038871002361,0,0,0.00132161408027,0,0.127341403735,0.000699678042498,0.0228561493883,0.000544194033054,0,0.069015464692,0,0,0,0,0.0420584245546,0.00120500107319
2024930_WZY_DM_assembly_Plate2A5,2024930_WZY_DM_assembly_Plate2,,,A5,Plate2_A5,Sugar_mix,cycle 5,,0.9605,48 h,,"growth curve data NA, so 48 h label rather than 0: 0.05:48 was used",Ho lab/7_Shared data/16s rRNA/Raw reads/2024930_DM_assembly/Plate2,,0.0106954161993,0.0000561144606468,0.00480339783137,0.000583590390727,0.0024465904842,0.0217948565152,0.0010325060759,0.138647609366,0.00704797625724,0.0502561109553,0,0.0000336686763881,0.00804681365676,0.154180092073,0,0.000909054262479,0,0.000258126518976,0.00287306038512,0,0,0,0,0,0,0,0.0000785602449056,0,0.00542065689849,0.000202012058329,0.00958434987848,0.00159365068237,0,0.0274287483642,0,0,0.250057259534,0,0.0016048735745,0.260864904655
2024930_WZY_DM_assembly_Plate2A6,2024930_WZY_DM_assembly_Plate2,,,A6,Plate2_A6,Sugar_mix,cycle 5,,0.9195,48 h,,"growth curve data NA, so 48 h label rather than 0: 0.05:48 was used",Ho lab/7_Shared data/16s rRNA/Raw reads/2024930_DM_assembly/Plate2,,0.00930216089349,0.000446503722888,0.00119067659437,0,0.00193484946585,0.0213577614115,0.00156276303011,0.166099384914,0.00878123988346,0.0475526464875,0,0,0.00312552606021,0.195494213338,0,0.000595338297184,0,0.0104928374879,0.00193484946585,0,0,0,0,0.000967424732923,0,0,0.000446503722888,0,0.0686127387504,0.00215810132729,0.00863240530916,0.0370598089997,0,0.00230693590159,0,0,0,0,0.0863984703788,0.243046859825
2024930_WZY_DM_assembly_Plate2A7,2024930_WZY_DM_assembly_Plate2,,,A7,Plate2_A7,N_acetylglutamic_acid,cycle 5,,0.5765,48 h,,"growth curve data NA, so 48 h label rather than 0: 0.05:48 was used",Ho lab/7_Shared data/16s rRNA/Raw reads/2024930_DM_assembly/Plate2,,0.21895801295,0.00117949323261,0.000142576105041,0.00413470704618,0.0248600881335,0.00232010207293,0.000324036602365,0.000103691712757,0.0297595215612,0.070277058321,0,0,0.0057678515221,0.00837310580512,0.0625520257206,0.000946186878906,0,0,0.000207383425514,0,0,0,0,0,0,0,0.00248860110616,0,0.00517162417375,0.0123004294258,0.0211401479383,0.0432135212914,0,0.0000777687845677,0,0,0,0,0.0449114730878,0.0172905931022
2024930_WZY_DM_assembly_Plate2A8,2024930_WZY_DM_assembly_Plate2,,,A8,Plate2_A8,N_acetylglutamic_acid,cycle 5,,0.5745,48 h,,"growth curve data NA, so 48 h label rather than 0: 0.05:48 was used",Ho lab/7_Shared data/16s rRNA/Raw reads/2024930_DM_assembly/Plate2,,0.0572424481618,0.000654049910441,0.00010464798567,0.00329641154862,0.00134298248277,0.00102903852576,0.000427312608154,0,0.00245050699778,0.0397051898965,0,0,0.00345338352713,0.011127569143,0.306888938644,0.0000348826618902,0,0,0,0,0,0,0,0,0,0,0.00161332311242,0,0.0293275979842,0.00685444306142,0.0129327468958,0.0190895367194,0,0.00000872066547254,0,0,0.00630504113665,0,0.0171099456571,0.053501282674
2024930_WZY_DM_assembly_Plate2A9,2024930_WZY_DM_assembly_Plate2,,,A9,Plate2_A9,N_acetylglutamic_acid,cycle 5,,0.5625,48 h,,"growth curve data NA, so 48 h label rather than 0: 0.05:48 was used",Ho lab/7_Shared data/16s rRNA/Raw reads/2024930_DM_assembly/Plate2,,0.0290429373997,0.00163857677903,0.000685527019797,0.00018392188336,0.0388576779026,0.00285914927769,0.000518325307651,0,0.0561296147673,0.0866940877475,0,0,0.00101993044409,0.0141619850187,0.0858413590155,0.000468164794007,0,0,0.0000501605136437,0,0,0,0,0,0,0,0.00254146602461,0,0.0000501605136437,0.0153658373462,0.00921281433922,0.0549926431247,0,0.000117041198502,0,0,0,0,0.00525013376137,0.156818485821
2024930_WZY_DM_assembly_Plate2B10,2024930_WZY_DM_assembly_Plate2,,,B10,Plate2_B10,N_acetylgalactosamine,cycle 5,,0.5345,48 h,,"growth curve data NA, so 48 h label rather than 0: 0.05:48 was used",Ho lab/7_Shared data/16s rRNA/Raw reads/2024930_DM_assembly/Plate2,,0.291861498544,0.000514569831878,0,0.000188257255565,0.00193277449047,0.00194532497417,0,0,0.00184492110454,0.0319535315112,0,0,0,0.000916185310416,0.047327874049,0.000112954353339,0,0,0.000276110641495,0,0,0,0,0.000589872734104,0,0,0.00222143561567,0,0,0.0152488377008,0,0.0240843782286,0,0.0000125504837043,0,0,0,0,0.0288535620363,0.0846153611346
2024930_WZY_DM_assembly_Plate2B11,2024930_WZY_DM_assembly_Plate2,,,B11,Plate2_B11,N_acetylgalactosamine,cycle 5,,0.4865,48 h,,"growth curve data NA, so 48 h label rather than 0: 0.05:48 was used",Ho lab/7_Shared data/16s rRNA/Raw reads/2024930_DM_assembly/Plate2,,0.102948221918,0.0010736514233,0,0.0131963991396,0.012149928765,0.000856203033774,0,0.0000407715730368,0.0560473224013,0.00644190853982,0,0.063386205548,0,0.00591187809034,0.0262976646088,0.0000543620973825,0,0,0.000502849400788,0,0,0,0,0.000326172584295,0,0,0.0127207307875,0,0,0.00424024359583,0,0.0513585915021,0,0.0000135905243456,0,0,0,0,0.0320192753583,0.0969140291086
2024930_WZY_DM_assembly_Plate2B12,2024930_WZY_DM_assembly_Plate2,,,B12,Plate2_B12,N_acetylgalactosamine,cycle 5,,0.5855,48 h,,"growth curve data NA, so 48 h label rather than 0: 0.05:48 was used",Ho lab/7_Shared data/16s rRNA/Raw reads/2024930_DM_assembly/Plate2,,0.186512302491,0.0000870028233196,0,0.00382087399079,0.00483590692952,0.00134129352618,0,0,0.0166247894893,0.0415873495468,0,0.0012107892912,0,0.000529267175194,0.279844581208,0.000159505176086,0,0,0.0000435014116598,0,0,0,0,0.0000507516469365,0,0,0.000224757293576,0,0,0.00969356456486,0.0000145004705533,0.0193291272475,0,0.00000725023527664,0,0,0.000493015998811,0,0.0140582062014,0.00503166328199
2024930_WZY_DM_assembly_Plate2B1,2024930_WZY_DM_assembly_Plate2,,,B1,Plate2_B1,Water,cycle 5,,0.2605,48 h,,"growth curve data NA, so 48 h label rather than 0: 0.05:48 was used",Ho lab/7_Shared data/16s rRNA/Raw reads/2024930_DM_assembly/Plate2,,0.0289273932253,0.00310758468336,0,0,0.00310758468336,0.0130058173785,0,0,0.0102818851252,0.0108573637703,0,0,0,0,0,0.000844035346097,0,0,0.00640699558174,0,0,0,0,0,0,0,0,0,0,0.0166888807069,0,0.0286204712813,0,0.00303085419735,0,0,0,0,0.0341067010309,0.10151443299
2024930_WZY_DM_assembly_Plate2B2,2024930_WZY_DM_assembly_Plate2,,,B2,Plate2_B2,Water,cycle 5,,0.2725,48 h,,"growth curve data NA, so 48 h label rather than 0: 0.05:48 was used",Ho lab/7_Shared data/16s rRNA/Raw reads/2024930_DM_assembly/Plate2,,0.170606625206,0.000112047697368,0,0,0.013921926398,0.00310932360197,0,0,0.00127454255757,0.0109386564556,0,0.00197484066612,0,0,0,0.0000700298108553,0,0,0.00163869757401,0,0,0,0,0,0,0,0,0,0,0.00586849814967,0,0.0124933182566,0,0.000504214638158,0,0,0,0,0.0128154553865,0.037171823602
2024930_WZY_DM_assembly_Plate2B3,2024930_WZY_DM_assembly_Plate2,,,B3,Plate2_B3,Water,cycle 5,,0.1635,48 h,,"growth curve data NA, so 48 h label rather than 0: 0.05:48 was used",Ho lab/7_Shared data/16s rRNA/Raw reads/2024930_DM_assembly/Plate2,,0.0355382493564,0.00288635527768,0,0,0.0298256712026,0.0029765538801,0,0,0.000360794409709,0.0233313718279,0,0,0,0.000270595807282,0,0.000210463405664,0,0,0.00453999632218,0,0,0,0,0,0,0,0,0,0,0.0177089922766,0,0,0,0.00748648400147,0,0,0.000180397204855,0,0.00126278043398,0.0369212945936
2024930_WZY_DM_assembly_Plate2B4,2024930_WZY_DM_assembly_Plate2,,,B4,Plate2_B4,Water,cycle 5,,0.1775,48 h,,"growth curve data NA, so 48 h label rather than 0: 0.05:48 was used",Ho lab/7_Shared data/16s rRNA/Raw reads/2024930_DM_assembly/Plate2,,0.0148379940343,0.0000132363907532,0,0,0.0016677852349,0.0022898956003,0,0.000105891126025,0.00221047725578,0.0201987322893,0,0.0733163683818,0,0,0.0000264727815063,0,0,0,0.000357382550336,0,0,0,0,0,0,0,0,0,0,0.0337925055928,0,0.00162807606264,0,0.00373266219239,0,0,0,0,0.0180544369873,0.00526808351976
2024930_WZY_DM_assembly_Plate2B5,2024930_WZY_DM_assembly_Plate2,,,B5,Plate2_B5,Water,cycle 5,,0.1775,48 h,,"growth curve data NA, so 48 h label rather than 0: 0.05:48 was used",Ho lab/7_Shared data/16s rRNA/Raw reads/2024930_DM_assembly/Plate2,,0.128249046389,0.0000873631106189,0,0,0.00867078872893,0.000960994216808,0,0,0.00157253599114,0.0120342684878,0,0.00198751076658,0,0,0,0,0,0,0.00113572043805,0,0,0,0,0,0,0,0,0,0,0.00615909929863,0,0.000131044665928,0,0.00338532053648,0,0,0,0,0.0000436815553095,0.0130826258152
2024930_WZY_DM_assembly_Plate2B6,2024930_WZY_DM_assembly_Plate2,,,B6,Plate2_B6,Water,cycle 5,,0.1835,48 h,,"growth curve data NA, so 48 h label rather than 0: 0.05:48 was used",Ho lab/7_Shared data/16s rRNA/Raw reads/2024930_DM_assembly/Plate2,,0.0341952812583,0.000391362303386,0,0,0.0374729405492,0.000782724606772,0,0.000195681151693,0.00225033324447,0.0215738469741,0,0,0,0,0,0,0,0,0.000538123167155,0,0,0,0,0,0,0,0,0,0.00014676086377,0.0210846440949,0,0,0,0.00679992002133,0,0,0,0,0.0173177819248,0.04075059984
2024930_WZY_DM_assembly_Plate2B7,2024930_WZY_DM_assembly_Plate2,,,B7,Plate2_B7,N_acetylgalactosamine,cycle 5,,0.5515,48 h,,"growth curve data NA, so 48 h label rather than 0: 0.05:48 was used",Ho lab/7_Shared data/16s rRNA/Raw reads/2024930_DM_assembly/Plate2,,0.00272136082754,0,0,0.000199732904774,0.000337049276806,0.00166027977093,0,0,0.0053428552027,0.00161034654474,0,0,0,0.000936247991127,0.470096357998,0.0000374499196451,0,0,0.000299599357161,0,0,0,0.000724031779805,0.000699065166708,0,0,0.00225947848525,0,0,0.00745253400937,0,0.00107356436316,0,0,0,0,0,0,0.00189746259535,0.0541525838068
2024930_WZY_DM_assembly_Plate2B8,2024930_WZY_DM_assembly_Plate2,,,B8,Plate2_B8,N_acetylgalactosamine,cycle 5,,0.4855,48 h,,"growth curve data NA, so 48 h label rather than 0: 0.05:48 was used",Ho lab/7_Shared data/16s rRNA/Raw reads/2024930_DM_assembly/Plate2,,0.0218216121941,0.000740911650891,0.000979061824392,0.00209924967752,0.00223155532947,0.000149946405537,0,0.0000176407535926,0.0166264102611,0.0299539996003,0,0,0,0,0.343447831695,0.0000176407535926,0,0,0.000141126028741,0,0,0,0,0.000635067129335,0,0,0.00209924967752,0,0,0.00638595280054,0,0.0278106480388,0,0.000211689043112,0.0000441018839816,0,0,0,0.0233298966263,0.00675640862598
2024930_WZY_DM_assembly_Plate2B9,2024930_WZY_DM_assembly_Plate2,,,B9,Plate2_B9,N_acetylgalactosamine,cycle 5,,0.3785,48 h,,"growth curve data NA, so 48 h label rather than 0: 0.05:48 was used",Ho lab/7_Shared data/16s rRNA/Raw reads/2024930_DM_assembly/Plate2,,0.00577880454939,0.0020354493757,0.00119319446161,0.0338305723822,0.0418553900359,0.0113938373099,0.000350939547534,0.0000701879095067,0.040264464087,0.0377844912845,0,0,0,0.00383693905303,0.0736739090122,0.000491315366547,0,0,0.0000701879095067,0,0,0,0.000163771788849,0,0,0,0.0127040116207,0,0,0.0572499381877,0.0000935838793423,0.0044686302386,0,0.00135696625046,0,0,0,0,0.0387671220176,0.0110662937322
2024930_WZY_DM_assembly_Plate2C10,2024930_WZY_DM_assembly_Plate2,,,C10,Plate2_C10,Urea,cycle 5,,0.1715,48 h,,"growth curve data NA, so 48 h label rather than 0: 0.05:48 was used",Ho lab/7_Shared data/16s rRNA/Raw reads/2024930_DM_assembly/Plate2,,0.130139464068,0.000487413723102,0,0,0.00859550232327,0.000990300897731,0,0,0.00101351107502,0.00660716380205,0,0,0,0.0000618938061082,0,0.0000232101772906,0,0,0.00101351107502,0,0,0,0,0,0,0,0,0,0,0.00491282085984,0,0,0,0.000139261063743,0,0,0,0,0.00481998015067,0.0126959669779
2024930_WZY_DM_assembly_Plate2C11,2024930_WZY_DM_assembly_Plate2,,,C11,Plate2_C11,Urea,cycle 5,,0.1625,48 h,,"growth curve data NA, so 48 h label rather than 0: 0.05:48 was used",Ho lab/7_Shared data/16s rRNA/Raw reads/2024930_DM_assembly/Plate2,,0.00736817808781,0.00260053344276,0,0,0.0526441321297,0.00463428395568,0,0,0.00640131308986,0.0229046983997,0,0.00106688551498,0,0,0,0.000300061551087,0,0,0.00583453016003,0,0,0,0,0,0,0,0,0,0,0.0229046983997,0,0,0,0.0055011284366,0,0,0,0,0.0232047599508,0.00713479688141
2024930_WZY_DM_assembly_Plate2C12,2024930_WZY_DM_assembly_Plate2,,,C12,Plate2_C12,Urea,cycle 5,,0.1295,48 h,,"growth curve data NA, so 48 h label rather than 0: 0.05:48 was used",Ho lab/7_Shared data/16s rRNA/Raw reads/2024930_DM_assembly/Plate2,,0.0269253253796,0.000112364425163,0,0,0.0172338937093,0.00248606290672,0,0.0000561822125813,0.00237369848156,0.0184277657267,0,0.0455637744035,0,0,0,0,0,0,0.00115173535792,0,0,0,0.00063204989154,0,0,0,0,0,0,0.000224728850325,0,0,0,0.00214896963124,0,0,0,0,0.00945265726681,0.00271079175705
2024930_WZY_DM_assembly_Plate2C1,2024930_WZY_DM_assembly_Plate2,,,C1,Plate2_C1,Butyrate,cycle 5,,0.2865,48 h,,"growth curve data NA, so 48 h label rather than 0: 0.05:48 was used",Ho lab/7_Shared data/16s rRNA/Raw reads/2024930_DM_assembly/Plate2,,0.211809028062,0.00185859148469,0,0.000136108972364,0.00102316399915,0.0030413315204,0,0,0.00171778909949,0.0247436724932,0,0.000530355650935,0,0,0.00000469341284013,0.000183043100765,0,0.0000140802385204,0.000680544861819,0,0,0,0,0,0,0,0.000117335321003,0,0.0000140802385204,0.00864057303868,0,0.000933989155186,0,0.00182573759481,0,0,0.0000234670642006,0,0.00728887014072,0.0219135445506
2024930_WZY_DM_assembly_Plate2C2,2024930_WZY_DM_assembly_Plate2,,,C2,Plate2_C2,Butyrate,cycle 5,,0.2135,48 h,,"growth curve data NA, so 48 h label rather than 0: 0.05:48 was used",Ho lab/7_Shared data/16s rRNA/Raw reads/2024930_DM_assembly/Plate2,,0.0643938926174,0.000315234899329,0,0,0.023957852349,0.00762295302013,0,0.0000573154362416,0.00071644295302,0.0225536241611,0,0,0,0,0,0.000114630872483,0,0,0.00166214765101,0,0,0,0,0,0,0,0,0,0,0.00352489932886,0,0.0234420134228,0,0.00071644295302,0,0,0,0,0.0170226845638,0.0473998657718
2024930_WZY_DM_assembly_Plate2C3,2024930_WZY_DM_assembly_Plate2,,,C3,Plate2_C3,Butyrate,cycle 5,,0.2735,48 h,,"growth curve data NA, so 48 h label rather than 0: 0.05:48 was used",Ho lab/7_Shared data/16s rRNA/Raw reads/2024930_DM_assembly/Plate2,,0.123678870878,0.00749105645612,0,0,0.00422964412148,0.00937656046208,0,0.000458636109558,0.00596226942426,0.0141667598286,0,0,0,0,0,0.000203838270915,0,0,0.000611514812745,0,0,0,0,0,0,0,0,0,0,0.00682858207565,0,0.0474433575554,0,0.00636994596609,0,0,0,0,0.0332256381591,0.0134533258804
2024930_WZY_DM_assembly_Plate2C4,2024930_WZY_DM_assembly_Plate2,,,C4,Plate2_C4,Butyrate,cycle 5,,0.2265,48 h,,"growth curve data NA, so 48 h label rather than 0: 0.05:48 was used",Ho lab/7_Shared data/16s rRNA/Raw reads/2024930_DM_assembly/Plate2,,0.0425117781155,0.000240957446809,0,0,0.0028226443769,0.00829582066869,0,0.000550759878419,0.00492241641337,0.0056108662614,0,0.000206534954407,0,0,0,0,0,0,0.000550759878419,0,0,0,0,0,0,0,0,0,0,0.097381231003,0,0.0249907294833,0,0.00609278115502,0,0,0.0000688449848024,0,0.0235794072948,0.00867446808511
2024930_WZY_DM_assembly_Plate2C5,2024930_WZY_DM_assembly_Plate2,,,C5,Plate2_C5,Butyrate,cycle 5,,0.3495,48 h,,"growth curve data NA, so 48 h label rather than 0: 0.05:48 was used",Ho lab/7_Shared data/16s rRNA/Raw reads/2024930_DM_assembly/Plate2,,0.180270371025,0.0000123498233216,0,0.0000123498233216,0.0120534275618,0.00313685512367,0,0.000111148409894,0.00175367491166,0.0888446289753,0,0.00186482332155,0,0,0,0.000358144876325,0,0,0.00181542402827,0,0,0,0,0,0,0,0,0,0,0.0315537985866,0,0.00958346289753,0,0.00632310954064,0,0,0,0,0.0114235865724,0.000382844522968
2024930_WZY_DM_assembly_Plate2C6,2024930_WZY_DM_assembly_Plate2,,,C6,Plate2_C6,Butyrate,cycle 5,,0.2605,48 h,,"growth curve data NA, so 48 h label rather than 0: 0.05:48 was used",Ho lab/7_Shared data/16s rRNA/Raw reads/2024930_DM_assembly/Plate2,,0.138679970264,0.000835129861079,0,0,0.00014523997584,0.00531336244947,0,0.0000726199879199,0.00147660642104,0.0319285880221,0,0,0,0,0,0.00010892998188,0,0,0.00173077637876,0,0,0,0,0,0,0,0,0,0,0.0518627747061,0,0.0192685034614,0,0.000423616596199,0,0,0.0000484133252799,0,0.00831498861683,0.00029047995168
2024930_WZY_DM_assembly_Plate2C7,2024930_WZY_DM_assembly_Plate2,,,C7,Plate2_C7,Urea,cycle 5,,0.2715,48 h,,"growth curve data NA, so 48 h label rather than 0: 0.05:48 was used",Ho lab/7_Shared data/16s rRNA/Raw reads/2024930_DM_assembly/Plate2,,0.0561526958719,0.00221103622578,0,0,0.0374732518955,0.00278285593934,0,0.00015248525695,0.0062900168492,0.0056800758214,0,0,0,0,0,0,0,0,0.000876790227464,0,0,0,0,0,0,0,0,0,0,0.0488715248526,0,0.0127325189553,0,0.0100259056445,0,0,0,0,0.00289721988206,0.0853536225779
2024930_WZY_DM_assembly_Plate2C8,2024930_WZY_DM_assembly_Plate2,,,C8,Plate2_C8,Urea,cycle 5,,0.1725,48 h,,"growth curve data NA, so 48 h label rather than 0: 0.05:48 was used",Ho lab/7_Shared data/16s rRNA/Raw reads/2024930_DM_assembly/Plate2,,0.13290438676,0.000479058036726,0,0,0.011272528905,0.000127097030152,0,0,0.00159360122421,0.0071858705509,0,0,0,0,0,0.0000782135570165,0,0,0.000136873724779,0,0,0,0,0,0,0,0,0,0,0.00956160734527,0,0,0,0.0011927567445,0,0,0,0,0.00580735660848,0.00216064951258
2024930_WZY_DM_assembly_Plate2C9,2024930_WZY_DM_assembly_Plate2,,,C9,Plate2_C9,Urea,cycle 5,,0.2215,48 h,,"growth curve data NA, so 48 h label rather than 0: 0.05:48 was used",Ho lab/7_Shared data/16s rRNA/Raw reads/2024930_DM_assembly/Plate2,,0.1430846661,0.000602977456402,0,0.0000659506592939,0.0114659931944,0.00125306252658,0,0,0.00130017014037,0.00539853253934,0,0.0265310080817,0,0,0,0.000103636750319,0,0,0.000584134410889,0,0,0,0,0,0,0,0,0,0,0.00793292216078,0,0.0000282645682688,0,0.00201620586984,0,0,0,0,0.00515357294768,0.0159789025946
2024930_WZY_DM_assembly_Plate2D10,2024930_WZY_DM_assembly_Plate2,,,D10,Plate2_D10,Glutamate,cycle 5,,0.4235,48 h,,"growth curve data NA, so 48 h label rather than 0: 0.05:48 was used",Ho lab/7_Shared data/16s rRNA/Raw reads/2024930_DM_assembly/Plate2,,0.245234600705,0.00110662066941,0,0.0000497357604228,0.0192353053435,0.00650295067528,0,0.0000621697005285,0.00281007046389,0.021286905461,0,0,0,0.0000994715208456,0,0.000136773341163,0,0,0.0032701262478,0,0,0,0,0,0,0,0,0,0,0.0676282002349,0,0.00819396652965,0,0.00518495302408,0,0,0.0000621697005285,0,0.0404227392836,0.00221324133881
2024930_WZY_DM_assembly_Plate2D11,2024930_WZY_DM_assembly_Plate2,,,D11,Plate2_D11,Glutamate,cycle 5,,0.2505,48 h,,"growth curve data NA, so 48 h label rather than 0: 0.05:48 was used",Ho lab/7_Shared data/16s rRNA/Raw reads/2024930_DM_assembly/Plate2,,0.0495138162808,0.00140309932786,0,0.000218259895444,0.0294962658701,0.000124719940254,0,0,0.00505115758028,0.00177725914862,0,0.000062359970127,0,0,0,0,0,0,0.00271265870052,0,0,0,0,0,0,0,0,0,0,0.0196122106049,0,0.000249439880508,0,0.00916691560866,0,0,0,0,0.0303693054518,0.10074253174
2024930_WZY_DM_assembly_Plate2D12,2024930_WZY_DM_assembly_Plate2,,,D12,Plate2_D12,Glutamate,cycle 5,,0.1905,48 h,,"growth curve data NA, so 48 h label rather than 0: 0.05:48 was used",Ho lab/7_Shared data/16s rRNA/Raw reads/2024930_DM_assembly/Plate2,,0.0346562829483,0.000967746573373,0,0.00051126234065,0.0178394038148,0.00578822007093,0,0,0.000328668647561,0.0136580082431,0,0.00299453656666,0,0,0,0,0,0,0.000328668647561,0,0,0,0,0,0,0,0,0,0,0.0122155180677,0,0,0,0.00786978817215,0,0,0,0,0.0233354739768,0.0700064219304
2024930_WZY_DM_assembly_Plate2D1,2024930_WZY_DM_assembly_Plate2,,,D1,Plate2_D1,Succinate,cycle 5,,0.2235,48 h,,"growth curve data NA, so 48 h label rather than 0: 0.05:48 was used",Ho lab/7_Shared data/16s rRNA/Raw reads/2024930_DM_assembly/Plate2,,0.0625663664614,0.000205789261668,0,0,0.00357558842148,0.00080386430339,0,0,0.000546627726305,0.00568492835357,0,0,0,0.0000321545721356,0,0.0000450164009898,0,0,0,0,0,0,0,0,0,0,0,0,0,0.00623155607988,0,0.000463025838752,0,0.000295822063647,0,0,0,0,0.036437561144,0.106611699373
2024930_WZY_DM_assembly_Plate2D2,2024930_WZY_DM_assembly_Plate2,,,D2,Plate2_D2,Succinate,cycle 5,,0.2285,48 h,,"growth curve data NA, so 48 h label rather than 0: 0.05:48 was used",Ho lab/7_Shared data/16s rRNA/Raw reads/2024930_DM_assembly/Plate2,,0.0393084501879,0.00110993492805,0,0,0.0137171203373,0.00446068188067,0,0.000125653010723,0.00316226743653,0.0132145082944,0,0.0000418843369077,0,0,0,0.000104710842269,0,0,0.0000628265053616,0,0,0,0,0,0,0,0,0,0,0.000230363852992,0,0.000439785537531,0,0.0065339565576,0,0,0,0,0.112752634956,0.0332352213363
2024930_WZY_DM_assembly_Plate2D3,2024930_WZY_DM_assembly_Plate2,,,D3,Plate2_D3,Succinate,cycle 5,,0.2515,48 h,,"growth curve data NA, so 48 h label rather than 0: 0.05:48 was used",Ho lab/7_Shared data/16s rRNA/Raw reads/2024930_DM_assembly/Plate2,,0.0648084463542,0.0018236873909,0,0,0.0264772391567,0.00124956358265,0,0,0.0044916744998,0,0,0,0,0,0,0.000168859943601,0,0,0,0,0,0,0,0,0,0,0,0,0,0.0328939170136,0,0.00293816301867,0,0.00253289915402,0,0,0,0,0.0250250436417,0.0890905062441
2024930_WZY_DM_assembly_Plate2D4,2024930_WZY_DM_assembly_Plate2,,,D4,Plate2_D4,Succinate,cycle 5,,0.2165,48 h,,"growth curve data NA, so 48 h label rather than 0: 0.05:48 was used",Ho lab/7_Shared data/16s rRNA/Raw reads/2024930_DM_assembly/Plate2,,0.0886063229814,0.000118335403727,0,0,0.000607813664596,0.000188260869565,0,0.0000806832298137,0.000683118012422,0.00752505590062,0,0.0195576149068,0,0,0,0,0,0,0.000102198757764,0,0,0,0,0,0,0,0,0,0,0.00497546583851,0,0.00501849689441,0,0.000306596273292,0,0,0,0,0.00300679503106,0.085723242236
2024930_WZY_DM_assembly_Plate2D5,2024930_WZY_DM_assembly_Plate2,,,D5,Plate2_D5,Succinate,cycle 5,,0.3325,48 h,,"growth curve data NA, so 48 h label rather than 0: 0.05:48 was used",Ho lab/7_Shared data/16s rRNA/Raw reads/2024930_DM_assembly/Plate2,,0.0464049646068,0.00015903003635,0,0,0.0196561124928,0.00690190357758,0,0,0.00273531662522,0,0,0.00839678591927,0,0.0000636120145399,0,0,0,0,0,0,0,0,0,0,0,0,0,0,0,0.0178431700784,0,0.019560694471,0,0.0264944040559,0,0,0,0,0.138928639755,0.0453553663669
2024930_WZY_DM_assembly_Plate2D6,2024930_WZY_DM_assembly_Plate2,,,D6,Plate2_D6,Succinate,cycle 5,,0.2535,48 h,,"growth curve data NA, so 48 h label rather than 0: 0.05:48 was used",Ho lab/7_Shared data/16s rRNA/Raw reads/2024930_DM_assembly/Plate2,,0.0204828094993,0.000403719143754,0,0,0.00742130778959,0.00032060049651,0,0.0000474963698534,0.000154363202024,0.00645950630006,0,0.00003562227739,0,0,0,0.0000593704623167,0,0,0,0,0,0,0,0,0,0,0,0,0,0.000914305119678,0,0.00140114291067,0,0.00112803878402,0,0,0,0,0.054585203054,0.160086514591
2024930_WZY_DM_assembly_Plate2D7,2024930_WZY_DM_assembly_Plate2,,,D7,Plate2_D7,Glutamate,cycle 5,,0.2965,48 h,,"growth curve data NA, so 48 h label rather than 0: 0.05:48 was used",Ho lab/7_Shared data/16s rRNA/Raw reads/2024930_DM_assembly/Plate2,,0.201623468343,0.000450884632256,0,0,0.014948559731,0.000225442316128,0,0,0.000216771457815,0.00606092996052,0,0,0,0,0,0.000112721158064,0,0,0.00484700979675,0,0,0,0,0,0,0,0.000121392016377,0,0,0.0508025588536,0,0.0000173417166252,0,0.00106651557245,0,0,0.0000173417166252,0,0.0121045182044,0.00388454452405
2024930_WZY_DM_assembly_Plate2D8,2024930_WZY_DM_assembly_Plate2,,,D8,Plate2_D8,Glutamate,cycle 5,,0.3835,48 h,,"growth curve data NA, so 48 h label rather than 0: 0.05:48 was used",Ho lab/7_Shared data/16s rRNA/Raw reads/2024930_DM_assembly/Plate2,,0.0217814876426,0.000121514575412,0,0,0.0236497742395,0.00478463640684,0,0.000030378643853,0.000349354404309,0.0240598859316,0,0.0000455679657795,0,0,0.0000455679657795,0.000182271863118,0,0,0.00654659775032,0,0,0,0,0,0,0,0.0000455679657795,0,0,0.128790260615,0,0,0,0.00795920468948,0,0,0,0,0.038641634981,0.12646629436
2024930_WZY_DM_assembly_Plate2D9,2024930_WZY_DM_assembly_Plate2,,,D9,Plate2_D9,Glutamate,cycle 5,,0.5655,48 h,,"growth curve data NA, so 48 h label rather than 0: 0.05:48 was used",Ho lab/7_Shared data/16s rRNA/Raw reads/2024930_DM_assembly/Plate2,,0.390755266357,0.000659467037193,0,0,0.0110565962832,0.000392873979604,0,0.0000420936406719,0.00133296528794,0.00263786814877,0,0,0,0,0,0,0,0,0.000505123688063,0,0,0,0,0,0,0,0.0000701560677865,0,0,0,0,0.00275011785723,0,0.00263786814877,0,0,0.0000420936406719,0,0.0382771505843,0.114340359278
2024930_WZY_DM_assembly_Plate2E10,2024930_WZY_DM_assembly_Plate2,,,E10,Plate2_E10,Acid_mix,cycle 5,,0.3025,48 h,,"growth curve data NA, so 48 h label rather than 0: 0.05:48 was used",Ho lab/7_Shared data/16s rRNA/Raw reads/2024930_DM_assembly/Plate2,,0.0648553207298,0.000158163405707,0,0.000541085335315,0.00462003632461,0.00193125842758,0,0.0000249731693222,0.000457841437574,0.0485478411624,0,0.153818074245,0,0.0000416219488704,0,0.000133190236385,0,0,0.0000249731693222,0,0,0,0,0,0,0,0,0,0.0000332975590963,0,0,0.0069675142409,0,0.0143512479705,0,0,0.0000332975590963,0,0.00135687553317,0.00460338754506
2024930_WZY_DM_assembly_Plate2E11,2024930_WZY_DM_assembly_Plate2,,,E11,Plate2_E11,Acid_mix,cycle 5,,0.1445,48 h,,"growth curve data NA, so 48 h label rather than 0: 0.05:48 was used",Ho lab/7_Shared data/16s rRNA/Raw reads/2024930_DM_assembly/Plate2,,0.0181356275304,0.00121085585161,0,0.00131969682704,0.00949637510592,0.0000272102438565,0,0.000054420487713,0.00131969682704,0.0025033424348,0,0.0153873929009,0,0.000258497316637,0,0,0,0,0,0,0,0,0,0,0,0,0,0,0,0.00126527633933,0,0.000108840975426,0,0.000734676584126,0,0,0,0,0.0029387063365,0.0897393842388
2024930_WZY_DM_assembly_Plate2E12,2024930_WZY_DM_assembly_Plate2,,,E12,Plate2_E12,Acid_mix,cycle 5,,0.1185,48 h,,"growth curve data NA, so 48 h label rather than 0: 0.05:48 was used",Ho lab/7_Shared data/16s rRNA/Raw reads/2024930_DM_assembly/Plate2,,0.00115752800208,0.000216071893722,0,0.00197551445689,0.0111740036468,0.00563330294347,0,0.0000771685334723,0.00143533472258,0.0367476556395,0,0,0,0.0000771685334723,0,0.000401276374056,0,0,0,0.0000926022401667,0,0,0,0,0,0,0,0,0,0.00759338369367,0,0.00143533472258,0,0.00226875488408,0,0,0,0,0.0480759963532,0.00013890336025
2024930_WZY_DM_assembly_Plate2E1,2024930_WZY_DM_assembly_Plate2,,,E1,Plate2_E1,Pyruvate,cycle 5,,0.1505,48 h,,"growth curve data NA, so 48 h label rather than 0: 0.05:48 was used",Ho lab/7_Shared data/16s rRNA/Raw reads/2024930_DM_assembly/Plate2,,0.0000704060628743,0.000746304266467,0,0,0.0177141654192,0.0121802488772,0.00249237462575,0,0.00256278068862,0.059816991018,0,0,0.0000563248502994,0.00107017215569,0.000506923652695,0,0,0,0.0000563248502994,0,0,0,0,0,0,0,0,0,0,0.00691387537425,0,0.000689979416168,0,0.000746304266467,0,0,0,0,0.0272471463323,0.0176296781437
2024930_WZY_DM_assembly_Plate2E2,2024930_WZY_DM_assembly_Plate2,low growth,,E2,Plate2_E2,Pyruvate,cycle 5,,-0.0185,48 h,,"growth curve data NA, so 48 h label rather than 0: 0.05:48 was used",Ho lab/7_Shared data/16s rRNA/Raw reads/2024930_DM_assembly/Plate2,,-0.00426923076923,0,0,0,0,0,0,0,0,-0.00569230769231,0,0,-0.00426923076923,0,0,0,0,0,0,0,0,0,0,0,0,0,0,0,0,0,0,0,0,0,0,0,0,0,0,-0.00426923076923
2024930_WZY_DM_assembly_Plate2E3,2024930_WZY_DM_assembly_Plate2,low growth,,E3,Plate2_E3,Pyruvate,cycle 5,,-0.0085,48 h,,"growth curve data NA, so 48 h label rather than 0: 0.05:48 was used",Ho lab/7_Shared data/16s rRNA/Raw reads/2024930_DM_assembly/Plate2,,-0.00270535632813,-0.000070581257414,0,0,0,0,0,-0.0000038780910667,-0.0000139611278401,0,0,0,0,0,0,0,0,0,0,0,0,0,0,0,0,0,0,0,0,0,0,-0.0000473127110138,0,0,0,0,0,0,-0.00144032302217,-0.00421858746236
2024930_WZY_DM_assembly_Plate2E4,2024930_WZY_DM_assembly_Plate2,,,E4,Plate2_E4,Pyruvate,cycle 5,,0.0595,48 h,,"growth curve data NA, so 48 h label rather than 0: 0.05:48 was used",Ho lab/7_Shared data/16s rRNA/Raw reads/2024930_DM_assembly/Plate2,,0.0000323516085184,0.0000485274127775,0,0,0.00748400543725,0.000210285455369,0.000102446760308,0.0000269596737653,0.000242637063888,0.00102985953783,0,0.0000107838695061,0,0.000183325781604,0,0,0,0,0.000258812868147,0,0,0,0,0,0,0,0,0,0,0,0,0.000948980516538,0,0.00012401449932,0,0,0.0000161758042592,0,0.0447099229724,0.00407091073856
2024930_WZY_DM_assembly_Plate2E5,2024930_WZY_DM_assembly_Plate2,,,E5,Plate2_E5,Pyruvate,cycle 5,,0.2005,48 h,,"growth curve data NA, so 48 h label rather than 0: 0.05:48 was used",Ho lab/7_Shared data/16s rRNA/Raw reads/2024930_DM_assembly/Plate2,,0.0000487537993921,0.000536291793313,0,0,0.00844659574468,0.000938510638298,0.00240112462006,0.0000365653495441,0.000597234042553,0.000024376899696,0,0,0,0.000158449848024,0,0,0,0,0.00147480243161,0,0,0,0,0,0,0,0,0,0.0000365653495441,0,0,0.00421720364742,0,0.000146261398176,0,0,0,0,0.113559787234,0.0678774772036
2024930_WZY_DM_assembly_Plate2E6,2024930_WZY_DM_assembly_Plate2,,,E6,Plate2_E6,Pyruvate,cycle 5,,0.1365,48 h,,"growth curve data NA, so 48 h label rather than 0: 0.05:48 was used",Ho lab/7_Shared data/16s rRNA/Raw reads/2024930_DM_assembly/Plate2,,0.0000599560761347,0,0,0,0.00935314787701,0.00286789897511,0.0059656295754,0.00000999267935578,0.00018986090776,0,0,0,0,0.000139897510981,0,0,0,0,0.000219838945827,0,0,0,0.0000199853587116,0,0,0,0,0,0.0000299780380673,0,0,0.000169875549048,0,0.000109919472914,0,0,0,0,0.0654920204978,0.0518719985359
2024930_WZY_DM_assembly_Plate2E7,2024930_WZY_DM_assembly_Plate2,,,E7,Plate2_E7,Acid_mix,cycle 5,,0.3265,48 h,,"growth curve data NA, so 48 h label rather than 0: 0.05:48 was used",Ho lab/7_Shared data/16s rRNA/Raw reads/2024930_DM_assembly/Plate2,,0.0270624441466,0.000583556747096,0,0,0.0134947497766,0.00474139857015,0,0,0.0010941689008,0.00547084450402,0,0.119483243968,0,0.00131300268097,0,0,0,0,0,0,0,0,0,0,0,0,0,0,0,0.00568967828418,0,0.0044496201966,0,0.00547084450402,0,0,0.000145889186774,0,0.0429643655049,0.0945361930295
2024930_WZY_DM_assembly_Plate2E8,2024930_WZY_DM_assembly_Plate2,,,E8,Plate2_E8,Acid_mix,cycle 5,,0.2605,48 h,,"growth curve data NA, so 48 h label rather than 0: 0.05:48 was used",Ho lab/7_Shared data/16s rRNA/Raw reads/2024930_DM_assembly/Plate2,,0.0584646061617,0.000248213434969,0,0,0.0136413966968,0.00814967444815,0,0.000144791170399,0.00122038272193,0.0506458829601,0,0.0512147054153,0,0.000806693663649,0,0.000113764491027,0,0,0,0,0,0,0,0,0,0,0,0,0.0000517111322852,0.0183367675083,0,0.00977340400191,0,0.00912184373511,0,0,0.0000827378116563,0,0.0302303279339,0.00825309671272
2024930_WZY_DM_assembly_Plate2E9,2024930_WZY_DM_assembly_Plate2,,,E9,Plate2_E9,Acid_mix,cycle 5,,0.1185,48 h,,"growth curve data NA, so 48 h label rather than 0: 0.05:48 was used",Ho lab/7_Shared data/16s rRNA/Raw reads/2024930_DM_assembly/Plate2,,0.0457368421053,0.000730440967283,0,0.000430772878141,0.000655523944998,0.00250972024656,0,0.000149834044571,0.000486960644855,0.0070609293504,0,0,0,0.000430772878141,0,0,0,0,0,0,0,0,0,0,0,0,0,0,0,0,0.0000374585111427,0.000224751066856,0,0.00110502607871,0,0,0,0,0.0158824087245,0.0430585585586
2024930_WZY_DM_assembly_Plate2F10,2024930_WZY_DM_assembly_Plate2,,,F10,Plate2_F10,Host_sugar_mix,cycle 5,,0.9255,48 h,,"growth curve data NA, so 48 h label rather than 0: 0.05:48 was used",Ho lab/7_Shared data/16s rRNA/Raw reads/2024930_DM_assembly/Plate2,,0.00174919000231,0.0000594962585821,0.0196932615907,0.000821048368433,0.168195923012,0.0338533711332,0.00113042891306,0.0558193898017,0.00279632415336,0.0257856784695,0.000190388027463,0,0.00931711409396,0.370316612667,0.000773451361568,0.0102214572244,0,0.00186818251948,0.00653268919232,0,0,0,0,0.000904343130448,0,0,0.0010114363959,0,0.00653268919232,0.0314854200417,0.0073894353159,0.00617571164082,0,0.00489059245545,0,0,0.0172777134922,0,0.0390771426367,0.10163150891
2024930_WZY_DM_assembly_Plate2F11,2024930_WZY_DM_assembly_Plate2,,,F11,Plate2_F11,Host_sugar_mix,cycle 5,,0.8325,48 h,,"growth curve data NA, so 48 h label rather than 0: 0.05:48 was used",Ho lab/7_Shared data/16s rRNA/Raw reads/2024930_DM_assembly/Plate2,,0.0512640234928,0.00075133292605,0.00290130099136,0.000127148649024,0.00683135014301,0.0161016425537,0.000219620393769,0.134974070423,0.00644990419594,0.00428837716253,0,0,0.00950147177251,0.271473924634,0.00153734275638,0.00486632556719,0,0.00382601843881,0.00640366832357,0,0,0,0,0.000184943489489,0,0,0.000959394351726,0,0.05388790925,0.0217539779512,0.0096979742301,0.00181475799061,0,0.0326194079587,0,0,0.183371469829,0,0.00505126905668,0.00164137346922
2024930_WZY_DM_assembly_Plate2F12,2024930_WZY_DM_assembly_Plate2,,,F12,Plate2_F12,Host_sugar_mix,cycle 5,,0.9485,48 h,,"growth curve data NA, so 48 h label rather than 0: 0.05:48 was used",Ho lab/7_Shared data/16s rRNA/Raw reads/2024930_DM_assembly/Plate2,,0.00162010287903,0.000599344417677,0.0040736690889,0,0.0179709677738,0.00248166047944,0.000121741834841,0.158414221397,0.0113594496663,0.0322896805023,0,0.0000280942695786,0.000243483669681,0.274696403183,0,0.000833463330832,0,0.00162946763556,0.00241610718376,0,0,0,0,0.000870922356937,0,0,0.000758545278622,0,0.0437146834643,0.036981423522,0.00173247995735,0.00305291062754,0,0.0422631462028,0,0,0.183699064018,0,0.000515061608941,0.126133905651
2024930_WZY_DM_assembly_Plate2F1,2024930_WZY_DM_assembly_Plate2,,,F1,Plate2_F1,Lactate,cycle 5,,0.1955,48 h,,"growth curve data NA, so 48 h label rather than 0: 0.05:48 was used",Ho lab/7_Shared data/16s rRNA/Raw reads/2024930_DM_assembly/Plate2,,0.0333290112681,0.001824377083,0,0.0000930804634185,0.00423826376766,0.00520009522298,0,0,0.0000992858276464,0.0154947944771,0,0.034470798286,0,0.00023580384066,0,0.00011790192033,0,0,0,0,0,0,0,0,0,0,0,0,0.0000124107284558,0,0,0.0027800031741,0,0.00118522456753,0,0,0,0,0.0495250119029,0.0468939374702
2024930_WZY_DM_assembly_Plate2F2,2024930_WZY_DM_assembly_Plate2,,,F2,Plate2_F2,Lactate,cycle 5,,0.1855,48 h,,"growth curve data NA, so 48 h label rather than 0: 0.05:48 was used",Ho lab/7_Shared data/16s rRNA/Raw reads/2024930_DM_assembly/Plate2,,0.0185004112688,0.0178900884228,0,0.00427225992186,0.0455071972034,0.0439050997327,0,0,0.000572177668106,0.000724758379601,0,0,0,0.00865895537734,0,0.00030516142299,0,0,0,0,0,0,0,0,0,0,0,0,0,0,0,0.000152580711495,0,0.00907855233395,0,0,0,0,0.00621766399342,0.0297150935636
2024930_WZY_DM_assembly_Plate2F3,2024930_WZY_DM_assembly_Plate2,,,F3,Plate2_F3,Lactate,cycle 5,,0.2805,48 h,,"growth curve data NA, so 48 h label rather than 0: 0.05:48 was used",Ho lab/7_Shared data/16s rRNA/Raw reads/2024930_DM_assembly/Plate2,,0.111187658956,0.00465405110815,0,0.000305740583747,0.0079832263534,0.000747365871382,0,0,0.0000679423519438,0.0745667312583,0,0,0,0.00659040813855,0,0.000305740583747,0,0,0,0,0,0,0,0,0,0,0,0,0,0.0000679423519438,0,0.00995355455977,0,0.0013248758629,0,0,0,0,0.051941928061,0.0108028339591
2024930_WZY_DM_assembly_Plate2F4,2024930_WZY_DM_assembly_Plate2,,,F4,Plate2_F4,Lactate,cycle 5,,0.1965,48 h,,"growth curve data NA, so 48 h label rather than 0: 0.05:48 was used",Ho lab/7_Shared data/16s rRNA/Raw reads/2024930_DM_assembly/Plate2,,0.00916132956979,0.000669408214911,0,0.00219948413471,0.00367218220751,0.00292627019661,0.000114755693985,0.000172133540977,0.000133881642982,0.00485799104536,0,0,0,0.00545089546428,0,0,0,0,0,0,0,0,0,0,0,0,0,0,0,0,0,0.00181696515476,0,0.000267763285965,0,0,0,0,0.152166050224,0.0128908896243
2024930_WZY_DM_assembly_Plate2F5,2024930_WZY_DM_assembly_Plate2,,,F5,Plate2_F5,Lactate,cycle 5,,0.2745,48 h,,"growth curve data NA, so 48 h label rather than 0: 0.05:48 was used",Ho lab/7_Shared data/16s rRNA/Raw reads/2024930_DM_assembly/Plate2,,0.0041919674392,0.00202211645195,0,0.000406269972081,0.000120034309933,0.00644491910256,0,0.0000554004507383,0.000480137239732,0.0173403410811,0,0.0256781089172,0,0.00420120084766,0,0.000138501126846,0,0,0,0,0,0,0,0,0,0,0,0,0.0000369336338256,0.0000277002253692,0,0.00141271149383,0,0.00216985098725,0,0,0,0,0.0861846345319,0.123589172189
2024930_WZY_DM_assembly_Plate2F6,2024930_WZY_DM_assembly_Plate2,,,F6,Plate2_F6,Lactate,cycle 5,,0.2185,48 h,,"growth curve data NA, so 48 h label rather than 0: 0.05:48 was used",Ho lab/7_Shared data/16s rRNA/Raw reads/2024930_DM_assembly/Plate2,,0.0107515873016,0.00184973544974,0,0.000520238095238,0.000115608465608,0.00111754850088,0.0000192680776014,0.0000770723104056,0.00119462081129,0.0224473104056,0,0,0,0.0014258377425,0,0.00026975308642,0,0,0,0,0,0,0,0,0,0,0,0,0,0,0,0.000751455026455,0,0.000231216931217,0,0,0,0,0.0068594356261,0.170869312169
2024930_WZY_DM_assembly_Plate2F7,2024930_WZY_DM_assembly_Plate2,,,F7,Plate2_F7,Host_sugar_mix,cycle 5,,1.0175,48 h,,"growth curve data NA, so 48 h label rather than 0: 0.05:48 was used",Ho lab/7_Shared data/16s rRNA/Raw reads/2024930_DM_assembly/Plate2,,0.0848085085253,0.000521211202526,0.0196358342829,0.000138280523119,0.16968083883,0.00286134313223,0.00165936627743,0.12686706148,0.00949880824195,0.0192741775301,0,0,0.00785007892784,0.265902808995,0.0027762474257,0.0000212739266337,0,0.00057439601911,0.00512701631872,0,0,0,0,0.000521211202526,0,0,0.000510574239209,0,0.00488236616243,0.0269008802283,0.000999874551784,0.00306344543525,0,0.0188699729241,0,0,0.146736908956,0,0.0710868258465,0.0267306888152
2024930_WZY_DM_assembly_Plate2F8,2024930_WZY_DM_assembly_Plate2,,,F8,Plate2_F8,Host_sugar_mix,cycle 5,,1.1495,48 h,,"growth curve data NA, so 48 h label rather than 0: 0.05:48 was used",Ho lab/7_Shared data/16s rRNA/Raw reads/2024930_DM_assembly/Plate2,,0.1139589112,0.00109215377634,0.00282003885533,0.000423820868431,0.031753963527,0.0579004509487,0.00272223403954,0.002347315579,0.0086720270002,0.00370028219745,0.00202129952636,0,0.00350467256587,0.410421608667,0.00190719390794,0.00409150146062,0,0.0012225601974,0.00524885844749,0,0,0,0,0.000798739328966,0,0,0.000733536118438,0,0.0996794080944,0.00278743725006,0.0135133653819,0.007041946737,0,0.00381438781588,0,0,0.0418604611589,0,0.0842425480019,0.241219277348
2024930_WZY_DM_assembly_Plate2F9,2024930_WZY_DM_assembly_Plate2,,,F9,Plate2_F9,Host_sugar_mix,cycle 5,,0.9225,48 h,,"growth curve data NA, so 48 h label rather than 0: 0.05:48 was used",Ho lab/7_Shared data/16s rRNA/Raw reads/2024930_DM_assembly/Plate2,,0.00861696607042,0.000260045615294,0.000260045615294,0.0000118202552406,0.0890892637487,0.0302834939265,0.000851058377326,0.136937656963,0.000803777356363,0.00534275536877,0.0000118202552406,0.0052954743478,0.00737583927016,0.309300618882,0.0019503421147,0.00332149172262,0,0.00382976269797,0.00268319793962,0,0,0,0,0.00017730382861,0,0,0.000520091230588,0,0.0078841102455,0.027458452924,0.0146689367536,0.000342787401978,0,0.000319146891497,0,0,0.167362993952,0,0.0251889639178,0.0723517823279
2024930_WZY_DM_assembly_Plate2G10,2024930_WZY_DM_assembly_Plate2,,,G10,Plate2_G10,Master_mix,cycle 5,,0.7635,48 h,,"growth curve data NA, so 48 h label rather than 0: 0.05:48 was used",Ho lab/7_Shared data/16s rRNA/Raw reads/2024930_DM_assembly/Plate2,,0.141213766431,0.000523290823195,0.00029902332754,0.0000373779159425,0.00452272782905,0.0102602379262,0.00114002643625,0.10041577118,0.0109517293712,0.00641031258414,0,0.0000747558318851,0.01298882579,0.0642152595893,0.00545717572761,0.00545717572761,0,0.00596177759283,0.0063729346682,0,0,0,0,0,0,0,0.00151380559567,0,0.000822314150736,0.0362192005483,0.00248563141018,0.0303321787874,0,0.048142755734,0,0,0.208905172203,0,0.000205578537684,0.0585711942819
2024930_WZY_DM_assembly_Plate2G11,2024930_WZY_DM_assembly_Plate2,,,G11,Plate2_G11,Master_mix,cycle 5,,0.9235,48 h,,"growth curve data NA, so 48 h label rather than 0: 0.05:48 was used",Ho lab/7_Shared data/16s rRNA/Raw reads/2024930_DM_assembly/Plate2,,0.0532191336305,0.0000577683947142,0.0176049182892,0.0000866525920713,0.0272233560091,0.0135466885605,0.000852083822035,0.126281710845,0.0109471107983,0.048568777856,0,0,0.00827532254281,0.0515005238877,0,0.00122757838768,0,0.00411599812339,0.00553132379389,0,0,0,0,0,0,0,0.00105427320353,0,0.0832153725858,0.045333747752,0.00132867307843,0.0138499726327,0,0.0417954335757,0,0,0.305941418406,0,0.00205077801235,0.05989138322
2024930_WZY_DM_assembly_Plate2G12,2024930_WZY_DM_assembly_Plate2,,,G12,Plate2_G12,Master_mix,cycle 5,,0.7395,48 h,,"growth curve data NA, so 48 h label rather than 0: 0.05:48 was used",Ho lab/7_Shared data/16s rRNA/Raw reads/2024930_DM_assembly/Plate2,,0.0310939682966,0.0000110379724163,0.0241510836468,0.000463594841483,0.00945954236074,0.00122521493821,0.000562936593229,0.0126164024718,0.00109275926921,0.00708637829124,0,0.0959751701594,0.00387432831811,0.38583232581,0,0.00035321511732,0,0.00649032778076,0.00261599946265,0,0,0,0,0.000540860648397,0,0,0.000143493641411,0,0.0440083960236,0.0202657173563,0.0129254656994,0.0289746775927,0,0.0403879410711,0,0,0,0,0.00812394769837,0.00122521493821
2024930_WZY_DM_assembly_Plate2G1,2024930_WZY_DM_assembly_Plate2,,,G1,Plate2_G1,Fucose,cycle 5,,0.2985,48 h,,"growth curve data NA, so 48 h label rather than 0: 0.05:48 was used",Ho lab/7_Shared data/16s rRNA/Raw reads/2024930_DM_assembly/Plate2,,0.142995737151,0.000432156358079,0,0.000200072388,0.00538594868495,0.00299308292448,0.000920332984799,0,0.00197671519344,0.0517387195367,0,0.0153815651894,0,0.00027209844768,0,0.00411348829727,0,0,0.000488176626719,0,0,0,0,0,0,0,0,0,0.0000480173731199,0.00737866966943,0.00116842274592,0.0131887718169,0,0.0000320115820799,0,0,0,0,0.0117162390413,0.0380697739886
2024930_WZY_DM_assembly_Plate2G2,2024930_WZY_DM_assembly_Plate2,,,G2,Plate2_G2,Fucose,cycle 5,,0.3035,48 h,,"growth curve data NA, so 48 h label rather than 0: 0.05:48 was used",Ho lab/7_Shared data/16s rRNA/Raw reads/2024930_DM_assembly/Plate2,,0.189788243341,0.0000244226281484,0,0.000219803653335,0.0138598414742,0.00350464713929,0.00594690995413,0.0000244226281484,0.0011356522089,0.0386976543011,0,0.0189397481291,0,0.00169737265631,0,0.000744890158526,0,0,0.00014653576889,0,0,0,0,0,0,0,0,0,0,0.00797398809045,0.000354128108152,0.0011356522089,0,0.00731457713044,0,0,0,0,0.00907300635713,0.00291850406373
2024930_WZY_DM_assembly_Plate2G3,2024930_WZY_DM_assembly_Plate2,,,G3,Plate2_G3,Fucose,cycle 5,,0.4515,48 h,,"growth curve data NA, so 48 h label rather than 0: 0.05:48 was used",Ho lab/7_Shared data/16s rRNA/Raw reads/2024930_DM_assembly/Plate2,,0.131075188498,0.0034888540252,0,0.00139554161008,0.00272764951061,0.00361572144429,0.0207428230225,0,0.000338313117595,0.0094939118625,0,0.0397940804571,0,0.00759090057603,0,0.00452493794783,0,0,0.00143783074978,0,0,0,0,0,0,0,0,0,0,0.0348251065424,0.0271073385473,0.0343387814359,0,0.000866927363836,0,0,0,0,0.00458837165738,0.123547721632
2024930_WZY_DM_assembly_Plate2G4,2024930_WZY_DM_assembly_Plate2,,,G4,Plate2_G4,Fucose,cycle 5,,0.5215,48 h,,"growth curve data NA, so 48 h label rather than 0: 0.05:48 was used",Ho lab/7_Shared data/16s rRNA/Raw reads/2024930_DM_assembly/Plate2,,0.0628900810811,0.00132489189189,0,0.00487672972973,0.00473578378378,0.00335451351351,0.0237634864865,0.00033827027027,0.0080902972973,0.125385513514,0,0.00436932432432,0,0.021903,0,0.00459483783784,0,0,0.000930243243243,0,0,0,0,0,0,0,0,0,0,0.00155040540541,0.00473578378378,0.0343062432432,0,0.00118394594595,0,0,0,0,0.0540950540541,0.159071594595
2024930_WZY_DM_assembly_Plate2G5,2024930_WZY_DM_assembly_Plate2,,,G5,Plate2_G5,Fucose,cycle 5,,0.4815,48 h,,"growth curve data NA, so 48 h label rather than 0: 0.05:48 was used",Ho lab/7_Shared data/16s rRNA/Raw reads/2024930_DM_assembly/Plate2,,0.1478140175,0.000706843599699,0,0.00107886654691,0.181863417744,0.00207402793069,0.000139508605204,0.000037202294721,0.0000279017210407,0.0544362577505,0,0,0.0000558034420815,0.00157179695196,0.00440847192444,0.000344121226169,0,0,0.000232514342006,0,0,0,0,0,0,0,0,0,0,0.000855652778583,0.00857512893319,0.0118582314423,0,0.000678941878658,0,0,0,0,0.0170665527033,0.0476747406849
2024930_WZY_DM_assembly_Plate2G6,2024930_WZY_DM_assembly_Plate2,,,G6,Plate2_G6,Fucose,cycle 5,,0.3945,48 h,,"growth curve data NA, so 48 h label rather than 0: 0.05:48 was used",Ho lab/7_Shared data/16s rRNA/Raw reads/2024930_DM_assembly/Plate2,,0.147606303631,0.000347373055474,0,0.00107617534833,0.133166482501,0.00164831920441,0.00948124104353,0.0000340561819092,0.000102168545728,0.0197117180891,0,0,0.0000476786546729,0.00447498230287,0,0.00420934408398,0,0,0.00018390338231,0,0,0,0,0,0,0,0,0,0,0.00416847666569,0.0159723493154,0.00523784077764,0,0.0000408674182911,0,0,0,0,0.00145760458571,0.0455331152126
2024930_WZY_DM_assembly_Plate2G7,2024930_WZY_DM_assembly_Plate2,,,G7,Plate2_G7,Master_mix,cycle 5,,0.7845,48 h,,"growth curve data NA, so 48 h label rather than 0: 0.05:48 was used",Ho lab/7_Shared data/16s rRNA/Raw reads/2024930_DM_assembly/Plate2,,0.094797078666,0.000549229887984,0.0548331148167,0.00005991598778,0.00026962194501,0.00556220086558,0.000768921843177,0.0979826120163,0.000788893839104,0.00387456720978,0,0,0.000249649949084,0.425862869145,0,0.00281605142566,0,0.00197722759674,0.00612141675153,0,0,0,0,0.000169761965377,0,0,0.00128819373727,0,0.0095066700611,0.0157079747963,0.00914717413442,0.00345515529532,0,0.00298581339104,0,0,0,0,0.0343817909878,0.0113440936864
2024930_WZY_DM_assembly_Plate2G8,2024930_WZY_DM_assembly_Plate2,,,G8,Plate2_G8,Master_mix,cycle 5,,0.7775,48 h,,"growth curve data NA, so 48 h label rather than 0: 0.05:48 was used",Ho lab/7_Shared data/16s rRNA/Raw reads/2024930_DM_assembly/Plate2,,0.0396132731978,0.000466038508209,0.00494455490417,0,0.015856676072,0.000556972851274,0.000863876259119,0.00639950439321,0.00421708015965,0.0188120422216,0,0,0.00537649303373,0.339651138141,0.00057970643704,0.00335320390053,0,0.00179595327554,0.00275076387772,0,0,0,0,0.00018186868613,0,0,0.000693374365872,0,0.00427391412406,0.00294399935673,0.00164818496806,0.00541059341238,0,0.0185733395711,0,0,0.167751129369,0,0.0316451513867,0.0991411675268
2024930_WZY_DM_assembly_Plate2G9,2024930_WZY_DM_assembly_Plate2,,,G9,Plate2_G9,Master_mix,cycle 5,,0.9205,48 h,,"growth curve data NA, so 48 h label rather than 0: 0.05:48 was used",Ho lab/7_Shared data/16s rRNA/Raw reads/2024930_DM_assembly/Plate2,,0.15441001199,0.000662230215827,0.00467240207834,0,0.0642731215028,0.0199036970424,0.00581290967226,0.00938159472422,0.00610723421263,0.0539717625899,0,0,0.000882973621103,0.343145623501,0,0.0059232813749,0,0.00213385291767,0.00264892086331,0,0,0,0,0,0,0,0.000772601918465,0,0.0918292565947,0.0273721822542,0.0151577138289,0.00629118705036,0,0.0292852917666,0,0,0.0550386890488,0,0.0136493005596,0.00717416067146
2024930_WZY_DM_assembly_Plate2H10,2024930_WZY_DM_assembly_Plate2,low growth,,H10,Plate2_H10,blank,cycle 5,,0.0055,48 h,,"growth curve data NA, so 48 h label rather than 0: 0.05:48 was used",Ho lab/7_Shared data/16s rRNA/Raw reads/2024930_DM_assembly/Plate2,,0,0,0,0,0.00157142857143,0,0,0,0,0,0,0,0,0.00235714285714,0,0,0,0,0,0,0,0,0,0,0,0,0,0,0,0.00157142857143,0,0,0,0,0,0,0,0,0,0
2024930_WZY_DM_assembly_Plate2H11,2024930_WZY_DM_assembly_Plate2,low growth,,H11,Plate2_H11,blank,cycle 5,,-0.0065,48 h,,"growth curve data NA, so 48 h label rather than 0: 0.05:48 was used",Ho lab/7_Shared data/16s rRNA/Raw reads/2024930_DM_assembly/Plate2,,0,0,0,0,0,0,0,0,0,0,0,0,0,0,-0.00510714285714,0,0,0,0,0,0,0,0,0,0,0,0,0,0,-0.00139285714286,0,0,0,0,0,0,0,0,0,0
2024930_WZY_DM_assembly_Plate2H12,2024930_WZY_DM_assembly_Plate2,low growth,,H12,Plate2_H12,blank,cycle 5,,0.0015,48 h,,"growth curve data NA, so 48 h label rather than 0: 0.05:48 was used",Ho lab/7_Shared data/16s rRNA/Raw reads/2024930_DM_assembly/Plate2,,0.00015,0,0,0,0,0,0,0.0002,0,0.0001,0,0,0,0,0.0009,0,0,0,0,0,0,0,0,0,0,0,0,0,0,0,0,0,0,0,0,0,0,0,0,0.00015
2024930_WZY_DM_assembly_Plate2H1,2024930_WZY_DM_assembly_Plate2,,,H1,Plate2_H1,Sialic_acid,cycle 5,,0.6325,48 h,,"growth curve data NA, so 48 h label rather than 0: 0.05:48 was used",Ho lab/7_Shared data/16s rRNA/Raw reads/2024930_DM_assembly/Plate2,,0.246948845037,0.000253921931937,0,0.102994642085,0.000312519300846,0.0013477394849,0.00185558334877,0.0514094249892,0.00144540176641,0.0432839231672,0,0.0347287073065,0,0.000488311407572,0.000625038601692,0,0,0,0,0,0,0,0.000332051757149,0,0,0,0.00148446667902,0,0.0849466524612,0.0193957291088,0.000234389475635,0.014961861528,0,0.00126960965969,0,0,0.00115241492187,0,0.0178721975171,0.00515656846396
2024930_WZY_DM_assembly_Plate2H2,2024930_WZY_DM_assembly_Plate2,,,H2,Plate2_H2,Sialic_acid,cycle 5,,0.5895,48 h,,"growth curve data NA, so 48 h label rather than 0: 0.05:48 was used",Ho lab/7_Shared data/16s rRNA/Raw reads/2024930_DM_assembly/Plate2,,0.0396104329093,0.000181421830119,0,0.00102805703734,0.00804303446861,0.000907109150595,0.0116109971276,0.0132437935987,0.00296322322528,0.00126995281083,0,0.205429985638,0,0.0239476815757,0.00961535699631,0,0,0,0,0,0,0,0.000967583093968,0,0,0,0.00332606688551,0,0.0113691013541,0.0195330837095,0.00114900492409,0.0434202913418,0,0.00441459786623,0,0,0,0,0.00768019080837,0.179789033648
2024930_WZY_DM_assembly_Plate2H3,2024930_WZY_DM_assembly_Plate2,,,H3,Plate2_H3,Sialic_acid,cycle 5,,0.5235,48 h,,"growth curve data NA, so 48 h label rather than 0: 0.05:48 was used",Ho lab/7_Shared data/16s rRNA/Raw reads/2024930_DM_assembly/Plate2,,0.214916078883,0.0000627968907442,0,0.00428274794875,0.000401900100763,0.00332823520944,0.00415715416727,0.0544323448971,0.00140665035267,0.00541309198215,0,0.120959370951,0,0.000916834604865,0.00470976680582,0,0,0,0,0,0,0,0.00021350942853,0,0,0,0.000665647041889,0,0.00425762919246,0.0123458687203,0.00173319418454,0.00193414423492,0,0.00435810421765,0,0,0,0,0.00322776018425,0.0797771700014
2024930_WZY_DM_assembly_Plate2H4,2024930_WZY_DM_assembly_Plate2,,,H4,Plate2_H4,Sialic_acid,cycle 5,,0.6175,48 h,,"growth curve data NA, so 48 h label rather than 0: 0.05:48 was used",Ho lab/7_Shared data/16s rRNA/Raw reads/2024930_DM_assembly/Plate2,,0.0949819533773,0.000201090938696,0,0.0710018589378,0.00025136367337,0.00199415180873,0.00695439496323,0.0544453716519,0.00152493961844,0.000485969768515,0,0.0333978534017,0,0.00884800130261,0.000150818204022,0.0000837878911232,0,0,0,0,0,0,0.000234606095145,0,0,0,0.000787606176558,0,0.0629917365464,0.00021784851692,0.000871394067682,0.00361963689652,0,0.000284878829819,0,0,0.109276167603,0,0.0415085212624,0.123386048468
2024930_WZY_DM_assembly_Plate2H5,2024930_WZY_DM_assembly_Plate2,,,H5,Plate2_H5,Sialic_acid,cycle 5,,0.6445,48 h,,"growth curve data NA, so 48 h label rather than 0: 0.05:48 was used",Ho lab/7_Shared data/16s rRNA/Raw reads/2024930_DM_assembly/Plate2,,0.0233701887353,0,0,0.133181341953,0.00378328875019,0.000790180561748,0.0100807883787,0.122549821667,0.00368750928816,0.000909904889285,0,0.000694401099718,0,0.0204728600089,0,0.00028733838609,0,0,0,0,0,0,0.000622566503195,0,0,0,0.00122118814088,0,0.13351657007,0.0283028310299,0.00426218606034,0.00282549412989,0,0.000335228117105,0,0,0,0,0.00711162505573,0.146494687175
2024930_WZY_DM_assembly_Plate2H6,2024930_WZY_DM_assembly_Plate2,,,H6,Plate2_H6,Sialic_acid,cycle 5,,0.6825,48 h,,"growth curve data NA, so 48 h label rather than 0: 0.05:48 was used",Ho lab/7_Shared data/16s rRNA/Raw reads/2024930_DM_assembly/Plate2,,0.014248999387,0.000147658024736,0,0.233668824145,0.00142736090578,0.00718602387048,0.00863799444705,0.00103360617315,0.000442974074208,0.00479888580392,0,0.0942796487939,0,0.017989669347,0.00140275123499,0,0,0,0,0,0,0,0.00071368045289,0,0,0,0.00423286337576,0,0.151620181733,0.00342074423971,0.00118126419789,0.0290640212022,0,0.00361762160603,0,0,0.000123048353947,0,0.0794646269787,0.0237975516533
2024930_WZY_DM_assembly_Plate2H7,2024930_WZY_DM_assembly_Plate2,,,H7,Plate2_H7,blank,cycle 5,,0.0945,48 h,,"growth curve data NA, so 48 h label rather than 0: 0.05:48 was used",Ho lab/7_Shared data/16s rRNA/Raw reads/2024930_DM_assembly/Plate2,,0.0241394817073,0.000288109756098,0,0,0.00607088414634,0.000370426829268,0,0.000061737804878,0.00174923780488,0.0111333841463,0,0.00321036585366,0,0,0.0000823170731707,0,0,0,0.000370426829268,0,0,0,0,0,0,0,0,0,0,0.00275762195122,0,0.000061737804878,0,0.000102896341463,0,0,0,0,0.011462652439,0.0326387195122
2024930_WZY_DM_assembly_Plate2H8,2024930_WZY_DM_assembly_Plate2,,,H8,Plate2_H8,blank,cycle 5,,0.1235,48 h,,"growth curve data NA, so 48 h label rather than 0: 0.05:48 was used",Ho lab/7_Shared data/16s rRNA/Raw reads/2024930_DM_assembly/Plate2,,0.0328989641311,0.000992888064317,0,0,0.00660652442795,0.000324598021027,0,0,0.00236765615337,0.0111508967223,0,0,0,0,0.000171846011132,0,0,0,0.000229128014842,0,0,0,0,0,0,0,0,0,0,0.0123920068027,0,0.0000572820037106,0,0.000152752009895,0,0,0,0,0.0136713048856,0.042484152752
2024930_WZY_DM_assembly_Plate2H9,2024930_WZY_DM_assembly_Plate2,low growth,,H9,Plate2_H9,blank,cycle 5,,-0.0005,48 h,,"growth curve data NA, so 48 h label rather than 0: 0.05:48 was used",Ho lab/7_Shared data/16s rRNA/Raw reads/2024930_DM_assembly/Plate2,,-0.000142857142857,0,0,0,0,0,0,0,0,-0.000107142857143,0,0,-0.0000714285714286,0,-0.0000357142857143,0,0,0,0,0,0,0,0,0,0,0,0,0,0,0,0,-0.000142857142857,0,0,0,0,0,0,0,0
