Sample ID,Experiment ID,growth_qc,,Growth Well ID,16S Well ID,Media,Protocol,Initial OD,Final OD,Growth curve time,Growth curve OD,Notes,Data location,,Ai,Ac,Bfi,Bf,Bt,Bu,Bx,Ba,Csp,Dl,Ls,Mf,Pm,Bd,Bv,Rg,Bb,Bbi,Bc,Bl,Bt47,Bt61,Pg,Pj,Af,Ao,As,Bl.s,Col,Cs,Et,Eu.c,Eu.l,Im,Ld,Lsp,Mi,Pc,Va,Vp
2024930_WZY_DM_assembly_Plate1A10,2024930_WZY_DM_assembly_Plate1,,,A10,Plate1_A10,Galactose,cycle 5,,0.8905,48 h,,"growth curve data NA, so 48 h label rather than 0: 0.05:48 was used",Ho lab/7_Shared data/16s rRNA/Raw reads/2024930_DM_assembly/Plate1,,0.009943715104873999,0.0008659691833073453,0.0,0.0008659691833073453,0.0019708264171822342,0.004389567929178613,0.005703452207300102,0.1783597907549922,0.0026128380530825077,0.0690834381235015,0.005106232080881243,2.9861006320942943e-05,0.0022992974867126065,0.025561021410727157,0.0,0.0,0.0,0.0,0.0011048572338748887,0.0,0.0,0.0,0.0,0.0,0.0,0.0,0.0004777761011350871,0.0,0.07886291769361031,0.00974961856378787,0.0031652666700199518,0.029278716697684556,0.0,0.008137124222456951,0.0,0.0,0.0,0.0,0.12459504887413442,0.32833669500192814
2024930_WZY_DM_assembly_Plate1A11,2024930_WZY_DM_assembly_Plate1,,,A11,Plate1_A11,Galactose,cycle 5,,0.9725,48 h,,"growth curve data NA, so 48 h label rather than 0: 0.05:48 was used",Ho lab/7_Shared data/16s rRNA/Raw reads/2024930_DM_assembly/Plate1,,0.09054984245912621,0.00019301858238023173,0.0,0.0027746421217158313,0.004463554717542859,0.012522080531917534,0.012666844468702707,0.04475618378941623,0.004270536135162627,0.015127831394050661,0.10121411913563402,0.02885627806584464,0.005525156920634133,0.4066660257523507,0.0,0.0,0.0,0.0,0.0006273103927357532,0.0,0.0,0.0,0.0,0.0,0.0,0.0,0.0011098568486863324,0.0,0.11023773786190985,0.015296722653633367,0.004077517552782395,0.051174051653558934,0.0,0.029218187907807575,0.0,0.0,0.0,0.0,0.013463046121021163,0.01770945493338626
2024930_WZY_DM_assembly_Plate1A12,2024930_WZY_DM_assembly_Plate1,,,A12,Plate1_A12,Galactose,cycle 5,,0.9375,48 h,,"growth curve data NA, so 48 h label rather than 0: 0.05:48 was used",Ho lab/7_Shared data/16s rRNA/Raw reads/2024930_DM_assembly/Plate1,,0.2642566909351928,1.6022354388843314e-05,0.0,0.0005447600492206727,0.018361618129614437,0.01083111156685808,0.00874820549630845,0.2116873461853979,0.00294811320754717,0.01078304450369155,0.00022431296144380638,0.10699728260869565,0.001169631870385562,0.19122679963084496,0.0,0.0,0.0,8.011177194421658e-05,0.001025430680885972,0.0,0.0,0.0,0.0,0.0,0.0,0.0,3.204470877768663e-05,0.0,0.013234464725184579,0.0010574753896636588,0.00046464827727645615,0.027478337776866285,0.0,0.0018105260459392947,0.0,0.0,3.204470877768663e-05,0.0,0.027734695447087777,0.036755280968006565
2024930_WZY_DM_assembly_Plate1A1,2024930_WZY_DM_assembly_Plate1,,,A1,Plate1_A1,Glucose,cycle 5,,1.2345,48 h,,"growth curve data NA, so 48 h label rather than 0: 0.05:48 was used",Ho lab/7_Shared data/16s rRNA/Raw reads/2024930_DM_assembly/Plate1,,0.05401497821350762,0.00039845073832001933,0.0,0.002415607601065117,0.371704732510288,0.0034117344468651656,0.00014941902687000725,0.046170479302832246,0.016411189784555795,0.013099068022270635,0.0,0.24723868312757202,0.0012202553861050591,0.012028231663035583,0.0,0.0,0.0,0.0,0.0,0.0,0.0,0.0,0.0,0.0,0.0,0.0,0.002291091745340111,0.0,0.029410645122246427,0.004084120067780198,0.0015439966109900751,0.022960723795691113,0.0,0.0024405107722101182,0.0,0.0,0.31973181433067055,0.0,0.0742861595255386,0.00948810820624546
2024930_WZY_DM_assembly_Plate1A2,2024930_WZY_DM_assembly_Plate1,,,A2,Plate1_A2,Glucose,cycle 5,,1.0345,48 h,,"growth curve data NA, so 48 h label rather than 0: 0.05:48 was used",Ho lab/7_Shared data/16s rRNA/Raw reads/2024930_DM_assembly/Plate1,,0.035665045535630456,0.0001748286545864238,0.0,0.0018842643883203454,0.007420505116890432,0.013481231809219792,0.000679889212280537,0.18131674021218666,0.0060995775044596755,0.0012238005821049668,0.0,0.016200788658341937,0.0025835790066660405,0.07610874096328983,0.0,0.0,0.0,0.0,0.00036908271523800577,0.0,0.0,0.0,0.0,0.0,0.0,0.0,0.0031274903764904704,0.0,0.09011445873626889,0.008799708947516664,0.00042735893343348044,0.006313256971176415,0.0,0.001146098957844334,0.0,0.0,0.1488957374894376,0.0,0.1187863580884424,0.31368145714017465
2024930_WZY_DM_assembly_Plate1A3,2024930_WZY_DM_assembly_Plate1,,,A3,Plate1_A3,Glucose,cycle 5,,1.0485,48 h,,"growth curve data NA, so 48 h label rather than 0: 0.05:48 was used",Ho lab/7_Shared data/16s rRNA/Raw reads/2024930_DM_assembly/Plate1,,0.002207605543022881,0.0,0.0,0.0013290686432484691,0.12686973896229456,0.007185981308411215,0.0026130841121495326,0.1698054141153722,0.00353667418627135,0.01617408959071866,0.0,0.005947019013857557,0.002004866258459555,0.10623538511118272,0.0,0.0,0.0,0.0,0.0,0.0,0.0,0.0,0.0,0.0,0.0,0.0,0.0015993876893329038,0.0,0.14703103448275864,0.016309249113760877,0.0017796003867225267,0.005901965839510152,0.0,0.00027031904608443443,0.0,0.0,0.01475491459877538,0.0,0.014732388011601677,0.40221221398646473
2024930_WZY_DM_assembly_Plate1A4,2024930_WZY_DM_assembly_Plate1,,,A4,Plate1_A4,Glucose,cycle 5,,1.0625,48 h,,"growth curve data NA, so 48 h label rather than 0: 0.05:48 was used",Ho lab/7_Shared data/16s rRNA/Raw reads/2024930_DM_assembly/Plate1,,0.03235686844077961,0.0007964767616191904,0.0,0.0017588861819090454,0.008462565592203899,0.010520130559720139,0.0012610882058970516,0.05724676724137931,0.008263446401799102,0.024027048975512243,0.0003982383808095952,0.0,0.0030199743878060966,0.020276970889555223,0.0,0.0004646114442778611,0.0,0.0,0.0,0.0,0.0,0.0,0.0,0.0,0.0,0.0,0.0031859070464767617,0.0,0.42249773550724634,0.01470163355822089,0.0038496376811594205,0.0048452336331834085,0.0,0.002920414792603698,0.0,0.0,0.055189202273863064,0.0,0.10908412981009495,0.2773730322338831
2024930_WZY_DM_assembly_Plate1A5,2024930_WZY_DM_assembly_Plate1,,,A5,Plate1_A5,Glucose,cycle 5,,1.0755,48 h,,"growth curve data NA, so 48 h label rather than 0: 0.05:48 was used",Ho lab/7_Shared data/16s rRNA/Raw reads/2024930_DM_assembly/Plate1,,0.029105823805215102,0.0010616105947190916,0.001680883441638562,0.0015039483425187134,0.005484988072715307,0.01004106687505141,0.002786727811137616,0.06272349263798634,0.026142160894957637,0.0010616105947190916,0.004157974829316443,8.846754955992432e-05,0.0023886238381179564,0.7008841613885004,0.0,0.00017693509911984864,0.0,0.0006192728469194702,0.000575039072139508,0.0,0.0,0.0,0.0,0.0,0.0,0.0,0.0007519741712593567,0.0,0.06436014230484494,0.002300156288558032,0.004113741054536481,0.05648653039401167,0.0,0.0011058443694990539,0.0,0.0,0.0013712470181788269,0.0,0.0813459118203504,0.013181664884428724
2024930_WZY_DM_assembly_Plate1A6,2024930_WZY_DM_assembly_Plate1,,,A6,Plate1_A6,Glucose,cycle 5,,1.0595,48 h,,"growth curve data NA, so 48 h label rather than 0: 0.05:48 was used",Ho lab/7_Shared data/16s rRNA/Raw reads/2024930_DM_assembly/Plate1,,0.09963295209938018,8.243211701548278e-05,0.0,0.0014563007339401957,0.0003572058404004254,0.005880157680437771,0.00016486423403096556,0.09108748930210846,0.0035445810316657596,0.027257553359786305,0.0,0.0,0.001703597084986644,0.35349639513472864,0.002088280297725564,0.0,0.0,0.0,0.0,0.0,0.0,0.0,0.0,0.0,0.0,0.0,0.003077465701911357,0.0,0.01239229492466091,0.01645894603075806,0.0016761197126481497,0.004094128478435644,0.0,0.005797725563422289,0.0,0.0,0.1713763712751887,0.0,0.07506818122876631,0.1828069581680023
2024930_WZY_DM_assembly_Plate1A7,2024930_WZY_DM_assembly_Plate1,,,A7,Plate1_A7,Galactose,cycle 5,,0.9425,48 h,,"growth curve data NA, so 48 h label rather than 0: 0.05:48 was used",Ho lab/7_Shared data/16s rRNA/Raw reads/2024930_DM_assembly/Plate1,,0.028267430478867584,0.0006859878526252384,0.0,0.0009225353880132517,0.0005204045778536292,0.002341820600341331,0.0037611058126694108,0.01641639895592812,0.00033116654954321853,0.005582521835157113,0.0660204171267945,0.0,0.0019396897901817088,0.3489549242043971,0.0,0.0,0.0,0.0,0.0006623330990864371,0.0,0.0,0.0,0.0,0.0,0.0,0.0,0.0004494403172372252,0.0,0.08891821855235418,0.013412245256500352,0.0006623330990864371,0.02907169209918683,0.0,0.01625081568115651,0.0,0.0,0.0,0.0,0.011496210219857443,0.30583230850316234
2024930_WZY_DM_assembly_Plate1A8,2024930_WZY_DM_assembly_Plate1,,,A8,Plate1_A8,Galactose,cycle 5,,0.9185,48 h,,"growth curve data NA, so 48 h label rather than 0: 0.05:48 was used",Ho lab/7_Shared data/16s rRNA/Raw reads/2024930_DM_assembly/Plate1,,0.007083277295294235,0.00045995307112300227,0.0,0.0005519436853476027,0.006978145164751834,0.003429935758945817,0.003232813014178816,0.08407942140128483,0.0014849913439114076,0.00032853790794500163,0.01671600875624168,0.0,0.0019186613823988093,0.1991071137309888,0.0,0.0,0.0,0.0,1.3141516317800065e-05,0.0,0.0,0.0,0.0,0.0,0.0,0.0,0.0003548209405806018,0.0,0.051698725194225456,0.008305438312849642,0.0018003877355386088,0.015283583477601477,0.0,0.007109560327929836,0.0,0.0,0.0059005408266922296,0.0,0.12907597327343223,0.37358702588242026
2024930_WZY_DM_assembly_Plate1A9,2024930_WZY_DM_assembly_Plate1,,,A9,Plate1_A9,Galactose,cycle 5,,0.8635,48 h,,"growth curve data NA, so 48 h label rather than 0: 0.05:48 was used",Ho lab/7_Shared data/16s rRNA/Raw reads/2024930_DM_assembly/Plate1,,0.001888517985611511,0.000563242206235012,0.0,0.0010436546762589928,0.03218763549160671,0.014627731414868107,0.0007454676258992806,0.1195398752997602,0.0024351942446043167,0.06313282494004796,0.01157959712230216,0.0,0.0020541774580335732,0.27398420143884894,0.0,0.0,0.0,0.0,0.00014909352517985614,0.0,0.0,0.0,0.0,0.0,0.0,0.0,3.3131894484412475e-05,0.0,0.0035119808153477217,0.011331107913669066,0.00018222541966426858,0.029735875299760194,0.0,0.0064772853717026384,0.0,0.0,0.022397160671462833,0.0,0.20487106954436451,0.06102894964028778
2024930_WZY_DM_assembly_Plate1B10,2024930_WZY_DM_assembly_Plate1,,,B10,Plate1_B10,Oligo_xylose,cycle 5,,0.8885,48 h,,"growth curve data NA, so 48 h label rather than 0: 0.05:48 was used",Ho lab/7_Shared data/16s rRNA/Raw reads/2024930_DM_assembly/Plate1,,0.0,0.0,0.020841287045425132,0.0,0.03877916720590138,0.24989421832535264,0.0820715510547431,0.053698654070143646,0.002357221431344636,0.020093875372071954,0.0,0.008020302187136015,0.01664428303351883,0.047863093697424614,0.00123610392131487,0.0,0.0,0.0,0.07957059660929208,0.0,0.0,0.0,0.0001437330141063802,0.003334605927268021,0.0,0.0,0.0007761582761744532,0.0,0.00045994564514041674,0.03202371554290152,0.01003256438462534,0.0004024524394978646,0.0,0.002443461239808464,0.0,0.0,0.10604621780768733,0.0,0.10725357512618092,0.0045132166429403394
2024930_WZY_DM_assembly_Plate1B11,2024930_WZY_DM_assembly_Plate1,,,B11,Plate1_B11,Oligo_xylose,cycle 5,,0.8875,48 h,,"growth curve data NA, so 48 h label rather than 0: 0.05:48 was used",Ho lab/7_Shared data/16s rRNA/Raw reads/2024930_DM_assembly/Plate1,,0.0,0.0015130911305053785,0.0076194946214735125,0.0,0.021291353764968542,0.23033209864014612,0.0035485589608280897,0.025974731073675664,0.0035665719504769638,0.0833641160949868,0.0,0.06479272376699817,0.012050690075096408,0.08053607672011366,0.0,0.0,0.0,0.0,0.038890044651918,0.0,0.0,0.0,0.0005764156687639538,0.001729247006291861,0.0,0.0,0.0008105845341993099,0.0,0.01754465191800284,0.0033684290643393546,0.04584305865638319,0.025074081591231985,0.0,0.005241779987822204,0.0,0.0,0.1518134767607063,0.0,0.0005584026791150801,0.06146032068195656
2024930_WZY_DM_assembly_Plate1B12,2024930_WZY_DM_assembly_Plate1,,,B12,Plate1_B12,Oligo_xylose,cycle 5,,0.9915,48 h,,"growth curve data NA, so 48 h label rather than 0: 0.05:48 was used",Ho lab/7_Shared data/16s rRNA/Raw reads/2024930_DM_assembly/Plate1,,1.643733421750663e-05,0.001430048076923077,0.005950314986737401,0.0,0.0004438080238726791,0.002876533488063661,0.07332694794429709,0.3866882874668435,0.007380363063660478,0.1273729028514589,8.218667108753316e-05,0.000624618700265252,0.01234443799734748,0.09725970656498674,0.00037805868700265254,0.0,0.0,0.0,0.04653409316976127,3.287466843501326e-05,0.0,0.0,0.00011506133952254642,0.002317664124668435,0.0,0.0,0.00013149867374005305,0.0,0.11073832062334218,0.006821493700265252,0.0062790616710875335,0.0369182526525199,0.0,0.0008054293766578249,0.0,0.0,0.001117738726790451,0.0,0.010043211206896552,0.053470648209549075
2024930_WZY_DM_assembly_Plate1B1,2024930_WZY_DM_assembly_Plate1,high other species,,B1,Plate1_B1,Fructose,cycle 5,,0.8335,48 h,,"growth curve data NA, so 48 h label rather than 0: 0.05:48 was used",Ho lab/7_Shared data/16s rRNA/Raw reads/2024930_DM_assembly/Plate1,,0.029656167845019017,0.004233556241864264,0.0,0.0014466423339033667,0.0057652951836442996,0.006743906174225988,0.005658924423798463,4.254830393833431e-05,0.019125462620281274,0.009169159498711044,0.0,0.07796976696699763,0.00012764491181500295,0.000680772863013349,0.0,2.1274151969167156e-05,0.0,0.49670890017611474,8.509660787666862e-05,0.0,0.0,0.0,0.0,0.0,0.0,0.0,0.007999081140406851,0.0,0.028018058143393147,0.016891676663518724,8.509660787666862e-05,0.031145358482860715,0.0,0.0027869139079608977,4.254830393833431e-05,0.0,8.509660787666862e-05,0.0,0.03533636642078665,0.05367468541820873
2024930_WZY_DM_assembly_Plate1B2,2024930_WZY_DM_assembly_Plate1,high other species,,B2,Plate1_B2,Fructose,cycle 5,,0.8915,48 h,,"growth curve data NA, so 48 h label rather than 0: 0.05:48 was used",Ho lab/7_Shared data/16s rRNA/Raw reads/2024930_DM_assembly/Plate1,,0.10913708870261479,0.0001673026398098336,0.0,0.0010038158388590015,0.0788553108970349,0.02678701155177447,0.001580080487092873,5.576754660327787e-05,0.011785541515492723,0.03489189499145085,0.0,0.003178750156386838,0.00013012427540764834,0.09947071395804663,0.0,0.0,0.0,0.2317699236832228,0.0,0.0,0.0,0.0,0.000148713457608741,0.0,0.0,0.0,0.002992858334375912,0.0,0.17702478210100503,0.013347032820384503,0.00013012427540764834,0.013774584011009632,0.0,0.0010967617498644647,0.0,0.0,0.0015429021226906878,0.0,0.023385191208974518,0.05924372367488218
2024930_WZY_DM_assembly_Plate1B3,2024930_WZY_DM_assembly_Plate1,high other species,,B3,Plate1_B3,Fructose,cycle 5,,0.9065,48 h,,"growth curve data NA, so 48 h label rather than 0: 0.05:48 was used",Ho lab/7_Shared data/16s rRNA/Raw reads/2024930_DM_assembly/Plate1,,0.09378803670468,0.000649638561724933,0.0,0.0026974122889013522,0.004858166635508194,0.023090414096092728,0.0012004190814482456,0.0,0.003332928273197482,0.04168984856982613,0.0,0.0,4.236773228640867e-05,0.3472883015516919,0.0,0.0,0.0,0.16928733563906026,5.649030971521156e-05,0.0,0.0,0.0,0.0,0.0,0.0,0.0,0.0027539025986165638,0.0,0.1347858789804948,0.012413745559917741,9.885804200162023e-05,0.035108727488003984,0.0,0.005889114787810805,0.0,0.0,4.236773228640867e-05,0.0,0.027341309902162398,8.473546457281734e-05
2024930_WZY_DM_assembly_Plate1B4,2024930_WZY_DM_assembly_Plate1,high other species,,B4,Plate1_B4,Fructose,cycle 5,,0.8665,48 h,,"growth curve data NA, so 48 h label rather than 0: 0.05:48 was used",Ho lab/7_Shared data/16s rRNA/Raw reads/2024930_DM_assembly/Plate1,,0.08783575959516768,0.0005249456541106875,0.0,7.71978903103952e-05,0.0003705498734898971,0.011301771141441859,0.012845728947649763,7.71978903103952e-05,0.0009726934179109796,0.0027019261608638326,0.0,0.0,0.0,0.0036591800007127334,0.0,0.0,0.0,0.2128345835857596,0.00020071451480702755,0.0,0.0,0.0,0.0,0.0,0.0,0.0,0.0009109351056626636,0.0,0.19527978332917573,0.007040447596308044,0.00020071451480702755,0.004909785823741136,0.0,0.00890863654181961,0.0,0.0,0.3015195199743416,0.0,0.0037981362032714445,0.010529792238337906
2024930_WZY_DM_assembly_Plate1B5,2024930_WZY_DM_assembly_Plate1,high other species,,B5,Plate1_B5,Fructose,cycle 5,,0.8965,48 h,,"growth curve data NA, so 48 h label rather than 0: 0.05:48 was used",Ho lab/7_Shared data/16s rRNA/Raw reads/2024930_DM_assembly/Plate1,,0.07816617476692227,0.0004451095051580515,0.0,0.00022255475257902576,0.0019040795498427758,0.018892425663375075,0.0003461962817895956,9.891322336845589e-05,0.010361160147845754,0.018978974733822474,0.040109312075908864,0.0,0.0,0.00023491890550008271,0.0,0.0,0.0,0.16007868786892482,0.0,0.0,0.0,0.0,4.945661168422794e-05,8.65490704473989e-05,0.0,0.0,0.00014836983505268382,0.0,0.20910255420091575,0.0006800284106581343,7.418491752634191e-05,0.0004451095051580515,0.0,0.00035856043471065263,0.0,0.0,0.2388630702818999,0.0,0.03257954294698516,0.08427406630992441
2024930_WZY_DM_assembly_Plate1B6,2024930_WZY_DM_assembly_Plate1,high other species,,B6,Plate1_B6,Fructose,cycle 5,,0.7905,48 h,,"growth curve data NA, so 48 h label rather than 0: 0.05:48 was used",Ho lab/7_Shared data/16s rRNA/Raw reads/2024930_DM_assembly/Plate1,,0.06082925149659771,0.00034494702248646583,0.0,1.0779594452702057e-05,0.00020481229460133908,0.010208275946708848,0.00047430215591889055,6.467756671621235e-05,0.005626948304310474,0.012471990781776281,0.016115493706789576,0.0,0.0,0.07054166609848227,0.0,0.0,0.0,0.17156802530920595,0.00014013472788512675,0.0,0.0,0.0,0.0,0.0,0.0,0.0,0.0001509143223378288,0.0,0.17459709135041523,0.004171703053195697,5.3897972263510284e-05,0.0014121268733039694,0.0,0.00036650621139186994,0.0,0.0,0.16815089386769938,0.0,0.0037620784639930183,0.08923348287946764
2024930_WZY_DM_assembly_Plate1B7,2024930_WZY_DM_assembly_Plate1,,,B7,Plate1_B7,Oligo_xylose,cycle 5,,0.9945,48 h,,"growth curve data NA, so 48 h label rather than 0: 0.05:48 was used",Ho lab/7_Shared data/16s rRNA/Raw reads/2024930_DM_assembly/Plate1,,0.0,0.0025904444166919417,0.010415005976699792,0.0,0.0033178979857629663,0.15904619007689424,0.04409078339369503,0.2681287398975933,0.00037259816952418335,0.04744416691941268,0.0,0.0,0.011213430625680185,0.052252457583272384,0.0034598401455817026,0.00021291323972810478,0.0,0.0,0.04128742573727498,0.0,0.0,0.0,0.0009758523487538135,0.0019871902374623113,0.0,0.0,0.0003193698595921572,0.0,0.08223773884498048,0.03220312750887585,0.04669897058036432,5.3228309932026196e-05,0.0,0.0002483987796827889,7.097107990936826e-05,0.0,0.04100354141763751,0.0,0.04029383061854383,0.10457588624645413
2024930_WZY_DM_assembly_Plate1B8,2024930_WZY_DM_assembly_Plate1,,,B8,Plate1_B8,Oligo_xylose,cycle 5,,0.8925,48 h,,"growth curve data NA, so 48 h label rather than 0: 0.05:48 was used",Ho lab/7_Shared data/16s rRNA/Raw reads/2024930_DM_assembly/Plate1,,0.0,0.00216651254190267,0.015165587793318691,0.0,0.0004126690556005086,0.033563749855508036,0.0008941162871344352,0.042539301814819096,0.0009972835510345624,0.10272020575655993,0.00024072361576696336,0.06055918390937464,0.01599092590451971,0.0745211536238585,0.044052421685354295,0.00030950179170038147,0.0,0.0,0.05378453357993295,0.0,0.0,0.0,0.0004470581435672176,0.002028956190035834,0.0,0.0,0.0008941162871344352,0.0,0.06506415443301351,0.004573748699572304,0.00828777019997688,0.030399953762570802,0.0,0.009216275575078025,0.0,0.0,0.07390215004045775,0.0,0.08146774939313374,0.16830019650907407
2024930_WZY_DM_assembly_Plate1B9,2024930_WZY_DM_assembly_Plate1,,,B9,Plate1_B9,Oligo_xylose,cycle 5,,0.8505,48 h,,"growth curve data NA, so 48 h label rather than 0: 0.05:48 was used",Ho lab/7_Shared data/16s rRNA/Raw reads/2024930_DM_assembly/Plate1,,8.330394922425952e-05,0.0010662905500705218,0.011445962623413259,0.0,0.00023325105782792669,0.01539456981664316,0.025807563469675603,0.24694622708039493,0.003598730606488012,0.06204478138222849,0.0,0.04490082863187588,0.0011329337094499296,0.007380729901269394,0.00011662552891396334,0.00019992947813822284,0.0,0.0,0.0038653032440056417,0.0,0.0,0.0,0.0003165550070521862,0.002232545839210155,0.0,0.0,4.998236953455571e-05,0.0,0.015344587447108603,0.02640735190409027,0.04433436177715092,0.01634423483779972,0.0,0.008513663610719324,0.0,0.0,0.25784238363892803,0.0,0.04733330394922426,0.007563998589562765
2024930_WZY_DM_assembly_Plate1C10,2024930_WZY_DM_assembly_Plate1,,,C10,Plate1_C10,Xylan,cycle 5,,0.8855,48 h,,"growth curve data NA, so 48 h label rather than 0: 0.05:48 was used",Ho lab/7_Shared data/16s rRNA/Raw reads/2024930_DM_assembly/Plate1,,0.0,3.435499515033947e-05,0.0025766246362754607,0.0,0.04686021338506304,0.16974803103782735,0.022743006789524733,0.0018551697381183315,0.003126304558680892,0.014875712900096993,0.0,0.0012024248302618815,0.010203433559650824,0.04792521823472357,0.0,0.00017177497575169738,0.0,0.0,0.04936812803103782,0.0,0.0,0.0,0.002370494665373424,0.005290669253152279,0.0,0.0,0.00010306498545101842,0.0,0.028892550921435497,0.033461765276430654,0.047306828322017457,0.002507914645974782,0.0,0.008107778855480117,0.0,0.0,0.11471132880698351,0.0,0.07530614936954412,0.19675105722599417
2024930_WZY_DM_assembly_Plate1C11,2024930_WZY_DM_assembly_Plate1,,,C11,Plate1_C11,Xylan,cycle 5,,0.9635,48 h,,"growth curve data NA, so 48 h label rather than 0: 0.05:48 was used",Ho lab/7_Shared data/16s rRNA/Raw reads/2024930_DM_assembly/Plate1,,9.242427875968249e-05,4.621213937984124e-05,0.005614774934650711,0.0,0.031031451593563394,0.13098830907216,0.03158599726612149,0.17396559869541237,2.310606968992062e-05,0.0029113647809299982,0.0,0.007948487973332695,0.010975383102712295,0.12098338089642438,0.0,0.00013863641813952372,0.0,0.0,0.019201143912324036,0.0,0.0,0.0,0.0006238638816278568,0.0036507590110074583,0.0,0.0,0.0004852274634883331,0.0,0.029090541739610065,0.042607592508213624,0.05587047651022806,0.005476138516511187,0.0,0.009773867478836422,0.0,0.0,0.03685418115542339,0.0,0.06430419194704909,0.1792568886544042
2024930_WZY_DM_assembly_Plate1C12,2024930_WZY_DM_assembly_Plate1,,,C12,Plate1_C12,Xylan,cycle 5,,0.8945,48 h,,"growth curve data NA, so 48 h label rather than 0: 0.05:48 was used",Ho lab/7_Shared data/16s rRNA/Raw reads/2024930_DM_assembly/Plate1,,0.00034767761459229845,0.00044701407590438377,0.005339334795524584,0.0,0.033575723923484825,0.015695160887309476,0.0030545961853466223,0.138624031761015,0.00029800938393625585,0.03099297592937061,0.0,0.005761514756100946,0.0013410422277131513,0.08967599044948499,0.0009188622671367888,0.0,0.0,0.00022350703795219189,0.024511271828757047,0.0,0.0,0.0,0.0006208528832005331,0.002011563341569727,0.0,0.0,0.000546350537216469,0.0,0.015868999694605625,0.04532226047363891,0.04688680973930425,0.010405494322440933,0.0,0.007003220522502013,0.0,0.0,0.34402699963907934,0.0,0.05426254199172659,0.01673819373108637
2024930_WZY_DM_assembly_Plate1C1,2024930_WZY_DM_assembly_Plate1,,,C1,Plate1_C1,Xylose,cycle 5,,0.8155,48 h,,"growth curve data NA, so 48 h label rather than 0: 0.05:48 was used",Ho lab/7_Shared data/16s rRNA/Raw reads/2024930_DM_assembly/Plate1,,0.016406692362203365,0.00029599702715315347,0.009288668613996577,0.00011276077224882038,0.10342981834523048,0.0053279464887567626,0.0016632213906701003,0.09144898629379332,0.0021565497692586895,0.000310092123684256,0.0,0.12042850476174015,2.8190193062205094e-05,0.04865627322536599,0.0,0.0,0.0,0.0,0.0021565497692586895,0.0,0.0,0.0,0.0,0.0,0.0,0.0,0.0004510430889952815,0.0,0.01970494495048136,0.003312347684809098,0.0016068410045456901,0.020395604680505386,0.0,0.01854914703493095,0.0,0.0,0.09509961629534888,0.0,0.09266116459546814,0.16200903952849266
2024930_WZY_DM_assembly_Plate1C2,2024930_WZY_DM_assembly_Plate1,,,C2,Plate1_C2,Xylose,cycle 5,,0.9295,48 h,,"growth curve data NA, so 48 h label rather than 0: 0.05:48 was used",Ho lab/7_Shared data/16s rRNA/Raw reads/2024930_DM_assembly/Plate1,,0.20420930580490723,0.0004920706163973669,0.08059260921603831,0.00010697187312986236,0.18221588868940755,0.007509425493716337,0.01238734290843806,0.03020885697187313,0.0017543387193297427,0.034851436265709156,0.0,0.09312971274685816,0.0002353381208856972,0.04199715739078396,0.0,0.00012836624775583482,0.0,0.0,0.008835876720526631,0.0,0.0,0.0,0.0,0.0,0.0,0.0,0.00019254937163375223,0.0,0.0722060143626571,0.007252692998204668,0.0027384799521244763,0.00025673249551166964,0.0,0.0027384799521244763,0.0,0.0,0.0,0.0,0.00969165170556553,0.1357687013764213
2024930_WZY_DM_assembly_Plate1C3,2024930_WZY_DM_assembly_Plate1,,,C3,Plate1_C3,Xylose,cycle 5,,0.8765,48 h,,"growth curve data NA, so 48 h label rather than 0: 0.05:48 was used",Ho lab/7_Shared data/16s rRNA/Raw reads/2024930_DM_assembly/Plate1,,0.1012242667188111,0.001234024247164646,0.0049703754399687125,0.0,0.05995301134141572,0.000617012123582323,0.018750312866640594,0.21934780993351582,0.00023994915917090336,0.04908674227610481,0.0,0.0488467931169339,0.00023994915917090336,0.018201857645678526,0.0,0.000651290574892452,0.0,0.0,0.001131188893234259,0.0,0.0,0.0,0.0,0.0,0.0,0.0,0.0,0.0,0.06646591709034023,0.0008569612827532264,0.004559034024247164,0.032461693390692214,0.0,0.021903930387172466,0.0,0.0,0.0,0.0,0.06845406726632773,0.15730381306218225
2024930_WZY_DM_assembly_Plate1C4,2024930_WZY_DM_assembly_Plate1,,,C4,Plate1_C4,Xylose,cycle 5,,0.8405,48 h,,"growth curve data NA, so 48 h label rather than 0: 0.05:48 was used",Ho lab/7_Shared data/16s rRNA/Raw reads/2024930_DM_assembly/Plate1,,0.17601365383390313,0.002159567239292464,0.057415932304164106,0.00023201962075043,0.05172252776421125,0.0016776803346569553,0.0008745354935977747,0.16548353258446055,0.0016419850083876585,0.02705705731212707,0.0,0.0,0.0,0.14244219947762937,0.0,0.00032125793642367236,0.0,0.0,0.011297570764232476,0.0,0.0,0.0,0.0,0.0,0.0,0.0,0.0,0.0,0.04602912322425839,0.002909169090947699,0.0038015522476801226,0.023630305990274564,0.0,0.002712844796466566,0.0,0.0,5.3542989403945386e-05,0.0,0.05989675747988024,0.0631271845072516
2024930_WZY_DM_assembly_Plate1C5,2024930_WZY_DM_assembly_Plate1,,,C5,Plate1_C5,Xylose,cycle 5,,0.7795,48 h,,"growth curve data NA, so 48 h label rather than 0: 0.05:48 was used",Ho lab/7_Shared data/16s rRNA/Raw reads/2024930_DM_assembly/Plate1,,0.09336456593787734,0.001061416129280888,0.12801079053515915,0.00046061454666906454,0.09402544767875035,0.0018825116255170463,0.0013217634817460112,0.13339797805924516,0.0013217634817460112,0.031341815892916784,0.0002603473524651234,0.0,0.00010013359710197054,0.01524033347891992,0.0,0.0003404542301466999,0.0,0.0,0.010554081134547696,0.0,0.0,0.0,0.0,0.0,0.0,0.0,0.0,0.0,0.0,0.0071094853942399085,0.002503339927549264,0.01794394060067312,0.0,0.0019225650643578346,0.0,0.0,0.0,0.0,0.07754345759576599,0.1597931942553246
2024930_WZY_DM_assembly_Plate1C6,2024930_WZY_DM_assembly_Plate1,,,C6,Plate1_C6,Xylose,cycle 5,,0.9555,48 h,,"growth curve data NA, so 48 h label rather than 0: 0.05:48 was used",Ho lab/7_Shared data/16s rRNA/Raw reads/2024930_DM_assembly/Plate1,,0.0030456575905183055,0.00023593122180071385,0.037877685245460056,0.00038606927203753167,0.15406308783586614,0.0039035893061572647,0.016322150890031202,0.18827311499696964,0.001115311230330647,0.002702484904262722,0.0015657253810411008,0.0,0.00012868975734584392,0.16688916698466857,0.03530389009854318,0.00010724146445486992,0.0,0.0,0.002659588318480774,0.0,0.0,0.0,0.0,0.0,0.0,0.0,6.434487867292196e-05,0.0,0.08984689892029002,0.007399661047386025,0.0018016566028418147,0.014949460145008866,0.0,0.008407730813261802,0.0,0.0,0.1497948775505623,0.0,0.05389956003501762,0.0147564255089901
2024930_WZY_DM_assembly_Plate1C7,2024930_WZY_DM_assembly_Plate1,,,C7,Plate1_C7,Xylan,cycle 5,,0.8385,48 h,,"growth curve data NA, so 48 h label rather than 0: 0.05:48 was used",Ho lab/7_Shared data/16s rRNA/Raw reads/2024930_DM_assembly/Plate1,,0.0,0.00021216031577349327,0.005431304083801427,0.0,0.029023531197813875,0.2738989676635798,0.007086154546834675,0.0346245635342341,0.001442690147259754,0.03254539243965386,0.0,0.003734021557613481,0.013620692272658266,0.18916213754364658,0.0019943069682708367,0.00021216031577349327,0.0,0.0,0.042219902838925155,0.0,0.0,0.0,0.0001697282526187946,0.0005516168210110825,0.0,0.0,0.0014002580841050553,0.0,0.005304007894337331,0.048287687870047065,0.002291331410353727,0.0028429482313648098,0.0,0.003946181873386975,0.0,0.0,0.0,0.0,0.03865560953393047,0.09984264460300592
2024930_WZY_DM_assembly_Plate1C8,2024930_WZY_DM_assembly_Plate1,,,C8,Plate1_C8,Xylan,cycle 5,,0.7715,48 h,,"growth curve data NA, so 48 h label rather than 0: 0.05:48 was used",Ho lab/7_Shared data/16s rRNA/Raw reads/2024930_DM_assembly/Plate1,,0.000182560340747752,0.001004081874112636,0.10127534902981543,0.0,0.035644906530998575,0.026562529578797917,0.06818628726928537,0.022500561997160436,0.004472728348319924,0.044955483909133925,0.0,0.058145468528159015,0.013281264789398959,0.11930318267865594,0.024782566256507335,0.000593321107430194,0.0,0.0,0.040254555134879313,0.0,0.0,0.0,9.1280170373876e-05,0.002601484855655466,0.0,0.0,0.002601484855655466,0.0,0.00022820042593469,0.06928164931377188,0.000730241362991008,0.0309896178419309,0.0,0.002418924514907714,0.0,0.0,0.0,0.0,0.03144601869380028,0.06996625059157595
2024930_WZY_DM_assembly_Plate1C9,2024930_WZY_DM_assembly_Plate1,,,C9,Plate1_C9,Xylan,cycle 5,,0.8225,48 h,,"growth curve data NA, so 48 h label rather than 0: 0.05:48 was used",Ho lab/7_Shared data/16s rRNA/Raw reads/2024930_DM_assembly/Plate1,,0.0,0.0017620504973221117,0.03505221882172915,0.0,0.03266086457536343,0.034171193573068095,0.004153404743687835,0.034737566947207345,0.0011956771231828617,0.10660405508798777,0.0,0.07016736801836265,0.027941086457536343,0.0036499617444529456,0.13945371078806426,0.0,0.0,0.0,0.03341602907421576,0.0,0.0,0.0,0.0007551644988523336,0.0045309869931140015,0.0,0.0,0.0009439556235654171,0.0,0.008684391736801836,0.11635826319816374,0.1076738714613619,0.03958320581484315,0.0,0.0010698163733741392,0.0,0.0,0.0,0.0,0.0013215378729915838,0.01661361897475134
2024930_WZY_DM_assembly_Plate1D10,2024930_WZY_DM_assembly_Plate1,,,D10,Plate1_D10,Sucrose,cycle 5,,1.0385,48 h,,"growth curve data NA, so 48 h label rather than 0: 0.05:48 was used",Ho lab/7_Shared data/16s rRNA/Raw reads/2024930_DM_assembly/Plate1,,0.027421928160659984,0.0,0.0,0.0041898955228374425,0.00878627344714419,0.001281982958480113,0.0012194472044079125,0.016915921476530274,0.0052842712191009545,0.012413347183331829,0.0,6.253575407220065e-05,0.0011256435732996115,0.8687154276939753,0.0,0.0,0.0,0.0,0.0,0.0,0.0,0.0,0.0,0.0,0.0,0.0,0.00018760726221660193,0.0,0.008067112275313882,0.004533842170234547,0.0,0.001469590220696715,0.0,0.0027515731791768285,0.0,0.0,0.00015633938518050158,0.0,0.01772888627946888,0.05618837503387228
2024930_WZY_DM_assembly_Plate1D11,2024930_WZY_DM_assembly_Plate1,,,D11,Plate1_D11,Sucrose,cycle 5,,1.0475,48 h,,"growth curve data NA, so 48 h label rather than 0: 0.05:48 was used",Ho lab/7_Shared data/16s rRNA/Raw reads/2024930_DM_assembly/Plate1,,0.07445356172687066,0.0,0.0,0.00159912893159419,0.00355100689221651,0.011617201355993086,0.0004468154367689649,0.018060750286240265,0.0002116494174168781,0.00604376669734863,0.0,0.004185955144467144,0.0007525312619266777,0.8077717598724828,0.0,0.0,0.0,0.0,0.0,0.0,0.0,0.0,0.0,0.0,0.0,0.0,0.0011523134948252251,0.0,0.003339357474799632,0.019777462227510496,0.0,0.0010112138832139733,0.0,0.006090799901219047,0.0,0.0,0.0,0.0,0.02043592708169634,0.06699879891340953
2024930_WZY_DM_assembly_Plate1D12,2024930_WZY_DM_assembly_Plate1,,,D12,Plate1_D12,Sucrose,cycle 5,,1.0265,48 h,,"growth curve data NA, so 48 h label rather than 0: 0.05:48 was used",Ho lab/7_Shared data/16s rRNA/Raw reads/2024930_DM_assembly/Plate1,,0.30323804342325017,0.00020780403866592438,0.0,0.001090971202996103,0.0037924237056531198,0.007065337314641429,0.0026495014929905363,0.0217155220405891,0.026962574016903686,0.027741839161900903,0.0,0.022390885166253354,0.003169011589655347,0.2676516018017106,0.0,0.0,0.0,0.0,0.0002597550483324055,0.0,0.0,0.0,0.0,0.0,0.0,0.0,0.004415835821650893,0.0,0.01745553924793765,0.037664482008198795,0.00015585302899944327,0.01849455944126727,0.0,0.029456222480894783,0.0,0.0,0.04498957437117263,0.0,0.04800273293182854,0.1379299306645073
2024930_WZY_DM_assembly_Plate1D1,2024930_WZY_DM_assembly_Plate1,,,D1,Plate1_D1,Maltose,cycle 5,,0.9025,48 h,,"growth curve data NA, so 48 h label rather than 0: 0.05:48 was used",Ho lab/7_Shared data/16s rRNA/Raw reads/2024930_DM_assembly/Plate1,,0.001145479006955374,0.00021382274796500313,0.0,0.00022909580139107477,0.02940062784518793,0.010355130222876579,0.004475004653838994,0.1442234435023946,0.0018938586248328849,0.0012371173275118037,0.0,0.032821791812627975,0.0010385676329728723,0.34892817857203295,0.0,0.0,0.0,0.0,0.0,0.0,0.0,0.0,0.0011149329001032306,0.0,0.0,0.0,0.0018480394645546696,0.0,0.08455162376673266,0.06617814049516846,0.002229865800206461,0.02022152273611887,0.0,0.0006720143507471528,0.0,0.0,0.11540319168739739,0.0,0.0017564011439982399,0.03256214990438476
2024930_WZY_DM_assembly_Plate1D2,2024930_WZY_DM_assembly_Plate1,,,D2,Plate1_D2,Maltose,cycle 5,,0.9905,48 h,,"growth curve data NA, so 48 h label rather than 0: 0.05:48 was used",Ho lab/7_Shared data/16s rRNA/Raw reads/2024930_DM_assembly/Plate1,,0.0008745401416889151,0.0003331581492148248,0.0,0.0,0.023196136139082175,0.0012909878282074462,0.003144180033214909,0.11167044713994409,0.0013326325968592992,0.00862046711093359,0.0,0.0016449683617481975,0.0007496058357333558,0.5276183964346528,0.0,0.0,0.0,0.0,0.0,0.0,0.0,0.0,0.0005830267611259435,0.0,0.0,0.0,0.0013742773655111523,0.0,0.15298205764258235,0.06756863713763166,0.005122306544177932,0.014221688494607834,0.0,0.0005205596081481637,0.0,0.0,0.0017907250520296833,0.0,0.01923988311715613,0.04662131850574954
2024930_WZY_DM_assembly_Plate1D3,2024930_WZY_DM_assembly_Plate1,,,D3,Plate1_D3,Maltose,cycle 5,,0.9495,48 h,,"growth curve data NA, so 48 h label rather than 0: 0.05:48 was used",Ho lab/7_Shared data/16s rRNA/Raw reads/2024930_DM_assembly/Plate1,,0.016458371547011994,0.000801148244616457,0.0,0.0012888036978612567,0.002716937525221028,0.006879425143989141,0.003848994827396456,0.09655577974247039,0.00024382772662239993,0.002838851388532228,0.0013758850287978284,0.0010275597050515427,0.0007140669136798855,0.5473235812025387,0.0,0.0,0.0,0.0,0.0,0.0,0.0,0.0,0.006008611834623427,0.0,0.0,0.0,0.0009578946403022854,0.0,0.0942742488719322,0.06410927583550387,0.007785070985729484,0.028928418137129024,0.0,8.70813309365714e-05,0.0,0.0,0.0,0.0,0.01729435232400308,0.047981813346050846
2024930_WZY_DM_assembly_Plate1D4,2024930_WZY_DM_assembly_Plate1,,,D4,Plate1_D4,Maltose,cycle 5,,0.9865,48 h,,"growth curve data NA, so 48 h label rather than 0: 0.05:48 was used",Ho lab/7_Shared data/16s rRNA/Raw reads/2024930_DM_assembly/Plate1,,0.006065325989496606,0.00032492817800874673,0.0,0.0002707734816739556,0.02451402587421545,0.008430081062782485,0.002797992643964208,0.07893949569068054,0.0008123204450218669,0.01491059305751249,0.0,0.0034478489999817015,0.000866475141356658,0.47504499624878777,0.004260169445003568,0.0,0.0,0.0,0.0,0.0,0.0,0.0,0.0033575911727570496,0.0,0.0,0.0,0.0006679079214624239,0.0,0.0992475068162272,0.06614093579022488,0.0004693407015681897,0.016029790115098173,0.0,0.0005054438324580505,0.0,0.0,0.0,0.0,0.005848707204157442,0.17354775018756063
2024930_WZY_DM_assembly_Plate1D5,2024930_WZY_DM_assembly_Plate1,,,D5,Plate1_D5,Maltose,cycle 5,,0.9975,48 h,,"growth curve data NA, so 48 h label rather than 0: 0.05:48 was used",Ho lab/7_Shared data/16s rRNA/Raw reads/2024930_DM_assembly/Plate1,,0.00353348863176944,0.0002688523958955009,0.0,0.00028805613845946516,0.008737702866603778,0.002131615424600042,0.004359249562019906,0.11382058217661668,0.0014018732071693972,0.016207958723985907,0.0010946133261459678,0.002592505246135187,0.0009793908707621819,0.6082593419710067,0.0,0.0,0.0,0.0,0.0,0.0,0.0,0.0,0.0,0.0,0.0,0.0,0.0012866507517856113,0.0,0.12703275706062414,0.0661953006179851,0.008334424272760526,0.002170022909727971,0.0,0.0002496486533315365,0.0,0.0,3.8407485127928694e-05,0.0,0.027634185549544697,0.00088337215794236
2024930_WZY_DM_assembly_Plate1D6,2024930_WZY_DM_assembly_Plate1,,,D6,Plate1_D6,Maltose,cycle 5,,0.9395,48 h,,"growth curve data NA, so 48 h label rather than 0: 0.05:48 was used",Ho lab/7_Shared data/16s rRNA/Raw reads/2024930_DM_assembly/Plate1,,0.011968986953612846,0.0007595199598572703,0.0,0.0003404744647636039,0.0035095060214094557,7.857103033006244e-05,0.005185688001784121,0.14978257415254237,0.00018333240410347903,0.001780943354148082,0.0,0.0004452358385370205,0.0012047557983942908,0.5754804164808207,0.0,0.0,0.0,0.0,0.0004452358385370205,0.0,0.0,0.0,0.0,0.0,0.0,0.0,0.001257136485280999,0.0,0.014326117863514719,0.09318524197145406,0.006888060325602141,0.02218322089652096,0.0,0.0005499972123104371,0.0,0.0,0.0,0.0,0.014509450267618199,0.03543553467885816
2024930_WZY_DM_assembly_Plate1D7,2024930_WZY_DM_assembly_Plate1,,,D7,Plate1_D7,Sucrose,cycle 5,,1.0385,48 h,,"growth curve data NA, so 48 h label rather than 0: 0.05:48 was used",Ho lab/7_Shared data/16s rRNA/Raw reads/2024930_DM_assembly/Plate1,,0.15348085175951282,8.488985163689868e-05,0.0,0.0006791188130951894,0.004711386765847877,0.008022090979686926,0.0035229288429312953,0.22020427514611515,0.030305677034372827,0.05212236890505579,0.020882903502677075,0.0,0.00016977970327379735,0.1450343115216414,0.0,4.244492581844934e-05,0.0,0.0,0.0,0.0,0.0,0.0,0.0,0.0,0.0,0.0,0.002631585400743859,0.0,0.2924030939632975,0.03539906813258675,0.0011035680712796828,0.031706359586381655,0.0,0.0034804839171128457,0.0,0.0,0.0,0.0,0.031579024808926305,0.0009337883680058855
2024930_WZY_DM_assembly_Plate1D8,2024930_WZY_DM_assembly_Plate1,,,D8,Plate1_D8,Sucrose,cycle 5,,1.0065,48 h,,"growth curve data NA, so 48 h label rather than 0: 0.05:48 was used",Ho lab/7_Shared data/16s rRNA/Raw reads/2024930_DM_assembly/Plate1,,0.05765199844321104,8.515804792202517e-05,0.0,0.0012433074996615677,0.0022311408555570596,0.002997563286855286,0.000936738527142277,0.10213856267767699,0.015294385406795721,0.01972260389874103,0.00030656897251929064,0.005739652429944496,0.0006131379450385813,0.5756513723433058,0.0,0.0,0.0,0.0,0.0,0.0,0.0,0.0,0.0,0.0,0.0,0.0,0.0008004856504670367,0.0,0.16919200961147962,0.013812635372952483,0.00022141092459726546,0.013131370989576282,0.0,0.002350362122647895,0.0,0.0,0.0,0.0,0.0169123883173142,0.005467146676594017
2024930_WZY_DM_assembly_Plate1D9,2024930_WZY_DM_assembly_Plate1,,,D9,Plate1_D9,Sucrose,cycle 5,,0.9825,48 h,,"growth curve data NA, so 48 h label rather than 0: 0.05:48 was used",Ho lab/7_Shared data/16s rRNA/Raw reads/2024930_DM_assembly/Plate1,,0.006158864060233474,0.00023753194722663537,0.0,0.00040719762381708917,0.002256553498653036,0.00027146508254472613,0.0,0.011113101816674726,0.00018663224424949923,0.013183023071078263,0.000356297920839953,0.0,0.0008822615182703599,0.7366035349174553,0.0,5.0899702977136146e-05,0.0,5.0899702977136146e-05,8.483283829522691e-05,0.0,0.0,0.0,0.0,0.0,0.0,0.0,0.001510024521655039,0.0,0.11557625889341715,0.01954548594322028,0.0002544985148856807,0.0028164502314015336,0.0,0.0008143952476341783,0.0,0.0,0.053800986046832915,0.0,0.012114129308558404,0.004224675347102301
2024930_WZY_DM_assembly_Plate1E10,2024930_WZY_DM_assembly_Plate1,,,E10,Plate1_E10,Rhamonse,cycle 5,,0.7445,48 h,,"growth curve data NA, so 48 h label rather than 0: 0.05:48 was used",Ho lab/7_Shared data/16s rRNA/Raw reads/2024930_DM_assembly/Plate1,,0.3134478938130759,0.00016333918385256694,0.0,0.0,0.09346268100043881,0.0002613426941641071,0.0,0.0,0.0002286748573935937,0.002907437472575691,0.0,0.010976393154892497,0.0003593462044756472,0.011074396665204038,0.0,0.020123387450636243,0.0,0.0,0.00019600702062308033,0.0,0.0,0.0,0.0,0.0,0.0,0.0,0.0,0.0,0.0,0.01100906099166301,0.0012087099605089953,0.011237735849056605,0.0,0.0027114304519526107,0.0,0.0,0.061154190434401054,0.0,0.009669679684071963,0.1943082931110136
2024930_WZY_DM_assembly_Plate1E11,2024930_WZY_DM_assembly_Plate1,,,E11,Plate1_E11,Rhamonse,cycle 5,,0.7305,48 h,,"growth curve data NA, so 48 h label rather than 0: 0.05:48 was used",Ho lab/7_Shared data/16s rRNA/Raw reads/2024930_DM_assembly/Plate1,,0.08372479290706705,0.0,0.0,0.0,0.022834034429200102,0.00017334325653637072,0.0,0.0,0.0008036823712140824,0.0010715764949521098,0.0,0.023842577012684444,0.00028365260160497023,0.47237613253947713,0.0,0.005814878332901891,0.0,0.0,9.455086720165675e-05,0.0,0.0,0.0,0.0,0.0,0.0,0.0,0.0,0.0,0.0,0.008336234791612737,4.7275433600828376e-05,0.0034038312192596434,0.0,0.0009297501941496247,0.0,0.0,0.007374967641729227,0.0,0.003025627750453016,0.09636309215635518
2024930_WZY_DM_assembly_Plate1E12,2024930_WZY_DM_assembly_Plate1,,,E12,Plate1_E12,Rhamonse,cycle 5,,0.6965,48 h,,"growth curve data NA, so 48 h label rather than 0: 0.05:48 was used",Ho lab/7_Shared data/16s rRNA/Raw reads/2024930_DM_assembly/Plate1,,0.09920080379344243,0.0,0.0001879565912989842,0.0,0.01566752443185104,0.00010740376645656239,0.0,8.055282484242179e-05,0.0004833169490545308,0.013049557624472331,0.0,0.03725568148962008,0.0002416584745272654,0.3688916613658706,0.11090781433720774,0.005141955319107924,0.0,0.0,1.3425470807070299e-05,0.0,0.0,0.0,0.0,0.0,0.0,0.0,0.0,0.0,0.0,0.0033832186433817154,0.00033563677017675744,0.0004698914782474604,0.0,0.001960118737832264,0.0,0.0,0.0,0.0,0.029885098016538485,0.009236723915264365
2024930_WZY_DM_assembly_Plate1E1,2024930_WZY_DM_assembly_Plate1,,,E1,Plate1_E1,Lactose,cycle 5,,0.8715,48 h,,"growth curve data NA, so 48 h label rather than 0: 0.05:48 was used",Ho lab/7_Shared data/16s rRNA/Raw reads/2024930_DM_assembly/Plate1,,0.003949849746292922,0.00030053204591359183,0.0,0.006761971033055816,0.005130511355239175,0.00115919503423814,0.008286097837331889,0.3270861988275285,0.0005151977929947288,0.06985223410020198,0.0,0.007234235676634317,0.0037781171486280115,0.03640731070496084,0.0,0.00032199862062170555,0.0,0.011312884871175922,0.0,0.0,0.0,0.0,0.0015670599536923002,0.007921166067293955,0.0,0.0,0.0014167939307355043,0.0,0.006676104734223361,0.041988620129070404,0.00038639834474604663,0.029860005418986157,0.0,0.03419625351002513,0.0,0.0,0.0,0.0,0.10022743731218287,0.16516382580422684
2024930_WZY_DM_assembly_Plate1E2,2024930_WZY_DM_assembly_Plate1,,,E2,Plate1_E2,Lactose,cycle 5,,0.8545,48 h,,"growth curve data NA, so 48 h label rather than 0: 0.05:48 was used",Ho lab/7_Shared data/16s rRNA/Raw reads/2024930_DM_assembly/Plate1,,0.020490551873538813,0.0004765244621753212,0.0,0.005754949273963495,0.016879962679364265,0.0006231473736138816,0.006946260429401797,0.13478311133989662,0.002400950174806426,0.022928157776204876,0.021718518756836756,0.0038671792891920302,0.01541373356497866,0.07536417647942004,0.0,0.0,0.0,0.0038671792891920302,0.00016495077536838042,0.0,0.0,0.0,0.0003115736868069408,0.00399547433670077,0.0,0.0,0.0016678356176136242,0.0,0.00032990155073676084,0.0030057696844904874,0.0002382622310876606,0.00423373656778843,0.0,0.010923406902172748,0.0,0.0,0.3049023443364863,0.0,0.06911437487935139,0.12409796666881154
2024930_WZY_DM_assembly_Plate1E3,2024930_WZY_DM_assembly_Plate1,,,E3,Plate1_E3,Lactose,cycle 5,,0.9325,48 h,,"growth curve data NA, so 48 h label rather than 0: 0.05:48 was used",Ho lab/7_Shared data/16s rRNA/Raw reads/2024930_DM_assembly/Plate1,,0.007953091684434968,0.002069426917888691,0.0,0.007060397719855533,0.012903485488011835,0.007141551716635481,0.00048692398067969197,0.17715917497062791,0.0010550019581393325,0.03964372742700492,0.00665462773595579,0.0,0.009616748618423914,0.013187524476741656,0.0,0.0,0.0,0.00908924763935425,0.0,0.0,0.0,0.0,0.0006898089726295635,0.009129824637744224,0.0,0.0,0.00024346199033984598,0.0,0.02008561420303729,0.017610417301248855,0.00020288499194987163,0.027227165919672773,0.0,0.014810604412340628,0.0,0.0,0.0,0.0,0.45685642487272093,0.09162286236456203
2024930_WZY_DM_assembly_Plate1E4,2024930_WZY_DM_assembly_Plate1,,,E4,Plate1_E4,Lactose,cycle 5,,0.8065,48 h,,"growth curve data NA, so 48 h label rather than 0: 0.05:48 was used",Ho lab/7_Shared data/16s rRNA/Raw reads/2024930_DM_assembly/Plate1,,0.0020536724762335898,4.563716613852422e-05,0.0,0.008579787234042553,0.028979600497962877,4.563716613852422e-05,0.000410734495246718,0.09095487211407877,0.0017342123132639202,0.002099309642372114,0.002510044137618832,0.0,0.012276397691263014,0.029618520823902216,0.0,0.0,0.0,0.0011865663196016297,0.0,0.0,0.0,0.0,0.0,0.009036158895427795,0.0,0.0,0.0006389203259393391,0.0,0.003422787460389316,0.0016885751471253962,0.0006845574920778633,0.002510044137618832,0.0,0.0010952919873245812,0.0,0.0,0.29171276595744683,0.0,0.013006592349479403,0.30220931416930735
2024930_WZY_DM_assembly_Plate1E5,2024930_WZY_DM_assembly_Plate1,,,E5,Plate1_E5,Lactose,cycle 5,,0.9085,48 h,,"growth curve data NA, so 48 h label rather than 0: 0.05:48 was used",Ho lab/7_Shared data/16s rRNA/Raw reads/2024930_DM_assembly/Plate1,,0.0,0.0015536325038329993,0.0,0.008705699374926289,0.056975454062979124,0.006857412430711169,0.0013125515980658097,0.34279026123363604,0.006027022644179738,0.06905628611864607,0.0017411398749852577,0.0,0.02268839190942328,0.011304015803750442,0.001125044226913551,0.0,0.0,0.003776934190352636,0.0,0.0,0.0,0.0,0.0007232427173015686,0.0005625221134567755,0.0,0.0,0.0009375368557612927,0.0,0.0788870297204859,0.025206348036325037,0.0014464854346031373,0.0031072650076659986,0.0,0.013179089515273027,0.0,0.0,0.0,0.0,0.06876163167826395,0.1817750029484609
2024930_WZY_DM_assembly_Plate1E6,2024930_WZY_DM_assembly_Plate1,,,E6,Plate1_E6,Lactose,cycle 5,,0.9105,48 h,,"growth curve data NA, so 48 h label rather than 0: 0.05:48 was used",Ho lab/7_Shared data/16s rRNA/Raw reads/2024930_DM_assembly/Plate1,,0.012598443355433841,0.0,0.0,0.008473952971214428,0.02527187744512622,0.013010892393855784,0.00431196721986575,0.020060021414158052,0.001837272989334102,0.005511818968002306,0.00472441625828769,0.0,0.018297739159082484,0.09246357534077337,0.0,0.0,0.0,0.01061118889758267,0.0005249351398097435,0.0,0.0,0.0,0.0032620969402462627,0.01061118889758267,0.0,0.0,0.00472441625828769,0.0,0.0051743606638389,0.01676042910678252,0.0004124490384219413,0.0003374583041634065,0.0,0.005811781905036445,0.0,0.0,0.004349462586995017,0.0,0.5036377712803196,0.13772048346579913
2024930_WZY_DM_assembly_Plate1E7,2024930_WZY_DM_assembly_Plate1,,,E7,Plate1_E7,Rhamonse,cycle 5,,0.7245,48 h,,"growth curve data NA, so 48 h label rather than 0: 0.05:48 was used",Ho lab/7_Shared data/16s rRNA/Raw reads/2024930_DM_assembly/Plate1,,0.08147642700329309,0.00021207464324917675,0.0,0.0,0.0015375411635565313,9.278265642151482e-05,0.00015905598243688254,0.0,0.0007290065861690451,0.008840861690450055,0.0,0.0,0.001285702524698134,0.4350446212952799,0.0,0.005050027442371021,0.0,0.0,0.0002253293084522503,0.0,0.0,0.0,0.0,0.0,0.0,0.0,0.0,0.0,0.0,0.0054741767288693744,6.627332601536773e-05,0.00459936882546652,0.0,0.00011929198682766192,2.6509330406147093e-05,0.0,0.04442963776070253,0.0,0.03503208013172338,0.10009923161361142
2024930_WZY_DM_assembly_Plate1E8,2024930_WZY_DM_assembly_Plate1,,,E8,Plate1_E8,Rhamonse,cycle 5,,0.7565,48 h,,"growth curve data NA, so 48 h label rather than 0: 0.05:48 was used",Ho lab/7_Shared data/16s rRNA/Raw reads/2024930_DM_assembly/Plate1,,0.320859084319884,0.0008224812756704517,0.0,0.0,0.008864520415559313,0.00036554723363131186,0.0,0.0,0.0024674438270113554,0.02878684464846581,0.0,0.0,0.0017363493597487316,0.2035184223242329,0.013159700410727226,0.043408733993718286,0.0,0.0,0.0007310944672626237,0.0,0.0,0.0,0.0,0.0,0.0,0.0,0.0,0.0,0.0,0.029974873157767572,0.0017363493597487316,0.02028787146653781,0.0,9.138680840782797e-05,0.0,0.0,0.019465390190867356,0.0,0.015170210195699443,0.04505369654505919
2024930_WZY_DM_assembly_Plate1E9,2024930_WZY_DM_assembly_Plate1,,,E9,Plate1_E9,Rhamonse,cycle 5,,0.8905,48 h,,"growth curve data NA, so 48 h label rather than 0: 0.05:48 was used",Ho lab/7_Shared data/16s rRNA/Raw reads/2024930_DM_assembly/Plate1,,0.21311296786784695,0.0,0.0,0.0,0.04025156827211264,0.0,0.0,0.0,0.0016448212169791593,0.021444744545898096,0.0001551718129225622,0.04382051996933157,0.0006517216142747612,0.007572384470621035,0.3564606886457099,0.009806858576705931,0.0,0.0,0.0008689621523663483,0.0,0.0,0.0,0.0,0.0,0.0,0.0,0.0,0.0,0.0,0.0007448247020282986,0.0010862026904579355,0.00254481773193002,0.0,0.002824126995190632,0.0,0.0,0.11910988359935876,0.0,0.06632043284310309,0.0020793022931623337
2024930_WZY_DM_assembly_Plate1F10,2024930_WZY_DM_assembly_Plate1,,,F10,Plate1_F10,Ribose,cycle 5,,0.9365,48 h,,"growth curve data NA, so 48 h label rather than 0: 0.05:48 was used",Ho lab/7_Shared data/16s rRNA/Raw reads/2024930_DM_assembly/Plate1,,0.030350040655128356,0.0017948948774538275,0.0,0.0,0.03905256127308631,0.0008702520617957951,0.03747522941108143,0.0,0.036169851318387736,0.0507465733534673,0.0,0.0,0.0023931931699384366,0.32357059472644906,0.0,0.010007898710651643,0.0,0.0,0.00021756301544894878,0.0,0.0,0.0,0.0,0.0,0.0,0.0,0.0,0.0,0.0,0.036496195841561156,0.00032634452317342315,0.06869552212800557,0.0,0.00446004181670345,0.0,0.0,0.0,0.0,0.07718047973051459,0.216692763387153
2024930_WZY_DM_assembly_Plate1F11,2024930_WZY_DM_assembly_Plate1,,,F11,Plate1_F11,Ribose,cycle 5,,0.9335,48 h,,"growth curve data NA, so 48 h label rather than 0: 0.05:48 was used",Ho lab/7_Shared data/16s rRNA/Raw reads/2024930_DM_assembly/Plate1,,0.0024712459164132027,0.0007886955052382561,0.0,0.00026289850174608534,0.07965824602906386,0.0016299707108257293,0.0043115354286358005,0.0,0.06025633660020278,0.07645088430776163,0.0,0.00883338965866847,0.0016299707108257293,0.3669011490368368,0.0,0.006572462543652135,0.0,0.0,0.0,0.0,0.0,0.0,0.0,0.0,0.0,0.0,0.0,0.0,0.0,0.018455474822575195,0.0,0.10084786526979836,0.0,0.01887611242536893,0.00010515940069843416,0.0,0.0,0.0,0.005888926439112313,0.1795596766925763
2024930_WZY_DM_assembly_Plate1F12,2024930_WZY_DM_assembly_Plate1,,,F12,Plate1_F12,Ribose,cycle 5,,0.8465,48 h,,"growth curve data NA, so 48 h label rather than 0: 0.05:48 was used",Ho lab/7_Shared data/16s rRNA/Raw reads/2024930_DM_assembly/Plate1,,0.00041077916583714914,5.266399562014733e-05,0.0,0.0,0.05451776826597651,0.00034758237109297236,0.00013692638861238302,5.266399562014733e-05,0.007509885775433009,0.0005477055544495321,0.0,0.004560702020704758,0.0005477055544495321,0.6832837447740394,0.0,0.0007056975413099741,0.0,0.0,0.0,0.0,0.0,0.0,0.0,0.0,0.0,0.0,0.0,0.0,0.0,0.00629861387616962,0.0,0.02834376244276329,0.0,0.005814105116464264,0.0,0.0,2.106559824805893e-05,0.0,0.03668573934899463,0.016662888214214612
2024930_WZY_DM_assembly_Plate1F1,2024930_WZY_DM_assembly_Plate1,high other species,,F1,Plate1_F1,Glucuronic_acid,cycle 5,,0.8065,48 h,,"growth curve data NA, so 48 h label rather than 0: 0.05:48 was used",Ho lab/7_Shared data/16s rRNA/Raw reads/2024930_DM_assembly/Plate1,,0.008871261751264183,4.2043894555754427e-05,0.006979286496255235,0.0,0.19951229429857334,0.0,0.0004905121031504683,0.0,0.0003503657879646202,0.03409759848471684,0.0,0.0031813213547187517,0.0017518289398231013,0.0005465706292248076,0.0,2.8029263037169617e-05,0.0,0.0,0.06748045076198585,0.0,0.0,0.0,0.0,0.0,0.0,0.0,0.0,0.0,0.05066289293968408,0.010721193111717379,0.0,0.03605964689731871,0.0,0.08935729056249675,0.0,0.0,0.21335875023893514,0.0,0.00259270683093819,0.08041595565363964
2024930_WZY_DM_assembly_Plate1F2,2024930_WZY_DM_assembly_Plate1,high other species,,F2,Plate1_F2,Glucuronic_acid,cycle 5,,0.8425,48 h,,"growth curve data NA, so 48 h label rather than 0: 0.05:48 was used",Ho lab/7_Shared data/16s rRNA/Raw reads/2024930_DM_assembly/Plate1,,0.062441141141141146,0.0001518018018018018,0.006982882882882883,0.0,0.04877897897897898,0.0,0.0009108108108108108,0.0003036036036036036,0.013813963963963963,0.11228273273273273,0.0,0.06451576576576576,0.003187837837837838,0.012042942942942943,0.0,0.0003036036036036036,0.0,0.0,0.008753903903903905,0.0,0.0,0.0,0.0004048048048048048,0.0,0.0,0.0,0.0,0.0,0.0250978978978979,0.06163153153153154,0.0006072072072072072,0.0008096096096096096,0.0,0.0332951951951952,0.0,0.0,0.0001012012012012012,0.0,0.09381351351351351,0.2922690690690691
2024930_WZY_DM_assembly_Plate1F3,2024930_WZY_DM_assembly_Plate1,high other species,,F3,Plate1_F3,Glucuronic_acid,cycle 5,,0.8805,48 h,,"growth curve data NA, so 48 h label rather than 0: 0.05:48 was used",Ho lab/7_Shared data/16s rRNA/Raw reads/2024930_DM_assembly/Plate1,,0.19239634757263865,6.0148920666727386e-05,0.00014034748155569723,0.0,0.1574097253848256,0.0,0.0003608935240003643,0.00010024820111121231,0.0007017374077784862,0.042926279715821115,0.0,0.0027868999908917023,0.0025663539484470353,0.0013633755351124873,0.0,0.00024059568266690954,0.0,0.0,0.15734957646415884,0.0,0.0,0.0,0.00022054604244466707,0.0,0.0,0.0,0.0,0.0,0.05299119910738683,0.015418173330904453,0.00010024820111121231,0.026605872574915746,0.0,0.09397266372165042,0.0,0.0,0.029392772565807447,0.0,0.026485574733582293,0.07691041989252208
2024930_WZY_DM_assembly_Plate1F4,2024930_WZY_DM_assembly_Plate1,high other species,,F4,Plate1_F4,Glucuronic_acid,cycle 5,,0.8055,48 h,,"growth curve data NA, so 48 h label rather than 0: 0.05:48 was used",Ho lab/7_Shared data/16s rRNA/Raw reads/2024930_DM_assembly/Plate1,,0.1385405618772799,0.0009502096150705068,0.002148935591005608,0.0,0.25025597539064626,0.0,0.00019004192301410138,4.3855828387869544e-05,0.0036400337561931727,0.016826019491479285,0.0,0.0,0.00021927914193934774,0.001432623727337072,0.0,0.0002631349703272173,0.0,0.0,0.13529523057657755,0.0,0.0,0.0,0.00016080470408885502,0.0,0.0,0.0,0.0,0.0,0.0038154570697446506,0.01960355528937769,0.00023389775140197092,0.03150310339195296,0.0,0.09888027440518321,0.0,0.0,0.0,0.0,0.025012440790548266,0.0764845647084445
2024930_WZY_DM_assembly_Plate1F5,2024930_WZY_DM_assembly_Plate1,high other species,,F5,Plate1_F5,Glucuronic_acid,cycle 5,,0.8725,48 h,,"growth curve data NA, so 48 h label rather than 0: 0.05:48 was used",Ho lab/7_Shared data/16s rRNA/Raw reads/2024930_DM_assembly/Plate1,,0.04655909561738758,0.0019010072507768692,0.0008414294388684502,0.0,0.42582562417401865,0.0,0.0,0.0,0.005484873379290638,0.0036461942350966177,0.0,0.0,0.00043629674607993717,0.0006856091724113298,0.0,0.0,0.0,0.0,0.24893845769189557,0.0,0.0,0.0,0.0,0.0,0.0,0.0,0.0,0.0,0.0,0.002991749115976712,0.000373968639497089,0.08286521770189664,0.0,0.018480283601814484,0.0,0.0,0.0,0.0,0.025616851805550594,0.007853341429438868
2024930_WZY_DM_assembly_Plate1F6,2024930_WZY_DM_assembly_Plate1,high other species,,F6,Plate1_F6,Glucuronic_acid,cycle 5,,0.9325,48 h,,"growth curve data NA, so 48 h label rather than 0: 0.05:48 was used",Ho lab/7_Shared data/16s rRNA/Raw reads/2024930_DM_assembly/Plate1,,0.02272489903913104,0.0001817991923130483,0.015167246901545747,0.0,0.2427798356774822,0.0,0.00062331151650188,0.0,0.0008570533351900849,0.018725316808243977,0.0,0.0,0.003843754351761593,0.007635566077148029,0.0,0.0,0.0,0.0,0.3227714802952235,0.0,0.0,0.0,0.0002856844450633617,0.0,0.0,0.0,0.0,0.0,0.0018959058626932183,0.032542055424035654,0.00012985656593789165,0.004856635566077148,0.0,0.08687404261244952,0.0,0.0,0.003532098593510653,0.0,0.04106064614956134,0.12601281158613006
2024930_WZY_DM_assembly_Plate1F7,2024930_WZY_DM_assembly_Plate1,,,F7,Plate1_F7,Ribose,cycle 5,,0.9915,48 h,,"growth curve data NA, so 48 h label rather than 0: 0.05:48 was used",Ho lab/7_Shared data/16s rRNA/Raw reads/2024930_DM_assembly/Plate1,,0.0634697541679461,0.0002686360926972888,0.0,0.00028654516554377473,0.025269701786391634,0.0,0.0012715441721005004,0.0,0.013700440727561729,0.012196078608456912,0.0,0.0,5.3727218539457766e-05,0.8396310622617994,0.0,0.0014506349005653596,0.0,0.0,0.0,0.0,0.0,0.0,0.0,0.0,0.0,0.0,0.0,0.0,0.0,0.0013969076820259019,0.0,0.01663752867438542,0.0,0.0013789986091794159,0.0,0.0,0.0,0.0,0.011246897747593158,0.0032415421852139514
2024930_WZY_DM_assembly_Plate1F8,2024930_WZY_DM_assembly_Plate1,,,F8,Plate1_F8,Ribose,cycle 5,,1.0275,48 h,,"growth curve data NA, so 48 h label rather than 0: 0.05:48 was used",Ho lab/7_Shared data/16s rRNA/Raw reads/2024930_DM_assembly/Plate1,,0.07636398057060213,0.0005047004407089548,0.0,0.00032244750378627665,0.03696930728193094,0.00021029185029539782,0.0033786890614127246,2.803891337271971e-05,0.034936486062408754,0.001836548825913141,5.607782674543942e-05,0.0,0.0007290117476907125,0.7560552796387006,0.0,0.001738412629108622,0.0,0.0,0.0,0.0,0.0,0.0,0.0,0.0,0.0,0.0,0.0,0.0,0.0,0.0136549508125145,8.411674011815912e-05,0.024702282681366063,0.0,0.0007570506610634322,0.0,0.0,0.02185633297403501,0.0,0.013206328198550981,0.040109665579675546
2024930_WZY_DM_assembly_Plate1F9,2024930_WZY_DM_assembly_Plate1,,,F9,Plate1_F9,Ribose,cycle 5,,1.0255,48 h,,"growth curve data NA, so 48 h label rather than 0: 0.05:48 was used",Ho lab/7_Shared data/16s rRNA/Raw reads/2024930_DM_assembly/Plate1,,0.0660504424679253,0.00014990498465136676,0.0,6.918691599293851e-05,0.018749654234086335,0.0,0.00025368535864077454,0.0,0.0010723971978905467,0.00185651557914385,0.0,0.028701038984403994,0.000599619938605467,0.7573776382220323,0.0,0.0001729672899823463,0.0,0.0,0.0,0.0,0.0,0.0,0.0,0.0,0.0,0.0,0.0,0.0,0.0,0.005477297516107632,4.612461066195901e-05,0.011058375406204671,0.0,0.011346654222841916,0.0,0.0,0.0029519750823653766,0.0,0.028989317801041237,0.090577204187422
2024930_WZY_DM_assembly_Plate1G10,2024930_WZY_DM_assembly_Plate1,,,G10,Plate1_G10,Acetate,cycle 5,,0.2295,48 h,,"growth curve data NA, so 48 h label rather than 0: 0.05:48 was used",Ho lab/7_Shared data/16s rRNA/Raw reads/2024930_DM_assembly/Plate1,,0.17211814761734148,0.00028780007165890364,0.0,0.000740057327122895,0.009442583303475457,0.0023572196345395913,0.0,0.0,0.00010963812253672519,0.0019460766750268722,0.0,0.0,0.0,0.0,0.0,1.3704765317090649e-05,0.0,0.0,0.0002603905410247223,0.0,0.0,0.0,0.0,0.0,0.0,0.0,0.0,0.0,0.0,0.007893944822644215,0.0,0.008565478323181655,0.0,0.0,0.0,0.0,0.0,0.0,0.006838677893228233,0.018926280902902187
2024930_WZY_DM_assembly_Plate1G11,2024930_WZY_DM_assembly_Plate1,,,G11,Plate1_G11,Acetate,cycle 5,,0.3265,48 h,,"growth curve data NA, so 48 h label rather than 0: 0.05:48 was used",Ho lab/7_Shared data/16s rRNA/Raw reads/2024930_DM_assembly/Plate1,,0.23445060240963855,0.0002145673603504929,0.0,0.000250328587075575,0.0010370755750273822,0.00050065717415115,0.0,0.0,0.0021099123767798467,0.01280251916757941,0.0,0.021349452354874045,0.0,0.0,0.0,0.0,0.0,0.0,0.0,0.0,0.0,0.0,0.0,0.0,0.0,0.0,0.0,0.0,0.0,0.0090118291347207,0.0,0.012194578313253013,0.0,0.0001430449069003286,0.0,0.0,0.0,0.0,0.008260843373493976,0.02417458926615553
2024930_WZY_DM_assembly_Plate1G12,2024930_WZY_DM_assembly_Plate1,,,G12,Plate1_G12,Acetate,cycle 5,,0.0915,48 h,,"growth curve data NA, so 48 h label rather than 0: 0.05:48 was used",Ho lab/7_Shared data/16s rRNA/Raw reads/2024930_DM_assembly/Plate1,,0.06170478333417606,3.701269151034029e-05,0.0,4.163927794913283e-05,0.003414420791828892,8.327855589826566e-05,0.0,0.0,0.0005320574404611418,0.0019292865449764877,0.0,0.015073418617586085,0.0,0.0,0.0,0.0,0.0,0.0,0.0,0.0,0.0,0.0,2.775951863275522e-05,0.0,0.0,0.0,0.0,0.0,0.0,0.001337083480811043,0.0,8.327855589826566e-05,0.0,5.08924508267179e-05,0.0,0.0,1.387975931637761e-05,0.0,0.0017812357789351266,0.005389973201193305
2024930_WZY_DM_assembly_Plate1G1,2024930_WZY_DM_assembly_Plate1,,,G1,Plate1_G1,Arabinose,cycle 5,,0.7565,48 h,,"growth curve data NA, so 48 h label rather than 0: 0.05:48 was used",Ho lab/7_Shared data/16s rRNA/Raw reads/2024930_DM_assembly/Plate1,,0.20449100728096822,7.295433723901827e-05,0.0,0.0,0.05902005882636578,0.021667438159988426,0.0004012488548146005,0.10518191571435459,0.00147732532909012,0.07729512030473985,0.0,0.06075272433579247,0.0,0.015046832055547518,0.0,0.0,0.0,0.0,0.0004377260234341096,0.0,0.0,0.0,0.0,0.0,0.0,0.0,0.0004742031920536188,0.0,0.015265695067264572,0.021466813732581125,1.8238584309754566e-05,0.0057816312261921975,0.0,0.017344893678576594,0.0,0.0,5.47157529292637e-05,0.0,0.12132306282848739,0.028926394715270743
2024930_WZY_DM_assembly_Plate1G2,2024930_WZY_DM_assembly_Plate1,,,G2,Plate1_G2,Arabinose,cycle 5,,0.7425,48 h,,"growth curve data NA, so 48 h label rather than 0: 0.05:48 was used",Ho lab/7_Shared data/16s rRNA/Raw reads/2024930_DM_assembly/Plate1,,0.014344462158867111,0.0011837662946637907,0.0,0.0,0.004943965113007596,0.002181843758792085,0.006847275625996436,0.3205685548157179,0.00229789927787677,0.005129653943543093,0.0,0.0029942323923848823,0.0,0.030011957235299633,0.0,0.00016247772671855953,0.0,0.0,0.0013230329175654132,0.0,0.0,0.0,0.0,0.0,0.0,0.0,0.0016944105786364063,0.0,0.10707282190753072,0.014298039951233238,0.0001856888305354966,0.01617813936040514,0.0,0.019102738441339213,0.0,0.0,0.028596079902466476,0.0,0.13399770233517774,0.029385257432242337
2024930_WZY_DM_assembly_Plate1G3,2024930_WZY_DM_assembly_Plate1,,,G3,Plate1_G3,Arabinose,cycle 5,,0.6975,48 h,,"growth curve data NA, so 48 h label rather than 0: 0.05:48 was used",Ho lab/7_Shared data/16s rRNA/Raw reads/2024930_DM_assembly/Plate1,,0.0024855796816960108,0.0015166248905263795,0.0,0.0,0.027657340017515776,0.013228339322924531,0.009415712862017938,0.005855857216199076,0.004065397275994322,0.1043732823966418,0.0,0.0,6.319270377193247e-05,0.14321573098178964,0.0,0.0,0.0,0.0,0.0005476700993567481,0.0,0.0,0.0,0.0,0.0,0.0,0.0,0.0006740555069006131,0.0,0.07867491619605593,0.014365807990819317,0.00031596351885966237,0.039347990215323286,0.0,0.03957969679582037,0.0,0.0,0.0,0.0,0.16636532479690755,0.04575151753087912
2024930_WZY_DM_assembly_Plate1G4,2024930_WZY_DM_assembly_Plate1,,,G4,Plate1_G4,Arabinose,cycle 5,,0.6885,48 h,,"growth curve data NA, so 48 h label rather than 0: 0.05:48 was used",Ho lab/7_Shared data/16s rRNA/Raw reads/2024930_DM_assembly/Plate1,,0.0038002827140549275,0.00011586227786752827,0.0,0.0,0.03559289176090469,0.01601216680129241,0.0077859450726979,0.09621203554119548,0.0017611066235864296,0.035013580371567044,0.0,0.0,0.00013903473344103394,0.05598465266558966,0.0009732431340872375,0.0,0.0,0.0,0.0011817952342487884,0.0,0.0,0.0,0.0,0.0,0.0,0.0,0.0007646910339256867,0.0,0.01615120153473344,0.001876968901453958,0.00016220718901453958,0.006627322294022617,0.0,0.01795865306946688,0.0,0.0,4.634491114701131e-05,0.0,0.10015135298869145,0.2901886611470113
2024930_WZY_DM_assembly_Plate1G5,2024930_WZY_DM_assembly_Plate1,,,G5,Plate1_G5,Arabinose,cycle 5,,0.6635,48 h,,"growth curve data NA, so 48 h label rather than 0: 0.05:48 was used",Ho lab/7_Shared data/16s rRNA/Raw reads/2024930_DM_assembly/Plate1,,0.0005353909776332047,0.0008532793706029201,0.0,0.0,0.02539760950147515,0.009419535012734195,0.004952366543107143,0.19600329071790604,0.0015894419648485765,0.023958746249085915,0.0,0.0,0.0,0.00045173613737801646,0.0,0.0,0.0,0.0,0.00113770582747056,0.0,0.0,0.0,0.0,0.0,0.0,0.0,0.0006859696900925436,0.0,0.008817220162896839,0.0086666414504375,0.00015057871245933882,0.0086666414504375,0.0,0.00951992082104042,0.0,0.0,0.015409221575005672,0.0,0.10361488514007615,0.24366981869531232
2024930_WZY_DM_assembly_Plate1G6,2024930_WZY_DM_assembly_Plate1,,,G6,Plate1_G6,Arabinose,cycle 5,,0.8365,48 h,,"growth curve data NA, so 48 h label rather than 0: 0.05:48 was used",Ho lab/7_Shared data/16s rRNA/Raw reads/2024930_DM_assembly/Plate1,,0.0022769460580912863,2.7767634854771787e-05,0.0,0.0,0.00310997510373444,0.0015272199170124482,0.005858970954356847,0.3118027717842324,0.002582390041493776,0.007580564315352697,0.0,0.03482061410788382,0.0,0.07680527800829876,0.0,0.0,0.0,0.0,8.330290456431536e-05,0.0,0.0,0.0,0.0,0.0,0.0,0.0,5.5535269709543574e-05,0.0,0.10171284647302904,0.011801244813278008,0.00013883817427385892,0.0021381078838174274,0.0,0.02710121161825726,0.0,0.0,0.00033321161825726145,0.0,0.20306471369294607,0.043678489626556016
2024930_WZY_DM_assembly_Plate1G7,2024930_WZY_DM_assembly_Plate1,,,G7,Plate1_G7,Acetate,cycle 5,,0.2455,48 h,,"growth curve data NA, so 48 h label rather than 0: 0.05:48 was used",Ho lab/7_Shared data/16s rRNA/Raw reads/2024930_DM_assembly/Plate1,,0.08472904175588865,3.9427194860813704e-05,0.0,0.0,0.0005914079229122056,0.0025890524625267666,0.0,0.0,0.0001839935760171306,0.015665738758029978,0.0,0.12001638115631692,0.0,5.25695931477516e-05,0.0,0.00011828158458244112,0.0,0.0,0.0,0.0,0.0,0.0,0.0,0.0,0.0,0.0,0.0,0.0,0.0,0.00023656316916488223,0.0,0.008595128479657387,0.0,0.00023656316916488223,0.0,0.0,0.0,0.0,0.0030358940042826553,0.009409957173447538
2024930_WZY_DM_assembly_Plate1G8,2024930_WZY_DM_assembly_Plate1,,,G8,Plate1_G8,Acetate,cycle 5,,0.1395,48 h,,"growth curve data NA, so 48 h label rather than 0: 0.05:48 was used",Ho lab/7_Shared data/16s rRNA/Raw reads/2024930_DM_assembly/Plate1,,0.0016645050840423325,1.4473957252542024e-05,0.0,5.78958290101681e-05,0.010117296119526874,0.00128818219547624,0.0,0.0,0.0001302656152728782,0.005167202739157502,0.0,0.09258990454451133,5.78958290101681e-05,0.0004631666320813448,0.0,0.0,0.0,8.684374351525213e-05,1.4473957252542024e-05,0.0,0.0,0.0,0.0,0.0,0.0,0.0,0.0,0.0,0.00015921352977796226,0.0004052708030711766,0.0,0.0004197447603237187,0.0,0.0002605312305457564,0.0,0.0,0.0003329010168084665,0.0,0.006339593276613406,0.019930639136750364
2024930_WZY_DM_assembly_Plate1G9,2024930_WZY_DM_assembly_Plate1,,,G9,Plate1_G9,Acetate,cycle 5,,0.2075,48 h,,"growth curve data NA, so 48 h label rather than 0: 0.05:48 was used",Ho lab/7_Shared data/16s rRNA/Raw reads/2024930_DM_assembly/Plate1,,0.13868970280764634,9.296594982078852e-05,0.0,0.0001394489247311828,0.0008211992234169654,0.0013480062724014336,7.747162485065711e-05,3.098864994026284e-05,0.0014254778972520908,0.0011465800477897252,0.0,0.015215427120669055,0.0,0.0,0.0,0.0002479091995221027,0.0,0.0,0.0006042786738351255,0.0,0.0,0.0,0.0,0.0,0.0,0.0,0.0,0.0,0.0,0.008552867383512545,0.0,0.008583856033452807,0.0,0.0006352673237753882,0.0,0.0,0.0005577956989247312,0.0,0.000883176523297491,0.028447580645161286
2024930_WZY_DM_assembly_Plate1H10,2024930_WZY_DM_assembly_Plate1,,,H10,Plate1_H10,Propionate,cycle 5,,0.2375,48 h,,"growth curve data NA, so 48 h label rather than 0: 0.05:48 was used",Ho lab/7_Shared data/16s rRNA/Raw reads/2024930_DM_assembly/Plate1,,0.1647680213378255,3.3340352354881725e-05,0.0,0.0,0.009602021478205937,0.0036007580543272267,0.0,5.0010528532322594e-05,0.0015336562083245594,0.008185056503123464,0.0,0.019254053484944196,0.0,0.0,0.0,0.0,0.0,0.0,0.0,0.0,0.0,0.0,0.0,0.0,0.0,0.0,0.0,0.0,0.0,0.007851652979574648,0.0,0.005467817786200604,0.0,0.0007168175756299571,0.0,0.0,8.335088088720432e-05,0.0,0.011885835614515335,0.004467607215554152
2024930_WZY_DM_assembly_Plate1H11,2024930_WZY_DM_assembly_Plate1,,,H11,Plate1_H11,Propionate,cycle 5,,0.1145,48 h,,"growth curve data NA, so 48 h label rather than 0: 0.05:48 was used",Ho lab/7_Shared data/16s rRNA/Raw reads/2024930_DM_assembly/Plate1,,0.03470996255333972,3.988504746146477e-05,0.0,0.0005883044500566055,0.00041879299834538013,0.0009672124009405208,0.0,0.0,0.0005583906644605069,0.028747147957850737,0.0,0.029824044239310288,0.0,0.0,0.0,0.0,0.0,0.0,0.0,0.0,0.0,0.0,5.982757119219716e-05,0.0,0.0,0.0,0.0,0.0,0.0,0.0009572411390751546,0.0,0.00043873552207611253,0.0,4.9856309326830966e-05,0.0,0.0,0.0,0.0,0.004856004528433337,0.012284594618131152
2024930_WZY_DM_assembly_Plate1H12,2024930_WZY_DM_assembly_Plate1,,,H12,Plate1_H12,Propionate,cycle 5,,0.1865,48 h,,"growth curve data NA, so 48 h label rather than 0: 0.05:48 was used",Ho lab/7_Shared data/16s rRNA/Raw reads/2024930_DM_assembly/Plate1,,0.0911113603988604,0.00010626780626780627,0.0,0.0001594017094017094,0.007770833333333333,0.0002789529914529915,0.0,0.0,0.001846403133903134,0.007226210826210826,0.0,0.006389351851851852,0.0,2.6566951566951567e-05,0.0,0.0,0.0,0.0,0.0,0.0,0.0,0.0,3.985042735042735e-05,0.0,0.0,0.0,0.0,0.0,0.0,0.02101445868945869,0.0,0.0006243233618233618,0.0,0.00033208689458689457,0.0,0.0,0.0,0.0,0.013163924501424501,0.036410007122507124
2024930_WZY_DM_assembly_Plate1H1,2024930_WZY_DM_assembly_Plate1,,,H1,Plate1_H1,Mannose,cycle 5,,0.7865,48 h,,"growth curve data NA, so 48 h label rather than 0: 0.05:48 was used",Ho lab/7_Shared data/16s rRNA/Raw reads/2024930_DM_assembly/Plate1,,0.14531961122536985,0.00031307636170636237,0.0,0.0006435458546186338,0.11117689466817045,0.04786589707866162,0.00012175191844136314,0.0,0.05117059200778433,5.217939361772705e-05,0.0,0.09174876711117008,5.217939361772705e-05,0.01954987947544174,0.0,0.0011653397907959043,0.0,0.0,0.00022611070567681726,0.0,0.0,0.0,0.0,0.0,0.0,0.0,0.004122172095800437,0.0,0.12376952166124859,0.016071253234259935,5.217939361772705e-05,0.04393504942612618,0.0,0.0013392711028549947,0.0,0.0,0.0,0.0,0.03887364824520666,0.08893107985581282
2024930_WZY_DM_assembly_Plate1H2,2024930_WZY_DM_assembly_Plate1,,,H2,Plate1_H2,Mannose,cycle 5,,0.9825,48 h,,"growth curve data NA, so 48 h label rather than 0: 0.05:48 was used",Ho lab/7_Shared data/16s rRNA/Raw reads/2024930_DM_assembly/Plate1,,0.18078342093809635,0.0002631490843349292,0.0,0.0001973618132511969,0.07545799993304095,0.0011183836084234491,0.0004276172620442599,0.0001973618132511969,0.019670394054035957,0.0018749372258863705,0.00016446817770933076,0.045327429776691554,0.0010854899728815828,0.017269158659479728,0.0,0.0006249790752954569,0.0,0.0,0.000888128159630386,0.0,0.0,0.0,0.0,0.0,0.0,0.0,0.008947068867387593,0.0,0.29443093173524393,0.0025328099367236934,0.0002631490843349292,0.004341959891526331,0.0,0.0012828517861327797,0.0,0.0,0.1132198935351033,0.0,0.008486557969801467,0.20364449763969333
2024930_WZY_DM_assembly_Plate1H3,2024930_WZY_DM_assembly_Plate1,,,H3,Plate1_H3,Mannose,cycle 5,,0.0535,48 h,,"growth curve data NA, so 48 h label rather than 0: 0.05:48 was used",Ho lab/7_Shared data/16s rRNA/Raw reads/2024930_DM_assembly/Plate1,,0.0,0.0,0.0,0.0,0.0,0.0,0.0,0.0,0.0,0.0,0.0,0.0,0.0,0.0535,0.0,0.0,0.0,0.0,0.0,0.0,0.0,0.0,0.0,0.0,0.0,0.0,0.0,0.0,0.0,0.0,0.0,0.0,0.0,0.0,0.0,0.0,0.0,0.0,0.0,0.0
2024930_WZY_DM_assembly_Plate1H4,2024930_WZY_DM_assembly_Plate1,,,H4,Plate1_H4,Mannose,cycle 5,,0.9825,48 h,,"growth curve data NA, so 48 h label rather than 0: 0.05:48 was used",Ho lab/7_Shared data/16s rRNA/Raw reads/2024930_DM_assembly/Plate1,,0.056876318945754324,0.0,0.0,1.4916422487740447e-05,0.017511880000607282,0.0066676408520199805,0.0,0.0,0.0036097742420331883,0.0009844838841908696,4.4749267463221345e-05,0.019301850699136137,5.9665689950961786e-05,0.7736253359041706,0.0,0.0,0.0,0.0,0.00010441495741418314,0.0,0.0,0.0,0.0,0.0,0.0,0.0,0.002028633458332701,0.0,0.0026551232028177996,0.011739224497851733,0.00016408064736514493,0.004460010323834394,0.0,0.0005071583645831752,0.0,0.0,0.02829645345924363,0.0,0.013857356491110875,0.03999092868963214
2024930_WZY_DM_assembly_Plate1H5,2024930_WZY_DM_assembly_Plate1,,,H5,Plate1_H5,Mannose,cycle 5,,0.9205,48 h,,"growth curve data NA, so 48 h label rather than 0: 0.05:48 was used",Ho lab/7_Shared data/16s rRNA/Raw reads/2024930_DM_assembly/Plate1,,0.0073296189411338085,0.0,0.0,0.00388038649824731,0.037746842137072405,0.003574406200894476,0.00012517375800797775,4.172458600265925e-05,0.002962445606188807,0.00020862293001329627,0.00019471473467907652,0.0033657832708811797,0.0008066753293847456,0.7683582512389702,0.0,9.735736733953826e-05,0.0,0.0,0.0,0.0,0.0,0.0,0.0,0.0,0.0,0.0,0.003463140638220718,0.0,0.012712090535476853,0.001961055542124985,0.0,0.000500695032031911,0.0,0.0005841442040372296,4.172458600265925e-05,0.0,0.0,0.0,0.018650889943188684,0.05389425692010153
2024930_WZY_DM_assembly_Plate1H6,2024930_WZY_DM_assembly_Plate1,,,H6,Plate1_H6,Mannose,cycle 5,,0.9705,48 h,,"growth curve data NA, so 48 h label rather than 0: 0.05:48 was used",Ho lab/7_Shared data/16s rRNA/Raw reads/2024930_DM_assembly/Plate1,,0.16475065159064775,0.0001487926408585665,0.0,0.0155488309697202,0.045604944423150634,0.016441586814871602,0.0007811613645074742,0.0,0.08786205442698353,0.037086565733997705,7.439632042928326e-05,0.06959775776159448,0.002194691452663856,0.19562512456880032,0.0,0.0,0.0,0.0,0.0003347834419317746,0.0,0.0,0.0,0.0,0.0,0.0,0.0,0.0009671521655806823,0.0,0.04452619777692603,0.041885128401686476,7.439632042928326e-05,0.016255596013798394,0.0,0.021500536604062863,0.0,0.0,0.0,0.0,0.049510751245688,0.15972889996167114
2024930_WZY_DM_assembly_Plate1H7,2024930_WZY_DM_assembly_Plate1,,,H7,Plate1_H7,Propionate,cycle 5,,0.2025,48 h,,"growth curve data NA, so 48 h label rather than 0: 0.05:48 was used",Ho lab/7_Shared data/16s rRNA/Raw reads/2024930_DM_assembly/Plate1,,0.1736522036682179,0.00042129756364631815,0.0,0.0003215165617300849,0.008148781823159049,0.001596496030659732,0.0,2.2173555981385164e-05,0.00016630166986038872,0.008603339720777443,0.0,1.1086777990692582e-05,0.0,0.0,0.0,0.0,0.0,0.0,0.0,0.0,0.0,0.0,8.869422392554065e-05,0.0,0.0,0.0,0.0,0.0,0.0,0.0009423761292088695,0.0,2.2173555981385164e-05,0.0,0.00014412811387900357,0.0,0.0,0.0,0.0,0.0020732274842595127,0.006286203120722695
2024930_WZY_DM_assembly_Plate1H8,2024930_WZY_DM_assembly_Plate1,,,H8,Plate1_H8,Propionate,cycle 5,,0.2515,48 h,,"growth curve data NA, so 48 h label rather than 0: 0.05:48 was used",Ho lab/7_Shared data/16s rRNA/Raw reads/2024930_DM_assembly/Plate1,,0.2087241914253479,0.00016552275291462957,0.0,0.00016552275291462957,0.015204447160586687,0.005367666415945845,0.0,0.0,0.0021517957878901843,0.0008985520872508462,0.0,0.00016552275291462957,0.0,4.729221511846559e-05,0.0,0.0,0.0,0.0,0.0,0.0,0.0,0.0,0.0,0.0,0.0,0.0,0.0,0.0,0.0,0.00465828318916886,0.0,0.006171634072959759,0.0,0.00016552275291462957,0.0,0.0,4.729221511846559e-05,0.0,0.005533189168860474,0.0020335652500940203
2024930_WZY_DM_assembly_Plate1H9,2024930_WZY_DM_assembly_Plate1,,,H9,Plate1_H9,Propionate,cycle 5,,0.1155,48 h,,"growth curve data NA, so 48 h label rather than 0: 0.05:48 was used",Ho lab/7_Shared data/16s rRNA/Raw reads/2024930_DM_assembly/Plate1,,0.05726131796065158,0.00037872858049502856,0.0,0.00021990691770679079,0.008380896974825471,0.0018814258514914324,0.0,0.0,0.001160619843452507,0.014807065792257247,0.0,0.0,0.0,0.0,0.0,0.0,0.0,0.0,0.0,0.0,0.0,0.0,0.00046424793738100283,0.0,0.0,0.0,0.0,0.0,0.0,0.011874973556166702,0.0,0.0004520308863972922,0.0,1.2217050983710599e-05,0.0,0.0,0.0,0.0,0.004666913475777449,0.013939655172413794
2024930_WZY_DM_assembly_Plate2A10,2024930_WZY_DM_assembly_Plate2,,,A10,Plate2_A10,N_acetylglutamic_acid,cycle 5,,0.5255,48 h,,"growth curve data NA, so 48 h label rather than 0: 0.05:48 was used",Ho lab/7_Shared data/16s rRNA/Raw reads/2024930_DM_assembly/Plate2,,0.12516395109579864,0.00021374054933486457,0.00023888649631543686,0.008486757105943151,0.04467177481098669,0.0029420757967269593,0.00018859460235429228,3.771892047085846e-05,0.04017065030146425,0.0812591276677194,0.00013830270839314767,0.0,0.006613384055890515,0.007996411139821993,0.062462532299741594,0.00045262704565030145,0.0,7.543784094171691e-05,0.00018859460235429228,0.0,0.0,0.0,0.0,0.0,0.0,0.0,0.00333183797492583,0.0,0.0,0.010234400421092927,0.011868886974830127,0.03643647717484926,0.0,0.00017602162886400612,0.0,0.0,0.0,0.0,0.0027786271413532395,0.07937318164417648
2024930_WZY_DM_assembly_Plate2A11,2024930_WZY_DM_assembly_Plate2,,,A11,Plate2_A11,N_acetylglutamic_acid,cycle 5,,0.5895,48 h,,"growth curve data NA, so 48 h label rather than 0: 0.05:48 was used",Ho lab/7_Shared data/16s rRNA/Raw reads/2024930_DM_assembly/Plate2,,0.012090810768549166,0.0003533527924734826,0.0,0.005753505251361706,0.04267887206484063,0.001981848270829533,4.6089494670454255e-05,0.0,0.030526608636730866,0.008549601261369263,0.0,0.004770262698392015,0.0036564332438560375,0.37423133355919835,0.048055979776393636,0.0,0.0,0.0,3.0726329780302835e-05,0.0,0.0,0.0,0.0,0.0,0.0,0.0,0.001981848270829533,0.0,0.0,0.005346381381772693,0.010239549399285919,0.029627863490657005,0.0,0.0002995817153579526,0.0,0.0,0.0,0.0,0.0025426037893200595,0.006736747804331396
2024930_WZY_DM_assembly_Plate2A12,2024930_WZY_DM_assembly_Plate2,,,A12,Plate2_A12,N_acetylglutamic_acid,cycle 5,,0.5715,48 h,,"growth curve data NA, so 48 h label rather than 0: 0.05:48 was used",Ho lab/7_Shared data/16s rRNA/Raw reads/2024930_DM_assembly/Plate2,,0.14787899195514384,0.0008707642613359338,0.0003366955143832277,0.032195057289127256,0.0075814541686981965,0.002310427840078011,0.00015093247196489517,0.0,0.000592119697708435,0.10777739517308631,0.0,0.07348089346660165,0.0060489090687469525,0.00883535470502194,0.051479583130180404,0.0,0.0,0.0,0.0,0.0,0.0,0.0,0.0,0.0,0.0,0.0,0.003761701608971234,0.0,0.0,0.0014861043393466602,0.02871200024378352,0.04478050341296928,0.0,0.0006501706484641638,0.0,0.0,0.0,0.0,0.037640236470014625,0.014930704534373477
2024930_WZY_DM_assembly_Plate2A1,2024930_WZY_DM_assembly_Plate2,,,A1,Plate2_A1,Sugar_mix,cycle 5,,0.9295,48 h,,"growth curve data NA, so 48 h label rather than 0: 0.05:48 was used",Ho lab/7_Shared data/16s rRNA/Raw reads/2024930_DM_assembly/Plate2,,0.003663054187192118,0.0002552127917305984,0.0008407009609949123,0.003272728741015909,0.07799002664943874,0.04268058628765242,0.0027773156747153355,0.021663062262779618,0.01744454494064443,0.08936951465719131,0.0,0.21353804409270774,0.008151796818218525,0.0017114269563110716,0.0,0.00021017524024872808,0.0,0.004083404667689574,0.0011109262698861342,0.0,0.0,0.0,0.00010508762012436404,0.0009157635467980295,0.0,0.0,0.000345287894694339,0.0,0.039512945166760884,0.006890745376726157,0.0014562141645804731,0.0037080917386739885,0.0,0.05087742065735282,0.0,0.0,0.1095463377210692,0.0,0.17666730194621658,0.050712282968585966
2024930_WZY_DM_assembly_Plate2A2,2024930_WZY_DM_assembly_Plate2,,,A2,Plate2_A2,Sugar_mix,cycle 5,,0.8055,48 h,,"growth curve data NA, so 48 h label rather than 0: 0.05:48 was used",Ho lab/7_Shared data/16s rRNA/Raw reads/2024930_DM_assembly/Plate2,,0.03317386392035988,9.226611962679107e-05,0.0004277792819060313,0.0015685240336554482,0.029483219135288237,0.0014678700849716762,0.0013252769910029989,0.009620839928357215,0.006492179690103298,0.032075058313895365,0.0,0.0046468572975674775,0.0005116575724758414,0.3115071955181606,0.0,0.00031873750416527825,0.0,0.007733578390536488,0.0028770253665444854,0.0,0.0,0.0,0.0,0.00124978652949017,0.0,0.0,0.001241398700433189,0.0,0.011466162320893035,0.021548332847384204,0.005007533947017661,0.010518337637454182,0.0,0.027579181939353548,0.0,0.0,0.0,0.0,0.07661443060646451,0.20695290632289237
2024930_WZY_DM_assembly_Plate2A3,2024930_WZY_DM_assembly_Plate2,,,A3,Plate2_A3,Sugar_mix,cycle 5,,0.9615,48 h,,"growth curve data NA, so 48 h label rather than 0: 0.05:48 was used",Ho lab/7_Shared data/16s rRNA/Raw reads/2024930_DM_assembly/Plate2,,0.001697398805240876,0.0005309399106440655,0.002719055906025669,8.04454410066766e-06,0.23599474573718646,0.0011503698063954754,0.00013675724971135022,0.14053014089456337,0.0009814343802814545,0.023586603303157577,1.608908820133532e-05,0.0,0.00042636083733538596,0.1734001480898914,0.0011664588945968107,0.00019306905841602384,0.0,0.0009412116597781163,0.0013112606884088285,0.0,0.0,0.0,0.0,0.0009251225715767809,0.0,0.0,0.0009090334833754455,0.0,0.059441136359833335,0.025871253827747194,0.008937488495841769,0.0004907171901407273,0.0,0.011970281621793477,2.413363230200298e-05,0.0,0.22679983183012334,0.0,0.001697398805240876,0.03964351332809023
2024930_WZY_DM_assembly_Plate2A4,2024930_WZY_DM_assembly_Plate2,,,A4,Plate2_A4,Sugar_mix,cycle 5,,0.9055,48 h,,"growth curve data NA, so 48 h label rather than 0: 0.05:48 was used",Ho lab/7_Shared data/16s rRNA/Raw reads/2024930_DM_assembly/Plate2,,0.06695530156685983,0.0010300815625670745,0.001068952564928096,0.0006413715389568576,0.2694537883666022,0.038832131358660656,1.943550118051084e-05,0.031777044430135216,0.0017686306074264865,0.19173121914573943,0.0,0.0002526615153466409,0.006646941403734707,0.006472021893110109,0.0007579845460399227,0.006044440867138871,0.0,0.016248078986907062,0.000719113543678901,0.0,0.0,0.0,0.0,3.887100236102168e-05,0.0,0.0,0.001321614080274737,0.0,0.127341403734707,0.0006996780424983901,0.022856149388280744,0.0005441940330543036,0.0,0.06901546469199399,0.0,0.0,0.0,0.0,0.042058424554625454,0.001205001073191672
2024930_WZY_DM_assembly_Plate2A5,2024930_WZY_DM_assembly_Plate2,,,A5,Plate2_A5,Sugar_mix,cycle 5,,0.9605,48 h,,"growth curve data NA, so 48 h label rather than 0: 0.05:48 was used",Ho lab/7_Shared data/16s rRNA/Raw reads/2024930_DM_assembly/Plate2,,0.010695416199289588,5.611446064684988e-05,0.004803397831370349,0.0005835903907272388,0.0024465904842026548,0.021794856515236494,0.0010325060759020378,0.13864760936623668,0.007047976257244345,0.05025611095531875,0.0,3.3668676388109927e-05,0.008046813656758273,0.15418009207328473,0.0,0.000909054262478968,0.0,0.00025812651897550945,0.0028730603851187136,0.0,0.0,0.0,0.0,0.0,0.0,0.0,7.856024490558983e-05,0.0,0.005420656898485698,0.00020201205832865956,0.00958434987848196,0.0015936506823705367,0.0,0.02742874836418022,0.0,0.0,0.2500572595344924,0.0,0.0016048735744999066,0.2608649046550757
2024930_WZY_DM_assembly_Plate2A6,2024930_WZY_DM_assembly_Plate2,,,A6,Plate2_A6,Sugar_mix,cycle 5,,0.9195,48 h,,"growth curve data NA, so 48 h label rather than 0: 0.05:48 was used",Ho lab/7_Shared data/16s rRNA/Raw reads/2024930_DM_assembly/Plate2,,0.009302160893493039,0.0004465037228876659,0.0011906765943671092,0.0,0.0019348494658465525,0.02135776141146002,0.0015627630301068307,0.16609938491421172,0.00878123988345743,0.04755264648753642,0.0,0.0,0.0031255260602136613,0.1954942133376497,0.0,0.0005953382971835546,0.0,0.010492837487860148,0.0019348494658465525,0.0,0.0,0.0,0.0,0.0009674247329232763,0.0,0.0,0.0004465037228876659,0.0,0.06861273875040466,0.0021581013272903853,0.008632405309161541,0.03705980899967627,0.0,0.002306935901586274,0.0,0.0,0.0,0.0,0.08639847037876335,0.24304685982518615
2024930_WZY_DM_assembly_Plate2A7,2024930_WZY_DM_assembly_Plate2,,,A7,Plate2_A7,N_acetylglutamic_acid,cycle 5,,0.5765,48 h,,"growth curve data NA, so 48 h label rather than 0: 0.05:48 was used",Ho lab/7_Shared data/16s rRNA/Raw reads/2024930_DM_assembly/Plate2,,0.2189580129502226,0.00117949323260938,0.00014257610504069427,0.004134707046180134,0.02486008813345924,0.0023201020729349342,0.0003240366023652143,0.00010369171275686856,0.02975952156122128,0.07027705832096767,0.0,0.0,0.005767851522100815,0.008373105805117137,0.06255202572058097,0.0009461868789064257,0.0,0.0,0.00020738342551373712,0.0,0.0,0.0,0.0,0.0,0.0,0.0,0.0024886011061648456,0.0,0.00517162417374882,0.012300429425783535,0.02114014793830658,0.04321352129142497,0.0,7.776878456765142e-05,0.0,0.0,0.0,0.0,0.0449114730878187,0.017290593102207832
2024930_WZY_DM_assembly_Plate2A8,2024930_WZY_DM_assembly_Plate2,,,A8,Plate2_A8,N_acetylglutamic_acid,cycle 5,,0.5745,48 h,,"growth curve data NA, so 48 h label rather than 0: 0.05:48 was used",Ho lab/7_Shared data/16s rRNA/Raw reads/2024930_DM_assembly/Plate2,,0.05724244816175355,0.0006540499104405113,0.0001046479856704818,0.003296411548620177,0.0013429824827711832,0.0010290385257597377,0.0004273126081544674,0.0,0.002450506997783782,0.039705189896475306,0.0,0.0,0.0034533835271258993,0.011127569142961232,0.30688893864416045,3.48826618901606e-05,0.0,0.0,0.0,0.0,0.0,0.0,0.0,0.0,0.0,0.0,0.0016133231124199278,0.0,0.029327597984152527,0.006854443061416558,0.012932746895777043,0.019089536719390388,0.0,8.72066547254015e-06,0.0,0.0,0.006305041136646529,0.0,0.017109945657123773,0.053501282674033826
2024930_WZY_DM_assembly_Plate2A9,2024930_WZY_DM_assembly_Plate2,,,A9,Plate2_A9,N_acetylglutamic_acid,cycle 5,,0.5625,48 h,,"growth curve data NA, so 48 h label rather than 0: 0.05:48 was used",Ho lab/7_Shared data/16s rRNA/Raw reads/2024930_DM_assembly/Plate2,,0.029042937399678975,0.0016385767790262171,0.0006855270197966828,0.0001839218833600856,0.03885767790262172,0.0028591492776886035,0.0005183253076511504,0.0,0.05612961476725521,0.08669408774745853,0.0,0.0,0.0010199304440877473,0.014161985018726592,0.08584135901551632,0.00046816479400749064,0.0,0.0,5.016051364365972e-05,0.0,0.0,0.0,0.0,0.0,0.0,0.0,0.002541466024612092,0.0,5.016051364365972e-05,0.015365837346174424,0.009212814339218833,0.0549926431246656,0.0,0.00011704119850187266,0.0,0.0,0.0,0.0,0.005250133761369716,0.15681848582129482
2024930_WZY_DM_assembly_Plate2B10,2024930_WZY_DM_assembly_Plate2,,,B10,Plate2_B10,N_acetylgalactosamine,cycle 5,,0.5345,48 h,,"growth curve data NA, so 48 h label rather than 0: 0.05:48 was used",Ho lab/7_Shared data/16s rRNA/Raw reads/2024930_DM_assembly/Plate2,,0.29186149854419086,0.0005145698318775242,0.0,0.00018825725556494786,0.001932774490466798,0.0019453249741711279,0.0,0.0,0.001844921104536489,0.03195353151122382,0.0,0.0,0.0,0.0009161853104160796,0.04732787404902789,0.00011295435333896871,0.0,0.0,0.0002761106414952569,0.0,0.0,0.0,0.0,0.0005898727341035032,0.0,0.0,0.002221435615666385,0.0,0.0,0.015248837700760777,0.0,0.024084378228608996,0.0,1.2550483704329857e-05,0.0,0.0,0.0,0.0,0.028853562036254343,0.0846153611345919
2024930_WZY_DM_assembly_Plate2B11,2024930_WZY_DM_assembly_Plate2,,,B11,Plate2_B11,N_acetylgalactosamine,cycle 5,,0.4865,48 h,,"growth curve data NA, so 48 h label rather than 0: 0.05:48 was used",Ho lab/7_Shared data/16s rRNA/Raw reads/2024930_DM_assembly/Plate2,,0.10294822191803782,0.0010736514233036286,0.0,0.013196399139592703,0.012149928764980306,0.0008562030337737799,0.0,4.0771573036846666e-05,0.056047322401318544,0.006441908539821773,0.0,0.06338620554795095,0.0,0.005911878090342766,0.0262976646087661,5.4362097382462214e-05,0.0,0.0,0.0005028494007877755,0.0,0.0,0.0,0.0,0.0003261725842947733,0.0,0.0,0.01272073078749616,0.0,0.0,0.004240243595832053,0.0,0.05135859150208118,0.0,1.3590524345615554e-05,0.0,0.0,0.0,0.0,0.03201927535827025,0.09691402910858452
2024930_WZY_DM_assembly_Plate2B12,2024930_WZY_DM_assembly_Plate2,,,B12,Plate2_B12,N_acetylgalactosamine,cycle 5,,0.5855,48 h,,"growth curve data NA, so 48 h label rather than 0: 0.05:48 was used",Ho lab/7_Shared data/16s rRNA/Raw reads/2024930_DM_assembly/Plate2,,0.18651230249145576,8.70028233196295e-05,0.0,0.0038208739907870624,0.004835906929516073,0.0013412935261776214,0.0,0.0,0.01662478948932587,0.041587349546782906,0.0,0.0012107892911981774,0.0,0.0005292671751944128,0.27984458120758826,0.00015950517608598742,0.0,0.0,4.350141165981475e-05,0.0,0.0,0.0,0.0,5.0751646936450546e-05,0.0,0.0,0.00022475729357570955,0.0,0.0,0.009693564564862053,1.4500470553271585e-05,0.019329127247511024,0.0,7.250235276635792e-06,0.0,0.0,0.0004930159988112339,0.0,0.0140582062013968,0.005031663281985239
2024930_WZY_DM_assembly_Plate2B1,2024930_WZY_DM_assembly_Plate2,,,B1,Plate2_B1,Water,cycle 5,,0.2605,48 h,,"growth curve data NA, so 48 h label rather than 0: 0.05:48 was used",Ho lab/7_Shared data/16s rRNA/Raw reads/2024930_DM_assembly/Plate2,,0.02892739322533137,0.003107584683357879,0.0,0.0,0.003107584683357879,0.013005817378497792,0.0,0.0,0.010281885125184095,0.010857363770250369,0.0,0.0,0.0,0.0,0.0,0.0008440353460972018,0.0,0.0,0.00640699558173785,0.0,0.0,0.0,0.0,0.0,0.0,0.0,0.0,0.0,0.0,0.016688880706921944,0.0,0.028620471281296023,0.0,0.003030854197349043,0.0,0.0,0.0,0.0,0.03410670103092784,0.10151443298969072
2024930_WZY_DM_assembly_Plate2B2,2024930_WZY_DM_assembly_Plate2,,,B2,Plate2_B2,Water,cycle 5,,0.2725,48 h,,"growth curve data NA, so 48 h label rather than 0: 0.05:48 was used",Ho lab/7_Shared data/16s rRNA/Raw reads/2024930_DM_assembly/Plate2,,0.1706066252055921,0.00011204769736842106,0.0,0.0,0.013921926398026318,0.003109323601973684,0.0,0.0,0.0012745425575657896,0.010938656455592107,0.0,0.001974840666118421,0.0,0.0,0.0,7.002981085526316e-05,0.0,0.0,0.0016386975740131581,0.0,0.0,0.0,0.0,0.0,0.0,0.0,0.0,0.0,0.0,0.005868498149671053,0.0,0.012493318256578947,0.0,0.0005042146381578947,0.0,0.0,0.0,0.0,0.012815455386513158,0.037171823601973686
2024930_WZY_DM_assembly_Plate2B3,2024930_WZY_DM_assembly_Plate2,,,B3,Plate2_B3,Water,cycle 5,,0.1635,48 h,,"growth curve data NA, so 48 h label rather than 0: 0.05:48 was used",Ho lab/7_Shared data/16s rRNA/Raw reads/2024930_DM_assembly/Plate2,,0.03553824935638102,0.002886355277675616,0.0,0.0,0.029825671202648032,0.0029765538801029795,0.0,0.0,0.000360794409709452,0.023331371827877898,0.0,0.0,0.0,0.000270595807282089,0.0,0.000210463405663847,0.0,0.0,0.004539996322177271,0.0,0.0,0.0,0.0,0.0,0.0,0.0,0.0,0.0,0.0,0.01770899227657227,0.0,0.0,0.0,0.0074864840014711295,0.0,0.0,0.000180397204854726,0.0,0.0012627804339830821,0.03692129459360059
2024930_WZY_DM_assembly_Plate2B4,2024930_WZY_DM_assembly_Plate2,,,B4,Plate2_B4,Water,cycle 5,,0.1775,48 h,,"growth curve data NA, so 48 h label rather than 0: 0.05:48 was used",Ho lab/7_Shared data/16s rRNA/Raw reads/2024930_DM_assembly/Plate2,,0.014837994034302759,1.3236390753169276e-05,0.0,0.0,0.0016677852348993287,0.0022898956002982847,0.0,0.00010589112602535421,0.002210477255779269,0.020198732289336316,0.0,0.07331636838180462,0.0,0.0,2.6472781506338552e-05,0.0,0.0,0.0,0.00035738255033557046,0.0,0.0,0.0,0.0,0.0,0.0,0.0,0.0,0.0,0.0,0.03379250559284116,0.0,0.001628076062639821,0.0,0.0037326621923937362,0.0,0.0,0.0,0.0,0.01805443698732289,0.005268083519761372
2024930_WZY_DM_assembly_Plate2B5,2024930_WZY_DM_assembly_Plate2,,,B5,Plate2_B5,Water,cycle 5,,0.1775,48 h,,"growth curve data NA, so 48 h label rather than 0: 0.05:48 was used",Ho lab/7_Shared data/16s rRNA/Raw reads/2024930_DM_assembly/Plate2,,0.12824904638858126,8.736311061892457e-05,0.0,0.0,0.008670788728928264,0.0009609942168081702,0.0,0.0,0.0015725359911406421,0.012034268487756858,0.0,0.001987510766580534,0.0,0.0,0.0,0.0,0.0,0.0,0.0011357204380460194,0.0,0.0,0.0,0.0,0.0,0.0,0.0,0.0,0.0,0.0,0.006159099298634182,0.0,0.00013104466592838684,0.0,0.003385320536483327,0.0,0.0,0.0,0.0,4.368155530946228e-05,0.013082625815183954
2024930_WZY_DM_assembly_Plate2B6,2024930_WZY_DM_assembly_Plate2,,,B6,Plate2_B6,Water,cycle 5,,0.1835,48 h,,"growth curve data NA, so 48 h label rather than 0: 0.05:48 was used",Ho lab/7_Shared data/16s rRNA/Raw reads/2024930_DM_assembly/Plate2,,0.034195281258331114,0.00039136230338576375,0.0,0.0,0.03747294054918688,0.0007827246067715275,0.0,0.00019568115169288187,0.002250333244468142,0.02157384697414023,0.0,0.0,0.0,0.0,0.0,0.0,0.0,0.0,0.0005381231671554252,0.0,0.0,0.0,0.0,0.0,0.0,0.0,0.0,0.0,0.0001467608637696614,0.021084644094908025,0.0,0.0,0.0,0.006799920021327646,0.0,0.0,0.0,0.0,0.017317781924820048,0.04075059984004265
2024930_WZY_DM_assembly_Plate2B7,2024930_WZY_DM_assembly_Plate2,,,B7,Plate2_B7,N_acetylgalactosamine,cycle 5,,0.5515,48 h,,"growth curve data NA, so 48 h label rather than 0: 0.05:48 was used",Ho lab/7_Shared data/16s rRNA/Raw reads/2024930_DM_assembly/Plate2,,0.0027213608275424976,0.0,0.0,0.00019973290477376127,0.0003370492768057222,0.0016602797709318908,0.0,0.0,0.005342855202698114,0.0016103465447384504,0.0,0.0,0.0,0.0009362479911270061,0.4700963579981439,3.744991964508024e-05,0.0,0.0,0.00029959935716064194,0.0,0.0,0.0,0.0007240317798048847,0.0006990651667081645,0.0,0.0,0.0022594784852531745,0.0,0.0,0.007452534009370968,0.0,0.001073564363158967,0.0,0.0,0.0,0.0,0.0,0.0,0.0018974625953507322,0.054152583806786024
2024930_WZY_DM_assembly_Plate2B8,2024930_WZY_DM_assembly_Plate2,,,B8,Plate2_B8,N_acetylgalactosamine,cycle 5,,0.4855,48 h,,"growth curve data NA, so 48 h label rather than 0: 0.05:48 was used",Ho lab/7_Shared data/16s rRNA/Raw reads/2024930_DM_assembly/Plate2,,0.021821612194102794,0.0007409116508911215,0.0009790618243918391,0.0020992496775248445,0.0022315553294696873,0.00014994640553748888,0.0,1.7640753592645748e-05,0.01662641026106862,0.029953999600312482,0.0,0.0,0.0,0.0,0.3434478316952201,1.7640753592645748e-05,0.0,0.0,0.00014112602874116599,0.0,0.0,0.0,0.0,0.0006350671293352471,0.0,0.0,0.0020992496775248445,0.0,0.0,0.006385952800537761,0.0,0.027810648038806025,0.0,0.000211689043111749,4.410188398161437e-05,0.0,0.0,0.0,0.023329896626274004,0.006756408625983322
2024930_WZY_DM_assembly_Plate2B9,2024930_WZY_DM_assembly_Plate2,,,B9,Plate2_B9,N_acetylgalactosamine,cycle 5,,0.3785,48 h,,"growth curve data NA, so 48 h label rather than 0: 0.05:48 was used",Ho lab/7_Shared data/16s rRNA/Raw reads/2024930_DM_assembly/Plate2,,0.005778804549388058,0.002035449375695389,0.0011931944616145383,0.033830572382247494,0.04185539003585116,0.011393837309927062,0.00035093954753368775,7.018790950673755e-05,0.04026446408703177,0.03778449128446038,0.0,0.0,0.0,0.003836939053034986,0.07367390901223884,0.0004913153665471628,0.0,0.0,7.018790950673755e-05,0.0,0.0,0.0,0.00016377178884905428,0.0,0.0,0.0,0.012704011620719496,0.0,0.0,0.057249938187662254,9.358387934231674e-05,0.004468630238595624,0.0,0.0013569662504635926,0.0,0.0,0.0,0.0,0.03876712201755471,0.011066293732228952
2024930_WZY_DM_assembly_Plate2C10,2024930_WZY_DM_assembly_Plate2,,,C10,Plate2_C10,Urea,cycle 5,,0.1715,48 h,,"growth curve data NA, so 48 h label rather than 0: 0.05:48 was used",Ho lab/7_Shared data/16s rRNA/Raw reads/2024930_DM_assembly/Plate2,,0.1301394640682095,0.0004874137231019083,0.0,0.0,0.008595502323273335,0.0009903008977308612,0.0,0.0,0.0010135110750214284,0.00660716380204809,0.0,0.0,0.0,6.189380610817882e-05,0.0,2.321017729056706e-05,0.0,0.0,0.0010135110750214284,0.0,0.0,0.0,0.0,0.0,0.0,0.0,0.0,0.0,0.0,0.004912820859836695,0.0,0.0,0.0,0.00013926106374340236,0.0,0.0,0.0,0.0,0.004819980150674426,0.012695966977940183
2024930_WZY_DM_assembly_Plate2C11,2024930_WZY_DM_assembly_Plate2,,,C11,Plate2_C11,Urea,cycle 5,,0.1625,48 h,,"growth curve data NA, so 48 h label rather than 0: 0.05:48 was used",Ho lab/7_Shared data/16s rRNA/Raw reads/2024930_DM_assembly/Plate2,,0.007368178087812885,0.002600533442757489,0.0,0.0,0.05264413212966763,0.004634283955683217,0.0,0.0,0.006401313089864588,0.02290469839967173,0.0,0.0010668855149774312,0.0,0.0,0.0,0.00030006155108740256,0.0,0.0,0.005834530160032828,0.0,0.0,0.0,0.0,0.0,0.0,0.0,0.0,0.0,0.0,0.02290469839967173,0.0,0.0,0.0,0.00550112843660238,0.0,0.0,0.0,0.0,0.023204759950759133,0.007134796881411572
2024930_WZY_DM_assembly_Plate2C12,2024930_WZY_DM_assembly_Plate2,,,C12,Plate2_C12,Urea,cycle 5,,0.1295,48 h,,"growth curve data NA, so 48 h label rather than 0: 0.05:48 was used",Ho lab/7_Shared data/16s rRNA/Raw reads/2024930_DM_assembly/Plate2,,0.026925325379609545,0.0001123644251626898,0.0,0.0,0.017233893709327548,0.002486062906724512,0.0,5.61822125813449e-05,0.002373698481561822,0.01842776572668113,0.0,0.045563774403470717,0.0,0.0,0.0,0.0,0.0,0.0,0.0011517353579175707,0.0,0.0,0.0,0.0006320498915401302,0.0,0.0,0.0,0.0,0.0,0.0,0.0002247288503253796,0.0,0.0,0.0,0.0021489696312364426,0.0,0.0,0.0,0.0,0.009452657266811281,0.0027107917570498917
2024930_WZY_DM_assembly_Plate2C1,2024930_WZY_DM_assembly_Plate2,,,C1,Plate2_C1,Butyrate,cycle 5,,0.2865,48 h,,"growth curve data NA, so 48 h label rather than 0: 0.05:48 was used",Ho lab/7_Shared data/16s rRNA/Raw reads/2024930_DM_assembly/Plate2,,0.21180902806218566,0.0018585914846911192,0.0,0.00013610897236374358,0.0010231639991481415,0.0030413315204036494,0.0,0.0,0.0017177890994872465,0.024743672493160555,0.0,0.0005303556509345871,0.0,0.0,4.693412840129089e-06,0.00018304310076503448,0.0,1.4080238520387266e-05,0.000680544861818718,0.0,0.0,0.0,0.0,0.0,0.0,0.0,0.00011733532100322723,0.0,1.4080238520387266e-05,0.008640573038677653,0.0,0.0009339891551856887,0.0,0.0018257375948102156,0.0,0.0,2.3467064200645445e-05,0.0,0.0072888701407204754,0.021913544550562714
2024930_WZY_DM_assembly_Plate2C2,2024930_WZY_DM_assembly_Plate2,,,C2,Plate2_C2,Butyrate,cycle 5,,0.2135,48 h,,"growth curve data NA, so 48 h label rather than 0: 0.05:48 was used",Ho lab/7_Shared data/16s rRNA/Raw reads/2024930_DM_assembly/Plate2,,0.06439389261744966,0.00031523489932885906,0.0,0.0,0.02395785234899329,0.0076229530201342285,0.0,5.731543624161073e-05,0.0007164429530201342,0.022553624161073826,0.0,0.0,0.0,0.0,0.0,0.00011463087248322146,0.0,0.0,0.0016621476510067113,0.0,0.0,0.0,0.0,0.0,0.0,0.0,0.0,0.0,0.0,0.0035248993288590604,0.0,0.02344201342281879,0.0,0.0007164429530201342,0.0,0.0,0.0,0.0,0.017022684563758387,0.04739986577181208
2024930_WZY_DM_assembly_Plate2C3,2024930_WZY_DM_assembly_Plate2,,,C3,Plate2_C3,Butyrate,cycle 5,,0.2735,48 h,,"growth curve data NA, so 48 h label rather than 0: 0.05:48 was used",Ho lab/7_Shared data/16s rRNA/Raw reads/2024930_DM_assembly/Plate2,,0.12367887087758525,0.007491056456120739,0.0,0.0,0.004229644121483138,0.009376560462083102,0.0,0.0004586361095584126,0.005962269424259363,0.014166759828582077,0.0,0.0,0.0,0.0,0.0,0.00020383827091485,0.0,0.0,0.0006115148127445501,0.0,0.0,0.0,0.0,0.0,0.0,0.0,0.0,0.0,0.0,0.006828582075647476,0.0,0.047443357555431345,0.0,0.006369945966089063,0.0,0.0,0.0,0.0,0.03322563815912055,0.0134533258803801
2024930_WZY_DM_assembly_Plate2C4,2024930_WZY_DM_assembly_Plate2,,,C4,Plate2_C4,Butyrate,cycle 5,,0.2265,48 h,,"growth curve data NA, so 48 h label rather than 0: 0.05:48 was used",Ho lab/7_Shared data/16s rRNA/Raw reads/2024930_DM_assembly/Plate2,,0.042511778115501525,0.00024095744680851066,0.0,0.0,0.002822644376899696,0.00829582066869301,0.0,0.0005507598784194529,0.004922416413373861,0.0056108662613981765,0.0,0.00020653495440729484,0.0,0.0,0.0,0.0,0.0,0.0,0.0005507598784194529,0.0,0.0,0.0,0.0,0.0,0.0,0.0,0.0,0.0,0.0,0.09738123100303953,0.0,0.024990729483282674,0.0,0.006092781155015198,0.0,0.0,6.884498480243161e-05,0.0,0.023579407294832825,0.008674468085106383
2024930_WZY_DM_assembly_Plate2C5,2024930_WZY_DM_assembly_Plate2,,,C5,Plate2_C5,Butyrate,cycle 5,,0.3495,48 h,,"growth curve data NA, so 48 h label rather than 0: 0.05:48 was used",Ho lab/7_Shared data/16s rRNA/Raw reads/2024930_DM_assembly/Plate2,,0.18027037102473498,1.234982332155477e-05,0.0,1.234982332155477e-05,0.012053427561837455,0.0031368551236749115,0.0,0.00011114840989399293,0.0017536749116607772,0.08884462897526502,0.0,0.00186482332155477,0.0,0.0,0.0,0.0003581448763250883,0.0,0.0,0.0018154240282685513,0.0,0.0,0.0,0.0,0.0,0.0,0.0,0.0,0.0,0.0,0.03155379858657244,0.0,0.0095834628975265,0.0,0.006323109540636042,0.0,0.0,0.0,0.0,0.011423586572438162,0.00038284452296819785
2024930_WZY_DM_assembly_Plate2C6,2024930_WZY_DM_assembly_Plate2,,,C6,Plate2_C6,Butyrate,cycle 5,,0.2605,48 h,,"growth curve data NA, so 48 h label rather than 0: 0.05:48 was used",Ho lab/7_Shared data/16s rRNA/Raw reads/2024930_DM_assembly/Plate2,,0.13867997026436835,0.0008351298610788459,0.0,0.0,0.0001452399758397993,0.005313362449472657,0.0,7.261998791989964e-05,0.0014766064210379596,0.03192858802211588,0.0,0.0,0.0,0.0,0.0,0.00010892998187984947,0.0,0.0,0.0017307763787576082,0.0,0.0,0.0,0.0,0.0,0.0,0.0,0.0,0.0,0.0,0.05186277470612833,0.0,0.019268503461413372,0.0,0.0004236165961994146,0.0,0.0,4.8413325279933094e-05,0.0,0.008314988616828509,0.0002904799516795986
2024930_WZY_DM_assembly_Plate2C7,2024930_WZY_DM_assembly_Plate2,,,C7,Plate2_C7,Urea,cycle 5,,0.2715,48 h,,"growth curve data NA, so 48 h label rather than 0: 0.05:48 was used",Ho lab/7_Shared data/16s rRNA/Raw reads/2024930_DM_assembly/Plate2,,0.05615269587194609,0.0022110362257792755,0.0,0.0,0.037473251895534965,0.0027828559393428816,0.0,0.00015248525695029486,0.0062900168491996635,0.0056800758213984845,0.0,0.0,0.0,0.0,0.0,0.0,0.0,0.0,0.0008767902274641955,0.0,0.0,0.0,0.0,0.0,0.0,0.0,0.0,0.0,0.0,0.04887152485256951,0.0,0.01273251895534962,0.0,0.010025905644481888,0.0,0.0,0.0,0.0,0.0028972198820556025,0.08535362257792754
2024930_WZY_DM_assembly_Plate2C8,2024930_WZY_DM_assembly_Plate2,,,C8,Plate2_C8,Urea,cycle 5,,0.1725,48 h,,"growth curve data NA, so 48 h label rather than 0: 0.05:48 was used",Ho lab/7_Shared data/16s rRNA/Raw reads/2024930_DM_assembly/Plate2,,0.13290438676037178,0.00047905803672636585,0.0,0.0,0.011272528905010201,0.000127097030151893,0.0,0.0,0.0015936012242121966,0.0071858705508954885,0.0,0.0,0.0,0.0,0.0,7.821355701654953e-05,0.0,0.0,0.00013687372477896168,0.0,0.0,0.0,0.0,0.0,0.0,0.0,0.0,0.0,0.0,0.00956160734527318,0.0,0.0,0.0,0.0011927567445023804,0.0,0.0,0.0,0.0,0.0058073566084788026,0.0021606495125821804
2024930_WZY_DM_assembly_Plate2C9,2024930_WZY_DM_assembly_Plate2,,,C9,Plate2_C9,Urea,cycle 5,,0.2215,48 h,,"growth curve data NA, so 48 h label rather than 0: 0.05:48 was used",Ho lab/7_Shared data/16s rRNA/Raw reads/2024930_DM_assembly/Plate2,,0.1430846660995321,0.0006029774564015312,0.0,6.595065929391748e-05,0.011465993194385368,0.0012530625265844322,0.0,0.0,0.0013001701403658017,0.0053985325393449595,0.0,0.026531008081667376,0.0,0.0,0.0,0.00010363675031901319,0.0,0.0,0.0005841344108889835,0.0,0.0,0.0,0.0,0.0,0.0,0.0,0.0,0.0,0.0,0.007932922160782646,0.0,2.826456826882178e-05,0.0,0.0020162058698426203,0.0,0.0,0.0,0.0,0.005153572947681838,0.015978902594640576
2024930_WZY_DM_assembly_Plate2D10,2024930_WZY_DM_assembly_Plate2,,,D10,Plate2_D10,Glutamate,cycle 5,,0.4235,48 h,,"growth curve data NA, so 48 h label rather than 0: 0.05:48 was used",Ho lab/7_Shared data/16s rRNA/Raw reads/2024930_DM_assembly/Plate2,,0.24523460070463887,0.001106620669406929,0.0,4.973576042278332e-05,0.01923530534351145,0.006502950675278919,0.0,6.216970052847915e-05,0.002810070463887258,0.02128690546095126,0.0,0.0,0.0,9.947152084556664e-05,0.0,0.00013677334116265412,0.0,0.0,0.0032701262477980034,0.0,0.0,0.0,0.0,0.0,0.0,0.0,0.0,0.0,0.0,0.06762820023487962,0.0,0.008193966529653552,0.0,0.005184953024075162,0.0,0.0,6.216970052847915e-05,0.0,0.04042273928361714,0.002213241338813858
2024930_WZY_DM_assembly_Plate2D11,2024930_WZY_DM_assembly_Plate2,,,D11,Plate2_D11,Glutamate,cycle 5,,0.2505,48 h,,"growth curve data NA, so 48 h label rather than 0: 0.05:48 was used",Ho lab/7_Shared data/16s rRNA/Raw reads/2024930_DM_assembly/Plate2,,0.04951381628080657,0.0014030993278566094,0.0,0.00021825989544436148,0.029496265870052277,0.00012471994025392083,0.0,0.0,0.005051157580283794,0.001777259148618372,0.0,6.235997012696042e-05,0.0,0.0,0.0,0.0,0.0,0.0,0.0027126587005227784,0.0,0.0,0.0,0.0,0.0,0.0,0.0,0.0,0.0,0.0,0.01961221060492905,0.0,0.00024943988050784167,0.0,0.009166915608663182,0.0,0.0,0.0,0.0,0.030369305451829722,0.10074253174010456
2024930_WZY_DM_assembly_Plate2D12,2024930_WZY_DM_assembly_Plate2,,,D12,Plate2_D12,Glutamate,cycle 5,,0.1905,48 h,,"growth curve data NA, so 48 h label rather than 0: 0.05:48 was used",Ho lab/7_Shared data/16s rRNA/Raw reads/2024930_DM_assembly/Plate2,,0.03465628294833701,0.0009677465733729512,0.0,0.000511262340649861,0.017839403814818366,0.005788220070928784,0.0,0.0,0.000328668647560625,0.013658008243074858,0.0,0.0029945365666634717,0.0,0.0,0.0,0.0,0.0,0.0,0.000328668647560625,0.0,0.0,0.0,0.0,0.0,0.0,0.0,0.0,0.0,0.0,0.012215518067669894,0.0,0.0,0.0,0.007869788172146074,0.0,0.0,0.0,0.0,0.02333547397680437,0.0700064219304131
2024930_WZY_DM_assembly_Plate2D1,2024930_WZY_DM_assembly_Plate2,,,D1,Plate2_D1,Succinate,cycle 5,,0.2235,48 h,,"growth curve data NA, so 48 h label rather than 0: 0.05:48 was used",Ho lab/7_Shared data/16s rRNA/Raw reads/2024930_DM_assembly/Plate2,,0.06256636646141452,0.00020578926166772173,0.0,0.0,0.0035755884214766645,0.0008038643033895379,0.0,0.0,0.0005466277263048859,0.005684928353570812,0.0,0.0,0.0,3.215457213558152e-05,0.0,4.501640098981412e-05,0.0,0.0,0.0,0.0,0.0,0.0,0.0,0.0,0.0,0.0,0.0,0.0,0.0,0.006231556079875697,0.0,0.00046302583875237386,0.0,0.00029582206364735,0.0,0.0,0.0,0.0,0.036437561144040974,0.10661169937273407
2024930_WZY_DM_assembly_Plate2D2,2024930_WZY_DM_assembly_Plate2,,,D2,Plate2_D2,Succinate,cycle 5,,0.2285,48 h,,"growth curve data NA, so 48 h label rather than 0: 0.05:48 was used",Ho lab/7_Shared data/16s rRNA/Raw reads/2024930_DM_assembly/Plate2,,0.03930845018788379,0.001109934928054257,0.0,0.0,0.01371712033727431,0.004460681880670883,0.0,0.00012565301072312346,0.0031622674365319402,0.013214508294381817,0.0,4.188433690770782e-05,0.0,0.0,0.0,0.00010471084226926955,0.0,0.0,6.282650536156173e-05,0.0,0.0,0.0,0.0,0.0,0.0,0.0,0.0,0.0,0.0,0.00023036385299239298,0.0,0.00043978553753093214,0.0,0.0065339565576024205,0.0,0.0,0.0,0.0,0.11275263495554945,0.033235221336266156
2024930_WZY_DM_assembly_Plate2D3,2024930_WZY_DM_assembly_Plate2,,,D3,Plate2_D3,Succinate,cycle 5,,0.2515,48 h,,"growth curve data NA, so 48 h label rather than 0: 0.05:48 was used",Ho lab/7_Shared data/16s rRNA/Raw reads/2024930_DM_assembly/Plate2,,0.0648084463542366,0.0018236873908956627,0.0,0.0,0.026477239156707397,0.0012495635826507317,0.0,0.0,0.004491674499798577,0.0,0.0,0.0,0.0,0.0,0.0,0.00016885994360145025,0.0,0.0,0.0,0.0,0.0,0.0,0.0,0.0,0.0,0.0,0.0,0.0,0.0,0.03289391701356251,0.0,0.0029381630186652344,0.0,0.0025328991540217536,0.0,0.0,0.0,0.0,0.02502504364173493,0.08909050624412515
2024930_WZY_DM_assembly_Plate2D4,2024930_WZY_DM_assembly_Plate2,,,D4,Plate2_D4,Succinate,cycle 5,,0.2165,48 h,,"growth curve data NA, so 48 h label rather than 0: 0.05:48 was used",Ho lab/7_Shared data/16s rRNA/Raw reads/2024930_DM_assembly/Plate2,,0.08860632298136646,0.00011833540372670807,0.0,0.0,0.0006078136645962733,0.0001882608695652174,0.0,8.06832298136646e-05,0.0006831180124223603,0.007525055900621118,0.0,0.019557614906832298,0.0,0.0,0.0,0.0,0.0,0.0,0.00010219875776397514,0.0,0.0,0.0,0.0,0.0,0.0,0.0,0.0,0.0,0.0,0.004975465838509317,0.0,0.0050184968944099375,0.0,0.00030659627329192546,0.0,0.0,0.0,0.0,0.0030067950310559005,0.08572324223602484
2024930_WZY_DM_assembly_Plate2D5,2024930_WZY_DM_assembly_Plate2,,,D5,Plate2_D5,Succinate,cycle 5,,0.3325,48 h,,"growth curve data NA, so 48 h label rather than 0: 0.05:48 was used",Ho lab/7_Shared data/16s rRNA/Raw reads/2024930_DM_assembly/Plate2,,0.04640496460684906,0.0001590300363497226,0.0,0.0,0.019656112492825714,0.006901903577577961,0.0,0.0,0.0027353166252152288,0.0,0.0,0.008396785919265353,0.0,6.361201453988904e-05,0.0,0.0,0.0,0.0,0.0,0.0,0.0,0.0,0.0,0.0,0.0,0.0,0.0,0.0,0.0,0.017843170078438875,0.0,0.01956069447101588,0.0,0.026494404055863785,0.0,0.0,0.0,0.0,0.13892863975511768,0.04535536636694089
2024930_WZY_DM_assembly_Plate2D6,2024930_WZY_DM_assembly_Plate2,,,D6,Plate2_D6,Succinate,cycle 5,,0.2535,48 h,,"growth curve data NA, so 48 h label rather than 0: 0.05:48 was used",Ho lab/7_Shared data/16s rRNA/Raw reads/2024930_DM_assembly/Plate2,,0.02048280949927397,0.0004037191437538058,0.0,0.0,0.007421307789592019,0.00032060049651037517,0.0,4.7496369853388916e-05,0.000154363202023514,0.006459506300060893,0.0,3.562227739004169e-05,0.0,0.0,0.0,5.9370462316736146e-05,0.0,0.0,0.0,0.0,0.0,0.0,0.0,0.0,0.0,0.0,0.0,0.0,0.0,0.0009143051196777367,0.0,0.001401142910674973,0.0,0.0011280387840179866,0.0,0.0,0.0,0.0,0.054585203054007214,0.16008651459084736
2024930_WZY_DM_assembly_Plate2D7,2024930_WZY_DM_assembly_Plate2,,,D7,Plate2_D7,Glutamate,cycle 5,,0.2965,48 h,,"growth curve data NA, so 48 h label rather than 0: 0.05:48 was used",Ho lab/7_Shared data/16s rRNA/Raw reads/2024930_DM_assembly/Plate2,,0.20162346834332504,0.00045088463225617783,0.0,0.0,0.014948559730954818,0.00022544231612808892,0.0,0.0,0.0002167714578154701,0.006060929960520544,0.0,0.0,0.0,0.0,0.0,0.00011272115806404446,0.0,0.0,0.0048470097967539105,0.0,0.0,0.0,0.0,0.0,0.0,0.0,0.00012139201637666324,0.0,0.0,0.050802558853633564,0.0,1.7341716625237608e-05,0.0,0.0010665155724521127,0.0,0.0,1.7341716625237608e-05,0.0,0.012104518204415849,0.0038845445240532238
2024930_WZY_DM_assembly_Plate2D8,2024930_WZY_DM_assembly_Plate2,,,D8,Plate2_D8,Glutamate,cycle 5,,0.3835,48 h,,"growth curve data NA, so 48 h label rather than 0: 0.05:48 was used",Ho lab/7_Shared data/16s rRNA/Raw reads/2024930_DM_assembly/Plate2,,0.021781487642585553,0.00012151457541191381,0.0,0.0,0.023649774239543727,0.004784636406844107,0.0,3.0378643852978453e-05,0.0003493544043092522,0.024059885931558934,0.0,4.556796577946768e-05,0.0,0.0,4.556796577946768e-05,0.00018227186311787073,0.0,0.0,0.006546597750316857,0.0,0.0,0.0,0.0,0.0,0.0,0.0,4.556796577946768e-05,0.0,0.0,0.12879026061470214,0.0,0.0,0.0,0.007959204689480354,0.0,0.0,0.0,0.0,0.0386416349809886,0.1264662943599493
2024930_WZY_DM_assembly_Plate2D9,2024930_WZY_DM_assembly_Plate2,,,D9,Plate2_D9,Glutamate,cycle 5,,0.5655,48 h,,"growth curve data NA, so 48 h label rather than 0: 0.05:48 was used",Ho lab/7_Shared data/16s rRNA/Raw reads/2024930_DM_assembly/Plate2,,0.3907552663573431,0.000659467037193261,0.0,0.0,0.0110565962831551,0.00039287397960449595,0.0,4.209364067191028e-05,0.0013329652879438257,0.002637868148773044,0.0,0.0,0.0,0.0,0.0,0.0,0.0,0.0,0.0005051236880629234,0.0,0.0,0.0,0.0,0.0,0.0,0.0,7.015606778651713e-05,0.0,0.0,0.0,0.0,0.002750117857231472,0.0,0.002637868148773044,0.0,0.0,4.209364067191028e-05,0.0,0.03827715058432375,0.11434035927846563
2024930_WZY_DM_assembly_Plate2E10,2024930_WZY_DM_assembly_Plate2,,,E10,Plate2_E10,Acid_mix,cycle 5,,0.3025,48 h,,"growth curve data NA, so 48 h label rather than 0: 0.05:48 was used",Ho lab/7_Shared data/16s rRNA/Raw reads/2024930_DM_assembly/Plate2,,0.06485532072979444,0.00015816340570736675,0.0,0.0005410853353146757,0.004620036324609923,0.0019312584275846885,0.0,2.49731693222158e-05,0.0004578414375739563,0.048547841162387514,0.0,0.15381807424530117,0.0,4.1621948870359665e-05,0.0,0.00013319023638515095,0.0,0.0,2.49731693222158e-05,0.0,0.0,0.0,0.0,0.0,0.0,0.0,0.0,0.0,3.3297559096287736e-05,0.0,0.0,0.006967514240898208,0.0,0.014351247970500013,0.0,0.0,3.3297559096287736e-05,0.0,0.001356875533173725,0.004603387545061779
2024930_WZY_DM_assembly_Plate2E11,2024930_WZY_DM_assembly_Plate2,,,E11,Plate2_E11,Acid_mix,cycle 5,,0.1445,48 h,,"growth curve data NA, so 48 h label rather than 0: 0.05:48 was used",Ho lab/7_Shared data/16s rRNA/Raw reads/2024930_DM_assembly/Plate2,,0.01813562753036437,0.0012108558516147254,0.0,0.0013196968270407683,0.009496375105922229,2.7210243856510684e-05,0.0,5.442048771302137e-05,0.0013196968270407683,0.002503342434798983,0.0,0.015387392900856792,0.0,0.0002584973166368515,0.0,0.0,0.0,0.0,0.0,0.0,0.0,0.0,0.0,0.0,0.0,0.0,0.0,0.0,0.0,0.001265276339327747,0.0,0.00010884097542604273,0.0,0.0007346765841257884,0.0,0.0,0.0,0.0,0.0029387063365031536,0.08973938423877223
2024930_WZY_DM_assembly_Plate2E12,2024930_WZY_DM_assembly_Plate2,,,E12,Plate2_E12,Acid_mix,cycle 5,,0.1185,48 h,,"growth curve data NA, so 48 h label rather than 0: 0.05:48 was used",Ho lab/7_Shared data/16s rRNA/Raw reads/2024930_DM_assembly/Plate2,,0.0011575280020838762,0.00021607189372232352,0.0,0.001975514456889815,0.011174003646783014,0.005633302943474863,0.0,7.71685334722584e-05,0.0014353347225840062,0.036747655639489445,0.0,0.0,0.0,7.71685334722584e-05,0.0,0.0004012763740557436,0.0,0.0,0.0,9.260224016671008e-05,0.0,0.0,0.0,0.0,0.0,0.0,0.0,0.0,0.0,0.007593383693670227,0.0,0.0014353347225840062,0.0,0.002268754884084397,0.0,0.0,0.0,0.0,0.04807599635321698,0.0001389033602500651
2024930_WZY_DM_assembly_Plate2E1,2024930_WZY_DM_assembly_Plate2,,,E1,Plate2_E1,Pyruvate,cycle 5,,0.1505,48 h,,"growth curve data NA, so 48 h label rather than 0: 0.05:48 was used",Ho lab/7_Shared data/16s rRNA/Raw reads/2024930_DM_assembly/Plate2,,7.040606287425149e-05,0.0007463042664670659,0.0,0.0,0.017714165419161675,0.012180248877245508,0.002492374625748503,0.0,0.002562780688622754,0.05981699101796407,0.0,0.0,5.63248502994012e-05,0.0010701721556886227,0.0005069236526946108,0.0,0.0,0.0,5.63248502994012e-05,0.0,0.0,0.0,0.0,0.0,0.0,0.0,0.0,0.0,0.0,0.006913875374251497,0.0,0.0006899794161676646,0.0,0.0007463042664670659,0.0,0.0,0.0,0.0,0.02724714633233533,0.017629678143712576
2024930_WZY_DM_assembly_Plate2E2,2024930_WZY_DM_assembly_Plate2,low growth,,E2,Plate2_E2,Pyruvate,cycle 5,,-0.0185,48 h,,"growth curve data NA, so 48 h label rather than 0: 0.05:48 was used",Ho lab/7_Shared data/16s rRNA/Raw reads/2024930_DM_assembly/Plate2,,-0.004269230769230769,-0.0,-0.0,-0.0,-0.0,-0.0,-0.0,-0.0,-0.0,-0.005692307692307693,-0.0,-0.0,-0.004269230769230769,-0.0,-0.0,-0.0,-0.0,-0.0,-0.0,-0.0,-0.0,-0.0,-0.0,-0.0,-0.0,-0.0,-0.0,-0.0,-0.0,-0.0,-0.0,-0.0,-0.0,-0.0,-0.0,-0.0,-0.0,-0.0,-0.0,-0.004269230769230769
2024930_WZY_DM_assembly_Plate2E3,2024930_WZY_DM_assembly_Plate2,low growth,,E3,Plate2_E3,Pyruvate,cycle 5,,-0.0085,48 h,,"growth curve data NA, so 48 h label rather than 0: 0.05:48 was used",Ho lab/7_Shared data/16s rRNA/Raw reads/2024930_DM_assembly/Plate2,,-0.0027053563281321294,-7.058125741399762e-05,-0.0,-0.0,-0.0,-0.0,-0.0,-3.878091066703167e-06,-1.39611278401314e-05,-0.0,-0.0,-0.0,-0.0,-0.0,-0.0,-0.0,-0.0,-0.0,-0.0,-0.0,-0.0,-0.0,-0.0,-0.0,-0.0,-0.0,-0.0,-0.0,-0.0,-0.0,-0.0,-4.731271101377863e-05,-0.0,-0.0,-0.0,-0.0,-0.0,-0.0,-0.0014403230221735563,-0.0042185874623597045
2024930_WZY_DM_assembly_Plate2E4,2024930_WZY_DM_assembly_Plate2,,,E4,Plate2_E4,Pyruvate,cycle 5,,0.0595,48 h,,"growth curve data NA, so 48 h label rather than 0: 0.05:48 was used",Ho lab/7_Shared data/16s rRNA/Raw reads/2024930_DM_assembly/Plate2,,3.23516085183507e-05,4.852741277752605e-05,0.0,0.0,0.007484005437245128,0.00021028545536927955,0.00010244676030811055,2.695967376529225e-05,0.00024263706388763024,0.0010298595378341639,0.0,1.0783869506116901e-05,0.0,0.0001833257816039873,0.0,0.0,0.0,0.0,0.0002588128681468056,0.0,0.0,0.0,0.0,0.0,0.0,0.0,0.0,0.0,0.0,0.0,0.0,0.0009489805165382872,0.0,0.00012401449932034433,0.0,0.0,1.617580425917535e-05,0.0,0.04470992297236067,0.004070910738559129
2024930_WZY_DM_assembly_Plate2E5,2024930_WZY_DM_assembly_Plate2,,,E5,Plate2_E5,Pyruvate,cycle 5,,0.2005,48 h,,"growth curve data NA, so 48 h label rather than 0: 0.05:48 was used",Ho lab/7_Shared data/16s rRNA/Raw reads/2024930_DM_assembly/Plate2,,4.875379939209727e-05,0.0005362917933130699,0.0,0.0,0.008446595744680851,0.0009385106382978725,0.0024011246200607906,3.6565349544072946e-05,0.0005972340425531915,2.4376899696048634e-05,0.0,0.0,0.0,0.00015844984802431612,0.0,0.0,0.0,0.0,0.0014748024316109424,0.0,0.0,0.0,0.0,0.0,0.0,0.0,0.0,0.0,3.6565349544072946e-05,0.0,0.0,0.004217203647416413,0.0,0.00014626139817629178,0.0,0.0,0.0,0.0,0.11355978723404256,0.06787747720364742
2024930_WZY_DM_assembly_Plate2E6,2024930_WZY_DM_assembly_Plate2,,,E6,Plate2_E6,Pyruvate,cycle 5,,0.1365,48 h,,"growth curve data NA, so 48 h label rather than 0: 0.05:48 was used",Ho lab/7_Shared data/16s rRNA/Raw reads/2024930_DM_assembly/Plate2,,5.995607613469986e-05,0.0,0.0,0.0,0.009353147877013178,0.00286789897510981,0.005965629575402636,9.992679355783309e-06,0.0001898609077598829,0.0,0.0,0.0,0.0,0.00013989751098096635,0.0,0.0,0.0,0.0,0.0002198389458272328,0.0,0.0,0.0,1.9985358711566618e-05,0.0,0.0,0.0,0.0,0.0,2.997803806734993e-05,0.0,0.0,0.00016987554904831625,0.0,0.0001099194729136164,0.0,0.0,0.0,0.0,0.06549202049780381,0.05187199853587116
2024930_WZY_DM_assembly_Plate2E7,2024930_WZY_DM_assembly_Plate2,,,E7,Plate2_E7,Acid_mix,cycle 5,,0.3265,48 h,,"growth curve data NA, so 48 h label rather than 0: 0.05:48 was used",Ho lab/7_Shared data/16s rRNA/Raw reads/2024930_DM_assembly/Plate2,,0.02706244414655943,0.0005835567470956211,0.0,0.0,0.013494749776586237,0.004741398570151921,0.0,0.0,0.0010941689008042896,0.005470844504021449,0.0,0.11948324396782843,0.0,0.0013130026809651475,0.0,0.0,0.0,0.0,0.0,0.0,0.0,0.0,0.0,0.0,0.0,0.0,0.0,0.0,0.0,0.005689678284182306,0.0,0.004449620196604111,0.0,0.005470844504021449,0.0,0.0,0.00014588918677390527,0.0,0.04296436550491511,0.09453619302949062
2024930_WZY_DM_assembly_Plate2E8,2024930_WZY_DM_assembly_Plate2,,,E8,Plate2_E8,Acid_mix,cycle 5,,0.2605,48 h,,"growth curve data NA, so 48 h label rather than 0: 0.05:48 was used",Ho lab/7_Shared data/16s rRNA/Raw reads/2024930_DM_assembly/Plate2,,0.05846460616166429,0.00024821343496903285,0.0,0.0,0.013641396696839765,0.008149674448149912,0.0,0.00014479117039860253,0.0012203827219310784,0.05064588296013975,0.0,0.05121470541527712,0.0,0.0008066936636493569,0.0,0.0001137644910274734,0.0,0.0,0.0,0.0,0.0,0.0,0.0,0.0,0.0,0.0,0.0,0.0,5.1711132285215185e-05,0.018336767508337307,0.0,0.00977340400190567,0.0,0.009121843735111958,0.0,0.0,8.27378116563443e-05,0.0,0.030230327933936797,0.008253096712720344
2024930_WZY_DM_assembly_Plate2E9,2024930_WZY_DM_assembly_Plate2,,,E9,Plate2_E9,Acid_mix,cycle 5,,0.1185,48 h,,"growth curve data NA, so 48 h label rather than 0: 0.05:48 was used",Ho lab/7_Shared data/16s rRNA/Raw reads/2024930_DM_assembly/Plate2,,0.04573684210526315,0.0007304409672830725,0.0,0.0004307728781412992,0.0006555239449976292,0.0025097202465623517,0.0,0.00014983404457088667,0.0004869606448553817,0.007060929350403034,0.0,0.0,0.0,0.0004307728781412992,0.0,0.0,0.0,0.0,0.0,0.0,0.0,0.0,0.0,0.0,0.0,0.0,0.0,0.0,0.0,0.0,3.745851114272167e-05,0.00022475106685633002,0.0,0.0011050260787102892,0.0,0.0,0.0,0.0,0.015882408724513988,0.04305855855855856
2024930_WZY_DM_assembly_Plate2F10,2024930_WZY_DM_assembly_Plate2,,,F10,Plate2_F10,Host_sugar_mix,cycle 5,,0.9255,48 h,,"growth curve data NA, so 48 h label rather than 0: 0.05:48 was used",Ho lab/7_Shared data/16s rRNA/Raw reads/2024930_DM_assembly/Plate2,,0.001749190002314279,5.949625858211834e-05,0.01969326159068117,0.000821048368433233,0.16819592301164854,0.033853371133225334,0.0011304289130602482,0.055819389801743426,0.002796324153359562,0.02578567846949009,0.00019038802746277868,0.0,0.00931711409395973,0.3703166126668209,0.0007734513615675384,0.01022145722440793,0.0,0.0018681825194785157,0.006532689192316593,0.0,0.0,0.0,0.0,0.0009043431304481986,0.0,0.0,0.0010114363958960118,0.0,0.006532689192316593,0.031485420041657025,0.007389435315899098,0.006175711640823883,0.0,0.004890592455450127,0.0,0.0,0.017277713492247167,0.0,0.03907714263673532,0.10163150890997454
2024930_WZY_DM_assembly_Plate2F11,2024930_WZY_DM_assembly_Plate2,,,F11,Plate2_F11,Host_sugar_mix,cycle 5,,0.8325,48 h,,"growth curve data NA, so 48 h label rather than 0: 0.05:48 was used",Ho lab/7_Shared data/16s rRNA/Raw reads/2024930_DM_assembly/Plate2,,0.051264023492821637,0.0007513329260503735,0.00290130099136375,0.00012714864902390937,0.0068313501430118575,0.01610164255366416,0.00021962039376857072,0.13497407042292633,0.00644990419594013,0.004288377162533671,0.0,0.0,0.009501471772513955,0.2714739246341396,0.001537342756379995,0.004866325567187804,0.0,0.003826018438810363,0.006403668323567799,0.0,0.0,0.0,0.0,0.0001849434894893227,0.0,0.0,0.0009593943517258616,0.0,0.05388790924995141,0.021753977951181582,0.009697974230096358,0.001814757990613979,0.0,0.03261940795867929,0.0,0.0,0.18337146982866348,0.0,0.005051269056677126,0.001641373469217739
2024930_WZY_DM_assembly_Plate2F12,2024930_WZY_DM_assembly_Plate2,,,F12,Plate2_F12,Host_sugar_mix,cycle 5,,0.9485,48 h,,"growth curve data NA, so 48 h label rather than 0: 0.05:48 was used",Ho lab/7_Shared data/16s rRNA/Raw reads/2024930_DM_assembly/Plate2,,0.0016201028790332134,0.000599344417677027,0.004073669088898543,0.0,0.017970967773784607,0.00248166047944394,0.0001217418348406461,0.1584142213972592,0.011359449666284903,0.03228968050234982,0.0,2.809426957861064e-05,0.0002434836696812922,0.27469640318312866,0.0,0.0008334633308321156,0.0,0.001629467635559417,0.002416107183760515,0.0,0.0,0.0,0.0,0.0008709223569369299,0.0,0.0,0.0007585452786224873,0.0,0.04371468346431816,0.03698142352197781,0.001732479957347656,0.003052910627542356,0.0,0.04226314620275661,0.0,0.0,0.18369906401800878,0.0,0.000515061608941195,0.1261339056514356
2024930_WZY_DM_assembly_Plate2F1,2024930_WZY_DM_assembly_Plate2,,,F1,Plate2_F1,Lactate,cycle 5,,0.1955,48 h,,"growth curve data NA, so 48 h label rather than 0: 0.05:48 was used",Ho lab/7_Shared data/16s rRNA/Raw reads/2024930_DM_assembly/Plate2,,0.03332901126805269,0.0018243770830026979,0.0,9.308046341850501e-05,0.004238263767655928,0.00520009522298048,0.0,0.0,9.928582764640534e-05,0.015494794477067132,0.0,0.03447079828598636,0.0,0.00023580384066021267,0.0,0.00011790192033010634,0.0,0.0,0.0,0.0,0.0,0.0,0.0,0.0,0.0,0.0,0.0,0.0,1.2410728455800668e-05,0.0,0.0,0.002780003174099349,0.0,0.0011852245675289636,0.0,0.0,0.0,0.0,0.04952501190287256,0.04689393747024282
2024930_WZY_DM_assembly_Plate2F2,2024930_WZY_DM_assembly_Plate2,,,F2,Plate2_F2,Lactate,cycle 5,,0.1855,48 h,,"growth curve data NA, so 48 h label rather than 0: 0.05:48 was used",Ho lab/7_Shared data/16s rRNA/Raw reads/2024930_DM_assembly/Plate2,,0.018500411268764137,0.01789008842278429,0.0,0.004272259921858935,0.0455071972033724,0.043905099732675305,0.0,0.0,0.0005721776681061073,0.0007247583796010693,0.0,0.0,0.0,0.008658955377339092,0.0,0.0003051614229899239,0.0,0.0,0.0,0.0,0.0,0.0,0.0,0.0,0.0,0.0,0.0,0.0,0.0,0.0,0.0,0.00015258071149496194,0.0,0.009078552333950237,0.0,0.0,0.0,0.0,0.006217663993419701,0.02971509356364384
2024930_WZY_DM_assembly_Plate2F3,2024930_WZY_DM_assembly_Plate2,,,F3,Plate2_F3,Lactate,cycle 5,,0.2805,48 h,,"growth curve data NA, so 48 h label rather than 0: 0.05:48 was used",Ho lab/7_Shared data/16s rRNA/Raw reads/2024930_DM_assembly/Plate2,,0.11118765895603731,0.0046540511081506605,0.0,0.0003057405837471237,0.007983226353397118,0.000747365871381858,0.0,0.0,6.794235194380527e-05,0.07456673125832627,0.0,0.0,0.0,0.00659040813854911,0.0,0.0003057405837471237,0.0,0.0,0.0,0.0,0.0,0.0,0.0,0.0,0.0,0.0,0.0,0.0,0.0,6.794235194380527e-05,0.0,0.00995355455976747,0.0,0.0013248758629042026,0.0,0.0,0.0,0.0,0.05194192806103912,0.010802833959065035
2024930_WZY_DM_assembly_Plate2F4,2024930_WZY_DM_assembly_Plate2,,,F4,Plate2_F4,Lactate,cycle 5,,0.1965,48 h,,"growth curve data NA, so 48 h label rather than 0: 0.05:48 was used",Ho lab/7_Shared data/16s rRNA/Raw reads/2024930_DM_assembly/Plate2,,0.009161329569787813,0.0006694082149114269,0.0,0.0021994841347089743,0.0036721822075141135,0.002926270196612809,0.00011475569398481605,0.00017213354097722408,0.0001338816429822854,0.004857991045357213,0.0,0.0,0.0,0.005450895464278762,0.0,0.0,0.0,0.0,0.0,0.0,0.0,0.0,0.0,0.0,0.0,0.0,0.0,0.0,0.0,0.0,0.0,0.0018169651547595871,0.0,0.0002677632859645708,0.0,0.0,0.0,0.0,0.1521660502238661,0.012890889624294334
2024930_WZY_DM_assembly_Plate2F5,2024930_WZY_DM_assembly_Plate2,,,F5,Plate2_F5,Lactate,cycle 5,,0.2745,48 h,,"growth curve data NA, so 48 h label rather than 0: 0.05:48 was used",Ho lab/7_Shared data/16s rRNA/Raw reads/2024930_DM_assembly/Plate2,,0.004191967439200781,0.0020221164519492753,0.0,0.0004062699720811329,0.000120034309933062,0.006444919102559791,0.0,5.540045073833631e-05,0.000480137239732248,0.017340341081099265,0.0,0.02567810891721888,0.0,0.004201200847657171,0.0,0.00013850112684584076,0.0,0.0,0.0,0.0,0.0,0.0,0.0,0.0,0.0,0.0,0.0,0.0,3.6933633825557543e-05,2.7700225369168154e-05,0.0,0.001412711493827576,0.0,0.0021698509872515055,0.0,0.0,0.0,0.0,0.08618463453193852,0.12358917218877191
2024930_WZY_DM_assembly_Plate2F6,2024930_WZY_DM_assembly_Plate2,,,F6,Plate2_F6,Lactate,cycle 5,,0.2185,48 h,,"growth curve data NA, so 48 h label rather than 0: 0.05:48 was used",Ho lab/7_Shared data/16s rRNA/Raw reads/2024930_DM_assembly/Plate2,,0.010751587301587302,0.0018497354497354498,0.0,0.0005202380952380953,0.00011560846560846561,0.0011175485008818342,1.9268077601410936e-05,7.707231040564374e-05,0.001194620811287478,0.02244731040564374,0.0,0.0,0.0,0.0014258377425044092,0.0,0.0002697530864197531,0.0,0.0,0.0,0.0,0.0,0.0,0.0,0.0,0.0,0.0,0.0,0.0,0.0,0.0,0.0,0.0007514550264550265,0.0,0.00023121693121693122,0.0,0.0,0.0,0.0,0.006859435626102293,0.17086931216931217
2024930_WZY_DM_assembly_Plate2F7,2024930_WZY_DM_assembly_Plate2,,,F7,Plate2_F7,Host_sugar_mix,cycle 5,,1.0175,48 h,,"growth curve data NA, so 48 h label rather than 0: 0.05:48 was used",Ho lab/7_Shared data/16s rRNA/Raw reads/2024930_DM_assembly/Plate2,,0.08480850852525168,0.0005212112025256908,0.019635834282906637,0.0001382805231190608,0.16968083883040447,0.002861343132232874,0.0016593662774287297,0.12686706148007987,0.009498808241947793,0.019274177530133708,0.0,0.0,0.007850078927835914,0.2659028089946371,0.002776247425698067,2.1273926633701666e-05,0.0,0.000574396019109945,0.005127016318722101,0.0,0.0,0.0,0.0,0.0005212112025256908,0.0,0.0,0.00051057423920884,0.0,0.004882366162434532,0.026900880228315754,0.000999874551783978,0.0030634454352530395,0.0,0.018869972924093377,0.0,0.0,0.14673690895595723,0.0,0.0710868258465141,0.02673068881524614
2024930_WZY_DM_assembly_Plate2F8,2024930_WZY_DM_assembly_Plate2,,,F8,Plate2_F8,Host_sugar_mix,cycle 5,,1.1495,48 h,,"growth curve data NA, so 48 h label rather than 0: 0.05:48 was used",Ho lab/7_Shared data/16s rRNA/Raw reads/2024930_DM_assembly/Plate2,,0.11395891119997731,0.0010921537763407924,0.0028200388553277175,0.0004238208684307553,0.03175396352704274,0.05790045094869395,0.0027222340395360047,0.0023473155790011057,0.008672027000198531,0.0037002821974531325,0.0020212995263620636,0.0,0.003504672565869707,0.4104216086672906,0.0019071939079383987,0.004091501460619983,0.0,0.0012225601973964093,0.005248858447488584,0.0,0.0,0.0,0.0,0.0007987393289656541,0.0,0.0,0.0007335361184378457,0.0,0.09967940809438725,0.0027874372500638132,0.01351336538188831,0.007041946737003318,0.0,0.0038143878158767974,0.0,0.0,0.04186046115885306,0.0,0.08424254800192858,0.24121927734762758
2024930_WZY_DM_assembly_Plate2F9,2024930_WZY_DM_assembly_Plate2,,,F9,Plate2_F9,Host_sugar_mix,cycle 5,,0.9225,48 h,,"growth curve data NA, so 48 h label rather than 0: 0.05:48 was used",Ho lab/7_Shared data/16s rRNA/Raw reads/2024930_DM_assembly/Plate2,,0.008616966070421813,0.00026004561529393677,0.00026004561529393677,1.182025524063349e-05,0.0890892637486546,0.030283493926503,0.0008510583773256112,0.13693765696273896,0.0008037773563630772,0.005342755368766337,1.182025524063349e-05,0.005295474347803803,0.007375839270155296,0.3093006188816565,0.0019503421147045255,0.00332149172261801,0.0,0.0038297626979652507,0.002683197939623802,0.0,0.0,0.0,0.0,0.00017730382860950232,0.0,0.0,0.0005200912305878735,0.0,0.007884110245502536,0.027458452923991593,0.014668936753626158,0.00034278740197837116,0.0,0.0003191468914971042,0.0,0.0,0.16736299395212956,0.0,0.025188963917789964,0.07235178232791759
2024930_WZY_DM_assembly_Plate2G10,2024930_WZY_DM_assembly_Plate2,,,G10,Plate2_G10,Master_mix,cycle 5,,0.7635,48 h,,"growth curve data NA, so 48 h label rather than 0: 0.05:48 was used",Ho lab/7_Shared data/16s rRNA/Raw reads/2024930_DM_assembly/Plate2,,0.14121376643086186,0.0005232908231953589,0.0002990233275402051,3.737791594252564e-05,0.004522727829045602,0.010260237926223287,0.001140026436247032,0.10041577117959513,0.010951729371160011,0.006410312584143147,0.0,7.475583188505128e-05,0.01298882579002766,0.06421525958925905,0.005457175727608743,0.005457175727608743,0.0,0.00596177759283284,0.006372934668200621,0.0,0.0,0.0,0.0,0.0,0.0,0.0,0.0015138055956722882,0.0,0.000822314150735564,0.036219200548307344,0.0024856314101779553,0.030332178787359557,0.0,0.04814275573397302,0.0,0.0,0.20890517220277582,0.0,0.000205578537683891,0.058571194281937675
2024930_WZY_DM_assembly_Plate2G11,2024930_WZY_DM_assembly_Plate2,,,G11,Plate2_G11,Master_mix,cycle 5,,0.9235,48 h,,"growth curve data NA, so 48 h label rather than 0: 0.05:48 was used",Ho lab/7_Shared data/16s rRNA/Raw reads/2024930_DM_assembly/Plate2,,0.05321913363046368,5.7768394714207526e-05,0.017604918289154742,8.665259207131127e-05,0.027223356009070294,0.013546688560481664,0.000852083822034561,0.12628171084525763,0.010947110798342324,0.048568777855969976,0.0,0.0,0.008275322542810227,0.051500523887716004,0.0,0.0012275783876769099,0.0,0.004115998123387286,0.005531323793885371,0.0,0.0,0.0,0.0,0.0,0.0,0.0,0.0010542732035342872,0.0,0.08321537258581593,0.04533374775197435,0.001328673078426773,0.013849972632731253,0.0,0.041795433575729145,0.0,0.0,0.30594141840644307,0.0,0.002050778012354367,0.05989138321995465
2024930_WZY_DM_assembly_Plate2G12,2024930_WZY_DM_assembly_Plate2,,,G12,Plate2_G12,Master_mix,cycle 5,,0.7395,48 h,,"growth curve data NA, so 48 h label rather than 0: 0.05:48 was used",Ho lab/7_Shared data/16s rRNA/Raw reads/2024930_DM_assembly/Plate2,,0.031093968296614722,1.103797241626366e-05,0.024151083646784883,0.0004635948414830736,0.009459542360737955,0.0012252149382052662,0.0005629365932294466,0.012616402471789363,0.0010927592692101021,0.007086378291241269,0.0,0.09597517015941251,0.003874328318108544,0.3858323258104962,0.0,0.0003532151173204371,0.0,0.006490327780763031,0.002615999462654487,0.0,0.0,0.0,0.0,0.0005408606483969193,0.0,0.0,0.00014349364141142757,0.0,0.044008396023643204,0.020265717356260076,0.012925465699444744,0.028974677592692104,0.0,0.04038794107110873,0.0,0.0,0.0,0.0,0.008123947698370052,0.0012252149382052662
2024930_WZY_DM_assembly_Plate2G1,2024930_WZY_DM_assembly_Plate2,,,G1,Plate2_G1,Fucose,cycle 5,,0.2985,48 h,,"growth curve data NA, so 48 h label rather than 0: 0.05:48 was used",Ho lab/7_Shared data/16s rRNA/Raw reads/2024930_DM_assembly/Plate2,,0.14299573715113004,0.0004321563580793051,0.0,0.00020007238799967826,0.0053859486849513385,0.0029930829244751867,0.0009203329847985201,0.0,0.0019767151934368212,0.0517387195367168,0.0,0.015381565189415266,0.0,0.00027209844767956244,0.0,0.004113488297273385,0.0,0.0,0.00048817662671921493,0.0,0.0,0.0,0.0,0.0,0.0,0.0,0.0,0.0,4.801737311992279e-05,0.0073786696694281345,0.001168422745918121,0.013188771816938791,0.0,3.201158207994852e-05,0.0,0.0,0.0,0.0,0.01171623904126116,0.03806977398857878
2024930_WZY_DM_assembly_Plate2G2,2024930_WZY_DM_assembly_Plate2,,,G2,Plate2_G2,Fucose,cycle 5,,0.3035,48 h,,"growth curve data NA, so 48 h label rather than 0: 0.05:48 was used",Ho lab/7_Shared data/16s rRNA/Raw reads/2024930_DM_assembly/Plate2,,0.1897882433411121,2.4422628148386575e-05,0.0,0.0002198036533354792,0.013859841474209383,0.0035046471392934735,0.005946909954132132,2.4422628148386575e-05,0.001135652208899976,0.03869765430111853,0.0,0.018939748129073793,0.0,0.0016973726563128673,0.0,0.0007448901585257907,0.0,0.0,0.00014653576889031946,0.0,0.0,0.0,0.0,0.0,0.0,0.0,0.0,0.0,0.0,0.007973988090448218,0.0003541281081516054,0.001135652208899976,0.0,0.00731457713044178,0.0,0.0,0.0,0.0,0.009073006357125614,0.002918504063732196
2024930_WZY_DM_assembly_Plate2G3,2024930_WZY_DM_assembly_Plate2,,,G3,Plate2_G3,Fucose,cycle 5,,0.4515,48 h,,"growth curve data NA, so 48 h label rather than 0: 0.05:48 was used",Ho lab/7_Shared data/16s rRNA/Raw reads/2024930_DM_assembly/Plate2,,0.1310751884981033,0.003488854025195523,0.0,0.0013955416100782092,0.0027276495106074087,0.003615721444293542,0.02074282302252611,0.0,0.00033831311759471735,0.009493911862501756,0.0,0.039794080457078634,0.0,0.007590900576031471,0.0,0.004524937947829344,0.0,0.0,0.0014378307497775488,0.0,0.0,0.0,0.0,0.0,0.0,0.0,0.0,0.0,0.0,0.03482510654240622,0.02710733854727673,0.034338781435863816,0.0,0.0008669273638364633,0.0,0.0,0.0,0.0,0.004588371657378355,0.12354772163162085
2024930_WZY_DM_assembly_Plate2G4,2024930_WZY_DM_assembly_Plate2,,,G4,Plate2_G4,Fucose,cycle 5,,0.5215,48 h,,"growth curve data NA, so 48 h label rather than 0: 0.05:48 was used",Ho lab/7_Shared data/16s rRNA/Raw reads/2024930_DM_assembly/Plate2,,0.06289008108108107,0.0013248918918918919,0.0,0.0048767297297297296,0.004735783783783783,0.0033545135135135133,0.023763486486486483,0.00033827027027027025,0.008090297297297298,0.1253855135135135,0.0,0.004369324324324323,0.0,0.021903,0.0,0.004594837837837838,0.0,0.0,0.0009302432432432431,0.0,0.0,0.0,0.0,0.0,0.0,0.0,0.0,0.0,0.0,0.0015504054054054054,0.004735783783783783,0.034306243243243245,0.0,0.0011839459459459458,0.0,0.0,0.0,0.0,0.05409505405405405,0.1590715945945946
2024930_WZY_DM_assembly_Plate2G5,2024930_WZY_DM_assembly_Plate2,,,G5,Plate2_G5,Fucose,cycle 5,,0.4815,48 h,,"growth curve data NA, so 48 h label rather than 0: 0.05:48 was used",Ho lab/7_Shared data/16s rRNA/Raw reads/2024930_DM_assembly/Plate2,,0.14781401750014486,0.0007068435996986731,0.0,0.001078866546908501,0.18186341774352435,0.0020740279306947903,0.00013950860520368545,3.7202294720982794e-05,2.790172104073709e-05,0.05443625775047806,0.0,0.0,5.580344208147418e-05,0.0015717969519615227,0.00440847192443646,0.0003441212261690908,0.0,0.0,0.00023251434200614244,0.0,0.0,0.0,0.0,0.0,0.0,0.0,0.0,0.0,0.0,0.0008556527785826041,0.008575128933186533,0.011858231442313264,0.0,0.0006789418786579359,0.0,0.0,0.0,0.0,0.017066552703250852,0.04767474068493944
2024930_WZY_DM_assembly_Plate2G6,2024930_WZY_DM_assembly_Plate2,,,G6,Plate2_G6,Fucose,cycle 5,,0.3945,48 h,,"growth curve data NA, so 48 h label rather than 0: 0.05:48 was used",Ho lab/7_Shared data/16s rRNA/Raw reads/2024930_DM_assembly/Plate2,,0.14760630363093286,0.0003473730554740241,0.0,0.0010761753483312904,0.1331664825014244,0.0016483192044061535,0.009481241043526305,3.405618190921804e-05,0.00010216854572765414,0.019711718089055405,0.0,0.0,4.767865467290527e-05,0.004474982302871251,0.0,0.004209344083979351,0.0,0.0,0.00018390338230977744,0.0,0.0,0.0,0.0,0.0,0.0,0.0,0.0,0.0,0.0,0.004168476665688289,0.015972349315423264,0.005237840777637736,0.0,4.086741829106166e-05,0.0,0.0,0.0,0.0,0.0014576045857145324,0.04553311521262453
2024930_WZY_DM_assembly_Plate2G7,2024930_WZY_DM_assembly_Plate2,,,G7,Plate2_G7,Master_mix,cycle 5,,0.7845,48 h,,"growth curve data NA, so 48 h label rather than 0: 0.05:48 was used",Ho lab/7_Shared data/16s rRNA/Raw reads/2024930_DM_assembly/Plate2,,0.09479707866598777,0.0005492298879837067,0.05483311481670061,5.991598778004074e-05,0.0002696219450101833,0.005562200865580447,0.0007689218431771893,0.09798261201629327,0.0007888938391038695,0.0038745672097759676,0.0,0.0,0.00024964994908350304,0.42586286914460286,0.0,0.0028160514256619145,0.0,0.001977227596741344,0.006121416751527495,0.0,0.0,0.0,0.0,0.00016976196537678206,0.0,0.0,0.0012881937372708758,0.0,0.009506670061099795,0.015707974796334012,0.009147174134419551,0.0034551552953156817,0.0,0.0029858133910386966,0.0,0.0,0.0,0.0,0.03438179098778004,0.011344093686354379
2024930_WZY_DM_assembly_Plate2G8,2024930_WZY_DM_assembly_Plate2,,,G8,Plate2_G8,Master_mix,cycle 5,,0.7775,48 h,,"growth curve data NA, so 48 h label rather than 0: 0.05:48 was used",Ho lab/7_Shared data/16s rRNA/Raw reads/2024930_DM_assembly/Plate2,,0.039613273197760264,0.00046603850820894433,0.004944554904168067,0.0,0.01585667607198725,0.0005569728512741041,0.0008638762591190186,0.006399504393210625,0.004217080159646789,0.018812042221604947,0.0,0.0,0.005376493033727577,0.33965113814125525,0.0005797064370403941,0.0033532039005277703,0.0,0.0017959532755369072,0.002750763877721086,0.0,0.0,0.0,0.0,0.00018186868613031973,0.0,0.0,0.000693374365871844,0.0,0.004273914124062513,0.0029439993567345504,0.0016481849680560225,0.005410593412377012,0.0,0.018573339571058903,0.0,0.0,0.16775112936945366,0.0,0.03164515138667563,0.09914116752679054
2024930_WZY_DM_assembly_Plate2G9,2024930_WZY_DM_assembly_Plate2,,,G9,Plate2_G9,Master_mix,cycle 5,,0.9205,48 h,,"growth curve data NA, so 48 h label rather than 0: 0.05:48 was used",Ho lab/7_Shared data/16s rRNA/Raw reads/2024930_DM_assembly/Plate2,,0.15441001199040766,0.0006622302158273382,0.0046724020783373305,0.0,0.06427312150279775,0.01990369704236611,0.00581290967226219,0.009381594724220624,0.006107234212629896,0.05397176258992806,0.0,0.0,0.0008829736211031175,0.34314562350119904,0.0,0.00592328137490008,0.0,0.0021338529176658672,0.0026489208633093527,0.0,0.0,0.0,0.0,0.0,0.0,0.0,0.0007726019184652277,0.0,0.09182925659472421,0.027372182254196645,0.01515771382893685,0.006291187050359712,0.0,0.02928529176658673,0.0,0.0,0.05503868904876099,0.0,0.013649300559552359,0.0071741606714628295
2024930_WZY_DM_assembly_Plate2H10,2024930_WZY_DM_assembly_Plate2,low growth,,H10,Plate2_H10,blank,cycle 5,,0.0055,48 h,,"growth curve data NA, so 48 h label rather than 0: 0.05:48 was used",Ho lab/7_Shared data/16s rRNA/Raw reads/2024930_DM_assembly/Plate2,,0.0,0.0,0.0,0.0,0.0015714285714285713,0.0,0.0,0.0,0.0,0.0,0.0,0.0,0.0,0.0023571428571428567,0.0,0.0,0.0,0.0,0.0,0.0,0.0,0.0,0.0,0.0,0.0,0.0,0.0,0.0,0.0,0.0015714285714285713,0.0,0.0,0.0,0.0,0.0,0.0,0.0,0.0,0.0,0.0
2024930_WZY_DM_assembly_Plate2H11,2024930_WZY_DM_assembly_Plate2,low growth,,H11,Plate2_H11,blank,cycle 5,,-0.0065,48 h,,"growth curve data NA, so 48 h label rather than 0: 0.05:48 was used",Ho lab/7_Shared data/16s rRNA/Raw reads/2024930_DM_assembly/Plate2,,-0.0,-0.0,-0.0,-0.0,-0.0,-0.0,-0.0,-0.0,-0.0,-0.0,-0.0,-0.0,-0.0,-0.0,-0.005107142857142857,-0.0,-0.0,-0.0,-0.0,-0.0,-0.0,-0.0,-0.0,-0.0,-0.0,-0.0,-0.0,-0.0,-0.0,-0.0013928571428571427,-0.0,-0.0,-0.0,-0.0,-0.0,-0.0,-0.0,-0.0,-0.0,-0.0
2024930_WZY_DM_assembly_Plate2H12,2024930_WZY_DM_assembly_Plate2,low growth,,H12,Plate2_H12,blank,cycle 5,,0.0015,48 h,,"growth curve data NA, so 48 h label rather than 0: 0.05:48 was used",Ho lab/7_Shared data/16s rRNA/Raw reads/2024930_DM_assembly/Plate2,,0.00015000000000000001,0.0,0.0,0.0,0.0,0.0,0.0,0.0002,0.0,0.0001,0.0,0.0,0.0,0.0,0.0009,0.0,0.0,0.0,0.0,0.0,0.0,0.0,0.0,0.0,0.0,0.0,0.0,0.0,0.0,0.0,0.0,0.0,0.0,0.0,0.0,0.0,0.0,0.0,0.0,0.00015000000000000001
2024930_WZY_DM_assembly_Plate2H1,2024930_WZY_DM_assembly_Plate2,,,H1,Plate2_H1,Sialic_acid,cycle 5,,0.6325,48 h,,"growth curve data NA, so 48 h label rather than 0: 0.05:48 was used",Ho lab/7_Shared data/16s rRNA/Raw reads/2024930_DM_assembly/Plate2,,0.24694884503736642,0.0002539219319374961,0.0,0.102994642085109,0.0003125193008461491,0.0013477394848990178,0.0018555833487740102,0.05140942498919152,0.0014454017664134395,0.04328392316719165,0.0,0.034728707306528314,0.0,0.0004883114075721079,0.0006250386016922982,0.0,0.0,0.0,0.0,0.0,0.0,0.0,0.0003320517571490334,0.0,0.0,0.0,0.001484466679019208,0.0,0.08494665246124389,0.019395729108764127,0.0002343894756346118,0.014961861528009386,0.0,0.0012696096596874805,0.0,0.0,0.0011524149218701746,0.0,0.01787219751713915,0.00515656846396146
2024930_WZY_DM_assembly_Plate2H2,2024930_WZY_DM_assembly_Plate2,,,H2,Plate2_H2,Sialic_acid,cycle 5,,0.5895,48 h,,"growth curve data NA, so 48 h label rather than 0: 0.05:48 was used",Ho lab/7_Shared data/16s rRNA/Raw reads/2024930_DM_assembly/Plate2,,0.039610432909314736,0.00018142183011899876,0.0,0.0010280570373409931,0.008043034468608946,0.0009071091505949939,0.011610997127615921,0.013243793598686911,0.0029632232252769803,0.0012699528108329914,0.0,0.20542998563807963,0.0,0.023947681575707837,0.009615356996306935,0.0,0.0,0.0,0.0,0.0,0.0,0.0,0.0009675830939679935,0.0,0.0,0.0,0.0033260668855149777,0.0,0.011369101354123924,0.01953308370947887,0.0011490049240869922,0.04342029134181371,0.0,0.004414597866228971,0.0,0.0,0.0,0.0,0.007680190808370948,0.17978903364792778
2024930_WZY_DM_assembly_Plate2H3,2024930_WZY_DM_assembly_Plate2,,,H3,Plate2_H3,Sialic_acid,cycle 5,,0.5235,48 h,,"growth curve data NA, so 48 h label rather than 0: 0.05:48 was used",Ho lab/7_Shared data/16s rRNA/Raw reads/2024930_DM_assembly/Plate2,,0.21491607888297107,6.279689074420612e-05,0.0,0.004282747948754858,0.0004019001007629192,0.0033282352094429245,0.004157154167266446,0.05443234489707787,0.0014066503526702172,0.005413091982150568,0.0,0.12095937095148984,0.0,0.0009168346048654094,0.004709766805815459,0.0,0.0,0.0,0.0,0.0,0.0,0.0,0.00021350942853030084,0.0,0.0,0.0,0.0006656470418885849,0.0,0.004257629192457176,0.012345868720310925,0.0017331941845400891,0.0019341442349215488,0.0,0.004358104217647905,0.0,0.0,0.0,0.0,0.0032277601842521948,0.07977717000143947
2024930_WZY_DM_assembly_Plate2H4,2024930_WZY_DM_assembly_Plate2,,,H4,Plate2_H4,Sialic_acid,cycle 5,,0.6175,48 h,,"growth curve data NA, so 48 h label rather than 0: 0.05:48 was used",Ho lab/7_Shared data/16s rRNA/Raw reads/2024930_DM_assembly/Plate2,,0.09498195337729654,0.00020109093869575837,0.0,0.07100185893782736,0.000251363673369698,0.0019941518087329374,0.006954394963228311,0.05444537165187659,0.0015249396184428344,0.00048596976851474945,0.0,0.03339785340172054,0.0,0.008848001302613368,0.00015081820402181877,8.378789112323266e-05,0.0,0.0,0.0,0.0,0.0,0.0,0.00023460609514505145,0.0,0.0,0.0,0.0007876061765583869,0.0,0.06299173654644631,0.0002178485169204049,0.0008713940676816196,0.0036196368965236508,0.0,0.00028487882981899105,0.0,0.0,0.10927616760292003,0.0,0.04150852126244946,0.12338604846807243
2024930_WZY_DM_assembly_Plate2H5,2024930_WZY_DM_assembly_Plate2,,,H5,Plate2_H5,Sialic_acid,cycle 5,,0.6445,48 h,,"growth curve data NA, so 48 h label rather than 0: 0.05:48 was used",Ho lab/7_Shared data/16s rRNA/Raw reads/2024930_DM_assembly/Plate2,,0.02337018873532471,0.0,0.0,0.13318134195274184,0.003783288750185763,0.0007901805617476593,0.010080788378659533,0.12254982166740971,0.0036875092881557435,0.0009099048892851835,0.0,0.00069440109971764,0.0,0.02047286000891663,0.0,0.0002873383860900579,0.0,0.0,0.0,0.0,0.0,0.0,0.0006225665031951255,0.0,0.0,0.0,0.0012211881408827462,0.0,0.1335165700698469,0.028302831029870707,0.00426218606033586,0.0028254941298855698,0.0,0.0003352281171050676,0.0,0.0,0.0,0.0,0.007111625055728934,0.14649468717491454
2024930_WZY_DM_assembly_Plate2H6,2024930_WZY_DM_assembly_Plate2,,,H6,Plate2_H6,Sialic_acid,cycle 5,,0.6825,48 h,,"growth curve data NA, so 48 h label rather than 0: 0.05:48 was used",Ho lab/7_Shared data/16s rRNA/Raw reads/2024930_DM_assembly/Plate2,,0.014248999387011862,0.00014765802473587424,0.0,0.23366882414452098,0.0014273609057801175,0.007186023870479213,0.008637994447048642,0.0010336061731511196,0.0004429740742076227,0.004798885803915912,0.0,0.0942796487938557,0.0,0.017989669346987345,0.0014027512349908053,0.0,0.0,0.0,0.0,0.0,0.0,0.0,0.0007136804528900587,0.0,0.0,0.0,0.004232863375761728,0.0,0.15162018173295352,0.003420744239714419,0.001181264197886994,0.029064021202177912,0.0,0.0036176216060289186,0.0,0.0,0.00012304835394656187,0.0,0.07946462697868965,0.023797551653265064
2024930_WZY_DM_assembly_Plate2H7,2024930_WZY_DM_assembly_Plate2,low growth,,H7,Plate2_H7,blank,cycle 5,,0.0945,48 h,,"growth curve data NA, so 48 h label rather than 0: 0.05:48 was used",Ho lab/7_Shared data/16s rRNA/Raw reads/2024930_DM_assembly/Plate2,,0.024139481707317074,0.000288109756097561,0.0,0.0,0.006070884146341464,0.0003704268292682927,0.0,6.173780487804878e-05,0.0017492378048780488,0.011133384146341465,0.0,0.0032103658536585364,0.0,0.0,8.231707317073171e-05,0.0,0.0,0.0,0.0003704268292682927,0.0,0.0,0.0,0.0,0.0,0.0,0.0,0.0,0.0,0.0,0.002757621951219512,0.0,6.173780487804878e-05,0.0,0.00010289634146341463,0.0,0.0,0.0,0.0,0.01146265243902439,0.03263871951219512
2024930_WZY_DM_assembly_Plate2H8,2024930_WZY_DM_assembly_Plate2,low growth,,H8,Plate2_H8,blank,cycle 5,,0.1235,48 h,,"growth curve data NA, so 48 h label rather than 0: 0.05:48 was used",Ho lab/7_Shared data/16s rRNA/Raw reads/2024930_DM_assembly/Plate2,,0.03289896413110699,0.0009928880643166357,0.0,0.0,0.006606524427952999,0.0003245980210265924,0.0,0.0,0.0023676561533704393,0.011150896722325294,0.0,0.0,0.0,0.0,0.00017184601113172542,0.0,0.0,0.0,0.00022912801484230056,0.0,0.0,0.0,0.0,0.0,0.0,0.0,0.0,0.0,0.0,0.012392006802721088,0.0,5.728200371057514e-05,0.0,0.00015275200989486705,0.0,0.0,0.0,0.0,0.0136713048855906,0.04248415275200989
2024930_WZY_DM_assembly_Plate2H9,2024930_WZY_DM_assembly_Plate2,low growth,,H9,Plate2_H9,blank,cycle 5,,-0.0005,48 h,,"growth curve data NA, so 48 h label rather than 0: 0.05:48 was used",Ho lab/7_Shared data/16s rRNA/Raw reads/2024930_DM_assembly/Plate2,,-0.00014285714285714284,-0.0,-0.0,-0.0,-0.0,-0.0,-0.0,-0.0,-0.0,-0.00010714285714285714,-0.0,-0.0,-7.142857142857142e-05,-0.0,-3.571428571428571e-05,-0.0,-0.0,-0.0,-0.0,-0.0,-0.0,-0.0,-0.0,-0.0,-0.0,-0.0,-0.0,-0.0,-0.0,-0.0,-0.0,-0.00014285714285714284,-0.0,-0.0,-0.0,-0.0,-0.0,-0.0,-0.0,-0.0
