Sample ID,Experiment ID,growth_qc,Unnamed: 3,Growth Well ID,16S Well ID,Media,Protocol,Initial OD,Final OD,Growth curve time,Growth curve OD,Notes,Data location,Unnamed: 14,Bb,Bbi,Bc,Bl,Bt47,Bt61,Pg,Pj,contamination_status,modeling_action_default,included_in_carbon_score,carbon_score_exclusion_reason,Ai,Ac,Bfi,Bf,Bt,Bu,Bx,Ba,Csp,Dl,Ls,Mf,Pm,Bd,Bv,Rg,Af,Ao,As,Bl.s,Col,Cs,Et,Eu.c,Eu.l,Im,Ld,Lsp,Mi,Pc,Va,Vp
2024930_WZY_DM_assembly_Plate1A10,2024930_WZY_DM_assembly_Plate1,,,A10,Plate1_A10,Galactose,cycle 5,,0.8905,48 h,,"growth curve data NA, so 48 h label rather than 0: 0.05:48 was used",Ho lab/7_Shared data/16s rRNA/Raw reads/2024930_DM_assembly/Plate1,,0.0,0.0,0.0011048572338748,0.0,0.0,0.0,0.0,0.0,not_assessable,review_required,True,,0.023926412680581443,0.0020836815847952925,0.0,0.0020836815847952925,0.004742171882637728,0.010562110102238731,0.013723558023997297,0.4291665553787219,0.006286970298951625,0.16622749470428144,0.012286536241379679,7.185108913087593e-05,0.005532533863077431,0.06150453229602965,0.0,0.0,4.699579007835347e-24,4.699579007835347e-24,4.699579007835347e-24,4.699579007835347e-24,2.9004103819526903e-14,0.028627384181389708,0.11363919419040996,6.445370237560986e-11,0.0,1.7322444895915403e-17,8.187047120214557e-20,1.8967439956406086e-14,7.580354861257408e-14,4.699579007835347e-24,0.11953533183300445,4.699579007835347e-24
2024930_WZY_DM_assembly_Plate1A11,2024930_WZY_DM_assembly_Plate1,,,A11,Plate1_A11,Galactose,cycle 5,,0.9725,48 h,,"growth curve data NA, so 48 h label rather than 0: 0.05:48 was used",Ho lab/7_Shared data/16s rRNA/Raw reads/2024930_DM_assembly/Plate1,,0.0,0.0,0.0006273103927357,0.0,0.0,0.0,0.0,0.0,not_assessable,review_required,True,,0.08830203578723485,0.00018822709467033379,0.0,0.002705764485886463,0.004352751564252128,0.012211232766739879,0.012352403087742679,0.04364515757669079,0.004164524469581794,0.014752298544789778,0.0987015827677725,0.028139950653219486,0.005388000584939158,0.39657096008362475,0.0,0.0,1.9046406814544487e-24,1.9046406814544487e-24,1.9046406814544487e-24,1.9046406814544487e-24,0.00015581039339626073,0.08719647463183798,7.061270222643442e-23,8.455890644725576e-24,0.0,0.01603970118832889,1.910899375753479e-24,1.928869995435061e-24,8.936322729596002e-10,1.9046406814544487e-24,0.18513312342565993,1.9046406814544487e-24
2024930_WZY_DM_assembly_Plate1A12,2024930_WZY_DM_assembly_Plate1,,,A12,Plate1_A12,Galactose,cycle 5,,0.9375,48 h,,"growth curve data NA, so 48 h label rather than 0: 0.05:48 was used",Ho lab/7_Shared data/16s rRNA/Raw reads/2024930_DM_assembly/Plate1,,0.0,8.011177194421658e-05,0.0010254306808859,0.0,0.0,0.0,0.0,0.0,not_assessable,review_required,True,,0.22704890426258698,1.3766379934674528e-05,0.0,0.00046805691777887146,0.015776271405136974,0.009306072835839913,0.007516443444332251,0.18188141169691988,0.0025330139079800533,0.009264773696035915,0.0001927293190854379,0.09193188520375646,0.0010049457352311873,0.16430174452034046,0.0,0.0,1.6781217140368252e-24,1.6781217140368252e-24,1.6781217140368252e-24,1.6781217140368252e-24,0.04816097257978116,0.04762169413416663,2.5941975762944485e-16,1.3587106018083425e-17,0.0,0.021828163583214186,2.1401994275288872e-24,2.161490377191036e-24,7.648688174858631e-05,1.6781217140368252e-24,0.17107266349613012,1.6781217140368252e-24
2024930_WZY_DM_assembly_Plate1A1,2024930_WZY_DM_assembly_Plate1,,,A1,Plate1_A1,Glucose,cycle 5,,1.2345,48 h,,"growth curve data NA, so 48 h label rather than 0: 0.05:48 was used",Ho lab/7_Shared data/16s rRNA/Raw reads/2024930_DM_assembly/Plate1,,0.0,0.0,0.0,0.0,0.0,0.0,0.0,0.0,not_assessable,review_required,True,,0.04902915693499448,0.0003616719737021088,0.0,0.0021926363405691254,0.3373947424673711,0.0030968162748243977,0.00013562699013829082,0.04190873995273385,0.014896364416856243,0.011889966135457371,0.0,0.2244174596821694,0.0011076204194627082,0.010917972706132864,0.0,0.0,1.7728429281253374e-24,1.7728429281253374e-24,1.7728429281253374e-24,1.7728429281253374e-24,0.0615620338532814,0.043601279056786076,8.384018496601746e-22,1.543686302746698e-23,0.0,0.03716574619060249,1.773880247176026e-24,1.7731005673816414e-24,2.044383998502029e-07,1.7728429281253374e-24,0.1603219621665182,1.7728429281253374e-24
2024930_WZY_DM_assembly_Plate1A2,2024930_WZY_DM_assembly_Plate1,,,A2,Plate1_A2,Glucose,cycle 5,,1.0345,48 h,,"growth curve data NA, so 48 h label rather than 0: 0.05:48 was used",Ho lab/7_Shared data/16s rRNA/Raw reads/2024930_DM_assembly/Plate1,,0.0,0.0,0.000369082715238,0.0,0.0,0.0,0.0,0.0,not_assessable,review_required,True,,0.08112788499162175,0.00039768571074319043,0.0,0.004286168215788199,0.016879549055990973,0.030665987028423315,0.0015465555417792,0.4124442693419382,0.013874812574819696,0.00278379997520256,0.0,0.03685220919554057,0.005876911058761188,0.1731258460768924,0.0,0.0,4.442806619045594e-24,4.442806619045594e-24,4.442806619045594e-24,4.442806619045594e-24,2.5385574269841493e-10,0.037024428357727304,0.0005981740864826541,0.0008970356983322987,0.0,4.240008144786969e-10,2.6651841653373675e-15,2.4929561597181218e-08,1.316081763829162e-08,4.442806619045594e-24,0.181618644321718,4.442806619045594e-24
2024930_WZY_DM_assembly_Plate1A3,2024930_WZY_DM_assembly_Plate1,,,A3,Plate1_A3,Glucose,cycle 5,,1.0485,48 h,,"growth curve data NA, so 48 h label rather than 0: 0.05:48 was used",Ho lab/7_Shared data/16s rRNA/Raw reads/2024930_DM_assembly/Plate1,,0.0,0.0,0.0,0.0,0.0,0.0,0.0,0.0,not_assessable,review_required,True,,0.002845258100450715,0.0,0.0,0.0017129615094549958,0.16351524103815313,0.009261605449426627,0.003367856527064193,0.21885260776732932,0.00455821960990584,0.020845870572690623,0.0,0.0076647769236633575,0.00258395888714404,0.1369207877727149,0.0,0.0,2.517272501424141e-24,2.517272501424141e-24,2.517272501424141e-24,2.517272501424141e-24,7.301668985971144e-08,0.035593493851918824,0.02549958528572543,0.22889932857636716,0.0,2.6456760502906585e-08,2.0699908853168138e-10,0.007749819293745019,0.000325834559034798,2.517272501424141e-24,0.12980269459476154,2.517272501424141e-24
2024930_WZY_DM_assembly_Plate1A4,2024930_WZY_DM_assembly_Plate1,,,A4,Plate1_A4,Glucose,cycle 5,,1.0625,48 h,,"growth curve data NA, so 48 h label rather than 0: 0.05:48 was used",Ho lab/7_Shared data/16s rRNA/Raw reads/2024930_DM_assembly/Plate1,,0.0,0.0,0.0,0.0,0.0,0.0,0.0,0.0,not_assessable,review_required,True,,0.15140018753637866,0.0037267738470488994,0.0,0.008229958912233708,0.03959697212489859,0.04922447122977627,0.005900725257827853,0.26786187025667,0.038665278663136717,0.1124243443859877,0.0018633869235242157,0.0,0.01413068417006156,0.09487745085613056,0.0,0.002173951410778486,9.13881674993345e-24,9.13881674993345e-24,9.13881674993345e-24,9.13881674993345e-24,3.5541589515582974e-17,3.1503822551830714e-08,0.12109598216063507,7.433348577985269e-14,0.0,5.498262224090829e-19,2.102692023093982e-16,1.1462429007532471e-15,1.0016095657671933e-14,9.13881674993345e-24,0.08882793076100338,9.13881674993345e-24
2024930_WZY_DM_assembly_Plate1A5,2024930_WZY_DM_assembly_Plate1,,,A5,Plate1_A5,Glucose,cycle 5,,1.0755,48 h,,"growth curve data NA, so 48 h label rather than 0: 0.05:48 was used",Ho lab/7_Shared data/16s rRNA/Raw reads/2024930_DM_assembly/Plate1,,0.0,0.0006192728469194,0.0005750390721395,0.0,0.0,0.0,0.0,0.0,not_assessable,review_required,True,,0.02394113013259574,0.0008732327100034166,0.0013826184575054783,0.0012370796725049362,0.004511702335018036,0.008259326048783022,0.0022922358637591537,0.05159349928270629,0.021503355483835963,0.0008732327100034166,0.0034201614475136426,7.276939250029101e-05,0.001964773597507811,0.5765155120835556,0.0,0.00014553878500054204,1.606552011829596e-24,1.606552011829596e-24,1.606552011829596e-24,1.606552011829596e-24,1.174511183531342e-06,0.07253345006663943,4.65689747686969e-24,4.6880234361644364e-24,0.0,0.013801174776263176,1.6109220259055354e-24,1.6212542098948126e-24,1.8671987699948792e-17,1.606552011829596e-24,0.2150780326431206,1.606552011829596e-24
2024930_WZY_DM_assembly_Plate1A6,2024930_WZY_DM_assembly_Plate1,,,A6,Plate1_A6,Glucose,cycle 5,,1.0595,48 h,,"growth curve data NA, so 48 h label rather than 0: 0.05:48 was used",Ho lab/7_Shared data/16s rRNA/Raw reads/2024930_DM_assembly/Plate1,,0.0,0.0,0.0,0.0,0.0,0.0,0.0,0.0,not_assessable,review_required,True,,0.12345091981762697,0.00010213810244150061,0.0,0.0018044398097997257,0.0004425984439131379,0.007285851307493621,0.00020427620488292,0.1128626031978581,0.004391938404984453,0.03377366587398953,0.0,0.0,0.0021108541171242917,0.43800222930330174,0.0025874985951846036,0.0,2.420033459696141e-24,2.420033459696141e-24,2.420033459696141e-24,2.420033459696141e-24,7.640156395756463e-08,0.06476647313859595,1.372455171055156e-05,5.617867446104809e-08,0.0,0.005490821558680117,7.85708044795908e-23,1.2032507896940398e-20,0.005004128248153606,2.420033459696141e-24,0.19770570674402083,2.420033459696141e-24
2024930_WZY_DM_assembly_Plate1A7,2024930_WZY_DM_assembly_Plate1,,,A7,Plate1_A7,Galactose,cycle 5,,0.9425,48 h,,"growth curve data NA, so 48 h label rather than 0: 0.05:48 was used",Ho lab/7_Shared data/16s rRNA/Raw reads/2024930_DM_assembly/Plate1,,0.0,0.0,0.0006623330990864,0.0,0.0,0.0,0.0,0.0,not_assessable,review_required,True,,0.042152141188733956,0.001022938991190979,0.0,0.001375676574360282,0.0007760226829724668,0.00349210207337625,0.005608527572392217,0.024479988271950977,0.0004938326164370243,0.008324606962796,0.09844905946255801,0.0,0.0028924481819884345,0.5203584826913851,0.0,0.0,2.912482647504663e-24,2.912482647504663e-24,2.912482647504663e-24,2.912482647504663e-24,2.0003662530771706e-13,0.09233170712526187,1.704716715637256e-05,3.9862805591188084e-07,0.0,0.0005919215681103938,4.0780361923768645e-23,4.3284069820027586e-23,2.6648473537799992e-08,2.912482647504663e-24,0.19763307159260024,2.912482647504663e-24
2024930_WZY_DM_assembly_Plate1A8,2024930_WZY_DM_assembly_Plate1,,,A8,Plate1_A8,Galactose,cycle 5,,0.9185,48 h,,"growth curve data NA, so 48 h label rather than 0: 0.05:48 was used",Ho lab/7_Shared data/16s rRNA/Raw reads/2024930_DM_assembly/Plate1,,0.0,0.0,1.3141516317800063e-05,0.0,0.0,0.0,0.0,0.0,not_assessable,review_required,True,,0.015104866852715405,0.0009808355099165846,0.0,0.0011770026118999015,0.014880675879020184,0.007314230516806531,0.006893872441127995,0.17929673121275252,0.003166697503444973,0.0007005967927975605,0.03564636481753988,0.0,0.004091485269937753,0.4245896803070357,0.0,0.0,4.164977854433191e-24,4.164977854433191e-24,4.164977854433191e-24,4.164977854433191e-24,7.417837547351369e-15,0.0670722547405865,1.5189505338341485e-09,0.04997326593206994,0.0,2.2197299055329746e-11,3.4021632029490665e-19,3.8273599045611324e-05,1.6521943563734282e-13,4.164977854433191e-24,0.18907316447198258,4.164977854433191e-24
2024930_WZY_DM_assembly_Plate1A9,2024930_WZY_DM_assembly_Plate1,,,A9,Plate1_A9,Galactose,cycle 5,,0.8635,48 h,,"growth curve data NA, so 48 h label rather than 0: 0.05:48 was used",Ho lab/7_Shared data/16s rRNA/Raw reads/2024930_DM_assembly/Plate1,,0.0,0.0,0.0001490935251798,0.0,0.0,0.0,0.0,0.0,not_assessable,review_required,True,,0.002490284704267949,0.0007427164907465697,0.0,0.0013762099681479626,0.04244406298590044,0.0192887841567422,0.0009830071201056686,0.1576306528596283,0.0032111565923455096,0.08324978077162455,0.01526937726564296,0.0,0.002708730730958039,0.3612878835428758,0.0,0.0,2.575478417510773e-24,2.575478417510773e-24,2.575478417510773e-24,2.575478417510773e-24,3.558772928697567e-10,0.06617517881819053,0.06704513399376139,0.005447319148281686,0.0,7.1297758344731044e-06,1.6700729822514585e-20,5.1378806649669324e-20,7.2360403259251e-08,2.575478417510773e-24,0.17064251835866542,2.575478417510773e-24
2024930_WZY_DM_assembly_Plate1B10,2024930_WZY_DM_assembly_Plate1,,,B10,Plate1_B10,Oligo_xylose,cycle 5,,0.8885,48 h,,"growth curve data NA, so 48 h label rather than 0: 0.05:48 was used",Ho lab/7_Shared data/16s rRNA/Raw reads/2024930_DM_assembly/Plate1,,0.0,0.0,0.079570596609292,0.0,0.0,0.0,0.0001437330141063,0.003334605927268,not_assessable,review_required,True,,0.0,0.0,0.017023438316130172,0.0,0.031675335570289086,0.20411689556154453,0.06703712605869203,0.043861769344180936,0.001925409575065731,0.016412942597206864,0.0,0.006551088676138366,0.013595270048330162,0.03909520661566451,0.0010096659966807684,0.0,1.5953382767927598e-24,1.5953382767927598e-24,1.5953382767927598e-24,1.5953382767927598e-24,0.04248735322802977,0.05261499000907373,1.4881763990284712e-09,1.958723442640042e-12,0.0,2.661200914869254e-09,2.618577629003738e-24,3.048971981997437e-24,0.3326327707448038,1.5953382767927598e-24,0.12996073350683363,1.5953382767927598e-24
2024930_WZY_DM_assembly_Plate1B11,2024930_WZY_DM_assembly_Plate1,,,B11,Plate1_B11,Oligo_xylose,cycle 5,,0.8875,48 h,,"growth curve data NA, so 48 h label rather than 0: 0.05:48 was used",Ho lab/7_Shared data/16s rRNA/Raw reads/2024930_DM_assembly/Plate1,,0.0,0.0,0.038890044651918,0.0,0.0,0.0,0.0005764156687639,0.0017292470062918,not_assessable,review_required,True,,0.0,0.0013132889641783332,0.006613347998184082,0.0,0.018479851853081757,0.19991697601130018,0.003079975308846887,0.022544793885062503,0.003095609701277605,0.07235596816925763,0.0,0.05623690957321077,0.010459408536135119,0.06990136855763844,0.0,0.0,1.695216802509585e-24,1.695216802509585e-24,1.695216802509585e-24,1.695216802509585e-24,0.0380975672634021,0.06251636732650853,1.2023482974691176e-09,6.238918815206541e-15,0.0,0.01016509685041759,1.9871355983176374e-24,1.9030408738594346e-24,0.29531908736436474,1.695216802509585e-24,0.1299043814347792,1.695216802509585e-24
2024930_WZY_DM_assembly_Plate1B12,2024930_WZY_DM_assembly_Plate1,,,B12,Plate1_B12,Oligo_xylose,cycle 5,,0.9915,48 h,,"growth curve data NA, so 48 h label rather than 0: 0.05:48 was used",Ho lab/7_Shared data/16s rRNA/Raw reads/2024930_DM_assembly/Plate1,,0.0,0.0,0.0465340931697612,3.287466843501326e-05,0.0,0.0,0.0001150613395225,0.0023176641246684,not_assessable,review_required,True,,1.537181156591526e-05,0.0013373476062345556,0.005564595786861323,0.0,0.000415038912279638,0.0026900670240351137,0.0685736513955479,0.36162186708815647,0.0069019433930958786,0.11911616782427736,7.68590578295763e-05,0.0005841288395047312,0.011544230486002284,0.09095500903552055,0.00035355166601600186,0.0,1.826516944134535e-24,1.826516944134535e-24,1.826516944134535e-24,1.826516944134535e-24,0.009197767820095473,0.03966342660407402,0.08526823206799582,4.0785088411522805e-07,0.0,2.6579237375423993e-08,3.8658739624324205e-22,3.7330403018856944e-24,0.0732710729048535,1.826516944134535e-24,0.12284923624593248,1.826516944134535e-24
2024930_WZY_DM_assembly_Plate1B1,2024930_WZY_DM_assembly_Plate1,high other species,,B1,Plate1_B1,Fructose,cycle 5,,0.8335,48 h,,"growth curve data NA, so 48 h label rather than 0: 0.05:48 was used",Ho lab/7_Shared data/16s rRNA/Raw reads/2024930_DM_assembly/Plate1,,0.0,0.4967089001761147,8.509660787666862e-05,0.0,0.0,0.0,0.0,0.0,not_assessable,review_required,False,high other species,0.13128885786152358,0.018742096638768156,0.0,0.006404334529830126,0.025523156729176683,0.02985550067582672,0.025052249778454015,0.00018836278028913005,0.08466906973996363,0.040592179152307326,0.0,0.3451747948798307,0.0005650883408673771,0.003013804484625864,0.0,9.418139014456502e-05,8.646550419151904e-24,8.646550419151904e-24,8.646550419151904e-24,8.646550419151904e-24,1.8201865478096093e-15,8.46250105467921e-08,0.12637813896390224,3.4339715473636932e-12,0.0,0.025587315221364197,5.46877364403696e-18,3.0666638115958e-14,1.6480803376207242e-10,8.646550419151904e-24,0.1368707840398406,8.646550419151904e-24
2024930_WZY_DM_assembly_Plate1B2,2024930_WZY_DM_assembly_Plate1,high other species,,B2,Plate1_B2,Fructose,cycle 5,,0.8915,48 h,,"growth curve data NA, so 48 h label rather than 0: 0.05:48 was used",Ho lab/7_Shared data/16s rRNA/Raw reads/2024930_DM_assembly/Plate1,,0.0,0.2317699236832228,0.0,0.0,0.0,0.0,0.0001487134576087,0.0,not_assessable,review_required,False,high other species,0.1530753588839958,0.00023465818939800485,0.0,0.0014079491363883094,0.1106022266029485,0.037571383435843556,0.002216216233203722,7.821939646601733e-05,0.016530365786484962,0.04893926905557144,0.0,0.004458505598562933,0.00018251192508730594,0.13951733016321954,0.0,0.0,2.7394473672921187e-24,2.7394473672921187e-24,2.7394473672921187e-24,2.7394473672921187e-24,6.079023515154496e-11,0.043262805892982314,0.05885686465438536,0.2544880085572206,0.0,4.951300781539795e-09,1.9197986941325052e-07,0.0029626478919527748,0.002805423202544434,2.7394473672921187e-24,0.12281005840178402,2.7394473672921187e-24
2024930_WZY_DM_assembly_Plate1B3,2024930_WZY_DM_assembly_Plate1,high other species,,B3,Plate1_B3,Fructose,cycle 5,,0.9065,48 h,,"growth curve data NA, so 48 h label rather than 0: 0.05:48 was used",Ho lab/7_Shared data/16s rRNA/Raw reads/2024930_DM_assembly/Plate1,,0.0,0.1692873356390602,5.649030971521156e-05,0.0,0.0,0.0,0.0,0.0,not_assessable,review_required,False,high other species,0.1294266960510766,0.0008964957112406598,0.0,0.0037224061053689433,0.006704228797104274,0.03186457582344677,0.0016565681620751532,0.0,0.004599412779408721,0.05753163781701216,0.0,0.0,5.8467111602654684e-05,0.47925491380696045,0.0,0.0,2.6952959525182706e-24,2.6952959525182706e-24,2.6952959525182706e-24,2.6952959525182706e-24,2.192143459794122e-10,0.07335470496958606,0.0050090567145092925,3.879505382530273e-06,0.0,0.0026460627025412043,2.773350368906372e-22,5.240673647629492e-21,0.0006270204666628135,2.6952959525182706e-24,0.20264387325680736,2.6952959525182706e-24
2024930_WZY_DM_assembly_Plate1B4,2024930_WZY_DM_assembly_Plate1,high other species,,B4,Plate1_B4,Fructose,cycle 5,,0.8665,48 h,,"growth curve data NA, so 48 h label rather than 0: 0.05:48 was used",Ho lab/7_Shared data/16s rRNA/Raw reads/2024930_DM_assembly/Plate1,,0.0,0.2128345835857596,0.000200714514807,0.0,0.0,0.0,0.0,0.0,not_assessable,review_required,False,high other species,0.7271018190103065,0.004345484592432118,0.0,0.0006390418518283591,0.0030674008887753208,0.0935557271076713,0.10633656414423845,0.0006390418518283591,0.008051927333036666,0.022366464813992303,0.0,0.0,0.0,0.03029058377666395,0.0,0.0,1.6167910960180672e-23,1.6167910960180672e-23,1.6167910960180672e-23,1.6167910960180672e-23,4.054224526824155e-18,1.2225304994376727e-13,3.416442903141355e-15,4.821630967514035e-13,0.0,8.737188640514332e-19,3.323210762132497e-12,5.9787672699015955e-15,1.0155238606364416e-11,1.6167910960180672e-23,0.0036059446151345473,1.6167910960180672e-23
2024930_WZY_DM_assembly_Plate1B5,2024930_WZY_DM_assembly_Plate1,high other species,,B5,Plate1_B5,Fructose,cycle 5,,0.8965,48 h,,"growth curve data NA, so 48 h label rather than 0: 0.05:48 was used",Ho lab/7_Shared data/16s rRNA/Raw reads/2024930_DM_assembly/Plate1,,0.0,0.1600786878689248,0.0,0.0,0.0,0.0,4.945661168422794e-05,8.65490704473989e-05,not_assessable,review_required,False,high other species,0.3501844570417468,0.0019940905494307873,0.0,0.0009970452747153937,0.008530276239232347,0.08463806554251621,0.0015509593162236965,0.0004431312332068928,0.04641799667842178,0.08502580537157224,0.17968971506539477,0.0,0.0,0.0010524366788659998,0.0,0.0,8.749999852226266e-24,8.749999852226266e-24,8.749999852226266e-24,8.749999852226266e-24,6.74447420999156e-18,0.0846857891036558,0.12663237688028994,3.7215206238585146e-13,0.0,5.2706807286925116e-18,1.2702364353883831e-11,7.35135106966072e-15,7.141268161797525e-11,8.749999852226266e-24,0.02815785494023279,8.749999852226266e-24
2024930_WZY_DM_assembly_Plate1B6,2024930_WZY_DM_assembly_Plate1,high other species,,B6,Plate1_B6,Fructose,cycle 5,,0.7905,48 h,,"growth curve data NA, so 48 h label rather than 0: 0.05:48 was used",Ho lab/7_Shared data/16s rRNA/Raw reads/2024930_DM_assembly/Plate1,,0.0,0.1715680253092059,0.0001401347278851,0.0,0.0,0.0,0.0,0.0,not_assessable,review_required,False,high other species,0.2539902874839702,0.0014403135210855037,0.0,4.500979753393057e-05,0.0008551861531445177,0.04262427826463205,0.0019804310914925674,0.00027005878520358346,0.02349511431271145,0.05207633574675734,0.0672896473132259,0.0,0.0,0.2945441150620414,0.0,0.0,8.155201125068516e-24,8.155201125068516e-24,8.155201125068516e-24,8.155201125068516e-24,2.187848767778829e-18,0.04032834534382875,0.055725489155251814,1.7985479626527298e-10,0.0,1.5322897970171455e-16,4.3645132067805914e-15,5.777733935294171e-12,1.0695518419765645e-13,8.155201125068516e-24,0.16533538778337709,8.155201125068516e-24
2024930_WZY_DM_assembly_Plate1B7,2024930_WZY_DM_assembly_Plate1,,,B7,Plate1_B7,Oligo_xylose,cycle 5,,0.9945,48 h,,"growth curve data NA, so 48 h label rather than 0: 0.05:48 was used",Ho lab/7_Shared data/16s rRNA/Raw reads/2024930_DM_assembly/Plate1,,0.0,0.0,0.0412874257372749,0.0,0.0,0.0,0.0009758523487538,0.0019871902374623,not_assessable,review_required,True,,0.0,0.002276683120956443,0.00915351364384549,0.0,0.0029160256412250215,0.13978210613872513,0.03875039421627978,0.23565229673900215,0.00032746812013750257,0.04169760729751791,0.0,0.0,0.009855231044140302,0.0459235054192933,0.0030407754012774873,0.00018712464007861052,1.7165574725191735e-24,1.7165574725191735e-24,1.7165574725191735e-24,1.7165574725191735e-24,0.03640568523983775,0.04751776424645938,0.009224228653284351,9.470442913889004e-07,0.0,1.178646302569027e-11,1.382030879994618e-22,4.0396393085713795e-22,0.24935264580891725,1.7165574725191735e-24,0.12793599757294433,1.7165574725191735e-24
2024930_WZY_DM_assembly_Plate1B8,2024930_WZY_DM_assembly_Plate1,,,B8,Plate1_B8,Oligo_xylose,cycle 5,,0.8925,48 h,,"growth curve data NA, so 48 h label rather than 0: 0.05:48 was used",Ho lab/7_Shared data/16s rRNA/Raw reads/2024930_DM_assembly/Plate1,,0.0,0.0,0.0537845335799329,0.0,0.0,0.0,0.0004470581435672,0.0020289561900358,not_assessable,review_required,True,,0.0,0.0033888529876419018,0.02372197091349394,0.0,0.0006454958071698936,0.05250032564981906,0.0013985742488680768,0.06653985945576443,0.001559948200660511,0.16067466466804264,0.00037653922084901335,0.0947265097021838,0.02501296252783388,0.11656578451143236,0.06890667741538743,0.00048412185537730285,3.0550727787042992e-24,3.0550727787042992e-24,3.0550727787042992e-24,3.0550727787042992e-24,2.449244741131005e-08,0.055461647758960037,0.10718283301818496,0.08093067505115198,0.0,0.009514161118295686,4.7839353121077355e-12,1.3632775616908984e-11,8.550159814973404e-05,3.0550727787042992e-24,0.13032286977986918,3.0550727787042992e-24
2024930_WZY_DM_assembly_Plate1B9,2024930_WZY_DM_assembly_Plate1,,,B9,Plate1_B9,Oligo_xylose,cycle 5,,0.8505,48 h,,"growth curve data NA, so 48 h label rather than 0: 0.05:48 was used",Ho lab/7_Shared data/16s rRNA/Raw reads/2024930_DM_assembly/Plate1,,0.0,0.0,0.0038653032440056,0.0,0.0,0.0,0.0003165550070521,0.0022325458392101,not_assessable,review_required,True,,0.00014755591230866436,0.0018887156775508648,0.02027418235121038,0.0,0.00041315655446421296,0.02726833259464107,0.04571282163322422,0.4374147464478046,0.00637441541173428,0.10989964348749305,0.0,0.07953263673436994,0.002006760407397783,0.013073453830547496,0.00020657827723201793,0.00035413418954075395,3.459561568347984e-24,3.459561568347984e-24,3.459561568347984e-24,3.459561568347984e-24,1.1650175419864061e-07,0.03741349520236134,0.08080876339997464,0.00023820133260219663,0.0,5.775166462307171e-05,3.675567748077761e-16,5.0773177486803915e-11,6.547128109753468e-06,3.459561568347984e-24,0.136907991210282,3.459561568347984e-24
2024930_WZY_DM_assembly_Plate1C10,2024930_WZY_DM_assembly_Plate1,,,C10,Plate1_C10,Xylan,cycle 5,,0.8855,48 h,,"growth curve data NA, so 48 h label rather than 0: 0.05:48 was used",Ho lab/7_Shared data/16s rRNA/Raw reads/2024930_DM_assembly/Plate1,,0.0,0.0,0.0493681280310378,0.0,0.0,0.0,0.0023704946653734,0.0052906692531522,not_assessable,review_required,True,,0.0,4.623160589186607e-05,0.003467370441889874,0.0,0.06305991043650527,0.22843036471171022,0.030605323100415298,0.0024965067181607257,0.004207076136159688,0.020018285351177886,0.0,0.0016181062062152027,0.01373078694988419,0.06449309021915309,0.0,0.00023115802945919932,2.6283253676040377e-24,2.6283253676040377e-24,2.6283253676040377e-24,2.6283253676040377e-24,4.209778205039689e-05,0.05966764098956029,0.03916393488424011,0.17706308422279896,0.0,5.763822257159873e-15,1.1845400916876288e-10,4.083304972499249e-09,0.15692097724180215,2.6283253676040377e-24,0.13473805077116097,2.6283253676040377e-24
2024930_WZY_DM_assembly_Plate1C11,2024930_WZY_DM_assembly_Plate1,,,C11,Plate1_C11,Xylan,cycle 5,,0.9635,48 h,,"growth curve data NA, so 48 h label rather than 0: 0.05:48 was used",Ho lab/7_Shared data/16s rRNA/Raw reads/2024930_DM_assembly/Plate1,,0.0,0.0,0.019201143912324,0.0,0.0,0.0,0.0006238638816278,0.0036507590110074,not_assessable,review_required,True,,9.507129828338504e-05,4.753564914169252e-05,0.00577558137071563,0.0,0.03192018839864643,0.13473979749212744,0.03249061618834675,0.17894795119390144,2.376782457084626e-05,0.0029947458959265275,0.0,0.008176131652371016,0.011289716671151875,0.12444832945295094,0.0,0.00014260694742505316,2.0090622502183574e-24,2.0090622502183574e-24,2.0090622502183574e-24,2.0090622502183574e-24,0.022655317254704332,0.050658936789139845,0.0031064095277268918,0.00028589723617273574,0.0,3.978351888517259e-08,2.1782642731368313e-20,1.7150350595311095e-18,0.24633590207718162,2.0090622502183574e-24,0.1458654572959966,2.0090622502183574e-24
2024930_WZY_DM_assembly_Plate1C12,2024930_WZY_DM_assembly_Plate1,,,C12,Plate1_C12,Xylan,cycle 5,,0.8945,48 h,,"growth curve data NA, so 48 h label rather than 0: 0.05:48 was used",Ho lab/7_Shared data/16s rRNA/Raw reads/2024930_DM_assembly/Plate1,,0.0,0.0002235070379521,0.024511271828757,0.0,0.0,0.0,0.0006208528832005,0.0020115633415697,not_assessable,review_required,True,,0.0007837346245374349,0.0010076588029767986,0.012035924591113828,0.0,0.07568637231249366,0.035380020193414054,0.006885668487009364,0.31248619101208575,0.0006717725353178657,0.06986434367307111,0.0,0.012987602349481068,0.003022976408930847,0.20214755208610546,0.0020712986505636074,0.0,4.40273294656923e-24,4.40273294656923e-24,4.40273294656923e-24,4.40273294656923e-24,2.2154652645499884e-12,0.045913471193784354,0.05398777008181246,0.00014596545451175006,0.0,4.2328813858804295e-13,5.451196452918404e-15,2.8010790793909973e-08,1.322162079037605e-10,4.40273294656923e-24,0.1649216493971393,4.40273294656923e-24
2024930_WZY_DM_assembly_Plate1C1,2024930_WZY_DM_assembly_Plate1,,,C1,Plate1_C1,Xylose,cycle 5,,0.8155,48 h,,"growth curve data NA, so 48 h label rather than 0: 0.05:48 was used",Ho lab/7_Shared data/16s rRNA/Raw reads/2024930_DM_assembly/Plate1,,0.0,0.0,0.0021565497692586,0.0,0.0,0.0,0.0,0.0,not_assessable,review_required,True,,0.021046464979123356,0.00037970426508720996,0.011915481461548307,0.00014464924384274664,0.13267951891478325,0.006834676771570934,0.0021335763466808983,0.11731053675648871,0.002766416788492915,0.00039778542056755333,0.0,0.15448539242408124,3.61623109606932e-05,0.06241614871815634,0.0,0.0,2.505463990234167e-24,2.505463990234167e-24,2.505463990234167e-24,2.505463990234167e-24,5.378275113237185e-05,0.030143629772901637,3.6607298846858903e-10,0.1316319998405954,0.0,0.025154564728170615,9.015504320729742e-12,9.71260801667098e-07,0.17749041516907388,2.505463990234167e-24,0.12297812170085194,2.505463990234167e-24
2024930_WZY_DM_assembly_Plate1C2,2024930_WZY_DM_assembly_Plate1,,,C2,Plate1_C2,Xylose,cycle 5,,0.9295,48 h,,"growth curve data NA, so 48 h label rather than 0: 0.05:48 was used",Ho lab/7_Shared data/16s rRNA/Raw reads/2024930_DM_assembly/Plate1,,0.0,0.0,0.0088358767205266,0.0,0.0,0.0,0.0,0.0,not_assessable,review_required,True,,0.14192777199498935,0.00034199463131318096,0.05601277287638816,7.434665898109306e-05,0.1266420989084677,0.005219135460475749,0.008609343110015552,0.020995496496272897,0.0012192852072906073,0.0242221414960542,0.0,0.0647262013089773,0.00016356264975843254,0.029188498315994106,0.0,8.921599077733946e-05,1.3574439156193066e-24,1.3574439156193066e-24,1.3574439156193066e-24,1.3574439156193066e-24,0.041275930086589585,0.02756529718159175,0.0003682572763520713,9.983097808626526e-06,0.0,0.014834358530265894,4.784168112910521e-22,1.3765563636866576e-20,0.33380935416597823,1.3574439156193066e-24,0.10270495455565813,1.3574439156193066e-24
2024930_WZY_DM_assembly_Plate1C3,2024930_WZY_DM_assembly_Plate1,,,C3,Plate1_C3,Xylose,cycle 5,,0.8765,48 h,,"growth curve data NA, so 48 h label rather than 0: 0.05:48 was used",Ho lab/7_Shared data/16s rRNA/Raw reads/2024930_DM_assembly/Plate1,,0.0,0.0,0.0011311888932342,0.0,0.0,0.0,0.0,0.0,not_assessable,review_required,True,,0.10238260110589666,0.0012481454926556526,0.005027252678752109,0.0,0.06063906851818937,0.0006240727463278263,0.01896487734674067,0.22185786131955051,0.00024269495690527142,0.04964845404119336,0.0,0.04940575908428809,0.00024269495690527142,0.018410146016671534,0.0,0.0006587434544571219,1.9754750937385013e-24,1.9754750937385013e-24,1.9754750937385013e-24,1.9754750937385013e-24,0.000664340870205704,0.02708696980909336,0.036741264408649374,0.13848110144797893,0.0,0.008834884124543712,2.8876356002150983e-10,8.395400128827868e-06,0.1565771008154224,1.9754750937385013e-24,0.1022535711166807,1.9754750937385013e-24
2024930_WZY_DM_assembly_Plate1C4,2024930_WZY_DM_assembly_Plate1,,,C4,Plate1_C4,Xylose,cycle 5,,0.8405,48 h,,"growth curve data NA, so 48 h label rather than 0: 0.05:48 was used",Ho lab/7_Shared data/16s rRNA/Raw reads/2024930_DM_assembly/Plate1,,0.0,0.0,0.0112975707642324,0.0,0.0,0.0,0.0,0.0,not_assessable,review_required,True,,0.14754033671460454,0.0018102190977962503,0.04812789121992322,0.00019448634934999097,0.04335549541664202,0.0014062859106846856,0.0007330639321653829,0.13871364855179608,0.0013763649338616036,0.022680100431894133,0.0,0.0,0.0,0.1193996580124983,0.0,0.000269288791407654,1.6371725367262773e-24,1.6371725367262773e-24,1.6371725367262773e-24,1.6371725367262773e-24,0.023439516095874274,0.03159589671644946,0.024040724194364364,0.07247629385189652,0.0,0.00018847039678450344,4.2155109644997656e-17,1.1494290634840918e-12,0.20688615102423885,1.6371725367262773e-24,0.11576610835661873,1.6371725367262773e-24
2024930_WZY_DM_assembly_Plate1C5,2024930_WZY_DM_assembly_Plate1,,,C5,Plate1_C5,Xylose,cycle 5,,0.7795,48 h,,"growth curve data NA, so 48 h label rather than 0: 0.05:48 was used",Ho lab/7_Shared data/16s rRNA/Raw reads/2024930_DM_assembly/Plate1,,0.0,0.0,0.0105540811345476,0.0,0.0,0.0,0.0,0.0,not_assessable,review_required,True,,0.09454443925171958,0.001074829532462618,0.12962849757550227,0.0004664354574837509,0.09521367273419636,0.0019063014349338108,0.0013384669649535482,0.13508376444781298,0.0013384669649535482,0.03173789091139872,0.0002636374324908289,0.0,0.00010139901249641034,0.01543292970196451,0.0,0.0003447566424879369,1.9778071697605443e-24,1.9778071697605443e-24,1.9778071697605443e-24,1.9778071697605443e-24,0.03526991943734128,0.016751043831327958,0.02740992493518401,0.07070455965441479,0.0,1.574558306892298e-11,1.819020652597247e-05,0.01248921710109582,0.23424516342643686,1.9778071697605443e-24,0.0946364933270708,1.9778071697605443e-24
2024930_WZY_DM_assembly_Plate1C6,2024930_WZY_DM_assembly_Plate1,,,C6,Plate1_C6,Xylose,cycle 5,,0.9555,48 h,,"growth curve data NA, so 48 h label rather than 0: 0.05:48 was used",Ho lab/7_Shared data/16s rRNA/Raw reads/2024930_DM_assembly/Plate1,,0.0,0.0,0.0026595883184807,0.0,0.0,0.0,0.0,0.0,not_assessable,review_required,True,,0.0025014353870601853,0.0001937731637863414,0.031109400658790767,0.0003170833589230966,0.12653387595248833,0.003206065073555965,0.013405579785583129,0.15463098470150946,0.0009160185924445379,0.0022195835124618406,0.0012859491778548858,0.0,0.00010569445297433817,0.13706808976560092,0.028995511599303265,8.80787108119211e-05,1.6041251667822931e-24,1.6041251667822931e-24,1.6041251667822931e-24,1.6041251667822931e-24,0.004771014892379429,0.030352649244696148,8.878953326992646e-05,0.22462045034064604,0.0,2.142017932806719e-05,7.479510606174883e-17,5.510300088219899e-10,0.11905375266561007,1.6041251667822931e-24,0.11851479869989126,1.6041251667822931e-24
2024930_WZY_DM_assembly_Plate1C7,2024930_WZY_DM_assembly_Plate1,,,C7,Plate1_C7,Xylan,cycle 5,,0.8385,48 h,,"growth curve data NA, so 48 h label rather than 0: 0.05:48 was used",Ho lab/7_Shared data/16s rRNA/Raw reads/2024930_DM_assembly/Plate1,,0.0,0.0,0.0422199028389251,0.0,0.0,0.0,0.0001697282526187,0.000551616821011,not_assessable,review_required,True,,0.0,0.00023204247366023816,0.005940287325704678,0.0,0.031743410396734444,0.2995668334954991,0.007750218620255279,0.03786933170136751,0.001577888820890254,0.0355953154594961,0.0,0.0040839475364218975,0.014897126808993764,0.2068890695155592,0.0021811992524071572,0.00023204247366023816,2.1361580025724796e-24,2.1361580025724796e-24,2.1361580025724796e-24,2.1361580025724796e-24,0.055359685395119006,0.09056974549166558,1.9016552573333924e-20,1.1584926727171218e-22,0.0,4.401874953113097e-06,2.1683866459312116e-24,2.246295626522778e-24,5.670976317837453e-07,2.1361580025724796e-24,0.20550688625998065,2.1361580025724796e-24
2024930_WZY_DM_assembly_Plate1C8,2024930_WZY_DM_assembly_Plate1,,,C8,Plate1_C8,Xylan,cycle 5,,0.7715,48 h,,"growth curve data NA, so 48 h label rather than 0: 0.05:48 was used",Ho lab/7_Shared data/16s rRNA/Raw reads/2024930_DM_assembly/Plate1,,0.0,0.0,0.0402545551348793,0.0,0.0,0.0,9.1280170373876e-05,0.0026014848556554,not_assessable,review_required,True,,0.00015630801686215677,0.0008596940927420762,0.08671187235430615,0.0,0.030519140292344732,0.022742816453450273,0.05838104429803212,0.019264963078266282,0.003829546413123911,0.03849084915231704,0.0,0.0497841033706111,0.011371408226725093,0.10214728901944851,0.021218813289043795,0.0005080010548020737,1.6722640535373025e-24,1.6722640535373025e-24,1.6722640535373025e-24,1.6722640535373025e-24,0.023028930629096618,0.030429661212196975,0.03472486826217243,0.21122911124006585,0.0,0.0092489265830556,1.5922437052771404e-15,6.734272457838966e-13,0.14077672165994276,1.6722640535373025e-24,0.10457593130071938,1.6722640535373025e-24
2024930_WZY_DM_assembly_Plate1C9,2024930_WZY_DM_assembly_Plate1,,,C9,Plate1_C9,Xylan,cycle 5,,0.8225,48 h,,"growth curve data NA, so 48 h label rather than 0: 0.05:48 was used",Ho lab/7_Shared data/16s rRNA/Raw reads/2024930_DM_assembly/Plate1,,0.0,0.0,0.0334160290742157,0.0,0.0,0.0,0.0007551644988523,0.004530986993114,not_assessable,review_required,True,,0.0,0.0018677924155287007,0.037155727694624704,0.0,0.034620866559264336,0.0362218314868603,0.0044026535508890725,0.036822193334708875,0.0012674305676801329,0.11300144113948708,0.0,0.07437816226123262,0.029617851160526693,0.0038689985750237146,0.14782242831470094,0.0,2.0703334365976683e-24,2.0703334365976683e-24,2.0703334365976683e-24,2.0703334365976683e-24,0.0009698148936909145,0.036727147523844074,0.07559904734334691,0.003438253647914107,0.0,0.009283938790964676,1.3563219930432926e-14,2.0218475364075444e-15,0.24821504860405583,2.0703334365976683e-24,0.10471937213564067,2.0703334365976683e-24
2024930_WZY_DM_assembly_Plate1D10,2024930_WZY_DM_assembly_Plate1,,,D10,Plate1_D10,Sucrose,cycle 5,,1.0385,48 h,,"growth curve data NA, so 48 h label rather than 0: 0.05:48 was used",Ho lab/7_Shared data/16s rRNA/Raw reads/2024930_DM_assembly/Plate1,,0.0,0.0,0.0,0.0,0.0,0.0,0.0,0.0,not_assessable,review_required,True,,0.020030789429245126,0.0,0.0,0.0030605767200898833,0.006418075062278038,0.0009364451158483971,0.0008907648662948166,0.012356507504243558,0.003859981087277539,0.00906752953638577,0.0,4.568024955358082e-05,0.0008222444919644463,0.6345671866735679,0.0,0.0,1.4266916379760845e-24,1.4266916379760845e-24,1.4266916379760845e-24,1.4266916379760845e-24,1.2734511523818382e-10,0.07384188767926035,1.6310030028491793e-24,2.961591846939387e-24,0.0,0.014657425084007256,1.4275613372145202e-24,1.4305286615917498e-24,1.783149020506933e-22,1.4266916379760845e-24,0.2194449063726382,1.4266916379760845e-24
2024930_WZY_DM_assembly_Plate1D11,2024930_WZY_DM_assembly_Plate1,,,D11,Plate1_D11,Sucrose,cycle 5,,1.0475,48 h,,"growth curve data NA, so 48 h label rather than 0: 0.05:48 was used",Ho lab/7_Shared data/16s rRNA/Raw reads/2024930_DM_assembly/Plate1,,0.0,0.0,0.0,0.0,0.0,0.0,0.0,0.0,not_assessable,review_required,True,,0.05561138256121712,0.0,0.0,0.001194432727151786,0.0026523432617636664,0.00867720245901487,0.0003337385561159106,0.013490063741950295,0.00015808668447592225,0.004514253101147423,0.0,0.0031266033151915824,0.0005620859892478729,0.6033466138961618,0.0,0.0,1.4588419821113438e-24,1.4588419821113438e-24,1.4588419821113438e-24,1.4588419821113438e-24,1.071856780696145e-09,0.0728214149825991,1.841151812308755e-24,3.1135671732743873e-24,0.0,0.014974187169076322,1.4598347140216634e-24,1.4631733053965056e-24,1.399508259515343e-21,1.4588419821113438e-24,0.21853759048302948,1.4588419821113438e-24
2024930_WZY_DM_assembly_Plate1D12,2024930_WZY_DM_assembly_Plate1,,,D12,Plate1_D12,Sucrose,cycle 5,,1.0265,48 h,,"growth curve data NA, so 48 h label rather than 0: 0.05:48 was used",Ho lab/7_Shared data/16s rRNA/Raw reads/2024930_DM_assembly/Plate1,,0.0,0.0,0.0002597550483324,0.0,0.0,0.0,0.0,0.0,not_assessable,review_required,True,,0.23704299785391683,0.00016244166376829815,0.0,0.0008528187347836629,0.002964560363771773,0.005523016568122762,0.002071131213046016,0.016975153863789148,0.021076805873939085,0.02168596211307034,0.0,0.017503089271036134,0.0024772353724668004,0.20922486293359255,0.0,0.0,1.5267695304880529e-24,1.5267695304880529e-24,1.5267695304880529e-24,1.5267695304880529e-24,0.00880151029424191,0.04334263904705798,5.997906771755635e-07,1.251423243133743e-11,0.0,0.011590734391413312,5.690035727040777e-24,2.6087175709879417e-23,0.2627813210366683,1.5267695304880529e-24,0.13592311960212372,1.5267695304880529e-24
2024930_WZY_DM_assembly_Plate1D1,2024930_WZY_DM_assembly_Plate1,,,D1,Plate1_D1,Maltose,cycle 5,,0.9025,48 h,,"growth curve data NA, so 48 h label rather than 0: 0.05:48 was used",Ho lab/7_Shared data/16s rRNA/Raw reads/2024930_DM_assembly/Plate1,,0.0,0.0,0.0,0.0,0.0,0.0,0.0011149329001032,0.0,not_assessable,review_required,True,,0.0014281695113762553,0.0002665916421235809,0.0,0.0002856339022751762,0.03665635079199288,0.01291065238284208,0.005579382224443479,0.17981606261235797,0.0023612402588087883,0.0015424230722864505,0.0,0.04092181706597017,0.0012948736903144649,0.435039475425387,0.0,0.0,2.435132865787735e-24,2.435132865787735e-24,2.435132865787735e-24,2.435132865787735e-24,9.18928191880797e-07,0.0629268626658734,1.0553472533592073e-07,1.3727207410622267e-08,0.0,0.01530615985487863,7.20035750545232e-23,2.1716735659022557e-20,0.00039035929305284074,2.435132865787735e-24,0.20327290741589218,2.435132865787735e-24
2024930_WZY_DM_assembly_Plate1D2,2024930_WZY_DM_assembly_Plate1,,,D2,Plate1_D2,Maltose,cycle 5,,0.9905,48 h,,"growth curve data NA, so 48 h label rather than 0: 0.05:48 was used",Ho lab/7_Shared data/16s rRNA/Raw reads/2024930_DM_assembly/Plate1,,0.0,0.0,0.0,0.0,0.0,0.0,0.0005830267611259,0.0,not_assessable,review_required,True,,0.0009116372516735076,0.00034729038158988777,0.0,0.0,0.02418009281819766,0.0013457502286608673,0.003277552976254801,0.1164073947791691,0.001389161526359551,0.008986138623638921,0.0,0.0017147462591000971,0.0007814033585772476,0.5499994361941763,0.0,0.0,2.0359745908704227e-24,2.0359745908704227e-24,2.0359745908704227e-24,2.0359745908704227e-24,1.3952249761855063e-07,0.0680339532864439,8.371470715252098e-17,3.530041960762051e-18,0.0,0.011838665245013664,2.6427704238907206e-24,3.1047676832528365e-24,3.899459851176522e-06,2.0359745908704227e-24,0.21078273808879558,2.0359745908704227e-24
2024930_WZY_DM_assembly_Plate1D3,2024930_WZY_DM_assembly_Plate1,,,D3,Plate1_D3,Maltose,cycle 5,,0.9495,48 h,,"growth curve data NA, so 48 h label rather than 0: 0.05:48 was used",Ho lab/7_Shared data/16s rRNA/Raw reads/2024930_DM_assembly/Plate1,,0.0,0.0,0.0,0.0,0.0,0.0,0.0060086118346234,0.0,not_assessable,review_required,True,,0.016998574363208816,0.0008274438314365656,0.0,0.0013311052940501633,0.0028061138631328714,0.007105224204727493,0.003975327972771551,0.09972496959749222,0.0002518307313066955,0.0029320292287862712,0.001421044840945478,0.001061286653364322,0.0007375042845412507,0.565288040146247,0.0,0.0,2.0172311980142356e-24,2.0172311980142356e-24,2.0172311980142356e-24,2.0172311980142356e-24,1.6292103576573346e-07,0.0696417236808982,3.610417930965968e-18,2.9476315350528587e-19,0.0,0.012062707848274581,2.3944274378447216e-24,2.62003716916616e-24,5.293671159594064e-07,2.0172311980142356e-24,0.2138343811706648,2.0172311980142356e-24
2024930_WZY_DM_assembly_Plate1D4,2024930_WZY_DM_assembly_Plate1,,,D4,Plate1_D4,Maltose,cycle 5,,0.9865,48 h,,"growth curve data NA, so 48 h label rather than 0: 0.05:48 was used",Ho lab/7_Shared data/16s rRNA/Raw reads/2024930_DM_assembly/Plate1,,0.0,0.0,0.0,0.0,0.0,0.0,0.003357591172757,0.0,not_assessable,review_required,True,,0.006927928493493955,0.00037113902643712315,0.0,0.00030928252203091695,0.028000377661204705,0.009628995852564427,0.003195919394320122,0.09016616458943179,0.0009278475660928648,0.017031157546505887,0.0,0.003938197447194483,0.0009897040704990713,0.542605256651152,0.004866045013287347,0.0,2.2308958104292124e-24,2.2308958104292124e-24,2.2308958104292124e-24,2.2308958104292124e-24,7.933863760003476e-09,0.06962670855161744,5.101599786690919e-13,8.594329003388369e-15,0.0,0.010661380478109134,4.260081526567107e-24,7.733003796551451e-24,3.7688935189464492e-06,2.2308958104292124e-24,0.21075011830815718,2.2308958104292124e-24
2024930_WZY_DM_assembly_Plate1D5,2024930_WZY_DM_assembly_Plate1,,,D5,Plate1_D5,Maltose,cycle 5,,0.9975,48 h,,"growth curve data NA, so 48 h label rather than 0: 0.05:48 was used",Ho lab/7_Shared data/16s rRNA/Raw reads/2024930_DM_assembly/Plate1,,0.0,0.0,0.0,0.0,0.0,0.0,0.0,0.0,not_assessable,review_required,True,,0.0032687226111450295,0.0002487071551958195,0.0,0.0002664719519954614,0.008082982543864088,0.0019718924447668217,0.004032608873532223,0.1052919506318304,0.0012968301663781158,0.014993488498948016,0.0010125934175829198,0.002398247567959615,0.0009060046367846983,0.5626821738337437,0.0,0.0,1.8067763944370544e-24,1.8067763944370544e-24,1.8067763944370544e-24,1.8067763944370544e-24,2.794221871411996e-06,0.06950972670711668,1.4919580161245169e-21,2.163499336346421e-22,0.0,0.013162915631379142,1.86756461202668e-24,1.89209686866936e-24,5.3406827757859313e-11,1.8067763944370544e-24,0.2108718890524989,1.8067763944370544e-24
2024930_WZY_DM_assembly_Plate1D6,2024930_WZY_DM_assembly_Plate1,,,D6,Plate1_D6,Maltose,cycle 5,,0.9395,48 h,,"growth curve data NA, so 48 h label rather than 0: 0.05:48 was used",Ho lab/7_Shared data/16s rRNA/Raw reads/2024930_DM_assembly/Plate1,,0.0,0.0,0.000445235838537,0.0,0.0,0.0,0.0,0.0,not_assessable,review_required,True,,0.011324137974211848,0.000718599565103095,0.0,0.00032213083952899977,0.0033204255766835214,7.433788604515464e-05,0.004906300478980186,0.14171279009741308,0.00017345506743861937,0.0016849920836900943,0.0,0.0004212480209225236,0.0011398475860256185,0.544475456690061,0.0,0.0,1.84789715843131e-24,1.84789715843131e-24,1.84789715843131e-24,1.84789715843131e-24,1.0952482461471462e-05,0.06657000387851765,3.5319250392395595e-20,8.641671449180103e-21,0.0,0.012376704009138042,2.0194901330866077e-24,2.0928245003883416e-24,1.9189384090745244e-09,1.84789715843131e-24,0.21076861584484075,1.84789715843131e-24
2024930_WZY_DM_assembly_Plate1D7,2024930_WZY_DM_assembly_Plate1,,,D7,Plate1_D7,Sucrose,cycle 5,,1.0385,48 h,,"growth curve data NA, so 48 h label rather than 0: 0.05:48 was used",Ho lab/7_Shared data/16s rRNA/Raw reads/2024930_DM_assembly/Plate1,,0.0,0.0,0.0,0.0,0.0,0.0,0.0,0.0,not_assessable,review_required,True,,0.14359212168725302,7.942042128719748e-05,0.0,0.0006353633702974961,0.004407833381439388,0.007505229811640138,0.0032959474834186064,0.2060165728189902,0.028353090399529473,0.04876413867033917,0.01953742363665051,0.0,0.00015884084257430386,0.1356897897691769,0.0,3.971021064359874e-05,1.8272856806258474e-24,1.8272856806258474e-24,1.8272856806258474e-24,1.8272856806258474e-24,0.00018840068987312168,0.04588519035483769,0.07063052876239606,0.0002418414652106075,0.0,8.507690138027097e-05,3.6833762090153283e-22,1.8520411280745855e-23,0.15837302525040792,1.8272856806258474e-24,0.12652045407265447,1.8272856806258474e-24
2024930_WZY_DM_assembly_Plate1D8,2024930_WZY_DM_assembly_Plate1,,,D8,Plate1_D8,Sucrose,cycle 5,,1.0065,48 h,,"growth curve data NA, so 48 h label rather than 0: 0.05:48 was used",Ho lab/7_Shared data/16s rRNA/Raw reads/2024930_DM_assembly/Plate1,,0.0,0.0,0.0,0.0,0.0,0.0,0.0,0.0,not_assessable,review_required,True,,0.05223876098109067,7.716212848019307e-05,0.0,0.0011265670758107576,0.0020216477661810046,0.002716106922502718,0.0008487834132820541,0.09254825689914348,0.013858318275042657,0.017870748956012688,0.00027778366252861295,0.005200727459564925,0.0005555673250573164,0.5216005561004091,0.0,0.0,1.7697362241778015e-24,1.7697362241778015e-24,1.7697362241778015e-24,1.7697362241778015e-24,4.0385405317395214e-05,0.06846254494608443,1.3335703939868079e-21,1.545683739189001e-22,0.0,0.013668509686830999,1.822127889741211e-24,1.8398654535235162e-24,4.3537827473525485e-11,1.7697362241778015e-24,0.20688757295312316,1.7697362241778015e-24
2024930_WZY_DM_assembly_Plate1D9,2024930_WZY_DM_assembly_Plate1,,,D9,Plate1_D9,Sucrose,cycle 5,,0.9825,48 h,,"growth curve data NA, so 48 h label rather than 0: 0.05:48 was used",Ho lab/7_Shared data/16s rRNA/Raw reads/2024930_DM_assembly/Plate1,,0.0,5.0899702977136146e-05,8.483283829522691e-05,0.0,0.0,0.0,0.0,0.0,not_assessable,review_required,True,,0.005500873011742871,0.00021215488199556378,0.0,0.00036369408342094096,0.002015471378958124,0.0002424627222806571,0.0,0.009925817693365332,0.00016669312156787917,0.011774595950755487,0.00031823232299334566,0.0,0.0007880038474121579,0.6579074429884838,0.0,4.5461760427627575e-05,1.7444600978338754e-24,1.7444600978338754e-24,1.7444600978338754e-24,1.7444600978338754e-24,2.9750099048207044e-08,0.07516186156787066,1.2753500134108637e-23,7.893138482068968e-24,0.0,0.014428640339032078,1.754056934500473e-24,1.766936638841363e-24,3.2528026722204027e-15,1.7444600978338754e-24,0.2211485645795911,1.7444600978338754e-24
2024930_WZY_DM_assembly_Plate1E10,2024930_WZY_DM_assembly_Plate1,,,E10,Plate1_E10,Rhamonse,cycle 5,,0.7445,48 h,,"growth curve data NA, so 48 h label rather than 0: 0.05:48 was used",Ho lab/7_Shared data/16s rRNA/Raw reads/2024930_DM_assembly/Plate1,,0.0,0.0,0.000196007020623,0.0,0.0,0.0,0.0,0.0,not_assessable,review_required,True,,0.3107056838327913,0.00016191020522806878,0.0,0.0,0.09264501943153891,0.00025905632836500914,0.0,0.0,0.0002266742873192963,0.0028820016530607144,0.0,0.010880365791330584,0.0003562024515018504,0.010977511914467523,0.0,0.019947337284106203,1.9360380168890613e-24,1.9360380168890613e-24,1.9360380168890613e-24,1.9360380168890613e-24,0.0008397563816639978,0.020170772447826227,1.0349963020720382e-07,0.022685982630584772,0.0,0.0008438209363995518,0.005332516141662801,0.06500017947177464,0.3446464396221788,1.9360380168890613e-24,0.09143866568856958,1.9360380168890613e-24
2024930_WZY_DM_assembly_Plate1E11,2024930_WZY_DM_assembly_Plate1,,,E11,Plate1_E11,Rhamonse,cycle 5,,0.7305,48 h,,"growth curve data NA, so 48 h label rather than 0: 0.05:48 was used",Ho lab/7_Shared data/16s rRNA/Raw reads/2024930_DM_assembly/Plate1,,0.0,0.0,9.455086720165677e-05,0.0,0.0,0.0,0.0,0.0,not_assessable,review_required,True,,0.09579838124143068,0.0,0.0,0.0,0.026126831247662925,0.00019834033383310905,0.0,0.0,0.0009195779114083319,0.0012261038818778902,0.0,0.02728081137178326,0.00032455690990877597,0.540495440634882,0.0,0.0066534166531314505,2.2347766637040695e-24,2.2347766637040695e-24,2.2347766637040695e-24,2.2347766637040695e-24,1.0016138466574002e-07,0.0687482602106262,9.415853185992203e-14,9.317285378297728e-15,0.0,0.017078300559128744,4.12488325261144e-24,6.774712642019099e-24,0.0030907578702679636,2.2347766637040695e-24,0.21205912101257046,2.2347766637040695e-24
2024930_WZY_DM_assembly_Plate1E12,2024930_WZY_DM_assembly_Plate1,,,E12,Plate1_E12,Rhamonse,cycle 5,,0.6965,48 h,,"growth curve data NA, so 48 h label rather than 0: 0.05:48 was used",Ho lab/7_Shared data/16s rRNA/Raw reads/2024930_DM_assembly/Plate1,,0.0,0.0,1.34254708070703e-05,0.0,0.0,0.0,0.0,0.0,not_assessable,review_required,True,,0.1062488237507736,0.0,0.00020131053356478075,0.0,0.016780670905014554,0.00011503459060843082,0.0,8.627594295637323e-05,0.0005176556577382065,0.013976702758932431,0.0,0.03990262361732254,0.00025882782886904967,0.39510068076871124,0.11878759412709984,0.005507281025381798,2.0918906495992274e-24,2.0918906495992274e-24,2.0918906495992274e-24,2.0918906495992274e-24,2.595031624381841e-08,0.059363434992862,5.329158326067327e-12,6.709305287439558e-13,0.0,0.016096766223838776,7.689668156979123e-24,3.6844545919166474e-23,0.02946900665161827,2.0918906495992274e-24,0.19758728466839176,2.0918906495992274e-24
2024930_WZY_DM_assembly_Plate1E1,2024930_WZY_DM_assembly_Plate1,,,E1,Plate1_E1,Lactose,cycle 5,,0.8715,48 h,,"growth curve data NA, so 48 h label rather than 0: 0.05:48 was used",Ho lab/7_Shared data/16s rRNA/Raw reads/2024930_DM_assembly/Plate1,,0.0,0.0113128848711759,0.0,0.0,0.0,0.0,0.0015670599536923,0.0079211660672939,not_assessable,review_required,True,,0.006328399427070546,0.0004815086520595709,0.0,0.010833944671343628,0.00822004056016221,0.0018572476579445628,0.013275881406789225,0.5240533808167088,0.0008254434035308989,0.11191636812873718,0.0,0.011590601124580328,0.00605325162589358,0.05833133384952007,0.0,0.0005159021272068319,3.1292722318355746e-24,3.1292722318355746e-24,3.1292722318355746e-24,3.1292722318355746e-24,1.1296543086989735e-07,0.036698621376700075,0.07556953166614003,0.00041440460408907325,0.0,1.02014946083496e-12,3.9777539334395594e-20,4.1304534254952615e-11,8.569263442030347e-09,3.1292722318355746e-24,0.13303401732450448,3.1292722318355746e-24
2024930_WZY_DM_assembly_Plate1E2,2024930_WZY_DM_assembly_Plate1,,,E2,Plate1_E2,Lactose,cycle 5,,0.8545,48 h,,"growth curve data NA, so 48 h label rather than 0: 0.05:48 was used",Ho lab/7_Shared data/16s rRNA/Raw reads/2024930_DM_assembly/Plate1,,0.0,0.003867179289192,0.0001649507753683,0.0,0.0,0.0,0.0003115736868069,0.0039954743367007,not_assessable,review_required,True,,0.04633231016976233,0.0010774955853432627,0.0,0.013012831299915154,0.03816820900389174,0.0014090326885256832,0.015706570263273423,0.3047654821005656,0.005428920064614314,0.05184411451017219,0.04910893340891615,0.008744291096439876,0.03485283797206618,0.17041007103583428,0.0,0.0,4.416318011286858e-24,4.416318011286858e-24,4.416318011286858e-24,4.416318011286858e-24,1.4036095745263798e-10,0.053922718944918645,0.05003743887128463,8.019396715522972e-05,0.0,2.578406915559876e-13,1.4215827350383888e-15,2.4603887492513416e-09,2.9285617632357313e-09,4.416318011286858e-24,0.15509854348775062,4.416318011286858e-24
2024930_WZY_DM_assembly_Plate1E3,2024930_WZY_DM_assembly_Plate1,,,E3,Plate1_E3,Lactose,cycle 5,,0.9325,48 h,,"growth curve data NA, so 48 h label rather than 0: 0.05:48 was used",Ho lab/7_Shared data/16s rRNA/Raw reads/2024930_DM_assembly/Plate1,,0.0,0.0090892476393542,0.0,0.0,0.0,0.0,0.0006898089726295,0.0091298246377442,not_assessable,review_required,True,,0.021796279474674655,0.005671480883716164,0.0,0.019349758309150023,0.03536335139258459,0.019572169324197593,0.0013344660902859628,0.4855232458491344,0.002891343195620043,0.10864778085080261,0.018237703233911357,0.0,0.0263557052831527,0.036141789945251496,0.0,0.0,5.352743315192747e-24,5.352743315192747e-24,5.352743315192747e-24,5.352743315192747e-24,6.210457963998168e-12,0.004369838851462959,0.07957069186780573,1.2921632482159951e-10,0.0,7.185104471876377e-18,1.5628643608792322e-17,1.7460614298114587e-14,4.40243582983468e-12,5.352743315192747e-24,0.1351743953084031,5.352743315192747e-24
2024930_WZY_DM_assembly_Plate1E4,2024930_WZY_DM_assembly_Plate1,,,E4,Plate1_E4,Lactose,cycle 5,,0.8065,48 h,,"growth curve data NA, so 48 h label rather than 0: 0.05:48 was used",Ho lab/7_Shared data/16s rRNA/Raw reads/2024930_DM_assembly/Plate1,,0.0,0.0011865663196016,0.0,0.0,0.0,0.0,0.0,0.0090361588954277,not_assessable,review_required,True,,0.009740149426171333,0.0002164477650260391,0.0,0.040692179824895106,0.13744433079153445,0.0002164477650260391,0.0019480298852342665,0.43138039569689557,0.00822501507098939,0.009956597191197732,0.011904627076431999,0.0,0.058224448792004446,0.14047459950189928,0.0,0.0,9.263273266865321e-24,9.263273266865321e-24,9.263273266865321e-24,9.263273266865321e-24,1.5307354280237826e-14,5.63243058848226e-11,1.8453644609355737e-13,1.1805844891872247e-12,0.0,1.327044617091242e-18,5.48351363621356e-18,1.5153713851225077e-15,5.620457901858811e-14,9.263273266865321e-24,0.14957673115493184,9.263273266865321e-24
2024930_WZY_DM_assembly_Plate1E5,2024930_WZY_DM_assembly_Plate1,,,E5,Plate1_E5,Lactose,cycle 5,,0.9085,48 h,,"growth curve data NA, so 48 h label rather than 0: 0.05:48 was used",Ho lab/7_Shared data/16s rRNA/Raw reads/2024930_DM_assembly/Plate1,,0.0,0.0037769341903526,0.0,0.0,0.0,0.0,0.0007232427173015,0.0005625221134567,not_assessable,review_required,True,,0.0,0.001950637980363614,0.0,0.010930299027900148,0.07153460317644258,0.008609712465053656,0.0016479527765141807,0.43038472818473716,0.007567130096238593,0.08670249505823643,0.002186059805579979,0.0,0.028486040851173802,0.014192572891611976,0.0014125309512978154,0.0,2.4522142758976733e-24,2.4522142758976733e-24,2.4522142758976733e-24,2.4522142758976733e-24,0.012105288388591224,0.033854009099009034,0.06932986068371537,0.09965002967876703,0.0,5.540565240322342e-13,1.953718322609083e-12,3.182090361884552e-08,0.0021890930486249743,2.4522142758976733e-24,0.11726692401273096,2.4522142758976733e-24
2024930_WZY_DM_assembly_Plate1E6,2024930_WZY_DM_assembly_Plate1,,,E6,Plate1_E6,Lactose,cycle 5,,0.9105,48 h,,"growth curve data NA, so 48 h label rather than 0: 0.05:48 was used",Ho lab/7_Shared data/16s rRNA/Raw reads/2024930_DM_assembly/Plate1,,0.0,0.0106111888975826,0.0005249351398097,0.0,0.0,0.0,0.0032620969402462,0.0106111888975826,not_assessable,review_required,True,,0.04707154399412014,0.0,0.0,0.03166121709128319,0.09442327575011031,0.04861257668440369,0.01611079630751123,0.0749502263001616,0.006864600165809203,0.02059380049742761,0.017651828997794775,0.0,0.06836581389622202,0.3454715103854184,0.0,0.0,7.297457850129e-24,7.297457850129e-24,7.297457850129e-24,7.297457850129e-24,2.2579796065893427e-13,0.023518867348295294,5.479033898004561e-07,9.320571019909155e-07,0.0,7.256118363415271e-16,2.2289560228117627e-12,2.958459062749578e-09,8.742448440292155e-12,7.297457850129e-24,0.2047024596512938,7.297457850129e-24
2024930_WZY_DM_assembly_Plate1E7,2024930_WZY_DM_assembly_Plate1,,,E7,Plate1_E7,Rhamonse,cycle 5,,0.7245,48 h,,"growth curve data NA, so 48 h label rather than 0: 0.05:48 was used",Ho lab/7_Shared data/16s rRNA/Raw reads/2024930_DM_assembly/Plate1,,0.0,0.0,0.0002253293084522,0.0,0.0,0.0,0.0,0.0,not_assessable,review_required,True,,0.1076919510964064,0.00028031091874766245,0.0,0.0,0.0020322541609212466,0.00012263602695214667,0.00021023318906071377,0.0,0.0009635687831953787,0.011685461425297331,0.0,0.0,0.0016993849449082733,0.575022810946194,0.0,0.006674903752681099,2.5815545639558754e-24,2.5815545639558754e-24,2.5815545639558754e-24,2.5815545639558754e-24,9.202079443651276e-11,0.0710561939280697,1.0300692390147722e-07,9.187539264670939e-09,0.0,0.008486024352584417,3.586825624379524e-23,1.5474342522089943e-21,1.1143405862805852e-05,2.5815545639558754e-24,0.21406301078263484,2.5815545639558754e-24
2024930_WZY_DM_assembly_Plate1E8,2024930_WZY_DM_assembly_Plate1,,,E8,Plate1_E8,Rhamonse,cycle 5,,0.7565,48 h,,"growth curve data NA, so 48 h label rather than 0: 0.05:48 was used",Ho lab/7_Shared data/16s rRNA/Raw reads/2024930_DM_assembly/Plate1,,0.0,0.0,0.0007310944672626,0.0,0.0,0.0,0.0,0.0,not_assessable,review_required,True,,0.2645610263345963,0.0006781683956169801,0.0,0.0,0.007309148263872345,0.00030140817582977806,0.0,0.0,0.0020345051868510223,0.023735893846595787,0.0,0.0,0.0014316888351914663,0.1678090018932344,0.01085069432987234,0.03579222087978724,1.610428938470098e-24,1.610428938470098e-24,1.610428938470098e-24,1.610428938470098e-24,0.007851501067714886,0.03714104099401581,0.027029429541455086,0.0034208097119546566,0.0,0.005648604858757185,4.226019193105266e-20,2.693829632303161e-17,0.28669260371103733,1.610428938470098e-24,0.11771225397361736,1.610428938470098e-24
2024930_WZY_DM_assembly_Plate1E9,2024930_WZY_DM_assembly_Plate1,,,E9,Plate1_E9,Rhamonse,cycle 5,,0.8905,48 h,,"growth curve data NA, so 48 h label rather than 0: 0.05:48 was used",Ho lab/7_Shared data/16s rRNA/Raw reads/2024930_DM_assembly/Plate1,,0.0,0.0,0.0008689621523663,0.0,0.0,0.0,0.0,0.0,not_assessable,review_required,True,,0.15678794249818803,0.0,0.0,0.0,0.029613217040942146,0.0,0.0,0.0,0.0012101006192520266,0.01577697222458824,0.00011416043577845144,0.03223890706384756,0.00047947383026964314,0.005571029265990637,0.2622493530703638,0.007214939541201,1.4369207714364293e-24,1.4369207714364293e-24,1.4369207714364293e-24,1.4369207714364293e-24,4.326997690953769e-08,0.024221891081720272,0.012662422706047794,0.00033430196366694893,0.0,0.006674764824455186,4.7630435115805285e-18,1.740603424443589e-10,0.32870702590098055,1.4369207714364293e-24,0.11614345448867035,1.4369207714364293e-24
2024930_WZY_DM_assembly_Plate1F10,2024930_WZY_DM_assembly_Plate1,,,F10,Plate1_F10,Ribose,cycle 5,,0.9365,48 h,,"growth curve data NA, so 48 h label rather than 0: 0.05:48 was used",Ho lab/7_Shared data/16s rRNA/Raw reads/2024930_DM_assembly/Plate1,,0.0,0.0,0.0002175630154489,0.0,0.0,0.0,0.0,0.0,not_assessable,review_required,True,,0.03778501286307107,0.002234597534912775,0.0,0.0,0.04861942515355749,0.0010834412290485166,0.046655687925906804,0.0,0.04503052608233384,0.06317816666889851,0.0,0.0,0.002979463379883701,0.4028369919756455,0.0,0.012459574134059246,2.431589930529987e-24,2.431589930529987e-24,2.431589930529987e-24,2.431589930529987e-24,1.3582130096167627e-11,0.06283530457453188,0.09892146765245581,3.0187437404961173e-05,0.0,0.0010593838961842504,8.333673010833222e-23,7.705070273835894e-24,5.435293405799398e-05,2.431589930529987e-24,0.17423641654446556,2.431589930529987e-24
2024930_WZY_DM_assembly_Plate1F11,2024930_WZY_DM_assembly_Plate1,,,F11,Plate1_F11,Ribose,cycle 5,,0.9335,48 h,,"growth curve data NA, so 48 h label rather than 0: 0.05:48 was used",Ho lab/7_Shared data/16s rRNA/Raw reads/2024930_DM_assembly/Plate1,,0.0,0.0,0.0,0.0,0.0,0.0,0.0,0.0,not_assessable,review_required,True,,0.002830944930745904,0.0009034930630039485,0.0,0.00030116435433457316,0.09125279936340522,0.0018672189968749265,0.004939095411088603,0.0,0.0690268700135065,0.08757859424052229,0.0,0.010119122305644867,0.0018672189968749265,0.42030497290946683,0.0,0.007529108858366735,2.237409592117095e-24,2.237409592117095e-24,2.237409592117095e-24,2.237409592117095e-24,1.8768595122676362e-10,0.07038870734163875,0.041340600490249665,1.0781982081791912e-11,0.0,0.009817717798778042,3.1902736203790963e-24,2.5288171662980245e-24,3.176002974433925e-05,2.237409592117095e-24,0.17990061069728586,2.237409592117095e-24
2024930_WZY_DM_assembly_Plate1F12,2024930_WZY_DM_assembly_Plate1,,,F12,Plate1_F12,Ribose,cycle 5,,0.8465,48 h,,"growth curve data NA, so 48 h label rather than 0: 0.05:48 was used",Ho lab/7_Shared data/16s rRNA/Raw reads/2024930_DM_assembly/Plate1,,0.0,0.0,0.0,0.0,0.0,0.0,0.0,0.0,not_assessable,review_required,True,,0.0003772103798933452,4.836030511453722e-05,0.0,0.0,0.050062587854568914,0.0003191780137558792,0.0001257367932977205,4.836030511453722e-05,0.006896179509332999,0.0005029471731911575,0.0,0.004188002422918869,0.0005029471731911575,0.6274459426780515,0.0,0.0006480280885347306,1.7935160409799206e-24,1.7935160409799206e-24,1.7935160409799206e-24,1.7935160409799206e-24,1.9007368270608364e-07,0.07333886806890867,5.790300068999357e-23,1.9404569021326565e-23,0.0,0.015071669521038557,1.8137797659515137e-24,1.8240691979773186e-24,2.0564189008409272e-13,1.7935160409799206e-24,0.22042379163919906,1.7935160409799206e-24
2024930_WZY_DM_assembly_Plate1F1,2024930_WZY_DM_assembly_Plate1,high other species,,F1,Plate1_F1,Glucuronic_acid,cycle 5,,0.8065,48 h,,"growth curve data NA, so 48 h label rather than 0: 0.05:48 was used",Ho lab/7_Shared data/16s rRNA/Raw reads/2024930_DM_assembly/Plate1,,0.0,0.0,0.0674804507619858,0.0,0.0,0.0,0.0,0.0,not_assessable,review_required,False,high other species,0.026926726110940918,0.00012761481569166435,0.021184059404816172,0.0,0.6055748387288444,0.0,0.0014888395164025434,0.0,0.0010634567974304747,0.10349561552593967,0.0,0.009656187720669111,0.005317283987152677,0.0016589926039916134,0.0,8.507654379444289e-05,5.928273047285248e-24,5.928273047285248e-24,5.928273047285248e-24,5.928273047285248e-24,7.82921283187006e-13,1.59728478894835e-05,0.07330402713436072,0.00012988449915585652,0.0,3.1560833133524636e-13,1.883410007147047e-05,1.2906416549057249e-07,0.009238368389451565,5.928273047285248e-24,0.14071409220813325,5.928273047285248e-24
2024930_WZY_DM_assembly_Plate1F2,2024930_WZY_DM_assembly_Plate1,high other species,,F2,Plate1_F2,Glucuronic_acid,cycle 5,,0.8425,48 h,,"growth curve data NA, so 48 h label rather than 0: 0.05:48 was used",Ho lab/7_Shared data/16s rRNA/Raw reads/2024930_DM_assembly/Plate1,,0.0,0.0,0.0087539039039039,0.0,0.0,0.0,0.0004048048048048,0.0,not_assessable,review_required,False,high other species,0.12616448789930604,0.00030672079716200477,0.014109156669452219,0.0,0.09855961615472521,0.0,0.0018403247829720285,0.0006134415943240095,0.027911592541742636,0.2268711496341655,0.0,0.13035633879385344,0.0064411367404021,0.024333183241519247,0.0,0.0006134415943240095,3.946356695681442e-24,3.946356695681442e-24,3.946356695681442e-24,3.946356695681442e-24,2.723769824798852e-12,0.04959457796915995,0.17042737907932318,0.0001233364124341078,0.0,0.015237077557780835,7.131098300187552e-13,7.584212753071758e-15,6.711036495262616e-05,3.946356695681442e-24,0.10642992816895638,3.946356695681442e-24
2024930_WZY_DM_assembly_Plate1F3,2024930_WZY_DM_assembly_Plate1,high other species,,F3,Plate1_F3,Glucuronic_acid,cycle 5,,0.8805,48 h,,"growth curve data NA, so 48 h label rather than 0: 0.05:48 was used",Ho lab/7_Shared data/16s rRNA/Raw reads/2024930_DM_assembly/Plate1,,0.0,0.0,0.1573495764641588,0.0,0.0,0.0,0.0002205460424446,0.0,not_assessable,review_required,False,high other species,0.22281922844700602,6.9660033903816e-05,0.0001625400791087914,0.0,0.1823003087262865,0.0,0.0004179602034228215,0.00011610005650634575,0.0008127003955444202,0.04971404419602334,0.0,0.0032275815708768052,0.0029721614465627755,0.0015789607684863947,0.0,0.00027864013561525294,2.2619650063588277e-24,2.2619650063588277e-24,2.2619650063588277e-24,2.2619650063588277e-24,2.0414698087895454e-07,0.021723216063995913,0.038548977476443605,0.02397894566585104,0.0,1.0905444681756353e-07,0.010636976625178457,0.0463797138380389,0.3062992402065528,2.2619650063588277e-24,0.0879627308631682,2.2619650063588277e-24
2024930_WZY_DM_assembly_Plate1F4,2024930_WZY_DM_assembly_Plate1,high other species,,F4,Plate1_F4,Glucuronic_acid,cycle 5,,0.8055,48 h,,"growth curve data NA, so 48 h label rather than 0: 0.05:48 was used",Ho lab/7_Shared data/16s rRNA/Raw reads/2024930_DM_assembly/Plate1,,0.0,0.0,0.1352952305765775,0.0,0.0,0.0,0.0001608047040888,0.0,not_assessable,review_required,False,high other species,0.14335130312469724,0.000983205096877203,0.002223556142168452,0.0,0.2589459700529378,0.0,0.00019664101937544063,4.537869677894816e-05,0.0037664318326526224,0.01741029333085636,0.0,0.0,0.00022689348389469144,0.0014823707614455657,0.0,0.00027227218067367106,2.0209461411267774e-24,2.0209461411267774e-24,2.0209461411267774e-24,2.0209461411267774e-24,2.6227684829314376e-06,0.01736133719921465,0.020944971639601028,0.01826994767186959,0.0,2.97464659330223e-07,0.061808091280975856,0.05437012023242671,0.3121125443808174,2.0209461411267774e-24,0.08622575163959448,2.0209461411267774e-24
2024930_WZY_DM_assembly_Plate1F5,2024930_WZY_DM_assembly_Plate1,high other species,,F5,Plate1_F5,Glucuronic_acid,cycle 5,,0.8725,48 h,,"growth curve data NA, so 48 h label rather than 0: 0.05:48 was used",Ho lab/7_Shared data/16s rRNA/Raw reads/2024930_DM_assembly/Plate1,,0.0,0.0,0.2489384576918955,0.0,0.0,0.0,0.0,0.0,not_assessable,review_required,False,high other species,0.04211257388253937,0.0017194558278680139,0.0007610706123350048,0.0,0.38515810544244905,0.0,0.0,0.0,0.004961052880406218,0.0032979726534518683,0.0,0.0,0.00039462920639591833,0.0006201316100507546,0.0,0.0,1.7665961886428487e-24,1.7665961886428487e-24,1.7665961886428487e-24,1.7665961886428487e-24,0.0022401750738945845,0.02042715438534679,0.011045005901433038,0.026297773887052647,0.0,0.00020863436857007054,6.409498134666392e-05,0.07113798076377872,0.33813381976731127,1.7665961886428487e-24,0.09142036875576989,1.7665961886428487e-24
2024930_WZY_DM_assembly_Plate1F6,2024930_WZY_DM_assembly_Plate1,high other species,,F6,Plate1_F6,Glucuronic_acid,cycle 5,,0.9325,48 h,,"growth curve data NA, so 48 h label rather than 0: 0.05:48 was used",Ho lab/7_Shared data/16s rRNA/Raw reads/2024930_DM_assembly/Plate1,,0.0,0.0,0.3227714802952235,0.0,0.0,0.0,0.0002856844450633,0.0,not_assessable,review_required,False,high other species,0.03993495083141597,0.00031947960665124335,0.026653727183482166,0.0,0.42664219471094517,0.0,0.0010953586513758422,0.0,0.0015061181456418268,0.03290639948508668,0.0,0.0,0.006754711683485063,0.013418143479355736,0.0,0.0,3.432268310996728e-24,3.432268310996728e-24,3.432268310996728e-24,3.432268310996728e-24,2.4700944698167526e-09,0.0009833359071018707,0.02133760639854217,0.008206732415079583,0.0,1.2002856263634502e-11,0.0357551452232247,0.0008628701261575383,0.27470732532527997,3.432268310996728e-24,0.108915898345077,3.432268310996728e-24
2024930_WZY_DM_assembly_Plate1F7,2024930_WZY_DM_assembly_Plate1,,,F7,Plate1_F7,Ribose,cycle 5,,0.9915,48 h,,"growth curve data NA, so 48 h label rather than 0: 0.05:48 was used",Ho lab/7_Shared data/16s rRNA/Raw reads/2024930_DM_assembly/Plate1,,0.0,0.0,0.0,0.0,0.0,0.0,0.0,0.0,not_assessable,review_required,True,,0.04607307620519012,0.00019500455504447612,0.0,0.00020800485871412235,0.018343428477856426,0.0,0.0009230215605441584,0.0,0.009945232307271549,0.008853206799022134,0.0,0.0,3.900091100890812e-05,0.6094932369435464,0.0,0.0010530245972404759,1.4177851819805457e-24,1.4177851819805457e-24,1.4177851819805457e-24,1.4177851819805457e-24,1.798407775500296e-10,0.07294800924240415,1.6402214821330473e-24,2.9512255315239613e-24,0.0,0.014788006504037011,1.4186141435341829e-24,1.4213649727448177e-24,2.4916311393394407e-22,1.4177851819805457e-24,0.21713774685827938,1.4177851819805457e-24
2024930_WZY_DM_assembly_Plate1F8,2024930_WZY_DM_assembly_Plate1,,,F8,Plate1_F8,Ribose,cycle 5,,1.0275,48 h,,"growth curve data NA, so 48 h label rather than 0: 0.05:48 was used",Ho lab/7_Shared data/16s rRNA/Raw reads/2024930_DM_assembly/Plate1,,0.0,0.0,0.0,0.0,0.0,0.0,0.0,0.0,not_assessable,review_required,True,,0.0583996672157615,0.00038597173118545743,0.0,0.0002465930504795659,0.028272429309337797,0.0001608215546605499,0.002583866311547351,2.144287395474996e-05,0.026717820947618407,0.001404508244036091,4.288574790949992e-05,0.0,0.0005575147228234895,0.5781963747528552,0.0,0.0013294581851944808,1.493660351103995e-24,1.493660351103995e-24,1.493660351103995e-24,1.493660351103995e-24,1.4592834214454932e-08,0.07175320269085361,2.276086627001189e-24,3.3881714373300484e-24,0.0,0.014649340109114565,1.4951777805044264e-24,1.4999972079553277e-24,2.8641030044505117e-20,1.493660351103995e-24,0.21527808795983336,1.493660351103995e-24
2024930_WZY_DM_assembly_Plate1F9,2024930_WZY_DM_assembly_Plate1,,,F9,Plate1_F9,Ribose,cycle 5,,1.0255,48 h,,"growth curve data NA, so 48 h label rather than 0: 0.05:48 was used",Ho lab/7_Shared data/16s rRNA/Raw reads/2024930_DM_assembly/Plate1,,0.0,0.0,0.0,0.0,0.0,0.0,0.0,0.0,not_assessable,review_required,True,,0.05225363161655343,0.00011859239019114734,0.0,5.473494931901546e-05,0.014833171265453162,0.0,0.0002006948141696644,0.0,0.0008483917144447026,0.0014687211400602085,0.0,0.022705881475838175,0.0004743695607647476,0.599174367703709,0.0,0.00013683737329750205,1.5451505007046875e-24,1.5451505007046875e-24,1.5451505007046875e-24,1.5451505007046875e-24,5.022933434036685e-08,0.07186424313015291,2.7467747847621946e-24,3.666651888878838e-24,0.0,0.017401273458508865,1.5463376336835609e-24,1.5481722743625034e-24,1.8214434245958505e-19,1.5451505007046875e-24,0.2184650391782031,1.5451505007046875e-24
2024930_WZY_DM_assembly_Plate1G10,2024930_WZY_DM_assembly_Plate1,,,G10,Plate1_G10,Acetate,cycle 5,,0.2295,48 h,,"growth curve data NA, so 48 h label rather than 0: 0.05:48 was used",Ho lab/7_Shared data/16s rRNA/Raw reads/2024930_DM_assembly/Plate1,,0.0,0.0,0.0002603905410247,0.0,0.0,0.0,0.0,0.0,not_assessable,review_required,True,,0.7798419928903851,0.0013039797635717722,0.0,0.00335309082061274,0.04278295510004557,0.010680215206397092,0.0,0.0,0.0004967541956462815,0.008817386972723197,0.0,0.0,0.0,0.0,0.0,6.209427445579946e-05,8.84932189573817e-24,8.84932189573817e-24,8.84932189573817e-24,8.84932189573817e-24,4.135231139107229e-15,2.9292749030962056e-11,6.497653651313666e-16,7.991886025133488e-08,0.0,1.0945924453871186e-15,6.729790598124618e-08,1.56472213306065e-10,1.2361874087518498e-05,8.84932189573817e-24,0.1526490214995379,8.84932189573817e-24
2024930_WZY_DM_assembly_Plate1G11,2024930_WZY_DM_assembly_Plate1,,,G11,Plate1_G11,Acetate,cycle 5,,0.3265,48 h,,"growth curve data NA, so 48 h label rather than 0: 0.05:48 was used",Ho lab/7_Shared data/16s rRNA/Raw reads/2024930_DM_assembly/Plate1,,0.0,0.0,0.0,0.0,0.0,0.0,0.0,0.0,not_assessable,review_required,True,,0.5616790787369432,0.0005140443063484138,0.0,0.0005997183574065626,0.0024845474806848788,0.0011994367148133649,0.0,0.0,0.005054769012428145,0.030671310278801947,0.0,0.051147408481689215,0.0,0.0,0.0,0.0,4.679149634861387e-24,4.679149634861387e-24,4.679149634861387e-24,4.679149634861387e-24,1.2479874134448827e-11,4.05494063088195e-05,0.004082265446056855,0.0014166991253884637,0.0,1.4376972748069658e-07,0.00018250774225611938,1.0135149483387066e-05,0.20751066010402264,4.679149634861387e-24,0.13340672587516075,4.679149634861387e-24
2024930_WZY_DM_assembly_Plate1G12,2024930_WZY_DM_assembly_Plate1,,,G12,Plate1_G12,Acetate,cycle 5,,0.0915,48 h,,"growth curve data NA, so 48 h label rather than 0: 0.05:48 was used",Ho lab/7_Shared data/16s rRNA/Raw reads/2024930_DM_assembly/Plate1,,0.0,0.0,0.0,0.0,0.0,0.0,2.775951863275522e-05,0.0,not_assessable,review_required,True,,0.7450837975855537,0.0004469273735236137,0.0,0.0005027932952140654,0.04122905020755225,0.0010055865904281308,0.0,0.0,0.006424580994401443,0.023296089344917302,0.0,0.18201117286749063,0.0,0.0,0.0,0.0,2.3583938124830592e-23,2.3583938124830592e-23,2.3583938124830592e-23,2.3583938124830592e-23,2.8420303597564574e-19,2.967746882880976e-17,1.9810346541557832e-18,3.304089399089345e-16,0.0,4.845546364088202e-16,1.1484112155998747e-17,1.3435876090830604e-17,4.400214070260027e-15,2.3583938124830592e-23,1.7409136161003841e-09,2.3583938124830592e-23
2024930_WZY_DM_assembly_Plate1G1,2024930_WZY_DM_assembly_Plate1,,,G1,Plate1_G1,Arabinose,cycle 5,,0.7565,48 h,,"growth curve data NA, so 48 h label rather than 0: 0.05:48 was used",Ho lab/7_Shared data/16s rRNA/Raw reads/2024930_DM_assembly/Plate1,,0.0,0.0,0.0004377260234341,0.0,0.0,0.0,0.0,0.0,not_assessable,review_required,True,,0.1768548946702763,6.309486074572825e-05,0.0,0.0,0.051043742343294084,0.01873917364148127,0.000347021734101505,0.09096701548015364,0.0012776709301009798,0.06684900496009903,0.0,0.05254224528600515,0.0,0.013013315028806437,0.0,0.0,1.6891682462998523e-24,1.6891682462998523e-24,1.6891682462998523e-24,1.6891682462998523e-24,0.004343228934464142,0.031546461421432546,0.04883415188791545,0.11163453637686857,0.0,0.011958697707962693,8.797419332751348e-15,1.1759448017902683e-13,0.22722820490344398,1.6891682462998523e-24,0.0927575398327222,1.6891682462998523e-24
2024930_WZY_DM_assembly_Plate1G2,2024930_WZY_DM_assembly_Plate1,,,G2,Plate1_G2,Arabinose,cycle 5,,0.7425,48 h,,"growth curve data NA, so 48 h label rather than 0: 0.05:48 was used",Ho lab/7_Shared data/16s rRNA/Raw reads/2024930_DM_assembly/Plate1,,0.0,0.0,0.0013230329175654,0.0,0.0,0.0,0.0,0.0,not_assessable,review_required,True,,0.030555904361573124,0.002521603757993707,0.0,0.0,0.010531403930444907,0.004647661828459165,0.014585747227611698,0.6828601863069363,0.0048948778831644805,0.01092694961797337,0.0,0.0063781742113961605,0.0,0.06393007174678646,0.0,0.0003461024765872713,4.160455794385175e-24,4.160455794385175e-24,4.160455794385175e-24,4.160455794385175e-24,4.18257823459746e-09,0.0027896461369836204,6.475012610793673e-08,1.2221810818157031e-06,0.0,7.510215814957235e-15,2.4105226136332942e-20,1.117189580121753e-12,8.008110624680974e-10,4.160455794385175e-24,0.1650303785983679,4.160455794385175e-24
2024930_WZY_DM_assembly_Plate1G3,2024930_WZY_DM_assembly_Plate1,,,G3,Plate1_G3,Arabinose,cycle 5,,0.6975,48 h,,"growth curve data NA, so 48 h label rather than 0: 0.05:48 was used",Ho lab/7_Shared data/16s rRNA/Raw reads/2024930_DM_assembly/Plate1,,0.0,0.0,0.0005476700993567,0.0,0.0,0.0,0.0,0.0,not_assessable,review_required,True,,0.0051708776784265475,0.0031551118037855385,0.0,0.0,0.057536969421814126,0.02751958628857524,0.01958798578183616,0.012182237242394641,0.00845745247403663,0.21713304149664112,0.0,0.0,0.0001314629918244043,0.2979389604713749,0.0,0.0,4.063185155579357e-24,4.063185155579357e-24,4.063185155579357e-24,4.063185155579357e-24,1.1894204320077456e-17,0.06694780563307523,0.14720948069766393,0.00035686788590062914,0.0,1.8283312104532012e-13,6.339648668922128e-16,2.1631030558335757e-09,2.352294323069149e-14,4.063185155579357e-24,0.13667215796934076,4.063185155579357e-24
2024930_WZY_DM_assembly_Plate1G4,2024930_WZY_DM_assembly_Plate1,,,G4,Plate1_G4,Arabinose,cycle 5,,0.6885,48 h,,"growth curve data NA, so 48 h label rather than 0: 0.05:48 was used",Ho lab/7_Shared data/16s rRNA/Raw reads/2024930_DM_assembly/Plate1,,0.0,0.0,0.0011817952342487,0.0,0.0,0.0,0.0,0.0,not_assessable,review_required,True,,0.011155842000520692,0.0003401171341621357,0.0,0.0,0.10448398361463332,0.04700418794121859,0.022855871415701095,0.28243326820830617,0.005169780439265637,0.10278339794382237,0.0,0.0,0.00040814056099456285,0.1643445992271839,0.002856983926962527,0.0,5.733456047015615e-24,5.733456047015615e-24,5.733456047015615e-24,5.733456047015615e-24,1.773733860229902e-15,0.020345431986506964,0.07874928688381626,9.486313235032818e-09,0.0,1.227212822334514e-16,4.649982204596074e-15,1.7869635393831128e-11,1.7663743043929653e-12,5.733456047015615e-24,0.15706909921095,5.733456047015615e-24
2024930_WZY_DM_assembly_Plate1G5,2024930_WZY_DM_assembly_Plate1,,,G5,Plate1_G5,Arabinose,cycle 5,,0.6635,48 h,,"growth curve data NA, so 48 h label rather than 0: 0.05:48 was used",Ho lab/7_Shared data/16s rRNA/Raw reads/2024930_DM_assembly/Plate1,,0.0,0.0,0.0011377058274705,0.0,0.0,0.0,0.0,0.0,not_assessable,review_required,True,,0.0016460691095189104,0.002623422643295725,0.0,0.0,0.07808540338280384,0.02896052839559829,0.01522613926304992,0.6026156130629438,0.0048867676688840725,0.07366159265097186,0.0,0.0,0.0,0.001388870811156542,0.0,0.0,6.004917646803764e-24,6.004917646803764e-24,6.004917646803764e-24,6.004917646803764e-24,8.478041215679634e-14,1.711385087918212e-07,0.04884203497057813,3.0602821965531412e-12,0.0,1.4471124423331897e-18,2.086197733811751e-18,4.889807314240822e-16,8.575693112323405e-13,6.004917646803764e-24,0.14206338689868706,6.004917646803764e-24
2024930_WZY_DM_assembly_Plate1G6,2024930_WZY_DM_assembly_Plate1,,,G6,Plate1_G6,Arabinose,cycle 5,,0.8365,48 h,,"growth curve data NA, so 48 h label rather than 0: 0.05:48 was used",Ho lab/7_Shared data/16s rRNA/Raw reads/2024930_DM_assembly/Plate1,,0.0,0.0,8.330290456431536e-05,0.0,0.0,0.0,0.0,0.0,not_assessable,review_required,True,,0.003945342279487453,4.8113930237653697e-05,0.0,0.0,0.005388760186617145,0.0026462661630708697,0.010152039280144848,0.5402713226386133,0.004474595512101662,0.01313510295487929,0.0,0.0603348685180177,0.0,0.13308313103735,0.0,0.0,3.3842464612814686e-24,3.3842464612814686e-24,3.3842464612814686e-24,3.3842464612814686e-24,2.3455127470852327e-07,0.03622626913404196,0.00027274594052469834,0.022733361202838986,0.0,7.272816306881919e-05,2.8221013460972415e-21,6.705248340907743e-09,7.279447831696292e-08,3.3842464612814686e-24,0.16721503900800416,3.3842464612814686e-24
2024930_WZY_DM_assembly_Plate1G7,2024930_WZY_DM_assembly_Plate1,,,G7,Plate1_G7,Acetate,cycle 5,,0.2455,48 h,,"growth curve data NA, so 48 h label rather than 0: 0.05:48 was used",Ho lab/7_Shared data/16s rRNA/Raw reads/2024930_DM_assembly/Plate1,,0.0,0.0,0.0,0.0,0.0,0.0,0.0,0.0,not_assessable,review_required,True,,0.28884623547488053,0.000134409602361508,0.0,0.0,0.0020161440354226007,0.008826230555072133,0.0,0.0,0.0006272448110202664,0.05340541533830558,0.0,0.4091428295884303,0.0,0.00017921280314867733,0.0,0.00040322880708438386,6.658316817594221e-24,6.658316817594221e-24,6.658316817594221e-24,6.658316817594221e-24,1.402189935661308e-11,0.00028058304015488776,3.5062510466353395e-05,7.104539730353629e-06,0.0,0.05758155489122126,1.0261580474845317e-15,7.339797195380243e-10,0.001702629753898494,6.658316817594221e-24,0.17681211350080003,6.658316817594221e-24
2024930_WZY_DM_assembly_Plate1G8,2024930_WZY_DM_assembly_Plate1,,,G8,Plate1_G8,Acetate,cycle 5,,0.1395,48 h,,"growth curve data NA, so 48 h label rather than 0: 0.05:48 was used",Ho lab/7_Shared data/16s rRNA/Raw reads/2024930_DM_assembly/Plate1,,0.0,8.684374351525213e-05,1.4473957252542024e-05,0.0,0.0,0.0,0.0,0.0,not_assessable,review_required,True,,0.013603317132102357,0.00011828971419219673,0.0,0.00047315885676878694,0.0826845102203449,0.010527784563105182,0.0,0.0,0.0010646074277291314,0.04222942796661421,0.0,0.7566993016874822,0.00047315885676878694,0.0037852708541499295,0.0,0.0,1.5962089289095992e-23,1.5962089289095992e-23,1.5962089289095992e-23,1.5962089289095992e-23,1.6087982498708612e-16,2.01285005770378e-12,2.092775106958206e-16,4.037442007195599e-14,0.0,0.07280663095883715,1.1385098506275852e-21,4.616140044286501e-16,2.5977970527097678e-12,1.5962089289095992e-23,0.015534541757253216,1.5962089289095992e-23
2024930_WZY_DM_assembly_Plate1G9,2024930_WZY_DM_assembly_Plate1,,,G9,Plate1_G9,Acetate,cycle 5,,0.2075,48 h,,"growth curve data NA, so 48 h label rather than 0: 0.05:48 was used",Ho lab/7_Shared data/16s rRNA/Raw reads/2024930_DM_assembly/Plate1,,0.0,0.0,0.0006042786738351,0.0,0.0,0.0,0.0,0.0,not_assessable,review_required,True,,0.7664963987943699,0.000513794927132859,0.0,0.000770692390698831,0.004538521856339893,0.007450026443426269,0.00042816243927738253,0.00017126497571095297,0.007878188882703337,0.006336804101305122,0.0,0.0840911030740776,0.0,0.0,0.0,0.0013701198056876088,1.0794336195035217e-23,1.0794336195035217e-23,1.0794336195035217e-23,1.0794336195035217e-23,4.951799702735138e-16,1.6313199303282127e-12,1.6126445829457615e-15,4.16253208201647e-10,0.0,4.3771916781704377e-13,2.0489266909751628e-11,1.6057437113814455e-12,5.175156888691227e-08,1.0794336195035217e-23,0.11995487011728198,1.0794336195035217e-23
2024930_WZY_DM_assembly_Plate1H10,2024930_WZY_DM_assembly_Plate1,,,H10,Plate1_H10,Propionate,cycle 5,,0.2375,48 h,,"growth curve data NA, so 48 h label rather than 0: 0.05:48 was used",Ho lab/7_Shared data/16s rRNA/Raw reads/2024930_DM_assembly/Plate1,,0.0,0.0,0.0,0.0,0.0,0.0,0.0,0.0,not_assessable,review_required,True,,0.6634985331012989,0.00013425708885093056,0.0,0.0,0.038666041589067855,0.014499765595900396,0.0,0.00020138563327639587,0.006175826087142567,0.0329601153129032,0.0,0.077533468811412,0.0,0.0,0.0,0.0,7.864970168006612e-24,7.864970168006612e-24,7.864970168006612e-24,7.864970168006612e-24,3.922185679000364e-14,1.2656270303270486e-08,3.471946045901698e-08,1.0483717987901153e-06,0.0,1.7965912801844992e-10,4.26627094491241e-08,1.4953605337535998e-09,0.00016144207411575442,7.864970168006612e-24,0.1661680246207342,7.864970168006612e-24
2024930_WZY_DM_assembly_Plate1H11,2024930_WZY_DM_assembly_Plate1,,,H11,Plate1_H11,Propionate,cycle 5,,0.1145,48 h,,"growth curve data NA, so 48 h label rather than 0: 0.05:48 was used",Ho lab/7_Shared data/16s rRNA/Raw reads/2024930_DM_assembly/Plate1,,0.0,0.0,0.0,0.0,0.0,0.0,5.982757119219716e-05,0.0,not_assessable,review_required,True,,0.3171387890776466,0.00036442262462240365,0.0,0.005375233713180404,0.003826437558534506,0.008837248647093099,0.0,0.0,0.005101916744713589,0.2626576066965971,0.0,0.27249701756140154,0.0,0.0,0.0,0.0,1.7845357697099572e-23,1.7845357697099572e-23,1.7845357697099572e-23,1.7845357697099572e-23,1.4449596668059193e-19,7.755481590342895e-14,0.12420132719149408,6.018955005809986e-17,0.0,7.549567365649024e-13,7.453109279748471e-20,4.928352145463085e-18,2.4934939711112545e-16,1.7845357697099572e-23,1.83883868135831e-10,1.7845357697099572e-23
2024930_WZY_DM_assembly_Plate1H12,2024930_WZY_DM_assembly_Plate1,,,H12,Plate1_H12,Propionate,cycle 5,,0.1865,48 h,,"growth curve data NA, so 48 h label rather than 0: 0.05:48 was used",Ho lab/7_Shared data/16s rRNA/Raw reads/2024930_DM_assembly/Plate1,,0.0,0.0,0.0,0.0,0.0,0.0,3.985042735042735e-05,0.0,not_assessable,review_required,True,,0.792849845038481,0.0009247410351811451,0.0,0.0013871115527717174,0.06762168819762493,0.002427445217349853,0.0,0.0,0.016067375486273048,0.06288239039232134,0.0,0.05560005474026917,0.0,0.0002311852587952999,0.0,0.0,1.6996067744041193e-23,1.6996067744041193e-23,1.6996067744041193e-23,1.6996067744041193e-23,2.218578041034825e-18,4.0908259112279584e-15,5.0950188384427176e-11,4.524802440130844e-14,0.0,4.258036300864134e-17,6.901386135821032e-15,9.598543825824232e-16,1.1676104410024723e-12,1.6996067744041193e-23,8.163028757399827e-06,1.6996067744041193e-23
2024930_WZY_DM_assembly_Plate1H1,2024930_WZY_DM_assembly_Plate1,,,H1,Plate1_H1,Mannose,cycle 5,,0.7865,48 h,,"growth curve data NA, so 48 h label rather than 0: 0.05:48 was used",Ho lab/7_Shared data/16s rRNA/Raw reads/2024930_DM_assembly/Plate1,,0.0,0.0,0.0002261107056768,0.0,0.0,0.0,0.0,0.0,not_assessable,review_required,True,,0.13936494799373894,0.00030024764379255563,0.0,0.0006171757122403438,0.10662127439568872,0.04590452865095985,0.00011676297258595656,0.0,0.049073809335437445,5.00412739654359e-05,0.0,0.08798924005589139,5.00412739654359e-05,0.01874879731238328,0.0,0.001117588451894731,1.8730931204332276e-24,1.8730931204332276e-24,1.8730931204332276e-24,1.8730931204332276e-24,0.00435466905883575,0.03591414267824483,0.0643544985585043,0.00238047333686836,0.0,0.01720491722544675,9.297276533123077e-18,9.005579684144236e-19,0.31634750477493584,1.8730931204332276e-24,0.10948933929462024,1.8730931204332276e-24
2024930_WZY_DM_assembly_Plate1H2,2024930_WZY_DM_assembly_Plate1,,,H2,Plate1_H2,Mannose,cycle 5,,0.9825,48 h,,"growth curve data NA, so 48 h label rather than 0: 0.05:48 was used",Ho lab/7_Shared data/16s rRNA/Raw reads/2024930_DM_assembly/Plate1,,0.0,0.0,0.0008881281596303,0.0,0.0,0.0,0.0,0.0,not_assessable,review_required,True,,0.26218221723933166,0.0003816335039873401,0.0,0.0002862251279903963,0.10943340726838185,0.001621942391946304,0.0006201544439794096,0.0002862251279903963,0.028527104423056757,0.002719138715909998,0.00023852093999206944,0.06573637106182655,0.0015742382039478323,0.025044698699171933,0.0,0.0009063795719699509,2.8325309942050153e-24,2.8325309942050153e-24,2.8325309942050153e-24,2.8325309942050153e-24,1.453366650045095e-08,0.02048446797199485,0.04209264304881671,0.021063854959874086,0.0,0.009937674965298628,0.002555949813491786,0.007451462796786093,0.2857879709523742,2.8325309942050153e-24,0.11106770423821477,2.8325309942050153e-24
2024930_WZY_DM_assembly_Plate1H3,2024930_WZY_DM_assembly_Plate1,,,H3,Plate1_H3,Mannose,cycle 5,,0.0535,48 h,,"growth curve data NA, so 48 h label rather than 0: 0.05:48 was used",Ho lab/7_Shared data/16s rRNA/Raw reads/2024930_DM_assembly/Plate1,,0.0,0.0,0.0,0.0,0.0,0.0,0.0,0.0,not_assessable,review_required,True,,0.0,0.0,0.0,0.0,0.0,0.0,0.0,0.0,0.0,0.0,0.0,0.0,0.0,0.9999999988779948,0.0,0.0,3.650700930483334e-23,3.650700930483334e-23,3.650700930483334e-23,3.650700930483334e-23,4.783388587324973e-22,1.3120378074136938e-15,4.102612329179431e-21,1.9391614479519905e-18,0.0,1.801795069362768e-20,3.650700930483334e-23,9.511647811325207e-19,1.1932387850712706e-21,3.650700930483334e-23,1.1220038067878141e-09,3.650700930483334e-23
2024930_WZY_DM_assembly_Plate1H4,2024930_WZY_DM_assembly_Plate1,,,H4,Plate1_H4,Mannose,cycle 5,,0.9825,48 h,,"growth curve data NA, so 48 h label rather than 0: 0.05:48 was used",Ho lab/7_Shared data/16s rRNA/Raw reads/2024930_DM_assembly/Plate1,,0.0,0.0,0.0001044149574141,0.0,0.0,0.0,0.0,0.0,not_assessable,review_required,True,,0.04471390312996315,0.0,0.0,1.1726698958815413e-05,0.013767144577649227,0.005241834434590426,0.0,0.0,0.0028378611480332607,0.0007739621312817626,3.518009687644624e-05,0.015174348452707112,4.6906795835261645e-05,0.6081935148000026,0.0,0.0,1.5354693072524944e-24,1.5354693072524944e-24,1.5354693072524944e-24,1.5354693072524944e-24,2.1531880141886243e-08,0.07298568876827692,2.421013120330478e-24,3.5069072500961355e-24,0.0,0.016501934682584256,1.5366509441303393e-24,1.5394654102162034e-24,4.8247594496720934e-20,1.5354693072524944e-24,0.2197159727513607,1.5354693072524944e-24
2024930_WZY_DM_assembly_Plate1H5,2024930_WZY_DM_assembly_Plate1,,,H5,Plate1_H5,Mannose,cycle 5,,0.9205,48 h,,"growth curve data NA, so 48 h label rather than 0: 0.05:48 was used",Ho lab/7_Shared data/16s rRNA/Raw reads/2024930_DM_assembly/Plate1,,0.0,0.0,0.0,0.0,0.0,0.0,0.0,0.0,not_assessable,review_required,True,,0.006095530943056418,0.0,0.0,0.0032270457933828043,0.031391406033121697,0.0029725834010729943,0.00010409825139938092,3.4699417133148526e-05,0.0024636586164535398,0.00017349708566566257,0.00016193061328796283,0.002799086315407248,0.0006708553979075004,0.6389897665069302,0.0,8.096530664401324e-05,1.6242773285722082e-24,1.6242773285722082e-24,1.6242773285722082e-24,1.6242773285722082e-24,3.503136640761365e-07,0.07395788843527705,4.029720327224944e-24,4.4247059708188804e-24,0.0,0.015070540515885035,1.6275803779828004e-24,1.6349367889334646e-24,3.744293383246432e-18,1.6242773285722082e-24,0.2218060970537112,1.6242773285722082e-24
2024930_WZY_DM_assembly_Plate1H6,2024930_WZY_DM_assembly_Plate1,,,H6,Plate1_H6,Mannose,cycle 5,,0.9705,48 h,,"growth curve data NA, so 48 h label rather than 0: 0.05:48 was used",Ho lab/7_Shared data/16s rRNA/Raw reads/2024930_DM_assembly/Plate1,,0.0,0.0,0.0003347834419317,0.0,0.0,0.0,0.0,0.0,not_assessable,review_required,True,,0.13114957912830755,0.00011844622183630524,0.0,0.01237763018189943,0.03630376699284376,0.013088307512917579,0.0006218426646408215,0.0,0.0699424939943695,0.029522720792712277,5.92231109181791e-05,0.05540322026395647,0.0017470817720862386,0.15572717015935192,0.0,0.0,1.5547830570736056e-24,1.5547830570736056e-24,1.5547830570736056e-24,1.5547830570736056e-24,0.0016421221929677967,0.04408510913972505,0.08260380238503677,3.485724185223479e-11,0.0,0.014762251493852522,2.019986335485862e-24,1.6825984764305627e-24,0.22654242746285397,1.5547830570736056e-24,0.12430280449486664,1.5547830570736056e-24
2024930_WZY_DM_assembly_Plate1H7,2024930_WZY_DM_assembly_Plate1,,,H7,Plate1_H7,Propionate,cycle 5,,0.2025,48 h,,"growth curve data NA, so 48 h label rather than 0: 0.05:48 was used",Ho lab/7_Shared data/16s rRNA/Raw reads/2024930_DM_assembly/Plate1,,0.0,0.0,0.0,0.0,0.0,0.0,8.869422392554065e-05,0.0,not_assessable,review_required,True,,0.7667848176556464,0.0018602964356070556,0.0,0.0014196999113840183,0.03598204947819044,0.007049544387563742,0.0,9.791033871616504e-05,0.000734327540370846,0.03798921142187184,0.0,4.895516935808252e-05,0.0,0.0,0.0,0.0,8.624287888940753e-24,8.624287888940753e-24,8.624287888940753e-24,8.624287888940753e-24,3.742943686230306e-15,1.5752011864751543e-10,2.8205207858726256e-10,9.010827226934598e-08,0.0,1.3263617299911429e-15,5.08764154807181e-08,1.9187982197231194e-10,1.0775648692391203e-05,8.624287888940753e-24,0.1480222703964541,8.624287888940753e-24
2024930_WZY_DM_assembly_Plate1H8,2024930_WZY_DM_assembly_Plate1,,,H8,Plate1_H8,Propionate,cycle 5,,0.2515,48 h,,"growth curve data NA, so 48 h label rather than 0: 0.05:48 was used",Ho lab/7_Shared data/16s rRNA/Raw reads/2024930_DM_assembly/Plate1,,0.0,0.0,0.0,0.0,0.0,0.0,0.0,0.0,not_assessable,review_required,True,,0.7154762328970065,0.0005673879721624731,0.0,0.0005673879721624731,0.0521186380143619,0.01839958138298619,0.0,0.0,0.007376043638113179,0.003080106134596674,0.0,0.0005673879721624731,0.0,0.00016211084918930699,0.0,0.0,6.695029013331996e-24,6.695029013331996e-24,6.695029013331996e-24,6.695029013331996e-24,4.3174898464457316e-13,6.05625560851357e-08,5.163865676013262e-12,0.00014504269353806827,0.0,7.592800270313504e-14,0.0004290269746807554,1.8571936049725708e-07,0.03369367713058209,6.695029013331996e-24,0.16741713008086978,6.695029013331996e-24
2024930_WZY_DM_assembly_Plate1H9,2024930_WZY_DM_assembly_Plate1,,,H9,Plate1_H9,Propionate,cycle 5,,0.1155,48 h,,"growth curve data NA, so 48 h label rather than 0: 0.05:48 was used",Ho lab/7_Shared data/16s rRNA/Raw reads/2024930_DM_assembly/Plate1,,0.0,0.0,0.0,0.0,0.0,0.0,0.000464247937381,0.0,not_assessable,review_required,True,,0.6809521695626622,0.004503844091410489,0.0,0.002615135278882628,0.09966571118412268,0.022373935163782447,0.0,0.0,0.013802102860775042,0.17608577544483575,0.0,0.0,0.0,0.0,0.0,0.0,2.322658215954802e-23,2.322658215954802e-23,2.322658215954802e-23,2.322658215954802e-23,4.8579047203954195e-20,2.3792484375850115e-16,1.3263992356110038e-06,5.617166977294976e-17,0.0,3.739356000870755e-20,3.6713442450770943e-17,5.0489614088981774e-18,2.697341059566344e-16,2.322658215954802e-23,1.4292391820314392e-11,2.322658215954802e-23
2024930_WZY_DM_assembly_Plate2A10,2024930_WZY_DM_assembly_Plate2,,,A10,Plate2_A10,N_acetylglutamic_acid,cycle 5,,0.5255,48 h,,"growth curve data NA, so 48 h label rather than 0: 0.05:48 was used",Ho lab/7_Shared data/16s rRNA/Raw reads/2024930_DM_assembly/Plate2,,0.0,7.543784094171691e-05,0.0001885946023542,0.0,0.0,0.0,0.0,0.0,not_assessable,review_required,True,,0.20986995567557665,0.00035839168724095696,0.0004005554151517169,0.014230258169865739,0.07490386263338247,0.004933156165553386,0.00031622795933019697,6.324559186607034e-05,0.06735655533736482,0.13625208674347083,0.00023190050350884462,0.0,0.011089060440517638,0.013408065475606757,0.1047347001302123,0.0007589471023928415,3.2749226401867715e-24,3.2749226401867715e-24,3.2749226401867715e-24,3.2749226401867715e-24,5.065680271972526e-13,0.041348968281293426,0.16119550061195545,0.0014958243439999177,0.0,2.185391424521428e-13,1.220368299477077e-14,4.920986988099213e-21,0.04222217511379731,3.2749226401867715e-24,0.11483056261717522,3.2749226401867715e-24
2024930_WZY_DM_assembly_Plate2A11,2024930_WZY_DM_assembly_Plate2,,,A11,Plate2_A11,N_acetylglutamic_acid,cycle 5,,0.5895,48 h,,"growth curve data NA, so 48 h label rather than 0: 0.05:48 was used",Ho lab/7_Shared data/16s rRNA/Raw reads/2024930_DM_assembly/Plate2,,0.0,0.0,3.0726329780302835e-05,0.0,0.0,0.0,0.0,0.0,not_assessable,review_required,True,,0.01612593954832548,0.00047127904652020507,0.0,0.0076736523009503415,0.056922312662323234,0.002643260739179115,6.147117998091068e-05,0.0,0.04071441154068975,0.011402903886458845,0.0,0.006362267128024236,0.004876713611818863,0.49912549105166765,0.06409395032676282,0.0,2.604951502694201e-24,2.604951502694201e-24,2.604951502694201e-24,2.604951502694201e-24,5.942849249963233e-12,0.06858831424633115,0.006264557818524177,1.7822716460528674e-07,0.0,0.004909810218831968,1.1076102078428232e-22,1.461711947513982e-20,1.1655568879881639e-05,2.604951502694201e-24,0.2097518308916239,2.604951502694201e-24
2024930_WZY_DM_assembly_Plate2A12,2024930_WZY_DM_assembly_Plate2,,,A12,Plate2_A12,N_acetylglutamic_acid,cycle 5,,0.5715,48 h,,"growth curve data NA, so 48 h label rather than 0: 0.05:48 was used",Ho lab/7_Shared data/16s rRNA/Raw reads/2024930_DM_assembly/Plate2,,0.0,0.0,0.0,0.0,0.0,0.0,0.0,0.0,not_assessable,review_required,True,,0.1743728354301908,0.0010267694635521557,0.00039701752590681625,0.03796308963240311,0.008939739462661002,0.0027243616432918124,0.00017797337368226831,0.0,0.0006982032352154516,0.12708667906873372,0.0,0.08664565246429119,0.007132625206809189,0.01041828749017623,0.060702610685205785,0.0,2.3030448050585663e-24,2.3030448050585663e-24,2.3030448050585663e-24,2.3030448050585663e-24,5.7324388311983346e-08,0.034745525660600275,0.08160018683812911,0.023236145970095056,0.0,0.01439154365428145,1.0995177621386778e-11,3.823393136546444e-11,0.2342715657573303,2.3030448050585663e-24,0.0934691300638268,2.3030448050585663e-24
2024930_WZY_DM_assembly_Plate2A1,2024930_WZY_DM_assembly_Plate2,,,A1,Plate2_A1,Sugar_mix,cycle 5,,0.9295,48 h,,"growth curve data NA, so 48 h label rather than 0: 0.05:48 was used",Ho lab/7_Shared data/16s rRNA/Raw reads/2024930_DM_assembly/Plate2,,0.0,0.0040834046676895,0.0011109262698861,0.0,0.0,0.0,0.0001050876201243,0.000915763546798,not_assessable,review_required,True,,0.0034466078504651943,0.00024013251417166396,0.0007910247525657745,0.0030793463582025164,0.07338167124248673,0.04015863163472373,0.0026132067718690815,0.020383012820579083,0.016413763615740033,0.08408875628614508,0.0,0.20092028715170968,0.007670115011486081,0.0016103003891517118,0.0,0.0001977561881414201,1.837716728700636e-24,1.837716728700636e-24,1.837716728700636e-24,1.837716728700636e-24,0.019466740419039487,0.04020422483961886,0.07548260920336008,6.459519592477361e-07,0.0,0.0286853555114768,1.4465452758473726e-23,3.2953074582643426e-24,0.2816798857591144,1.837716728700636e-24,0.09948592572799322,1.837716728700636e-24
2024930_WZY_DM_assembly_Plate2A2,2024930_WZY_DM_assembly_Plate2,,,A2,Plate2_A2,Sugar_mix,cycle 5,,0.8055,48 h,,"growth curve data NA, so 48 h label rather than 0: 0.05:48 was used",Ho lab/7_Shared data/16s rRNA/Raw reads/2024930_DM_assembly/Plate2,,0.0,0.0077335783905364,0.0028770253665444,0.0,0.0,0.0,0.0,0.0012497865294901,not_assessable,review_required,True,,0.04260870521276092,0.00011850714471311537,0.0005494422163971309,0.0020146214601228993,0.037868419424236355,0.0018853409386176466,0.0017021935331518934,0.012357063180540282,0.008338593637086354,0.04119739285299565,0.0,0.005968450742824074,0.0006571759843181321,0.4001016673050616,0.0,0.0004093883180997526,2.5086051949950567e-24,2.5086051949950567e-24,2.5086051949950567e-24,2.5086051949950567e-24,1.1582339182205376e-13,0.055311861361854446,0.04541363805462632,0.18598027704972056,0.0,0.00011874453033313143,6.098862351967308e-17,1.0994499794575282e-13,1.6326326093626524e-10,2.5086051949950567e-24,0.15739851688905054,2.5086051949950567e-24
2024930_WZY_DM_assembly_Plate2A3,2024930_WZY_DM_assembly_Plate2,,,A3,Plate2_A3,Sugar_mix,cycle 5,,0.9615,48 h,,"growth curve data NA, so 48 h label rather than 0: 0.05:48 was used",Ho lab/7_Shared data/16s rRNA/Raw reads/2024930_DM_assembly/Plate2,,0.0,0.0009412116597781,0.0013112606884088,0.0,0.0,0.0,0.0,0.0009251225715767,not_assessable,review_required,True,,0.0015572689426908977,0.0004871078209364511,0.0024945824769172214,7.380421529341079e-06,0.21651204598474982,0.0010554002786957051,0.00012546716599875227,0.12892858369605928,0.0009004114265795615,0.02163939592402797,1.4760843058682158e-05,0.0,0.0003911623410549983,0.15908498606494695,0.0010701611217544468,0.00017713011670416403,1.791883495088047e-24,1.791883495088047e-24,1.791883495088047e-24,1.791883495088047e-24,0.000264826775531161,0.03607263863700248,0.023540263747520284,0.12651499694111223,0.0,0.0008238246015997156,3.3808077356566015e-17,1.476167606251835e-12,0.1537353875427836,1.791883495088047e-24,0.12460221712727022,1.791883495088047e-24
2024930_WZY_DM_assembly_Plate2A4,2024930_WZY_DM_assembly_Plate2,,,A4,Plate2_A4,Sugar_mix,cycle 5,,0.9055,48 h,,"growth curve data NA, so 48 h label rather than 0: 0.05:48 was used",Ho lab/7_Shared data/16s rRNA/Raw reads/2024930_DM_assembly/Plate2,,0.0,0.016248078986907,0.0007191135436789,0.0,0.0,0.0,0.0,3.887100236102168e-05,not_assessable,review_required,True,,0.05381248501293181,0.000827884384814276,0.0008591253049959317,0.0005154751829975591,0.21656205869935757,0.031209679261491336,1.5620460090836526e-05,0.025539452248517707,0.0014214618682660545,0.1540958387961023,0.0,0.00020306598118084195,0.005342197351066087,0.005201613210248556,0.0006091979435426063,0.004857963088250102,1.5697414145156204e-24,1.5697414145156204e-24,1.5697414145156204e-24,1.5697414145156204e-24,0.00494051662684864,0.03921555735492372,0.10058435901636899,6.422255936595519e-05,0.0,1.6887743391991468e-05,6.972243364956374e-24,1.5718745040980644e-24,0.2727329439584057,1.5697414145156204e-24,0.08137239394684137,1.5697414145156204e-24
2024930_WZY_DM_assembly_Plate2A5,2024930_WZY_DM_assembly_Plate2,,,A5,Plate2_A5,Sugar_mix,cycle 5,,0.9605,48 h,,"growth curve data NA, so 48 h label rather than 0: 0.05:48 was used",Ho lab/7_Shared data/16s rRNA/Raw reads/2024930_DM_assembly/Plate2,,0.0,0.0002581265189755,0.0028730603851187,0.0,0.0,0.0,0.0,0.0,not_assessable,review_required,True,,0.016450855961777675,8.631089171971568e-05,0.007388212331207586,0.0008976332738849834,0.0037631548789795197,0.03352315034393743,0.0015881204076427103,0.21325695126107336,0.01084064799999622,0.07730003462417728,0.0,5.17865350318294e-05,0.012376981872607115,0.23714780608909075,0.0,0.0013982364458592893,3.004144715049188e-24,3.004144715049188e-24,3.004144715049188e-24,3.004144715049188e-24,1.848082512764485e-10,0.051828077220937956,0.06989555954073537,0.11820660712356183,0.0,6.135757153154488e-12,3.388085795456905e-14,5.224852026954899e-06,9.895765278669326e-11,3.004144715049188e-24,0.14399464805581694,3.004144715049188e-24
2024930_WZY_DM_assembly_Plate2A6,2024930_WZY_DM_assembly_Plate2,,,A6,Plate2_A6,Sugar_mix,cycle 5,,0.9195,48 h,,"growth curve data NA, so 48 h label rather than 0: 0.05:48 was used",Ho lab/7_Shared data/16s rRNA/Raw reads/2024930_DM_assembly/Plate2,,0.0,0.0104928374878601,0.0019348494658465,0.0,0.0,0.0,0.0,0.0009674247329232,not_assessable,review_required,True,,0.011372699264201718,0.0005458895646816042,0.0014557055058178148,0.0,0.0023655214469539033,0.026111717510607233,0.0019106134763858594,0.20307091806158672,0.010735828105406433,0.0581372386385994,0.0,0.0,0.0038212269527717188,0.2390086477364643,0.0,0.0007278527529088463,2.387864874056502e-24,2.387864874056502e-24,2.387864874056502e-24,2.387864874056502e-24,2.879010977237313e-10,0.047467368764556095,0.05706213201054453,0.20145464315297404,0.0,6.804862987916832e-10,1.728819623882129e-15,2.6906448420670415e-11,1.1128254389975819e-10,2.387864874056502e-24,0.13475199594896164,2.387864874056502e-24
2024930_WZY_DM_assembly_Plate2A7,2024930_WZY_DM_assembly_Plate2,,,A7,Plate2_A7,N_acetylglutamic_acid,cycle 5,,0.5765,48 h,,"growth curve data NA, so 48 h label rather than 0: 0.05:48 was used",Ho lab/7_Shared data/16s rRNA/Raw reads/2024930_DM_assembly/Plate2,,0.0,0.0,0.0002073834255137,0.0,0.0,0.0,0.0,0.0,not_assessable,review_required,True,,0.26670658276501563,0.0014367074546625688,0.00017366793407998766,0.0050363700883229315,0.03028137250596692,0.0028260509273034446,0.0003946998501820338,0.00012630395205817283,0.03624923424071948,0.08560250350748316,0.0,0.0,0.007025657333240494,0.010199044128704158,0.07619285907914307,0.0011525235625315581,2.379046500487488e-24,2.379046500487488e-24,2.379046500487488e-24,2.379046500487488e-24,2.489794961255321e-10,0.032061053414738576,0.09711506776937542,0.011764681934008111,0.0,8.276091356666504e-11,2.575478549582028e-12,1.4818355619468096e-14,0.23760589690508438,2.379046500487488e-24,0.09804972231304927,2.379046500487488e-24
2024930_WZY_DM_assembly_Plate2A8,2024930_WZY_DM_assembly_Plate2,,,A8,Plate2_A8,N_acetylglutamic_acid,cycle 5,,0.5745,48 h,,"growth curve data NA, so 48 h label rather than 0: 0.05:48 was used",Ho lab/7_Shared data/16s rRNA/Raw reads/2024930_DM_assembly/Plate2,,0.0,0.0,0.0,0.0,0.0,0.0,0.0,0.0,not_assessable,review_required,True,,0.0810384976952851,0.0009259426153483062,0.00014815081845561575,0.004666750781355435,0.0019012688368484371,0.001456816381481307,0.0006049491753608085,0.0,0.0034691983321715977,0.05621088970241214,0.0,0.0,0.0048889770090390005,0.015753370362459412,0.43446462102297073,4.938360615191052e-05,2.765051476551928e-24,2.765051476551928e-24,2.765051476551928e-24,2.765051476551928e-24,2.9908536212213165e-19,0.0176577788426836,0.04023639593170984,5.500542045150501e-07,0.0,8.696116841134033e-18,4.099706548027727e-17,0.007638148172811383,0.1933603143368423,2.765051476551928e-24,0.13552799632240844,2.765051476551928e-24
2024930_WZY_DM_assembly_Plate2A9,2024930_WZY_DM_assembly_Plate2,,,A9,Plate2_A9,N_acetylglutamic_acid,cycle 5,,0.5625,48 h,,"growth curve data NA, so 48 h label rather than 0: 0.05:48 was used",Ho lab/7_Shared data/16s rRNA/Raw reads/2024930_DM_assembly/Plate2,,0.0,0.0,5.016051364365972e-05,0.0,0.0,0.0,0.0,0.0,not_assessable,review_required,True,,0.05699022620100739,0.003215338035520253,0.0013451924434317944,0.0003609052897010887,0.07624944484233818,0.005610436776264984,0.0010170967255216247,0.0,0.1101417325024653,0.17011762973645592,0.0,0.0,0.0020013838792523305,0.027789707306996585,0.16844434157511376,0.0009186680101484756,3.832568104838914e-24,3.832568104838914e-24,3.832568104838914e-24,3.832568104838914e-24,6.2580979837131235e-19,0.042989418543002214,0.22437980446582767,6.275793920245184e-11,0.0,4.9212964381611596e-17,1.814506842695995e-18,5.319262389997297e-24,4.949596425449612e-10,3.832568104838914e-24,0.10842867310923482,3.832568104838914e-24
2024930_WZY_DM_assembly_Plate2B10,2024930_WZY_DM_assembly_Plate2,,,B10,Plate2_B10,N_acetylgalactosamine,cycle 5,,0.5345,48 h,,"growth curve data NA, so 48 h label rather than 0: 0.05:48 was used",Ho lab/7_Shared data/16s rRNA/Raw reads/2024930_DM_assembly/Plate2,,0.0,0.0,0.0002761106414952,0.0,0.0,0.0,0.0,0.0005898727341035,not_assessable,review_required,True,,0.37490134611628134,0.0006609742073002286,0.0,0.00024181983193905787,0.002482683607908166,0.002498804930037531,0.0,0.0,0.002369834353003255,0.04104488614113317,0.0,0.0,0.0,0.0011768565154369453,0.060793505749494485,0.00014509189916338334,2.5088242035545332e-24,2.5088242035545332e-24,2.5088242035545332e-24,2.5088242035545332e-24,2.3518477121837015e-10,0.01696413372025787,0.03435641514464591,0.00441442394873388,0.0,1.464456171560539e-10,0.03397632181589978,0.027967021595348193,0.2993639183873509,2.5088242035545332e-24,0.09664196165443553,2.5088242035545332e-24
2024930_WZY_DM_assembly_Plate2B11,2024930_WZY_DM_assembly_Plate2,,,B11,Plate2_B11,N_acetylgalactosamine,cycle 5,,0.4865,48 h,,"growth curve data NA, so 48 h label rather than 0: 0.05:48 was used",Ho lab/7_Shared data/16s rRNA/Raw reads/2024930_DM_assembly/Plate2,,0.0,0.0,0.0005028494007877,0.0,0.0,0.0,0.0,0.0003261725842947,not_assessable,review_required,True,,0.2350342555118099,0.0024511823347105593,0.0,0.030127823379797674,0.027738696294067063,0.001954740342870316,0.0,9.308287347002374e-05,0.12795792339679252,0.014707094008263585,0.0,0.14471284062139678,0.0,0.01349701665315329,0.06003845338816531,0.00012411049796003164,4.459050110277546e-24,4.459050110277546e-24,4.459050110277546e-24,4.459050110277546e-24,7.854160938983255e-13,0.022436132644926825,0.15720921467765303,4.705286787049559e-06,0.0,0.014373329398737329,9.285421943107844e-14,8.199046917393377e-10,0.000878300313947599,4.459050110277546e-24,0.14666109755470813,4.459050110277546e-24
2024930_WZY_DM_assembly_Plate2B12,2024930_WZY_DM_assembly_Plate2,,,B12,Plate2_B12,N_acetylgalactosamine,cycle 5,,0.5855,48 h,,"growth curve data NA, so 48 h label rather than 0: 0.05:48 was used",Ho lab/7_Shared data/16s rRNA/Raw reads/2024930_DM_assembly/Plate2,,0.0,0.0,4.350141165981475e-05,0.0,0.0,0.0,0.0,5.0751646936450546e-05,not_assessable,review_required,True,,0.18133293951596663,8.458679394330808e-05,0.0,0.003714770034010219,0.004701615963348803,0.0013040464066259787,0.0,0.0,0.01616312654266705,0.040432487504901256,0.0,0.0011771662157109622,0.0,0.0005145696631551118,0.2720734227186503,0.0001550757888959798,1.8988875948724456e-24,1.8988875948724456e-24,1.8988875948724456e-24,1.8988875948724456e-24,3.293952745540278e-14,0.024656520474626412,0.046125343221474414,7.841567509004601e-05,0.0,2.1589252347946477e-12,2.2074313844691238e-13,4.818874058449578e-10,0.2949551849337121,1.8988875948724456e-24,0.1125307280629213,1.8988875948724456e-24
2024930_WZY_DM_assembly_Plate2B1,2024930_WZY_DM_assembly_Plate2,,,B1,Plate2_B1,Water,cycle 5,,0.2605,48 h,,"growth curve data NA, so 48 h label rather than 0: 0.05:48 was used",Ho lab/7_Shared data/16s rRNA/Raw reads/2024930_DM_assembly/Plate2,,0.0,0.0,0.0064069955817378,0.0,0.0,0.0,0.0,0.0,not_assessable,review_required,True,,0.33760227451535113,0.036267618349791524,0.0,0.0,0.036267618349791524,0.15178669901950065,0.0,0.0,0.11999656441659612,0.12671279003692837,0.0,0.0,0.0,0.0,0.0,0.009850464243153483,2.2794291807648472e-23,2.2794291807648472e-23,2.2794291807648472e-23,2.2794291807648472e-23,2.3000188553717443e-20,7.790611818862235e-15,0.18151597106420725,1.196095244222894e-18,0.0,2.2794291807648472e-23,3.016622214824099e-17,4.138881296978395e-19,3.1310564161198555e-18,2.2794291807648472e-23,4.67222713682443e-12,2.2794291807648472e-23
2024930_WZY_DM_assembly_Plate2B2,2024930_WZY_DM_assembly_Plate2,,,B2,Plate2_B2,Water,cycle 5,,0.2725,48 h,,"growth curve data NA, so 48 h label rather than 0: 0.05:48 was used",Ho lab/7_Shared data/16s rRNA/Raw reads/2024930_DM_assembly/Plate2,,0.0,0.0,0.0016386975740131,0.0,0.0,0.0,0.0,0.0,not_assessable,review_required,True,,0.7140856481696113,0.00046898326782331633,0.0,0.0,0.05827117102705794,0.013014285682099122,0.0,0.0,0.005334684671490852,0.04578449152125984,0.0,0.008265830095387415,0.0,0.0,0.0,0.0002931145423896278,8.174937696004298e-24,8.174937696004298e-24,8.174937696004298e-24,8.174937696004298e-24,7.891266475713752e-15,2.138670904555131e-09,2.0114764879823376e-06,3.113848914633048e-07,0.0,7.27370155111513e-15,1.9302937848772522e-07,6.00919658989791e-10,3.6417863325789534e-05,8.174937696004298e-24,0.15444285452919115,8.174937696004298e-24
2024930_WZY_DM_assembly_Plate2B3,2024930_WZY_DM_assembly_Plate2,,,B3,Plate2_B3,Water,cycle 5,,0.1635,48 h,,"growth curve data NA, so 48 h label rather than 0: 0.05:48 was used",Ho lab/7_Shared data/16s rRNA/Raw reads/2024930_DM_assembly/Plate2,,0.0,0.0,0.0045399963221772,0.0,0.0,0.0,0.0,0.0,not_assessable,review_required,True,,0.3576754167599555,0.029049780041417565,0.0,0.0,0.3001810604279828,0.029957585667711235,0.0,0.0,0.003631222505176692,0.23481905533479233,0.0,0.0,0.0,0.0027234168788820155,0.0,0.0021182131280195696,1.965726536931553e-23,1.965726536931553e-23,1.965726536931553e-23,1.965726536931553e-23,9.2665923171328e-20,6.696495517075366e-15,0.03984424918552381,1.0336082502951876e-16,0.0,4.436793130716647e-20,6.347183521983816e-17,1.2592006386030028e-17,3.6375861940524076e-16,1.965726536931553e-23,7.053120116424461e-11,1.965726536931553e-23
2024930_WZY_DM_assembly_Plate2B4,2024930_WZY_DM_assembly_Plate2,,,B4,Plate2_B4,Water,cycle 5,,0.1775,48 h,,"growth curve data NA, so 48 h label rather than 0: 0.05:48 was used",Ho lab/7_Shared data/16s rRNA/Raw reads/2024930_DM_assembly/Plate2,,0.0,0.0,0.0003573825503355,0.0,0.0,0.0,0.0,0.0,not_assessable,review_required,True,,0.12356600068051526,0.0001102283681360533,0.0,0.0,0.013888774385142477,0.019069507687536517,0.0,0.0008818269450879749,0.018408137478720325,0.1682084897756172,0.0,0.610554931105599,0.0,0.0,0.0002204567362721066,0.0,1.626499138099114e-23,1.626499138099114e-23,1.626499138099114e-23,1.626499138099114e-23,1.8211457051211158e-17,1.8544454260884297e-11,0.033651512820438205,5.8732853797044884e-15,0.0,0.011222115180788313,5.40552499646146e-21,1.5220822311981254e-16,1.3301046965738073e-13,1.626499138099114e-23,0.00021801881746310185,1.626499138099114e-23
2024930_WZY_DM_assembly_Plate2B5,2024930_WZY_DM_assembly_Plate2,,,B5,Plate2_B5,Water,cycle 5,,0.1775,48 h,,"growth curve data NA, so 48 h label rather than 0: 0.05:48 was used",Ho lab/7_Shared data/16s rRNA/Raw reads/2024930_DM_assembly/Plate2,,0.0,0.0,0.001135720438046,0.0,0.0,0.0,0.0,0.0,not_assessable,review_required,True,,0.7984130167362596,0.0005438780767958175,0.0,0.0,0.05397989912198448,0.0059826588447535545,0.0,0.0,0.009789805382324452,0.07491920507862349,0.0,0.012373226247104636,0.0,0.0,0.0,0.0,1.2159158038401213e-23,1.2159158038401213e-23,1.2159158038401213e-23,1.2159158038401213e-23,5.2086782244964664e-17,1.671213099718111e-12,1.5677625412988485e-06,3.327569231216165e-11,0.0,8.927258608392044e-17,1.1546394192511979e-11,2.6436551813426153e-13,1.9258170376570617e-09,1.2159158038401213e-23,0.0439967407770377,1.2159158038401213e-23
2024930_WZY_DM_assembly_Plate2B6,2024930_WZY_DM_assembly_Plate2,,,B6,Plate2_B6,Water,cycle 5,,0.1835,48 h,,"growth curve data NA, so 48 h label rather than 0: 0.05:48 was used",Ho lab/7_Shared data/16s rRNA/Raw reads/2024930_DM_assembly/Plate2,,0.0,0.0,0.0005381231671554,0.0,0.0,0.0,0.0,0.0,not_assessable,review_required,True,,0.32750006519152336,0.003748212477155595,0.0,0.0,0.35889134468770595,0.007496424954312147,0.0,0.0018741062385773184,0.021552221743647782,0.20662021280323556,0.0,0.0,0.0,0.0,0.0,0.0,1.870575533492226e-23,1.870575533492226e-23,1.870575533492226e-23,1.870575533492226e-23,6.588508773002519e-20,3.134988037996648e-15,0.07231741180411182,1.5507246372793272e-16,0.0,7.09351066965868e-20,5.945886605186501e-17,1.262198902002887e-17,7.174606124476964e-16,1.870575533492226e-23,9.972649151047438e-11,1.870575533492226e-23
2024930_WZY_DM_assembly_Plate2B7,2024930_WZY_DM_assembly_Plate2,,,B7,Plate2_B7,N_acetylgalactosamine,cycle 5,,0.5515,48 h,,"growth curve data NA, so 48 h label rather than 0: 0.05:48 was used",Ho lab/7_Shared data/16s rRNA/Raw reads/2024930_DM_assembly/Plate2,,0.0,0.0,0.0002995993571606,0.0,0.0,0.0,0.0007240317798048,0.0006990651667081,not_assessable,review_required,True,,0.0031815726560380114,0.0,0.0,0.00023350991970914854,0.0003940479895092832,0.001941051207582787,0.0,0.0,0.006246390352221624,0.001882673727655529,0.0,0.0,0.0,0.0010945777486369628,0.5495947847756134,4.378310994547879e-05,2.2834197622503348e-24,2.2834197622503348e-24,2.2834197622503348e-24,2.2834197622503348e-24,6.401885097288765e-23,0.005975657884603736,6.8166432579408755e-12,2.215462704831155e-09,0.0,4.054114917043537e-20,1.8161811262374074e-22,0.03480093440228112,0.25512201596067285,2.2834197622503348e-24,0.13948899804325066,2.2834197622503348e-24
2024930_WZY_DM_assembly_Plate2B8,2024930_WZY_DM_assembly_Plate2,,,B8,Plate2_B8,N_acetylgalactosamine,cycle 5,,0.4855,48 h,,"growth curve data NA, so 48 h label rather than 0: 0.05:48 was used",Ho lab/7_Shared data/16s rRNA/Raw reads/2024930_DM_assembly/Plate2,,0.0,0.0,0.0001411260287411,0.0,0.0,0.0,0.0,0.0006350671293352,not_assessable,review_required,True,,0.034096685160672935,0.001157688582658228,0.0015298027699412128,0.003280117650865004,0.0034868477549110555,0.00023429411791879497,0.0,2.7564013872815744e-05,0.02597908307512881,0.046803695556041004,0.0,0.0,0.0,0.0,0.5366437860898498,2.7564013872815744e-05,3.051795055840864e-24,3.051795055840864e-24,3.051795055840864e-24,3.051795055840864e-24,9.43460922349589e-22,0.011086720270996388,0.05816409711353211,2.7625045195544166e-09,0.0,1.7573880459040814e-19,7.797058416319213e-21,0.0001984740582112934,0.12867737939053064,3.051795055840864e-24,0.14860619761849272,3.051795055840864e-24
2024930_WZY_DM_assembly_Plate2B9,2024930_WZY_DM_assembly_Plate2,,,B9,Plate2_B9,N_acetylgalactosamine,cycle 5,,0.3785,48 h,,"growth curve data NA, so 48 h label rather than 0: 0.05:48 was used",Ho lab/7_Shared data/16s rRNA/Raw reads/2024930_DM_assembly/Plate2,,0.0,0.0,7.018790950673755e-05,0.0,0.0,0.0,0.000163771788849,0.0,not_assessable,review_required,True,,0.015583283243000729,0.005488848753607359,0.0032176009934940064,0.09122845169789155,0.11286839563452852,0.030724934977090647,0.000946353233380384,0.00018927064667612412,0.10857826097653633,0.10189069812731326,0.0,0.0,0.0,0.010346795351627887,0.1986710887943715,0.0013248945267326994,5.26685057850055e-24,5.26685057850055e-24,5.26685057850055e-24,5.26685057850055e-24,1.0053909977528531e-17,0.0032145154735982963,0.18593353067395488,8.0337245962453e-12,0.0,4.122423091230295e-19,3.9777691152970833e-16,4.3565632003582634e-13,1.3096072320871796e-09,5.26685057850055e-24,0.1297930755781187,5.26685057850055e-24
2024930_WZY_DM_assembly_Plate2C10,2024930_WZY_DM_assembly_Plate2,,,C10,Plate2_C10,Urea,cycle 5,,0.1715,48 h,,"growth curve data NA, so 48 h label rather than 0: 0.05:48 was used",Ho lab/7_Shared data/16s rRNA/Raw reads/2024930_DM_assembly/Plate2,,0.0,0.0,0.0010135110750214,0.0,0.0,0.0,0.0,0.0,not_assessable,review_required,True,,0.8456645480160654,0.0031672829513709777,0.0,0.0,0.055854783475765106,0.006435114567864555,0.0,0.0,0.006585937565549104,0.0429342800074734,0.0,0.0,0.0,0.00040219466049155954,0.0,0.00015082299768433483,1.2691681052860219e-23,1.2691681052860219e-23,1.2691681052860219e-23,1.2691681052860219e-23,5.031064866305042e-17,2.377927261642265e-13,8.199217276786926e-12,2.6531517583756197e-11,0.0,2.4602965577137283e-17,1.5380347005045187e-11,2.0887005757887268e-13,1.8066617977758294e-09,1.2691681052860219e-23,0.03880503390051588,1.2691681052860219e-23
2024930_WZY_DM_assembly_Plate2C11,2024930_WZY_DM_assembly_Plate2,,,C11,Plate2_C11,Urea,cycle 5,,0.1625,48 h,,"growth curve data NA, so 48 h label rather than 0: 0.05:48 was used",Ho lab/7_Shared data/16s rRNA/Raw reads/2024930_DM_assembly/Plate2,,0.0,0.0,0.0058345301600328,0.0,0.0,0.0,0.0,0.0,not_assessable,review_required,True,,0.06229328204857923,0.02198586425243923,0.0,0.0,0.44507281608465016,0.03917993757806597,0.0,0.0,0.054119050467543825,0.19364472745418265,0.0,0.009019841744590496,0.0,0.0,0.0,0.00253683049066613,1.65124356457089e-23,1.65124356457089e-23,1.65124356457089e-23,1.65124356457089e-23,7.341901721433028e-20,4.464177352506431e-14,0.17214764963838242,5.4250870598630547e-17,0.0,6.261083516535004e-20,5.35241372881679e-17,7.756554463291073e-18,1.9256932955273383e-16,1.65124356457089e-23,2.4085504934723105e-10,1.65124356457089e-23
2024930_WZY_DM_assembly_Plate2C12,2024930_WZY_DM_assembly_Plate2,,,C12,Plate2_C12,Urea,cycle 5,,0.1295,48 h,,"growth curve data NA, so 48 h label rather than 0: 0.05:48 was used",Ho lab/7_Shared data/16s rRNA/Raw reads/2024930_DM_assembly/Plate2,,0.0,0.0,0.0011517353579175,0.0,0.0,0.0,0.0006320498915401,0.0,not_assessable,review_required,True,,0.2340064448458765,0.0009765527171442456,0.0,0.0,0.14977877299211795,0.021606228866833596,0.0,0.000488276358572513,0.020629676149688483,0.16015464561178402,0.0,0.39599212680230794,0.0,0.0,0.0,0.0,1.697449635783124e-23,1.697449635783124e-23,1.697449635783124e-23,1.697449635783124e-23,4.897100762311268e-18,1.4293840627636152e-12,0.01635158768801588,5.967249990845905e-15,0.0,3.4517720381271e-08,1.0272767216265253e-18,1.865758971006569e-16,1.0492364648457125e-13,1.697449635783124e-23,1.5653448398114684e-05,1.697449635783124e-23
2024930_WZY_DM_assembly_Plate2C1,2024930_WZY_DM_assembly_Plate2,,,C1,Plate2_C1,Butyrate,cycle 5,,0.2865,48 h,,"growth curve data NA, so 48 h label rather than 0: 0.05:48 was used",Ho lab/7_Shared data/16s rRNA/Raw reads/2024930_DM_assembly/Plate2,,0.0,1.4080238520387266e-05,0.0006805448618187,0.0,0.0,0.0,0.0,0.0,not_assessable,review_required,True,,0.6797927110496852,0.0059650759727818605,0.0,0.0004368363717439908,0.003283804449662643,0.009761033410006623,0.0,0.0,0.005513176277874052,0.07941383971845006,0.0,0.0017021555174854715,0.0,0.0,1.5063323163590715e-05,0.0005874696033799273,6.2684775569580886e-24,6.2684775569580886e-24,6.2684775569580886e-24,6.2684775569580886e-24,1.6381519546949373e-13,5.256058052549788e-06,0.05998606122139251,6.15405071466039e-05,0.0,5.966224338267554e-14,2.4898700928690023e-05,8.86682941776808e-08,0.00516872759015504,6.2684775569580886e-24,0.14828226155957366,6.2684775569580886e-24
2024930_WZY_DM_assembly_Plate2C2,2024930_WZY_DM_assembly_Plate2,,,C2,Plate2_C2,Butyrate,cycle 5,,0.2135,48 h,,"growth curve data NA, so 48 h label rather than 0: 0.05:48 was used",Ho lab/7_Shared data/16s rRNA/Raw reads/2024930_DM_assembly/Plate2,,0.0,0.0,0.0016621476510067,0.0,0.0,0.0,0.0,0.0,not_assessable,review_required,True,,0.5087816686404457,0.0024906979773225905,0.0,0.0,0.18929304627655164,0.060229605633448244,0.0,0.0004528541776951012,0.005660677221188495,0.17819811892302215,0.0,0.0,0.0,0.0,0.0,0.0009057083553900328,1.5431808144707373e-23,1.5431808144707373e-23,1.5431808144707373e-23,1.5431808144707373e-23,1.066675934287471e-18,1.1732609478382557e-12,0.05398615416420447,1.9422514837795357e-14,0.0,4.089764625089373e-19,5.786821212602532e-14,9.190215568896502e-16,2.0057093756474835e-13,1.5431808144707373e-23,1.4686292795481601e-06,1.5431808144707373e-23
2024930_WZY_DM_assembly_Plate2C3,2024930_WZY_DM_assembly_Plate2,,,C3,Plate2_C3,Butyrate,cycle 5,,0.2735,48 h,,"growth curve data NA, so 48 h label rather than 0: 0.05:48 was used",Ho lab/7_Shared data/16s rRNA/Raw reads/2024930_DM_assembly/Plate2,,0.0,0.0,0.0006115148127445,0.0,0.0,0.0,0.0,0.0,not_assessable,review_required,True,,0.6242679787414367,0.03781103950349846,0.0,0.0,0.02134909033190721,0.047328103868324846,0.0,0.0023149616022549563,0.030094500829314936,0.07150659171409911,0.0,0.0,0.0,0.0,0.0,0.0010288718232242008,9.858380718774353e-24,9.858380718774353e-24,9.858380718774353e-24,9.858380718774353e-24,3.2875099160195866e-16,5.554290683592949e-10,0.06609051940874673,4.326832324631217e-11,0.0,1.747600572593056e-17,1.967545870314483e-10,9.167636887189176e-13,1.4061444649896013e-09,9.858380718774353e-24,0.09820833997467933,9.858380718774353e-24
2024930_WZY_DM_assembly_Plate2C4,2024930_WZY_DM_assembly_Plate2,,,C4,Plate2_C4,Butyrate,cycle 5,,0.2265,48 h,,"growth curve data NA, so 48 h label rather than 0: 0.05:48 was used",Ho lab/7_Shared data/16s rRNA/Raw reads/2024930_DM_assembly/Plate2,,0.0,0.0,0.0005507598784194,0.0,0.0,0.0,0.0,0.0,not_assessable,review_required,True,,0.6524035620227346,0.0036978339547845693,0.0,0.0,0.04331748347033396,0.12731114044330277,0.0,0.008452191896650006,0.07554146507631576,0.08610670494712903,0.0,0.003169571961242601,0.0,0.0,0.0,0.0,2.9973474730077686e-23,2.9973474730077686e-23,2.9973474730077686e-23,2.9973474730077686e-23,2.2714533885287715e-20,1.1193001104368405e-16,4.622548066202691e-08,4.564516805976912e-18,0.0,8.429788965055585e-21,3.033796156287499e-17,7.259626272136173e-19,1.7718158457539313e-17,2.9973474730077686e-23,2.025758439066372e-12,2.9973474730077686e-23
2024930_WZY_DM_assembly_Plate2C5,2024930_WZY_DM_assembly_Plate2,,,C5,Plate2_C5,Butyrate,cycle 5,,0.3495,48 h,,"growth curve data NA, so 48 h label rather than 0: 0.05:48 was used",Ho lab/7_Shared data/16s rRNA/Raw reads/2024930_DM_assembly/Plate2,,0.0,0.0,0.0018154240282685,0.0,0.0,0.0,0.0,0.0,not_assessable,review_required,True,,0.44889700685754447,3.075268937847124e-05,0.0,3.075268937847124e-05,0.030014624833387793,0.007811183102131667,0.0,0.0002767742044060098,0.0043668818917427235,0.22123484738872207,0.0,0.004643656096148982,0.0,0.0,0.0,0.000891827991975446,4.863538925086822e-24,4.863538925086822e-24,4.863538925086822e-24,4.863538925086822e-24,2.2953980997213073e-14,0.03071774261819892,0.144398918714512,4.718423972882536e-05,0.0,1.1701693527435463e-13,4.70811061295505e-07,2.429443691571147e-08,0.0002652402438843112,4.863538925086822e-24,0.10637211133322155,4.863538925086822e-24
2024930_WZY_DM_assembly_Plate2C6,2024930_WZY_DM_assembly_Plate2,,,C6,Plate2_C6,Butyrate,cycle 5,,0.2605,48 h,,"growth curve data NA, so 48 h label rather than 0: 0.05:48 was used",Ho lab/7_Shared data/16s rRNA/Raw reads/2024930_DM_assembly/Plate2,,0.0,0.0,0.0017307763787576,0.0,0.0,0.0,0.0,0.0,not_assessable,review_required,True,,0.640391592643408,0.0038564339232320423,0.0,0.0,0.0006706841605616727,0.024535862207231033,0.0,0.00033534208028106557,0.006818622299048059,0.14743873463024149,0.0,0.0,0.0,0.0,0.0,0.00050301312042137,9.019073388877278e-24,9.019073388877278e-24,9.019073388877278e-24,9.019073388877278e-24,1.0985192494812982e-16,6.422195278538949e-09,0.10396520173899468,2.1092353617305296e-10,0.0,5.09116202304359e-17,1.8420738523124334e-10,2.103341443542352e-12,5.575341846053084e-09,9.019073388877278e-24,0.07148450080180911,9.019073388877278e-24
2024930_WZY_DM_assembly_Plate2C7,2024930_WZY_DM_assembly_Plate2,,,C7,Plate2_C7,Urea,cycle 5,,0.2715,48 h,,"growth curve data NA, so 48 h label rather than 0: 0.05:48 was used",Ho lab/7_Shared data/16s rRNA/Raw reads/2024930_DM_assembly/Plate2,,0.0,0.0,0.0008767902274641,0.0,0.0,0.0,0.0,0.0,not_assessable,review_required,True,,0.5070442522440087,0.019965082573083198,0.0,0.0,0.3383737270576107,0.02512846599715656,0.0,0.001376902246418721,0.05679721766480702,0.051289608679128525,0.0,0.0,0.0,0.0,0.0,0.0,1.7636211223455187e-23,1.7636211223455187e-23,1.7636211223455187e-23,1.7636211223455187e-23,1.2816456876578832e-18,6.344986986015453e-15,2.1729754911806398e-05,9.239709242075902e-15,0.0,5.070799599069891e-19,1.0438652410441245e-14,3.6644302614051295e-16,1.6399009296980618e-13,1.7636211223455187e-23,3.0137826844191764e-06,1.7636211223455187e-23
2024930_WZY_DM_assembly_Plate2C8,2024930_WZY_DM_assembly_Plate2,,,C8,Plate2_C8,Urea,cycle 5,,0.1725,48 h,,"growth curve data NA, so 48 h label rather than 0: 0.05:48 was used",Ho lab/7_Shared data/16s rRNA/Raw reads/2024930_DM_assembly/Plate2,,0.0,0.0,0.0001368737247789,0.0,0.0,0.0,0.0,0.0,not_assessable,review_required,True,,0.8144861894727723,0.00293584105371196,0.0,0.0,0.06908213744755826,0.0007788966060863838,0.0,0.0,0.009766165137858903,0.04403761580568492,0.0,0.0,0.0,0.0,0.0,0.0004793209883612023,1.1969456972720015e-23,1.1969456972720015e-23,1.1969456972720015e-23,1.1969456972720015e-23,7.406918762001466e-17,4.310485253669884e-13,2.2273784599214908e-10,5.962720821229162e-11,0.0,4.041029988890157e-17,2.610167143644217e-11,3.963698075739871e-13,4.436486139247544e-09,1.1969456972720015e-23,0.05843382874218552,1.1969456972720015e-23
2024930_WZY_DM_assembly_Plate2C9,2024930_WZY_DM_assembly_Plate2,,,C9,Plate2_C9,Urea,cycle 5,,0.2215,48 h,,"growth curve data NA, so 48 h label rather than 0: 0.05:48 was used",Ho lab/7_Shared data/16s rRNA/Raw reads/2024930_DM_assembly/Plate2,,0.0,0.0,0.0005841344108889,0.0,0.0,0.0,0.0,0.0,not_assessable,review_required,True,,0.6326776825260674,0.0026661863226223885,0.0,0.0002916141290368388,0.050699199291118685,0.005540668451699797,0.0,0.0,0.005748964258154815,0.023870699419729545,0.0,0.11731219819539083,0.0,0.0,0.0,0.0004582507742006885,8.636135739549846e-24,8.636135739549846e-24,8.636135739549846e-24,8.636135739549846e-24,1.2261067965486349e-14,4.948587895234847e-10,1.5815394086132582e-11,5.8327950619295436e-08,0.0,2.481173186588881e-09,3.2866107484810096e-10,1.0718762571775406e-10,8.97893378424555e-06,8.636135739549846e-24,0.16072549594253607,8.636135739549846e-24
2024930_WZY_DM_assembly_Plate2D10,2024930_WZY_DM_assembly_Plate2,,,D10,Plate2_D10,Glutamate,cycle 5,,0.4235,48 h,,"growth curve data NA, so 48 h label rather than 0: 0.05:48 was used",Ho lab/7_Shared data/16s rRNA/Raw reads/2024930_DM_assembly/Plate2,,0.0,0.0,0.003270126247798,0.0,0.0,0.0,0.0,0.0,not_assessable,review_required,True,,0.4713673934348747,0.002127044466648216,0.0,9.559750411902345e-05,0.036972334718032226,0.01249937366356228,0.0,0.0001194968801487793,0.005401258982724714,0.040915731762941915,0.0,0.0,0.0,0.0001911950082380469,0.0,0.0002628931363272104,3.7541172316516235e-24,3.7541172316516235e-24,3.7541172316516235e-24,3.7541172316516235e-24,2.9681139596751074e-11,0.0025549052960164233,0.03760206969677584,0.0035084064194547907,0.0,4.471803794893819e-12,0.02886207376553615,0.00018379119871929491,0.24455884801960645,3.7541172316516235e-24,0.11277758601212086,3.7541172316516235e-24
2024930_WZY_DM_assembly_Plate2D11,2024930_WZY_DM_assembly_Plate2,,,D11,Plate2_D11,Glutamate,cycle 5,,0.2505,48 h,,"growth curve data NA, so 48 h label rather than 0: 0.05:48 was used",Ho lab/7_Shared data/16s rRNA/Raw reads/2024930_DM_assembly/Plate2,,0.0,0.0,0.0027126587005227,0.0,0.0,0.0,0.0,0.0,not_assessable,review_required,True,,0.5649235137515964,0.016008537858200066,0.0,0.0024902170001637703,0.33653504030794057,0.0014229811429508888,0.0,0.0,0.057630736289519556,0.020277481287052732,0.0,0.0007114905714755633,0.0,0.0,0.0,0.0,2.2284007185763924e-23,2.2284007185763924e-23,2.2284007185763924e-23,2.2284007185763924e-23,1.7100963217888313e-19,3.55248715606316e-17,4.046432159605769e-11,2.8734759300274068e-16,0.0,1.0884287772596992e-19,1.5610555321111893e-16,1.5417697171000128e-17,3.10476240971726e-15,2.2284007185763924e-23,1.7506324684496218e-09,2.2284007185763924e-23
2024930_WZY_DM_assembly_Plate2D12,2024930_WZY_DM_assembly_Plate2,,,D12,Plate2_D12,Glutamate,cycle 5,,0.1905,48 h,,"growth curve data NA, so 48 h label rather than 0: 0.05:48 was used",Ho lab/7_Shared data/16s rRNA/Raw reads/2024930_DM_assembly/Plate2,,0.0,0.0,0.0003286686475606,0.0,0.0,0.0,0.0,0.0,not_assessable,review_required,True,,0.4515821974198961,0.012610040286224039,0.0,0.00666190807574056,0.23245300678568856,0.07542231642892781,0.0,0.0,0.004282655191547689,0.17796811573766116,0.0,0.03901974730076986,0.0,0.0,0.0,0.0,2.5449829130566282e-23,2.5449829130566282e-23,2.5449829130566282e-23,2.5449829130566282e-23,4.874612595059349e-20,4.0781837788139604e-16,1.27668693508405e-08,2.2202427622323418e-17,0.0,8.89823472611293e-20,2.7743971817048045e-17,2.773192350788162e-18,9.043257702161718e-17,2.5449829130566282e-23,6.6744060598551326e-12,2.5449829130566282e-23
2024930_WZY_DM_assembly_Plate2D1,2024930_WZY_DM_assembly_Plate2,,,D1,Plate2_D1,Succinate,cycle 5,,0.2235,48 h,,"growth curve data NA, so 48 h label rather than 0: 0.05:48 was used",Ho lab/7_Shared data/16s rRNA/Raw reads/2024930_DM_assembly/Plate2,,0.0,0.0,0.0,0.0,0.0,0.0,0.0,0.0,not_assessable,review_required,True,,0.8517027050647658,0.0028013656657487544,0.0,0.0,0.04867372844238887,0.01094283463183171,0.0,0.0,0.007441127549644747,0.07738772651631734,0.0,0.0,0.0,0.0004377133852732891,0.0,0.0006127987393826046,2.6587477264729955e-23,2.6587477264729955e-23,2.6587477264729955e-23,2.6587477264729955e-23,4.129709503428858e-20,6.565591783322771e-18,2.8824377671261422e-15,3.428849035964872e-17,0.0,3.052119700053084e-20,2.1324868167715766e-17,2.627664460806261e-18,2.100384820745135e-16,2.6587477264729955e-23,4.643845331571074e-12,2.6587477264729955e-23
2024930_WZY_DM_assembly_Plate2D2,2024930_WZY_DM_assembly_Plate2,,,D2,Plate2_D2,Succinate,cycle 5,,0.2285,48 h,,"growth curve data NA, so 48 h label rather than 0: 0.05:48 was used",Ho lab/7_Shared data/16s rRNA/Raw reads/2024930_DM_assembly/Plate2,,0.0,0.0,6.282650536156173e-05,0.0,0.0,0.0,0.0,0.0,not_assessable,review_required,True,,0.522369864240952,0.014749921579525354,0.0,0.0,0.18228676669036975,0.059277986725264235,0.0,0.0016698024429649086,0.04202336148129084,0.1756075569185088,0.0,0.0005566008143217402,0.0,0.0,0.0,0.0013915020358034262,2.5955071650473995e-23,2.5955071650473995e-23,2.5955071650473995e-23,2.5955071650473995e-23,2.712545522289908e-20,2.3231724908609246e-16,6.663706894170615e-05,9.52365131482172e-18,0.0,1.4240327278946135e-20,1.5070878988066363e-17,1.3881346805330671e-18,3.348110629401829e-17,2.5955071650473995e-23,2.0568827887412354e-12,2.5955071650473995e-23
2024930_WZY_DM_assembly_Plate2D3,2024930_WZY_DM_assembly_Plate2,,,D3,Plate2_D3,Succinate,cycle 5,,0.2515,48 h,,"growth curve data NA, so 48 h label rather than 0: 0.05:48 was used",Ho lab/7_Shared data/16s rRNA/Raw reads/2024930_DM_assembly/Plate2,,0.0,0.0,0.0,0.0,0.0,0.0,0.0,0.0,not_assessable,review_required,True,,0.6545019100778973,0.01841745864731904,0.0,0.0,0.2673942144351587,0.0126193698139039,0.0,0.0,0.04536151852024953,0.0,0.0,0.0,0.0,0.0,0.0,0.0017053202451216844,1.9724651878455772e-23,1.9724651878455772e-23,1.9724651878455772e-23,1.9724651878455772e-23,7.263094293802365e-19,1.800899463450365e-16,4.789252388766941e-13,3.3476833071540385e-15,0.0,3.1179522071192786e-19,2.7487190816583738e-15,1.2400286590998894e-16,6.269670129184349e-14,1.9724651878455772e-23,2.0825980210265712e-07,1.9724651878455772e-23
2024930_WZY_DM_assembly_Plate2D4,2024930_WZY_DM_assembly_Plate2,,,D4,Plate2_D4,Succinate,cycle 5,,0.2165,48 h,,"growth curve data NA, so 48 h label rather than 0: 0.05:48 was used",Ho lab/7_Shared data/16s rRNA/Raw reads/2024930_DM_assembly/Plate2,,0.0,0.0,0.0001021987577639,0.0,0.0,0.0,0.0,0.0,not_assessable,review_required,True,,0.75490184659912,0.0010081855536441156,0.0,0.0,0.005178407616444504,0.0016039315626155996,0.0,0.0006873992411210348,0.005819980241490914,0.06411143588855503,0.0,0.166625576047738,0.0,0.0,0.0,0.0,1.6640095419025243e-23,1.6640095419025243e-23,1.6640095419025243e-23,1.6640095419025243e-23,5.795664947532976e-18,1.3772072075378788e-14,1.1250754066643206e-12,8.300719269005315e-14,0.0,8.835825991674454e-14,1.1145659077056334e-15,1.4436857603721378e-15,2.7617548598476874e-12,1.6640095419025243e-23,6.323724519637333e-05,1.6640095419025243e-23
2024930_WZY_DM_assembly_Plate2D5,2024930_WZY_DM_assembly_Plate2,,,D5,Plate2_D5,Succinate,cycle 5,,0.3325,48 h,,"growth curve data NA, so 48 h label rather than 0: 0.05:48 was used",Ho lab/7_Shared data/16s rRNA/Raw reads/2024930_DM_assembly/Plate2,,0.0,0.0,0.0,0.0,0.0,0.0,0.0,0.0,not_assessable,review_required,True,,0.5503583456648654,0.0018860806911061953,0.0,0.0,0.2331195734207587,0.08185590199401978,0.0,0.0,0.03244058788703083,0.0,0.0,0.09958506049042062,0.0,0.0007544322764425854,0.0,0.0,2.3163871645708375e-23,2.3163871645708375e-23,2.3163871645708375e-23,2.3163871645708375e-23,3.8517038521425275e-19,4.1006257915575823e-16,8.948339893386798e-16,5.36550653767188e-16,0.0,8.86543244860996e-18,5.898022570462187e-16,2.868526338106611e-17,7.272541428043303e-15,2.3163871645708375e-23,1.7575346180213623e-08,2.3163871645708375e-23
2024930_WZY_DM_assembly_Plate2D6,2024930_WZY_DM_assembly_Plate2,,,D6,Plate2_D6,Succinate,cycle 5,,0.2535,48 h,,"growth curve data NA, so 48 h label rather than 0: 0.05:48 was used",Ho lab/7_Shared data/16s rRNA/Raw reads/2024930_DM_assembly/Plate2,,0.0,0.0,0.0,0.0,0.0,0.0,0.0,0.0,not_assessable,review_required,True,,0.578859060402687,0.011409395973154286,0.0,0.0,0.20973154362416213,0.009060402684561701,0.0,0.0013422818791946408,0.004362416107382188,0.18255033557046857,0.0,0.0010067114093959806,0.0,0.0,0.0,0.0016778523489933011,5.519672984260662e-23,5.519672984260662e-23,5.519672984260662e-23,5.519672984260662e-23,1.3885183615806496e-21,4.105208679728005e-20,3.7878892540020658e-16,3.6478606122272635e-20,0.0,5.519672984260662e-23,1.8404793828156216e-20,9.481185945939264e-21,4.991223634419407e-20,5.519672984260662e-23,4.535393920478066e-18,5.519672984260662e-23
2024930_WZY_DM_assembly_Plate2D7,2024930_WZY_DM_assembly_Plate2,,,D7,Plate2_D7,Glutamate,cycle 5,,0.2965,48 h,,"growth curve data NA, so 48 h label rather than 0: 0.05:48 was used",Ho lab/7_Shared data/16s rRNA/Raw reads/2024930_DM_assembly/Plate2,,0.0,0.0,0.0048470097967539,0.0,0.0,0.0,0.0,0.0,not_assessable,review_required,True,,0.7492218201978341,0.0016754627209513034,0.0,0.0,0.0555480332869335,0.000837731360475466,0.0,0.0,0.0008055109235341589,0.022522085422022206,0.0,0.0,0.0,0.0,0.0,0.000418865680237733,7.25770605772014e-24,7.25770605772014e-24,7.25770605772014e-24,7.25770605772014e-24,9.17705262354029e-14,3.862112655225581e-09,1.5830730141017825e-11,2.372220866733104e-05,0.0,3.06440905399545e-14,1.124895311048471e-05,2.4051601826882667e-08,0.0046568420889571095,7.25770605772014e-24,0.16427864922760904,7.25770605772014e-24
2024930_WZY_DM_assembly_Plate2D8,2024930_WZY_DM_assembly_Plate2,,,D8,Plate2_D8,Glutamate,cycle 5,,0.3835,48 h,,"growth curve data NA, so 48 h label rather than 0: 0.05:48 was used",Ho lab/7_Shared data/16s rRNA/Raw reads/2024930_DM_assembly/Plate2,,0.0,0.0,0.0065465977503168,0.0,0.0,0.0,0.0,0.0,not_assessable,review_required,True,,0.2745289050260894,0.001531542008513578,0.0,0.0,0.2980763634069887,0.06030446658522891,0.0,0.000382885502128438,0.004403183274476379,0.30324531768572244,0.0,0.0005743282531926571,0.0,0.0,0.0005743282531926571,0.0022973130127697367,2.4616742273414083e-23,2.4616742273414083e-23,2.4616742273414083e-23,2.4616742273414083e-23,1.0274759898233142e-20,1.0339243542153333e-15,0.05408136699163364,3.4683159685840183e-18,0.0,7.727490949121259e-21,4.384887844169995e-18,6.7247541043293e-19,6.786485277182183e-18,2.4616742273414083e-23,6.259990485163867e-14,2.4616742273414083e-23
2024930_WZY_DM_assembly_Plate2D9,2024930_WZY_DM_assembly_Plate2,,,D9,Plate2_D9,Glutamate,cycle 5,,0.5655,48 h,,"growth curve data NA, so 48 h label rather than 0: 0.05:48 was used",Ho lab/7_Shared data/16s rRNA/Raw reads/2024930_DM_assembly/Plate2,,0.0,0.0,0.0005051236880629,0.0,0.0,0.0,0.0,0.0,not_assessable,review_required,True,,0.4125349296602022,0.0006962239826933717,0.0,0.0,0.011672861667285697,0.00041477173437045646,0.0,4.443982868255975e-05,0.0014072612416143656,0.002784895930773698,0.0,0.0,0.0,0.0,0.0,0.0,2.061987013006104e-24,2.061987013006104e-24,2.061987013006104e-24,2.061987013006104e-24,4.059297958687797e-06,0.013959152805623438,1.0747913445465762e-07,0.013594245430278314,0.0,4.7340660854140507e-07,0.06577530366106488,0.057543854908845636,0.3305191334869872,2.061987013006104e-24,0.08904828547787651,2.061987013006104e-24
2024930_WZY_DM_assembly_Plate2E10,2024930_WZY_DM_assembly_Plate2,,,E10,Plate2_E10,Acid_mix,cycle 5,,0.3025,48 h,,"growth curve data NA, so 48 h label rather than 0: 0.05:48 was used",Ho lab/7_Shared data/16s rRNA/Raw reads/2024930_DM_assembly/Plate2,,0.0,0.0,2.49731693222158e-05,0.0,0.0,0.0,0.0,0.0,not_assessable,review_required,True,,0.15566901818768233,0.00037963179894297494,0.0,0.0012987403648052809,0.011089244653338892,0.004635504071305438,0.0,5.994186299102134e-05,0.001098934154835256,0.11652698165454545,0.0,0.36920191478269726,0.0,9.990310498503555e-05,0.0,0.00031968993595199154,4.687989323413233e-24,4.687989323413233e-24,4.687989323413233e-24,4.687989323413233e-24,4.3340062835829804e-10,0.0355773460250605,0.07770585718323875,8.441339257175542e-05,0.0,0.05134478813193901,3.9654989056816814e-17,1.2545625221837993e-08,0.033258982832255334,4.687989323413233e-24,0.14164909488382785,4.687989323413233e-24
2024930_WZY_DM_assembly_Plate2E11,2024930_WZY_DM_assembly_Plate2,,,E11,Plate2_E11,Acid_mix,cycle 5,,0.1445,48 h,,"growth curve data NA, so 48 h label rather than 0: 0.05:48 was used",Ho lab/7_Shared data/16s rRNA/Raw reads/2024930_DM_assembly/Plate2,,0.0,0.0,0.0,0.0,0.0,0.0,0.0,0.0,not_assessable,review_required,True,,0.364805692391897,0.024356869184454823,0.0,0.026546250684180282,0.191023535851121,0.0005473453749315804,0.0,0.0010946907498631609,0.026546250684180282,0.05035577449370374,0.0,0.3095238095238069,0.0,0.005199781061848979,0.0,0.0,3.9287921896277016e-23,3.9287921896277016e-23,3.9287921896277016e-23,3.9287921896277016e-23,1.4504246825491323e-20,4.3158536297036076e-19,1.6458145748869794e-17,5.291974016708864e-19,0.0,2.5973537578859073e-17,1.222275327179979e-20,6.905448599010675e-20,1.6694669856200978e-18,3.9287921896277016e-23,1.2307060000719874e-14,3.9287921896277016e-23
2024930_WZY_DM_assembly_Plate2E12,2024930_WZY_DM_assembly_Plate2,,,E12,Plate2_E12,Acid_mix,cycle 5,,0.1185,48 h,,"growth curve data NA, so 48 h label rather than 0: 0.05:48 was used",Ho lab/7_Shared data/16s rRNA/Raw reads/2024930_DM_assembly/Plate2,,0.0,0.0,0.0,9.260224016671008e-05,0.0,0.0,0.0,0.0,not_assessable,review_required,True,,0.014175653479651513,0.002646121982868168,0.0,0.024193115271939986,0.13684230825691138,0.06898818026764111,0.0,0.0009450435653101628,0.017577810314768953,0.450029745800699,0.0,0.0,0.0,0.0009450435653101628,0.0,0.004914226539612312,2.3918923043418485e-23,2.3918923043418485e-23,2.3918923043418485e-23,2.3918923043418485e-23,5.455809593745875e-22,1.2912777737074977e-15,0.278742750955286,1.610742514192616e-20,0.0,2.3918923043418485e-23,1.322380177736081e-20,9.207075534953356e-21,6.810342688569417e-21,2.3918923043418485e-23,2.2925855815606254e-18,2.3918923043418485e-23
2024930_WZY_DM_assembly_Plate2E1,2024930_WZY_DM_assembly_Plate2,,,E1,Plate2_E1,Pyruvate,cycle 5,,0.1505,48 h,,"growth curve data NA, so 48 h label rather than 0: 0.05:48 was used",Ho lab/7_Shared data/16s rRNA/Raw reads/2024930_DM_assembly/Plate2,,0.0,0.0,5.63248502994012e-05,0.0,0.0,0.0,0.0,0.0,not_assessable,review_required,True,,0.0005165221295716065,0.005475134573458547,0.0,0.0,0.12995696780021565,0.08935832841588787,0.01828488338683485,0.0,0.018801405516406078,0.4388372012840364,0.0,0.0,0.0004132177036572853,0.007851136369488252,0.0037189593329154886,0.0,1.4328770039611014e-23,1.4328770039611014e-23,1.4328770039611014e-23,1.4328770039611014e-23,2.3144653743817364e-21,2.2163133343610353e-10,0.28678624326588154,7.6052775211622805e-19,0.0,1.4328770039611014e-23,2.3035791696246806e-18,4.531517397879683e-19,1.9376643639727758e-19,1.4328770039611014e-23,1.5098699498413456e-14,1.4328770039611014e-23
2024930_WZY_DM_assembly_Plate2E2,2024930_WZY_DM_assembly_Plate2,low growth,,E2,Plate2_E2,Pyruvate,cycle 5,,-0.0185,48 h,,"growth curve data NA, so 48 h label rather than 0: 0.05:48 was used",Ho lab/7_Shared data/16s rRNA/Raw reads/2024930_DM_assembly/Plate2,,-0.0,-0.0,-0.0,-0.0,-0.0,-0.0,-0.0,-0.0,not_assessable,review_required,False,low growth,0.0,0.0,0.0,0.0,0.0,0.0,0.0,0.0,0.0,0.0,0.0,0.0,0.0,0.0,0.0,0.0,0.0625,0.0625,0.0625,0.0625,0.0625,0.0625,0.0625,0.125,0.0,0.0625,0.0625,0.0625,0.0625,0.0625,0.0625,0.0625
2024930_WZY_DM_assembly_Plate2E3,2024930_WZY_DM_assembly_Plate2,low growth,,E3,Plate2_E3,Pyruvate,cycle 5,,-0.0085,48 h,,"growth curve data NA, so 48 h label rather than 0: 0.05:48 was used",Ho lab/7_Shared data/16s rRNA/Raw reads/2024930_DM_assembly/Plate2,,-0.0,-0.0,-0.0,-0.0,-0.0,-0.0,-0.0,-0.0,not_assessable,review_required,False,low growth,0.0,0.0,0.0,0.0,0.0,0.0,0.0,0.0,0.0,0.0,0.0,0.0,0.0,0.0,0.0,0.0,0.0625,0.0625,0.0625,0.0625,0.0625,0.0625,0.0625,0.125,0.0,0.0625,0.0625,0.0625,0.0625,0.0625,0.0625,0.0625
2024930_WZY_DM_assembly_Plate2E4,2024930_WZY_DM_assembly_Plate2,,,E4,Plate2_E4,Pyruvate,cycle 5,,0.0595,48 h,,"growth curve data NA, so 48 h label rather than 0: 0.05:48 was used",Ho lab/7_Shared data/16s rRNA/Raw reads/2024930_DM_assembly/Plate2,,0.0,0.0,0.0002588128681468,0.0,0.0,0.0,0.0,0.0,not_assessable,review_required,True,,0.0034522439585731833,0.005178365937859775,0.0,0.0,0.7986191024165933,0.022439585730717203,0.010932105868813954,0.002876869965477653,0.025891829689295646,0.1098964326812395,0.0,0.001150747986191061,0.0,0.019562715765238724,0.0,0.0,2.0841819898270683e-22,2.0841819898270683e-22,2.0841819898270683e-22,2.0841819898270683e-22,2.0841819898270683e-22,2.0841819898270683e-22,7.978723850855855e-21,2.0873534020493724e-21,0.0,2.0841819898270683e-22,1.0853060644009428e-21,8.603473110330008e-22,1.3851447390986818e-21,2.0841819898270683e-22,5.7111188168130375e-21,2.0841819898270683e-22
2024930_WZY_DM_assembly_Plate2E5,2024930_WZY_DM_assembly_Plate2,,,E5,Plate2_E5,Pyruvate,cycle 5,,0.2005,48 h,,"growth curve data NA, so 48 h label rather than 0: 0.05:48 was used",Ho lab/7_Shared data/16s rRNA/Raw reads/2024930_DM_assembly/Plate2,,0.0,0.0,0.0014748024316109,0.0,0.0,0.0,0.0,0.0,not_assessable,review_required,True,,0.003696857670979777,0.04066543438077224,0.0,0.0,0.6404805914972425,0.07116451016635521,0.18207024029574714,0.0027726432532348324,0.04528650646949533,0.0018484288354898883,0.0,0.0,0.0,0.012014787430683052,0.0,0.0,1.480997425567364e-22,1.480997425567364e-22,1.480997425567364e-22,1.480997425567364e-22,5.648470606451849e-22,1.480997425567364e-22,1.480997425567364e-22,3.300477225484738e-21,0.0,1.480997425567364e-22,2.1152715762186462e-21,1.1127735189318388e-21,2.6400303158411532e-21,1.480997425567364e-22,3.1743985006435055e-20,1.480997425567364e-22
2024930_WZY_DM_assembly_Plate2E6,2024930_WZY_DM_assembly_Plate2,,,E6,Plate2_E6,Pyruvate,cycle 5,,0.1365,48 h,,"growth curve data NA, so 48 h label rather than 0: 0.05:48 was used",Ho lab/7_Shared data/16s rRNA/Raw reads/2024930_DM_assembly/Plate2,,0.0,0.0,0.0002198389458272,0.0,0.0,0.0,1.9985358711566618e-05,0.0,not_assessable,review_required,True,,0.0032258064516129505,0.0,0.0,0.0,0.5032258064516161,0.15430107526881892,0.3209677419354866,0.0005376344086021583,0.01021505376343655,0.0,0.0,0.0,0.0,0.007526881720426649,0.0,0.0,1.0508364843042417e-22,1.0508364843042417e-22,1.0508364843042417e-22,1.0508364843042417e-22,6.51882430972322e-22,3.57767286173836e-21,1.0508364843042417e-22,8.837046535229788e-21,0.0,1.0508364843042417e-22,1.0029126840808837e-20,2.0524453290954793e-21,9.282768213095742e-21,1.0508364843042417e-22,3.493713588719102e-19,1.0508364843042417e-22
2024930_WZY_DM_assembly_Plate2E7,2024930_WZY_DM_assembly_Plate2,,,E7,Plate2_E7,Acid_mix,cycle 5,,0.3265,48 h,,"growth curve data NA, so 48 h label rather than 0: 0.05:48 was used",Ho lab/7_Shared data/16s rRNA/Raw reads/2024930_DM_assembly/Plate2,,0.0,0.0,0.0,0.0,0.0,0.0,0.0,0.0,not_assessable,review_required,True,,0.11747151496514231,0.0025330784898143005,0.0,0.0,0.05857744007695766,0.020581262729741843,0.0,0.0,0.004749522168401596,0.023747610842009718,0.0,0.5186478207894967,0.0,0.005699426602082176,0.0,0.0,8.478042538351554e-24,8.478042538351554e-24,8.478042538351554e-24,8.478042538351554e-24,2.4393225823252887e-13,3.0295931458142857e-07,5.254648035407914e-13,2.755123214226397e-09,0.0,0.0684458508433951,1.5928096924641737e-18,2.3557445408532856e-12,4.391142156697462e-07,8.478042538351554e-24,0.17954572766118002,8.478042538351554e-24
2024930_WZY_DM_assembly_Plate2E8,2024930_WZY_DM_assembly_Plate2,,,E8,Plate2_E8,Acid_mix,cycle 5,,0.2605,48 h,,"growth curve data NA, so 48 h label rather than 0: 0.05:48 was used",Ho lab/7_Shared data/16s rRNA/Raw reads/2024930_DM_assembly/Plate2,,0.0,0.0,0.0,0.0,0.0,0.0,0.0,0.0,not_assessable,review_required,True,,0.24430417688339545,0.0010372015293119978,0.0,0.0,0.057002867381779156,0.03405478354574838,0.0,0.0006050342254320684,0.005099574185784337,0.21163232871006338,0.0,0.2140092488814038,0.0,0.003370904970264202,0.0,0.0004753840342677552,8.161460870119706e-24,8.161460870119706e-24,8.161460870119706e-24,8.161460870119706e-24,4.4225157015851307e-16,4.1769575871702e-05,0.14077256249136053,5.509748871692343e-11,0.0,2.362685356470322e-05,5.208912910585398e-15,6.895078268462769e-13,6.723293363303435e-10,8.161460870119706e-24,0.08757053600363052,8.161460870119706e-24
2024930_WZY_DM_assembly_Plate2E9,2024930_WZY_DM_assembly_Plate2,,,E9,Plate2_E9,Acid_mix,cycle 5,,0.1185,48 h,,"growth curve data NA, so 48 h label rather than 0: 0.05:48 was used",Ho lab/7_Shared data/16s rRNA/Raw reads/2024930_DM_assembly/Plate2,,0.0,0.0,0.0,0.0,0.0,0.0,0.0,0.0,not_assessable,review_required,True,,0.7859671709043827,0.01255230125522847,0.0,0.0074026392018004365,0.011264885741872321,0.04312841969745506,0.0,0.0025748310267122983,0.008368200836818407,0.12133891213388666,0.0,0.0,0.0,0.0074026392018004365,0.0,0.0,3.356357938179502e-23,3.356357938179502e-23,3.356357938179502e-23,3.356357938179502e-23,1.062249750068355e-20,2.3194021436990515e-18,1.9574104322364322e-14,1.7300750024461156e-18,0.0,3.356357938179502e-23,1.5147752474377148e-18,2.585277458612883e-19,4.919313831171424e-18,3.356357938179502e-23,2.343208767950493e-14,3.356357938179502e-23
2024930_WZY_DM_assembly_Plate2F10,2024930_WZY_DM_assembly_Plate2,,,F10,Plate2_F10,Host_sugar_mix,cycle 5,,0.9255,48 h,,"growth curve data NA, so 48 h label rather than 0: 0.05:48 was used",Ho lab/7_Shared data/16s rRNA/Raw reads/2024930_DM_assembly/Plate2,,0.0,0.0018681825194785,0.0065326891923165,0.0,0.0,0.0,0.0,0.0009043431304481,not_assessable,review_required,True,,0.001771873646210449,6.0267811095596236e-05,0.019948645472642284,0.0008316957931191946,0.17037710196725053,0.034292384513394225,0.0011450884108162795,0.05654326036988836,0.0028325871214929603,0.02612006932883132,0.00019285699550582826,0.0,0.00943793921757034,0.37511890982121004,0.0007834815442427121,0.010354009946223403,1.9784532901950314e-24,1.9784532901950314e-24,1.9784532901950314e-24,1.9784532901950314e-24,0.02314287656781316,0.063613661344647,1.2611637644405977e-13,7.981455165757984e-16,0.0,0.010214102637653035,3.0557809206174845e-24,4.244152269245903e-24,0.0015865409320565463,1.9784532901950314e-24,0.19163264655820988,1.9784532901950314e-24
2024930_WZY_DM_assembly_Plate2F11,2024930_WZY_DM_assembly_Plate2,,,F11,Plate2_F11,Host_sugar_mix,cycle 5,,0.8325,48 h,,"growth curve data NA, so 48 h label rather than 0: 0.05:48 was used",Ho lab/7_Shared data/16s rRNA/Raw reads/2024930_DM_assembly/Plate2,,0.0,0.0038260184388103,0.0064036683235677,0.0,0.0,0.0,0.0,0.0001849434894893,not_assessable,review_required,True,,0.0679752961546561,0.000996255749729925,0.003847079895111251,0.000168597126877376,0.009058263816775975,0.02135052706729102,0.000291213219151759,0.17897351368611494,0.008552472436143847,0.005686321279228189,0.0,0.0,0.012598803481201135,0.3599701928947586,0.0020384925340628432,0.006452671855943679,2.589813308755475e-24,2.589813308755475e-24,2.589813308755475e-24,2.589813308755475e-24,1.502687058138583e-06,0.05702605332958142,0.02601256163903429,0.05588882496795117,0.0,1.696370719636796e-05,1.3088884363624735e-18,3.527508217288339e-14,8.270823758752409e-05,2.589813308755475e-24,0.1830116842345092,2.589813308755475e-24
2024930_WZY_DM_assembly_Plate2F12,2024930_WZY_DM_assembly_Plate2,,,F12,Plate2_F12,Host_sugar_mix,cycle 5,,0.9485,48 h,,"growth curve data NA, so 48 h label rather than 0: 0.05:48 was used",Ho lab/7_Shared data/16s rRNA/Raw reads/2024930_DM_assembly/Plate2,,0.0,0.0016294676355594,0.0024161071837605,0.0,0.0,0.0,0.0,0.0008709223569369,not_assessable,review_required,True,,0.002249750263625898,0.0008322775541737122,0.005656886501024645,0.0,0.024955322288428516,0.003446149247750627,0.00016905637819147887,0.2199813610375492,0.015774260518949347,0.04483895323111073,0.0,3.901301035189451e-05,0.00033811275638295774,0.3814562108840406,0.0,0.001157385973772849,2.712200280926905e-24,2.712200280926905e-24,2.712200280926905e-24,2.712200280926905e-24,2.2544290593193426e-10,0.059066196592027505,0.05684956717541288,0.003951324329632605,0.0,1.472943297968551e-06,6.47793521276542e-19,2.0006983303729686e-15,4.5477466032748634e-10,2.712200280926905e-24,0.1792366986340572,2.712200280926905e-24
2024930_WZY_DM_assembly_Plate2F1,2024930_WZY_DM_assembly_Plate2,,,F1,Plate2_F1,Lactate,cycle 5,,0.1955,48 h,,"growth curve data NA, so 48 h label rather than 0: 0.05:48 was used",Ho lab/7_Shared data/16s rRNA/Raw reads/2024930_DM_assembly/Plate2,,0.0,0.0,0.0,0.0,0.0,0.0,0.0,0.0,not_assessable,review_required,True,,0.3504501288950842,0.019183082832833643,0.0,0.0009787287159609527,0.04456478086675509,0.05467831093168439,0.0,0.0,0.0010439772970250163,0.16292570691696626,0.0,0.3624558678108723,0.0,0.0024794460804342805,0.0,0.0012397230402171402,2.053685008814859e-23,2.053685008814859e-23,2.053685008814859e-23,2.053685008814859e-23,1.1952671805474956e-18,6.661758695360165e-14,1.847050486289034e-07,4.339390680986259e-16,0.0,1.7921187631839356e-11,1.2817033446645624e-18,2.829693426162454e-17,4.127830076057988e-15,2.053685008814859e-23,6.188912564479912e-08,2.053685008814859e-23
2024930_WZY_DM_assembly_Plate2F2,2024930_WZY_DM_assembly_Plate2,,,F2,Plate2_F2,Lactate,cycle 5,,0.1855,48 h,,"growth curve data NA, so 48 h label rather than 0: 0.05:48 was used",Ho lab/7_Shared data/16s rRNA/Raw reads/2024930_DM_assembly/Plate2,,0.0,0.0,0.0,0.0,0.0,0.0,0.0,0.0,not_assessable,review_required,True,,0.1086328713654076,0.10504910653685774,0.0,0.025086353799846545,0.26721446502872476,0.25780708235378225,0.0,0.0,0.003359779526765147,0.0042557207339021675,0.0,0.0,0.0,0.05084466350504601,0.0,0.001791882414274628,1.1468587038591589e-23,1.1468587038591589e-23,1.1468587038591589e-23,1.1468587038591589e-23,4.3213240860406715e-15,2.4097464746022635e-06,1.0836609170623685e-13,8.088403909732044e-12,0.0,2.276751921452616e-19,1.6382253191555314e-07,1.913667831568672e-12,3.18283146122673e-11,1.1468587038591589e-23,0.17595550112444344,1.1468587038591589e-23
2024930_WZY_DM_assembly_Plate2F3,2024930_WZY_DM_assembly_Plate2,,,F3,Plate2_F3,Lactate,cycle 5,,0.2805,48 h,,"growth curve data NA, so 48 h label rather than 0: 0.05:48 was used",Ho lab/7_Shared data/16s rRNA/Raw reads/2024930_DM_assembly/Plate2,,0.0,0.0,0.0,0.0,0.0,0.0,0.0,0.0,not_assessable,review_required,True,,0.4268038808201115,0.017864995928003214,0.0,0.0011736128711826175,0.030644336080881754,0.0028688314628908425,0.0,0.0,0.00026080286026282406,0.2862311391384491,0.0,0.0,0.0,0.02529787744549389,0.0,0.0011736128711826175,7.497246884713883e-24,7.497246884713883e-24,7.497246884713883e-24,7.497246884713883e-24,2.5119683952029842e-17,7.878541612241367e-05,0.17787587581049996,5.937503981125108e-11,0.0,4.174347595072501e-17,6.684771154698621e-13,1.6294448582439612e-12,6.145268701968464e-11,7.497246884713883e-24,0.029726249171793583,7.497246884713883e-24
2024930_WZY_DM_assembly_Plate2F4,2024930_WZY_DM_assembly_Plate2,,,F4,Plate2_F4,Lactate,cycle 5,,0.1965,48 h,,"growth curve data NA, so 48 h label rather than 0: 0.05:48 was used",Ho lab/7_Shared data/16s rRNA/Raw reads/2024930_DM_assembly/Plate2,,0.0,0.0,0.0,0.0,0.0,0.0,0.0,0.0,not_assessable,review_required,True,,0.31205211726384674,0.02280130293159544,0.0,0.07491856677524264,0.12508143322475668,0.09967426710097804,0.0039087947882731145,0.005863192182409672,0.004560260586316363,0.16547231270358453,0.0,0.0,0.0,0.1856677524429968,0.0,0.0,6.652711125477695e-23,6.652711125477695e-23,6.652711125477695e-23,6.652711125477695e-23,9.87647112643889e-22,9.989104625368667e-20,2.2801104702654986e-17,1.6727162292214916e-20,0.0,6.652711125477695e-23,5.61273495376423e-21,5.941046824503716e-21,8.000778915541552e-21,6.652711125477695e-23,5.622006798451901e-18,6.652711125477695e-23
2024930_WZY_DM_assembly_Plate2F5,2024930_WZY_DM_assembly_Plate2,,,F5,Plate2_F5,Lactate,cycle 5,,0.2745,48 h,,"growth curve data NA, so 48 h label rather than 0: 0.05:48 was used",Ho lab/7_Shared data/16s rRNA/Raw reads/2024930_DM_assembly/Plate2,,0.0,0.0,0.0,0.0,0.0,0.0,0.0,0.0,not_assessable,review_required,True,,0.06863155576521317,0.03310641126119254,0.0,0.0066515164177735515,0.0019652207597958757,0.10551723771832387,0.0,0.0009070249660601034,0.007860883039186776,0.2838988143768113,0.0,0.4204060717688566,0.0,0.06878272659289003,0.0,0.002267562415149591,3.197687226776053e-23,3.197687226776053e-23,3.197687226776053e-23,3.197687226776053e-23,2.2977477642760187e-20,1.7093336914271078e-15,4.974918469576702e-06,5.849118966025009e-19,0.0,6.021414972615194e-15,5.9316020084760744e-21,1.620962830158134e-19,6.498284843093694e-19,3.197687226776053e-23,2.692786381867367e-13,3.197687226776053e-23
2024930_WZY_DM_assembly_Plate2F6,2024930_WZY_DM_assembly_Plate2,,,F6,Plate2_F6,Lactate,cycle 5,,0.2185,48 h,,"growth curve data NA, so 48 h label rather than 0: 0.05:48 was used",Ho lab/7_Shared data/16s rRNA/Raw reads/2024930_DM_assembly/Plate2,,0.0,0.0,0.0,0.0,0.0,0.0,0.0,0.0,not_assessable,review_required,True,,0.26227054080918677,0.045121813472547054,0.0,0.012690510039151877,0.002820113342032666,0.02726109563966374,0.00047001889033904446,0.0018800755613561778,0.029141171201018855,0.5475720072449859,0.0,0.0,0.0,0.03478139788508907,0.0,0.006580264464745328,4.7643862775714785e-23,4.7643862775714785e-23,4.7643862775714785e-23,4.7643862775714785e-23,4.376221015157218e-22,2.3755522822674364e-18,0.02941099144988372,4.188492201253742e-21,0.0,4.7643862775714785e-23,1.2221646422656243e-21,2.66380549097479e-21,1.7245538937004387e-21,4.7643862775714785e-23,1.5724853905105133e-19,4.7643862775714785e-23
2024930_WZY_DM_assembly_Plate2F7,2024930_WZY_DM_assembly_Plate2,,,F7,Plate2_F7,Host_sugar_mix,cycle 5,,1.0175,48 h,,"growth curve data NA, so 48 h label rather than 0: 0.05:48 was used",Ho lab/7_Shared data/16s rRNA/Raw reads/2024930_DM_assembly/Plate2,,0.0,0.0005743960191099,0.0051270163187221,0.0,0.0,0.0,0.0,0.0005212112025256,not_assessable,review_required,True,,0.0658135686166083,0.0004044732048430011,0.015237908900822626,0.00010730921761137995,0.13167666456442195,0.0022204753490363965,0.0012877106113371025,0.09845207988088392,0.007371317794384886,0.014957254023992762,0.0,0.0,0.0060918617382487,0.2063473709115735,0.0021544389074293698,1.650911040175802e-05,1.515674882621475e-24,1.515674882621475e-24,1.515674882621475e-24,1.515674882621475e-24,0.022492885543762872,0.039974639840469776,1.3319691568371682e-07,6.561278827559724e-10,0.0,0.0070999629021597675,2.4985825511034878e-23,3.3190629438670232e-21,0.24232142954826758,1.515674882621475e-24,0.13597200548070082,1.515674882621475e-24
2024930_WZY_DM_assembly_Plate2F8,2024930_WZY_DM_assembly_Plate2,,,F8,Plate2_F8,Host_sugar_mix,cycle 5,,1.1495,48 h,,"growth curve data NA, so 48 h label rather than 0: 0.05:48 was used",Ho lab/7_Shared data/16s rRNA/Raw reads/2024930_DM_assembly/Plate2,,0.0,0.0012225601973964,0.0052488584474885,0.0,0.0,0.0,0.0,0.0007987393289656,not_assessable,review_required,True,,0.1240371573074242,0.0011887411728789472,0.0030694361628070743,0.0004613025446992718,0.034562206041319134,0.06302102456815484,0.0029629817294149342,0.0025549064014116782,0.009438959760770912,0.004027526063336439,0.002200058290104437,0.0,0.0038146171965521606,0.4467182873246069,0.0020758614511468864,0.004453343796904998,2.1258545761370103e-24,2.1258545761370103e-24,2.1258545761370103e-24,2.1258545761370103e-24,0.0009706114920495155,0.07281963726763122,6.217379981417907e-16,7.066676978979484e-18,0.0,0.010909220196880865,2.6141908371044615e-24,2.954166551430884e-24,8.763115452074596e-05,2.1258545761370103e-24,0.21062649007738427,2.1258545761370103e-24
2024930_WZY_DM_assembly_Plate2F9,2024930_WZY_DM_assembly_Plate2,,,F9,Plate2_F9,Host_sugar_mix,cycle 5,,0.9225,48 h,,"growth curve data NA, so 48 h label rather than 0: 0.05:48 was used",Ho lab/7_Shared data/16s rRNA/Raw reads/2024930_DM_assembly/Plate2,,0.0,0.0038297626979652,0.0026831979396238,0.0,0.0,0.0,0.0,0.0001773038286095,not_assessable,review_required,True,,0.009131907702078714,0.00027558569196941516,0.00027558569196941516,1.2526622362247914e-05,0.09441315274426251,0.032093206492079154,0.0009019168100818379,0.145120920066642,0.0008518103206327762,0.005662033307736018,1.2526622362247914e-05,0.005611926818287062,0.007816612354042594,0.32778412735294116,0.0020668926897708783,0.0035199808837916525,2.0698418776238063e-24,2.0698418776238063e-24,2.0698418776238063e-24,2.0698418776238063e-24,0.0005851528324250165,0.05489046809456175,1.3788419724270055e-07,1.4584141267974474e-08,0.0,0.0053761797257966815,6.236943949913515e-23,1.512071402270349e-20,0.12969707977435865,2.0698418776238063e-24,0.17390025493350966,2.0698418776238063e-24
2024930_WZY_DM_assembly_Plate2G10,2024930_WZY_DM_assembly_Plate2,,,G10,Plate2_G10,Master_mix,cycle 5,,0.7635,48 h,,"growth curve data NA, so 48 h label rather than 0: 0.05:48 was used",Ho lab/7_Shared data/16s rRNA/Raw reads/2024930_DM_assembly/Plate2,,0.0,0.0059617775928328,0.0063729346682006,0.0,0.0,0.0,0.0,0.0,not_assessable,review_required,True,,0.2417163873106855,0.0008957198047509841,0.0005118398884291826,6.397998605364892e-05,0.007741578312491515,0.01756250617172648,0.0019513895746362372,0.17188223253312776,0.01874613591371911,0.010972567608200708,0.0,0.00012795997210729784,0.022233045153642897,0.10991761604016875,0.009341077963832668,0.009341077963832668,3.3431748964597144e-24,3.3431748964597144e-24,3.3431748964597144e-24,3.3431748964597144e-24,9.04821113599417e-08,0.0323433163432011,0.038709096302336245,0.1604969583917429,0.0,1.0042998173041512e-11,1.872011165306306e-06,0.00022541649222095782,0.004570614902378952,3.3431748964597144e-24,0.14064752086739474,3.3431748964597144e-24
2024930_WZY_DM_assembly_Plate2G11,2024930_WZY_DM_assembly_Plate2,,,G11,Plate2_G11,Master_mix,cycle 5,,0.9235,48 h,,"growth curve data NA, so 48 h label rather than 0: 0.05:48 was used",Ho lab/7_Shared data/16s rRNA/Raw reads/2024930_DM_assembly/Plate2,,0.0,0.0041159981233872,0.0055313237938853,0.0,0.0,0.0,0.0,0.0,not_assessable,review_required,True,,0.10644372241433579,0.00011554271089751529,0.0352116411460177,0.00017331406634627292,0.05444950251045389,0.027094765705467205,0.0017042549857382288,0.25257636602196837,0.021895343715079094,0.09714253418708584,0.0,0.0,0.01655149333606901,0.10300632676513487,0.0,0.00245528260657218,3.9064502023665994e-24,3.9064502023665994e-24,3.9064502023665994e-24,3.9064502023665994e-24,3.5286925074657105e-09,0.042427202778432926,0.09369436850492538,0.002185875143988427,0.0,4.116031973935259e-14,4.0543782480999514e-10,5.73966208152016e-08,1.309832665958946e-06,3.9064502023665994e-24,0.1428710922380289,3.9064502023665994e-24
2024930_WZY_DM_assembly_Plate2G12,2024930_WZY_DM_assembly_Plate2,,,G12,Plate2_G12,Master_mix,cycle 5,,0.7395,48 h,,"growth curve data NA, so 48 h label rather than 0: 0.05:48 was used",Ho lab/7_Shared data/16s rRNA/Raw reads/2024930_DM_assembly/Plate2,,0.0,0.006490327780763,0.0026159994626544,0.0,0.0,0.0,0.0,0.0005408606483969,not_assessable,review_required,True,,0.03417892272094218,1.2133092907682714e-05,0.026547207282009686,0.0005095899021225931,0.010398060621884024,0.0013467733127527086,0.0006187877382917671,0.013868125193481275,0.0012011761978605862,0.0077894456467322275,0.0,0.10549724283230118,0.004258715610596584,0.4241122625880493,0.0,0.00038825897304580614,2.146902183810617e-24,2.146902183810617e-24,2.146902183810617e-24,2.146902183810617e-24,0.00014588042975038567,0.05996823845798069,1.7666612138837944e-11,7.628195303120252e-13,0.0,0.024056948521975523,4.448806743138063e-24,6.866025524938111e-24,0.09728852723774191,2.146902183810617e-24,0.18781370362114444,2.146902183810617e-24
2024930_WZY_DM_assembly_Plate2G1,2024930_WZY_DM_assembly_Plate2,,,G1,Plate2_G1,Fucose,cycle 5,,0.2985,48 h,,"growth curve data NA, so 48 h label rather than 0: 0.05:48 was used",Ho lab/7_Shared data/16s rRNA/Raw reads/2024930_DM_assembly/Plate2,,0.0,0.0,0.0004881766267192,0.0,0.0,0.0,0.0,0.0,not_assessable,review_required,True,,0.48482548976309126,0.00146522142641631,0.0,0.0006783432529702566,0.018261000369966317,0.010148015064438713,0.003120378963664333,0.0,0.006702031339348684,0.17541956521817695,0.0,0.05215102928837351,0.0,0.000922546824039698,0.0,0.01394673728107364,6.622049045369425e-24,6.622049045369425e-24,6.622049045369425e-24,6.622049045369425e-24,4.0298039100277e-15,8.188328360654289e-05,0.1219213147964585,5.2952661426877374e-08,0.0,5.004023347639523e-12,4.2967610473924623e-10,1.6156405635403136e-10,1.5927063281634351e-06,6.622049045369425e-24,0.11035479687313744,6.622049045369425e-24
2024930_WZY_DM_assembly_Plate2G2,2024930_WZY_DM_assembly_Plate2,,,G2,Plate2_G2,Fucose,cycle 5,,0.3035,48 h,,"growth curve data NA, so 48 h label rather than 0: 0.05:48 was used",Ho lab/7_Shared data/16s rRNA/Raw reads/2024930_DM_assembly/Plate2,,0.0,0.0,0.0001465357688903,0.0,0.0,0.0,0.0,0.0,not_assessable,review_required,True,,0.5034287052510236,6.478300157650541e-05,0.0,0.0005830470141883386,0.036764353394666605,0.009296360726228331,0.015774660883878983,6.478300157650541e-05,0.0030124095733073007,0.10264866599797275,0.0,0.05023921772257971,0.0,0.004502418609566948,0.0,0.001975881548083175,5.1808224399662326e-24,5.1808224399662326e-24,5.1808224399662326e-24,5.1808224399662326e-24,1.153382424202195e-12,0.0026949918840946823,0.07545178114761909,0.0010847209961219596,0.0,7.310947811278534e-09,1.1864312708566305e-05,1.1758234101585936e-06,0.05437722744704929,5.1808224399662326e-24,0.13802294435224632,5.1808224399662326e-24
2024930_WZY_DM_assembly_Plate2G3,2024930_WZY_DM_assembly_Plate2,,,G3,Plate2_G3,Fucose,cycle 5,,0.4515,48 h,,"growth curve data NA, so 48 h label rather than 0: 0.05:48 was used",Ho lab/7_Shared data/16s rRNA/Raw reads/2024930_DM_assembly/Plate2,,0.0,0.0,0.0014378307497775,0.0,0.0,0.0,0.0,0.0,not_assessable,review_required,True,,0.4799908261276227,0.01277601005179178,0.0,0.005110404020716711,0.009988516949582697,0.013240592235493233,0.07595918703519886,0.0,0.001238885823203996,0.03476623341366371,0.0,0.14572394495437738,0.0,0.027797500658140822,0.0,0.016570097885354133,7.152246683925837e-24,7.152246683925837e-24,7.152246683925837e-24,7.152246683925837e-24,2.674886321096222e-13,2.784531568356808e-07,3.757364454950906e-09,9.824374772040608e-06,0.0,1.0837730193537011e-05,1.0405119943680905e-09,3.2522764843161237e-09,0.0007752909136878038,7.152246683925837e-24,0.17604156132262347,7.152246683925837e-24
2024930_WZY_DM_assembly_Plate2G4,2024930_WZY_DM_assembly_Plate2,,,G4,Plate2_G4,Fucose,cycle 5,,0.5215,48 h,,"growth curve data NA, so 48 h label rather than 0: 0.05:48 was used",Ho lab/7_Shared data/16s rRNA/Raw reads/2024930_DM_assembly/Plate2,,0.0,0.0,0.0009302432432432,0.0,0.0,0.0,0.0,0.0,not_assessable,review_required,True,,0.16040933949600086,0.0033793092587680535,0.0,0.012438734080147026,0.012079233095171537,0.00855612344241329,0.06061186606684375,0.0008628023639406602,0.02063535653758483,0.31981207623407115,0.0,0.01114453053423578,0.0,0.05586645306516935,0.0,0.011719732110196307,4.9816995910564265e-24,4.9816995910564265e-24,4.9816995910564265e-24,4.9816995910564265e-24,5.547659954117073e-18,0.04453848211981917,0.21556634085433327,8.009870902393857e-10,0.0,7.502076766281986e-16,8.102777064092995e-15,1.0952174613742553e-13,1.163469717855442e-11,4.9816995910564265e-24,0.06237961992856467,4.9816995910564265e-24
2024930_WZY_DM_assembly_Plate2G5,2024930_WZY_DM_assembly_Plate2,,,G5,Plate2_G5,Fucose,cycle 5,,0.4815,48 h,,"growth curve data NA, so 48 h label rather than 0: 0.05:48 was used",Ho lab/7_Shared data/16s rRNA/Raw reads/2024930_DM_assembly/Plate2,,0.0,0.0,0.0002325143420061,0.0,0.0,0.0,0.0,0.0,not_assessable,review_required,True,,0.1805158361771553,0.000863223025826615,0.0,0.0013175509341565473,0.2220981979870443,0.0025328780889387714,0.00017037296562358726,4.5432790832984434e-05,3.4074593124738315e-05,0.06647953118636439,0.0,0.0,6.814918624947663e-05,0.0019195354126935642,0.00538378571370858,0.00042025331520499507,2.3852270474494145e-24,2.3852270474494145e-24,2.3852270474494145e-24,2.3852270474494145e-24,1.0968658703513078e-08,0.024121399302576358,0.047474283916138386,0.024632169609501233,0.0,4.230600172260323e-09,0.0022241809219035818,0.03808756957457306,0.2928582812699718,2.3852270474494145e-24,0.08875327882915297,2.3852270474494145e-24
2024930_WZY_DM_assembly_Plate2G6,2024930_WZY_DM_assembly_Plate2,,,G6,Plate2_G6,Fucose,cycle 5,,0.3945,48 h,,"growth curve data NA, so 48 h label rather than 0: 0.05:48 was used",Ho lab/7_Shared data/16s rRNA/Raw reads/2024930_DM_assembly/Plate2,,0.0,0.0,0.0001839033823097,0.0,0.0,0.0,0.0,0.0,not_assessable,review_required,True,,0.24230447037284572,0.0005702333989670195,0.0,0.001766605432093878,0.21860065065107787,0.0027058133833338,0.015564017477689134,5.590523519284892e-05,0.0001677157055784579,0.03235795012962095,0.0,0.0,7.82673292699885e-05,0.007345947904340264,0.0,0.006909887069836045,3.2061701096469197e-24,3.2061701096469197e-24,3.2061701096469197e-24,3.2061701096469197e-24,2.176985836870365e-10,0.002949385399656729,0.01912565045988502,0.00674821793184925,0.0,4.088662599959908e-11,0.03686142064184845,0.0018089325261291286,0.3003286281702916,3.2061701096469197e-24,0.10375030052190863,3.2061701096469197e-24
2024930_WZY_DM_assembly_Plate2G7,2024930_WZY_DM_assembly_Plate2,,,G7,Plate2_G7,Master_mix,cycle 5,,0.7845,48 h,,"growth curve data NA, so 48 h label rather than 0: 0.05:48 was used",Ho lab/7_Shared data/16s rRNA/Raw reads/2024930_DM_assembly/Plate2,,0.0,0.0019772275967413,0.0061214167515274,0.0,0.0,0.0,0.0,0.0001697619653767,not_assessable,review_required,True,,0.09890732317555417,0.0005730435873438762,0.05721058796555022,6.251384589206e-05,0.0002813123065141831,0.005803368693646186,0.0008022610222813433,0.1022309759821487,0.0008230989709120506,0.004042562034353143,0.0,0.0,0.00026047435788358015,0.44432757865213174,0.0,0.0029381507569268047,2.037809268974497e-24,2.037809268974497e-24,2.037809268974497e-24,2.037809268974497e-24,0.009520826628610266,0.06065058813128551,2.2731111993718733e-13,4.487074678316e-14,0.0,0.009615675179069728,5.508911916810083e-24,1.705924681763661e-23,0.0026667116760752774,2.037809268974497e-24,0.19928294703354907,2.037809268974497e-24
2024930_WZY_DM_assembly_Plate2G8,2024930_WZY_DM_assembly_Plate2,,,G8,Plate2_G8,Master_mix,cycle 5,,0.7775,48 h,,"growth curve data NA, so 48 h label rather than 0: 0.05:48 was used",Ho lab/7_Shared data/16s rRNA/Raw reads/2024930_DM_assembly/Plate2,,0.0,0.0017959532755369,0.002750763877721,0.0,0.0,0.0,0.0,0.0001818686861303,not_assessable,review_required,True,,0.049777460194678845,0.0005856171787608728,0.006213255433195133,0.0,0.019925267423694947,0.0006998839453484216,0.00108553428258121,0.008041523698595157,0.0052991213004951205,0.023638937337788643,0.0,0.0,0.006756022574485738,0.4268006565501294,0.0007284506369951831,0.00421358701791391,2.4542683321667343e-24,2.4542683321667343e-24,2.4542683321667343e-24,2.4542683321667343e-24,2.957533516079559e-12,0.055123910771987104,0.032083240229219434,0.19658191363996635,0.0,6.22644297287687e-05,5.9839363236901224e-18,4.0096443924461056e-14,3.658099930050182e-10,2.4542683321667343e-24,0.16238335298562817,2.4542683321667343e-24
2024930_WZY_DM_assembly_Plate2G9,2024930_WZY_DM_assembly_Plate2,,,G9,Plate2_G9,Master_mix,cycle 5,,0.9205,48 h,,"growth curve data NA, so 48 h label rather than 0: 0.05:48 was used",Ho lab/7_Shared data/16s rRNA/Raw reads/2024930_DM_assembly/Plate2,,0.0,0.0021338529176658,0.0026489208633093,0.0,0.0,0.0,0.0,0.0,not_assessable,review_required,True,,0.1366244787438798,0.0005859520174862275,0.004134217012264149,0.0,0.05686989858602762,0.01761111341444818,0.005143356597934879,0.00830098691438868,0.0054037797168176565,0.04775508942513023,0.0,0.0,0.0007812693566483327,0.30362080372746425,0.0,0.005241015267515931,1.7281566240874166e-24,1.7281566240874166e-24,1.7281566240874166e-24,1.7281566240874166e-24,0.0001979283835912741,0.05355295162775499,2.424116605103519e-09,3.636516245039395e-13,0.0,0.008765560621310524,3.5038283459017605e-24,6.701187282591101e-24,0.19143634767865556,1.7281566240874166e-24,0.15397524848420155,1.7281566240874166e-24
2024930_WZY_DM_assembly_Plate2H10,2024930_WZY_DM_assembly_Plate2,low growth,,H10,Plate2_H10,blank,cycle 5,,0.0055,48 h,,"growth curve data NA, so 48 h label rather than 0: 0.05:48 was used",Ho lab/7_Shared data/16s rRNA/Raw reads/2024930_DM_assembly/Plate2,,0.0,0.0,0.0,0.0,0.0,0.0,0.0,0.0,not_assessable,review_required,False,low growth,0.0,0.0,0.0,0.0,0.3999999999999949,0.0,0.0,0.0,0.0,0.0,0.0,0.0,0.0,0.6000000000000051,0.0,0.0,4.971590909091073e-22,4.971590909091073e-22,4.971590909091073e-22,4.971590909091073e-22,4.971590909091073e-22,4.971590909091073e-22,4.971590909091073e-22,2.0572987969167656e-21,0.0,4.971590909091073e-22,4.971590909091073e-22,4.971590909091073e-22,8.399343894754855e-22,4.971590909091073e-22,3.627286445924423e-21,4.971590909091073e-22
2024930_WZY_DM_assembly_Plate2H11,2024930_WZY_DM_assembly_Plate2,low growth,,H11,Plate2_H11,blank,cycle 5,,-0.0065,48 h,,"growth curve data NA, so 48 h label rather than 0: 0.05:48 was used",Ho lab/7_Shared data/16s rRNA/Raw reads/2024930_DM_assembly/Plate2,,-0.0,-0.0,-0.0,-0.0,-0.0,-0.0,-0.0,-0.0,not_assessable,review_required,False,low growth,0.0,0.0,0.0,0.0,0.0,0.0,0.0,0.0,0.0,0.0,0.0,0.0,0.0,0.0,0.0,0.0,0.0625,0.0625,0.0625,0.0625,0.0625,0.0625,0.0625,0.125,0.0,0.0625,0.0625,0.0625,0.0625,0.0625,0.0625,0.0625
2024930_WZY_DM_assembly_Plate2H12,2024930_WZY_DM_assembly_Plate2,low growth,,H12,Plate2_H12,blank,cycle 5,,0.0015,48 h,,"growth curve data NA, so 48 h label rather than 0: 0.05:48 was used",Ho lab/7_Shared data/16s rRNA/Raw reads/2024930_DM_assembly/Plate2,,0.0,0.0,0.0,0.0,0.0,0.0,0.0,0.0,not_assessable,review_required,False,low growth,0.11111111111111109,0.0,0.0,0.0,0.0,0.0,0.0,0.14814814814814814,0.0,0.07407407407407407,0.0,0.0,0.0,0.0,0.6666666666666666,0.0,1.4467592592592593e-21,1.4467592592592593e-21,1.4467592592592593e-21,1.4467592592592593e-21,1.4467592592592593e-21,1.4467592592592593e-21,1.4467592592592593e-21,2.8935185185185186e-21,0.0,1.4467592592592593e-21,1.4467592592592593e-21,1.4467592592592593e-21,1.4467592592592593e-21,1.4467592592592593e-21,1.4467592592592593e-21,1.4467592592592593e-21
2024930_WZY_DM_assembly_Plate2H1,2024930_WZY_DM_assembly_Plate2,,,H1,Plate2_H1,Sialic_acid,cycle 5,,0.6325,48 h,,"growth curve data NA, so 48 h label rather than 0: 0.05:48 was used",Ho lab/7_Shared data/16s rRNA/Raw reads/2024930_DM_assembly/Plate2,,0.0,0.0,0.0,0.0,0.0,0.0,0.000332051757149,0.0,not_assessable,review_required,True,,0.2440631480483291,0.00025095475161172805,0.0,0.1017911080960879,0.00030886738659911833,0.0013319906047088892,0.001833900107932543,0.050808685095562925,0.0014285116630211076,0.04277813304398456,0.0,0.0343228883358324,0.0,0.0004826052915611904,0.0006177347731982367,0.0,1.9303019455700004e-24,1.9303019455700004e-24,1.9303019455700004e-24,1.9303019455700004e-24,0.003408205684880571,0.021806337329558643,0.03441276978200193,0.0540974976294796,0.0,0.0027885237310697974,3.831349876772552e-07,0.03012930924830923,0.28373830563386343,1.9303019455700004e-24,0.0896001406274194,1.9303019455700004e-24
2024930_WZY_DM_assembly_Plate2H2,2024930_WZY_DM_assembly_Plate2,,,H2,Plate2_H2,Sialic_acid,cycle 5,,0.5895,48 h,,"growth curve data NA, so 48 h label rather than 0: 0.05:48 was used",Ho lab/7_Shared data/16s rRNA/Raw reads/2024930_DM_assembly/Plate2,,0.0,0.0,0.0,0.0,0.0,0.0,0.0009675830939679,0.0,not_assessable,review_required,True,,0.06516461858478556,0.0002984639019148861,0.0,0.0016912954441851225,0.013231899651567078,0.0014923195095750885,0.019101689722563073,0.02178786483979853,0.004874910397945662,0.0020892473134051896,0.0,0.33796062493514,0.0,0.03939723505278635,0.015818586801497517,0.0,3.213159673482884e-24,3.213159673482884e-24,3.213159673482884e-24,3.213159673482884e-24,6.826115073240348e-07,0.030221221078730265,1.556212546235937e-11,0.0009137890180796511,0.0,0.04629595791072214,2.837353866642665e-18,4.732048977059816e-16,0.26337393305342754,3.213159673482884e-24,0.1362856601568064,3.213159673482884e-24
2024930_WZY_DM_assembly_Plate2H3,2024930_WZY_DM_assembly_Plate2,,,H3,Plate2_H3,Sialic_acid,cycle 5,,0.5235,48 h,,"growth curve data NA, so 48 h label rather than 0: 0.05:48 was used",Ho lab/7_Shared data/16s rRNA/Raw reads/2024930_DM_assembly/Plate2,,0.0,0.0,0.0,0.0,0.0,0.0,0.0002135094285303,0.0,not_assessable,review_required,True,,0.25570644068312715,7.47155331589315e-05,0.0,0.00509559936143906,0.00047817941221713875,0.00395992325742334,0.004946168295121211,0.06476342414216174,0.0016736279427600454,0.006440478958299815,0.0,0.1439170599707338,0.0,0.0010908467841203888,0.005603664986919793,0.0,2.323821672882778e-24,2.323821672882778e-24,2.323821672882778e-24,2.323821672882778e-24,0.00043689274231764494,0.024945850248334907,5.004117155518112e-07,0.0068952354672701405,0.0,0.024094195724725882,6.623925995257561e-11,1.0042485693451184e-06,0.33911304294010286,2.323821672882778e-24,0.11076314882324197,2.323821672882778e-24
2024930_WZY_DM_assembly_Plate2H4,2024930_WZY_DM_assembly_Plate2,,,H4,Plate2_H4,Sialic_acid,cycle 5,,0.6175,48 h,,"growth curve data NA, so 48 h label rather than 0: 0.05:48 was used",Ho lab/7_Shared data/16s rRNA/Raw reads/2024930_DM_assembly/Plate2,,0.0,0.0,0.0,0.0,0.0,0.0,0.000234606095145,0.0,not_assessable,review_required,True,,0.2858541050222062,0.0006051957057631405,0.0,0.21368451710993075,0.0007564946322038504,0.0060015240821527744,0.020929684824314655,0.1638567373354176,0.0045894007687050445,0.0014625562889278654,0.0,0.10051292013219067,0.0,0.02662861105358571,0.0004538967793224306,0.0002521648774013818,5.8780513457512126e-24,5.8780513457512126e-24,5.8780513457512126e-24,5.8780513457512126e-24,2.66120739721296e-10,5.381908210442655e-08,4.565100010042729e-14,0.0002050296678465327,0.0,3.5218961300083296e-08,2.964920780054678e-14,6.478884071858237e-10,0.003278167169689357,5.8780513457512126e-24,0.17092890459821417,5.8780513457512126e-24
2024930_WZY_DM_assembly_Plate2H5,2024930_WZY_DM_assembly_Plate2,,,H5,Plate2_H5,Sialic_acid,cycle 5,,0.6445,48 h,,"growth curve data NA, so 48 h label rather than 0: 0.05:48 was used",Ho lab/7_Shared data/16s rRNA/Raw reads/2024930_DM_assembly/Plate2,,0.0,0.0,0.0,0.0,0.0,0.0,0.0006225665031951,0.0,not_assessable,review_required,True,,0.06134090152831467,0.0,0.0,0.34956771957017035,0.009930186927739306,0.0020740263836416324,0.02645954871252091,0.32166263731753547,0.00967878979032823,0.0023882728054054766,0.0,0.0018226292462305573,0.0,0.05373613812162807,0.0,0.0007541914122332255,5.126464730530771e-24,5.126464730530771e-24,5.126464730530771e-24,5.126464730530771e-24,5.4216076593566026e-09,5.783788433107571e-09,5.012140260715388e-10,0.0001072296704252867,0.0,4.232723589413287e-18,6.998207114330433e-20,2.62733222981086e-12,2.9932400832189886e-05,5.126464730530771e-24,0.16044778440375712,5.126464730530771e-24
2024930_WZY_DM_assembly_Plate2H6,2024930_WZY_DM_assembly_Plate2,,,H6,Plate2_H6,Sialic_acid,cycle 5,,0.6825,48 h,,"growth curve data NA, so 48 h label rather than 0: 0.05:48 was used",Ho lab/7_Shared data/16s rRNA/Raw reads/2024930_DM_assembly/Plate2,,0.0,0.0,0.0,0.0,0.0,0.0,0.00071368045289,0.0,not_assessable,review_required,True,,0.01953311605830254,0.0002024157104486301,0.0,0.3203228617851181,0.001956685201004384,0.009850897908504934,0.011841319061250757,0.0014169099731410964,0.0006072471313461645,0.006578510589583769,0.0,0.12924243112151532,0.0,0.024660980723003774,0.0019229492492629458,0.0,2.6774243064496915e-24,2.6774243064496915e-24,2.6774243064496915e-24,2.6774243064496915e-24,0.005293601096290247,0.0032616219096319515,5.564188272564173e-10,0.03947354605653025,0.0,0.016633391728586536,2.456281670173717e-19,1.998807638356245e-06,0.2983883790036764,2.6774243064496915e-24,0.10881113632874519,2.6774243064496915e-24
2024930_WZY_DM_assembly_Plate2H7,2024930_WZY_DM_assembly_Plate2,low growth,,H7,Plate2_H7,blank,cycle 5,,0.0945,48 h,,"growth curve data NA, so 48 h label rather than 0: 0.05:48 was used",Ho lab/7_Shared data/16s rRNA/Raw reads/2024930_DM_assembly/Plate2,,0.0,0.0,0.0003704268292682,0.0,0.0,0.0,0.0,0.0,not_assessable,review_required,False,low growth,0.5124508512372348,0.006116207943154126,0.0,0.0,0.12887723880220217,0.007863695926912145,0.0,0.0013106159878190189,0.037134119654871164,0.23634774980336173,0.0,0.0681520313665882,0.0,0.0,0.001747487983758692,0.0,4.146238850353378e-23,4.146238850353378e-23,4.146238850353378e-23,4.146238850353378e-23,2.3085454524132228e-21,7.123830387694332e-19,1.2940980068568048e-09,9.97852982396567e-20,0.0,1.3273825142444751e-20,2.598188118295915e-20,2.3574731112014155e-20,1.571775516330169e-19,4.146238850353378e-23,8.514328824375533e-17,4.146238850353378e-23
2024930_WZY_DM_assembly_Plate2H8,2024930_WZY_DM_assembly_Plate2,low growth,,H8,Plate2_H8,blank,cycle 5,,0.1235,48 h,,"growth curve data NA, so 48 h label rather than 0: 0.05:48 was used",Ho lab/7_Shared data/16s rRNA/Raw reads/2024930_DM_assembly/Plate2,,0.0,0.0,0.0002291280148423,0.0,0.0,0.0,0.0,0.0,not_assessable,review_required,False,low growth,0.6035026161242999,0.018213659917854064,0.0,0.0,0.12119089099187765,0.0059544657423738845,0.0,0.0,0.04343257365026822,0.20455341138513589,0.0,0.0,0.0,0.0,0.003152364216551312,0.0,3.582836354422673e-23,3.582836354422673e-23,3.582836354422673e-23,3.582836354422673e-23,3.805987535556193e-21,1.5413304264584698e-18,1.7971638241254734e-08,2.9362349800043844e-19,0.0,3.582836354422673e-23,1.337322777400001e-19,6.269236611334611e-20,5.597480119835564e-19,3.582836354422673e-23,8.038700578662489e-16,3.582836354422673e-23
2024930_WZY_DM_assembly_Plate2H9,2024930_WZY_DM_assembly_Plate2,low growth,,H9,Plate2_H9,blank,cycle 5,,-0.0005,48 h,,"growth curve data NA, so 48 h label rather than 0: 0.05:48 was used",Ho lab/7_Shared data/16s rRNA/Raw reads/2024930_DM_assembly/Plate2,,-0.0,-0.0,-0.0,-0.0,-0.0,-0.0,-0.0,-0.0,not_assessable,review_required,False,low growth,0.0,0.0,0.0,0.0,0.0,0.0,0.0,0.0,0.0,0.0,0.0,0.0,0.0,0.0,0.0,0.0,0.0625,0.0625,0.0625,0.0625,0.0625,0.0625,0.0625,0.125,0.0,0.0625,0.0625,0.0625,0.0625,0.0625,0.0625,0.0625
