Sample ID,Experiment ID,growth_qc,Unnamed: 3,Growth Well ID,16S Well ID,Media,Protocol,Initial OD,Final OD,Growth curve time,Growth curve OD,Notes,Data location,Unnamed: 14,Bb,Bbi,Bc,Bl,Bt47,Bt61,Pg,Pj,contamination_status,modeling_action_default,included_in_carbon_score,carbon_score_exclusion_reason,Ai,Ac,Bfi,Bf,Bt,Bu,Bx,Ba,Csp,Dl,Ls,Mf,Pm,Bd,Bv,Rg,Af,Ao,As,Bl.s,Col,Cs,Et,Eu.c,Eu.l,Im,Ld,Lsp,Mi,Pc,Va,Vp
2024930_WZY_DM_assembly_Plate1A10,2024930_WZY_DM_assembly_Plate1,,,A10,Plate1_A10,Galactose,cycle 5,,0.8905,48 h,,"growth curve data NA, so 48 h label rather than 0: 0.05:48 was used",Ho lab/7_Shared data/16s rRNA/Raw reads/2024930_DM_assembly/Plate1,,0.0,0.0,0.0011048572338748,0.0,0.0,0.0,0.0,0.0,not_assessable,review_required,True,,0.0099437151048739,0.0008659691833073,0.0,0.0008659691833073,0.0019708264171822,0.0043895679291786,0.0057034522073001,0.1783597907549922,0.0026128380530825,0.0690834381235015,0.0051062320808812,2.9861006320942943e-05,0.0022992974867126,0.0255610214107271,0.0,0.0,1.9531250000000002e-24,1.9531250000000002e-24,1.9531250000000002e-24,1.9531250000000002e-24,1.2053981894562547e-14,0.011897418819016847,0.047227964628979956,1.1107116236577192e-18,2.6786682811929117e-11,7.199134248179903e-18,3.402501879425641e-20,7.882787182232977e-15,3.150363163106565e-14,1.9531250000000002e-24,0.0496783742963124,1.9531250000000002e-24
2024930_WZY_DM_assembly_Plate1A11,2024930_WZY_DM_assembly_Plate1,,,A11,Plate1_A11,Galactose,cycle 5,,0.9725,48 h,,"growth curve data NA, so 48 h label rather than 0: 0.05:48 was used",Ho lab/7_Shared data/16s rRNA/Raw reads/2024930_DM_assembly/Plate1,,0.0,0.0,0.0006273103927357,0.0,0.0,0.0,0.0,0.0,not_assessable,review_required,True,,0.0905498424591262,0.0001930185823802,0.0,0.0027746421217158,0.0044635547175428,0.0125220805319175,0.0126668444687027,0.0447561837894162,0.0042705361351626,0.0151278313940506,0.101214119135634,0.0288562780658446,0.0055251569206341,0.4066660257523507,0.0,0.0,1.9531250000000002e-24,1.9531250000000002e-24,1.9531250000000002e-24,1.9531250000000002e-24,0.00015977668521166145,0.08941613826354763,7.241021121668356e-23,6.410254738467317e-24,2.2608881055823605e-24,0.016448006014201107,1.9595430149157897e-24,1.977971092666805e-24,9.163804753930758e-10,1.9531250000000002e-24,0.18984585135219367,1.9531250000000002e-24
2024930_WZY_DM_assembly_Plate1A12,2024930_WZY_DM_assembly_Plate1,,,A12,Plate1_A12,Galactose,cycle 5,,0.9375,48 h,,"growth curve data NA, so 48 h label rather than 0: 0.05:48 was used",Ho lab/7_Shared data/16s rRNA/Raw reads/2024930_DM_assembly/Plate1,,0.0,8.011177194421658e-05,0.0010254306808859,0.0,0.0,0.0,0.0,0.0,not_assessable,review_required,True,,0.2642566909351928,1.6022354388843314e-05,0.0,0.0005447600492206,0.0183616181296144,0.010831111566858,0.0087482054963084,0.2116873461853979,0.0029481132075471,0.0107830445036915,0.0002243129614438,0.1069972826086956,0.0011696318703855,0.1912267996308449,0.0,0.0,1.9531250000000002e-24,1.9531250000000002e-24,1.9531250000000002e-24,1.9531250000000002e-24,0.05605338324572857,0.05542573019453412,3.0193233892502435e-16,1.5793265654829173e-17,2.043618788880321e-20,0.025405268069566056,2.4909259989473145e-24,2.5157060168155366e-24,8.902121917953409e-05,1.9531250000000002e-24,0.19910730735205004,1.9531250000000002e-24
2024930_WZY_DM_assembly_Plate1A1,2024930_WZY_DM_assembly_Plate1,,,A1,Plate1_A1,Glucose,cycle 5,,1.2345,48 h,,"growth curve data NA, so 48 h label rather than 0: 0.05:48 was used",Ho lab/7_Shared data/16s rRNA/Raw reads/2024930_DM_assembly/Plate1,,0.0,0.0,0.0,0.0,0.0,0.0,0.0,0.0,not_assessable,review_required,True,,0.0540149782135076,0.00039845073832,0.0,0.0024156076010651,0.371704732510288,0.0034117344468651,0.00014941902687,0.0461704793028322,0.0164111897845557,0.0130990680222706,0.0,0.247238683127572,0.001220255386105,0.0120282316630355,0.0,0.0,1.9531250000000002e-24,1.9531250000000002e-24,1.9531250000000002e-24,1.9531250000000002e-24,0.06782233522336592,0.048035134307039255,9.23659725652672e-22,1.4808904313785133e-23,2.1977478956145925e-24,0.040945166025102335,1.9542678050047387e-24,1.9534088388356272e-24,2.2522793383035575e-07,1.9531250000000002e-24,0.17662525392906278,1.9531250000000002e-24
2024930_WZY_DM_assembly_Plate1A2,2024930_WZY_DM_assembly_Plate1,,,A2,Plate1_A2,Glucose,cycle 5,,1.0345,48 h,,"growth curve data NA, so 48 h label rather than 0: 0.05:48 was used",Ho lab/7_Shared data/16s rRNA/Raw reads/2024930_DM_assembly/Plate1,,0.0,0.0,0.000369082715238,0.0,0.0,0.0,0.0,0.0,not_assessable,review_required,True,,0.0356650455356304,0.0001748286545864,0.0,0.0018842643883203,0.0074205051168904,0.0134812318092197,0.0006798892122805,0.1813167402121866,0.0060995775044596,0.0012238005821049,0.0,0.0162007886583419,0.002583579006666,0.0761087409632898,0.0,0.0,1.9531250000000002e-24,1.9531250000000002e-24,1.9531250000000002e-24,1.9531250000000002e-24,1.115988247907023e-10,0.016276498807350867,0.00026296637752655787,2.0287125934099568e-11,0.00039435044295262707,1.8639717228039142e-10,1.1716552776818319e-15,1.0959412409661507e-08,5.785694529128576e-09,1.9531250000000002e-24,0.07984230354979022,1.9531250000000002e-24
2024930_WZY_DM_assembly_Plate1A3,2024930_WZY_DM_assembly_Plate1,,,A3,Plate1_A3,Glucose,cycle 5,,1.0485,48 h,,"growth curve data NA, so 48 h label rather than 0: 0.05:48 was used",Ho lab/7_Shared data/16s rRNA/Raw reads/2024930_DM_assembly/Plate1,,0.0,0.0,0.0,0.0,0.0,0.0,0.0,0.0,not_assessable,review_required,True,,0.0022076055430228,0.0,0.0,0.0013290686432484,0.1268697389622945,0.0071859813084112,0.0026130841121495,0.1698054141153722,0.0035366741862713,0.0161740895907186,0.0,0.0059470190138575,0.0020048662584595,0.1062353851111827,0.0,0.0,1.9531250000000002e-24,1.9531250000000002e-24,1.9531250000000002e-24,1.9531250000000002e-24,5.6652874212691406e-08,0.027616613870845932,0.019784857413333704,2.351047763350896e-06,0.17759820704548596,2.052751949898366e-08,1.606083944267898e-10,0.006013002485639667,0.0002528115739375855,1.9531250000000002e-24,0.10071253220974877,1.9531250000000002e-24
2024930_WZY_DM_assembly_Plate1A4,2024930_WZY_DM_assembly_Plate1,,,A4,Plate1_A4,Glucose,cycle 5,,1.0625,48 h,,"growth curve data NA, so 48 h label rather than 0: 0.05:48 was used",Ho lab/7_Shared data/16s rRNA/Raw reads/2024930_DM_assembly/Plate1,,0.0,0.0,0.0,0.0,0.0,0.0,0.0,0.0,not_assessable,review_required,True,,0.0323568684407796,0.0007964767616191,0.0,0.001758886181909,0.0084625655922038,0.0105201305597201,0.001261088205897,0.0572467672413793,0.0082634464017991,0.0240270489755122,0.0003982383808095,0.0,0.003019974387806,0.0202769708895552,0.0,0.0004646114442778,1.9531250000000002e-24,1.9531250000000002e-24,1.9531250000000002e-24,1.9531250000000002e-24,7.59585938990718e-18,6.732917959208717e-09,0.025880329656376218,1.820648387134478e-17,1.5868159704052498e-14,1.1750748155121508e-19,4.493820666264416e-17,2.4497215851822273e-16,2.1406148483645823e-15,1.9531250000000002e-24,0.018984082624137106,1.9531250000000002e-24
2024930_WZY_DM_assembly_Plate1A5,2024930_WZY_DM_assembly_Plate1,,,A5,Plate1_A5,Glucose,cycle 5,,1.0755,48 h,,"growth curve data NA, so 48 h label rather than 0: 0.05:48 was used",Ho lab/7_Shared data/16s rRNA/Raw reads/2024930_DM_assembly/Plate1,,0.0,0.0006192728469194,0.0005750390721395,0.0,0.0,0.0,0.0,0.0,not_assessable,review_required,True,,0.0291058238052151,0.001061610594719,0.0016808834416385,0.0015039483425187,0.0054849880727153,0.0100410668750514,0.0027867278111376,0.0627234926379863,0.0261421608949576,0.001061610594719,0.0041579748293164,8.846754955992432e-05,0.0023886238381179,0.7008841613885004,0.0,0.0001769350991198,1.9531250000000002e-24,1.9531250000000002e-24,1.9531250000000002e-24,1.9531250000000002e-24,1.4278822835758707e-06,0.08818070851006565,5.661505396363014e-24,3.4715799534344265e-24,2.227766041178698e-24,0.016778429385670042,1.9584377341531565e-24,1.9709988256742927e-24,2.2699997079416474e-17,1.9531250000000002e-24,0.26147568171646063,1.9531250000000002e-24
2024930_WZY_DM_assembly_Plate1A6,2024930_WZY_DM_assembly_Plate1,,,A6,Plate1_A6,Glucose,cycle 5,,1.0595,48 h,,"growth curve data NA, so 48 h label rather than 0: 0.05:48 was used",Ho lab/7_Shared data/16s rRNA/Raw reads/2024930_DM_assembly/Plate1,,0.0,0.0,0.0,0.0,0.0,0.0,0.0,0.0,not_assessable,review_required,True,,0.0996329520993801,8.243211701548278e-05,0.0,0.0014563007339401,0.0003572058404004,0.0058801576804377,0.0001648642340309,0.0910874893021084,0.0035445810316657,0.0272575533597863,0.0,0.0,0.0017035970849866,0.3534963951347286,0.0020882802977255,0.0,1.9531250000000002e-24,1.9531250000000002e-24,1.9531250000000002e-24,1.9531250000000002e-24,6.166105018372544e-08,0.05227077226638972,1.1076609272599375e-05,4.5288982420386585e-08,5.0875636993952164e-11,0.004431451480073189,6.341176890937246e-23,9.71101944564126e-21,0.00403865820347054,1.9531250000000002e-24,0.15956141306116484,1.9531250000000002e-24
2024930_WZY_DM_assembly_Plate1A7,2024930_WZY_DM_assembly_Plate1,,,A7,Plate1_A7,Galactose,cycle 5,,0.9425,48 h,,"growth curve data NA, so 48 h label rather than 0: 0.05:48 was used",Ho lab/7_Shared data/16s rRNA/Raw reads/2024930_DM_assembly/Plate1,,0.0,0.0,0.0006623330990864,0.0,0.0,0.0,0.0,0.0,not_assessable,review_required,True,,0.0282674304788675,0.0006859878526252,0.0,0.0009225353880132,0.0005204045778536,0.0023418206003413,0.0037611058126694,0.0164163989559281,0.0003311665495432,0.0055825218351571,0.0660204171267945,0.0,0.0019396897901817,0.3489549242043971,0.0,0.0,1.9531250000000002e-24,1.9531250000000002e-24,1.9531250000000002e-24,1.9531250000000002e-24,1.341455318674167e-13,0.06191809095705123,1.1431913038457632e-05,2.6731241192357755e-07,9.497228379354563e-12,0.00039694547663867655,2.7347508645451294e-23,2.902650731315852e-23,1.7870595700581693e-08,1.9531250000000002e-24,0.13253369707971088,1.9531250000000002e-24
2024930_WZY_DM_assembly_Plate1A8,2024930_WZY_DM_assembly_Plate1,,,A8,Plate1_A8,Galactose,cycle 5,,0.9185,48 h,,"growth curve data NA, so 48 h label rather than 0: 0.05:48 was used",Ho lab/7_Shared data/16s rRNA/Raw reads/2024930_DM_assembly/Plate1,,0.0,0.0,1.3141516317800063e-05,0.0,0.0,0.0,0.0,0.0,not_assessable,review_required,True,,0.0070832772952942,0.000459953071123,0.0,0.0005519436853476,0.0069781451647518,0.0034299357589458,0.0032328130141788,0.0840794214012848,0.0014849913439114,0.000328537907945,0.0167160087562416,0.0,0.0019186613823988,0.1991071137309888,0.0,0.0,1.9531250000000002e-24,1.9531250000000002e-24,1.9531250000000002e-24,1.9531250000000002e-24,3.4785212469376504e-15,0.03145286772672067,7.122967672534138e-10,1.6671941625025403e-08,0.02343445007310592,1.0409202937608642e-11,1.5954106451459606e-19,1.794802415489259e-05,7.747801345107043e-14,1.9531250000000002e-24,0.08866398268271142,1.9531250000000002e-24
2024930_WZY_DM_assembly_Plate1A9,2024930_WZY_DM_assembly_Plate1,,,A9,Plate1_A9,Galactose,cycle 5,,0.8635,48 h,,"growth curve data NA, so 48 h label rather than 0: 0.05:48 was used",Ho lab/7_Shared data/16s rRNA/Raw reads/2024930_DM_assembly/Plate1,,0.0,0.0,0.0001490935251798,0.0,0.0,0.0,0.0,0.0,not_assessable,review_required,True,,0.0018885179856115,0.000563242206235,0.0,0.0010436546762589,0.0321876354916067,0.0146277314148681,0.0007454676258992,0.1195398752997602,0.0024351942446043,0.0631328249400479,0.0115795971223021,0.0,0.0020541774580335,0.2739842014388489,0.0,0.0,1.9531250000000002e-24,1.9531250000000002e-24,1.9531250000000002e-24,1.9531250000000002e-24,2.6988105701465706e-10,0.050184228006149766,0.05084396220960275,0.004129298020579072,1.6995987955296276e-06,5.406895795370041e-06,1.2665069414996317e-20,3.8963336308841605e-20,5.4874819239339825e-08,1.9531250000000002e-24,0.12940747878267722,1.9531250000000002e-24
2024930_WZY_DM_assembly_Plate1B10,2024930_WZY_DM_assembly_Plate1,,,B10,Plate1_B10,Oligo_xylose,cycle 5,,0.8885,48 h,,"growth curve data NA, so 48 h label rather than 0: 0.05:48 was used",Ho lab/7_Shared data/16s rRNA/Raw reads/2024930_DM_assembly/Plate1,,0.0,0.0,0.079570596609292,0.0,0.0,0.0,0.0001437330141063,0.003334605927268,not_assessable,review_required,True,,0.0,0.0,0.0208412870454251,0.0,0.0387791672059013,0.2498942183253526,0.0820715510547431,0.0536986540701436,0.0023572214313446,0.0200938753720719,0.0,0.008020302187136,0.0166442830335188,0.0478630936974246,0.0012361039213148,0.0,1.9531250000000002e-24,1.9531250000000002e-24,1.9531250000000002e-24,1.9531250000000002e-24,0.05201599747253821,0.0644149606740875,1.821929913946433e-09,2.397982526194189e-12,2.4078146375099728e-17,3.25802879079871e-09,3.205846375058364e-24,3.7327653256779e-24,0.4072323655814471,1.9531250000000002e-24,0.15910704414416044,1.9531250000000002e-24
2024930_WZY_DM_assembly_Plate1B11,2024930_WZY_DM_assembly_Plate1,,,B11,Plate1_B11,Oligo_xylose,cycle 5,,0.8875,48 h,,"growth curve data NA, so 48 h label rather than 0: 0.05:48 was used",Ho lab/7_Shared data/16s rRNA/Raw reads/2024930_DM_assembly/Plate1,,0.0,0.0,0.038890044651918,0.0,0.0,0.0,0.0005764156687639,0.0017292470062918,not_assessable,review_required,True,,0.0,0.0015130911305053,0.0076194946214735,0.0,0.0212913537649685,0.2303320986401461,0.003548558960828,0.0259747310736756,0.0035665719504769,0.0833641160949868,0.0,0.0647927237669981,0.0120506900750964,0.0805360767201136,0.0,0.0,1.9531250000000002e-24,1.9531250000000002e-24,1.9531250000000002e-24,1.9531250000000002e-24,0.04389368424804268,0.07202753049275337,1.385272087332967e-09,7.188063767902235e-15,3.64756248059137e-20,0.011711602171816963,2.2894559620448267e-24,2.1925671697297218e-24,0.3402485697726936,1.9531250000000002e-24,0.14966787411155844,1.9531250000000002e-24
2024930_WZY_DM_assembly_Plate1B12,2024930_WZY_DM_assembly_Plate1,,,B12,Plate1_B12,Oligo_xylose,cycle 5,,0.9915,48 h,,"growth curve data NA, so 48 h label rather than 0: 0.05:48 was used",Ho lab/7_Shared data/16s rRNA/Raw reads/2024930_DM_assembly/Plate1,,0.0,0.0,0.0465340931697612,3.287466843501326e-05,0.0,0.0,0.0001150613395225,0.0023176641246684,not_assessable,review_required,True,,1.643733421750663e-05,0.001430048076923,0.0059503149867374,0.0,0.0004438080238726,0.0028765334880636,0.073326947944297,0.3866882874668435,0.0073803630636604,0.1273729028514589,8.218667108753316e-05,0.0006246187002652,0.0123444379973474,0.0972597065649867,0.0003780586870026,0.0,1.9531250000000002e-24,1.9531250000000002e-24,1.9531250000000002e-24,1.9531250000000002e-24,0.00983532637422978,0.04241276290091513,0.09117874120610271,1.6277102138774407e-07,2.73350724208765e-07,2.8421621362769732e-08,4.1338434374357905e-22,3.9918021910687845e-24,0.07834997902803534,1.9531250000000002e-24,0.13136473511146565,1.9531250000000002e-24
2024930_WZY_DM_assembly_Plate1B1,2024930_WZY_DM_assembly_Plate1,high other species,,B1,Plate1_B1,Fructose,cycle 5,,0.8335,48 h,,"growth curve data NA, so 48 h label rather than 0: 0.05:48 was used",Ho lab/7_Shared data/16s rRNA/Raw reads/2024930_DM_assembly/Plate1,,0.0,0.4967089001761147,8.509660787666862e-05,0.0,0.0,0.0,0.0,0.0,not_assessable,review_required,False,high other species,0.029656167845019,0.0042335562418642,0.0,0.0014466423339033,0.0057652951836442,0.0067439061742259,0.0056589244237984,4.254830393833431e-05,0.0191254626202812,0.009169159498711,0.0,0.0779697669669976,0.000127644911815,0.0006807728630133,0.0,2.1274151969167156e-05,1.9531250000000002e-24,1.9531250000000002e-24,1.9531250000000002e-24,1.9531250000000002e-24,4.111526191203706e-16,1.911551031473834e-08,0.028546910698299278,9.33987294962897e-14,6.822835198766998e-13,0.005779787616924434,1.2353132758991478e-18,6.9271298571928466e-15,3.7227642856111435e-11,1.9531250000000002e-24,0.03091704056749539,1.9531250000000002e-24
2024930_WZY_DM_assembly_Plate1B2,2024930_WZY_DM_assembly_Plate1,high other species,,B2,Plate1_B2,Fructose,cycle 5,,0.8915,48 h,,"growth curve data NA, so 48 h label rather than 0: 0.05:48 was used",Ho lab/7_Shared data/16s rRNA/Raw reads/2024930_DM_assembly/Plate1,,0.0,0.2317699236832228,0.0,0.0,0.0,0.0,0.0001487134576087,0.0,not_assessable,review_required,False,high other species,0.1091370887026147,0.0001673026398098,0.0,0.001003815838859,0.0788553108970349,0.0267870115517744,0.0015800804870928,5.576754660327787e-05,0.0117855415154927,0.0348918949914508,0.0,0.0031787501563868,0.0001301242754076,0.0994707139580466,0.0,0.0,1.9531250000000002e-24,1.9531250000000002e-24,1.9531250000000002e-24,1.9531250000000002e-24,4.334119700489959e-11,0.03084478598442835,0.041962775102237726,0.00385175814071686,0.1775888118252763,3.530094957985629e-09,1.3687457073445985e-07,0.002112258747168415,0.0020001633387414933,1.9531250000000002e-24,0.08755904500296494,1.9531250000000002e-24
2024930_WZY_DM_assembly_Plate1B3,2024930_WZY_DM_assembly_Plate1,high other species,,B3,Plate1_B3,Fructose,cycle 5,,0.9065,48 h,,"growth curve data NA, so 48 h label rather than 0: 0.05:48 was used",Ho lab/7_Shared data/16s rRNA/Raw reads/2024930_DM_assembly/Plate1,,0.0,0.1692873356390602,5.649030971521156e-05,0.0,0.0,0.0,0.0,0.0,not_assessable,review_required,False,high other species,0.09378803670468,0.0006496385617249,0.0,0.0026974122889013,0.0048581666355081,0.0230904140960927,0.0012004190814482,0.0,0.0033329282731974,0.0416898485698261,0.0,0.0,4.236773228640867e-05,0.3472883015516919,0.0,0.0,1.9531250000000002e-24,1.9531250000000002e-24,1.9531250000000002e-24,1.9531250000000002e-24,1.5885195059600312e-10,0.05315590965432268,0.00362977352686825,2.8105141446080562e-06,7.388991161201878e-10,0.0019174485128700379,2.009686518546998e-22,3.797612914627403e-21,0.0004543654465130601,1.9531250000000002e-24,0.14684428794726911,1.9531250000000002e-24
2024930_WZY_DM_assembly_Plate1B4,2024930_WZY_DM_assembly_Plate1,high other species,,B4,Plate1_B4,Fructose,cycle 5,,0.8665,48 h,,"growth curve data NA, so 48 h label rather than 0: 0.05:48 was used",Ho lab/7_Shared data/16s rRNA/Raw reads/2024930_DM_assembly/Plate1,,0.0,0.2128345835857596,0.000200714514807,0.0,0.0,0.0,0.0,0.0,not_assessable,review_required,False,high other species,0.0878357595951676,0.0005249456541106,0.0,7.71978903103952e-05,0.0003705498734898,0.0113017711414418,0.0128457289476497,7.71978903103952e-05,0.0009726934179109,0.0027019261608638,0.0,0.0,0.0,0.0036591800007127,0.0,0.0,1.9531250000000002e-24,1.9531250000000002e-24,1.9531250000000002e-24,1.9531250000000002e-24,4.897606931690414e-19,1.4768481145120817e-14,4.1271504164217597e-16,8.851687080677504e-15,4.9394848335179416e-14,1.0554747366887937e-19,4.014523605291739e-13,7.222503793338594e-16,1.2267787998032034e-12,1.9531250000000002e-24,0.0004356073331786805,1.9531250000000002e-24
2024930_WZY_DM_assembly_Plate1B5,2024930_WZY_DM_assembly_Plate1,high other species,,B5,Plate1_B5,Fructose,cycle 5,,0.8965,48 h,,"growth curve data NA, so 48 h label rather than 0: 0.05:48 was used",Ho lab/7_Shared data/16s rRNA/Raw reads/2024930_DM_assembly/Plate1,,0.0,0.1600786878689248,0.0,0.0,0.0,0.0,4.945661168422794e-05,8.65490704473989e-05,not_assessable,review_required,False,high other species,0.0781661747669222,0.000445109505158,0.0,0.000222554752579,0.0019040795498427,0.018892425663375,0.0003461962817895,9.891322336845589e-05,0.0103611601478457,0.0189789747338224,0.0401093120759088,0.0,0.0,0.0002349189055,0.0,0.0,1.9531250000000002e-24,1.9531250000000002e-24,1.9531250000000002e-24,1.9531250000000002e-24,1.5054630187265895e-18,0.018903078244166423,0.028266156031007055,5.067001172783272e-15,7.800265701268871e-14,1.1764912539522364e-18,2.835349234019372e-12,1.6409266057619367e-15,1.594033098750516e-11,1.9531250000000002e-24,0.006285235583878275,1.9531250000000002e-24
2024930_WZY_DM_assembly_Plate1B6,2024930_WZY_DM_assembly_Plate1,high other species,,B6,Plate1_B6,Fructose,cycle 5,,0.7905,48 h,,"growth curve data NA, so 48 h label rather than 0: 0.05:48 was used",Ho lab/7_Shared data/16s rRNA/Raw reads/2024930_DM_assembly/Plate1,,0.0,0.1715680253092059,0.0001401347278851,0.0,0.0,0.0,0.0,0.0,not_assessable,review_required,False,high other species,0.0608292514965977,0.0003449470224864,0.0,1.0779594452702056e-05,0.0002048122946013,0.0102082759467088,0.0004743021559188,6.467756671621235e-05,0.0056269483043104,0.0124719907817762,0.0161154937067895,0.0,0.0,0.0705416660984822,0.0,0.0,1.9531250000000002e-24,1.9531250000000002e-24,1.9531250000000002e-24,1.9531250000000002e-24,5.239775278420402e-19,0.009658412869492998,0.013345942587704947,2.5592311318657436e-13,4.281829339826213e-11,3.669748255011882e-17,1.0452764715746633e-15,1.3837349219608142e-12,2.5615167662010628e-14,1.9531250000000002e-24,0.0395968994893054,1.9531250000000002e-24
2024930_WZY_DM_assembly_Plate1B7,2024930_WZY_DM_assembly_Plate1,,,B7,Plate1_B7,Oligo_xylose,cycle 5,,0.9945,48 h,,"growth curve data NA, so 48 h label rather than 0: 0.05:48 was used",Ho lab/7_Shared data/16s rRNA/Raw reads/2024930_DM_assembly/Plate1,,0.0,0.0,0.0412874257372749,0.0,0.0,0.0,0.0009758523487538,0.0019871902374623,not_assessable,review_required,True,,0.0,0.0025904444166919,0.0104150059766997,0.0,0.0033178979857629,0.1590461900768942,0.044090783393695,0.2681287398975933,0.0003725981695241,0.0474441669194126,0.0,0.0,0.0112134306256801,0.0522524575832723,0.0034598401455817,0.0002129132397281,1.9531250000000002e-24,1.9531250000000002e-24,1.9531250000000002e-24,1.9531250000000002e-24,0.04142293813192665,0.05406642933875279,0.010495466581731224,1.0773839470674737e-06,1.7734128506955696e-10,1.3410815522108406e-11,1.5724955940613506e-22,4.596362575017334e-22,0.28371720384684157,1.9531250000000002e-24,0.14556750895904877,1.9531250000000002e-24
2024930_WZY_DM_assembly_Plate1B8,2024930_WZY_DM_assembly_Plate1,,,B8,Plate1_B8,Oligo_xylose,cycle 5,,0.8925,48 h,,"growth curve data NA, so 48 h label rather than 0: 0.05:48 was used",Ho lab/7_Shared data/16s rRNA/Raw reads/2024930_DM_assembly/Plate1,,0.0,0.0,0.0537845335799329,0.0,0.0,0.0,0.0004470581435672,0.0020289561900358,not_assessable,review_required,True,,0.0,0.0021665125419026,0.0151655877933186,0.0,0.0004126690556005,0.033563749855508,0.0008941162871344,0.042539301814819,0.0009972835510345,0.1027202057565599,0.0002407236157669,0.0605591839093746,0.0159909259045197,0.0745211536238585,0.0440524216853542,0.0003095017917003,1.9531250000000002e-24,1.9531250000000002e-24,1.9531250000000002e-24,1.9531250000000002e-24,1.565815769878426e-08,0.03545693953162072,0.06852258060687748,2.609674511875413e-06,0.05173682049916799,0.0060824560592145065,3.0583964223671252e-12,8.715509189299266e-12,5.466164670454249e-05,1.9531250000000002e-24,0.08331613466398656,1.9531250000000002e-24
2024930_WZY_DM_assembly_Plate1B9,2024930_WZY_DM_assembly_Plate1,,,B9,Plate1_B9,Oligo_xylose,cycle 5,,0.8505,48 h,,"growth curve data NA, so 48 h label rather than 0: 0.05:48 was used",Ho lab/7_Shared data/16s rRNA/Raw reads/2024930_DM_assembly/Plate1,,0.0,0.0,0.0038653032440056,0.0,0.0,0.0,0.0003165550070521,0.0022325458392101,not_assessable,review_required,True,,8.330394922425952e-05,0.0010662905500705,0.0114459626234132,0.0,0.0002332510578279,0.0153945698166431,0.0258075634696756,0.2469462270803949,0.003598730606488,0.0620447813822284,0.0,0.0449008286318758,0.0011329337094499,0.0073807299012693,0.0001166255289139,0.0001999294781382,1.9531250000000002e-24,1.9531250000000002e-24,1.9531250000000002e-24,1.9531250000000002e-24,6.577205931267078e-08,0.02112210792421482,0.045621276828711727,1.2361037044884145e-13,0.0001344785945038661,3.26041949936447e-05,2.0750731317068107e-16,2.8664430541199475e-11,3.696237033719994e-06,1.9531250000000002e-24,0.07729257452130578,1.9531250000000002e-24
2024930_WZY_DM_assembly_Plate1C10,2024930_WZY_DM_assembly_Plate1,,,C10,Plate1_C10,Xylan,cycle 5,,0.8855,48 h,,"growth curve data NA, so 48 h label rather than 0: 0.05:48 was used",Ho lab/7_Shared data/16s rRNA/Raw reads/2024930_DM_assembly/Plate1,,0.0,0.0,0.0493681280310378,0.0,0.0,0.0,0.0023704946653734,0.0052906692531522,not_assessable,review_required,True,,0.0,3.435499515033947e-05,0.0025766246362754,0.0,0.046860213385063,0.1697480310378273,0.0227430067895247,0.0018551697381183,0.0031263045586808,0.0148757129000969,0.0,0.0012024248302618,0.0102034335596508,0.0479252182347235,0.0,0.0001717749757516,1.9531250000000002e-24,1.9531250000000002e-24,1.9531250000000002e-24,1.9531250000000002e-24,3.1283124829455426e-05,0.04433939676729235,0.029102964672334718,0.0033241333971581423,0.12825255061434498,4.283132326298551e-15,8.802391420383467e-11,3.0343294337575618e-09,0.11660895848476534,1.9531250000000002e-24,0.10012468724612994,1.9531250000000002e-24
2024930_WZY_DM_assembly_Plate1C11,2024930_WZY_DM_assembly_Plate1,,,C11,Plate1_C11,Xylan,cycle 5,,0.9635,48 h,,"growth curve data NA, so 48 h label rather than 0: 0.05:48 was used",Ho lab/7_Shared data/16s rRNA/Raw reads/2024930_DM_assembly/Plate1,,0.0,0.0,0.019201143912324,0.0,0.0,0.0,0.0006238638816278,0.0036507590110074,not_assessable,review_required,True,,9.242427875968249e-05,4.621213937984124e-05,0.0056147749346507,0.0,0.0310314515935633,0.13098830907216,0.0315859972661214,0.1739655986954123,2.310606968992062e-05,0.0029113647809299,0.0,0.0079484879733326,0.0109753831027122,0.1209833808964243,0.0,0.0001386364181395,1.9531250000000002e-24,1.9531250000000002e-24,1.9531250000000002e-24,1.9531250000000002e-24,0.022024537322467327,0.04924846699276491,0.0030199194217014253,0.00027764558359394734,2.915680991796037e-07,3.867584755731564e-08,2.1176160211103348e-20,1.6672842517859439e-18,0.2394773027526667,1.9531250000000002e-24,0.1418042030555695,1.9531250000000002e-24
2024930_WZY_DM_assembly_Plate1C12,2024930_WZY_DM_assembly_Plate1,,,C12,Plate1_C12,Xylan,cycle 5,,0.8945,48 h,,"growth curve data NA, so 48 h label rather than 0: 0.05:48 was used",Ho lab/7_Shared data/16s rRNA/Raw reads/2024930_DM_assembly/Plate1,,0.0,0.0002235070379521,0.024511271828757,0.0,0.0,0.0,0.0006208528832005,0.0020115633415697,not_assessable,review_required,True,,0.0003476776145922,0.0004470140759043,0.0053393347955245,0.0,0.0335757239234848,0.0156951608873094,0.0030545961853466,0.138624031761015,0.0002980093839362,0.0309929759293706,0.0,0.0057615147561009,0.0013410422277131,0.0896759904494849,0.0009188622671367,0.0,1.9531250000000002e-24,1.9531250000000002e-24,1.9531250000000002e-24,1.9531250000000002e-24,9.828169564988074e-13,0.020367973600406066,0.023949865849393945,9.411036667698967e-12,6.475267529708615e-05,1.8777760443635205e-13,2.4182407157814755e-15,1.2426049100249503e-08,5.865329198839058e-11,1.9531250000000002e-24,0.07316196562178263,1.9531250000000002e-24
2024930_WZY_DM_assembly_Plate1C1,2024930_WZY_DM_assembly_Plate1,,,C1,Plate1_C1,Xylose,cycle 5,,0.8155,48 h,,"growth curve data NA, so 48 h label rather than 0: 0.05:48 was used",Ho lab/7_Shared data/16s rRNA/Raw reads/2024930_DM_assembly/Plate1,,0.0,0.0,0.0021565497692586,0.0,0.0,0.0,0.0,0.0,not_assessable,review_required,True,,0.0164066923622033,0.0002959970271531,0.0092886686139965,0.0001127607722488,0.1034298183452304,0.0053279464887567,0.0016632213906701,0.0914489862937933,0.0021565497692586,0.0003100921236842,0.0,0.1204285047617401,2.8190193062205098e-05,0.0486562732253659,0.0,0.0,1.9531250000000002e-24,1.9531250000000002e-24,1.9531250000000002e-24,1.9531250000000002e-24,4.192614071280109e-05,0.023498352851878734,2.853708168984255e-10,5.698297523936175e-05,0.10255624582819446,0.019609146020939786,7.028002376030778e-12,7.571426931898363e-07,0.13836198344031983,1.9531250000000002e-24,0.0958671307523073,1.9531250000000002e-24
2024930_WZY_DM_assembly_Plate1C2,2024930_WZY_DM_assembly_Plate1,,,C2,Plate1_C2,Xylose,cycle 5,,0.9295,48 h,,"growth curve data NA, so 48 h label rather than 0: 0.05:48 was used",Ho lab/7_Shared data/16s rRNA/Raw reads/2024930_DM_assembly/Plate1,,0.0,0.0,0.0088358767205266,0.0,0.0,0.0,0.0,0.0,not_assessable,review_required,True,,0.2042093058049072,0.0004920706163973,0.0805926092160383,0.0001069718731298,0.1822158886894075,0.0075094254937163,0.012387342908438,0.0302088569718731,0.0017543387193297,0.0348514362657091,0.0,0.0931297127468581,0.0002353381208856,0.0419971573907839,0.0,0.0001283662477558,1.9531250000000002e-24,1.9531250000000002e-24,1.9531250000000002e-24,1.9531250000000002e-24,0.059388863158733436,0.03966165411204755,0.0005298579813126163,1.4359199027918686e-05,4.737251966590703e-09,0.021344054197043615,6.883583356933988e-22,1.9806244787644795e-20,0.4802934304346397,1.9531250000000002e-24,0.14777451359749333,1.9531250000000002e-24
2024930_WZY_DM_assembly_Plate1C3,2024930_WZY_DM_assembly_Plate1,,,C3,Plate1_C3,Xylose,cycle 5,,0.8765,48 h,,"growth curve data NA, so 48 h label rather than 0: 0.05:48 was used",Ho lab/7_Shared data/16s rRNA/Raw reads/2024930_DM_assembly/Plate1,,0.0,0.0,0.0011311888932342,0.0,0.0,0.0,0.0,0.0,not_assessable,review_required,True,,0.1012242667188111,0.0012340242471646,0.0049703754399687,0.0,0.0599530113414157,0.0006170121235823,0.0187503128666405,0.2193478099335158,0.0002399491591709,0.0490867422761048,0.0,0.0488467931169339,0.0002399491591709,0.0182018576456785,0.0,0.0006512905748924,1.9531250000000002e-24,1.9531250000000002e-24,1.9531250000000002e-24,1.9531250000000002e-24,0.0006568246627017583,0.026780513748855463,0.036325581767948326,1.2036130943005193e-07,0.13691423615114318,0.008734928175223863,2.8549655217352406e-10,8.300416405445949e-06,0.15480562169547826,1.9531250000000002e-24,0.10109669654671112,1.9531250000000002e-24
2024930_WZY_DM_assembly_Plate1C4,2024930_WZY_DM_assembly_Plate1,,,C4,Plate1_C4,Xylose,cycle 5,,0.8405,48 h,,"growth curve data NA, so 48 h label rather than 0: 0.05:48 was used",Ho lab/7_Shared data/16s rRNA/Raw reads/2024930_DM_assembly/Plate1,,0.0,0.0,0.0112975707642324,0.0,0.0,0.0,0.0,0.0,not_assessable,review_required,True,,0.1760136538339031,0.0021595672392924,0.0574159323041641,0.0002320196207504,0.0517225277642112,0.0016776803346569,0.0008745354935977,0.1654835325844605,0.0016419850083876,0.027057057312127,0.0,0.0,0.0,0.1424421994776293,0.0,0.0003212579364236,1.9531250000000002e-24,1.9531250000000002e-24,1.9531250000000002e-24,1.9531250000000002e-24,0.027963030070305022,0.03769348336230546,0.028680263312997622,0.0703868127210323,0.016076439168436922,0.00022484266957947257,5.0290483549170175e-17,1.371253541857275e-12,0.24681241876144097,1.9531250000000002e-24,0.13810742320180033,1.9531250000000002e-24
2024930_WZY_DM_assembly_Plate1C5,2024930_WZY_DM_assembly_Plate1,,,C5,Plate1_C5,Xylose,cycle 5,,0.7795,48 h,,"growth curve data NA, so 48 h label rather than 0: 0.05:48 was used",Ho lab/7_Shared data/16s rRNA/Raw reads/2024930_DM_assembly/Plate1,,0.0,0.0,0.0105540811345476,0.0,0.0,0.0,0.0,0.0,not_assessable,review_required,True,,0.0933645659378773,0.0010614161292808,0.1280107905351591,0.000460614546669,0.0940254476787503,0.001882511625517,0.001321763481746,0.1333979780592451,0.001321763481746,0.0313418158929167,0.0002603473524651,0.0,0.0001001335971019,0.0152403334789199,0.0,0.0003404542301466,1.9531250000000002e-24,1.9531250000000002e-24,1.9531250000000002e-24,1.9531250000000002e-24,0.03482976624530964,0.016541998119575782,0.027067861042041237,7.043668583047849e-06,0.06981515395837178,1.5549085068395984e-11,1.796320069228052e-05,0.012333357125776356,0.23132188608288384,1.9531250000000002e-24,0.0934554712185686,1.9531250000000002e-24
2024930_WZY_DM_assembly_Plate1C6,2024930_WZY_DM_assembly_Plate1,,,C6,Plate1_C6,Xylose,cycle 5,,0.9555,48 h,,"growth curve data NA, so 48 h label rather than 0: 0.05:48 was used",Ho lab/7_Shared data/16s rRNA/Raw reads/2024930_DM_assembly/Plate1,,0.0,0.0,0.0026595883184807,0.0,0.0,0.0,0.0,0.0,not_assessable,review_required,True,,0.0030456575905183,0.0002359312218007,0.03787768524546,0.0003860692720375,0.1540630878358661,0.0039035893061572,0.0163221508900312,0.1882731149969696,0.0011153112303306,0.0027024849042627,0.0015657253810411,0.0,0.0001286897573458,0.1668891669846685,0.0353038900985431,0.0001072414644548,1.9531250000000002e-24,1.9531250000000002e-24,1.9531250000000002e-24,1.9531250000000002e-24,0.005809015814127698,0.03695629199245199,0.00010810693626587854,0.03579272917398364,0.23769703718357826,2.6080438494740685e-05,9.106782597263452e-17,6.709142829167469e-10,0.14495555926065556,1.9531250000000002e-24,0.1442993483326729,1.9531250000000002e-24
2024930_WZY_DM_assembly_Plate1C7,2024930_WZY_DM_assembly_Plate1,,,C7,Plate1_C7,Xylan,cycle 5,,0.8385,48 h,,"growth curve data NA, so 48 h label rather than 0: 0.05:48 was used",Ho lab/7_Shared data/16s rRNA/Raw reads/2024930_DM_assembly/Plate1,,0.0,0.0,0.0422199028389251,0.0,0.0,0.0,0.0001697282526187,0.000551616821011,not_assessable,review_required,True,,0.0,0.0002121603157734,0.0054313040838014,0.0,0.0290235311978138,0.2738989676635798,0.0070861545468346,0.0346245635342341,0.0014426901472597,0.0325453924396538,0.0,0.0037340215576134,0.0136206922726582,0.1891621375436465,0.0019943069682708,0.0002121603157734,1.9531250000000002e-24,1.9531250000000002e-24,1.9531250000000002e-24,1.9531250000000002e-24,0.050616286532706126,0.0828094335486344,1.738715216761341e-20,1.022531997823824e-22,3.6697234599893174e-24,4.024707913668155e-06,1.9825921878129896e-24,2.0538256721969423e-24,5.185068523694312e-07,1.9531250000000002e-24,0.18789838426893515,1.9531250000000002e-24
2024930_WZY_DM_assembly_Plate1C8,2024930_WZY_DM_assembly_Plate1,,,C8,Plate1_C8,Xylan,cycle 5,,0.7715,48 h,,"growth curve data NA, so 48 h label rather than 0: 0.05:48 was used",Ho lab/7_Shared data/16s rRNA/Raw reads/2024930_DM_assembly/Plate1,,0.0,0.0,0.0402545551348793,0.0,0.0,0.0,9.1280170373876e-05,0.0026014848556554,not_assessable,review_required,True,,0.0001825603407477,0.0010040818741126,0.1012753490298154,0.0,0.0356449065309985,0.0265625295787979,0.0681862872692853,0.0225005619971604,0.0044727283483199,0.0449554839091339,0.0,0.058145468528159,0.0132812647893989,0.1193031826786559,0.0247825662565073,0.0005933211074301,1.9531250000000002e-24,1.9531250000000002e-24,1.9531250000000002e-24,1.9531250000000002e-24,0.026896697348611054,0.0355403992146785,0.04055699707297611,0.052580449727341834,0.19412512109329588,0.010802307024611001,1.859665033336821e-15,7.865310425345058e-13,0.1644205255207577,1.9531250000000002e-24,0.12213972152882939,1.9531250000000002e-24
2024930_WZY_DM_assembly_Plate1C9,2024930_WZY_DM_assembly_Plate1,,,C9,Plate1_C9,Xylan,cycle 5,,0.8225,48 h,,"growth curve data NA, so 48 h label rather than 0: 0.05:48 was used",Ho lab/7_Shared data/16s rRNA/Raw reads/2024930_DM_assembly/Plate1,,0.0,0.0,0.0334160290742157,0.0,0.0,0.0,0.0007551644988523,0.004530986993114,not_assessable,review_required,True,,0.0,0.0017620504973221,0.0350522188217291,0.0,0.0326608645753634,0.034171193573068,0.0041534047436878,0.0347375669472073,0.0011956771231828,0.1066040550879877,0.0,0.0701673680183626,0.0279410864575363,0.0036499617444529,0.1394537107880642,0.0,1.9531250000000002e-24,1.9531250000000002e-24,1.9531250000000002e-24,1.9531250000000002e-24,0.0009149104587485658,0.034647901994662084,0.07131913475016169,1.4148797169324421e-06,0.0032421878353694126,0.008758344250528878,1.2795361103842709e-14,1.9073840472941104e-15,0.23416277215784911,1.9531250000000002e-24,0.09879086145589305,1.9531250000000002e-24
2024930_WZY_DM_assembly_Plate1D10,2024930_WZY_DM_assembly_Plate1,,,D10,Plate1_D10,Sucrose,cycle 5,,1.0385,48 h,,"growth curve data NA, so 48 h label rather than 0: 0.05:48 was used",Ho lab/7_Shared data/16s rRNA/Raw reads/2024930_DM_assembly/Plate1,,0.0,0.0,0.0,0.0,0.0,0.0,0.0,0.0,not_assessable,review_required,True,,0.0274219281606599,0.0,0.0,0.0041898955228374,0.0087862734471441,0.0012819829584801,0.0012194472044079,0.0169159214765302,0.0052842712191009,0.0124133471833318,0.0,6.253575407220065e-05,0.0011256435732996,0.8687154276939753,0.0,0.0,1.9531250000000002e-24,1.9531250000000002e-24,1.9531250000000002e-24,1.9531250000000002e-24,1.74334047792146e-10,0.10108872375403448,2.232824988347764e-24,2.073022762828283e-24,1.9813635685160466e-24,0.020065852077056582,1.9543156085939352e-24,1.958377842695551e-24,2.4411111959822e-22,1.9531250000000002e-24,0.3004176385074205,1.9531250000000002e-24
2024930_WZY_DM_assembly_Plate1D11,2024930_WZY_DM_assembly_Plate1,,,D11,Plate1_D11,Sucrose,cycle 5,,1.0475,48 h,,"growth curve data NA, so 48 h label rather than 0: 0.05:48 was used",Ho lab/7_Shared data/16s rRNA/Raw reads/2024930_DM_assembly/Plate1,,0.0,0.0,0.0,0.0,0.0,0.0,0.0,0.0,not_assessable,review_required,True,,0.0744535617268706,0.0,0.0,0.0015991289315941,0.0035510068922165,0.011617201355993,0.0004468154367689,0.0180607502862402,0.0002116494174168,0.0060437666973486,0.0,0.0041859551444671,0.0007525312619266,0.8077717598724828,0.0,0.0,1.9531250000000002e-24,1.9531250000000002e-24,1.9531250000000002e-24,1.9531250000000002e-24,1.4350219560910454e-09,0.09749467583325516,2.464968569255967e-24,2.172101254626045e-24,1.9964008586051614e-24,0.02004772255887136,1.9544540880959823e-24,1.95892385682964e-24,1.8736878996379753e-21,1.9531250000000002e-24,0.2925822238776165,1.9531250000000002e-24
2024930_WZY_DM_assembly_Plate1D12,2024930_WZY_DM_assembly_Plate1,,,D12,Plate1_D12,Sucrose,cycle 5,,1.0265,48 h,,"growth curve data NA, so 48 h label rather than 0: 0.05:48 was used",Ho lab/7_Shared data/16s rRNA/Raw reads/2024930_DM_assembly/Plate1,,0.0,0.0,0.0002597550483324,0.0,0.0,0.0,0.0,0.0,not_assessable,review_required,True,,0.3032380434232501,0.0002078040386659,0.0,0.0010909712029961,0.0037924237056531,0.0070653373146414,0.0026495014929905,0.0217155220405891,0.0269625740169036,0.0277418391619009,0.0,0.0223908851662533,0.0031690115896553,0.2676516018017106,0.0,0.0,1.9531250000000002e-24,1.9531250000000002e-24,1.9531250000000002e-24,1.9531250000000002e-24,0.011259361318237777,0.055446215161056064,7.672842187150849e-07,1.6000526054606573e-11,8.347406237739841e-15,0.014827485521663856,7.278997129202587e-24,3.3372106294308144e-23,0.3361638789619263,1.9531250000000002e-24,0.17388010283912023,1.9531250000000002e-24
2024930_WZY_DM_assembly_Plate1D1,2024930_WZY_DM_assembly_Plate1,,,D1,Plate1_D1,Maltose,cycle 5,,0.9025,48 h,,"growth curve data NA, so 48 h label rather than 0: 0.05:48 was used",Ho lab/7_Shared data/16s rRNA/Raw reads/2024930_DM_assembly/Plate1,,0.0,0.0,0.0,0.0,0.0,0.0,0.0011149329001032,0.0,not_assessable,review_required,True,,0.0011454790069553,0.000213822747965,0.0,0.000229095801391,0.0294006278451879,0.0103551302228765,0.0044750046538389,0.1442234435023946,0.0018938586248328,0.0012371173275118,0.0,0.0328217918126279,0.0010385676329728,0.3489281785720329,0.0,0.0,1.9531250000000002e-24,1.9531250000000002e-24,1.9531250000000002e-24,1.9531250000000002e-24,7.370364262184078e-07,0.05047117977463052,8.464528294025638e-08,1.098448509087022e-08,2.5572040118650962e-11,0.012276473241590133,5.775125641157693e-23,1.7418145814523165e-20,0.00031309194867985,1.9531250000000002e-24,0.16303726292496745,1.9531250000000002e-24
2024930_WZY_DM_assembly_Plate1D2,2024930_WZY_DM_assembly_Plate1,,,D2,Plate1_D2,Maltose,cycle 5,,0.9905,48 h,,"growth curve data NA, so 48 h label rather than 0: 0.05:48 was used",Ho lab/7_Shared data/16s rRNA/Raw reads/2024930_DM_assembly/Plate1,,0.0,0.0,0.0,0.0,0.0,0.0,0.0005830267611259,0.0,not_assessable,review_required,True,,0.0008745401416889,0.0003331581492148,0.0,0.0,0.0231961361390821,0.0012909878282074,0.0031441800332149,0.111670447139944,0.0013326325968592,0.0086204671109335,0.0,0.0016449683617481,0.0007496058357333,0.5276183964346528,0.0,0.0,1.9531250000000002e-24,1.9531250000000002e-24,1.9531250000000002e-24,1.9531250000000002e-24,1.338449307683796e-07,0.06526545842390755,8.030811786180766e-17,3.373631319287204e-18,1.2763204264185482e-20,0.011356916319266046,2.53522858649962e-24,2.9784258647160754e-24,3.740779750386318e-06,1.9531250000000002e-24,0.20220538958380355,1.9531250000000002e-24
2024930_WZY_DM_assembly_Plate1D3,2024930_WZY_DM_assembly_Plate1,,,D3,Plate1_D3,Maltose,cycle 5,,0.9495,48 h,,"growth curve data NA, so 48 h label rather than 0: 0.05:48 was used",Ho lab/7_Shared data/16s rRNA/Raw reads/2024930_DM_assembly/Plate1,,0.0,0.0,0.0,0.0,0.0,0.0,0.0060086118346234,0.0,not_assessable,review_required,True,,0.0164583715470119,0.0008011482446164,0.0,0.0012888036978612,0.002716937525221,0.0068794251439891,0.0038489948273964,0.0965557797424703,0.0002438277266223,0.0028388513885322,0.0013758850287978,0.0010275597050515,0.0007140669136798,0.5473235812025387,0.0,0.0,1.9531250000000002e-24,1.9531250000000002e-24,1.9531250000000002e-24,1.9531250000000002e-24,1.5774351908357834e-07,0.0674285583616551,3.495681371753276e-18,2.841637516146525e-19,1.232034826059065e-21,0.011679363421185316,2.31833420687928e-24,2.5367742185749916e-24,5.125441988880638e-07,1.9531250000000002e-24,0.2070388739451805,1.9531250000000002e-24
2024930_WZY_DM_assembly_Plate1D4,2024930_WZY_DM_assembly_Plate1,,,D4,Plate1_D4,Maltose,cycle 5,,0.9865,48 h,,"growth curve data NA, so 48 h label rather than 0: 0.05:48 was used",Ho lab/7_Shared data/16s rRNA/Raw reads/2024930_DM_assembly/Plate1,,0.0,0.0,0.0,0.0,0.0,0.0,0.003357591172757,0.0,not_assessable,review_required,True,,0.0060653259894966,0.0003249281780087,0.0,0.0002707734816739,0.0245140258742154,0.0084300810627824,0.0027979926439642,0.0789394956906805,0.0008123204450218,0.0149105930575124,0.0,0.0034478489999817,0.0008664751413566,0.4750449962487877,0.0042601694450035,0.0,1.9531250000000002e-24,1.9531250000000002e-24,1.9531250000000002e-24,1.9531250000000002e-24,6.946011366293021e-09,0.060957425489859225,4.4663950852387277e-13,7.517832797507098e-15,6.408700581247087e-18,0.009333922565527912,3.729655007947488e-24,6.77016065453712e-24,3.2996252535774157e-06,1.9531250000000002e-24,0.1845094346837407,1.9531250000000002e-24
2024930_WZY_DM_assembly_Plate1D5,2024930_WZY_DM_assembly_Plate1,,,D5,Plate1_D5,Maltose,cycle 5,,0.9975,48 h,,"growth curve data NA, so 48 h label rather than 0: 0.05:48 was used",Ho lab/7_Shared data/16s rRNA/Raw reads/2024930_DM_assembly/Plate1,,0.0,0.0,0.0,0.0,0.0,0.0,0.0,0.0,not_assessable,review_required,True,,0.0035334886317694,0.0002688523958955,0.0,0.0002880561384594,0.0087377028666037,0.0021316154246,0.0043592495620199,0.1138205821766166,0.0014018732071693,0.0162079587239859,0.0010946133261459,0.0025925052461351,0.0009793908707621,0.6082593419710067,0.0,0.0,1.9531250000000002e-24,1.9531250000000002e-24,1.9531250000000002e-24,1.9531250000000002e-24,3.0205534062791224e-06,0.07514000370651124,1.6128063822480478e-21,2.243808072420794e-22,9.493437202994204e-24,0.014229109740249626,2.018837053713614e-24,2.045356419310132e-24,5.7732772459133993e-11,1.9531250000000002e-24,0.2279524791079567,1.9531250000000002e-24
2024930_WZY_DM_assembly_Plate1D6,2024930_WZY_DM_assembly_Plate1,,,D6,Plate1_D6,Maltose,cycle 5,,0.9395,48 h,,"growth curve data NA, so 48 h label rather than 0: 0.05:48 was used",Ho lab/7_Shared data/16s rRNA/Raw reads/2024930_DM_assembly/Plate1,,0.0,0.0,0.000445235838537,0.0,0.0,0.0,0.0,0.0,not_assessable,review_required,True,,0.0119689869536128,0.0007595199598572,0.0,0.0003404744647636,0.0035095060214094,7.857103033006244e-05,0.0051856880017841,0.1497825741525423,0.0001833324041034,0.001780943354148,0.0,0.000445235838537,0.0012047557983942,0.5754804164808207,0.0,0.0,1.9531250000000002e-24,1.9531250000000002e-24,1.9531250000000002e-24,1.9531250000000002e-24,1.157616765086693e-05,0.0703608088967484,3.7330492450785315e-20,9.053546207137765e-21,8.022212632725272e-23,0.013081490984253983,2.1344892751137367e-24,2.211999641685104e-24,2.028211669206373e-09,1.9531250000000002e-24,0.22277075915383346,1.9531250000000002e-24
2024930_WZY_DM_assembly_Plate1D7,2024930_WZY_DM_assembly_Plate1,,,D7,Plate1_D7,Sucrose,cycle 5,,1.0385,48 h,,"growth curve data NA, so 48 h label rather than 0: 0.05:48 was used",Ho lab/7_Shared data/16s rRNA/Raw reads/2024930_DM_assembly/Plate1,,0.0,0.0,0.0,0.0,0.0,0.0,0.0,0.0,not_assessable,review_required,True,,0.1534808517595128,8.488985163689868e-05,0.0,0.0006791188130951,0.0047113867658478,0.0080220909796869,0.0035229288429312,0.2202042751461151,0.0303056770343728,0.0521223689050557,0.020882903502677,0.0,0.0001697797032737,0.1450343115216414,0.0,4.244492581844934e-05,1.9531250000000002e-24,1.9531250000000002e-24,1.9531250000000002e-24,1.9531250000000002e-24,0.0002013752426946238,0.04904515662876404,0.07549462733260555,0.00025847812633528086,1.818693834398282e-08,9.093587541901482e-05,3.9370385454829805e-22,1.979585275922349e-23,0.16927966886724563,1.9531250000000002e-24,0.13523351300822198,1.9531250000000002e-24
2024930_WZY_DM_assembly_Plate1D8,2024930_WZY_DM_assembly_Plate1,,,D8,Plate1_D8,Sucrose,cycle 5,,1.0065,48 h,,"growth curve data NA, so 48 h label rather than 0: 0.05:48 was used",Ho lab/7_Shared data/16s rRNA/Raw reads/2024930_DM_assembly/Plate1,,0.0,0.0,0.0,0.0,0.0,0.0,0.0,0.0,not_assessable,review_required,True,,0.057651998443211,8.515804792202517e-05,0.0,0.0012433074996615,0.002231140855557,0.0029975632868552,0.0009367385271422,0.1021385626776769,0.0152943854067957,0.019722603898741,0.0003065689725192,0.0057396524299444,0.0006131379450385,0.5756513723433058,0.0,0.0,1.9531250000000002e-24,1.9531250000000002e-24,1.9531250000000002e-24,1.9531250000000002e-24,4.457033973929262e-05,0.07555697073440648,1.4717615202602098e-21,1.6241322257995392e-22,8.172286823068523e-24,0.01508490791868974,2.0109457477507418e-24,2.0305213651727163e-24,4.8049431391243433e-11,1.9531250000000002e-24,0.22832628128623986,1.9531250000000002e-24
2024930_WZY_DM_assembly_Plate1D9,2024930_WZY_DM_assembly_Plate1,,,D9,Plate1_D9,Sucrose,cycle 5,,0.9825,48 h,,"growth curve data NA, so 48 h label rather than 0: 0.05:48 was used",Ho lab/7_Shared data/16s rRNA/Raw reads/2024930_DM_assembly/Plate1,,0.0,5.0899702977136146e-05,8.483283829522691e-05,0.0,0.0,0.0,0.0,0.0,not_assessable,review_required,True,,0.0061588640602334,0.0002375319472266,0.0,0.000407197623817,0.002256553498653,0.0002714650825447,0.0,0.0111131018166747,0.0001866322442494,0.0131830230710782,0.0003562979208399,0.0,0.0008822615182703,0.7366035349174553,0.0,5.0899702977136146e-05,1.9531250000000002e-24,1.9531250000000002e-24,1.9531250000000002e-24,1.9531250000000002e-24,3.330867944510748e-08,0.08415240397704252,1.427901961206282e-23,6.2295062956349104e-24,2.6077758622852456e-24,0.016154532968203034,1.963869769477802e-24,1.9782900893074366e-24,3.6418891020031126e-15,1.9531250000000002e-24,0.24760141589414938,1.9531250000000002e-24
2024930_WZY_DM_assembly_Plate1E10,2024930_WZY_DM_assembly_Plate1,,,E10,Plate1_E10,Rhamonse,cycle 5,,0.7445,48 h,,"growth curve data NA, so 48 h label rather than 0: 0.05:48 was used",Ho lab/7_Shared data/16s rRNA/Raw reads/2024930_DM_assembly/Plate1,,0.0,0.0,0.000196007020623,0.0,0.0,0.0,0.0,0.0,not_assessable,review_required,True,,0.3134478938130759,0.0001633391838525,0.0,0.0,0.0934626810004388,0.0002613426941641,0.0,0.0,0.0002286748573935,0.0029074374725756,0.0,0.0109763931548924,0.0003593462044756,0.011074396665204,0.0,0.0201233874506362,1.9531250000000002e-24,1.9531250000000002e-24,1.9531250000000002e-24,1.9531250000000002e-24,0.0008471678596337603,0.020348794596742714,1.0441309183239476e-07,0.0002731094620757779,0.022613093927958097,0.0008512682871039993,0.005379579583835188,0.06557385465746489,0.34768820215044366,1.9531250000000002e-24,0.09224568028367446,1.9531250000000002e-24
2024930_WZY_DM_assembly_Plate1E11,2024930_WZY_DM_assembly_Plate1,,,E11,Plate1_E11,Rhamonse,cycle 5,,0.7305,48 h,,"growth curve data NA, so 48 h label rather than 0: 0.05:48 was used",Ho lab/7_Shared data/16s rRNA/Raw reads/2024930_DM_assembly/Plate1,,0.0,0.0,9.455086720165677e-05,0.0,0.0,0.0,0.0,0.0,not_assessable,review_required,True,,0.083724792907067,0.0,0.0,0.0,0.0228340344292001,0.0001733432565363,0.0,0.0,0.000803682371214,0.0010715764949521,0.0,0.0238425770126844,0.0002836526016049,0.4723761325394771,0.0,0.0058148783329018,1.9531250000000002e-24,1.9531250000000002e-24,1.9531250000000002e-24,1.9531250000000002e-24,8.753792161988435e-08,0.060083832046699745,8.229161576893163e-14,8.137492124650238e-15,5.524267119959186e-18,0.014925901241630901,3.6050191205252155e-24,5.920887238464436e-24,0.0027012258376466077,1.9531250000000002e-24,0.18533304801974718,1.9531250000000002e-24
2024930_WZY_DM_assembly_Plate1E12,2024930_WZY_DM_assembly_Plate1,,,E12,Plate1_E12,Rhamonse,cycle 5,,0.6965,48 h,,"growth curve data NA, so 48 h label rather than 0: 0.05:48 was used",Ho lab/7_Shared data/16s rRNA/Raw reads/2024930_DM_assembly/Plate1,,0.0,0.0,1.34254708070703e-05,0.0,0.0,0.0,0.0,0.0,not_assessable,review_required,True,,0.0992008037934424,0.0,0.0001879565912989,0.0,0.015667524431851,0.0001074037664565,0.0,8.055282484242179e-05,0.0004833169490545,0.0130495576244723,0.0,0.03725568148962,0.0002416584745272,0.3688916613658706,0.1109078143372077,0.0051419553191079,1.9531250000000002e-24,1.9531250000000002e-24,1.9531250000000002e-24,1.9531250000000002e-24,2.4228900981711506e-08,0.05542555916708489,4.975648396150321e-12,6.247979711225626e-13,1.6263542617937071e-15,0.015028986594953385,7.179573713366532e-24,3.440046149742999e-23,0.027514178921096505,1.9531250000000002e-24,0.18448032426641775,1.9531250000000002e-24
2024930_WZY_DM_assembly_Plate1E1,2024930_WZY_DM_assembly_Plate1,,,E1,Plate1_E1,Lactose,cycle 5,,0.8715,48 h,,"growth curve data NA, so 48 h label rather than 0: 0.05:48 was used",Ho lab/7_Shared data/16s rRNA/Raw reads/2024930_DM_assembly/Plate1,,0.0,0.0113128848711759,0.0,0.0,0.0,0.0,0.0015670599536923,0.0079211660672939,not_assessable,review_required,True,,0.0039498497462929,0.0003005320459135,0.0,0.0067619710330558,0.0051305113552391,0.0011591950342381,0.0082860978373318,0.3270861988275285,0.0005151977929947,0.0698522341002019,0.0,0.0072342356766343,0.003778117148628,0.0364073107049608,0.0,0.0003219986206217,1.9531250000000002e-24,1.9531250000000002e-24,1.9531250000000002e-24,1.9531250000000002e-24,7.050700316934312e-08,0.02290532416680249,0.047166475333739875,3.7662555016579577e-16,0.0002586492744626193,6.367229400570654e-13,2.4827020711751742e-20,2.5780089583124272e-11,5.348477671563268e-09,1.9531250000000002e-24,0.08303274558331093,1.9531250000000002e-24
2024930_WZY_DM_assembly_Plate1E2,2024930_WZY_DM_assembly_Plate1,,,E2,Plate1_E2,Lactose,cycle 5,,0.8545,48 h,,"growth curve data NA, so 48 h label rather than 0: 0.05:48 was used",Ho lab/7_Shared data/16s rRNA/Raw reads/2024930_DM_assembly/Plate1,,0.0,0.003867179289192,0.0001649507753683,0.0,0.0,0.0,0.0003115736868069,0.0039954743367007,not_assessable,review_required,True,,0.0204905518735388,0.0004765244621753,0.0,0.0057549492739634,0.0168799626793642,0.0006231473736138,0.0069462604294017,0.1347831113398966,0.0024009501748064,0.0229281577762048,0.0217185187568367,0.003867179289192,0.0154137335649786,0.07536417647942,0.0,0.0,1.9531250000000002e-24,1.9531250000000002e-24,1.9531250000000002e-24,1.9531250000000002e-24,6.207489911823675e-11,0.02384742452199587,0.02212915205510772,1.3890073947128188e-11,3.5465919880945064e-05,1.1403053389910826e-13,6.286976554396292e-16,1.0881115815482868e-09,1.2951619831727425e-09,1.9531250000000002e-24,0.0685926244385748,1.9531250000000002e-24
2024930_WZY_DM_assembly_Plate1E3,2024930_WZY_DM_assembly_Plate1,,,E3,Plate1_E3,Lactose,cycle 5,,0.9325,48 h,,"growth curve data NA, so 48 h label rather than 0: 0.05:48 was used",Ho lab/7_Shared data/16s rRNA/Raw reads/2024930_DM_assembly/Plate1,,0.0,0.0090892476393542,0.0,0.0,0.0,0.0,0.0006898089726295,0.0091298246377442,not_assessable,review_required,True,,0.0079530916844349,0.0020694269178886,0.0,0.0070603977198555,0.0129034854880118,0.0071415517166354,0.0004869239806796,0.1771591749706279,0.0010550019581393,0.0396437274270049,0.0066546277359557,0.0,0.0096167486184239,0.0131875244767416,0.0,0.0,1.9531250000000002e-24,1.9531250000000002e-24,1.9531250000000002e-24,1.9531250000000002e-24,2.2660904879383592e-12,0.0015944798777365362,0.029033992179898105,1.1253658591720273e-17,4.7148828052882815e-11,2.6217224225571184e-18,5.702626251810721e-18,6.371081199468472e-15,1.6063739607577719e-12,1.9531250000000002e-24,0.04932283789648112,1.9531250000000002e-24
2024930_WZY_DM_assembly_Plate1E4,2024930_WZY_DM_assembly_Plate1,,,E4,Plate1_E4,Lactose,cycle 5,,0.8065,48 h,,"growth curve data NA, so 48 h label rather than 0: 0.05:48 was used",Ho lab/7_Shared data/16s rRNA/Raw reads/2024930_DM_assembly/Plate1,,0.0,0.0011865663196016,0.0,0.0,0.0,0.0,0.0,0.0090361588954277,not_assessable,review_required,True,,0.0020536724762335,4.563716613852422e-05,0.0,0.0085797872340425,0.0289796004979628,4.563716613852422e-05,0.0004107344952467,0.0909548721140787,0.0017342123132639,0.0020993096423721,0.0025100441376188,0.0,0.012276397691263,0.0296185208239022,0.0,0.0,1.9531250000000002e-24,1.9531250000000002e-24,1.9531250000000002e-24,1.9531250000000002e-24,3.2274958826413497e-15,1.187575997836463e-11,3.890878913890077e-14,5.971079294141527e-17,2.488619191768595e-13,2.798021760868793e-19,1.156177439894727e-18,3.1951013980708783e-16,1.185051603609093e-14,1.9531250000000002e-24,0.0315376697438007,1.9531250000000002e-24
2024930_WZY_DM_assembly_Plate1E5,2024930_WZY_DM_assembly_Plate1,,,E5,Plate1_E5,Lactose,cycle 5,,0.9085,48 h,,"growth curve data NA, so 48 h label rather than 0: 0.05:48 was used",Ho lab/7_Shared data/16s rRNA/Raw reads/2024930_DM_assembly/Plate1,,0.0,0.0037769341903526,0.0,0.0,0.0,0.0,0.0007232427173015,0.0005625221134567,not_assessable,review_required,True,,0.0,0.0015536325038329,0.0,0.0087056993749262,0.0569754540629791,0.0068574124307111,0.0013125515980658,0.342790261233636,0.0060270226441797,0.069056286118646,0.0017411398749852,0.0,0.0226883919094232,0.0113040158037504,0.0011250442269135,0.0,1.9531250000000002e-24,1.9531250000000002e-24,1.9531250000000002e-24,1.9531250000000002e-24,0.00964154789259282,0.026963839241698123,0.055219433912769546,1.3562563746765526e-12,0.07936866126503929,4.412916355379759e-13,1.5560859164515748e-12,2.5344523515509896e-08,0.0017435557743136088,1.9531250000000002e-24,0.09340006018785714,1.9531250000000002e-24
2024930_WZY_DM_assembly_Plate1E6,2024930_WZY_DM_assembly_Plate1,,,E6,Plate1_E6,Lactose,cycle 5,,0.9105,48 h,,"growth curve data NA, so 48 h label rather than 0: 0.05:48 was used",Ho lab/7_Shared data/16s rRNA/Raw reads/2024930_DM_assembly/Plate1,,0.0,0.0106111888975826,0.0005249351398097,0.0,0.0,0.0,0.0032620969402462,0.0106111888975826,not_assessable,review_required,True,,0.0125984433554338,0.0,0.0,0.0084739529712144,0.0252718774451262,0.0130108923938557,0.0043119672198657,0.020060021414158,0.0018372729893341,0.0055118189680023,0.0047244162582876,0.0,0.0182977391590824,0.0924635753407733,0.0,0.0,1.9531250000000002e-24,1.9531250000000002e-24,1.9531250000000002e-24,1.9531250000000002e-24,6.043359906548622e-14,0.006294697240194027,1.4664336953794106e-07,2.1681386002377113e-10,2.4924321245500686e-07,1.9420607106754207e-16,5.965679859291366e-13,7.918155165268444e-10,2.339868891417273e-12,1.9531250000000002e-24,0.0547875026779861,1.9531250000000002e-24
2024930_WZY_DM_assembly_Plate1E7,2024930_WZY_DM_assembly_Plate1,,,E7,Plate1_E7,Rhamonse,cycle 5,,0.7245,48 h,,"growth curve data NA, so 48 h label rather than 0: 0.05:48 was used",Ho lab/7_Shared data/16s rRNA/Raw reads/2024930_DM_assembly/Plate1,,0.0,0.0,0.0002253293084522,0.0,0.0,0.0,0.0,0.0,not_assessable,review_required,True,,0.081476427003293,0.0002120746432491,0.0,0.0,0.0015375411635565,9.278265642151482e-05,0.0001590559824368,0.0,0.000729006586169,0.00884086169045,0.0,0.0,0.0012857025246981,0.4350446212952799,0.0,0.005050027442371,1.9531250000000002e-24,1.9531250000000002e-24,1.9531250000000002e-24,1.9531250000000002e-24,6.962011055013516e-11,0.05375893684505256,7.793187912975347e-08,6.946721744530851e-09,4.288657051789521e-12,0.006420265736411036,2.7136822500010495e-23,1.1707412913304398e-21,8.430759078143074e-06,1.9531250000000002e-24,0.1619535080808696,1.9531250000000002e-24
2024930_WZY_DM_assembly_Plate1E8,2024930_WZY_DM_assembly_Plate1,,,E8,Plate1_E8,Rhamonse,cycle 5,,0.7565,48 h,,"growth curve data NA, so 48 h label rather than 0: 0.05:48 was used",Ho lab/7_Shared data/16s rRNA/Raw reads/2024930_DM_assembly/Plate1,,0.0,0.0,0.0007310944672626,0.0,0.0,0.0,0.0,0.0,not_assessable,review_required,True,,0.320859084319884,0.0008224812756704,0.0,0.0,0.0088645204155593,0.0003655472336313,0.0,0.0,0.0024674438270113,0.0287868446484658,0.0,0.0,0.0017363493597487,0.2035184223242329,0.0131597004107272,0.0434087339937182,1.9531250000000002e-24,1.9531250000000002e-24,1.9531250000000002e-24,1.9531250000000002e-24,0.009522284812795778,0.04504458033420023,0.03278123816087567,0.00414365687541733,5.094310716112996e-06,0.006850616690507873,5.125307636594597e-20,3.2670711975595836e-17,0.347700217157714,1.9531250000000002e-24,0.14276118650763445,1.9531250000000002e-24
2024930_WZY_DM_assembly_Plate1E9,2024930_WZY_DM_assembly_Plate1,,,E9,Plate1_E9,Rhamonse,cycle 5,,0.8905,48 h,,"growth curve data NA, so 48 h label rather than 0: 0.05:48 was used",Ho lab/7_Shared data/16s rRNA/Raw reads/2024930_DM_assembly/Plate1,,0.0,0.0,0.0008689621523663,0.0,0.0,0.0,0.0,0.0,not_assessable,review_required,True,,0.2131129678678469,0.0,0.0,0.0,0.0402515682721126,0.0,0.0,0.0,0.0016448212169791,0.021444744545898,0.0001551718129225,0.0438205199693315,0.0006517216142747,0.007572384470621,0.3564606886457099,0.0098068585767059,1.9531250000000002e-24,1.9531250000000002e-24,1.9531250000000002e-24,1.9531250000000002e-24,5.881442827704274e-08,0.03292344432580838,0.0172113138311911,6.5433249115588265e-06,0.00044785439538466844,0.009072629686278281,6.474135208760385e-18,2.3659036259653567e-10,0.4467928383560538,1.9531250000000002e-24,0.15786721791307895,1.9531250000000002e-24
2024930_WZY_DM_assembly_Plate1F10,2024930_WZY_DM_assembly_Plate1,,,F10,Plate1_F10,Ribose,cycle 5,,0.9365,48 h,,"growth curve data NA, so 48 h label rather than 0: 0.05:48 was used",Ho lab/7_Shared data/16s rRNA/Raw reads/2024930_DM_assembly/Plate1,,0.0,0.0,0.0002175630154489,0.0,0.0,0.0,0.0,0.0,not_assessable,review_required,True,,0.0303500406551283,0.0017948948774538,0.0,0.0,0.0390525612730863,0.0008702520617957,0.0374752294110814,0.0,0.0361698513183877,0.0507465733534673,0.0,0.0,0.0023931931699384,0.323570594726449,0.0,0.0100078987106516,1.9531250000000002e-24,1.9531250000000002e-24,1.9531250000000002e-24,1.9531250000000002e-24,1.0909568883720238e-11,0.05047117637157822,0.07945665059839749,2.4246827174845822e-05,6.160067904718832e-10,0.0008509285000139326,6.693852814128073e-23,6.1889404910085626e-24,4.365788531986617e-05,1.9531250000000002e-24,0.13995184664596663,1.9531250000000002e-24
2024930_WZY_DM_assembly_Plate1F11,2024930_WZY_DM_assembly_Plate1,,,F11,Plate1_F11,Ribose,cycle 5,,0.9335,48 h,,"growth curve data NA, so 48 h label rather than 0: 0.05:48 was used",Ho lab/7_Shared data/16s rRNA/Raw reads/2024930_DM_assembly/Plate1,,0.0,0.0,0.0,0.0,0.0,0.0,0.0,0.0,not_assessable,review_required,True,,0.0024712459164132,0.0007886955052382,0.0,0.000262898501746,0.0796582460290638,0.0016299707108257,0.0043115354286358,0.0,0.0602563366002027,0.0764508843077616,0.0,0.0088333896586684,0.0016299707108257,0.3669011490368368,0.0,0.0065724625436521,1.9531250000000002e-24,1.9531250000000002e-24,1.9531250000000002e-24,1.9531250000000002e-24,1.6383863052223298e-10,0.06144513928562941,0.036087876183688576,9.411995137044e-12,3.1533304576197705e-17,0.008570281518098912,2.784918410449374e-24,2.2075064151541107e-24,2.77246098850041e-05,1.9531250000000002e-24,0.1570424930267965,1.9531250000000002e-24
2024930_WZY_DM_assembly_Plate1F12,2024930_WZY_DM_assembly_Plate1,,,F12,Plate1_F12,Ribose,cycle 5,,0.8465,48 h,,"growth curve data NA, so 48 h label rather than 0: 0.05:48 was used",Ho lab/7_Shared data/16s rRNA/Raw reads/2024930_DM_assembly/Plate1,,0.0,0.0,0.0,0.0,0.0,0.0,0.0,0.0,not_assessable,review_required,True,,0.0004107791658371,5.266399562014733e-05,0.0,0.0,0.0545177682659765,0.0003475823710929,0.0001369263886123,5.266399562014733e-05,0.007509885775433,0.0005477055544495,0.0,0.0045607020207047,0.0005477055544495,0.6832837447740394,0.0,0.0007056975413099,1.9531250000000002e-24,1.9531250000000002e-24,1.9531250000000002e-24,1.9531250000000002e-24,2.0698876009633407e-07,0.07986545613432343,6.30559167794529e-23,1.7545054278286615e-23,3.5863702553190824e-24,0.01641293072416295,1.9751920386719927e-24,1.9863971500098427e-24,2.239424166795006e-13,1.9531250000000002e-24,0.24003979234559328,1.9531250000000002e-24
2024930_WZY_DM_assembly_Plate1F1,2024930_WZY_DM_assembly_Plate1,high other species,,F1,Plate1_F1,Glucuronic_acid,cycle 5,,0.8065,48 h,,"growth curve data NA, so 48 h label rather than 0: 0.05:48 was used",Ho lab/7_Shared data/16s rRNA/Raw reads/2024930_DM_assembly/Plate1,,0.0,0.0,0.0674804507619858,0.0,0.0,0.0,0.0,0.0,not_assessable,review_required,False,high other species,0.0088712617512641,4.2043894555754427e-05,0.0069792864962552,0.0,0.1995122942985733,0.0,0.0004905121031504,0.0,0.0003503657879646,0.0340975984847168,0.0,0.0031813213547187,0.0017518289398231,0.0005465706292248,0.0,2.8029263037169617e-05,1.9531250000000002e-24,1.9531250000000002e-24,1.9531250000000002e-24,1.9531250000000002e-24,2.5794073906984873e-13,5.262404124323118e-06,0.024150697320252726,8.567902603957178e-07,4.193487274000388e-05,1.0398011650651506e-13,6.205070415731947e-06,4.2521396402146065e-08,0.003043666868365719,1.9531250000000002e-24,0.046359573715968605,1.9531250000000002e-24
2024930_WZY_DM_assembly_Plate1F2,2024930_WZY_DM_assembly_Plate1,high other species,,F2,Plate1_F2,Glucuronic_acid,cycle 5,,0.8425,48 h,,"growth curve data NA, so 48 h label rather than 0: 0.05:48 was used",Ho lab/7_Shared data/16s rRNA/Raw reads/2024930_DM_assembly/Plate1,,0.0,0.0,0.0087539039039039,0.0,0.0,0.0,0.0004048048048048,0.0,not_assessable,review_required,False,high other species,0.0624411411411411,0.0001518018018018,0.0069828828828828,0.0,0.0487789789789789,0.0,0.0009108108108108,0.0003036036036036,0.0138139639639639,0.1122827327327327,0.0,0.0645157657657657,0.0031878378378378,0.0120429429429429,0.0,0.0003036036036036,1.9531250000000002e-24,1.9531250000000002e-24,1.9531250000000002e-24,1.9531250000000002e-24,1.3480441200061476e-12,0.02454527493726447,0.08434766556418061,4.88929325974661e-08,6.099258129576561e-05,0.007541111815261764,3.529312589202936e-13,3.753567321867604e-15,3.321416224020886e-05,1.9531250000000002e-24,0.0526741421226493,1.9531250000000002e-24
2024930_WZY_DM_assembly_Plate1F3,2024930_WZY_DM_assembly_Plate1,high other species,,F3,Plate1_F3,Glucuronic_acid,cycle 5,,0.8805,48 h,,"growth curve data NA, so 48 h label rather than 0: 0.05:48 was used",Ho lab/7_Shared data/16s rRNA/Raw reads/2024930_DM_assembly/Plate1,,0.0,0.0,0.1573495764641588,0.0,0.0,0.0,0.0002205460424446,0.0,not_assessable,review_required,False,high other species,0.1923963475726386,6.0148920666727386e-05,0.0001403474815556,0.0,0.1574097253848256,0.0,0.0003608935240003,0.0001002482011112,0.0007017374077784,0.0429262797158211,0.0,0.0027868999908917,0.002566353948447,0.0013633755351124,0.0,0.0002405956826669,1.9531250000000002e-24,1.9531250000000002e-24,1.9531250000000002e-24,1.9531250000000002e-24,1.7627353690632485e-07,0.01875721165257559,0.03328564828457612,0.00011435474916547884,0.020590597857066753,9.416457188408199e-08,0.009184644728211136,0.040047206006842036,0.2644783194464333,1.9531250000000002e-24,0.0759526377438005,1.9531250000000002e-24
2024930_WZY_DM_assembly_Plate1F4,2024930_WZY_DM_assembly_Plate1,high other species,,F4,Plate1_F4,Glucuronic_acid,cycle 5,,0.8055,48 h,,"growth curve data NA, so 48 h label rather than 0: 0.05:48 was used",Ho lab/7_Shared data/16s rRNA/Raw reads/2024930_DM_assembly/Plate1,,0.0,0.0,0.1352952305765775,0.0,0.0,0.0,0.0001608047040888,0.0,not_assessable,review_required,False,high other species,0.1385405618772799,0.0009502096150705,0.0021489355910056,0.0,0.2502559753906462,0.0,0.0001900419230141,4.3855828387869544e-05,0.0036400337561931,0.0168260194914792,0.0,0.0,0.0002192791419393,0.001432623727337,0.0,0.0002631349703272,1.9531250000000002e-24,1.9531250000000002e-24,1.9531250000000002e-24,1.9531250000000002e-24,2.5347507234256946e-06,0.016778706283736115,0.020242077164306538,0.00018487112006680583,0.01747195348324745,2.8748201197999946e-07,0.05973386713603818,0.052545507729241776,0.30163832713716204,1.9531250000000002e-24,0.08333209269851509,1.9531250000000002e-24
2024930_WZY_DM_assembly_Plate1F5,2024930_WZY_DM_assembly_Plate1,high other species,,F5,Plate1_F5,Glucuronic_acid,cycle 5,,0.8725,48 h,,"growth curve data NA, so 48 h label rather than 0: 0.05:48 was used",Ho lab/7_Shared data/16s rRNA/Raw reads/2024930_DM_assembly/Plate1,,0.0,0.0,0.2489384576918955,0.0,0.0,0.0,0.0,0.0,not_assessable,review_required,False,high other species,0.0465590956173875,0.0019010072507768,0.0008414294388684,0.0,0.4258256241740186,0.0,0.0,0.0,0.0054848733792906,0.0036461942350966,0.0,0.0,0.0004362967460799,0.0006856091724113,0.0,0.0,1.9531250000000002e-24,1.9531250000000002e-24,1.9531250000000002e-24,1.9531250000000002e-24,0.0024767074498001874,0.022583987311514772,0.012211210060296159,0.00048260000582991535,0.028591865315307313,0.000230663353477777,7.086254982745898e-05,0.07864919531270709,0.3738362060207897,1.9531250000000002e-24,0.10107313084564312,1.9531250000000002e-24
2024930_WZY_DM_assembly_Plate1F6,2024930_WZY_DM_assembly_Plate1,high other species,,F6,Plate1_F6,Glucuronic_acid,cycle 5,,0.9325,48 h,,"growth curve data NA, so 48 h label rather than 0: 0.05:48 was used",Ho lab/7_Shared data/16s rRNA/Raw reads/2024930_DM_assembly/Plate1,,0.0,0.0,0.3227714802952235,0.0,0.0,0.0,0.0002856844450633,0.0,not_assessable,review_required,False,high other species,0.022724899039131,0.000181799192313,0.0151672469015457,0.0,0.2427798356774822,0.0,0.0006233115165018,0.0,0.00085705333519,0.0187253168082439,0.0,0.0,0.0038437543517615,0.007635566077148,0.0,0.0,1.9531250000000002e-24,1.9531250000000002e-24,1.9531250000000002e-24,1.9531250000000002e-24,1.4056020171569404e-09,0.0005595652115555638,0.012142119648288888,8.532801195098205e-05,0.004584695656317415,6.830199889909916e-12,0.02034638952624043,0.0004910144145059669,0.15632162061949273,1.9531250000000002e-24,0.06197836086231062,1.9531250000000002e-24
2024930_WZY_DM_assembly_Plate1F7,2024930_WZY_DM_assembly_Plate1,,,F7,Plate1_F7,Ribose,cycle 5,,0.9915,48 h,,"growth curve data NA, so 48 h label rather than 0: 0.05:48 was used",Ho lab/7_Shared data/16s rRNA/Raw reads/2024930_DM_assembly/Plate1,,0.0,0.0,0.0,0.0,0.0,0.0,0.0,0.0,not_assessable,review_required,True,,0.0634697541679461,0.0002686360926972,0.0,0.0002865451655437,0.0252697017863916,0.0,0.0012715441721005,0.0,0.0137004407275617,0.0121960786084569,0.0,0.0,5.3727218539457766e-05,0.8396310622617994,0.0,0.0014506349005653,1.9531250000000002e-24,1.9531250000000002e-24,1.9531250000000002e-24,1.9531250000000002e-24,2.477466425214912e-10,0.10049236115766205,2.2595507577642792e-24,2.0835109202259456e-24,1.982064344290277e-24,0.020371792264643383,1.9542669681592287e-24,1.9580564796947602e-24,3.4324431732487395e-22,1.9531250000000002e-24,0.299126530043249,1.9531250000000002e-24
2024930_WZY_DM_assembly_Plate1F8,2024930_WZY_DM_assembly_Plate1,,,F8,Plate1_F8,Ribose,cycle 5,,1.0275,48 h,,"growth curve data NA, so 48 h label rather than 0: 0.05:48 was used",Ho lab/7_Shared data/16s rRNA/Raw reads/2024930_DM_assembly/Plate1,,0.0,0.0,0.0,0.0,0.0,0.0,0.0,0.0,not_assessable,review_required,True,,0.0763639805706021,0.0005047004407089,0.0,0.0003224475037862,0.0369693072819309,0.0002102918502953,0.0033786890614127,2.803891337271971e-05,0.0349364860624087,0.0018365488259131,5.607782674543942e-05,0.0,0.0007290117476907,0.7560552796387006,0.0,0.0017384126291086,1.9531250000000002e-24,1.9531250000000002e-24,1.9531250000000002e-24,1.9531250000000002e-24,1.9081733878817332e-08,0.09382519520049584,2.9762333117270945e-24,2.3942943973143375e-24,2.0361119756231948e-24,0.019155621543724233,1.9551092056432223e-24,1.9614111364892037e-24,3.745129323699864e-20,1.9531250000000002e-24,0.28149975008426464,1.9531250000000002e-24
2024930_WZY_DM_assembly_Plate1F9,2024930_WZY_DM_assembly_Plate1,,,F9,Plate1_F9,Ribose,cycle 5,,1.0255,48 h,,"growth curve data NA, so 48 h label rather than 0: 0.05:48 was used",Ho lab/7_Shared data/16s rRNA/Raw reads/2024930_DM_assembly/Plate1,,0.0,0.0,0.0,0.0,0.0,0.0,0.0,0.0,not_assessable,review_required,True,,0.0660504424679253,0.0001499049846513,0.0,6.918691599293851e-05,0.0187496542340863,0.0,0.0002536853586407,0.0,0.0010723971978905,0.0018565155791438,0.0,0.0287010389844039,0.0005996199386054,0.7573776382220323,0.0,0.0001729672899823,1.9531250000000002e-24,1.9531250000000002e-24,1.9531250000000002e-24,1.9531250000000002e-24,6.349165896059137e-08,0.09083895050971853,3.472020686038009e-24,2.5811917894069155e-24,2.0535861608318542e-24,0.02199582643124404,1.9546255781626482e-24,1.9569446290087797e-24,2.302369048866968e-19,1.9531250000000002e-24,0.2761475529084903,1.9531250000000002e-24
2024930_WZY_DM_assembly_Plate1G10,2024930_WZY_DM_assembly_Plate1,,,G10,Plate1_G10,Acetate,cycle 5,,0.2295,48 h,,"growth curve data NA, so 48 h label rather than 0: 0.05:48 was used",Ho lab/7_Shared data/16s rRNA/Raw reads/2024930_DM_assembly/Plate1,,0.0,0.0,0.0002603905410247,0.0,0.0,0.0,0.0,0.0,not_assessable,review_required,True,,0.1721181476173414,0.0002878000716589,0.0,0.0007400573271228,0.0094425833034754,0.0023572196345395,0.0,0.0,0.0001096381225367,0.0019460766750268,0.0,0.0,0.0,0.0,0.0,1.3704765317090649e-05,1.9531250000000002e-24,1.9531250000000002e-24,1.9531250000000002e-24,1.9531250000000002e-24,9.126827358894592e-16,6.465173391268685e-12,1.4340906497970038e-16,1.7067691885099665e-09,1.5932042662549727e-08,2.4158640572520215e-16,1.4853253635504377e-08,3.4534825969048527e-11,2.72837688713894e-06,1.9531250000000002e-24,0.03369101312269705,1.9531250000000002e-24
2024930_WZY_DM_assembly_Plate1G11,2024930_WZY_DM_assembly_Plate1,,,G11,Plate1_G11,Acetate,cycle 5,,0.3265,48 h,,"growth curve data NA, so 48 h label rather than 0: 0.05:48 was used",Ho lab/7_Shared data/16s rRNA/Raw reads/2024930_DM_assembly/Plate1,,0.0,0.0,0.0,0.0,0.0,0.0,0.0,0.0,not_assessable,review_required,True,,0.2344506024096385,0.0002145673603504,0.0,0.0002503285870755,0.0010370755750273,0.0005006571741511,0.0,0.0,0.0021099123767798,0.0128025191675794,0.0,0.021349452354874,0.0,0.0,0.0,0.0,1.9531250000000002e-24,1.9531250000000002e-24,1.9531250000000002e-24,1.9531250000000002e-24,5.209227332087112e-12,1.6925737661146462e-05,0.0017039794239377833,1.7767717271492836e-05,0.0005735770131169619,6.001095731020661e-08,7.618060158585691e-05,4.230515238764483e-06,0.08661707567462212,1.9531250000000002e-24,0.05568533426109209,1.9531250000000002e-24
2024930_WZY_DM_assembly_Plate1G12,2024930_WZY_DM_assembly_Plate1,,,G12,Plate1_G12,Acetate,cycle 5,,0.0915,48 h,,"growth curve data NA, so 48 h label rather than 0: 0.05:48 was used",Ho lab/7_Shared data/16s rRNA/Raw reads/2024930_DM_assembly/Plate1,,0.0,0.0,0.0,0.0,0.0,0.0,2.775951863275522e-05,0.0,not_assessable,review_required,True,,0.061704783334176,3.701269151034029e-05,0.0,4.163927794913283e-05,0.0034144207918288,8.327855589826566e-05,0.0,0.0,0.0005320574404611,0.0019292865449764,0.0,0.015073418617586,0.0,0.0,0.0,0.0,1.9531250000000002e-24,1.9531250000000002e-24,1.9531250000000002e-24,1.9531250000000002e-24,2.3536529467718844e-20,2.4577662135757248e-18,1.640611626615607e-19,7.403974338632274e-18,1.9959138528433617e-17,4.012882705283027e-17,9.510670540247686e-19,1.1127041357980168e-18,3.644076769743624e-16,1.9531250000000002e-24,1.441753234107286e-10,1.9531250000000002e-24
2024930_WZY_DM_assembly_Plate1G1,2024930_WZY_DM_assembly_Plate1,,,G1,Plate1_G1,Arabinose,cycle 5,,0.7565,48 h,,"growth curve data NA, so 48 h label rather than 0: 0.05:48 was used",Ho lab/7_Shared data/16s rRNA/Raw reads/2024930_DM_assembly/Plate1,,0.0,0.0,0.0004377260234341,0.0,0.0,0.0,0.0,0.0,not_assessable,review_required,True,,0.2044910072809682,7.295433723901827e-05,0.0,0.0,0.0590200588263657,0.0216674381599884,0.0004012488548146,0.1051819157143545,0.0014773253290901,0.0772951203047398,0.0,0.0607527243357924,0.0,0.0150468320555475,0.0,0.0,1.9531250000000002e-24,1.9531250000000002e-24,1.9531250000000002e-24,1.9531250000000002e-24,0.005021920718203841,0.03647604825552588,0.05646518818656129,1.4730472105435379e-05,0.12906430256008833,0.013827415659765164,1.0172142219650651e-14,1.359703034927231e-13,0.2627358693689634,1.9531250000000002e-24,0.10725223516522683,1.9531250000000002e-24
2024930_WZY_DM_assembly_Plate1G2,2024930_WZY_DM_assembly_Plate1,,,G2,Plate1_G2,Arabinose,cycle 5,,0.7425,48 h,,"growth curve data NA, so 48 h label rather than 0: 0.05:48 was used",Ho lab/7_Shared data/16s rRNA/Raw reads/2024930_DM_assembly/Plate1,,0.0,0.0,0.0013230329175654,0.0,0.0,0.0,0.0,0.0,not_assessable,review_required,True,,0.0143444621588671,0.0011837662946637,0.0,0.0,0.0049439651130075,0.002181843758792,0.0068472756259964,0.3205685548157179,0.0022978992778767,0.005129653943543,0.0,0.0029942323923848,0.0,0.0300119572352996,0.0,0.0001624777267185,1.9531250000000002e-24,1.9531250000000002e-24,1.9531250000000002e-24,1.9531250000000002e-24,1.9635103743856456e-09,0.0013095987268148123,3.039693156342086e-08,2.131104976886888e-17,5.737526231030148e-07,3.525669058516224e-15,1.131619277413396e-20,5.244643872000935e-13,3.759405660538067e-10,1.9531250000000002e-24,0.07747347265050557,1.9531250000000002e-24
2024930_WZY_DM_assembly_Plate1G3,2024930_WZY_DM_assembly_Plate1,,,G3,Plate1_G3,Arabinose,cycle 5,,0.6975,48 h,,"growth curve data NA, so 48 h label rather than 0: 0.05:48 was used",Ho lab/7_Shared data/16s rRNA/Raw reads/2024930_DM_assembly/Plate1,,0.0,0.0,0.0005476700993567,0.0,0.0,0.0,0.0,0.0,not_assessable,review_required,True,,0.002485579681696,0.0015166248905263,0.0,0.0,0.0276573400175157,0.0132283393229245,0.0094157128620179,0.005855857216199,0.0040653972759943,0.1043732823966418,0.0,0.0,6.319270377193247e-05,0.1432157309817896,0.0,0.0,1.9531250000000002e-24,1.9531250000000002e-24,1.9531250000000002e-24,1.9531250000000002e-24,5.717403200479763e-18,0.03218101756882791,0.07076185454970449,7.005796695370385e-10,0.00017154146719296353,8.788571671445862e-14,3.047394059679026e-16,1.0397780298354506e-09,1.1307200321490987e-14,1.9531250000000002e-24,0.06569668826618039,1.9531250000000002e-24
2024930_WZY_DM_assembly_Plate1G4,2024930_WZY_DM_assembly_Plate1,,,G4,Plate1_G4,Arabinose,cycle 5,,0.6885,48 h,,"growth curve data NA, so 48 h label rather than 0: 0.05:48 was used",Ho lab/7_Shared data/16s rRNA/Raw reads/2024930_DM_assembly/Plate1,,0.0,0.0,0.0011817952342487,0.0,0.0,0.0,0.0,0.0,not_assessable,review_required,True,,0.0038002827140549,0.0001158622778675,0.0,0.0,0.0355928917609046,0.0160121668012924,0.0077859450726979,0.0962120355411954,0.0017611066235864,0.035013580371567,0.0,0.0,0.000139034733441,0.0559846526655896,0.0009732431340872,0.0,1.9531250000000002e-24,1.9531250000000002e-24,1.9531250000000002e-24,1.9531250000000002e-24,6.042296160210004e-16,0.006930753723895808,0.026826263196874693,2.621332776576904e-14,3.2315247718441996e-09,4.180550132358188e-17,1.5840352518406555e-15,6.087363597518718e-12,6.017225535483581e-13,1.9531250000000002e-24,0.05350622414835986,1.9531250000000002e-24
2024930_WZY_DM_assembly_Plate1G5,2024930_WZY_DM_assembly_Plate1,,,G5,Plate1_G5,Arabinose,cycle 5,,0.6635,48 h,,"growth curve data NA, so 48 h label rather than 0: 0.05:48 was used",Ho lab/7_Shared data/16s rRNA/Raw reads/2024930_DM_assembly/Plate1,,0.0,0.0,0.0011377058274705,0.0,0.0,0.0,0.0,0.0,not_assessable,review_required,True,,0.0005353909776332,0.0008532793706029,0.0,0.0,0.0253976095014751,0.0094195350127341,0.0049523665431071,0.196003290717906,0.0015894419648485,0.0239587462490859,0.0,0.0,0.0,0.000451736137378,0.0,0.0,1.9531250000000002e-24,1.9531250000000002e-24,1.9531250000000002e-24,1.9531250000000002e-24,2.7575189575144245e-14,5.566352773579494e-08,0.01588607957058097,2.5753465746099726e-19,9.953695404715302e-13,4.706794755855501e-19,6.785446842921927e-19,1.5904306224266034e-16,2.789280652153798e-13,1.9531250000000002e-24,0.04620672070068867,1.9531250000000002e-24
2024930_WZY_DM_assembly_Plate1G6,2024930_WZY_DM_assembly_Plate1,,,G6,Plate1_G6,Arabinose,cycle 5,,0.8365,48 h,,"growth curve data NA, so 48 h label rather than 0: 0.05:48 was used",Ho lab/7_Shared data/16s rRNA/Raw reads/2024930_DM_assembly/Plate1,,0.0,0.0,8.330290456431536e-05,0.0,0.0,0.0,0.0,0.0,not_assessable,review_required,True,,0.0022769460580912,2.7767634854771787e-05,0.0,0.0,0.0031099751037344,0.0015272199170124,0.0058589709543568,0.3118027717842324,0.0025823900414937,0.0075805643153526,0.0,0.0348206141078838,0.0,0.0768052780082987,0.0,0.0,1.9531250000000002e-24,1.9531250000000002e-24,1.9531250000000002e-24,1.9531250000000002e-24,1.353648333997574e-07,0.020906997380927758,0.00015740783692378844,3.161978803719988e-13,0.013119935739376387,4.1973064053969735e-05,1.6286983689447515e-21,3.869750124781537e-09,4.201133608010984e-08,1.9531250000000002e-24,0.09650357230154032,1.9531250000000002e-24
2024930_WZY_DM_assembly_Plate1G7,2024930_WZY_DM_assembly_Plate1,,,G7,Plate1_G7,Acetate,cycle 5,,0.2455,48 h,,"growth curve data NA, so 48 h label rather than 0: 0.05:48 was used",Ho lab/7_Shared data/16s rRNA/Raw reads/2024930_DM_assembly/Plate1,,0.0,0.0,0.0,0.0,0.0,0.0,0.0,0.0,not_assessable,review_required,True,,0.0847290417558886,3.9427194860813704e-05,0.0,0.0,0.0005914079229122,0.0025890524625267,0.0,0.0,0.0001839935760171,0.0156657387580299,0.0,0.1200163811563169,0.0,5.25695931477516e-05,0.0,0.0001182815845824,1.9531250000000002e-24,1.9531250000000002e-24,1.9531250000000002e-24,1.9531250000000002e-24,4.1131299292514295e-12,8.23051478797795e-05,1.0285101720248295e-05,1.0935881049553595e-07,1.9746594993842604e-06,0.016890751443328276,3.0100924774219255e-16,2.1530278281961875e-10,0.0004994428515770965,1.9531250000000002e-24,0.051865384096581146,1.9531250000000002e-24
2024930_WZY_DM_assembly_Plate1G8,2024930_WZY_DM_assembly_Plate1,,,G8,Plate1_G8,Acetate,cycle 5,,0.1395,48 h,,"growth curve data NA, so 48 h label rather than 0: 0.05:48 was used",Ho lab/7_Shared data/16s rRNA/Raw reads/2024930_DM_assembly/Plate1,,0.0,8.684374351525213e-05,1.4473957252542024e-05,0.0,0.0,0.0,0.0,0.0,not_assessable,review_required,True,,0.0016645050840423,1.4473957252542024e-05,0.0,5.78958290101681e-05,0.0101172961195268,0.0012881821954762,0.0,0.0,0.0001302656152728,0.0051672027391575,0.0,0.0925899045445113,5.78958290101681e-05,0.0004631666320813,0.0,0.0,1.9531250000000002e-24,1.9531250000000002e-24,1.9531250000000002e-24,1.9531250000000002e-24,1.9685293227406717e-17,2.4629280652115354e-13,2.5607245434781293e-17,1.0375477320351251e-15,3.902675804798946e-15,0.008908636489624117,1.3930833312190666e-22,5.648319816226067e-17,3.1786705842071636e-13,1.9531250000000002e-24,0.001900810183436428,1.9531250000000002e-24
2024930_WZY_DM_assembly_Plate1G9,2024930_WZY_DM_assembly_Plate1,,,G9,Plate1_G9,Acetate,cycle 5,,0.2075,48 h,,"growth curve data NA, so 48 h label rather than 0: 0.05:48 was used",Ho lab/7_Shared data/16s rRNA/Raw reads/2024930_DM_assembly/Plate1,,0.0,0.0,0.0006042786738351,0.0,0.0,0.0,0.0,0.0,not_assessable,review_required,True,,0.1386897028076463,9.296594982078852e-05,0.0,0.0001394489247311,0.0008211992234169,0.0013480062724014,7.747162485065711e-05,3.098864994026284e-05,0.001425477897252,0.0011465800477897,0.0,0.015215427120669,0.0,0.0,0.0,0.0002479091995221,1.9531250000000002e-24,1.9531250000000002e-24,1.9531250000000002e-24,1.9531250000000002e-24,8.95977633052869e-17,2.9517069705386326e-13,2.9179158348936944e-16,1.0266740145900615e-11,6.505003085135379e-11,7.920081737271428e-14,3.707323795558147e-12,2.9054294118932193e-13,9.363918369407502e-09,1.9531250000000002e-24,0.021704609849522296,1.9531250000000002e-24
2024930_WZY_DM_assembly_Plate1H10,2024930_WZY_DM_assembly_Plate1,,,H10,Plate1_H10,Propionate,cycle 5,,0.2375,48 h,,"growth curve data NA, so 48 h label rather than 0: 0.05:48 was used",Ho lab/7_Shared data/16s rRNA/Raw reads/2024930_DM_assembly/Plate1,,0.0,0.0,0.0,0.0,0.0,0.0,0.0,0.0,not_assessable,review_required,True,,0.1647680213378255,3.3340352354881725e-05,0.0,0.0,0.0096020214782059,0.0036007580543272,0.0,5.0010528532322594e-05,0.0015336562083245,0.0081850565031234,0.0,0.0192540534849441,0.0,0.0,0.0,0.0,1.9531250000000002e-24,1.9531250000000002e-24,1.9531250000000002e-24,1.9531250000000002e-24,9.740048265483956e-15,3.1429588934270944e-09,8.621958476697496e-09,1.7543252785471742e-08,2.428011764713923e-07,4.461513863567143e-11,1.0594522625371826e-08,3.7134610559212544e-10,4.009125836102825e-05,1.9531250000000002e-24,0.04126486383986227,1.9531250000000002e-24
2024930_WZY_DM_assembly_Plate1H11,2024930_WZY_DM_assembly_Plate1,,,H11,Plate1_H11,Propionate,cycle 5,,0.1145,48 h,,"growth curve data NA, so 48 h label rather than 0: 0.05:48 was used",Ho lab/7_Shared data/16s rRNA/Raw reads/2024930_DM_assembly/Plate1,,0.0,0.0,0.0,0.0,0.0,0.0,5.982757119219716e-05,0.0,not_assessable,review_required,True,,0.0347099625533397,3.988504746146477e-05,0.0,0.0005883044500566,0.0004187929983453,0.0009672124009405,0.0,0.0,0.0005583906644605,0.0287471479578507,0.0,0.0298240442393102,0.0,0.0,0.0,0.0,1.9531250000000002e-24,1.9531250000000002e-24,1.9531250000000002e-24,1.9531250000000002e-24,1.581468355598725e-20,8.488159911527241e-15,0.013593491444013691,7.838936111771249e-19,5.803686024524607e-18,8.262792492766797e-14,8.157221787924529e-21,5.393944995382225e-19,2.7290601258826064e-17,1.9531250000000002e-24,2.0125580335728868e-11,1.9531250000000002e-24
2024930_WZY_DM_assembly_Plate1H12,2024930_WZY_DM_assembly_Plate1,,,H12,Plate1_H12,Propionate,cycle 5,,0.1865,48 h,,"growth curve data NA, so 48 h label rather than 0: 0.05:48 was used",Ho lab/7_Shared data/16s rRNA/Raw reads/2024930_DM_assembly/Plate1,,0.0,0.0,0.0,0.0,0.0,0.0,3.985042735042735e-05,0.0,not_assessable,review_required,True,,0.0911113603988604,0.0001062678062678,0.0,0.0001594017094017,0.0077708333333333,0.0002789529914529,0.0,0.0,0.0018464031339031,0.0072262108262108,0.0,0.0063893518518518,0.0,2.6566951566951567e-05,0.0,0.0,1.9531250000000002e-24,1.9531250000000002e-24,1.9531250000000002e-24,1.9531250000000002e-24,2.549507510591881e-19,4.70102524783614e-16,5.855006474849054e-12,9.176846726636207e-16,4.2820502889594745e-15,4.893177219207668e-18,7.930816703911571e-16,1.1030290177788737e-16,1.3417745662860702e-13,1.9531250000000002e-24,9.380649560770483e-07,1.9531250000000002e-24
2024930_WZY_DM_assembly_Plate1H1,2024930_WZY_DM_assembly_Plate1,,,H1,Plate1_H1,Mannose,cycle 5,,0.7865,48 h,,"growth curve data NA, so 48 h label rather than 0: 0.05:48 was used",Ho lab/7_Shared data/16s rRNA/Raw reads/2024930_DM_assembly/Plate1,,0.0,0.0,0.0002261107056768,0.0,0.0,0.0,0.0,0.0,not_assessable,review_required,True,,0.1453196112253698,0.0003130763617063,0.0,0.0006435458546186,0.1111768946681704,0.0478658970786616,0.0001217519184413,0.0,0.0511705920077843,5.217939361772705e-05,0.0,0.09174876711117,5.217939361772705e-05,0.0195498794754417,0.0,0.0011653397907959,1.9531250000000002e-24,1.9531250000000002e-24,1.9531250000000002e-24,1.9531250000000002e-24,0.0045407315379875,0.03744865065876872,0.06710418111407475,0.00044933099638391137,0.0020328531168093858,0.017940033834611797,9.694522408237813e-18,9.39036219220433e-19,0.32986412342416827,1.9531250000000002e-24,0.1141675037279218,1.9531250000000002e-24
2024930_WZY_DM_assembly_Plate1H2,2024930_WZY_DM_assembly_Plate1,,,H2,Plate1_H2,Mannose,cycle 5,,0.9825,48 h,,"growth curve data NA, so 48 h label rather than 0: 0.05:48 was used",Ho lab/7_Shared data/16s rRNA/Raw reads/2024930_DM_assembly/Plate1,,0.0,0.0,0.0008881281596303,0.0,0.0,0.0,0.0,0.0,not_assessable,review_required,True,,0.1807834209380963,0.0002631490843349,0.0,0.0001973618132511,0.0754579999330409,0.0011183836084234,0.0004276172620442,0.0001973618132511,0.0196703940540359,0.0018749372258863,0.0001644681777093,0.0453274297766915,0.0010854899728815,0.0172691586594797,0.0,0.0006249790752954,1.9531250000000002e-24,1.9531250000000002e-24,1.9531250000000002e-24,1.9531250000000002e-24,1.002144987707722e-08,0.014124726821932405,0.029024287332747794,0.00028776017820151157,0.014236473379232385,0.006852359764573875,0.001762413011433697,0.0051380331953110705,0.19706037883021146,1.9531250000000002e-24,0.07658490243675059,1.9531250000000002e-24
2024930_WZY_DM_assembly_Plate1H3,2024930_WZY_DM_assembly_Plate1,,,H3,Plate1_H3,Mannose,cycle 5,,0.0535,48 h,,"growth curve data NA, so 48 h label rather than 0: 0.05:48 was used",Ho lab/7_Shared data/16s rRNA/Raw reads/2024930_DM_assembly/Plate1,,0.0,0.0,0.0,0.0,0.0,0.0,0.0,0.0,not_assessable,review_required,True,,0.0,0.0,0.0,0.0,0.0,0.0,0.0,0.0,0.0,0.0,0.0,0.0,0.0,0.0535,0.0,0.0,1.9531250000000002e-24,1.9531250000000002e-24,1.9531250000000002e-24,1.9531250000000002e-24,2.5591128970901983e-23,7.019402277539067e-17,2.194897598573682e-22,7.121466054941425e-21,9.662367152689264e-20,9.639603631906494e-22,1.9531250000000002e-24,5.0887315847685686e-20,6.383827507293985e-23,1.9531250000000002e-24,6.002720373049888e-11,1.9531250000000002e-24
2024930_WZY_DM_assembly_Plate1H4,2024930_WZY_DM_assembly_Plate1,,,H4,Plate1_H4,Mannose,cycle 5,,0.9825,48 h,,"growth curve data NA, so 48 h label rather than 0: 0.05:48 was used",Ho lab/7_Shared data/16s rRNA/Raw reads/2024930_DM_assembly/Plate1,,0.0,0.0,0.0001044149574141,0.0,0.0,0.0,0.0,0.0,not_assessable,review_required,True,,0.0568763189457543,0.0,0.0,1.4916422487740448e-05,0.0175118800006072,0.0066676408520199,0.0,0.0,0.0036097742420331,0.0009844838841908,4.4749267463221345e-05,0.0193018506991361,5.9665689950961786e-05,0.7736253359041706,0.0,0.0,1.9531250000000002e-24,1.9531250000000002e-24,1.9531250000000002e-24,1.9531250000000002e-24,2.7388664301842725e-08,0.09283817833559584,3.0795413677831972e-24,2.427247811710995e-24,2.0335565759065602e-24,0.020990547336041526,1.954628048296791e-24,1.9582080638972264e-24,6.137119287003253e-20,1.9531250000000002e-24,0.2794798679811281,1.9531250000000002e-24
2024930_WZY_DM_assembly_Plate1H5,2024930_WZY_DM_assembly_Plate1,,,H5,Plate1_H5,Mannose,cycle 5,,0.9205,48 h,,"growth curve data NA, so 48 h label rather than 0: 0.05:48 was used",Ho lab/7_Shared data/16s rRNA/Raw reads/2024930_DM_assembly/Plate1,,0.0,0.0,0.0,0.0,0.0,0.0,0.0,0.0,not_assessable,review_required,True,,0.0073296189411338,0.0,0.0,0.0038803864982473,0.0377468421370724,0.0035744062008944,0.0001251737580079,4.172458600265925e-05,0.0029624456061888,0.0002086229300132,0.000194714734679,0.0033657832708811,0.0008066753293847,0.7683582512389702,0.0,9.735736733953826e-05,1.9531250000000002e-24,1.9531250000000002e-24,1.9531250000000002e-24,1.9531250000000002e-24,4.2123741008571694e-07,0.08893124241112557,4.845568780443228e-24,3.1531771118322762e-24,2.167345250474057e-24,0.01812168952143287,1.9570967776432512e-24,1.9659425516285632e-24,4.502354915328168e-18,1.9531250000000002e-24,0.26671247925921593,1.9531250000000002e-24
2024930_WZY_DM_assembly_Plate1H6,2024930_WZY_DM_assembly_Plate1,,,H6,Plate1_H6,Mannose,cycle 5,,0.9705,48 h,,"growth curve data NA, so 48 h label rather than 0: 0.05:48 was used",Ho lab/7_Shared data/16s rRNA/Raw reads/2024930_DM_assembly/Plate1,,0.0,0.0,0.0003347834419317,0.0,0.0,0.0,0.0,0.0,not_assessable,review_required,True,,0.1647506515906477,0.0001487926408585,0.0,0.0155488309697202,0.0456049444231506,0.0164415868148716,0.0007811613645074,0.0,0.0878620544269835,0.0370865657339977,7.439632042928326e-05,0.0695977577615944,0.0021946914526638,0.1956251245688003,0.0,0.0,1.9531250000000002e-24,1.9531250000000002e-24,1.9531250000000002e-24,1.9531250000000002e-24,0.0020628407889759963,0.05537989907774588,0.10376724315284143,4.3787788913112756e-11,2.455893941618339e-17,0.018544402267412757,2.537515310284893e-24,2.113687266096098e-24,0.284583547926738,1.9531250000000002e-24,0.156149704567782,1.9531250000000002e-24
2024930_WZY_DM_assembly_Plate1H7,2024930_WZY_DM_assembly_Plate1,,,H7,Plate1_H7,Propionate,cycle 5,,0.2025,48 h,,"growth curve data NA, so 48 h label rather than 0: 0.05:48 was used",Ho lab/7_Shared data/16s rRNA/Raw reads/2024930_DM_assembly/Plate1,,0.0,0.0,0.0,0.0,0.0,0.0,8.869422392554065e-05,0.0,not_assessable,review_required,True,,0.1736522036682179,0.0004212975636463,0.0,0.00032151656173,0.008148781823159,0.0015964960306597,0.0,2.2173555981385164e-05,0.0001663016698603,0.0086033397207774,0.0,1.1086777990692582e-05,0.0,0.0,0.0,0.0,1.9531250000000002e-24,1.9531250000000002e-24,1.9531250000000002e-24,1.9531250000000002e-24,8.476568710725687e-16,3.567326203569202e-11,6.387576262350485e-11,1.5172322939387115e-09,1.888940551110818e-08,3.003784529515661e-16,1.1521878706437996e-08,4.345463441338123e-11,2.440339321153099e-06,1.9531250000000002e-24,0.03352230359086295,1.9531250000000002e-24
2024930_WZY_DM_assembly_Plate1H8,2024930_WZY_DM_assembly_Plate1,,,H8,Plate1_H8,Propionate,cycle 5,,0.2515,48 h,,"growth curve data NA, so 48 h label rather than 0: 0.05:48 was used",Ho lab/7_Shared data/16s rRNA/Raw reads/2024930_DM_assembly/Plate1,,0.0,0.0,0.0,0.0,0.0,0.0,0.0,0.0,not_assessable,review_required,True,,0.2087241914253479,0.0001655227529146,0.0,0.0001655227529146,0.0152044471605866,0.0053676664159458,0.0,0.0,0.0021517957878901,0.0008985520872508,0.0,0.0001655227529146,0.0,4.729221511846559e-05,0.0,0.0,1.9531250000000002e-24,1.9531250000000002e-24,1.9531250000000002e-24,1.9531250000000002e-24,1.2595311147341192e-13,1.766777143433344e-08,1.506442336303475e-12,2.62123184537751e-06,3.969173054095768e-05,2.215029688209759e-14,0.00012515902593621787,5.4179470357616783e-08,0.00982937684282218,1.9531250000000002e-24,0.04884020390920807,1.9531250000000002e-24
2024930_WZY_DM_assembly_Plate1H9,2024930_WZY_DM_assembly_Plate1,,,H9,Plate1_H9,Propionate,cycle 5,,0.1155,48 h,,"growth curve data NA, so 48 h label rather than 0: 0.05:48 was used",Ho lab/7_Shared data/16s rRNA/Raw reads/2024930_DM_assembly/Plate1,,0.0,0.0,0.0,0.0,0.0,0.0,0.000464247937381,0.0,not_assessable,review_required,True,,0.0572613179606515,0.000378728580495,0.0,0.0002199069177067,0.0083808969748254,0.0018814258514914,0.0,0.0,0.0011606198434525,0.0148070657922572,0.0,0.0,0.0,0.0,0.0,0.0,1.9531250000000002e-24,1.9531250000000002e-24,1.9531250000000002e-24,1.9531250000000002e-24,4.085015647953146e-21,2.0007117589395057e-17,1.1153700915861115e-07,8.81834746352596e-19,3.8416450911745374e-18,3.1444272080291366e-21,3.08723607262143e-18,4.2456753576636215e-19,2.268196078431556e-17,1.9531250000000002e-24,1.2018482780763453e-12,1.9531250000000002e-24
2024930_WZY_DM_assembly_Plate2A10,2024930_WZY_DM_assembly_Plate2,,,A10,Plate2_A10,N_acetylglutamic_acid,cycle 5,,0.5255,48 h,,"growth curve data NA, so 48 h label rather than 0: 0.05:48 was used",Ho lab/7_Shared data/16s rRNA/Raw reads/2024930_DM_assembly/Plate2,,0.0,7.543784094171691e-05,0.0001885946023542,0.0,0.0,0.0,0.0,0.0,not_assessable,review_required,True,,0.1251639510957986,0.0002137405493348,0.0002388864963154,0.0084867571059431,0.0446717748109866,0.0029420757967269,0.0001885946023542,3.771892047085846e-05,0.0401706503014642,0.0812591276677194,0.0001383027083931,0.0,0.0066133840558905,0.0079964111398219,0.0624625322997415,0.0004526270456503,1.9531250000000002e-24,1.9531250000000002e-24,1.9531250000000002e-24,1.9531250000000002e-24,3.021111601168107e-13,0.024660034006114856,0.09613508370224289,1.7948607582420188e-06,0.0008902970274667031,1.303341512144845e-13,7.278131720327389e-15,2.9348182437015176e-21,0.025180804198914553,1.9531250000000002e-24,0.06848358488213926,1.9531250000000002e-24
2024930_WZY_DM_assembly_Plate2A11,2024930_WZY_DM_assembly_Plate2,,,A11,Plate2_A11,N_acetylglutamic_acid,cycle 5,,0.5895,48 h,,"growth curve data NA, so 48 h label rather than 0: 0.05:48 was used",Ho lab/7_Shared data/16s rRNA/Raw reads/2024930_DM_assembly/Plate2,,0.0,0.0,3.0726329780302835e-05,0.0,0.0,0.0,0.0,0.0,not_assessable,review_required,True,,0.0120908107685491,0.0003533527924734,0.0,0.0057535052513617,0.0426788720648406,0.0019818482708295,4.6089494670454255e-05,0.0,0.0305266086367308,0.0085496012613692,0.0,0.004770262698392,0.003656433243856,0.3742313335591983,0.0480559797763936,0.0,1.9531250000000002e-24,1.9531250000000002e-24,1.9531250000000002e-24,1.9531250000000002e-24,4.455794063470907e-12,0.05142573714858578,0.004697002795119358,1.3356283345621639e-07,6.726695435721693e-11,0.0036812482204517686,8.3045737510107e-23,1.0959536653697878e-20,8.73904291307308e-06,1.9531250000000002e-24,0.15726647666434307,1.9531250000000002e-24
2024930_WZY_DM_assembly_Plate2A12,2024930_WZY_DM_assembly_Plate2,,,A12,Plate2_A12,N_acetylglutamic_acid,cycle 5,,0.5715,48 h,,"growth curve data NA, so 48 h label rather than 0: 0.05:48 was used",Ho lab/7_Shared data/16s rRNA/Raw reads/2024930_DM_assembly/Plate2,,0.0,0.0,0.0,0.0,0.0,0.0,0.0,0.0,not_assessable,review_required,True,,0.1478789919551438,0.0008707642613359,0.0003366955143832,0.0321950572891272,0.0075814541686981,0.002310427840078,0.0001509324719648,0.0,0.0005921196977084,0.1077773951730863,0.0,0.0734808934666016,0.0060489090687469,0.0088353547050219,0.0514795831301804,0.0,1.9531250000000002e-24,1.9531250000000002e-24,1.9531250000000002e-24,1.9531250000000002e-24,4.861464079027994e-08,0.029466363249556576,0.06920202532237232,4.635906514427085e-05,0.01965933554321044,0.012204922647631105,9.32459335771583e-12,3.242474789641522e-11,0.1986768346255209,1.9531250000000002e-24,0.07926762616816277,1.9531250000000002e-24
2024930_WZY_DM_assembly_Plate2A1,2024930_WZY_DM_assembly_Plate2,,,A1,Plate2_A1,Sugar_mix,cycle 5,,0.9295,48 h,,"growth curve data NA, so 48 h label rather than 0: 0.05:48 was used",Ho lab/7_Shared data/16s rRNA/Raw reads/2024930_DM_assembly/Plate2,,0.0,0.0040834046676895,0.0011109262698861,0.0,0.0,0.0,0.0001050876201243,0.000915763546798,not_assessable,review_required,True,,0.0036630541871921,0.0002552127917305,0.0008407009609949,0.0032727287410159,0.0779900266494387,0.0426805862876524,0.0027773156747153,0.0216630622627796,0.0174445449406444,0.0893695146571913,0.0,0.2135380440927077,0.0081517968182185,0.001711426956311,0.0,0.0002101752402487,1.9531250000000002e-24,1.9531250000000002e-24,1.9531250000000002e-24,1.9531250000000002e-24,0.020689248123577437,0.04272904273739793,0.08022290312639828,6.865117924412846e-07,5.8305972623078544e-12,0.030486790541960497,1.5373880521221717e-23,3.502252158292777e-24,0.2993693305835335,1.9531250000000002e-24,0.10573362349749804,1.9531250000000002e-24
2024930_WZY_DM_assembly_Plate2A2,2024930_WZY_DM_assembly_Plate2,,,A2,Plate2_A2,Sugar_mix,cycle 5,,0.8055,48 h,,"growth curve data NA, so 48 h label rather than 0: 0.05:48 was used",Ho lab/7_Shared data/16s rRNA/Raw reads/2024930_DM_assembly/Plate2,,0.0,0.0077335783905364,0.0028770253665444,0.0,0.0,0.0,0.0,0.0012497865294901,not_assessable,review_required,True,,0.0331738639203598,9.226611962679109e-05,0.000427779281906,0.0015685240336554,0.0294832191352882,0.0014678700849716,0.0013252769910029,0.0096208399283572,0.0064921796901032,0.0320750583138953,0.0,0.0046468572975674,0.0005116575724758,0.3115071955181606,0.0,0.0003187375041652,1.9531250000000002e-24,1.9531250000000002e-24,1.9531250000000002e-24,1.9531250000000002e-24,9.017662986737716e-14,0.043064161486193867,0.03535770076630843,0.10904607327222322,0.03575260981168519,9.245094097293948e-05,4.748391877267727e-17,8.559988815347312e-14,1.2711189355436674e-10,1.9531250000000002e-24,0.12254577918927281,1.9531250000000002e-24
2024930_WZY_DM_assembly_Plate2A3,2024930_WZY_DM_assembly_Plate2,,,A3,Plate2_A3,Sugar_mix,cycle 5,,0.9615,48 h,,"growth curve data NA, so 48 h label rather than 0: 0.05:48 was used",Ho lab/7_Shared data/16s rRNA/Raw reads/2024930_DM_assembly/Plate2,,0.0,0.0009412116597781,0.0013112606884088,0.0,0.0,0.0,0.0,0.0009251225715767,not_assessable,review_required,True,,0.0016973988052408,0.000530939910644,0.0027190559060256,8.04454410066766e-06,0.2359947457371864,0.0011503698063954,0.0001367572497113,0.1405301408945633,0.0009814343802814,0.0235866033031575,1.608908820133532e-05,0.0,0.0004263608373353,0.1734001480898914,0.0011664588945968,0.000193069058416,1.9531250000000002e-24,1.9531250000000002e-24,1.9531250000000002e-24,1.9531250000000002e-24,0.00028865704571595684,0.03931861224852322,0.025658519517540623,0.11818386983825885,0.019715499221149912,0.0008979559382125914,3.6850275851108523e-17,1.6089996162495755e-12,0.16756916932244262,1.9531250000000002e-24,0.13581446896174554,1.9531250000000002e-24
2024930_WZY_DM_assembly_Plate2A4,2024930_WZY_DM_assembly_Plate2,,,A4,Plate2_A4,Sugar_mix,cycle 5,,0.9055,48 h,,"growth curve data NA, so 48 h label rather than 0: 0.05:48 was used",Ho lab/7_Shared data/16s rRNA/Raw reads/2024930_DM_assembly/Plate2,,0.0,0.016248078986907,0.0007191135436789,0.0,0.0,0.0,0.0,3.887100236102168e-05,not_assessable,review_required,True,,0.0669553015668598,0.001030081562567,0.001068952564928,0.0006413715389568,0.2694537883666022,0.0388321313586606,1.943550118051084e-05,0.0317770444301352,0.0017686306074264,0.1917312191457394,0.0,0.0002526615153466,0.0066469414037347,0.0064720218931101,0.0007579845460399,0.0060444408671388,1.9531250000000002e-24,1.9531250000000002e-24,1.9531250000000002e-24,1.9531250000000002e-24,0.0061471567530702554,0.04879331382262721,0.1251504384016434,7.977211123861532e-05,1.3575454215532474e-07,2.1012297635442884e-05,8.675099412078939e-24,1.955779061714997e-24,0.3393434907450233,1.9531250000000002e-24,0.10124626607782161,1.9531250000000002e-24
2024930_WZY_DM_assembly_Plate2A5,2024930_WZY_DM_assembly_Plate2,,,A5,Plate2_A5,Sugar_mix,cycle 5,,0.9605,48 h,,"growth curve data NA, so 48 h label rather than 0: 0.05:48 was used",Ho lab/7_Shared data/16s rRNA/Raw reads/2024930_DM_assembly/Plate2,,0.0,0.0002581265189755,0.0028730603851187,0.0,0.0,0.0,0.0,0.0,not_assessable,review_required,True,,0.0106954161992895,5.611446064684988e-05,0.0048033978313703,0.0005835903907272,0.0024465904842026,0.0217948565152364,0.001032506075902,0.1386476093662366,0.0070479762572443,0.0502561109553187,0.0,3.3668676388109927e-05,0.0080468136567582,0.1541800920732847,0.0,0.0009090542624789,1.9531250000000002e-24,1.9531250000000002e-24,1.9531250000000002e-24,1.9531250000000002e-24,1.2015187349867848e-10,0.03369568477012834,0.045442140002154845,1.041561739659415e-08,0.07685124058492789,3.9891223048349866e-12,2.2027417774191415e-14,3.3969033062973475e-06,6.433666947893545e-11,1.9531250000000002e-24,0.09361717682079529,1.9531250000000002e-24
2024930_WZY_DM_assembly_Plate2A6,2024930_WZY_DM_assembly_Plate2,,,A6,Plate2_A6,Sugar_mix,cycle 5,,0.9195,48 h,,"growth curve data NA, so 48 h label rather than 0: 0.05:48 was used",Ho lab/7_Shared data/16s rRNA/Raw reads/2024930_DM_assembly/Plate2,,0.0,0.0104928374878601,0.0019348494658465,0.0,0.0,0.0,0.0,0.0009674247329232,not_assessable,review_required,True,,0.009302160893493,0.0004465037228876,0.0011906765943671,0.0,0.0019348494658465,0.02135776141146,0.0015627630301068,0.1660993849142117,0.0087812398834574,0.0475526464875364,0.0,0.0,0.0031255260602136,0.1954942133376497,0.0,0.0005953382971835,1.9531250000000002e-24,1.9531250000000002e-24,1.9531250000000002e-24,1.9531250000000002e-24,2.3548519750885925e-10,0.03882535633634013,0.04667327611120832,2.2572267870494805e-07,0.16477714680918182,5.565954827542965e-10,1.4140669619041792e-15,2.2007801883004884e-11,9.102220184887744e-11,1.9531250000000002e-24,0.11021875439740152,1.9531250000000002e-24
2024930_WZY_DM_assembly_Plate2A7,2024930_WZY_DM_assembly_Plate2,,,A7,Plate2_A7,N_acetylglutamic_acid,cycle 5,,0.5765,48 h,,"growth curve data NA, so 48 h label rather than 0: 0.05:48 was used",Ho lab/7_Shared data/16s rRNA/Raw reads/2024930_DM_assembly/Plate2,,0.0,0.0,0.0002073834255137,0.0,0.0,0.0,0.0,0.0,not_assessable,review_required,True,,0.2189580129502226,0.0011794932326093,0.0001425761050406,0.0041347070461801,0.0248600881334592,0.0023201020729349,0.0003240366023652,0.0001036917127568,0.0297595215612212,0.0702770583209676,0.0,0.0,0.0057678515221008,0.0083731058051171,0.0625520257205809,0.0009461868789064,1.9531250000000002e-24,1.9531250000000002e-24,1.9531250000000002e-24,1.9531250000000002e-24,2.0440461263389985e-10,0.02632115216656339,0.07972852430509227,2.6960897592475586e-05,0.009631486046446331,6.79441991893688e-11,2.11438975283655e-12,1.2165420395668235e-14,0.19506723273279863,1.9531250000000002e-24,0.08049584732935385,1.9531250000000002e-24
2024930_WZY_DM_assembly_Plate2A8,2024930_WZY_DM_assembly_Plate2,,,A8,Plate2_A8,N_acetylglutamic_acid,cycle 5,,0.5745,48 h,,"growth curve data NA, so 48 h label rather than 0: 0.05:48 was used",Ho lab/7_Shared data/16s rRNA/Raw reads/2024930_DM_assembly/Plate2,,0.0,0.0,0.0,0.0,0.0,0.0,0.0,0.0,not_assessable,review_required,True,,0.0572424481617535,0.0006540499104405,0.0001046479856704,0.0032964115486201,0.0013429824827711,0.0010290385257597,0.0004273126081544,0.0,0.0024505069977837,0.0397051898964753,0.0,0.0,0.0034533835271258,0.0111275691429612,0.3068889386441604,3.48826618901606e-05,1.9531250000000002e-24,1.9531250000000002e-24,1.9531250000000002e-24,1.9531250000000002e-24,2.112622867416689e-19,0.01247276934790502,0.028421427763840375,3.728845249164959e-09,3.8480808699383276e-07,6.142599278665161e-18,2.8958735197226184e-17,0.005395291290788404,0.1365822181401449,1.9531250000000002e-24,0.09573171424182449,1.9531250000000002e-24
2024930_WZY_DM_assembly_Plate2A9,2024930_WZY_DM_assembly_Plate2,,,A9,Plate2_A9,N_acetylglutamic_acid,cycle 5,,0.5625,48 h,,"growth curve data NA, so 48 h label rather than 0: 0.05:48 was used",Ho lab/7_Shared data/16s rRNA/Raw reads/2024930_DM_assembly/Plate2,,0.0,0.0,5.016051364365972e-05,0.0,0.0,0.0,0.0,0.0,not_assessable,review_required,True,,0.0290429373996789,0.0016385767790262,0.0006855270197966,0.00018392188336,0.0388576779026217,0.0028591492776886,0.0005183253076511,0.0,0.0561296147672552,0.0866940877474585,0.0,0.0,0.0010199304440877,0.0141619850187265,0.0858413590155163,0.0004681647940074,1.9531250000000002e-24,1.9531250000000002e-24,1.9531250000000002e-24,1.9531250000000002e-24,3.189205590112647e-19,0.021907949394504047,0.11434677574131182,8.727132626445705e-14,3.189496529727512e-11,2.5079546776084004e-17,9.246955514413674e-19,2.710763141389796e-24,2.5223767077356593e-10,1.9531250000000002e-24,0.05525661811438974,1.9531250000000002e-24
2024930_WZY_DM_assembly_Plate2B10,2024930_WZY_DM_assembly_Plate2,,,B10,Plate2_B10,N_acetylgalactosamine,cycle 5,,0.5345,48 h,,"growth curve data NA, so 48 h label rather than 0: 0.05:48 was used",Ho lab/7_Shared data/16s rRNA/Raw reads/2024930_DM_assembly/Plate2,,0.0,0.0,0.0002761106414952,0.0,0.0,0.0,0.0,0.0005898727341035,not_assessable,review_required,True,,0.2918614985441908,0.0005145698318775,0.0,0.0001882572555649,0.0019327744904667,0.0019453249741711,0.0,0.0,0.0018449211045364,0.0319535315112238,0.0,0.0,0.0,0.000916185310416,0.0473278740490278,0.0001129543533389,1.9531250000000002e-24,1.9531250000000002e-24,1.9531250000000002e-24,1.9531250000000002e-24,1.8309184662483456e-10,0.013206614327713879,0.026746542557392054,2.4593718458784226e-05,0.0034120447525250396,1.1400822568702573e-10,0.026450639089283176,0.021772386034869952,0.23305544974888692,1.9531250000000002e-24,0.07523597352452621,1.9531250000000002e-24
2024930_WZY_DM_assembly_Plate2B11,2024930_WZY_DM_assembly_Plate2,,,B11,Plate2_B11,N_acetylgalactosamine,cycle 5,,0.4865,48 h,,"growth curve data NA, so 48 h label rather than 0: 0.05:48 was used",Ho lab/7_Shared data/16s rRNA/Raw reads/2024930_DM_assembly/Plate2,,0.0,0.0,0.0005028494007877,0.0,0.0,0.0,0.0,0.0003261725842947,not_assessable,review_required,True,,0.1029482219180378,0.0010736514233036,0.0,0.0131963991395927,0.0121499287649803,0.0008562030337737,0.0,4.0771573036846666e-05,0.0560473224013185,0.0064419085398217,0.0,0.0633862055479509,0.0,0.0059118780903427,0.0262976646087661,5.4362097382462214e-05,1.9531250000000002e-24,1.9531250000000002e-24,1.9531250000000002e-24,1.9531250000000002e-24,3.440230027600396e-13,0.009827333285876703,0.06885978848041682,1.251278169471641e-07,1.935852218862336e-06,0.006295715071065101,4.067141943714037e-14,3.5912948081978814e-10,0.000384707562878707,1.9531250000000002e-24,0.06423956875956927,1.9531250000000002e-24
2024930_WZY_DM_assembly_Plate2B12,2024930_WZY_DM_assembly_Plate2,,,B12,Plate2_B12,N_acetylgalactosamine,cycle 5,,0.5855,48 h,,"growth curve data NA, so 48 h label rather than 0: 0.05:48 was used",Ho lab/7_Shared data/16s rRNA/Raw reads/2024930_DM_assembly/Plate2,,0.0,0.0,4.350141165981475e-05,0.0,0.0,0.0,0.0,5.0751646936450546e-05,not_assessable,review_required,True,,0.1865123024914557,8.70028233196295e-05,0.0,0.003820873990787,0.004835906929516,0.0013412935261776,0.0,0.0,0.0166247894893258,0.0415873495467829,0.0,0.0012107892911981,0.0,0.0005292671751944,0.2798445812075882,0.0001595051760859,1.9531250000000002e-24,1.9531250000000002e-24,1.9531250000000002e-24,1.9531250000000002e-24,3.388037013620869e-14,0.025360777900726446,0.047442808738499216,6.150357844172713e-07,8.004040470811703e-05,2.2205900236509483e-12,2.2704816411636348e-13,4.956514235399782e-10,0.30337990891575334,1.9531250000000002e-24,0.11574491235888923,1.9531250000000002e-24
2024930_WZY_DM_assembly_Plate2B1,2024930_WZY_DM_assembly_Plate2,,,B1,Plate2_B1,Water,cycle 5,,0.2605,48 h,,"growth curve data NA, so 48 h label rather than 0: 0.05:48 was used",Ho lab/7_Shared data/16s rRNA/Raw reads/2024930_DM_assembly/Plate2,,0.0,0.0,0.0064069955817378,0.0,0.0,0.0,0.0,0.0,not_assessable,review_required,True,,0.0289273932253313,0.0031075846833578,0.0,0.0,0.0031075846833578,0.0130058173784977,0.0,0.0,0.010281885125184,0.0108573637702503,0.0,0.0,0.0,0.0,0.0,0.0008440353460972,1.9531250000000002e-24,1.9531250000000002e-24,1.9531250000000002e-24,1.9531250000000002e-24,1.970767227517287e-21,6.675372429692974e-16,0.015553164975532245,2.3032017575366065e-20,7.945519911846294e-20,1.9531250000000002e-24,2.5847875920195737e-18,3.5463933696104036e-20,2.6828403419325053e-19,1.9531250000000002e-24,4.0033898414638327e-13,1.9531250000000002e-24
2024930_WZY_DM_assembly_Plate2B2,2024930_WZY_DM_assembly_Plate2,,,B2,Plate2_B2,Water,cycle 5,,0.2725,48 h,,"growth curve data NA, so 48 h label rather than 0: 0.05:48 was used",Ho lab/7_Shared data/16s rRNA/Raw reads/2024930_DM_assembly/Plate2,,0.0,0.0,0.0016386975740131,0.0,0.0,0.0,0.0,0.0,not_assessable,review_required,True,,0.1706066252055921,0.0001120476973684,0.0,0.0,0.0139219263980263,0.0031093236019736,0.0,0.0,0.0012745425575657,0.0109386564555921,0.0,0.0019748406661184,0.0,0.0,0.0,7.002981085526316e-05,1.9531250000000002e-24,1.9531250000000002e-24,1.9531250000000002e-24,1.9531250000000002e-24,1.885351351718769e-15,5.109631125997323e-10,4.805743067021458e-07,4.728418136373744e-09,6.966647498146946e-08,1.7378050904247858e-15,4.611784442627758e-08,1.4356943778765387e-10,8.700817297109012e-06,1.9531250000000002e-24,0.03689889898485263,1.9531250000000002e-24
2024930_WZY_DM_assembly_Plate2B3,2024930_WZY_DM_assembly_Plate2,,,B3,Plate2_B3,Water,cycle 5,,0.1635,48 h,,"growth curve data NA, so 48 h label rather than 0: 0.05:48 was used",Ho lab/7_Shared data/16s rRNA/Raw reads/2024930_DM_assembly/Plate2,,0.0,0.0,0.0045399963221772,0.0,0.0,0.0,0.0,0.0,not_assessable,review_required,True,,0.035538249356381,0.0028863552776756,0.0,0.0,0.029825671202648,0.0029765538801029,0.0,0.0,0.0003607944097094,0.0233313718278778,0.0,0.0,0.0,0.000270595807282,0.0,0.0002104634056638,1.9531250000000002e-24,1.9531250000000002e-24,1.9531250000000002e-24,1.9531250000000002e-24,9.207187662863711e-21,6.653566791240425e-16,0.0039588822620237095,1.2481018409341627e-18,9.021719906545671e-18,4.408350510930041e-21,6.3064941045796655e-18,1.2511283747079647e-18,3.6142669907426674e-17,1.9531250000000002e-24,7.007905203790407e-12,1.9531250000000002e-24
2024930_WZY_DM_assembly_Plate2B4,2024930_WZY_DM_assembly_Plate2,,,B4,Plate2_B4,Water,cycle 5,,0.1775,48 h,,"growth curve data NA, so 48 h label rather than 0: 0.05:48 was used",Ho lab/7_Shared data/16s rRNA/Raw reads/2024930_DM_assembly/Plate2,,0.0,0.0,0.0003573825503355,0.0,0.0,0.0,0.0,0.0,not_assessable,review_required,True,,0.0148379940343027,1.3236390753169276e-05,0.0,0.0,0.0016677852348993,0.0022898956002982,0.0,0.0001058911260253,0.0022104772557792,0.0201987322893363,0.0,0.0733163683818046,0.0,0.0,2.6472781506338552e-05,0.0,1.9531250000000002e-24,1.9531250000000002e-24,1.9531250000000002e-24,1.9531250000000002e-24,2.1868595697330958e-18,2.226846383123169e-12,0.0040409250418805475,9.466672431214766e-17,6.106063519860523e-16,0.0013475687259258506,6.49103695256335e-22,1.8277395838544147e-17,1.59721002897784e-14,1.9531250000000002e-24,2.618003249330174e-05,1.9531250000000002e-24
2024930_WZY_DM_assembly_Plate2B5,2024930_WZY_DM_assembly_Plate2,,,B5,Plate2_B5,Water,cycle 5,,0.1775,48 h,,"growth curve data NA, so 48 h label rather than 0: 0.05:48 was used",Ho lab/7_Shared data/16s rRNA/Raw reads/2024930_DM_assembly/Plate2,,0.0,0.0,0.001135720438046,0.0,0.0,0.0,0.0,0.0,not_assessable,review_required,True,,0.1282490463885812,8.736311061892457e-05,0.0,0.0,0.0086707887289282,0.0009609942168081,0.0,0.0,0.0015725359911406,0.0120342684877568,0.0,0.0019875107665805,0.0,0.0,0.0,0.0,1.9531250000000002e-24,1.9531250000000002e-24,1.9531250000000002e-24,1.9531250000000002e-24,8.366697451493375e-18,2.684468838284896e-13,2.518296253575906e-07,5.535563137858806e-13,4.791516621522094e-12,1.4339851422646984e-17,1.854696771439877e-12,4.2465021095644224e-14,3.0934390274349323e-10,1.9531250000000002e-24,0.0070671944602383584,1.9531250000000002e-24
2024930_WZY_DM_assembly_Plate2B6,2024930_WZY_DM_assembly_Plate2,,,B6,Plate2_B6,Water,cycle 5,,0.1835,48 h,,"growth curve data NA, so 48 h label rather than 0: 0.05:48 was used",Ho lab/7_Shared data/16s rRNA/Raw reads/2024930_DM_assembly/Plate2,,0.0,0.0,0.0005381231671554,0.0,0.0,0.0,0.0,0.0,not_assessable,review_required,True,,0.0341952812583311,0.0003913623033857,0.0,0.0,0.0374729405491868,0.0007827246067715,0.0,0.0001956811516928,0.0022503332444681,0.0215738469741402,0.0,0.0,0.0,0.0,0.0,0.0,1.9531250000000002e-24,1.9531250000000002e-24,1.9531250000000002e-24,1.9531250000000002e-24,6.879263075384401e-21,3.273336682791404e-16,0.007550881661870774,2.2280175282417627e-18,1.396357165357394e-17,7.406550967130293e-21,6.2082816586797556e-18,1.3179003928657096e-18,7.491225206344926e-17,1.9531250000000002e-24,1.0412747319952304e-11,1.9531250000000002e-24
2024930_WZY_DM_assembly_Plate2B7,2024930_WZY_DM_assembly_Plate2,,,B7,Plate2_B7,N_acetylgalactosamine,cycle 5,,0.5515,48 h,,"growth curve data NA, so 48 h label rather than 0: 0.05:48 was used",Ho lab/7_Shared data/16s rRNA/Raw reads/2024930_DM_assembly/Plate2,,0.0,0.0,0.0002995993571606,0.0,0.0,0.0,0.0007240317798048,0.0006990651667081,not_assessable,review_required,True,,0.0027213608275424,0.0,0.0,0.0001997329047737,0.0003370492768057,0.0016602797709318,0.0,0.0,0.0053428552026981,0.0016103465447384,0.0,0.0,0.0,0.000936247991127,0.4700963579981439,3.744991964508024e-05,1.9531250000000002e-24,1.9531250000000002e-24,1.9531250000000002e-24,1.9531250000000002e-24,5.475857762709212e-23,0.005111283960494663,5.830621501692235e-12,1.2295161686409148e-10,1.7720462573370895e-09,3.467690578953032e-20,1.5534720426027164e-22,0.029767008295255176,0.218218829345737,1.9531250000000002e-24,0.11931203093150598,1.9531250000000002e-24
2024930_WZY_DM_assembly_Plate2B8,2024930_WZY_DM_assembly_Plate2,,,B8,Plate2_B8,N_acetylgalactosamine,cycle 5,,0.4855,48 h,,"growth curve data NA, so 48 h label rather than 0: 0.05:48 was used",Ho lab/7_Shared data/16s rRNA/Raw reads/2024930_DM_assembly/Plate2,,0.0,0.0,0.0001411260287411,0.0,0.0,0.0,0.0,0.0006350671293352,not_assessable,review_required,True,,0.0218216121941027,0.0007409116508911,0.0009790618243918,0.0020992496775248,0.0022315553294696,0.0001499464055374,0.0,1.7640753592645748e-05,0.0166264102610686,0.0299539996003124,0.0,0.0,0.0,0.0,0.3434478316952201,1.7640753592645748e-05,1.9531250000000002e-24,1.9531250000000002e-24,1.9531250000000002e-24,1.9531250000000002e-24,6.038076214971522e-22,0.007095414381724773,0.037224567867833645,5.771854865166284e-11,1.7102627675996308e-09,1.124714623476142e-19,4.990056488304227e-21,0.00012702184709357042,0.0823525177882179,1.9531250000000002e-24,0.09510680580208448,1.9531250000000002e-24
2024930_WZY_DM_assembly_Plate2B9,2024930_WZY_DM_assembly_Plate2,,,B9,Plate2_B9,N_acetylgalactosamine,cycle 5,,0.3785,48 h,,"growth curve data NA, so 48 h label rather than 0: 0.05:48 was used",Ho lab/7_Shared data/16s rRNA/Raw reads/2024930_DM_assembly/Plate2,,0.0,0.0,7.018790950673755e-05,0.0,0.0,0.0,0.000163771788849,0.0,not_assessable,review_required,True,,0.005778804549388,0.0020354493756953,0.0011931944616145,0.0338305723822474,0.0418553900358511,0.011393837309927,0.0003509395475336,7.018790950673755e-05,0.0402644640870317,0.0377844912844603,0.0,0.0,0.0,0.0038369390530349,0.0736739090122388,0.0004913153665471,1.9531250000000002e-24,1.9531250000000002e-24,1.9531250000000002e-24,1.9531250000000002e-24,3.72832732430599e-18,0.0011920502472578388,0.06895039486784829,1.2269825433484108e-13,2.8564765139967724e-12,1.528732869872194e-19,1.4750903196358457e-16,1.6155598823010819e-13,4.856463245058444e-10,1.9531250000000002e-24,0.04813162951182186,1.9531250000000002e-24
2024930_WZY_DM_assembly_Plate2C10,2024930_WZY_DM_assembly_Plate2,,,C10,Plate2_C10,Urea,cycle 5,,0.1715,48 h,,"growth curve data NA, so 48 h label rather than 0: 0.05:48 was used",Ho lab/7_Shared data/16s rRNA/Raw reads/2024930_DM_assembly/Plate2,,0.0,0.0,0.0010135110750214,0.0,0.0,0.0,0.0,0.0,not_assessable,review_required,True,,0.1301394640682095,0.0004874137231019,0.0,0.0,0.0085955023232733,0.0009903008977308,0.0,0.0,0.0010135110750214,0.006607163802048,0.0,0.0,0.0,6.189380610817882e-05,0.0,2.321017729056706e-05,1.9531250000000002e-24,1.9531250000000002e-24,1.9531250000000002e-24,1.9531250000000002e-24,7.742314454701463e-18,3.6593963900852855e-14,1.2617789697855274e-12,5.141512642106887e-13,3.568788581578749e-12,3.786154642770276e-18,2.366884270028128e-12,3.214304941241803e-14,2.7802749762496573e-10,1.9531250000000002e-24,0.0059717134019740175,1.9531250000000002e-24
2024930_WZY_DM_assembly_Plate2C11,2024930_WZY_DM_assembly_Plate2,,,C11,Plate2_C11,Urea,cycle 5,,0.1625,48 h,,"growth curve data NA, so 48 h label rather than 0: 0.05:48 was used",Ho lab/7_Shared data/16s rRNA/Raw reads/2024930_DM_assembly/Plate2,,0.0,0.0,0.0058345301600328,0.0,0.0,0.0,0.0,0.0,not_assessable,review_required,True,,0.0073681780878128,0.0026005334427574,0.0,0.0,0.0526441321296676,0.0046342839556832,0.0,0.0,0.0064013130898645,0.0229046983996717,0.0,0.0010668855149774,0.0,0.0,0.0,0.0003000615510874,1.9531250000000002e-24,1.9531250000000002e-24,1.9531250000000002e-24,1.9531250000000002e-24,8.684153027055304e-21,5.2803211946990775e-15,0.020361979626387885,8.2071397054743735e-19,5.596191076739508e-18,7.405738926474065e-21,6.330945530020562e-18,9.174612856130826e-19,2.2777498114302952e-17,1.9531250000000002e-24,2.848883280151097e-11,1.9531250000000002e-24
2024930_WZY_DM_assembly_Plate2C12,2024930_WZY_DM_assembly_Plate2,,,C12,Plate2_C12,Urea,cycle 5,,0.1295,48 h,,"growth curve data NA, so 48 h label rather than 0: 0.05:48 was used",Ho lab/7_Shared data/16s rRNA/Raw reads/2024930_DM_assembly/Plate2,,0.0,0.0,0.0011517353579175,0.0,0.0,0.0,0.0006320498915401,0.0,not_assessable,review_required,True,,0.0269253253796095,0.0001123644251626,0.0,0.0,0.0172338937093275,0.0024860629067245,0.0,5.61822125813449e-05,0.0023736984815618,0.0184277657266811,0.0,0.0455637744034707,0.0,0.0,0.0,0.0,1.9531250000000002e-24,1.9531250000000002e-24,1.9531250000000002e-24,1.9531250000000002e-24,5.634717946713343e-19,1.644682521786395e-13,0.0018814516807988781,9.436831564778403e-17,5.922373363068871e-16,3.9716891269393494e-09,1.1820084700192876e-19,2.1467856326506006e-17,1.2072758609160947e-14,1.9531250000000002e-24,1.8011221516132184e-06,1.9531250000000002e-24
2024930_WZY_DM_assembly_Plate2C1,2024930_WZY_DM_assembly_Plate2,,,C1,Plate2_C1,Butyrate,cycle 5,,0.2865,48 h,,"growth curve data NA, so 48 h label rather than 0: 0.05:48 was used",Ho lab/7_Shared data/16s rRNA/Raw reads/2024930_DM_assembly/Plate2,,0.0,1.4080238520387266e-05,0.0006805448618187,0.0,0.0,0.0,0.0,0.0,not_assessable,review_required,True,,0.2118090280621856,0.0018585914846911,0.0,0.0001361089723637,0.0010231639991481,0.0030413315204036,0.0,0.0,0.0017177890994872,0.0247436724931605,0.0,0.0005303556509345,0.0,0.0,4.693412840129089e-06,0.000183043100765,1.9531250000000002e-24,1.9531250000000002e-24,1.9531250000000002e-24,1.9531250000000002e-24,5.104134947347857e-14,1.6376764996934875e-06,0.01869038769916036,4.833416163101507e-07,1.8691378549560324e-05,1.8589492910833003e-14,7.757908488859068e-06,2.7627164728946115e-08,0.0016104661750468894,1.9531250000000002e-24,0.04620161585919174,1.9531250000000002e-24
2024930_WZY_DM_assembly_Plate2C2,2024930_WZY_DM_assembly_Plate2,,,C2,Plate2_C2,Butyrate,cycle 5,,0.2135,48 h,,"growth curve data NA, so 48 h label rather than 0: 0.05:48 was used",Ho lab/7_Shared data/16s rRNA/Raw reads/2024930_DM_assembly/Plate2,,0.0,0.0,0.0016621476510067,0.0,0.0,0.0,0.0,0.0,not_assessable,review_required,True,,0.0643938926174496,0.0003152348993288,0.0,0.0,0.0239578523489932,0.0076229530201342,0.0,5.731543624161073e-05,0.0007164429530201,0.0225536241610738,0.0,0.0,0.0,0.0,0.0,0.0001146308724832,1.9531250000000002e-24,1.9531250000000002e-24,1.9531250000000002e-24,1.9531250000000002e-24,1.3500371535332633e-19,1.4849363517602535e-13,0.006832751312303288,2.470736491041082e-16,2.2111346785816818e-15,5.1762058330910855e-20,7.324083525974035e-15,1.1631585627998588e-16,2.5385237345988116e-14,1.9531250000000002e-24,1.8587689366791912e-07,1.9531250000000002e-24
2024930_WZY_DM_assembly_Plate2C3,2024930_WZY_DM_assembly_Plate2,,,C3,Plate2_C3,Butyrate,cycle 5,,0.2735,48 h,,"growth curve data NA, so 48 h label rather than 0: 0.05:48 was used",Ho lab/7_Shared data/16s rRNA/Raw reads/2024930_DM_assembly/Plate2,,0.0,0.0,0.0006115148127445,0.0,0.0,0.0,0.0,0.0,not_assessable,review_required,True,,0.1236788708775852,0.0074910564561207,0.0,0.0,0.0042296441214831,0.0093765604620831,0.0,0.0004586361095584,0.0059622694242593,0.014166759828582,0.0,0.0,0.0,0.0,0.0,0.0002038382709148,1.9531250000000002e-24,1.9531250000000002e-24,1.9531250000000002e-24,1.9531250000000002e-24,6.513156661212856e-17,1.1004062736929062e-10,0.01309373713619946,5.898243717996013e-13,7.982419514005614e-12,3.4623154306117838e-18,3.898067175108795e-11,1.8162760504057176e-13,2.785828612758485e-10,1.9531250000000002e-24,0.019456863097988858,1.9531250000000002e-24
2024930_WZY_DM_assembly_Plate2C4,2024930_WZY_DM_assembly_Plate2,,,C4,Plate2_C4,Butyrate,cycle 5,,0.2265,48 h,,"growth curve data NA, so 48 h label rather than 0: 0.05:48 was used",Ho lab/7_Shared data/16s rRNA/Raw reads/2024930_DM_assembly/Plate2,,0.0,0.0,0.0005507598784194,0.0,0.0,0.0,0.0,0.0,not_assessable,review_required,True,,0.0425117781155015,0.0002409574468085,0.0,0.0,0.0028226443768996,0.008295820668693,0.0,0.0005507598784194,0.0049224164133738,0.0056108662613981,0.0,0.0002065349544072,0.0,0.0,0.0,0.0,1.9531250000000002e-24,1.9531250000000002e-24,1.9531250000000002e-24,1.9531250000000002e-24,1.4801194854523826e-21,7.29355888125717e-18,3.012134653424859e-09,8.067646024194146e-20,2.1675558482314367e-19,5.493000634942241e-22,1.976875611222692e-18,4.7305017821433e-20,1.154546763397284e-18,1.9531250000000002e-24,1.320020280241714e-13,1.9531250000000002e-24
2024930_WZY_DM_assembly_Plate2C5,2024930_WZY_DM_assembly_Plate2,,,C5,Plate2_C5,Butyrate,cycle 5,,0.3495,48 h,,"growth curve data NA, so 48 h label rather than 0: 0.05:48 was used",Ho lab/7_Shared data/16s rRNA/Raw reads/2024930_DM_assembly/Plate2,,0.0,0.0,0.0018154240282685,0.0,0.0,0.0,0.0,0.0,not_assessable,review_required,True,,0.1802703710247349,1.234982332155477e-05,0.0,1.234982332155477e-05,0.0120534275618374,0.0031368551236749,0.0,0.0001111484098939,0.0017536749116607,0.088844628975265,0.0,0.0018648233215547,0.0,0.0,0.0,0.000358144876325,1.9531250000000002e-24,1.9531250000000002e-24,1.9531250000000002e-24,1.9531250000000002e-24,9.217977860510589e-15,0.012335789221651754,0.057988461171665576,3.892613464123563e-08,1.8909563769491053e-05,4.699226329388203e-14,1.8907072982383254e-07,9.756285049194279e-09,0.00010651654264847843,1.9531250000000002e-24,0.042717460093935525,1.9531250000000002e-24
2024930_WZY_DM_assembly_Plate2C6,2024930_WZY_DM_assembly_Plate2,,,C6,Plate2_C6,Butyrate,cycle 5,,0.2605,48 h,,"growth curve data NA, so 48 h label rather than 0: 0.05:48 was used",Ho lab/7_Shared data/16s rRNA/Raw reads/2024930_DM_assembly/Plate2,,0.0,0.0,0.0017307763787576,0.0,0.0,0.0,0.0,0.0,not_assessable,review_required,True,,0.1386799702643683,0.0008351298610788,0.0,0.0,0.0001452399758397,0.0053133624494726,0.0,7.261998791989964e-05,0.0014766064210379,0.0319285880221158,0.0,0.0,0.0,0.0,0.0,0.0001089299818798,1.9531250000000002e-24,1.9531250000000002e-24,1.9531250000000002e-24,1.9531250000000002e-24,2.3788978275630207e-17,1.3907581868515898e-09,0.022514179216779957,1.858876972486537e-12,4.3817659166585305e-11,1.1025163448076601e-17,3.989102136849989e-11,4.554890042235307e-13,1.2073678828804795e-09,1.9531250000000002e-24,0.015480322601733872,1.9531250000000002e-24
2024930_WZY_DM_assembly_Plate2C7,2024930_WZY_DM_assembly_Plate2,,,C7,Plate2_C7,Urea,cycle 5,,0.2715,48 h,,"growth curve data NA, so 48 h label rather than 0: 0.05:48 was used",Ho lab/7_Shared data/16s rRNA/Raw reads/2024930_DM_assembly/Plate2,,0.0,0.0,0.0008767902274641,0.0,0.0,0.0,0.0,0.0,not_assessable,review_required,True,,0.056152695871946,0.0022110362257792,0.0,0.0,0.0374732518955349,0.0027828559393428,0.0,0.0001524852569502,0.0062900168491996,0.0056800758213984,0.0,0.0,0.0,0.0,0.0,0.0,1.9531250000000002e-24,1.9531250000000002e-24,1.9531250000000002e-24,1.9531250000000002e-24,1.4193605429139264e-19,7.026765868272219e-16,2.4064651429031304e-06,1.8863796131813263e-16,8.346150993749094e-16,5.615665032272768e-20,1.1560302114111762e-15,4.058179085986654e-17,1.8161108770668417e-14,1.9531250000000002e-24,3.3376183982633177e-07,1.9531250000000002e-24
2024930_WZY_DM_assembly_Plate2C8,2024930_WZY_DM_assembly_Plate2,,,C8,Plate2_C8,Urea,cycle 5,,0.1725,48 h,,"growth curve data NA, so 48 h label rather than 0: 0.05:48 was used",Ho lab/7_Shared data/16s rRNA/Raw reads/2024930_DM_assembly/Plate2,,0.0,0.0,0.0001368737247789,0.0,0.0,0.0,0.0,0.0,not_assessable,review_required,True,,0.1329043867603717,0.0004790580367263,0.0,0.0,0.0112725289050102,0.0001270970301518,0.0,0.0,0.0015936012242121,0.0071858705508954,0.0,0.0,0.0,0.0,0.0,7.821355701654953e-05,1.9531250000000002e-24,1.9531250000000002e-24,1.9531250000000002e-24,1.9531250000000002e-24,1.2086294507767151e-17,7.033666214149751e-14,3.6345412865839994e-11,1.1534949190596747e-12,8.576218910486523e-12,6.593980591633738e-18,4.259159554229647e-12,6.467793670024937e-14,7.239269091711158e-10,1.9531250000000002e-24,0.009534983251303322,1.9531250000000002e-24
2024930_WZY_DM_assembly_Plate2C9,2024930_WZY_DM_assembly_Plate2,,,C9,Plate2_C9,Urea,cycle 5,,0.2215,48 h,,"growth curve data NA, so 48 h label rather than 0: 0.05:48 was used",Ho lab/7_Shared data/16s rRNA/Raw reads/2024930_DM_assembly/Plate2,,0.0,0.0,0.0005841344108889,0.0,0.0,0.0,0.0,0.0,not_assessable,review_required,True,,0.1430846660995321,0.0006029774564015,0.0,6.595065929391748e-05,0.0114659931943853,0.0012530625265844,0.0,0.0,0.0013001701403658,0.0053985325393449,0.0,0.0265310080816673,0.0,0.0,0.0,0.000103636750319,1.9531250000000002e-24,1.9531250000000002e-24,1.9531250000000002e-24,1.9531250000000002e-24,2.772929825595675e-15,1.1191591962384273e-10,3.5767665662105258e-12,1.1737917981309543e-09,1.2017499074197267e-08,5.611353881185066e-10,7.43290959257383e-11,2.424126227211208e-11,2.030651274625368e-06,1.9531250000000002e-24,0.036349241574001545,1.9531250000000002e-24
2024930_WZY_DM_assembly_Plate2D10,2024930_WZY_DM_assembly_Plate2,,,D10,Plate2_D10,Glutamate,cycle 5,,0.4235,48 h,,"growth curve data NA, so 48 h label rather than 0: 0.05:48 was used",Ho lab/7_Shared data/16s rRNA/Raw reads/2024930_DM_assembly/Plate2,,0.0,0.0,0.003270126247798,0.0,0.0,0.0,0.0,0.0,not_assessable,review_required,True,,0.2452346007046388,0.0011066206694069,0.0,4.973576042278332e-05,0.0192353053435114,0.0065029506752789,0.0,6.216970052847915e-05,0.0028100704638872,0.0212869054609512,0.0,0.0,0.0,9.947152084556664e-05,0.0,0.0001367733411626,1.9531250000000002e-24,1.9531250000000002e-24,1.9531250000000002e-24,1.9531250000000002e-24,1.5441972692312576e-11,0.001329220452736556,0.019562932600323917,3.0354918869444157e-05,0.001794936052393844,2.326510134863176e-12,0.015015843764290835,9.561959918888717e-05,0.12723470540853357,1.9531250000000002e-24,0.05867390629754425,1.9531250000000002e-24
2024930_WZY_DM_assembly_Plate2D11,2024930_WZY_DM_assembly_Plate2,,,D11,Plate2_D11,Glutamate,cycle 5,,0.2505,48 h,,"growth curve data NA, so 48 h label rather than 0: 0.05:48 was used",Ho lab/7_Shared data/16s rRNA/Raw reads/2024930_DM_assembly/Plate2,,0.0,0.0,0.0027126587005227,0.0,0.0,0.0,0.0,0.0,not_assessable,review_required,True,,0.0495138162808065,0.0014030993278566,0.0,0.0002182598954443,0.0294962658700522,0.0001247199402539,0.0,0.0,0.0050511575802837,0.0017772591486183,0.0,6.235997012696042e-05,0.0,0.0,0.0,0.0,1.9531250000000002e-24,1.9531250000000002e-24,1.9531250000000002e-24,1.9531250000000002e-24,1.4988470658130022e-20,3.113646221187036e-18,3.5465738930379396e-12,6.515782781898671e-18,1.8669353935433545e-17,9.539744974339425e-21,1.3682173770355232e-17,1.3513139506770144e-18,2.7212291895835442e-16,1.9531250000000002e-24,1.5343757572134587e-10,1.9531250000000002e-24
2024930_WZY_DM_assembly_Plate2D12,2024930_WZY_DM_assembly_Plate2,,,D12,Plate2_D12,Glutamate,cycle 5,,0.1905,48 h,,"growth curve data NA, so 48 h label rather than 0: 0.05:48 was used",Ho lab/7_Shared data/16s rRNA/Raw reads/2024930_DM_assembly/Plate2,,0.0,0.0,0.0003286686475606,0.0,0.0,0.0,0.0,0.0,not_assessable,review_required,True,,0.034656282948337,0.0009677465733729,0.0,0.0005112623406498,0.0178394038148183,0.0057882200709287,0.0,0.0,0.0003286686475606,0.0136580082430748,0.0,0.0029945365666634,0.0,0.0,0.0,0.0,1.9531250000000002e-24,1.9531250000000002e-24,1.9531250000000002e-24,1.9531250000000002e-24,3.740979036000878e-21,3.1297666684250875e-17,9.797822835247271e-10,3.3813893328830385e-19,1.3657670625978674e-18,6.828872842437278e-21,2.1291869849959284e-18,2.1282623479887427e-19,6.940169463975335e-18,1.9531250000000002e-24,5.122214875697476e-13,1.9531250000000002e-24
2024930_WZY_DM_assembly_Plate2D1,2024930_WZY_DM_assembly_Plate2,,,D1,Plate2_D1,Succinate,cycle 5,,0.2235,48 h,,"growth curve data NA, so 48 h label rather than 0: 0.05:48 was used",Ho lab/7_Shared data/16s rRNA/Raw reads/2024930_DM_assembly/Plate2,,0.0,0.0,0.0,0.0,0.0,0.0,0.0,0.0,not_assessable,review_required,True,,0.0625663664614145,0.0002057892616677,0.0,0.0,0.0035755884214766,0.0008038643033895,0.0,0.0,0.0005466277263048,0.0056849283535708,0.0,0.0,0.0,3.215457213558152e-05,0.0,4.501640098981412e-05,1.9531250000000002e-24,1.9531250000000002e-24,1.9531250000000002e-24,1.9531250000000002e-24,3.0336984564475235e-21,4.82310575167408e-19,2.1174484543467753e-16,6.552852461991311e-19,1.8635587594534344e-18,2.242097371559982e-21,1.5665319701211938e-18,1.9302911287564595e-19,1.5429497361375587e-17,1.9531250000000002e-24,3.411384360733135e-13,1.9531250000000002e-24
2024930_WZY_DM_assembly_Plate2D2,2024930_WZY_DM_assembly_Plate2,,,D2,Plate2_D2,Succinate,cycle 5,,0.2285,48 h,,"growth curve data NA, so 48 h label rather than 0: 0.05:48 was used",Ho lab/7_Shared data/16s rRNA/Raw reads/2024930_DM_assembly/Plate2,,0.0,0.0,6.282650536156173e-05,0.0,0.0,0.0,0.0,0.0,not_assessable,review_required,True,,0.0393084501878837,0.0011099349280542,0.0,0.0,0.0137171203372743,0.0044606818806708,0.0,0.0001256530107231,0.0031622674365319,0.0132145082943818,0.0,4.188433690770782e-05,0.0,0.0,0.0,0.0001047108422692,1.9531250000000002e-24,1.9531250000000002e-24,1.9531250000000002e-24,1.9531250000000002e-24,2.0411966279914796e-21,1.7481925429899094e-17,5.014454478471571e-06,1.483250977240298e-19,5.683318132932619e-19,1.0715878419154256e-21,1.1340870454899925e-18,1.0445744802506197e-19,2.5194608056229455e-18,1.9531250000000002e-24,1.5478089411041407e-13,1.9531250000000002e-24
2024930_WZY_DM_assembly_Plate2D3,2024930_WZY_DM_assembly_Plate2,,,D3,Plate2_D3,Succinate,cycle 5,,0.2515,48 h,,"growth curve data NA, so 48 h label rather than 0: 0.05:48 was used",Ho lab/7_Shared data/16s rRNA/Raw reads/2024930_DM_assembly/Plate2,,0.0,0.0,0.0,0.0,0.0,0.0,0.0,0.0,not_assessable,review_required,True,,0.0648084463542366,0.0018236873908956,0.0,0.0,0.0264772391567073,0.0012495635826507,0.0,0.0,0.0044916744997985,0.0,0.0,0.0,0.0,0.0,0.0,0.0001688599436014,1.9531250000000002e-24,1.9531250000000002e-24,1.9531250000000002e-24,1.9531250000000002e-24,7.191879040500122e-20,1.78324149203026e-17,4.742293364390039e-14,7.951018162846719e-17,2.5197571731542443e-16,3.087380422252909e-20,2.721767658788366e-16,1.2278700733115714e-17,6.20819548376327e-15,1.9531250000000002e-24,2.062177971445126e-08,1.9531250000000002e-24
2024930_WZY_DM_assembly_Plate2D4,2024930_WZY_DM_assembly_Plate2,,,D4,Plate2_D4,Succinate,cycle 5,,0.2165,48 h,,"growth curve data NA, so 48 h label rather than 0: 0.05:48 was used",Ho lab/7_Shared data/16s rRNA/Raw reads/2024930_DM_assembly/Plate2,,0.0,0.0,0.0001021987577639,0.0,0.0,0.0,0.0,0.0,not_assessable,review_required,True,,0.0886063229813664,0.0001183354037267,0.0,0.0,0.0006078136645962,0.0001882608695652,0.0,8.06832298136646e-05,0.0006831180124223,0.0075250559006211,0.0,0.0195576149068322,0.0,0.0,0.0,0.0,1.9531250000000002e-24,1.9531250000000002e-24,1.9531250000000002e-24,1.9531250000000002e-24,6.802640138534396e-19,1.6164918286147595e-15,1.3205530667383476e-13,1.6735499357710632e-15,8.06938837919787e-15,1.0371017836987915e-14,1.308217581492141e-16,1.6945207823165275e-16,3.24159947693136e-13,1.9531250000000002e-24,7.422448093834414e-06,1.9531250000000002e-24
2024930_WZY_DM_assembly_Plate2D5,2024930_WZY_DM_assembly_Plate2,,,D5,Plate2_D5,Succinate,cycle 5,,0.3325,48 h,,"growth curve data NA, so 48 h label rather than 0: 0.05:48 was used",Ho lab/7_Shared data/16s rRNA/Raw reads/2024930_DM_assembly/Plate2,,0.0,0.0,0.0,0.0,0.0,0.0,0.0,0.0,not_assessable,review_required,True,,0.046404964606849,0.0001590300363497,0.0,0.0,0.0196561124928257,0.0069019035775779,0.0,0.0,0.0027353166252152,0.0,0.0,0.0083967859192653,0.0,6.361201453988904e-05,0.0,0.0,1.9531250000000002e-24,1.9531250000000002e-24,1.9531250000000002e-24,1.9531250000000002e-24,3.2476691294435027e-20,3.457554450151582e-17,7.545036780373086e-17,1.2235531702009324e-17,3.300519971230049e-17,7.475131107626982e-19,4.973078554883212e-17,2.4186761996466515e-18,6.132041609408037e-16,1.9531250000000002e-24,1.4819132368396434e-09,1.9531250000000002e-24
2024930_WZY_DM_assembly_Plate2D6,2024930_WZY_DM_assembly_Plate2,,,D6,Plate2_D6,Succinate,cycle 5,,0.2535,48 h,,"growth curve data NA, so 48 h label rather than 0: 0.05:48 was used",Ho lab/7_Shared data/16s rRNA/Raw reads/2024930_DM_assembly/Plate2,,0.0,0.0,0.0,0.0,0.0,0.0,0.0,0.0,not_assessable,review_required,True,,0.0204828094992739,0.0004037191437538,0.0,0.0,0.007421307789592,0.0003206004965103,0.0,4.749636985338891e-05,0.0001543632020235,0.0064595063000608,0.0,3.562227739004169e-05,0.0,0.0,0.0,5.9370462316736146e-05,1.9531250000000002e-24,1.9531250000000002e-24,1.9531250000000002e-24,1.9531250000000002e-24,4.913243832914245e-23,1.452619697843882e-21,1.3403368678395986e-17,4.464611033450701e-22,8.4432691590399125e-22,1.9531250000000002e-24,6.512498665794157e-22,3.354898261811253e-22,1.76613427802212e-21,1.9531250000000002e-24,1.6048398657298792e-19,1.9531250000000002e-24
2024930_WZY_DM_assembly_Plate2D7,2024930_WZY_DM_assembly_Plate2,,,D7,Plate2_D7,Glutamate,cycle 5,,0.2965,48 h,,"growth curve data NA, so 48 h label rather than 0: 0.05:48 was used",Ho lab/7_Shared data/16s rRNA/Raw reads/2024930_DM_assembly/Plate2,,0.0,0.0,0.0048470097967539,0.0,0.0,0.0,0.0,0.0,not_assessable,review_required,True,,0.201623468343325,0.0004508846322561,0.0,0.0,0.0149485597309548,0.000225442316128,0.0,0.0,0.0002167714578154,0.0060609299605205,0.0,0.0,0.0,0.0,0.0,0.000112721158064,1.9531250000000002e-24,1.9531250000000002e-24,1.9531250000000002e-24,1.9531250000000002e-24,2.4696413388478516e-14,1.039335117700675e-09,4.260215908549503e-12,3.761573496356675e-07,6.007738393027591e-06,8.24664692395242e-15,3.0272115416612873e-06,6.4725389047909024e-09,0.0012532051632649734,1.9531250000000002e-24,0.04420911155961923,1.9531250000000002e-24
2024930_WZY_DM_assembly_Plate2D8,2024930_WZY_DM_assembly_Plate2,,,D8,Plate2_D8,Glutamate,cycle 5,,0.3835,48 h,,"growth curve data NA, so 48 h label rather than 0: 0.05:48 was used",Ho lab/7_Shared data/16s rRNA/Raw reads/2024930_DM_assembly/Plate2,,0.0,0.0,0.0065465977503168,0.0,0.0,0.0,0.0,0.0,not_assessable,review_required,True,,0.0217814876425855,0.0001215145754119,0.0,0.0,0.0236497742395437,0.0047846364068441,0.0,3.0378643852978453e-05,0.0003493544043092,0.0240598859315589,0.0,4.556796577946768e-05,0.0,0.0,4.556796577946768e-05,0.0001822718631178,1.9531250000000002e-24,1.9531250000000002e-24,1.9531250000000002e-24,1.9531250000000002e-24,8.152130856043367e-22,8.203293034869783e-17,0.0042908874266280005,4.247162797953584e-20,2.32709163650094e-19,6.131093867892721e-22,3.479028205894586e-19,5.3355091482609e-20,5.384487480015423e-19,1.9531250000000002e-24,4.966759525097789e-15,1.9531250000000002e-24
2024930_WZY_DM_assembly_Plate2D9,2024930_WZY_DM_assembly_Plate2,,,D9,Plate2_D9,Glutamate,cycle 5,,0.5655,48 h,,"growth curve data NA, so 48 h label rather than 0: 0.05:48 was used",Ho lab/7_Shared data/16s rRNA/Raw reads/2024930_DM_assembly/Plate2,,0.0,0.0,0.0005051236880629,0.0,0.0,0.0,0.0,0.0,not_assessable,review_required,True,,0.3907552663573431,0.0006594670371932,0.0,0.0,0.0110565962831551,0.0003928739796044,0.0,4.209364067191028e-05,0.0013329652879438,0.002637868148773,0.0,0.0,0.0,0.0,0.0,0.0,1.9531250000000002e-24,1.9531250000000002e-24,1.9531250000000002e-24,1.9531250000000002e-24,3.8449884871019e-06,0.01322218333651676,1.0180480437445497e-07,0.00018576932022204592,0.012690771821181222,4.484132424090562e-07,0.062302715367605004,0.054505843591608705,0.3130694706222482,1.9531250000000002e-24,0.08434700678372445,1.9531250000000002e-24
2024930_WZY_DM_assembly_Plate2E10,2024930_WZY_DM_assembly_Plate2,,,E10,Plate2_E10,Acid_mix,cycle 5,,0.3025,48 h,,"growth curve data NA, so 48 h label rather than 0: 0.05:48 was used",Ho lab/7_Shared data/16s rRNA/Raw reads/2024930_DM_assembly/Plate2,,0.0,0.0,2.49731693222158e-05,0.0,0.0,0.0,0.0,0.0,not_assessable,review_required,True,,0.0648553207297944,0.0001581634057073,0.0,0.0005410853353146,0.0046200363246099,0.0019312584275846,0.0,2.49731693222158e-05,0.0004578414375739,0.0485478411623875,0.0,0.1538180742453011,0.0,4.1621948870359665e-05,0.0,0.0001331902363851,1.9531250000000002e-24,1.9531250000000002e-24,1.9531250000000002e-24,1.9531250000000002e-24,1.8056474617693696e-10,0.014822346887216066,0.0323740609973303,1.5465263094998079e-06,3.3622049383132374e-05,0.02139142869190228,1.6521187476853016e-17,5.226798222219937e-09,0.013856463051190007,1.9531250000000002e-24,0.05901429575858051,1.9531250000000002e-24
2024930_WZY_DM_assembly_Plate2E11,2024930_WZY_DM_assembly_Plate2,,,E11,Plate2_E11,Acid_mix,cycle 5,,0.1445,48 h,,"growth curve data NA, so 48 h label rather than 0: 0.05:48 was used",Ho lab/7_Shared data/16s rRNA/Raw reads/2024930_DM_assembly/Plate2,,0.0,0.0,0.0,0.0,0.0,0.0,0.0,0.0,not_assessable,review_required,True,,0.0181356275303643,0.0012108558516147,0.0,0.0013196968270407,0.0094963751059222,2.7210243856510684e-05,0.0,5.442048771302137e-05,0.0013196968270407,0.0025033424347989,0.0,0.0153873929008567,0.0,0.0002584973166368,0.0,0.0,1.9531250000000002e-24,1.9531250000000002e-24,1.9531250000000002e-24,1.9531250000000002e-24,7.210512980510229e-22,2.1455453008609352e-20,8.181857009547611e-19,9.034522034805647e-21,1.7273529530436202e-20,1.2912254742727011e-18,6.076311454448847e-22,3.432913639604032e-21,8.299440512271637e-20,1.9531250000000002e-24,6.118222955992949e-16,1.9531250000000002e-24
2024930_WZY_DM_assembly_Plate2E12,2024930_WZY_DM_assembly_Plate2,,,E12,Plate2_E12,Acid_mix,cycle 5,,0.1185,48 h,,"growth curve data NA, so 48 h label rather than 0: 0.05:48 was used",Ho lab/7_Shared data/16s rRNA/Raw reads/2024930_DM_assembly/Plate2,,0.0,0.0,0.0,9.260224016671008e-05,0.0,0.0,0.0,0.0,not_assessable,review_required,True,,0.0011575280020838,0.0002160718937223,0.0,0.0019755144568898,0.011174003646783,0.0056333029434748,0.0,7.71685334722584e-05,0.001435334722584,0.0367476556394894,0.0,0.0,0.0,7.71685334722584e-05,0.0,0.0004012763740557,1.9531250000000002e-24,1.9531250000000002e-24,1.9531250000000002e-24,1.9531250000000002e-24,4.4549991207555544e-23,1.054406545476309e-16,0.022761034619798448,1.6883753219103647e-22,1.1464313314286821e-21,1.9531250000000002e-24,1.079803542974088e-21,7.518135064677943e-22,5.561057468794425e-22,1.9531250000000002e-24,1.8720350434915087e-19,1.9531250000000002e-24
2024930_WZY_DM_assembly_Plate2E1,2024930_WZY_DM_assembly_Plate2,,,E1,Plate2_E1,Pyruvate,cycle 5,,0.1505,48 h,,"growth curve data NA, so 48 h label rather than 0: 0.05:48 was used",Ho lab/7_Shared data/16s rRNA/Raw reads/2024930_DM_assembly/Plate2,,0.0,0.0,5.63248502994012e-05,0.0,0.0,0.0,0.0,0.0,not_assessable,review_required,True,,7.040606287425149e-05,0.000746304266467,0.0,0.0,0.0177141654191616,0.0121802488772455,0.0024923746257485,0.0,0.0025627806886227,0.059816991017964,0.0,0.0,5.63248502994012e-05,0.0010701721556886,0.0005069236526946,0.0,1.9531250000000002e-24,1.9531250000000002e-24,1.9531250000000002e-24,1.9531250000000002e-24,3.15479986896492e-22,3.0210108538327904e-11,0.03909123950138297,3.9691089644807785e-21,9.969685550739602e-20,1.9531250000000002e-24,3.1399611084800026e-19,6.176817614677851e-20,2.641190207130344e-20,1.9531250000000002e-24,2.0580724916595384e-15,1.9531250000000002e-24
2024930_WZY_DM_assembly_Plate2E2,2024930_WZY_DM_assembly_Plate2,low growth,,E2,Plate2_E2,Pyruvate,cycle 5,,-0.0185,48 h,,"growth curve data NA, so 48 h label rather than 0: 0.05:48 was used",Ho lab/7_Shared data/16s rRNA/Raw reads/2024930_DM_assembly/Plate2,,-0.0,-0.0,-0.0,-0.0,-0.0,-0.0,-0.0,-0.0,not_assessable,review_required,False,low growth,0.0,0.0,0.0,0.0,0.0,0.0,0.0,0.0,0.0,0.0,0.0,0.0,0.0,0.0,0.0,0.0,1.9531250000000002e-24,1.9531250000000002e-24,1.9531250000000002e-24,1.9531250000000002e-24,1.9531250000000002e-24,1.9531250000000002e-24,1.9531250000000002e-24,1.9531250000000002e-24,1.9531250000000002e-24,1.9531250000000002e-24,1.9531250000000002e-24,1.9531250000000002e-24,1.9531250000000002e-24,1.9531250000000002e-24,1.9531250000000002e-24,1.9531250000000002e-24
2024930_WZY_DM_assembly_Plate2E3,2024930_WZY_DM_assembly_Plate2,low growth,,E3,Plate2_E3,Pyruvate,cycle 5,,-0.0085,48 h,,"growth curve data NA, so 48 h label rather than 0: 0.05:48 was used",Ho lab/7_Shared data/16s rRNA/Raw reads/2024930_DM_assembly/Plate2,,-0.0,-0.0,-0.0,-0.0,-0.0,-0.0,-0.0,-0.0,not_assessable,review_required,False,low growth,0.0,0.0,0.0,0.0,0.0,0.0,0.0,0.0,0.0,0.0,0.0,0.0,0.0,0.0,0.0,0.0,1.9531250000000002e-24,1.9531250000000002e-24,1.9531250000000002e-24,1.9531250000000002e-24,1.9531250000000002e-24,1.9531250000000002e-24,1.9531250000000002e-24,1.9531250000000002e-24,1.9531250000000002e-24,1.9531250000000002e-24,1.9531250000000002e-24,1.9531250000000002e-24,1.9531250000000002e-24,1.9531250000000002e-24,1.9531250000000002e-24,1.9531250000000002e-24
2024930_WZY_DM_assembly_Plate2E4,2024930_WZY_DM_assembly_Plate2,,,E4,Plate2_E4,Pyruvate,cycle 5,,0.0595,48 h,,"growth curve data NA, so 48 h label rather than 0: 0.05:48 was used",Ho lab/7_Shared data/16s rRNA/Raw reads/2024930_DM_assembly/Plate2,,0.0,0.0,0.0002588128681468,0.0,0.0,0.0,0.0,0.0,not_assessable,review_required,True,,3.23516085183507e-05,4.852741277752605e-05,0.0,0.0,0.0074840054372451,0.0002102854553692,0.0001024467603081,2.695967376529225e-05,0.0002426370638876,0.0010298595378341,0.0,1.07838695061169e-05,0.0,0.0001833257816039,0.0,0.0,1.9531250000000002e-24,1.9531250000000002e-24,1.9531250000000002e-24,1.9531250000000002e-24,1.9531250000000002e-24,1.9531250000000002e-24,7.477007812785031e-23,9.042068606622844e-24,1.051890127641483e-23,1.9531250000000002e-24,1.0170601307273428e-23,8.062471751810673e-24,1.2980444278652394e-23,1.9531250000000002e-24,5.351993728730712e-23,1.9531250000000002e-24
2024930_WZY_DM_assembly_Plate2E5,2024930_WZY_DM_assembly_Plate2,,,E5,Plate2_E5,Pyruvate,cycle 5,,0.2005,48 h,,"growth curve data NA, so 48 h label rather than 0: 0.05:48 was used",Ho lab/7_Shared data/16s rRNA/Raw reads/2024930_DM_assembly/Plate2,,0.0,0.0,0.0014748024316109,0.0,0.0,0.0,0.0,0.0,not_assessable,review_required,True,,4.875379939209727e-05,0.000536291793313,0.0,0.0,0.0084465957446808,0.0009385106382978,0.0024011246200607,3.6565349544072946e-05,0.0005972340425531,2.437689969604863e-05,0.0,0.0,0.0,0.0001584498480243,0.0,0.0,1.9531250000000002e-24,1.9531250000000002e-24,1.9531250000000002e-24,1.9531250000000002e-24,7.449148096256744e-24,1.9531250000000002e-24,1.9531250000000002e-24,1.9833800955712847e-23,2.3692571674917144e-23,1.9531250000000002e-24,2.789599580647026e-23,1.4675148934382062e-23,3.4816463024247945e-23,1.9531250000000002e-24,4.186365867040014e-22,1.9531250000000002e-24
2024930_WZY_DM_assembly_Plate2E6,2024930_WZY_DM_assembly_Plate2,,,E6,Plate2_E6,Pyruvate,cycle 5,,0.1365,48 h,,"growth curve data NA, so 48 h label rather than 0: 0.05:48 was used",Ho lab/7_Shared data/16s rRNA/Raw reads/2024930_DM_assembly/Plate2,,0.0,0.0,0.0002198389458272,0.0,0.0,0.0,1.9985358711566618e-05,0.0,not_assessable,review_required,True,,5.995607613469986e-05,0.0,0.0,0.0,0.0093531478770131,0.0028678989751098,0.0059656295754026,9.992679355783309e-06,0.0001898609077598,0.0,0.0,0.0,0.0,0.0001398975109809,0.0,0.0,1.9531250000000002e-24,1.9531250000000002e-24,1.9531250000000002e-24,1.9531250000000002e-24,1.211613692529725e-23,6.649600020986377e-23,1.9531250000000002e-24,7.210946612922423e-23,9.213927068113143e-23,1.9531250000000002e-24,1.864051986539472e-22,3.8147536208202316e-23,1.725330908947909e-22,1.9531250000000002e-24,6.493550095460321e-21,1.9531250000000002e-24
2024930_WZY_DM_assembly_Plate2E7,2024930_WZY_DM_assembly_Plate2,,,E7,Plate2_E7,Acid_mix,cycle 5,,0.3265,48 h,,"growth curve data NA, so 48 h label rather than 0: 0.05:48 was used",Ho lab/7_Shared data/16s rRNA/Raw reads/2024930_DM_assembly/Plate2,,0.0,0.0,0.0,0.0,0.0,0.0,0.0,0.0,not_assessable,review_required,True,,0.0270624441465594,0.0005835567470956,0.0,0.0,0.0134947497765862,0.0047413985701519,0.0,0.0,0.0010941689008042,0.0054708445040214,0.0,0.1194832439678284,0.0,0.0013130026809651,0.0,0.0,1.9531250000000002e-24,1.9531250000000002e-24,1.9531250000000002e-24,1.9531250000000002e-24,5.619577746929349e-14,6.979410737975662e-08,1.2105370311283656e-13,7.188013636000738e-11,5.62830058056193e-10,0.01576818019298345,3.669427720515985e-19,5.427035233121974e-13,1.0116072767980369e-07,1.9531250000000002e-24,0.0413627612449355,1.9531250000000002e-24
2024930_WZY_DM_assembly_Plate2E8,2024930_WZY_DM_assembly_Plate2,,,E8,Plate2_E8,Acid_mix,cycle 5,,0.2605,48 h,,"growth curve data NA, so 48 h label rather than 0: 0.05:48 was used",Ho lab/7_Shared data/16s rRNA/Raw reads/2024930_DM_assembly/Plate2,,0.0,0.0,0.0,0.0,0.0,0.0,0.0,0.0,not_assessable,review_required,True,,0.0584646061616642,0.000248213434969,0.0,0.0,0.0136413966968397,0.0081496744481499,0.0,0.0001447911703986,0.001220382721931,0.0506458829601397,0.0,0.0512147054152771,0.0,0.0008066936636493,0.0,0.0001137644910274,1.9531250000000002e-24,1.9531250000000002e-24,1.9531250000000002e-24,1.9531250000000002e-24,1.0583553749895964e-16,9.995906881462682e-06,0.03368838195653885,2.881956972438703e-13,1.289722347743174e-11,5.6541591147620295e-06,1.2465486498543841e-15,1.6500660797622406e-13,1.6089561120458354e-10,1.9531250000000002e-24,0.0209565671947628,1.9531250000000002e-24
2024930_WZY_DM_assembly_Plate2E9,2024930_WZY_DM_assembly_Plate2,,,E9,Plate2_E9,Acid_mix,cycle 5,,0.1185,48 h,,"growth curve data NA, so 48 h label rather than 0: 0.05:48 was used",Ho lab/7_Shared data/16s rRNA/Raw reads/2024930_DM_assembly/Plate2,,0.0,0.0,0.0,0.0,0.0,0.0,0.0,0.0,not_assessable,review_required,True,,0.0457368421052631,0.000730440967283,0.0,0.0004307728781412,0.0006555239449976,0.0025097202465623,0.0,0.0001498340445708,0.0004869606448553,0.007060929350403,0.0,0.0,0.0,0.0004307728781412,0.0,0.0,1.9531250000000002e-24,1.9531250000000002e-24,1.9531250000000002e-24,1.9531250000000002e-24,6.181422188324714e-22,1.3497017884717445e-19,1.1390523063625999e-15,2.785850285296051e-20,7.281767058834348e-20,1.9531250000000002e-24,8.814749379074004e-20,1.504419412159622e-20,2.862637121390609e-19,1.9531250000000002e-24,1.3635552909430324e-15,1.9531250000000002e-24
2024930_WZY_DM_assembly_Plate2F10,2024930_WZY_DM_assembly_Plate2,,,F10,Plate2_F10,Host_sugar_mix,cycle 5,,0.9255,48 h,,"growth curve data NA, so 48 h label rather than 0: 0.05:48 was used",Ho lab/7_Shared data/16s rRNA/Raw reads/2024930_DM_assembly/Plate2,,0.0,0.0018681825194785,0.0065326891923165,0.0,0.0,0.0,0.0,0.0009043431304481,not_assessable,review_required,True,,0.0017491900023142,5.949625858211834e-05,0.0196932615906811,0.0008210483684332,0.1681959230116485,0.0338533711332253,0.0011304289130602,0.0558193898017434,0.0027963241533595,0.02578567846949,0.0001903880274627,0.0,0.0093171140939597,0.3703166126668209,0.0007734513615675,0.0102214572244079,1.9531250000000002e-24,1.9531250000000002e-24,1.9531250000000002e-24,1.9531250000000002e-24,0.022846599927590038,0.06279927503444664,1.245018262311477e-13,7.874472489354902e-16,4.803558190478992e-19,0.010083341018477882,3.0166606106696007e-24,4.189818350502356e-24,0.0015662299298546886,1.9531250000000002e-24,0.18917935271148492,1.9531250000000002e-24
2024930_WZY_DM_assembly_Plate2F11,2024930_WZY_DM_assembly_Plate2,,,F11,Plate2_F11,Host_sugar_mix,cycle 5,,0.8325,48 h,,"growth curve data NA, so 48 h label rather than 0: 0.05:48 was used",Ho lab/7_Shared data/16s rRNA/Raw reads/2024930_DM_assembly/Plate2,,0.0,0.0038260184388103,0.0064036683235677,0.0,0.0,0.0,0.0,0.0001849434894893,not_assessable,review_required,True,,0.0512640234928216,0.0007513329260503,0.0029013009913637,0.0001271486490239,0.0068313501430118,0.0161016425536641,0.0002196203937685,0.1349740704229263,0.0064499041959401,0.0042883771625336,0.0,0.0,0.0095014717725139,0.2714739246341396,0.0015373427563799,0.0048663255671878,1.9531250000000002e-24,1.9531250000000002e-24,1.9531250000000002e-24,1.9531250000000002e-24,1.1332614789277194e-06,0.04300657890389075,0.01961754705618274,0.04174110597577527,0.0004078245654709827,1.279329305548582e-05,9.871069542456463e-19,2.6602938766277672e-14,6.237496965206353e-05,1.9531250000000002e-24,0.13801948370645084,1.9531250000000002e-24
2024930_WZY_DM_assembly_Plate2F12,2024930_WZY_DM_assembly_Plate2,,,F12,Plate2_F12,Host_sugar_mix,cycle 5,,0.9485,48 h,,"growth curve data NA, so 48 h label rather than 0: 0.05:48 was used",Ho lab/7_Shared data/16s rRNA/Raw reads/2024930_DM_assembly/Plate2,,0.0,0.0016294676355594,0.0024161071837605,0.0,0.0,0.0,0.0,0.0008709223569369,not_assessable,review_required,True,,0.0016201028790332,0.000599344417677,0.0040736690888985,0.0,0.0179709677737846,0.0024816604794439,0.0001217418348406,0.1584142213972592,0.0113594496662849,0.0322896805023498,0.0,2.809426957861064e-05,0.0002434836696812,0.2746964031831286,0.0,0.0008334633308321,1.9531250000000002e-24,1.9531250000000002e-24,1.9531250000000002e-24,1.9531250000000002e-24,1.6234721998400084e-10,0.04253508342657414,0.04093883171914276,0.0014052964927829099,0.0014401535226843184,1.0607042551671937e-06,4.6649273290792955e-19,1.4407541928187773e-15,3.274948995096207e-10,1.9531250000000002e-24,0.12907294475318196,1.9531250000000002e-24
2024930_WZY_DM_assembly_Plate2F1,2024930_WZY_DM_assembly_Plate2,,,F1,Plate2_F1,Lactate,cycle 5,,0.1955,48 h,,"growth curve data NA, so 48 h label rather than 0: 0.05:48 was used",Ho lab/7_Shared data/16s rRNA/Raw reads/2024930_DM_assembly/Plate2,,0.0,0.0,0.0,0.0,0.0,0.0,0.0,0.0,not_assessable,review_required,True,,0.0333290112680526,0.0018243770830026,0.0,9.3080463418505e-05,0.0042382637676559,0.0052000952229804,0.0,0.0,9.928582764640534e-05,0.0154947944770671,0.0,0.0344707982859863,0.0,0.0002358038406602,0.0,0.0001179019203301,1.9531250000000002e-24,1.9531250000000002e-24,1.9531250000000002e-24,1.9531250000000002e-24,1.136740153425001e-19,6.33556139136637e-15,1.7566084699206617e-08,6.668406934502313e-18,3.460068928728029e-17,1.7043665140076856e-12,1.218943915110231e-19,2.691135665523954e-18,3.925708218493193e-16,1.9531250000000002e-24,5.885868475748095e-09,1.9531250000000002e-24
2024930_WZY_DM_assembly_Plate2F2,2024930_WZY_DM_assembly_Plate2,,,F2,Plate2_F2,Lactate,cycle 5,,0.1855,48 h,,"growth curve data NA, so 48 h label rather than 0: 0.05:48 was used",Ho lab/7_Shared data/16s rRNA/Raw reads/2024930_DM_assembly/Plate2,,0.0,0.0,0.0,0.0,0.0,0.0,0.0,0.0,not_assessable,review_required,True,,0.0185004112687641,0.0178900884227842,0.0,0.0042722599218589,0.0455071972033724,0.0439050997326753,0.0,0.0,0.0005721776681061,0.000724758379601,0.0,0.0,0.0,0.008658955377339,0.0,0.0003051614229899,1.9531250000000002e-24,1.9531250000000002e-24,1.9531250000000002e-24,1.9531250000000002e-24,7.359307713450183e-16,4.103849992479577e-07,1.845497811993203e-14,8.47573979045584e-14,1.292715156738533e-12,3.8773574125773316e-20,2.78993289732105e-08,3.2590174107372574e-13,5.420430325715065e-12,1.9531250000000002e-24,0.02996559968348834,1.9531250000000002e-24
2024930_WZY_DM_assembly_Plate2F3,2024930_WZY_DM_assembly_Plate2,,,F3,Plate2_F3,Lactate,cycle 5,,0.2805,48 h,,"growth curve data NA, so 48 h label rather than 0: 0.05:48 was used",Ho lab/7_Shared data/16s rRNA/Raw reads/2024930_DM_assembly/Plate2,,0.0,0.0,0.0,0.0,0.0,0.0,0.0,0.0,not_assessable,review_required,True,,0.1111876589560373,0.0046540511081506,0.0,0.0003057405837471,0.0079832263533971,0.0007473658713818,0.0,0.0,6.794235194380527e-05,0.0745667312583262,0.0,0.0,0.0,0.0065904081385491,0.0,0.0003057405837471,1.9531250000000002e-24,1.9531250000000002e-24,1.9531250000000002e-24,1.9531250000000002e-24,6.5439865424253844e-18,2.052456964940426e-05,0.04633885281952284,8.508300628345743e-14,1.5382844943080772e-11,1.0874688765084095e-17,1.7414650820877972e-13,4.2449042131006077e-13,1.6009180594017752e-11,1.9531250000000002e-24,0.007744053424735932,1.9531250000000002e-24
2024930_WZY_DM_assembly_Plate2F4,2024930_WZY_DM_assembly_Plate2,,,F4,Plate2_F4,Lactate,cycle 5,,0.1965,48 h,,"growth curve data NA, so 48 h label rather than 0: 0.05:48 was used",Ho lab/7_Shared data/16s rRNA/Raw reads/2024930_DM_assembly/Plate2,,0.0,0.0,0.0,0.0,0.0,0.0,0.0,0.0,not_assessable,review_required,True,,0.0091613295697878,0.0006694082149114,0.0,0.0021994841347089,0.0036721822075141,0.0029262701966128,0.0001147556939848,0.0001721335409772,0.0001338816429822,0.0048579910453572,0.0,0.0,0.0,0.0054508954642787,0.0,0.0,1.9531250000000002e-24,1.9531250000000002e-24,1.9531250000000002e-24,1.9531250000000002e-24,2.899567154652435e-23,2.9326344708860745e-21,6.694023952404115e-19,1.5971100525252746e-22,3.3137057390797448e-22,1.9531250000000002e-24,1.6478053457918053e-22,1.744192233850471e-22,2.348895213497646e-22,1.9531250000000002e-24,1.6505274047109512e-19,1.9531250000000002e-24
2024930_WZY_DM_assembly_Plate2F5,2024930_WZY_DM_assembly_Plate2,,,F5,Plate2_F5,Lactate,cycle 5,,0.2745,48 h,,"growth curve data NA, so 48 h label rather than 0: 0.05:48 was used",Ho lab/7_Shared data/16s rRNA/Raw reads/2024930_DM_assembly/Plate2,,0.0,0.0,0.0,0.0,0.0,0.0,0.0,0.0,not_assessable,review_required,True,,0.0041919674392007,0.0020221164519492,0.0,0.0004062699720811,0.000120034309933,0.0064449191025597,0.0,5.540045073833631e-05,0.0004801372397322,0.0173403410810992,0.0,0.0256781089172188,0.0,0.0042012008476571,0.0,0.0001385011268458,1.9531250000000002e-24,1.9531250000000002e-24,1.9531250000000002e-24,1.9531250000000002e-24,1.4034482686495396e-21,1.044049067123594e-16,3.0386454167653006e-07,6.582645333305669e-21,2.9143364342867304e-20,3.6778381637550613e-16,3.6229810332279224e-22,9.900727629464086e-21,3.969106946386237e-20,1.9531250000000002e-24,1.644735094178439e-14,1.9531250000000002e-24
2024930_WZY_DM_assembly_Plate2F6,2024930_WZY_DM_assembly_Plate2,,,F6,Plate2_F6,Lactate,cycle 5,,0.2185,48 h,,"growth curve data NA, so 48 h label rather than 0: 0.05:48 was used",Ho lab/7_Shared data/16s rRNA/Raw reads/2024930_DM_assembly/Plate2,,0.0,0.0,0.0,0.0,0.0,0.0,0.0,0.0,not_assessable,review_required,True,,0.0107515873015873,0.0018497354497354,0.0,0.000520238095238,0.0001156084656084,0.0011175485008818,1.9268077601410936e-05,7.707231040564374e-05,0.0011946208112874,0.0224473104056437,0.0,0.0,0.0,0.0014258377425044,0.0,0.0002697530864197,1.9531250000000002e-24,1.9531250000000002e-24,1.9531250000000002e-24,1.9531250000000002e-24,1.7939995147886516e-23,9.738401298705316e-20,0.001205681893300104,3.6853050290785496e-23,1.3485109697964925e-22,1.9531250000000002e-24,5.010173772353696e-23,1.0920074058756e-22,7.069681439328124e-23,1.9531250000000002e-24,6.446287831024359e-21,1.9531250000000002e-24
2024930_WZY_DM_assembly_Plate2F7,2024930_WZY_DM_assembly_Plate2,,,F7,Plate2_F7,Host_sugar_mix,cycle 5,,1.0175,48 h,,"growth curve data NA, so 48 h label rather than 0: 0.05:48 was used",Ho lab/7_Shared data/16s rRNA/Raw reads/2024930_DM_assembly/Plate2,,0.0,0.0005743960191099,0.0051270163187221,0.0,0.0,0.0,0.0,0.0005212112025256,not_assessable,review_required,True,,0.0848085085252516,0.0005212112025256,0.0196358342829066,0.000138280523119,0.1696808388304044,0.0028613431322328,0.0016593662774287,0.1268670614800798,0.0094988082419477,0.0192741775301337,0.0,0.0,0.0078500789278359,0.2659028089946371,0.002776247425698,2.1273926633701663e-05,1.9531250000000002e-24,1.9531250000000002e-24,1.9531250000000002e-24,1.9531250000000002e-24,0.028984723294799963,0.05151201575853792,1.716398608485283e-07,8.394566000019978e-10,6.0411948755602105e-12,0.009149135610993677,3.2197169070213743e-23,4.277002203156013e-21,0.3122596062737936,1.9531250000000002e-24,0.17521588979898495,1.9531250000000002e-24
2024930_WZY_DM_assembly_Plate2F8,2024930_WZY_DM_assembly_Plate2,,,F8,Plate2_F8,Host_sugar_mix,cycle 5,,1.1495,48 h,,"growth curve data NA, so 48 h label rather than 0: 0.05:48 was used",Ho lab/7_Shared data/16s rRNA/Raw reads/2024930_DM_assembly/Plate2,,0.0,0.0012225601973964,0.0052488584474885,0.0,0.0,0.0,0.0,0.0007987393289656,not_assessable,review_required,True,,0.1139589111999773,0.0010921537763407,0.0028200388553277,0.0004238208684307,0.0317539635270427,0.0579004509486939,0.002722234039536,0.0023473155790011,0.0086720270001985,0.0037002821974531,0.002021299526362,0.0,0.0035046725658697,0.4104216086672906,0.0019071939079383,0.0040915014606199,1.9531250000000002e-24,1.9531250000000002e-24,1.9531250000000002e-24,1.9531250000000002e-24,0.0008917475314111192,0.06690290842790737,5.712206475700255e-16,6.488989782777881e-18,3.506754614510056e-21,0.010022826084252204,2.4017830457611617e-24,2.7141351109011992e-24,8.051096278859535e-05,1.9531250000000002e-24,0.1935127021623129,1.9531250000000002e-24
2024930_WZY_DM_assembly_Plate2F9,2024930_WZY_DM_assembly_Plate2,,,F9,Plate2_F9,Host_sugar_mix,cycle 5,,0.9225,48 h,,"growth curve data NA, so 48 h label rather than 0: 0.05:48 was used",Ho lab/7_Shared data/16s rRNA/Raw reads/2024930_DM_assembly/Plate2,,0.0,0.0038297626979652,0.0026831979396238,0.0,0.0,0.0,0.0,0.0001773038286095,not_assessable,review_required,True,,0.0086169660704218,0.0002600456152939,0.0002600456152939,1.182025524063349e-05,0.0890892637486546,0.030283493926503,0.0008510583773256,0.1369376569627389,0.000803777356363,0.0053427553687663,1.182025524063349e-05,0.0052954743478038,0.0073758392701552,0.3093006188816565,0.0019503421147045,0.003321491722618,1.9531250000000002e-24,1.9531250000000002e-24,1.9531250000000002e-24,1.9531250000000002e-24,0.0005521564899160999,0.051795234532729835,1.301090076739648e-07,1.3731240522966787e-08,3.051162918950911e-11,0.005073020862347768,5.885247218091521e-23,1.42680679596146e-20,0.12238355580335503,1.9531250000000002e-24,0.16409414607406173,1.9531250000000002e-24
2024930_WZY_DM_assembly_Plate2G10,2024930_WZY_DM_assembly_Plate2,,,G10,Plate2_G10,Master_mix,cycle 5,,0.7635,48 h,,"growth curve data NA, so 48 h label rather than 0: 0.05:48 was used",Ho lab/7_Shared data/16s rRNA/Raw reads/2024930_DM_assembly/Plate2,,0.0,0.0059617775928328,0.0063729346682006,0.0,0.0,0.0,0.0,0.0,not_assessable,review_required,True,,0.1412137664308618,0.0005232908231953,0.0002990233275402,3.737791594252564e-05,0.0045227278290456,0.0102602379262232,0.001140026436247,0.1004157711795951,0.01095172937116,0.0064103125841431,0.0,7.475583188505128e-05,0.0129888257900276,0.064215259589259,0.0054571757276087,0.0054571757276087,1.9531250000000002e-24,1.9531250000000002e-24,1.9531250000000002e-24,1.9531250000000002e-24,5.28607922777323e-08,0.01889537391528923,0.02261434296948141,4.598276743354847e-06,0.09375975194939215,5.867246379330449e-12,1.0936525669389065e-06,0.00013169116184596943,0.00267021095446194,1.9531250000000002e-24,0.08216805811895417,1.9531250000000002e-24
2024930_WZY_DM_assembly_Plate2G11,2024930_WZY_DM_assembly_Plate2,,,G11,Plate2_G11,Master_mix,cycle 5,,0.9235,48 h,,"growth curve data NA, so 48 h label rather than 0: 0.05:48 was used",Ho lab/7_Shared data/16s rRNA/Raw reads/2024930_DM_assembly/Plate2,,0.0,0.0041159981233872,0.0055313237938853,0.0,0.0,0.0,0.0,0.0,not_assessable,review_required,True,,0.0532191336304636,5.7768394714207526e-05,0.0176049182891547,8.665259207131127e-05,0.0272233560090702,0.0135466885604816,0.0008520838220345,0.1262817108452576,0.0109471107983423,0.0485687778559699,0.0,0.0,0.0082753225428102,0.051500523887716,0.0,0.0012275783876769,1.9531250000000002e-24,1.9531250000000002e-24,1.9531250000000002e-24,1.9531250000000002e-24,1.7642558324354626e-09,0.021212514209556617,0.04684478337272022,8.398119626148906e-10,0.0010928807200287294,2.0579105153374423e-14,2.0270852322712112e-10,2.869683964274694e-08,6.548827690549393e-07,1.9531250000000002e-24,0.07143188510590755,1.9531250000000002e-24
2024930_WZY_DM_assembly_Plate2G12,2024930_WZY_DM_assembly_Plate2,,,G12,Plate2_G12,Master_mix,cycle 5,,0.7395,48 h,,"growth curve data NA, so 48 h label rather than 0: 0.05:48 was used",Ho lab/7_Shared data/16s rRNA/Raw reads/2024930_DM_assembly/Plate2,,0.0,0.006490327780763,0.0026159994626544,0.0,0.0,0.0,0.0,0.0005408606483969,not_assessable,review_required,True,,0.0310939682966147,1.103797241626366e-05,0.0241510836467848,0.000463594841483,0.0094595423607379,0.0012252149382052,0.0005629365932294,0.0126164024717893,0.0010927592692101,0.0070863782912412,0.0,0.0959751701594125,0.0038743283181085,0.3858323258104962,0.0,0.0003532151173204,1.9531250000000002e-24,1.9531250000000002e-24,1.9531250000000002e-24,1.9531250000000002e-24,0.00013271341214554175,0.05455556691006442,1.6072041890806345e-11,6.938911001932108e-13,7.712359247977028e-17,0.0218855930821151,4.0472620204656755e-24,6.246305120241888e-24,0.08850736479477002,1.9531250000000002e-24,0.1708618318296918,1.9531250000000002e-24
2024930_WZY_DM_assembly_Plate2G1,2024930_WZY_DM_assembly_Plate2,,,G1,Plate2_G1,Fucose,cycle 5,,0.2985,48 h,,"growth curve data NA, so 48 h label rather than 0: 0.05:48 was used",Ho lab/7_Shared data/16s rRNA/Raw reads/2024930_DM_assembly/Plate2,,0.0,0.0,0.0004881766267192,0.0,0.0,0.0,0.0,0.0,not_assessable,review_required,True,,0.14299573715113,0.0004321563580793,0.0,0.0002000723879996,0.0053859486849513,0.0029930829244751,0.0009203329847985,0.0,0.0019767151934368,0.0517387195367168,0.0,0.0153815651894152,0.0,0.0002720984476795,0.0,0.0041134882972733,1.9531250000000002e-24,1.9531250000000002e-24,1.9531250000000002e-24,1.9531250000000002e-24,1.1885612304965598e-15,2.4150876442973726e-05,0.03595980131381654,2.119669799562453e-10,1.5406033753772872e-08,1.4759001381442062e-12,1.2672982883684202e-10,4.765213839470493e-11,4.69757098729049e-07,1.9531250000000002e-24,0.03254834133153455,1.9531250000000002e-24
2024930_WZY_DM_assembly_Plate2G2,2024930_WZY_DM_assembly_Plate2,,,G2,Plate2_G2,Fucose,cycle 5,,0.3035,48 h,,"growth curve data NA, so 48 h label rather than 0: 0.05:48 was used",Ho lab/7_Shared data/16s rRNA/Raw reads/2024930_DM_assembly/Plate2,,0.0,0.0,0.0001465357688903,0.0,0.0,0.0,0.0,0.0,not_assessable,review_required,True,,0.1897882433411121,2.4422628148386575e-05,0.0,0.0002198036533354,0.0138598414742093,0.0035046471392934,0.0059469099541321,2.4422628148386575e-05,0.0011356522088999,0.0386976543011185,0.0,0.0189397481290737,0.0,0.0016973726563128,0.0,0.0007448901585257,1.9531250000000002e-24,1.9531250000000002e-24,1.9531250000000002e-24,1.9531250000000002e-24,4.348151424553733e-13,0.001015988500786515,0.02844466525567783,4.912080593773898e-06,0.00040401830065366973,2.756163738357429e-09,4.4727427020389445e-06,4.432751989819152e-07,0.020499741805127442,1.9531250000000002e-24,0.052033449575187164,1.9531250000000002e-24
2024930_WZY_DM_assembly_Plate2G3,2024930_WZY_DM_assembly_Plate2,,,G3,Plate2_G3,Fucose,cycle 5,,0.4515,48 h,,"growth curve data NA, so 48 h label rather than 0: 0.05:48 was used",Ho lab/7_Shared data/16s rRNA/Raw reads/2024930_DM_assembly/Plate2,,0.0,0.0,0.0014378307497775,0.0,0.0,0.0,0.0,0.0,not_assessable,review_required,True,,0.1310751884981033,0.0034888540251955,0.0,0.0013955416100782,0.0027276495106074,0.0036157214442935,0.0207428230225261,0.0,0.0003383131175947,0.0094939118625017,0.0,0.0397940804570786,0.0,0.0075909005760314,0.0,0.0045249379478293,1.9531250000000002e-24,1.9531250000000002e-24,1.9531250000000002e-24,1.9531250000000002e-24,7.304540205013477e-14,7.603957832815831e-08,1.026055556440604e-09,1.0530975113697673e-07,2.577516055160504e-06,2.9595514136591922e-06,2.8414148432093565e-10,8.881268766506371e-10,0.00021171530187844866,1.9531250000000002e-24,0.04807317052290506,1.9531250000000002e-24
2024930_WZY_DM_assembly_Plate2G4,2024930_WZY_DM_assembly_Plate2,,,G4,Plate2_G4,Fucose,cycle 5,,0.5215,48 h,,"growth curve data NA, so 48 h label rather than 0: 0.05:48 was used",Ho lab/7_Shared data/16s rRNA/Raw reads/2024930_DM_assembly/Plate2,,0.0,0.0,0.0009302432432432,0.0,0.0,0.0,0.0,0.0,not_assessable,review_required,True,,0.062890081081081,0.0013248918918918,0.0,0.0048767297297297,0.0047357837837837,0.0033545135135135,0.0237634864864864,0.0003382702702702,0.0080902972972972,0.1253855135135135,0.0,0.0043693243243243,0.0,0.021903,0.0,0.0045948378378378,1.9531250000000002e-24,1.9531250000000002e-24,1.9531250000000002e-24,1.9531250000000002e-24,2.1750154038467755e-18,0.017461756033310866,0.0845149334650739,1.1407716187778358e-13,3.1392089865890336e-10,2.9412640036444424e-16,3.1767745453215106e-15,4.293909267605943e-14,4.5614990449565055e-12,1.9531250000000002e-24,0.024456552015241315,1.9531250000000002e-24
2024930_WZY_DM_assembly_Plate2G5,2024930_WZY_DM_assembly_Plate2,,,G5,Plate2_G5,Fucose,cycle 5,,0.4815,48 h,,"growth curve data NA, so 48 h label rather than 0: 0.05:48 was used",Ho lab/7_Shared data/16s rRNA/Raw reads/2024930_DM_assembly/Plate2,,0.0,0.0,0.0002325143420061,0.0,0.0,0.0,0.0,0.0,not_assessable,review_required,True,,0.1478140175001448,0.0007068435996986,0.0,0.0010788665469085,0.1818634177435243,0.0020740279306947,0.0001395086052036,3.7202294720982794e-05,2.790172104073709e-05,0.054436257750478,0.0,0.0,5.580344208147418e-05,0.0015717969519615,0.0044084719244364,0.000344121226169,1.9531250000000002e-24,1.9531250000000002e-24,1.9531250000000002e-24,1.9531250000000002e-24,8.981602633261822e-09,0.01975162409097392,0.03887395578247326,7.777530796528573e-05,0.02009208915839739,3.464194727408306e-09,0.0018212536067533684,0.031187716240634173,0.239804772974152,1.9531250000000002e-24,0.07267494635303297,1.9531250000000002e-24
2024930_WZY_DM_assembly_Plate2G6,2024930_WZY_DM_assembly_Plate2,,,G6,Plate2_G6,Fucose,cycle 5,,0.3945,48 h,,"growth curve data NA, so 48 h label rather than 0: 0.05:48 was used",Ho lab/7_Shared data/16s rRNA/Raw reads/2024930_DM_assembly/Plate2,,0.0,0.0,0.0001839033823097,0.0,0.0,0.0,0.0,0.0,not_assessable,review_required,True,,0.1476063036309328,0.000347373055474,0.0,0.0010761753483312,0.1331664825014244,0.0016483192044061,0.0094812410435263,3.405618190921804e-05,0.0001021685457276,0.0197117180890554,0.0,0.0,4.767865467290527e-05,0.0044749823028712,0.0,0.0042093440839793,1.9531250000000002e-24,1.9531250000000002e-24,1.9531250000000002e-24,1.9531250000000002e-24,1.326169640794785e-10,0.0017966976678411265,0.011650905839982595,5.273992017142246e-05,0.004058119047818436,2.4907191033061312e-11,0.022455128620433282,0.0011019600393208815,0.1829532843969087,1.9531250000000002e-24,0.06320229394477397,1.9531250000000002e-24
2024930_WZY_DM_assembly_Plate2G7,2024930_WZY_DM_assembly_Plate2,,,G7,Plate2_G7,Master_mix,cycle 5,,0.7845,48 h,,"growth curve data NA, so 48 h label rather than 0: 0.05:48 was used",Ho lab/7_Shared data/16s rRNA/Raw reads/2024930_DM_assembly/Plate2,,0.0,0.0019772275967413,0.0061214167515274,0.0,0.0,0.0,0.0,0.0001697619653767,not_assessable,review_required,True,,0.0947970786659877,0.0005492298879837,0.0548331148167006,5.991598778004074e-05,0.0002696219450101,0.0055622008655804,0.0007689218431771,0.0979826120162932,0.0007888938391038,0.0038745672097759,0.0,0.0,0.0002496499490835,0.4258628691446028,0.0,0.0028160514256619,1.9531250000000002e-24,1.9531250000000002e-24,1.9531250000000002e-24,1.9531250000000002e-24,0.009125174172145327,0.05813016053437115,2.1786486001741474e-13,4.277310108861495e-14,2.329734469878079e-16,0.009216081146579378,5.2799806887394966e-24,1.635032382469426e-23,0.0025558924093792164,1.9531250000000002e-24,0.1910014405424572,1.9531250000000002e-24
2024930_WZY_DM_assembly_Plate2G8,2024930_WZY_DM_assembly_Plate2,,,G8,Plate2_G8,Master_mix,cycle 5,,0.7775,48 h,,"growth curve data NA, so 48 h label rather than 0: 0.05:48 was used",Ho lab/7_Shared data/16s rRNA/Raw reads/2024930_DM_assembly/Plate2,,0.0,0.0017959532755369,0.002750763877721,0.0,0.0,0.0,0.0,0.0001818686861303,not_assessable,review_required,True,,0.0396132731977602,0.0004660385082089,0.004944554904168,0.0,0.0158566760719872,0.0005569728512741,0.000863876259119,0.0063995043932106,0.0042170801596467,0.0188120422216049,0.0,0.0,0.0053764930337275,0.3396511381412552,0.0005797064370403,0.0033532039005277,1.9531250000000002e-24,1.9531250000000002e-24,1.9531250000000002e-24,1.9531250000000002e-24,2.3536271779594712e-12,0.04386801834805364,0.025532081293398335,0.15314507710111436,0.003296272463581556,4.9550496463701094e-05,4.762061050549085e-18,3.1909048417221996e-14,2.911143142841104e-10,1.9531250000000002e-24,0.12922588053770667,1.9531250000000002e-24
2024930_WZY_DM_assembly_Plate2G9,2024930_WZY_DM_assembly_Plate2,,,G9,Plate2_G9,Master_mix,cycle 5,,0.9205,48 h,,"growth curve data NA, so 48 h label rather than 0: 0.05:48 was used",Ho lab/7_Shared data/16s rRNA/Raw reads/2024930_DM_assembly/Plate2,,0.0,0.0021338529176658,0.0026489208633093,0.0,0.0,0.0,0.0,0.0,not_assessable,review_required,True,,0.1544100119904076,0.0006622302158273,0.0046724020783373,0.0,0.0642731215027977,0.0199036970423661,0.0058129096722621,0.0093815947242206,0.0061072342126298,0.053971762589928,0.0,0.0,0.0008829736211031,0.343145623501199,0.0,0.0059232813749,1.9531250000000002e-24,1.9531250000000002e-24,1.9531250000000002e-24,1.9531250000000002e-24,0.00022369435085540758,0.06052438025007862,2.7396838216808044e-09,4.1093094175878894e-13,6.020870150031405e-17,0.00990664581547275,3.959950529196486e-24,7.573536002977872e-24,0.21635719317820407,1.9531250000000002e-24,0.17401947427914033,1.9531250000000002e-24
2024930_WZY_DM_assembly_Plate2H10,2024930_WZY_DM_assembly_Plate2,low growth,,H10,Plate2_H10,blank,cycle 5,,0.0055,48 h,,"growth curve data NA, so 48 h label rather than 0: 0.05:48 was used",Ho lab/7_Shared data/16s rRNA/Raw reads/2024930_DM_assembly/Plate2,,0.0,0.0,0.0,0.0,0.0,0.0,0.0,0.0,not_assessable,review_required,False,low growth,0.0,0.0,0.0,0.0,0.0015714285714285,0.0,0.0,0.0,0.0,0.0,0.0,0.0,0.0,0.0023571428571428,0.0,0.0,1.9531250000000002e-24,1.9531250000000002e-24,1.9531250000000002e-24,1.9531250000000002e-24,1.9531250000000002e-24,1.9531250000000002e-24,1.9531250000000002e-24,3.7722978917503e-24,4.309947381851013e-24,1.9531250000000002e-24,1.9531250000000002e-24,1.9531250000000002e-24,3.2997422443678703e-24,1.9531250000000002e-24,1.4250053894702623e-23,1.9531250000000002e-24
2024930_WZY_DM_assembly_Plate2H11,2024930_WZY_DM_assembly_Plate2,low growth,,H11,Plate2_H11,blank,cycle 5,,-0.0065,48 h,,"growth curve data NA, so 48 h label rather than 0: 0.05:48 was used",Ho lab/7_Shared data/16s rRNA/Raw reads/2024930_DM_assembly/Plate2,,-0.0,-0.0,-0.0,-0.0,-0.0,-0.0,-0.0,-0.0,not_assessable,review_required,False,low growth,0.0,0.0,0.0,0.0,0.0,0.0,0.0,0.0,0.0,0.0,0.0,0.0,0.0,0.0,0.0,0.0,1.9531250000000002e-24,1.9531250000000002e-24,1.9531250000000002e-24,1.9531250000000002e-24,1.9531250000000002e-24,1.9531250000000002e-24,1.9531250000000002e-24,1.9531250000000002e-24,1.9531250000000002e-24,1.9531250000000002e-24,1.9531250000000002e-24,1.9531250000000002e-24,1.9531250000000002e-24,1.9531250000000002e-24,1.9531250000000002e-24,1.9531250000000002e-24
2024930_WZY_DM_assembly_Plate2H12,2024930_WZY_DM_assembly_Plate2,low growth,,H12,Plate2_H12,blank,cycle 5,,0.0015,48 h,,"growth curve data NA, so 48 h label rather than 0: 0.05:48 was used",Ho lab/7_Shared data/16s rRNA/Raw reads/2024930_DM_assembly/Plate2,,0.0,0.0,0.0,0.0,0.0,0.0,0.0,0.0,not_assessable,review_required,False,low growth,0.00015,0.0,0.0,0.0,0.0,0.0,0.0,0.0002,0.0,0.0001,0.0,0.0,0.0,0.0,0.0009,0.0,1.9531250000000002e-24,1.9531250000000002e-24,1.9531250000000002e-24,1.9531250000000002e-24,1.9531250000000002e-24,1.9531250000000002e-24,1.9531250000000002e-24,1.9531250000000002e-24,1.9531250000000002e-24,1.9531250000000002e-24,1.9531250000000002e-24,1.9531250000000002e-24,1.9531250000000002e-24,1.9531250000000002e-24,1.9531250000000002e-24,1.9531250000000002e-24
2024930_WZY_DM_assembly_Plate2H1,2024930_WZY_DM_assembly_Plate2,,,H1,Plate2_H1,Sialic_acid,cycle 5,,0.6325,48 h,,"growth curve data NA, so 48 h label rather than 0: 0.05:48 was used",Ho lab/7_Shared data/16s rRNA/Raw reads/2024930_DM_assembly/Plate2,,0.0,0.0,0.0,0.0,0.0,0.0,0.000332051757149,0.0,not_assessable,review_required,True,,0.2469488450373664,0.0002539219319374,0.0,0.102994642085109,0.0003125193008461,0.001347739484899,0.001855583348774,0.0514094249891915,0.0014454017664134,0.0432839231671916,0.0,0.0347287073065283,0.0,0.0004883114075721,0.0006250386016922,0.0,1.9531250000000002e-24,1.9531250000000002e-24,1.9531250000000002e-24,1.9531250000000002e-24,0.0034485028332273265,0.022064166020522583,0.034819651472000834,0.00012065181059219845,0.05461647120794011,0.0028214940283021093,3.8766500988329573e-07,0.030485545155593367,0.28709310450780096,1.9531250000000002e-24,0.09065953389548731,1.9531250000000002e-24
2024930_WZY_DM_assembly_Plate2H2,2024930_WZY_DM_assembly_Plate2,,,H2,Plate2_H2,Sialic_acid,cycle 5,,0.5895,48 h,,"growth curve data NA, so 48 h label rather than 0: 0.05:48 was used",Ho lab/7_Shared data/16s rRNA/Raw reads/2024930_DM_assembly/Plate2,,0.0,0.0,0.0,0.0,0.0,0.0,0.0009675830939679,0.0,not_assessable,review_required,True,,0.0396104329093147,0.0001814218301189,0.0,0.0010280570373409,0.0080430344686089,0.0009071091505949,0.0116109971276159,0.0132437935986869,0.0029632232252769,0.0012699528108329,0.0,0.2054299856380796,0.0,0.0239476815757078,0.0096153569963069,0.0,1.9531250000000002e-24,1.9531250000000002e-24,1.9531250000000002e-24,1.9531250000000002e-24,4.149266565383955e-07,0.01837002465408586,9.459466500998508e-12,1.779948840189792e-05,0.0005376488419956564,0.02814108291617113,1.7246907511382894e-18,2.8763846486041077e-16,0.16009232819649846,1.9531250000000002e-24,0.08284148845464478,1.9531250000000002e-24
2024930_WZY_DM_assembly_Plate2H3,2024930_WZY_DM_assembly_Plate2,,,H3,Plate2_H3,Sialic_acid,cycle 5,,0.5235,48 h,,"growth curve data NA, so 48 h label rather than 0: 0.05:48 was used",Ho lab/7_Shared data/16s rRNA/Raw reads/2024930_DM_assembly/Plate2,,0.0,0.0,0.0,0.0,0.0,0.0,0.0002135094285303,0.0,not_assessable,review_required,True,,0.214916078882971,6.279689074420612e-05,0.0,0.0042827479487548,0.0004019001007629,0.0033282352094429,0.0041571541672664,0.0544323448970778,0.0014066503526702,0.0054130919821505,0.0,0.1209593709514898,0.0,0.0009168346048654,0.0047097668058154,0.0,1.9531250000000002e-24,1.9531250000000002e-24,1.9531250000000002e-24,1.9531250000000002e-24,0.0003671994918097979,0.020966481350454664,4.2058590095025475e-07,1.1016837003698975e-05,0.005784288770635899,0.020250682990866947,5.5672754972795336e-11,8.440505611469637e-07,0.28501763699051225,1.9531250000000002e-24,0.09309418083575434,1.9531250000000002e-24
2024930_WZY_DM_assembly_Plate2H4,2024930_WZY_DM_assembly_Plate2,,,H4,Plate2_H4,Sialic_acid,cycle 5,,0.6175,48 h,,"growth curve data NA, so 48 h label rather than 0: 0.05:48 was used",Ho lab/7_Shared data/16s rRNA/Raw reads/2024930_DM_assembly/Plate2,,0.0,0.0,0.0,0.0,0.0,0.0,0.000234606095145,0.0,not_assessable,review_required,True,,0.0949819533772965,0.0002010909386957,0.0,0.0710018589378273,0.0002513636733696,0.0019941518087329,0.0069543949632283,0.0544453716518765,0.0015249396184428,0.0004859697685147,0.0,0.0333978534017205,0.0,0.0088480013026133,0.0001508182040218,8.378789112323266e-05,1.9531250000000002e-24,1.9531250000000002e-24,1.9531250000000002e-24,1.9531250000000002e-24,8.842506456563291e-11,1.788269420463431e-08,1.5168651025070653e-14,2.117581477199647e-07,6.791431739297983e-05,1.1702353338397768e-08,9.851667768656117e-15,2.1527662329786839e-10,0.0010892504805912456,1.9531250000000002e-24,0.05679527060182932,1.9531250000000002e-24
2024930_WZY_DM_assembly_Plate2H5,2024930_WZY_DM_assembly_Plate2,,,H5,Plate2_H5,Sialic_acid,cycle 5,,0.6445,48 h,,"growth curve data NA, so 48 h label rather than 0: 0.05:48 was used",Ho lab/7_Shared data/16s rRNA/Raw reads/2024930_DM_assembly/Plate2,,0.0,0.0,0.0,0.0,0.0,0.0,0.0006225665031951,0.0,not_assessable,review_required,True,,0.0233701887353247,0.0,0.0,0.1331813419527418,0.0037832887501857,0.0007901805617476,0.0100807883786595,0.1225498216674097,0.0036875092881557,0.0009099048892851,0.0,0.0006944010997176,0.0,0.0204728600089166,0.0,0.00028733838609,1.9531250000000002e-24,1.9531250000000002e-24,1.9531250000000002e-24,1.9531250000000002e-24,2.065571113094251e-09,2.2035578858344434e-09,1.909568671839121e-10,1.9157137742089285e-09,4.085137423516578e-05,1.6126197477451278e-18,2.6662376488761028e-20,1.0009838223968515e-12,1.1403905702735228e-05,1.9531250000000002e-24,0.061128788626454225,1.9531250000000002e-24
2024930_WZY_DM_assembly_Plate2H6,2024930_WZY_DM_assembly_Plate2,,,H6,Plate2_H6,Sialic_acid,cycle 5,,0.6825,48 h,,"growth curve data NA, so 48 h label rather than 0: 0.05:48 was used",Ho lab/7_Shared data/16s rRNA/Raw reads/2024930_DM_assembly/Plate2,,0.0,0.0,0.0,0.0,0.0,0.0,0.00071368045289,0.0,not_assessable,review_required,True,,0.0142489993870118,0.0001476580247358,0.0,0.2336688241445209,0.0014273609057801,0.0071860238704792,0.0086379944470486,0.0010336061731511,0.0004429740742076,0.0047988858039159,0.0,0.0942796487938557,0.0,0.0179896693469873,0.0014027512349908,0.0,1.9531250000000002e-24,1.9531250000000002e-24,1.9531250000000002e-24,1.9531250000000002e-24,0.0038615712183855005,0.002379284925778948,4.0589589007886677e-10,0.003262712570999322,0.025532413198174043,0.01213371117220266,1.7918060747791992e-19,1.458088342314784e-06,0.21766807798736398,1.9531250000000002e-24,0.07937544681660404,1.9531250000000002e-24
2024930_WZY_DM_assembly_Plate2H7,2024930_WZY_DM_assembly_Plate2,low growth,,H7,Plate2_H7,blank,cycle 5,,0.0945,48 h,,"growth curve data NA, so 48 h label rather than 0: 0.05:48 was used",Ho lab/7_Shared data/16s rRNA/Raw reads/2024930_DM_assembly/Plate2,,0.0,0.0,0.0003704268292682,0.0,0.0,0.0,0.0,0.0,not_assessable,review_required,False,low growth,0.024139481707317,0.0002881097560975,0.0,0.0,0.0060708841463414,0.0003704268292682,0.0,6.173780487804878e-05,0.001749237804878,0.0111333841463414,0.0,0.0032103658536585,0.0,0.0,8.231707317073171e-05,0.0,1.9531250000000002e-24,1.9531250000000002e-24,1.9531250000000002e-24,1.9531250000000002e-24,1.0874621553363457e-22,3.355747637350812e-20,6.095970977231037e-11,1.357125838266739e-21,3.3433549506709044e-21,6.252760795275415e-22,1.2239010707533674e-21,1.1105099914643933e-21,7.403997131208978e-21,1.9531250000000002e-24,4.0107550687030856e-18,1.9531250000000002e-24
2024930_WZY_DM_assembly_Plate2H8,2024930_WZY_DM_assembly_Plate2,low growth,,H8,Plate2_H8,blank,cycle 5,,0.1235,48 h,,"growth curve data NA, so 48 h label rather than 0: 0.05:48 was used",Ho lab/7_Shared data/16s rRNA/Raw reads/2024930_DM_assembly/Plate2,,0.0,0.0,0.0002291280148423,0.0,0.0,0.0,0.0,0.0,not_assessable,review_required,False,low growth,0.0328989641311069,0.0009928880643166,0.0,0.0,0.0066065244279529,0.0003245980210265,0.0,0.0,0.0023676561533704,0.0111508967223252,0.0,0.0,0.0,0.0,0.0001718460111317,0.0,1.9531250000000002e-24,1.9531250000000002e-24,1.9531250000000002e-24,1.9531250000000002e-24,2.074772239096868e-22,8.402312278261414e-20,9.796946460203788e-10,4.303164194572325e-21,1.1703243517133381e-20,1.9531250000000002e-24,7.29019774063965e-21,3.4175724329128534e-21,3.0513753009005284e-20,1.9531250000000002e-24,4.3821669522581686e-17,1.9531250000000002e-24
2024930_WZY_DM_assembly_Plate2H9,2024930_WZY_DM_assembly_Plate2,low growth,,H9,Plate2_H9,blank,cycle 5,,-0.0005,48 h,,"growth curve data NA, so 48 h label rather than 0: 0.05:48 was used",Ho lab/7_Shared data/16s rRNA/Raw reads/2024930_DM_assembly/Plate2,,-0.0,-0.0,-0.0,-0.0,-0.0,-0.0,-0.0,-0.0,not_assessable,review_required,False,low growth,0.0,0.0,0.0,0.0,0.0,0.0,0.0,0.0,0.0,0.0,0.0,0.0,0.0,0.0,0.0,0.0,1.9531250000000002e-24,1.9531250000000002e-24,1.9531250000000002e-24,1.9531250000000002e-24,1.9531250000000002e-24,1.9531250000000002e-24,1.9531250000000002e-24,1.9531250000000002e-24,1.9531250000000002e-24,1.9531250000000002e-24,1.9531250000000002e-24,1.9531250000000002e-24,1.9531250000000002e-24,1.9531250000000002e-24,1.9531250000000002e-24,1.9531250000000002e-24
