Sample ID,Experiment ID,growth_qc,Growth Well ID,16S Well ID,Media,Protocol,Initial OD,Final OD,Growth curve time,Growth curve OD,Notes,Data location,Bb,Bbi,Bc,Bl,Bt47,Bt61,Pg,Pj,contamination_status,modeling_action_default,included_in_carbon_score,carbon_score_exclusion_reason,Ai,Ac,Bfi,Bf,Bt,Bu,Bx,Ba,Csp,Dl,Ls,Mf,Pm,Bd,Bv,Rg,Af,Ao,As,Bl.s,Col,Cs,Et,Eu.c,Eu.l,Im,Ld,Lsp,Mi,Pc,Va,Vp
2024930_WZY_DM_assembly_Plate1A1,2024930_WZY_DM_assembly_Plate1,,A1,Plate1_A1,Glucose,cycle 5,,1.2345,48 h,,"growth curve data NA, so 48 h label rather than 0: 0.05:48 was used",Ho lab/7_Shared data/16s rRNA/Raw reads/2024930_DM_assembly/Plate1,0.0,0.0,0.0,0.0,0.0,0.0,0.0,0.0,not_assessable,review_required,True,,-0.46606917069931053,0.0,0.0,-0.46606917069931075,-0.466069170699311,-0.46606917069931075,0.0,-0.46606917069931053,-0.46606917069931075,-0.46606917069931053,0.0,-0.46606917069931075,0.0,-0.46606917069931075,0.0,0.0,0.0,0.0,-0.8921083951418171,0.0,0.7073446842971102,3.190788395455257,-0.3227427494716166,-4.217169379514148,0.0,3.6311462838437647,0.0,0.0,0.460539883430076,0.0,0.7252172759383638,-2.942193626578124
2024930_WZY_DM_assembly_Plate1A2,2024930_WZY_DM_assembly_Plate1,,A2,Plate1_A2,Glucose,cycle 5,,1.0345,48 h,,"growth curve data NA, so 48 h label rather than 0: 0.05:48 was used",Ho lab/7_Shared data/16s rRNA/Raw reads/2024930_DM_assembly/Plate1,0.0,0.0,0.000369082715238,0.0,0.0,0.0,0.0,0.0,not_assessable,review_required,True,,0.9828064790388576,0.0,0.0,0.9828064790388576,0.9828064790388576,0.9828064790388576,0.37775922573234344,0.9828064790388576,0.9828064790388576,0.9828064790388579,0.0,0.9828064790388576,0.9828064790388579,0.9828064790388579,0.0,0.0,0.0,0.0,-1.5965866078631825,0.0,-6.445267860598433,2.588287905236696,2.5236418657182966,2.394772591686733,0.0,-0.14831277911039648,0.0,0.0,-0.4028959993507581,0.0,0.35366190222132576,-8.244737601229108
2024930_WZY_DM_assembly_Plate1A3,2024930_WZY_DM_assembly_Plate1,,A3,Plate1_A3,Glucose,cycle 5,,1.0485,48 h,,"growth curve data NA, so 48 h label rather than 0: 0.05:48 was used",Ho lab/7_Shared data/16s rRNA/Raw reads/2024930_DM_assembly/Plate1,0.0,0.0,0.0,0.0,0.0,0.0,0.0,0.0,not_assessable,review_required,True,,0.18809693427735114,0.0,0.0,0.18809693427735114,0.18809693427735086,0.18809693427735114,0.18809693427735114,0.18809693427735086,0.18809693427735114,0.18809693427735086,0.0,0.18809693427735114,0.18809693427735114,0.18809693427735114,0.0,0.0,0.0,0.0,-0.6091928270295296,0.0,-7.131650031488884,1.3050904649245494,3.744137217333639,4.506130979051455,0.0,0.0,0.0,0.0,3.988021152776559,0.0,2.9054729008685087,-8.583486220998278
2024930_WZY_DM_assembly_Plate1A4,2024930_WZY_DM_assembly_Plate1,,A4,Plate1_A4,Glucose,cycle 5,,1.0625,48 h,,"growth curve data NA, so 48 h label rather than 0: 0.05:48 was used",Ho lab/7_Shared data/16s rRNA/Raw reads/2024930_DM_assembly/Plate1,0.0,0.0,0.0,0.0,0.0,0.0,0.0,0.0,not_assessable,review_required,True,,2.200415889478109,1.7846572229554483,0.0,2.200415889478109,2.200415889478109,2.2004158894781085,2.200415889478109,2.200415889478109,2.200415889478109,2.200415889478109,0.7846572229552671,0.0,2.200415889478109,2.200415889478109,0.0,1.0070496442918704,0.0,0.0,-1.5842413334774754,0.0,-8.635336957419277,1.6803338675739303,4.898253424060095,-2.189103391636362,0.0,-1.4587104513935958,0.0,0.0,-5.698851286043614,0.0,0.19082850627086123,-8.028220876078755
2024930_WZY_DM_assembly_Plate1A5,2024930_WZY_DM_assembly_Plate1,,A5,Plate1_A5,Glucose,cycle 5,,1.0755,48 h,,"growth curve data NA, so 48 h label rather than 0: 0.05:48 was used",Ho lab/7_Shared data/16s rRNA/Raw reads/2024930_DM_assembly/Plate1,0.0,0.0006192728469194,0.0005750390721395,0.0,0.0,0.0,0.0,0.0,not_assessable,review_required,True,,-0.1608816658030016,0.0,-0.16088166580300178,-0.16088166580300178,-0.16088166580300195,-0.1608816658030016,-0.16088166580300178,-0.1608816658030016,-0.1608816658030016,0.0,-0.16088166580300178,0.0,-0.16088166580300178,-0.16088166580300195,0.0,0.0,0.0,0.0,0.0,0.0,-5.904691047764494,5.017278001105509,-1.9370464210768523,-5.716430419671571,0.0,2.2454537008126554,0.0,0.0,-0.3520839203556961,0.0,1.529892028367007,-3.617056130431008
2024930_WZY_DM_assembly_Plate1A6,2024930_WZY_DM_assembly_Plate1,,A6,Plate1_A6,Glucose,cycle 5,,1.0595,48 h,,"growth curve data NA, so 48 h label rather than 0: 0.05:48 was used",Ho lab/7_Shared data/16s rRNA/Raw reads/2024930_DM_assembly/Plate1,0.0,0.0,0.0,0.0,0.0,0.0,0.0,0.0,not_assessable,review_required,True,,0.05066302226805941,0.0,0.0,0.0506630222680591,0.0,0.05066302226805941,0.0,0.05066302226805941,0.05066302226805941,0.0506630222680591,0.0,0.0,0.05066302226805941,0.0506630222680591,0.05066302226805941,0.0,0.0,0.0,-1.5383591903779734,0.0,-3.547987891575776,1.8119776649298085,-0.6617416058832396,-1.950172788782542,0.0,-2.452103457027559,0.0,0.0,0.4249130764710243,0.0,1.126661541141825,-7.430793586702532
2024930_WZY_DM_assembly_Plate1A7,2024930_WZY_DM_assembly_Plate1,,A7,Plate1_A7,Galactose,cycle 5,,0.9425,48 h,,"growth curve data NA, so 48 h label rather than 0: 0.05:48 was used",Ho lab/7_Shared data/16s rRNA/Raw reads/2024930_DM_assembly/Plate1,0.0,0.0,0.0006623330990864,0.0,0.0,0.0,0.0,0.0,not_assessable,review_required,True,,-0.026577492258396465,0.0,0.0,0.0,0.0,-0.026577492258396628,-0.026577492258396628,-0.026577492258396628,0.0,-0.026577492258396465,-0.026577492258396628,0.0,-0.026577492258396628,-0.026577492258396465,0.0,0.0,0.0,0.0,0.0,0.0,-6.560856813028084,2.054790568402979,0.0,-4.947992813357729,0.0,-4.108889901803168,0.0,0.0,8.02378696767104,0.0,3.9192998497248572,-8.343046686025112
2024930_WZY_DM_assembly_Plate1A8,2024930_WZY_DM_assembly_Plate1,,A8,Plate1_A8,Galactose,cycle 5,,0.9185,48 h,,"growth curve data NA, so 48 h label rather than 0: 0.05:48 was used",Ho lab/7_Shared data/16s rRNA/Raw reads/2024930_DM_assembly/Plate1,0.0,0.0,1.3141516317800063e-05,0.0,0.0,0.0,0.0,0.0,not_assessable,review_required,True,,0.6872409280634696,0.0,0.0,0.0,0.6872409280634696,0.6872409280634698,0.6872409280634698,0.68724092806347,0.6872409280634698,0.0,0.6872409280634698,0.0,0.6872409280634698,0.6872409280634698,0.0,0.0,0.0,0.0,0.0,0.0,-5.814725816552097,2.6393754847214743,-0.9709766572340879,3.5851025688878706,0.0,-2.952429358100377,0.0,0.0,-2.683516209014708,0.0,0.2977484337009675,-8.667969558234956
2024930_WZY_DM_assembly_Plate1A9,2024930_WZY_DM_assembly_Plate1,,A9,Plate1_A9,Galactose,cycle 5,,0.8635,48 h,,"growth curve data NA, so 48 h label rather than 0: 0.05:48 was used",Ho lab/7_Shared data/16s rRNA/Raw reads/2024930_DM_assembly/Plate1,0.0,0.0,0.0001490935251798,0.0,0.0,0.0,0.0,0.0,not_assessable,review_required,True,,-0.17885582189686589,0.0,0.0,-0.17885582189686589,-0.17885582189686589,-0.17885582189686627,0.0,-0.17885582189686589,-0.17885582189686608,-0.17885582189686589,-0.17885582189686608,0.0,-0.17885582189686608,-0.17885582189686608,0.0,0.0,0.0,0.0,0.0,0.0,-2.02426600105023,2.167768014223083,0.0,-5.10611367519745,0.0,-2.9073703437943834,0.0,0.0,3.3404385842778552,0.0,-0.737682464557432,-6.143402892578374
2024930_WZY_DM_assembly_Plate1A10,2024930_WZY_DM_assembly_Plate1,,A10,Plate1_A10,Galactose,cycle 5,,0.8905,48 h,,"growth curve data NA, so 48 h label rather than 0: 0.05:48 was used",Ho lab/7_Shared data/16s rRNA/Raw reads/2024930_DM_assembly/Plate1,0.0,0.0,0.0011048572338748,0.0,0.0,0.0,0.0,0.0,not_assessable,review_required,True,,0.44660999482021,0.40810115466528957,0.0,0.40810115466528957,0.44660999482021,0.44660999482021,0.44660999482021,0.44660999482021,0.44660999482021,0.4466099948202098,0.44660999482021024,0.0,0.4466099948202098,0.4466099948202098,0.0,0.0,0.0,0.0,0.0,0.0,-6.4703787508846755,2.1821236532069195,4.40190391688414,-5.04088398490973,0.0,-3.1936225843818624,0.0,5.065389753883662,8.174017220961119,0.0,-0.7619157521336785,-8.528135753836832
2024930_WZY_DM_assembly_Plate1A11,2024930_WZY_DM_assembly_Plate1,,A11,Plate1_A11,Galactose,cycle 5,,0.9725,48 h,,"growth curve data NA, so 48 h label rather than 0: 0.05:48 was used",Ho lab/7_Shared data/16s rRNA/Raw reads/2024930_DM_assembly/Plate1,0.0,0.0,0.0006273103927357,0.0,0.0,0.0,0.0,0.0,not_assessable,review_required,True,,-0.15366605078581694,0.0,0.0,-0.15366605078581713,-0.15366605078581694,-0.15366605078581677,-0.15366605078581713,-0.15366605078581713,-0.15366605078581713,-0.15366605078581694,-0.15366605078581713,-0.15366605078581694,-0.15366605078581694,-0.15366605078581694,0.0,0.0,0.0,0.0,-0.19153436161009438,0.0,-6.825635132761572,2.2945436206504937,-2.0688518418352744,-5.718501311083678,0.0,-1.6992150341465073,0.0,0.0,0.0,0.0,4.106754139376419,-4.187608658396331
2024930_WZY_DM_assembly_Plate1A12,2024930_WZY_DM_assembly_Plate1,,A12,Plate1_A12,Galactose,cycle 5,,0.9375,48 h,,"growth curve data NA, so 48 h label rather than 0: 0.05:48 was used",Ho lab/7_Shared data/16s rRNA/Raw reads/2024930_DM_assembly/Plate1,0.0,8.011177194421658e-05,0.0010254306808859,0.0,0.0,0.0,0.0,0.0,not_assessable,review_required,True,,-0.8171837828729567,0.0,0.0,0.0,-0.817183782872957,-0.817183782872957,-0.817183782872957,-0.817183782872957,-0.8171837828729567,-0.817183782872957,0.0,-0.817183782872957,-0.3208662274316615,-0.817183782872957,0.0,0.0,0.0,0.0,0.0,0.0,1.1741359176610966,5.069474991239757,0.0,-4.875034529611891,0.0,3.0472371263144775,0.0,0.0,8.2091474310429,0.0,1.9762434517189365,-5.294691344567544
2024930_WZY_DM_assembly_Plate1B1,2024930_WZY_DM_assembly_Plate1,high other species,B1,Plate1_B1,Fructose,cycle 5,,0.8335,48 h,,"growth curve data NA, so 48 h label rather than 0: 0.05:48 was used",Ho lab/7_Shared data/16s rRNA/Raw reads/2024930_DM_assembly/Plate1,0.0,0.4967089001761147,8.509660787666862e-05,0.0,0.0,0.0,0.0,0.0,not_assessable,review_required,False,high other species,0.624488504657754,0.624488504657754,0.0,0.6244885046577537,0.624488504657754,0.624488504657754,0.6244885046577537,0.0,0.624488504657754,0.624488504657754,0.0,0.624488504657754,0.0,0.6244885046577537,0.0,0.0,0.0,0.0,-4.570272937530587,0.0,-6.37872371610947,-4.2523509212155775,6.71896194085524,-6.531383924137,0.0,-3.049107087390358,0.0,0.0,0.0,0.0,0.5711876118031604,-7.316608576829258
2024930_WZY_DM_assembly_Plate1B2,2024930_WZY_DM_assembly_Plate1,high other species,B2,Plate1_B2,Fructose,cycle 5,,0.8915,48 h,,"growth curve data NA, so 48 h label rather than 0: 0.05:48 was used",Ho lab/7_Shared data/16s rRNA/Raw reads/2024930_DM_assembly/Plate1,0.0,0.2317699236832228,0.0,0.0,0.0,0.0,0.0001487134576087,0.0,not_assessable,review_required,False,high other species,-0.30709060713525677,0.0,0.0,-0.30709060713525654,-0.30709060713525654,-0.30709060713525693,-0.30709060713525654,0.0,-0.30709060713525654,-0.30709060713525677,0.0,-0.30709060713525654,0.0,-0.30709060713525654,0.0,0.0,0.0,0.0,-2.1819014514698853,0.0,-8.068184990722818,1.0668029733990412,5.531731938179413,1.935967900838872,0.0,-0.7336276227170304,0.0,0.0,6.8877333720457115,0.0,1.5614949440063222,-6.488967877133125
2024930_WZY_DM_assembly_Plate1B3,2024930_WZY_DM_assembly_Plate1,high other species,B3,Plate1_B3,Fructose,cycle 5,,0.9065,48 h,,"growth curve data NA, so 48 h label rather than 0: 0.05:48 was used",Ho lab/7_Shared data/16s rRNA/Raw reads/2024930_DM_assembly/Plate1,0.0,0.1692873356390602,5.649030971521156e-05,0.0,0.0,0.0,0.0,0.0,not_assessable,review_required,False,high other species,-0.33982735162949557,0.0,0.0,-0.33982735162949534,-0.33982735162949557,-0.33982735162949534,-0.33982735162949557,0.0,-0.33982735162949534,-0.33982735162949534,0.0,0.0,0.0,-0.33982735162949557,0.0,0.0,0.0,0.0,-1.901435327957817,0.0,-7.514483341903468,1.8056970042374343,0.0,-5.573715595260722,0.0,-2.9980085876529023,0.0,0.0,7.827433157681666,0.0,2.0914982170221594,0.0
2024930_WZY_DM_assembly_Plate1B4,2024930_WZY_DM_assembly_Plate1,high other species,B4,Plate1_B4,Fructose,cycle 5,,0.8665,48 h,,"growth curve data NA, so 48 h label rather than 0: 0.05:48 was used",Ho lab/7_Shared data/16s rRNA/Raw reads/2024930_DM_assembly/Plate1,0.0,0.2128345835857596,0.000200714514807,0.0,0.0,0.0,0.0,0.0,not_assessable,review_required,False,high other species,2.421700893527761,2.105759658292541,0.0,0.0,1.6032593177632202,2.421700893527761,2.421700893527761,0.0,2.421700893527761,2.421700893527761,0.0,0.0,0.0,2.421700893527761,0.0,0.0,0.0,0.0,-0.47923897287642137,0.0,-8.22321757587305,-3.429485937679414,0.0,-2.909478878799026,0.0,-3.769023432160162,0.0,0.0,-8.84992637968374,0.0,1.1682242288836542,-4.010223852538852
2024930_WZY_DM_assembly_Plate1B5,2024930_WZY_DM_assembly_Plate1,high other species,B5,Plate1_B5,Fructose,cycle 5,,0.8965,48 h,,"growth curve data NA, so 48 h label rather than 0: 0.05:48 was used",Ho lab/7_Shared data/16s rRNA/Raw reads/2024930_DM_assembly/Plate1,0.0,0.1600786878689248,0.0,0.0,0.0,0.0,4.945661168422794e-05,8.65490704473989e-05,not_assessable,review_required,False,high other species,0.4385052850079204,0.0,0.0,0.0,0.4385052850079204,0.4385052850079204,0.0,0.0,0.43850528500792063,0.43850528500792063,0.4385052850079204,0.0,0.0,0.0,0.0,0.0,0.0,0.0,0.0,0.0,-8.149730058405932,5.354841994770185,5.704259929846822,0.0,0.0,0.0,0.0,7.67600198629698,-0.17279552930896888,0.0,1.2073753266894622,-6.8386800172490885
2024930_WZY_DM_assembly_Plate1B6,2024930_WZY_DM_assembly_Plate1,high other species,B6,Plate1_B6,Fructose,cycle 5,,0.7905,48 h,,"growth curve data NA, so 48 h label rather than 0: 0.05:48 was used",Ho lab/7_Shared data/16s rRNA/Raw reads/2024930_DM_assembly/Plate1,0.0,0.1715680253092059,0.0001401347278851,0.0,0.0,0.0,0.0,0.0,not_assessable,review_required,False,high other species,0.9372646625304903,0.09418529800495061,0.0,0.0,0.0,0.9372646625304903,0.5536169166422477,0.0,0.9372646625304903,0.9372646625304903,0.9372646625304901,0.0,0.0,0.9372646625304901,0.0,0.0,0.0,0.0,0.0,0.0,-8.140359637645147,3.0504279903759626,5.601041027945817,-1.190343637012115,0.0,0.0,0.0,7.522119290635092,-8.086086560696124,0.0,4.756668166569194,-7.171987168705026
2024930_WZY_DM_assembly_Plate1B7,2024930_WZY_DM_assembly_Plate1,,B7,Plate1_B7,Oligo_xylose,cycle 5,,0.9945,48 h,,"growth curve data NA, so 48 h label rather than 0: 0.05:48 was used",Ho lab/7_Shared data/16s rRNA/Raw reads/2024930_DM_assembly/Plate1,0.0,0.0,0.0412874257372749,0.0,0.0,0.0,0.0009758523487538,0.0019871902374623,not_assessable,review_required,True,,0.0,-0.4256192258578235,-0.4256192258578233,0.0,-0.4256192258578233,-0.4256192258578235,-0.4256192258578235,-0.4256192258578235,0.0,-0.4256192258578233,0.0,0.0,-0.4256192258578235,-0.4256192258578233,-0.4256192258578233,0.0,0.0,0.0,0.0,0.0,-1.3628625151877376,0.5743444239658496,-5.618940528610216,0.0,0.0,0.0,0.0,0.0,2.943221815035906,0.0,1.4001758551947077,-6.782028099998976
2024930_WZY_DM_assembly_Plate1B8,2024930_WZY_DM_assembly_Plate1,,B8,Plate1_B8,Oligo_xylose,cycle 5,,0.8925,48 h,,"growth curve data NA, so 48 h label rather than 0: 0.05:48 was used",Ho lab/7_Shared data/16s rRNA/Raw reads/2024930_DM_assembly/Plate1,0.0,0.0,0.0537845335799329,0.0,0.0,0.0,0.0004470581435672,0.0020289561900358,not_assessable,review_required,True,,0.0,-0.1436497148534297,-0.14364971485342987,0.0,0.0,-0.1436497148534297,-0.09654636947590393,-0.1436497148534297,-0.1436497148534297,-0.14364971485342953,0.0,-0.1436497148534297,-0.14364971485342987,-0.1436497148534297,-0.14364971485342987,0.0,0.0,0.0,-0.09654636947590393,0.0,-6.2818030246742635,3.3174939920468685,2.8911832141292053,-5.1840092107263,0.0,-1.1620874876368583,0.0,0.0,1.9623407071352506,0.0,-0.022493398221518662,-7.652905037414257
2024930_WZY_DM_assembly_Plate1B9,2024930_WZY_DM_assembly_Plate1,,B9,Plate1_B9,Oligo_xylose,cycle 5,,0.8505,48 h,,"growth curve data NA, so 48 h label rather than 0: 0.05:48 was used",Ho lab/7_Shared data/16s rRNA/Raw reads/2024930_DM_assembly/Plate1,0.0,0.0,0.0038653032440056,0.0,0.0,0.0,0.0003165550070521,0.0022325458392101,not_assessable,review_required,True,,0.0,-0.03815007198590798,-0.03815007198590798,0.0,0.0,-0.03815007198590798,-0.03815007198590798,-0.03815007198590798,-0.03815007198590798,-0.03815007198590815,0.0,-0.03815007198590798,-0.03815007198590815,-0.038150071985907814,0.0,0.0,0.0,0.0,0.0,0.0,-4.1841967427090925,0.47707765180175554,0.044536601597563646,-4.275248722836994,0.0,-3.3343188775553743,0.0,0.0,0.11252907371917135,0.0,0.633336194089735,-3.1636878839086595
2024930_WZY_DM_assembly_Plate1B10,2024930_WZY_DM_assembly_Plate1,,B10,Plate1_B10,Oligo_xylose,cycle 5,,0.8885,48 h,,"growth curve data NA, so 48 h label rather than 0: 0.05:48 was used",Ho lab/7_Shared data/16s rRNA/Raw reads/2024930_DM_assembly/Plate1,0.0,0.0,0.079570596609292,0.0,0.0,0.0,0.0001437330141063,0.003334605927268,not_assessable,review_required,True,,0.0,0.0,-0.6734026645425788,0.0,-0.6734026645425788,-0.6734026645425791,-0.6734026645425788,-0.6734026645425788,-0.6734026645425788,-0.6734026645425788,0.0,-0.6734026645425786,-0.6734026645425788,-0.6734026645425788,-0.6179311930104321,0.0,0.0,0.0,0.0,0.0,5.505141003278066,0.328372158225849,-3.6387496645180626,0.0,0.0,-1.60105737444608,0.0,0.0,1.461958574085687,0.0,-0.14513669003980842,-2.4862871872000305
2024930_WZY_DM_assembly_Plate1B11,2024930_WZY_DM_assembly_Plate1,,B11,Plate1_B11,Oligo_xylose,cycle 5,,0.8875,48 h,,"growth curve data NA, so 48 h label rather than 0: 0.05:48 was used",Ho lab/7_Shared data/16s rRNA/Raw reads/2024930_DM_assembly/Plate1,0.0,0.0,0.038890044651918,0.0,0.0,0.0,0.0005764156687639,0.0017292470062918,not_assessable,review_required,True,,0.0,-0.5922409149004526,-0.5922409149004526,0.0,-0.5922409149004528,-0.5922409149004528,-0.5922409149004526,-0.5922409149004526,-0.5922409149004528,-0.5922409149004528,0.0,-0.5922409149004526,-0.5922409149004526,-0.5922409149004528,0.0,0.0,0.0,0.0,0.0,0.0,0.5496307191661972,3.8989129939426608,-5.759383009546798,-4.888876564432467,0.0,-2.6308084114920263,0.0,0.0,1.046228346059675,0.0,6.9145900224895,-6.182334999902032
2024930_WZY_DM_assembly_Plate1B12,2024930_WZY_DM_assembly_Plate1,,B12,Plate1_B12,Oligo_xylose,cycle 5,,0.9915,48 h,,"growth curve data NA, so 48 h label rather than 0: 0.05:48 was used",Ho lab/7_Shared data/16s rRNA/Raw reads/2024930_DM_assembly/Plate1,0.0,0.0,0.0465340931697612,3.287466843501326e-05,0.0,0.0,0.0001150613395225,0.0023176641246684,not_assessable,review_required,True,,0.0,-0.5620060266668438,-0.5620060266668438,0.0,0.0,-0.5620060266668438,-0.5620060266668438,-0.5620060266668441,-0.5620060266668438,-0.5620060266668436,0.0,0.0,-0.5620060266668438,-0.5620060266668441,0.0,0.0,0.0,0.0,0.0,0.0,-3.0097500740034873,2.7525420237901193,-2.735983989149316,-5.291697373514176,0.0,0.0,0.0,0.0,8.108493420738219,0.0,3.150388377864166,-5.826110268154705
2024930_WZY_DM_assembly_Plate1C1,2024930_WZY_DM_assembly_Plate1,,C1,Plate1_C1,Xylose,cycle 5,,0.8155,48 h,,"growth curve data NA, so 48 h label rather than 0: 0.05:48 was used",Ho lab/7_Shared data/16s rRNA/Raw reads/2024930_DM_assembly/Plate1,0.0,0.0,0.0021565497692586,0.0,0.0,0.0,0.0,0.0,not_assessable,review_required,True,,-0.02283695723480798,0.0,-0.022836957234807817,0.0,-0.022836957234807817,-0.022836957234808143,-0.022836957234808143,-0.02283695723480798,-0.022836957234808143,0.0,0.0,-0.022836957234808143,0.0,-0.02283695723480798,0.0,0.0,0.0,0.0,0.0,0.0,-4.598549221562795,3.0540609988889518,-0.982290590352023,0.4341089362889009,0.0,0.04366341110749787,0.0,0.0,1.422637724821713,0.0,-0.027638407999490765,-7.637993910022771
2024930_WZY_DM_assembly_Plate1C2,2024930_WZY_DM_assembly_Plate1,,C2,Plate1_C2,Xylose,cycle 5,,0.9295,48 h,,"growth curve data NA, so 48 h label rather than 0: 0.05:48 was used",Ho lab/7_Shared data/16s rRNA/Raw reads/2024930_DM_assembly/Plate1,0.0,0.0,0.0088358767205266,0.0,0.0,0.0,0.0,0.0,not_assessable,review_required,True,,-0.7171189616376298,0.0,-0.7171189616376298,0.0,-0.7171189616376298,-0.71711896163763,-0.71711896163763,-0.7171189616376298,-0.7171189616376298,-0.71711896163763,0.0,-0.71711896163763,0.0,-0.7171189616376298,0.0,0.0,0.0,0.0,0.0,0.0,-0.8891527965664799,1.9172014945980107,-1.5726284853642516,0.0,0.0,2.4052719384700576,0.0,0.0,8.503283985478086,0.0,3.1482878442273288,-7.20426029128193
2024930_WZY_DM_assembly_Plate1C3,2024930_WZY_DM_assembly_Plate1,,C3,Plate1_C3,Xylose,cycle 5,,0.8765,48 h,,"growth curve data NA, so 48 h label rather than 0: 0.05:48 was used",Ho lab/7_Shared data/16s rRNA/Raw reads/2024930_DM_assembly/Plate1,0.0,0.0,0.0011311888932342,0.0,0.0,0.0,0.0,0.0,not_assessable,review_required,True,,-0.3099476286789077,-0.3099476286789077,-0.3099476286789077,0.0,-0.3099476286789075,0.0,-0.3099476286789075,-0.3099476286789077,0.0,-0.3099476286789075,0.0,-0.3099476286789075,0.0,-0.3099476286789077,0.0,0.0,0.0,0.0,0.0,0.0,-6.2465799411363925,5.227722949118325,2.7681430941454517,-1.600267812629993,0.0,-1.7025361171765534,0.0,0.0,8.388170463209603,0.0,0.192039728227836,-7.489446944441872
2024930_WZY_DM_assembly_Plate1C4,2024930_WZY_DM_assembly_Plate1,,C4,Plate1_C4,Xylose,cycle 5,,0.8405,48 h,,"growth curve data NA, so 48 h label rather than 0: 0.05:48 was used",Ho lab/7_Shared data/16s rRNA/Raw reads/2024930_DM_assembly/Plate1,0.0,0.0,0.0112975707642324,0.0,0.0,0.0,0.0,0.0,not_assessable,review_required,True,,-0.5552927121785958,-0.5552927121785958,-0.5552927121785958,0.0,-0.5552927121785958,-0.5552927121785958,-0.07679259508100394,-0.5552927121785958,-0.5552927121785958,-0.5552927121785958,0.0,0.0,0.0,-0.5552927121785958,0.0,0.0,0.0,0.0,0.0,0.0,-1.1417894989373696,3.405663910879534,-2.1967923711917487,-1.826880919991756,0.0,-1.7100102644094692,0.0,0.0,8.253445255667064,0.0,0.5936245669693827,-6.250393254666838
2024930_WZY_DM_assembly_Plate1C5,2024930_WZY_DM_assembly_Plate1,,C5,Plate1_C5,Xylose,cycle 5,,0.7795,48 h,,"growth curve data NA, so 48 h label rather than 0: 0.05:48 was used",Ho lab/7_Shared data/16s rRNA/Raw reads/2024930_DM_assembly/Plate1,0.0,0.0,0.0105540811345476,0.0,0.0,0.0,0.0,0.0,not_assessable,review_required,True,,-0.47001885983168507,-0.4650363372903786,-0.47001885983168507,0.0,-0.47001885983168507,-0.47001885983168507,-0.4700188598316853,-0.47001885983168484,-0.4700188598316853,-0.47001885983168507,0.0,0.0,0.0,-0.47001885983168507,0.0,0.0,0.0,0.0,0.0,0.0,5.456304042814892,1.5541038250183503,2.987043637199965,-4.544470804784901,0.0,-1.322078383448429,0.0,0.0,8.444424894011632,0.0,-0.2952721705100256,-7.699108113656196
2024930_WZY_DM_assembly_Plate1C6,2024930_WZY_DM_assembly_Plate1,,C6,Plate1_C6,Xylose,cycle 5,,0.9555,48 h,,"growth curve data NA, so 48 h label rather than 0: 0.05:48 was used",Ho lab/7_Shared data/16s rRNA/Raw reads/2024930_DM_assembly/Plate1,0.0,0.0,0.0026595883184807,0.0,0.0,0.0,0.0,0.0,not_assessable,review_required,True,,-0.24922708549189349,0.0,-0.24922708549189349,0.0,-0.2492270854918933,-0.24922708549189349,-0.24922708549189349,-0.24922708549189349,-0.22713984699971604,-0.24922708549189349,-0.24922708549189349,0.0,0.0,-0.24922708549189349,-0.24922708549189349,0.0,0.0,0.0,0.0,0.0,-3.6689281359032853,2.3746320548491773,-0.9190175516374336,-2.1957994675270296,0.0,-1.4043963578641767,0.0,0.0,0.846950747561585,0.0,1.1143337449644997,-3.952964883560783
2024930_WZY_DM_assembly_Plate1C7,2024930_WZY_DM_assembly_Plate1,,C7,Plate1_C7,Xylan,cycle 5,,0.8385,48 h,,"growth curve data NA, so 48 h label rather than 0: 0.05:48 was used",Ho lab/7_Shared data/16s rRNA/Raw reads/2024930_DM_assembly/Plate1,0.0,0.0,0.0422199028389251,0.0,0.0,0.0,0.0001697282526187,0.000551616821011,not_assessable,review_required,True,,0.0,0.0,-0.7485440853652138,0.0,-0.7485440853652138,-0.7485440853652138,-0.7485440853652138,-0.7485440853652138,-0.7485440853652138,-0.7485440853652136,0.0,-0.7485440853652138,-0.7485440853652138,-0.7485440853652138,-0.7485440853652138,0.0,0.0,0.0,-0.8156523746499375,0.0,2.3678714715204925,-0.011426700415064262,-1.5261457574549926,-1.8373474457493086,0.0,-2.310417066399545,0.0,0.0,8.327017493730127,0.0,1.532770983098808,-6.971543860515839
2024930_WZY_DM_assembly_Plate1C8,2024930_WZY_DM_assembly_Plate1,,C8,Plate1_C8,Xylan,cycle 5,,0.7715,48 h,,"growth curve data NA, so 48 h label rather than 0: 0.05:48 was used",Ho lab/7_Shared data/16s rRNA/Raw reads/2024930_DM_assembly/Plate1,0.0,0.0,0.0402545551348793,0.0,0.0,0.0,9.1280170373876e-05,0.0026014848556554,not_assessable,review_required,True,,0.0,-0.46277171439522075,-0.686798221577878,0.0,-0.686798221577878,-0.686798221577878,-0.6867982215778777,-0.686798221577878,-0.686798221577878,-0.6867982215778777,0.0,-0.686798221577878,-0.6867982215778783,-0.686798221577878,-0.686798221577878,0.0,0.0,0.0,-1.8362301099226803,0.0,5.269552791098127,-1.4122668983274018,5.038137845161806,-1.9455769125969875,0.0,1.7654292800536238,0.0,0.0,8.339483704890814,0.0,1.2457562791422339,-6.585482077416751
2024930_WZY_DM_assembly_Plate1C9,2024930_WZY_DM_assembly_Plate1,,C9,Plate1_C9,Xylan,cycle 5,,0.8225,48 h,,"growth curve data NA, so 48 h label rather than 0: 0.05:48 was used",Ho lab/7_Shared data/16s rRNA/Raw reads/2024930_DM_assembly/Plate1,0.0,0.0,0.0334160290742157,0.0,0.0,0.0,0.0007551644988523,0.004530986993114,not_assessable,review_required,True,,0.0,-0.552162667367808,-0.552162667367808,0.0,-0.552162667367808,-0.5521626673678082,-0.5521626673678082,-0.5521626673678082,-0.5521626673678082,-0.552162667367808,0.0,-0.552162667367808,-0.5521626673678082,-0.552162667367808,-0.5521626673678082,0.0,0.0,0.0,-0.26823747914238233,0.0,-3.3304052611492567,-1.5263242780258472,-1.8274404697684197,-5.658263090413177,0.0,3.67543587989236,0.0,0.0,8.546505020724354,0.0,5.731917591020493,-4.40574100289234
2024930_WZY_DM_assembly_Plate1C10,2024930_WZY_DM_assembly_Plate1,,C10,Plate1_C10,Xylan,cycle 5,,0.8855,48 h,,"growth curve data NA, so 48 h label rather than 0: 0.05:48 was used",Ho lab/7_Shared data/16s rRNA/Raw reads/2024930_DM_assembly/Plate1,0.0,0.0,0.0493681280310378,0.0,0.0,0.0,0.0023704946653734,0.0052906692531522,not_assessable,review_required,True,,0.0,0.0,0.08392369906716053,0.0,0.08392369906716053,0.08392369906716053,0.08392369906716023,0.08392369906716053,0.08392369906716023,0.08392369906716023,0.0,0.08392369906716053,0.08392369906716023,0.08392369906716053,0.0,0.0,0.0,0.0,0.0,0.0,-5.124103085267971,0.4393581229091022,-0.6830610870381358,3.4203073774722643,0.0,-3.29078414437467,0.0,0.0,1.2968783276785252,0.0,0.47051679304255317,-7.891704983137925
2024930_WZY_DM_assembly_Plate1C11,2024930_WZY_DM_assembly_Plate1,,C11,Plate1_C11,Xylan,cycle 5,,0.9635,48 h,,"growth curve data NA, so 48 h label rather than 0: 0.05:48 was used",Ho lab/7_Shared data/16s rRNA/Raw reads/2024930_DM_assembly/Plate1,0.0,0.0,0.019201143912324,0.0,0.0,0.0,0.0006238638816278,0.0036507590110074,not_assessable,review_required,True,,0.0,0.0,-0.14836607079358963,0.0,-0.14836607079358963,-0.14836607079358946,-0.14836607079358963,-0.14836607079358963,0.0,-0.14836607079358963,0.0,-0.14836607079358946,-0.14836607079358963,-0.14836607079358963,0.0,0.0,0.0,0.0,0.0,0.0,-0.6767430738501439,0.14073283536852954,-5.8932443656496245,-2.5423890852987383,0.0,-3.3781596895204484,0.0,0.0,2.9496233438528225,0.0,0.9480011731491906,-7.575114896931913
2024930_WZY_DM_assembly_Plate1C12,2024930_WZY_DM_assembly_Plate1,,C12,Plate1_C12,Xylan,cycle 5,,0.8945,48 h,,"growth curve data NA, so 48 h label rather than 0: 0.05:48 was used",Ho lab/7_Shared data/16s rRNA/Raw reads/2024930_DM_assembly/Plate1,0.0,0.0002235070379521,0.024511271828757,0.0,0.0,0.0,0.0006208528832005,0.0020115633415697,not_assessable,review_required,True,,0.0,0.0,0.5687889427945956,0.0,0.5687889427945958,0.5687889427945956,0.5687889427945958,0.5687889427945956,0.0,0.5687889427945956,0.0,0.5687889427945958,0.5687889427945956,0.5687889427945956,0.5687889427945956,0.0,0.0,0.0,0.0,0.0,-4.193814415289519,0.0017087732964684594,-0.3283874038660831,-1.1661497709942779,0.0,-3.013693646741318,0.0,5.028354703829429,-1.0986603475572014,0.0,0.9820137173186168,-4.270747075524379
2024930_WZY_DM_assembly_Plate1D1,2024930_WZY_DM_assembly_Plate1,,D1,Plate1_D1,Maltose,cycle 5,,0.9025,48 h,,"growth curve data NA, so 48 h label rather than 0: 0.05:48 was used",Ho lab/7_Shared data/16s rRNA/Raw reads/2024930_DM_assembly/Plate1,0.0,0.0,0.0,0.0,0.0,0.0,0.0011149329001032,0.0,not_assessable,review_required,True,,-0.0868064814995457,0.0,0.0,0.0,-0.08680648149954537,-0.08680648149954553,-0.08680648149954519,-0.08680648149954553,-0.08680648149954553,-0.08680648149954537,0.0,-0.08680648149954553,-0.08680648149954537,-0.08680648149954537,0.0,0.0,0.0,0.0,-1.0357801107899336,0.0,-6.551545101152117,-0.431139016938351,-1.3067414323953714,-4.487604280322606,0.0,1.7176800140082404,0.0,0.0,0.43428449960803234,0.0,6.426464464637228,-5.174908596274567
2024930_WZY_DM_assembly_Plate1D2,2024930_WZY_DM_assembly_Plate1,,D2,Plate1_D2,Maltose,cycle 5,,0.9905,48 h,,"growth curve data NA, so 48 h label rather than 0: 0.05:48 was used",Ho lab/7_Shared data/16s rRNA/Raw reads/2024930_DM_assembly/Plate1,0.0,0.0,0.0,0.0,0.0,0.0,0.0005830267611259,0.0,not_assessable,review_required,True,,0.0,0.0,0.0,0.0,-0.12341010321424337,-0.12341010321424337,-0.12341010321424337,-0.12341010321424337,-0.12341010321424337,-0.12341010321424337,0.0,-0.12341010321424337,0.0,-0.12341010321424353,0.0,0.0,0.0,0.0,-0.4732937745380266,0.0,-7.271839214464762,-0.1681660025918734,-2.3714141605188592,-3.8446414234697155,0.0,0.0,0.0,0.0,6.077435755183062,0.0,3.258345804127005,-5.557538468032225
2024930_WZY_DM_assembly_Plate1D3,2024930_WZY_DM_assembly_Plate1,,D3,Plate1_D3,Maltose,cycle 5,,0.9495,48 h,,"growth curve data NA, so 48 h label rather than 0: 0.05:48 was used",Ho lab/7_Shared data/16s rRNA/Raw reads/2024930_DM_assembly/Plate1,0.0,0.0,0.0,0.0,0.0,0.0,0.0060086118346234,0.0,not_assessable,review_required,True,,-0.10803342312903798,0.0,0.0,-0.10803342312903798,-0.10803342312903798,-0.10803342312903798,-0.10803342312903798,-0.10803342312903798,0.0,-0.10803342312903781,-0.10803342312903798,-0.10803342312903798,0.0,-0.10803342312903798,0.0,0.0,0.0,0.0,-0.02185763184740694,0.0,-6.642710591037518,-0.05980785940339469,-3.044628939506178,-4.938334276285251,0.0,0.0,0.0,0.0,5.935623010068203,0.0,3.4676303969612596,-5.668334521781395
2024930_WZY_DM_assembly_Plate1D4,2024930_WZY_DM_assembly_Plate1,,D4,Plate1_D4,Maltose,cycle 5,,0.9865,48 h,,"growth curve data NA, so 48 h label rather than 0: 0.05:48 was used",Ho lab/7_Shared data/16s rRNA/Raw reads/2024930_DM_assembly/Plate1,0.0,0.0,0.0,0.0,0.0,0.0,0.003357591172757,0.0,not_assessable,review_required,True,,-0.0220891521930715,0.0,0.0,0.0,-0.0220891521930715,-0.022089152193071337,-0.0220891521930715,-0.022089152193071337,0.0,-0.0220891521930715,0.0,-0.0220891521930715,0.0,-0.0220891521930715,-0.022089152193071664,0.0,0.0,0.0,0.0,0.0,-6.657486643698199,-0.12503026677643755,0.0,-4.027211318535345,0.0,0.0,0.0,0.0,7.052306330637033,0.0,4.949676171994179,-7.463716540323142
2024930_WZY_DM_assembly_Plate1D5,2024930_WZY_DM_assembly_Plate1,,D5,Plate1_D5,Maltose,cycle 5,,0.9975,48 h,,"growth curve data NA, so 48 h label rather than 0: 0.05:48 was used",Ho lab/7_Shared data/16s rRNA/Raw reads/2024930_DM_assembly/Plate1,0.0,0.0,0.0,0.0,0.0,0.0,0.0,0.0,not_assessable,review_required,True,,-0.09904895450899225,0.0,0.0,0.0,-0.0990489545089919,-0.09904895450899225,-0.09904895450899208,-0.09904895450899208,-0.0990489545089919,-0.09904895450899208,-0.09904895450899208,-0.09904895450899208,0.0,-0.09904895450899208,0.0,0.0,0.0,0.0,-0.3672317554059335,0.0,-6.992668006114212,0.08812609365194722,-3.0626937973926482,-1.1213215273633141,0.0,0.5261163838338302,0.0,0.0,0.0,0.0,2.9438766378150856,0.0
2024930_WZY_DM_assembly_Plate1D6,2024930_WZY_DM_assembly_Plate1,,D6,Plate1_D6,Maltose,cycle 5,,0.9395,48 h,,"growth curve data NA, so 48 h label rather than 0: 0.05:48 was used",Ho lab/7_Shared data/16s rRNA/Raw reads/2024930_DM_assembly/Plate1,0.0,0.0,0.000445235838537,0.0,0.0,0.0,0.0,0.0,not_assessable,review_required,True,,-0.1527135018142779,0.0,0.0,0.0,-0.1527135018142779,0.0,-0.1527135018142779,-0.1527135018142777,0.0,-0.1527135018142779,0.0,0.0,-0.15271350181427806,-0.1527135018142779,0.0,0.0,0.0,0.0,-0.420860088239292,0.0,-3.931294610310804,-0.55100572812786,-2.874816576810543,-4.562115746850444,0.0,0.1346491389566182,0.0,0.0,0.005814436446700246,0.0,3.7716192268022124,-5.237843711494784
2024930_WZY_DM_assembly_Plate1D7,2024930_WZY_DM_assembly_Plate1,,D7,Plate1_D7,Sucrose,cycle 5,,1.0385,48 h,,"growth curve data NA, so 48 h label rather than 0: 0.05:48 was used",Ho lab/7_Shared data/16s rRNA/Raw reads/2024930_DM_assembly/Plate1,0.0,0.0,0.0,0.0,0.0,0.0,0.0,0.0,not_assessable,review_required,True,,-0.24078226515564877,0.0,0.0,0.0,-0.24078226515564857,-0.24078226515564857,-0.24078226515564838,-0.24078226515564877,-0.24078226515564857,-0.24078226515564857,-0.24078226515564857,0.0,0.0,-0.24078226515564877,0.0,0.0,0.0,0.0,-1.3414309980402517,0.0,-8.137313550347258,0.49291192476054513,-0.08767440579439235,-4.932199120442643,0.0,-1.7447866922714734,0.0,0.0,8.282572024571257,0.0,1.9750222199683756,0.0
2024930_WZY_DM_assembly_Plate1D8,2024930_WZY_DM_assembly_Plate1,,D8,Plate1_D8,Sucrose,cycle 5,,1.0065,48 h,,"growth curve data NA, so 48 h label rather than 0: 0.05:48 was used",Ho lab/7_Shared data/16s rRNA/Raw reads/2024930_DM_assembly/Plate1,0.0,0.0,0.0,0.0,0.0,0.0,0.0,0.0,not_assessable,review_required,True,,-0.11832150202519101,0.0,0.0,-0.11832150202519136,-0.11832150202519084,-0.11832150202519119,0.0,-0.11832150202519119,-0.11832150202519119,-0.11832150202519136,0.0,-0.11832150202519101,0.0,-0.11832150202519136,0.0,0.0,0.0,0.0,0.0,0.0,-7.393170453786004,2.3369929428017824,0.0,-3.7055984722637914,0.0,0.9187557175032983,0.0,0.0,0.0,0.0,3.6299634615112066,-2.4414409094710647
2024930_WZY_DM_assembly_Plate1D9,2024930_WZY_DM_assembly_Plate1,,D9,Plate1_D9,Sucrose,cycle 5,,0.9825,48 h,,"growth curve data NA, so 48 h label rather than 0: 0.05:48 was used",Ho lab/7_Shared data/16s rRNA/Raw reads/2024930_DM_assembly/Plate1,0.0,5.0899702977136146e-05,8.483283829522691e-05,0.0,0.0,0.0,0.0,0.0,not_assessable,review_required,True,,-0.1640240719587985,0.0,0.0,0.0,-0.1640240719587985,0.0,0.0,-0.1640240719587987,0.0,-0.16402407195879834,0.0,0.0,0.0,-0.1640240719587985,0.0,0.0,0.0,0.0,-0.6202419878644876,0.0,-6.878371276576669,1.8678861107035036,0.0,-1.5195479882450347,0.0,0.0,0.0,0.0,-5.775230719001966,0.0,4.192602243113512,-2.104510488966208
2024930_WZY_DM_assembly_Plate1D10,2024930_WZY_DM_assembly_Plate1,,D10,Plate1_D10,Sucrose,cycle 5,,1.0385,48 h,,"growth curve data NA, so 48 h label rather than 0: 0.05:48 was used",Ho lab/7_Shared data/16s rRNA/Raw reads/2024930_DM_assembly/Plate1,0.0,0.0,0.0,0.0,0.0,0.0,0.0,0.0,not_assessable,review_required,True,,-0.38238523938613256,0.0,0.0,-0.38238523938613234,-0.38238523938613256,-0.3038758680208511,-0.23172608226501565,-0.38238523938613256,-0.38238523938613234,-0.38238523938613256,0.0,0.0,-0.11624886484507961,-0.38238523938613234,0.0,0.0,0.0,0.0,0.0,0.0,-2.9575511188260215,4.018194244918505,0.0,-0.5009127150804049,0.0,1.5054158543978828,0.0,0.0,0.0,0.0,3.699954848018554,-5.757698556912722
2024930_WZY_DM_assembly_Plate1D11,2024930_WZY_DM_assembly_Plate1,,D11,Plate1_D11,Sucrose,cycle 5,,1.0475,48 h,,"growth curve data NA, so 48 h label rather than 0: 0.05:48 was used",Ho lab/7_Shared data/16s rRNA/Raw reads/2024930_DM_assembly/Plate1,0.0,0.0,0.0,0.0,0.0,0.0,0.0,0.0,not_assessable,review_required,True,,-0.33697562093030875,0.0,0.0,-0.33697562093030875,-0.33697562093030875,-0.33697562093030875,0.0,-0.33697562093030875,0.0,-0.3369756209303086,0.0,-0.33697562093030875,0.0,-0.33697562093030875,0.0,0.0,0.0,0.0,-0.13758302138119424,0.0,-1.6726202967706856,1.8851570354125158,0.0,0.0,0.0,0.5104920615594568,0.0,0.0,0.0,0.0,3.4957145824665408,-5.999113083589868
2024930_WZY_DM_assembly_Plate1D12,2024930_WZY_DM_assembly_Plate1,,D12,Plate1_D12,Sucrose,cycle 5,,1.0265,48 h,,"growth curve data NA, so 48 h label rather than 0: 0.05:48 was used",Ho lab/7_Shared data/16s rRNA/Raw reads/2024930_DM_assembly/Plate1,0.0,0.0,0.0002597550483324,0.0,0.0,0.0,0.0,0.0,not_assessable,review_required,True,,-0.35338124629851625,0.0,0.0,-0.08824451278597636,-0.353381246298516,-0.35338124629851625,-0.35338124629851625,-0.35338124629851625,-0.35338124629851625,-0.35338124629851625,0.0,-0.35338124629851625,-0.353381246298516,-0.353381246298516,0.0,0.0,0.0,0.0,-2.105318026144891,0.0,-1.727730590288115,0.26430433455989816,0.0,-4.171660520973612,0.0,-1.8822600679087904,0.0,0.0,2.720672613056249,0.0,1.469195902077633,-7.070423235698736
2024930_WZY_DM_assembly_Plate1E1,2024930_WZY_DM_assembly_Plate1,,E1,Plate1_E1,Lactose,cycle 5,,0.8715,48 h,,"growth curve data NA, so 48 h label rather than 0: 0.05:48 was used",Ho lab/7_Shared data/16s rRNA/Raw reads/2024930_DM_assembly/Plate1,0.0,0.0113128848711759,0.0,0.0,0.0,0.0,0.0015670599536923,0.0079211660672939,not_assessable,review_required,True,,-0.12001902402839325,0.0,0.0,-0.12001902402839341,-0.12001902402839325,-0.12001902402839307,-0.12001902402839325,-0.12001902402839325,0.0,-0.12001902402839325,0.0,-0.12001902402839341,-0.12001902402839307,-0.12001902402839325,0.0,0.0,0.0,0.0,-0.7359094617385762,0.0,-2.9722861125107163,-0.10043616118019029,5.761249480244427,-5.133422046922363,0.0,-5.329045893905436,0.0,0.0,8.232032125432589,0.0,-0.40584930536666786,-7.601033456676742
2024930_WZY_DM_assembly_Plate1E2,2024930_WZY_DM_assembly_Plate1,,E2,Plate1_E2,Lactose,cycle 5,,0.8545,48 h,,"growth curve data NA, so 48 h label rather than 0: 0.05:48 was used",Ho lab/7_Shared data/16s rRNA/Raw reads/2024930_DM_assembly/Plate1,0.0,0.003867179289192,0.0001649507753683,0.0,0.0,0.0,0.0003115736868069,0.0039954743367007,not_assessable,review_required,True,,0.1820079205192265,0.0,0.0,0.18200792051922624,0.18200792051922624,0.0,0.18200792051922624,0.1820079205192265,0.18200792051922624,0.18200792051922624,0.18200792051922624,0.18200792051922624,0.18200792051922624,0.18200792051922624,0.0,0.0,0.0,0.0,-0.9789733091895432,0.0,0.0,3.57522066697309,5.0458880241479935,-2.322927710406915,0.0,-3.690347189453023,0.0,6.9074078687522755,-0.5021773510850233,0.0,0.4393823093192684,-7.19633187290386
2024930_WZY_DM_assembly_Plate1E3,2024930_WZY_DM_assembly_Plate1,,E3,Plate1_E3,Lactose,cycle 5,,0.9325,48 h,,"growth curve data NA, so 48 h label rather than 0: 0.05:48 was used",Ho lab/7_Shared data/16s rRNA/Raw reads/2024930_DM_assembly/Plate1,0.0,0.0090892476393542,0.0,0.0,0.0,0.0,0.0006898089726295,0.0091298246377442,not_assessable,review_required,True,,0.686626317816465,0.6866263178164648,0.0,0.686626317816465,0.6866263178164648,0.6866263178164648,0.0,0.686626317816465,0.686626317816465,0.6866263178164648,0.6866263178164648,0.0,0.6866263178164648,0.686626317816465,0.0,0.0,0.0,0.0,0.0,0.0,-4.458470142399847,1.2914399147347846,5.787034065210904,-4.897354383633061,0.0,-4.018938081200258,0.0,5.519234519557049,7.992442013914031,0.0,-2.3946173598227536,-6.648015198205882
2024930_WZY_DM_assembly_Plate1E4,2024930_WZY_DM_assembly_Plate1,,E4,Plate1_E4,Lactose,cycle 5,,0.8065,48 h,,"growth curve data NA, so 48 h label rather than 0: 0.05:48 was used",Ho lab/7_Shared data/16s rRNA/Raw reads/2024930_DM_assembly/Plate1,0.0,0.0011865663196016,0.0,0.0,0.0,0.0,0.0,0.0090361588954277,not_assessable,review_required,True,,1.8673210670651976,0.0,0.0,1.867321067065198,1.8673210670651978,0.0,0.9122562985287852,1.867321067065198,1.867321067065198,1.8673210670651978,1.8673210670651978,0.0,1.8673210670651978,1.8673210670651978,0.0,0.0,0.0,0.0,0.0,0.0,-2.1038289205172123,1.6918113518665043,0.0,-1.6563699435459796,0.0,-0.4599727307423874,0.0,0.0,-8.517061922949315,0.0,3.392719959545763,-8.568061525418337
2024930_WZY_DM_assembly_Plate1E5,2024930_WZY_DM_assembly_Plate1,,E5,Plate1_E5,Lactose,cycle 5,,0.9085,48 h,,"growth curve data NA, so 48 h label rather than 0: 0.05:48 was used",Ho lab/7_Shared data/16s rRNA/Raw reads/2024930_DM_assembly/Plate1,0.0,0.0037769341903526,0.0,0.0,0.0,0.0,0.0007232427173015,0.0005625221134567,not_assessable,review_required,True,,0.0,-0.25189176144240355,0.0,-0.25189176144240333,-0.2518917614424037,-0.25189176144240355,-0.25189176144240355,-0.2518917614424037,-0.25189176144240355,-0.25189176144240355,-0.2518917614424037,0.0,-0.25189176144240355,-0.25189176144240355,-0.25189176144240355,0.0,0.0,0.0,-0.053450925006121947,0.0,-3.9821106109432436,0.6356867395062237,5.041013869192727,-0.06912881793923936,0.0,-3.8666824134005346,0.0,0.0,8.300893941174252,0.0,0.19250390384628735,-7.6525136227722745
2024930_WZY_DM_assembly_Plate1E6,2024930_WZY_DM_assembly_Plate1,,E6,Plate1_E6,Lactose,cycle 5,,0.9105,48 h,,"growth curve data NA, so 48 h label rather than 0: 0.05:48 was used",Ho lab/7_Shared data/16s rRNA/Raw reads/2024930_DM_assembly/Plate1,0.0,0.0106111888975826,0.0005249351398097,0.0,0.0,0.0,0.0032620969402462,0.0106111888975826,not_assessable,review_required,True,,1.6135682416844888,0.0,0.0,1.613568241684489,1.6135682416844888,1.6135682416844888,1.6135682416844888,1.613568241684489,1.613568241684489,1.613568241684489,1.613568241684489,0.0,1.613568241684489,1.613568241684489,0.0,0.0,0.0,0.0,-2.4155872021015807,0.0,-2.546831735379861,1.737403482881823,0.0,0.0,0.0,-2.7144316838759184,0.0,4.323556559678522,-2.2962882737292585,0.0,-1.4888386449475097,-7.28105045933335
2024930_WZY_DM_assembly_Plate1E7,2024930_WZY_DM_assembly_Plate1,,E7,Plate1_E7,Rhamonse,cycle 5,,0.7245,48 h,,"growth curve data NA, so 48 h label rather than 0: 0.05:48 was used",Ho lab/7_Shared data/16s rRNA/Raw reads/2024930_DM_assembly/Plate1,0.0,0.0,0.0002253293084522,0.0,0.0,0.0,0.0,0.0,not_assessable,review_required,True,,-0.1637823439556261,0.0,0.0,0.0,-0.16378234395562646,0.0,0.0,0.0,-0.009394926255351245,-0.16378234395562646,0.0,0.0,-0.1637823439556261,-0.1637823439556261,0.0,-0.1637823439556263,0.0,0.0,0.0,0.0,0.0,3.086749486667647,0.0,-2.6668270653090356,0.0,0.0,0.0,0.0,0.36014499922839904,0.0,2.035960043243512,-7.110678262092621
2024930_WZY_DM_assembly_Plate1E8,2024930_WZY_DM_assembly_Plate1,,E8,Plate1_E8,Rhamonse,cycle 5,,0.7565,48 h,,"growth curve data NA, so 48 h label rather than 0: 0.05:48 was used",Ho lab/7_Shared data/16s rRNA/Raw reads/2024930_DM_assembly/Plate1,0.0,0.0,0.0007310944672626,0.0,0.0,0.0,0.0,0.0,not_assessable,review_required,True,,-0.6851727211667293,-0.1220376720456728,0.0,0.0,-0.6851727211667293,0.0,0.0,0.0,-0.6851727211667296,-0.6851727211667296,0.0,0.0,-0.6851727211667293,-0.6851727211667296,-0.6851727211667296,-0.6851727211667296,0.0,0.0,0.0,0.0,0.8863194449948297,0.1029671412041516,-1.2000401840470103,-4.746528536953557,0.0,2.544248165262996,0.0,0.0,3.640283547862138,0.0,2.5182684839894236,-5.89755650698136
2024930_WZY_DM_assembly_Plate1E9,2024930_WZY_DM_assembly_Plate1,,E9,Plate1_E9,Rhamonse,cycle 5,,0.8905,48 h,,"growth curve data NA, so 48 h label rather than 0: 0.05:48 was used",Ho lab/7_Shared data/16s rRNA/Raw reads/2024930_DM_assembly/Plate1,0.0,0.0,0.0008689621523663,0.0,0.0,0.0,0.0,0.0,not_assessable,review_required,True,,-0.6913694700614592,0.0,0.0,0.0,-0.691369470061459,0.0,0.0,0.0,-0.691369470061459,-0.691369470061459,0.0,-0.691369470061459,0.0,-0.691369470061459,-0.6913694700614592,-0.691369470061459,0.0,0.0,0.0,0.0,0.0,5.588201592713075,-0.28801431440157577,-1.516283302074729,0.0,2.8820938974085943,0.0,0.0,1.3416563250210782,0.0,0.5000895145269899,-1.2248204879144056
2024930_WZY_DM_assembly_Plate1E10,2024930_WZY_DM_assembly_Plate1,,E10,Plate1_E10,Rhamonse,cycle 5,,0.7445,48 h,,"growth curve data NA, so 48 h label rather than 0: 0.05:48 was used",Ho lab/7_Shared data/16s rRNA/Raw reads/2024930_DM_assembly/Plate1,0.0,0.0,0.000196007020623,0.0,0.0,0.0,0.0,0.0,not_assessable,review_required,True,,-0.4314817082948065,0.0,0.0,0.0,-0.4314817082948065,0.0,0.0,0.0,0.0,-0.4314817082948065,0.0,-0.4314817082948065,0.0,-0.4314817082948065,0.0,-0.4314817082948065,0.0,0.0,0.0,0.0,0.0,0.8933956187992556,-0.6995042193245268,-2.6956710942141866,0.0,-1.8650902850426094,0.0,6.20908323917419,2.127751880517065,0.0,2.702431128654555,-8.02823978574811
2024930_WZY_DM_assembly_Plate1E11,2024930_WZY_DM_assembly_Plate1,,E11,Plate1_E11,Rhamonse,cycle 5,,0.7305,48 h,,"growth curve data NA, so 48 h label rather than 0: 0.05:48 was used",Ho lab/7_Shared data/16s rRNA/Raw reads/2024930_DM_assembly/Plate1,0.0,0.0,9.455086720165677e-05,0.0,0.0,0.0,0.0,0.0,not_assessable,review_required,True,,-0.48686650090295636,0.0,0.0,0.0,-0.48686650090295636,0.0,0.0,0.0,-0.1379279082331804,-0.48686650090295636,0.0,-0.48686650090295636,0.0,-0.48686650090295636,0.0,-0.48686650090295613,0.0,0.0,0.0,0.0,0.0,2.2943430110601057,0.0,-2.220390068425283,0.0,1.573698688760524,0.0,0.0,4.0227630833314,0.0,5.435423197004441,-7.043639349676581
2024930_WZY_DM_assembly_Plate1E12,2024930_WZY_DM_assembly_Plate1,,E12,Plate1_E12,Rhamonse,cycle 5,,0.6965,48 h,,"growth curve data NA, so 48 h label rather than 0: 0.05:48 was used",Ho lab/7_Shared data/16s rRNA/Raw reads/2024930_DM_assembly/Plate1,0.0,0.0,1.34254708070703e-05,0.0,0.0,0.0,0.0,0.0,not_assessable,review_required,True,,-0.7810456853764484,0.0,0.0,0.0,-0.7810456853764484,0.0,0.0,0.0,0.0,-0.7810456853764484,0.0,-0.7810456853764484,0.0,-0.7810456853764487,-0.7810456853764484,-0.7810456853764484,0.0,0.0,0.0,0.0,0.0,3.472528085724342,0.0,0.0,0.0,2.4961448113074227,0.0,0.0,7.868879456807718,0.0,1.8278095277749664,-3.729213797914009
2024930_WZY_DM_assembly_Plate1F1,2024930_WZY_DM_assembly_Plate1,high other species,F1,Plate1_F1,Glucuronic_acid,cycle 5,,0.8065,48 h,,"growth curve data NA, so 48 h label rather than 0: 0.05:48 was used",Ho lab/7_Shared data/16s rRNA/Raw reads/2024930_DM_assembly/Plate1,0.0,0.0,0.0674804507619858,0.0,0.0,0.0,0.0,0.0,not_assessable,review_required,False,high other species,0.3625197587800034,0.0,0.3625197587800034,0.0,0.3625197587800037,0.0,0.0,0.0,0.0,0.3625197587800034,0.0,0.3625197587800037,0.3625197587800034,0.0,0.0,0.0,0.0,0.0,0.0,0.0,-6.099173121186091,1.086280875596689,5.477381992820297,-5.608628931081412,0.0,-6.917829103338084,0.0,5.352946219038908,0.3429822824028171,0.0,4.36881982577708,-6.765725442116278
2024930_WZY_DM_assembly_Plate1F2,2024930_WZY_DM_assembly_Plate1,high other species,F2,Plate1_F2,Glucuronic_acid,cycle 5,,0.8425,48 h,,"growth curve data NA, so 48 h label rather than 0: 0.05:48 was used",Ho lab/7_Shared data/16s rRNA/Raw reads/2024930_DM_assembly/Plate1,0.0,0.0,0.0087539039039039,0.0,0.0,0.0,0.0004048048048048,0.0,not_assessable,review_required,False,high other species,0.036180758348871946,0.0,0.03618075834887163,0.0,0.036180758348871946,0.0,0.036180758348871946,0.0,0.036180758348871946,0.036180758348871946,0.0,0.036180758348871946,0.036180758348871946,0.03618075834887163,0.0,0.0,0.0,0.0,0.0,0.0,-4.912515258421908,-0.6714607384344229,6.639960477273661,0.0,0.0,-5.320262721770274,0.0,0.0,8.596426910117435,0.0,-0.7774567085482041,-8.454173974922204
2024930_WZY_DM_assembly_Plate1F3,2024930_WZY_DM_assembly_Plate1,high other species,F3,Plate1_F3,Glucuronic_acid,cycle 5,,0.8805,48 h,,"growth curve data NA, so 48 h label rather than 0: 0.05:48 was used",Ho lab/7_Shared data/16s rRNA/Raw reads/2024930_DM_assembly/Plate1,0.0,0.0,0.1573495764641588,0.0,0.0,0.0,0.0002205460424446,0.0,not_assessable,review_required,False,high other species,-0.4079796305507665,0.0,0.0,0.0,-0.4079796305507665,0.0,0.0,0.0,0.0,-0.4079796305507665,0.0,-0.4079796305507665,-0.4079796305507665,-0.4079796305507663,0.0,0.0,0.0,0.0,0.0,0.0,-6.195753247522763,0.5486675604734784,5.152623507586087,-5.2017451932513845,0.0,-7.022241617360218,0.0,6.338486037879595,3.1490513404526674,0.0,1.0048605063826435,-6.7331795428993235
2024930_WZY_DM_assembly_Plate1F4,2024930_WZY_DM_assembly_Plate1,high other species,F4,Plate1_F4,Glucuronic_acid,cycle 5,,0.8055,48 h,,"growth curve data NA, so 48 h label rather than 0: 0.05:48 was used",Ho lab/7_Shared data/16s rRNA/Raw reads/2024930_DM_assembly/Plate1,0.0,0.0,0.1352952305765775,0.0,0.0,0.0,0.0001608047040888,0.0,not_assessable,review_required,False,high other species,-0.5020358886060463,-0.5020358886060465,-0.5020358886060463,0.0,-0.5020358886060463,0.0,0.0,0.0,-0.5020358886060463,-0.5020358886060463,0.0,0.0,0.0,-0.5020358886060463,0.0,0.0,0.0,0.0,0.0,0.0,-2.5095282281949753,-0.07962479703046275,4.478979915207756,-5.555094385601568,0.0,-7.205283176035094,0.0,6.265147374180925,8.475389925137057,0.0,1.1029937794932905,-6.834769057123193
2024930_WZY_DM_assembly_Plate1F5,2024930_WZY_DM_assembly_Plate1,high other species,F5,Plate1_F5,Glucuronic_acid,cycle 5,,0.8725,48 h,,"growth curve data NA, so 48 h label rather than 0: 0.05:48 was used",Ho lab/7_Shared data/16s rRNA/Raw reads/2024930_DM_assembly/Plate1,0.0,0.0,0.2489384576918955,0.0,0.0,0.0,0.0,0.0,not_assessable,review_required,False,high other species,-0.6970910597004941,-0.6970910597004941,-0.4323103405366874,0.0,-0.6970910597004941,0.0,0.0,0.0,-0.6970910597004941,-0.6970910597004941,0.0,0.0,0.0,-0.1368544570105396,0.0,0.0,0.0,0.0,0.0,0.0,1.1857725131313728,2.551536284274939,3.867564662498719,-5.769352599900984,0.0,-4.889311132919302,0.0,0.0,8.572350238562187,0.0,1.1450460527715163,-3.654702761873209
2024930_WZY_DM_assembly_Plate1F6,2024930_WZY_DM_assembly_Plate1,high other species,F6,Plate1_F6,Glucuronic_acid,cycle 5,,0.9325,48 h,,"growth curve data NA, so 48 h label rather than 0: 0.05:48 was used",Ho lab/7_Shared data/16s rRNA/Raw reads/2024930_DM_assembly/Plate1,0.0,0.0,0.3227714802952235,0.0,0.0,0.0,0.0002856844450633,0.0,not_assessable,review_required,False,high other species,-0.22812712068779267,0.0,-0.22812712068779267,0.0,-0.22812712068779267,0.0,-0.03246246392895862,0.0,-0.22812712068779267,-0.22812712068779267,0.0,0.0,-0.22812712068779267,-0.22812712068779267,0.0,0.0,0.0,0.0,0.0,0.0,-1.637324522087991,-1.0005685301097302,4.5623102253200045,-2.9943944230956103,0.0,-7.155290458736811,4.2607886122396925,5.893102997218019,5.932198108576214,0.0,0.23632059337207875,-7.691863798328497
2024930_WZY_DM_assembly_Plate1F7,2024930_WZY_DM_assembly_Plate1,,F7,Plate1_F7,Ribose,cycle 5,,0.9915,48 h,,"growth curve data NA, so 48 h label rather than 0: 0.05:48 was used",Ho lab/7_Shared data/16s rRNA/Raw reads/2024930_DM_assembly/Plate1,0.0,0.0,0.0,0.0,0.0,0.0,0.0,0.0,not_assessable,review_required,True,,-0.45784228830836005,0.0,0.0,0.0,-0.4578422883083598,0.0,-0.3588969030325702,0.0,-0.4578422883083598,-0.4578422883083598,0.0,0.0,0.0,-0.45784228830836005,0.0,-0.45784228830836005,0.0,0.0,0.0,0.0,0.0,5.627914558427172,0.0,-4.068684569910539,0.0,2.569059902109422,0.0,0.0,0.0,0.0,4.270336708895388,-1.7089956706110707
2024930_WZY_DM_assembly_Plate1F8,2024930_WZY_DM_assembly_Plate1,,F8,Plate1_F8,Ribose,cycle 5,,1.0275,48 h,,"growth curve data NA, so 48 h label rather than 0: 0.05:48 was used",Ho lab/7_Shared data/16s rRNA/Raw reads/2024930_DM_assembly/Plate1,0.0,0.0,0.0,0.0,0.0,0.0,0.0,0.0,not_assessable,review_required,True,,-0.3280749692140255,0.0,0.0,0.0,-0.32807496921402574,0.0,-0.3280749692140255,0.0,-0.3280749692140255,-0.3280749692140255,0.0,0.0,0.0,-0.3280749692140255,0.0,-0.3280749692140255,0.0,0.0,0.0,0.0,0.0,2.347351897446711,0.0,-4.587434065094926,0.0,2.9957569048366794,0.0,0.0,-4.4108410688723,0.0,4.073969744732988,-5.286739638497697
2024930_WZY_DM_assembly_Plate1F9,2024930_WZY_DM_assembly_Plate1,,F9,Plate1_F9,Ribose,cycle 5,,1.0255,48 h,,"growth curve data NA, so 48 h label rather than 0: 0.05:48 was used",Ho lab/7_Shared data/16s rRNA/Raw reads/2024930_DM_assembly/Plate1,0.0,0.0,0.0,0.0,0.0,0.0,0.0,0.0,not_assessable,review_required,True,,-0.28536829486136484,0.0,0.0,0.0,-0.2853682948613646,0.0,0.0,0.0,-0.0645118629447387,-0.28536829486136484,0.0,-0.2853682948613646,0.0,-0.28536829486136484,0.0,0.0,0.0,0.0,0.0,0.0,0.0,3.6744807495832137,0.0,-3.4307400568548916,0.0,0.10800001387797341,0.0,0.0,-1.5253530518367329,0.0,2.958423403693043,-6.4647486120183295
2024930_WZY_DM_assembly_Plate1F10,2024930_WZY_DM_assembly_Plate1,,F10,Plate1_F10,Ribose,cycle 5,,0.9365,48 h,,"growth curve data NA, so 48 h label rather than 0: 0.05:48 was used",Ho lab/7_Shared data/16s rRNA/Raw reads/2024930_DM_assembly/Plate1,0.0,0.0,0.0002175630154489,0.0,0.0,0.0,0.0,0.0,not_assessable,review_required,True,,-0.017243296462978494,-0.017243296462978494,0.0,0.0,-0.017243296462978334,0.0,-0.017243296462978494,0.0,-0.017243296462978494,-0.017243296462978334,0.0,0.0,-0.017243296462978494,-0.017243296462978494,0.0,-0.017243296462978334,0.0,0.0,0.0,0.0,0.0,0.5380488007454403,0.0,-6.1971284549598185,0.0,-2.252041535790335,0.0,0.0,7.867849863536283,0.0,0.8429512465180258,-7.854491463240349
2024930_WZY_DM_assembly_Plate1F11,2024930_WZY_DM_assembly_Plate1,,F11,Plate1_F11,Ribose,cycle 5,,0.9335,48 h,,"growth curve data NA, so 48 h label rather than 0: 0.05:48 was used",Ho lab/7_Shared data/16s rRNA/Raw reads/2024930_DM_assembly/Plate1,0.0,0.0,0.0,0.0,0.0,0.0,0.0,0.0,not_assessable,review_required,True,,-0.2278881725606607,0.0,0.0,0.0,-0.2278881725606609,-0.2278881725606607,-0.22788817256066055,0.0,-0.2278881725606607,-0.2278881725606609,0.0,-0.22788817256066055,-0.2278881725606607,-0.22788817256066055,0.0,-0.2278881725606607,0.0,0.0,0.0,0.0,0.0,1.6001619005357544,0.0,-6.75531480776514,0.0,-4.33776783657006,0.0,0.0,7.883864633511774,0.0,4.533329319372662,-7.587597665924464
2024930_WZY_DM_assembly_Plate1F12,2024930_WZY_DM_assembly_Plate1,,F12,Plate1_F12,Ribose,cycle 5,,0.8465,48 h,,"growth curve data NA, so 48 h label rather than 0: 0.05:48 was used",Ho lab/7_Shared data/16s rRNA/Raw reads/2024930_DM_assembly/Plate1,0.0,0.0,0.0,0.0,0.0,0.0,0.0,0.0,not_assessable,review_required,True,,0.0,0.0,0.0,0.0,-0.33602550541640896,0.0,0.0,0.0,-0.33602550541640896,0.0,0.0,-0.33602550541640896,0.0,-0.33602550541640874,0.0,0.0,0.0,0.0,0.0,0.0,0.0,3.2280374458123857,0.0,-5.0653774006306715,0.0,-1.5261251703324212,0.0,0.0,0.0,0.0,2.3664445038740745,-4.29898460946305
2024930_WZY_DM_assembly_Plate1G1,2024930_WZY_DM_assembly_Plate1,,G1,Plate1_G1,Arabinose,cycle 5,,0.7565,48 h,,"growth curve data NA, so 48 h label rather than 0: 0.05:48 was used",Ho lab/7_Shared data/16s rRNA/Raw reads/2024930_DM_assembly/Plate1,0.0,0.0,0.0004377260234341,0.0,0.0,0.0,0.0,0.0,not_assessable,review_required,True,,-0.6842576118800577,0.0,0.0,0.0,-0.6842576118800577,-0.6842576118800577,0.0,-0.6842576118800577,-0.6842576118800577,-0.684257611880058,0.0,-0.6842576118800577,0.0,-0.6842576118800577,0.0,0.0,0.0,0.0,0.0,0.0,-3.7462760633613854,0.4961759139766089,5.553639908111686,-2.2285820842498523,0.0,-1.1886769205671068,0.0,0.0,8.508591063529458,0.0,-0.8890095601154097,-5.257737643130907
2024930_WZY_DM_assembly_Plate1G2,2024930_WZY_DM_assembly_Plate1,,G2,Plate1_G2,Arabinose,cycle 5,,0.7425,48 h,,"growth curve data NA, so 48 h label rather than 0: 0.05:48 was used",Ho lab/7_Shared data/16s rRNA/Raw reads/2024930_DM_assembly/Plate1,0.0,0.0,0.0013230329175654,0.0,0.0,0.0,0.0,0.0,not_assessable,review_required,True,,0.2625923944637879,0.2625923944637879,0.0,0.0,0.2625923944637879,0.2625923944637879,0.2625923944637879,0.2625923944637879,0.2625923944637879,0.2625923944637879,0.0,0.2625923944637879,0.0,0.2625923944637877,0.0,0.0,0.0,0.0,-1.1928935477987246,0.0,-7.174558565984369,1.2018277955165508,2.2028570413170665,-4.448083834787132,0.0,-4.687817609340337,0.0,0.0,2.380952668269732,0.0,-0.6194519583667919,-5.309130678347052
2024930_WZY_DM_assembly_Plate1G3,2024930_WZY_DM_assembly_Plate1,,G3,Plate1_G3,Arabinose,cycle 5,,0.6975,48 h,,"growth curve data NA, so 48 h label rather than 0: 0.05:48 was used",Ho lab/7_Shared data/16s rRNA/Raw reads/2024930_DM_assembly/Plate1,0.0,0.0,0.0005476700993567,0.0,0.0,0.0,0.0,0.0,not_assessable,review_required,True,,0.009670189794910461,0.009670189794910461,0.0,0.0,0.009670189794910779,0.009670189794910461,0.009670189794910461,0.009670189794910461,0.009670189794910461,0.009670189794910461,0.0,0.0,0.0,0.009670189794910461,0.0,0.0,0.0,0.0,0.0,0.0,-6.818699944442823,1.573394204238979,6.652908045611539,-3.943446485243834,0.0,-5.827556768186278,0.0,0.0,8.141879043061003,0.0,-1.235079310175589,-6.0366158045705856
2024930_WZY_DM_assembly_Plate1G4,2024930_WZY_DM_assembly_Plate1,,G4,Plate1_G4,Arabinose,cycle 5,,0.6885,48 h,,"growth curve data NA, so 48 h label rather than 0: 0.05:48 was used",Ho lab/7_Shared data/16s rRNA/Raw reads/2024930_DM_assembly/Plate1,0.0,0.0,0.0011817952342487,0.0,0.0,0.0,0.0,0.0,not_assessable,review_required,True,,0.8086429459544108,0.0,0.0,0.0,0.808642945954411,0.808642945954411,0.808642945954411,0.8086429459544111,0.808642945954411,0.8086429459544111,0.0,0.0,0.0,0.808642945954411,0.8086429459544108,0.0,0.0,0.0,-0.15389878639784363,0.0,-4.554519512907973,4.539611434788995,6.134818444071615,-3.269376003817939,0.0,-4.707557167201147,0.0,0.0,6.383443050884145,0.0,-0.09803191677448884,-8.721797261149066
2024930_WZY_DM_assembly_Plate1G5,2024930_WZY_DM_assembly_Plate1,,G5,Plate1_G5,Arabinose,cycle 5,,0.6635,48 h,,"growth curve data NA, so 48 h label rather than 0: 0.05:48 was used",Ho lab/7_Shared data/16s rRNA/Raw reads/2024930_DM_assembly/Plate1,0.0,0.0,0.0011377058274705,0.0,0.0,0.0,0.0,0.0,not_assessable,review_required,True,,0.4859155540286975,0.7929432749286468,0.0,0.0,0.7929432749286466,0.792943274928647,0.792943274928647,0.7929432749286468,0.7929432749286468,0.792943274928647,0.0,0.0,0.0,0.24080305619212622,0.0,0.0,0.0,0.0,-0.05052428371805558,0.0,-3.7346314307372714,2.022425809788466,5.752337216794852,-3.709780566786617,0.0,-3.845257121406642,0.0,0.0,1.8978504785034793,0.0,-0.40839626162606435,-8.523091304544579
2024930_WZY_DM_assembly_Plate1G6,2024930_WZY_DM_assembly_Plate1,,G6,Plate1_G6,Arabinose,cycle 5,,0.8365,48 h,,"growth curve data NA, so 48 h label rather than 0: 0.05:48 was used",Ho lab/7_Shared data/16s rRNA/Raw reads/2024930_DM_assembly/Plate1,0.0,0.0,8.330290456431536e-05,0.0,0.0,0.0,0.0,0.0,not_assessable,review_required,True,,0.0585557439683221,0.0,0.0,0.0,0.0585557439683221,0.0585557439683221,0.0585557439683221,0.0585557439683221,0.0585557439683221,0.0585557439683221,0.0,0.05855574396832241,0.0,0.0585557439683221,0.0,0.0,0.0,0.0,0.0,0.0,-6.926064327508252,1.5715287878511146,3.5838576590168985,4.6165832489480065,0.0,-5.017991679362575,0.0,0.0,7.729641736610557,0.0,-1.0753073040515193,-5.706557297215379
2024930_WZY_DM_assembly_Plate1G7,2024930_WZY_DM_assembly_Plate1,,G7,Plate1_G7,Acetate,cycle 5,,0.2455,48 h,,"growth curve data NA, so 48 h label rather than 0: 0.05:48 was used",Ho lab/7_Shared data/16s rRNA/Raw reads/2024930_DM_assembly/Plate1,0.0,0.0,0.0,0.0,0.0,0.0,0.0,0.0,not_assessable,review_required,True,,-0.9272385537016341,0.0,0.0,0.0,-0.9272385537016338,-0.9272385537016341,0.0,0.0,0.0,-0.9272385537016341,0.0,-0.9272385537016344,0.0,0.0,0.0,0.0,0.0,0.0,0.0,0.0,0.0,4.853874305531816,1.0430945026956253,-5.1297242755631345,0.0,4.921985913311877,0.0,0.0,8.452104065703793,0.0,3.135825160997662,-5.260393227329317
2024930_WZY_DM_assembly_Plate1G8,2024930_WZY_DM_assembly_Plate1,,G8,Plate1_G8,Acetate,cycle 5,,0.1395,48 h,,"growth curve data NA, so 48 h label rather than 0: 0.05:48 was used",Ho lab/7_Shared data/16s rRNA/Raw reads/2024930_DM_assembly/Plate1,0.0,8.684374351525213e-05,1.4473957252542024e-05,0.0,0.0,0.0,0.0,0.0,not_assessable,review_required,True,,0.13669863095647647,0.0,0.0,0.0,0.13669863095647677,0.13669863095647647,0.0,0.0,0.038938029537939664,0.13669863095647677,0.0,0.13669863095647677,0.0,0.13669863095647677,0.0,0.0,0.0,0.0,0.0,0.0,-0.19174601577674968,-1.5396693191973478,0.0,-1.5902953922675247,0.0,0.16604050229035702,0.0,0.0,-1.2558763531967414,0.0,1.3772852261221864,-7.1596272412749755
2024930_WZY_DM_assembly_Plate1G9,2024930_WZY_DM_assembly_Plate1,,G9,Plate1_G9,Acetate,cycle 5,,0.2075,48 h,,"growth curve data NA, so 48 h label rather than 0: 0.05:48 was used",Ho lab/7_Shared data/16s rRNA/Raw reads/2024930_DM_assembly/Plate1,0.0,0.0,0.0006042786738351,0.0,0.0,0.0,0.0,0.0,not_assessable,review_required,True,,0.17703058471287147,0.0,0.0,0.0,0.1770305847128712,0.1770305847128712,0.0,0.0,0.1770305847128712,0.1770305847128712,0.0,0.1770305847128712,0.0,0.0,0.0,0.1770305847128712,0.0,0.0,0.0,0.0,0.0,-5.369432455266828,0.0,-5.374650164537854,0.0,-1.6184600031065504,0.0,0.0,-1.4308329999308989,0.0,4.9234298476047975,-7.10325834190247
2024930_WZY_DM_assembly_Plate1G10,2024930_WZY_DM_assembly_Plate1,,G10,Plate1_G10,Acetate,cycle 5,,0.2295,48 h,,"growth curve data NA, so 48 h label rather than 0: 0.05:48 was used",Ho lab/7_Shared data/16s rRNA/Raw reads/2024930_DM_assembly/Plate1,0.0,0.0,0.0002603905410247,0.0,0.0,0.0,0.0,0.0,not_assessable,review_required,True,,-0.04972736829760765,-0.04972736829760765,0.0,-0.04972736829760765,-0.04972736829760765,-0.04972736829760748,0.0,0.0,0.0,-0.04972736829760748,0.0,0.0,0.0,0.0,0.0,0.0,0.0,0.0,0.0,0.0,0.0,-5.105818186416111,0.0,-5.223605564523241,0.0,0.0,0.0,0.0,6.248071383806264,0.0,2.1866343332543794,-6.3673907892318455
2024930_WZY_DM_assembly_Plate1G11,2024930_WZY_DM_assembly_Plate1,,G11,Plate1_G11,Acetate,cycle 5,,0.3265,48 h,,"growth curve data NA, so 48 h label rather than 0: 0.05:48 was used",Ho lab/7_Shared data/16s rRNA/Raw reads/2024930_DM_assembly/Plate1,0.0,0.0,0.0,0.0,0.0,0.0,0.0,0.0,not_assessable,review_required,True,,-0.8179140793389521,0.0,0.0,0.0,-0.8179140793389521,-0.616740061847965,0.0,0.0,-0.8179140793389521,-0.8179140793389521,0.0,-0.8179140793389521,0.0,0.0,0.0,0.0,0.0,0.0,0.0,0.0,0.0,-0.0966450660955751,4.083419921672567,-5.2230130688146765,0.0,0.0,0.0,4.8373645809878365,8.518620427382636,0.0,1.7989669507058375,-6.210264576072688
2024930_WZY_DM_assembly_Plate1G12,2024930_WZY_DM_assembly_Plate1,,G12,Plate1_G12,Acetate,cycle 5,,0.0915,48 h,,"growth curve data NA, so 48 h label rather than 0: 0.05:48 was used",Ho lab/7_Shared data/16s rRNA/Raw reads/2024930_DM_assembly/Plate1,0.0,0.0,0.0,0.0,0.0,0.0,2.775951863275522e-05,0.0,not_assessable,review_required,True,,0.14342623751390482,0.0,0.0,0.0,0.14342623751390454,0.008037300894752781,0.0,0.0,0.14342623751390482,0.14342623751390454,0.0,0.14342623751390482,0.0,0.0,0.0,0.0,0.0,0.0,0.0,0.0,0.0,-3.869611744439168,0.0,0.0,0.0,0.0,0.0,0.0,0.0,0.0,-4.283400697520778,-5.8808003014801775
2024930_WZY_DM_assembly_Plate1H1,2024930_WZY_DM_assembly_Plate1,,H1,Plate1_H1,Mannose,cycle 5,,0.7865,48 h,,"growth curve data NA, so 48 h label rather than 0: 0.05:48 was used",Ho lab/7_Shared data/16s rRNA/Raw reads/2024930_DM_assembly/Plate1,0.0,0.0,0.0002261107056768,0.0,0.0,0.0,0.0,0.0,not_assessable,review_required,True,,-0.39353285716919506,0.0,0.0,0.0,-0.3935328571691949,-0.3935328571691949,0.0,0.0,-0.39353285716919506,0.0,0.0,-0.3935328571691949,0.0,-0.3935328571691949,0.0,-0.39353285716919506,0.0,0.0,-2.3903008858887493,0.0,-4.579593250111838,0.7596039510227167,5.570551345450321,-3.9553547483909037,0.0,3.2707468632578154,0.0,0.0,8.373402899086251,0.0,1.0916770521318357,-6.821511947677447
2024930_WZY_DM_assembly_Plate1H2,2024930_WZY_DM_assembly_Plate1,,H2,Plate1_H2,Mannose,cycle 5,,0.9825,48 h,,"growth curve data NA, so 48 h label rather than 0: 0.05:48 was used",Ho lab/7_Shared data/16s rRNA/Raw reads/2024930_DM_assembly/Plate1,0.0,0.0,0.0008881281596303,0.0,0.0,0.0,0.0,0.0,not_assessable,review_required,True,,0.3856539652050877,0.0,0.0,0.0,0.385653965205088,0.3856539652050882,0.0,0.0,0.385653965205088,0.385653965205088,0.0,0.385653965205088,0.385653965205088,0.385653965205088,0.0,0.0,0.0,0.0,-3.1881905186320547,0.0,-8.228560830392711,3.457129878589023,4.893690294697202,-2.145121796740173,0.0,0.3943093803082021,0.0,5.738236308172714,1.5263970158394042,0.0,3.461425002420189,-7.696684421324893
2024930_WZY_DM_assembly_Plate1H3,2024930_WZY_DM_assembly_Plate1,,H3,Plate1_H3,Mannose,cycle 5,,0.0535,48 h,,"growth curve data NA, so 48 h label rather than 0: 0.05:48 was used",Ho lab/7_Shared data/16s rRNA/Raw reads/2024930_DM_assembly/Plate1,0.0,0.0,0.0,0.0,0.0,0.0,0.0,0.0,not_assessable,review_required,True,,0.0,0.0,0.0,0.0,0.0,0.0,0.0,0.0,0.0,0.0,0.0,0.0,0.0,-5.6797537549821896e-08,0.0,0.0,0.0,0.0,0.0,0.0,0.0,0.0,0.0,0.0,0.0,0.0,0.0,0.0,0.0,0.0,0.0,0.0
2024930_WZY_DM_assembly_Plate1H4,2024930_WZY_DM_assembly_Plate1,,H4,Plate1_H4,Mannose,cycle 5,,0.9825,48 h,,"growth curve data NA, so 48 h label rather than 0: 0.05:48 was used",Ho lab/7_Shared data/16s rRNA/Raw reads/2024930_DM_assembly/Plate1,0.0,0.0,0.0001044149574141,0.0,0.0,0.0,0.0,0.0,not_assessable,review_required,True,,-0.354702081365004,0.0,0.0,0.0,-0.354702081365004,-0.354702081365004,0.0,0.0,-0.354702081365004,-0.0030635125377302163,0.0,-0.3547020813650042,0.0,-0.354702081365004,0.0,0.0,0.0,0.0,-1.0461322344297177,0.0,-1.434402824145722,2.529895896273658,0.0,-2.182671067377453,0.0,3.3515551358545546,0.0,0.0,-4.848173356590853,0.0,3.9716400390574313,-5.347224897161938
2024930_WZY_DM_assembly_Plate1H5,2024930_WZY_DM_assembly_Plate1,,H5,Plate1_H5,Mannose,cycle 5,,0.9205,48 h,,"growth curve data NA, so 48 h label rather than 0: 0.05:48 was used",Ho lab/7_Shared data/16s rRNA/Raw reads/2024930_DM_assembly/Plate1,0.0,0.0,0.0,0.0,0.0,0.0,0.0,0.0,not_assessable,review_required,True,,-0.36273313612906993,0.0,0.0,-0.36273313612906993,-0.36273313612906993,-0.36273313612906993,0.0,0.0,-0.3627331361290701,0.0,0.0,-0.3627331361290701,0.0,-0.36273313612906993,0.0,0.0,0.0,0.0,-1.9115913499156627,0.0,-3.787639772905653,5.037792913559947,0.0,0.0,0.0,2.3818816912241894,0.0,0.0,0.0,0.0,3.4710412786238067,-5.871570012896551
2024930_WZY_DM_assembly_Plate1H6,2024930_WZY_DM_assembly_Plate1,,H6,Plate1_H6,Mannose,cycle 5,,0.9705,48 h,,"growth curve data NA, so 48 h label rather than 0: 0.05:48 was used",Ho lab/7_Shared data/16s rRNA/Raw reads/2024930_DM_assembly/Plate1,0.0,0.0,0.0003347834419317,0.0,0.0,0.0,0.0,0.0,not_assessable,review_required,True,,-0.33630972150434674,0.0,0.0,-0.3363097215043465,-0.33630972150434674,-0.33630972150434674,0.0,0.0,-0.33630972150434674,-0.33630972150434674,0.0,-0.33630972150434674,-0.33630972150434674,-0.33630972150434674,0.0,0.0,0.0,0.0,0.0,0.0,-2.8605198810555357,0.06978381518170881,0.0,-4.066562188043373,0.0,-0.6642766405215639,0.0,0.0,8.175078408677743,0.0,1.3077975783381734,-7.363179194401556
2024930_WZY_DM_assembly_Plate1H7,2024930_WZY_DM_assembly_Plate1,,H7,Plate1_H7,Propionate,cycle 5,,0.2025,48 h,,"growth curve data NA, so 48 h label rather than 0: 0.05:48 was used",Ho lab/7_Shared data/16s rRNA/Raw reads/2024930_DM_assembly/Plate1,0.0,0.0,0.0,0.0,0.0,0.0,8.869422392554065e-05,0.0,not_assessable,review_required,True,,-0.43332168601710175,-0.43332168601710175,0.0,-0.43332168601710175,-0.4333216860171015,-0.43332168601710175,0.0,0.0,0.0,-0.43332168601710175,0.0,0.0,0.0,0.0,0.0,0.0,0.0,0.0,0.0,0.0,0.0,-2.2190131208733272,0.0,0.0,0.0,0.0,0.0,0.0,7.455588421223993,0.0,3.525434141220307,-4.956827109677939
2024930_WZY_DM_assembly_Plate1H8,2024930_WZY_DM_assembly_Plate1,,H8,Plate1_H8,Propionate,cycle 5,,0.2515,48 h,,"growth curve data NA, so 48 h label rather than 0: 0.05:48 was used",Ho lab/7_Shared data/16s rRNA/Raw reads/2024930_DM_assembly/Plate1,0.0,0.0,0.0,0.0,0.0,0.0,0.0,0.0,not_assessable,review_required,True,,-0.724585330458741,0.0,0.0,0.0,-0.724585330458741,-0.7245853304587407,0.0,0.0,-0.7245853304587407,-0.7245853304587407,0.0,0.0,0.0,0.0,0.0,0.0,0.0,0.0,0.0,0.0,0.0,-1.1615557182857619,0.0,-4.617022219374293,0.0,0.0,0.0,0.0,8.349219870879459,0.0,2.2523913255984644,-3.0153809775065064
2024930_WZY_DM_assembly_Plate1H9,2024930_WZY_DM_assembly_Plate1,,H9,Plate1_H9,Propionate,cycle 5,,0.1155,48 h,,"growth curve data NA, so 48 h label rather than 0: 0.05:48 was used",Ho lab/7_Shared data/16s rRNA/Raw reads/2024930_DM_assembly/Plate1,0.0,0.0,0.0,0.0,0.0,0.0,0.000464247937381,0.0,not_assessable,review_required,True,,0.44932696025580743,0.44932696025580743,0.0,0.44932696025580743,0.44932696025580743,0.44932696025580765,0.0,0.0,0.44932696025580743,0.44932696025580765,0.0,0.0,0.0,0.0,0.0,0.0,0.0,0.0,0.0,0.0,0.0,-6.689698183229431,0.9292116625720459,-1.974339045252306,0.0,0.0,0.0,0.0,0.0,0.0,-5.342314507659384,-6.920968755912322
2024930_WZY_DM_assembly_Plate1H10,2024930_WZY_DM_assembly_Plate1,,H10,Plate1_H10,Propionate,cycle 5,,0.2375,48 h,,"growth curve data NA, so 48 h label rather than 0: 0.05:48 was used",Ho lab/7_Shared data/16s rRNA/Raw reads/2024930_DM_assembly/Plate1,0.0,0.0,0.0,0.0,0.0,0.0,0.0,0.0,not_assessable,review_required,True,,-0.5222890364697861,0.0,0.0,0.0,-0.5222890364697861,-0.5222890364697861,0.0,0.0,-0.5222890364697861,-0.5222890364697861,0.0,-0.5222890364697861,0.0,0.0,0.0,0.0,0.0,0.0,0.0,0.0,0.0,-2.1932343170629722,0.0,-4.524965747700679,0.0,-1.5936784977845793,0.0,0.0,8.089381953181068,0.0,1.1805630975183112,-4.233502933540352
2024930_WZY_DM_assembly_Plate1H11,2024930_WZY_DM_assembly_Plate1,,H11,Plate1_H11,Propionate,cycle 5,,0.1145,48 h,,"growth curve data NA, so 48 h label rather than 0: 0.05:48 was used",Ho lab/7_Shared data/16s rRNA/Raw reads/2024930_DM_assembly/Plate1,0.0,0.0,0.0,0.0,0.0,0.0,5.982757119219716e-05,0.0,not_assessable,review_required,True,,0.010104385373349635,0.0,0.0,0.010104385373349952,0.010104385373349952,0.010104385373349635,0.0,0.0,0.010104385373349635,0.010104385373349952,0.0,0.010104385373349952,0.0,0.0,0.0,0.0,0.0,0.0,0.0,0.0,0.0,-3.0642888239888926,7.290240298114915,-1.938757941905075,0.0,0.0,0.0,0.0,0.0,0.0,-5.40710428535015,-6.746112863962714
2024930_WZY_DM_assembly_Plate1H12,2024930_WZY_DM_assembly_Plate1,,H12,Plate1_H12,Propionate,cycle 5,,0.1865,48 h,,"growth curve data NA, so 48 h label rather than 0: 0.05:48 was used",Ho lab/7_Shared data/16s rRNA/Raw reads/2024930_DM_assembly/Plate1,0.0,0.0,0.0,0.0,0.0,0.0,3.985042735042735e-05,0.0,not_assessable,review_required,True,,0.69816049445107,0.0,0.0,0.4719602657527652,0.69816049445107,0.69816049445107,0.0,0.0,0.6981604944510701,0.6981604944510701,0.0,0.6981604944510701,0.0,0.0,0.0,0.0,0.0,0.0,0.0,0.0,0.0,-6.81637115505341,0.0,-1.7434261222581184,0.0,-0.8326934603549377,0.0,0.0,0.0,0.0,-6.141578517767112,-7.6093238834063985
2024930_WZY_DM_assembly_Plate2A1,2024930_WZY_DM_assembly_Plate2,,A1,Plate2_A1,Sugar_mix,cycle 5,,0.9295,48 h,,"growth curve data NA, so 48 h label rather than 0: 0.05:48 was used",Ho lab/7_Shared data/16s rRNA/Raw reads/2024930_DM_assembly/Plate2,0.0,0.0040834046676895,0.0011109262698861,0.0,0.0,0.0,0.0001050876201243,0.000915763546798,not_assessable,review_required,True,,-0.38731787946801494,0.0,0.0,-0.38731787946801494,-0.3873178794680147,-0.3873178794680147,-0.38731787946801494,-0.38731787946801494,-0.38731787946801516,-0.38731787946801494,0.0,-0.3873178794680147,-0.38731787946801494,-0.38731787946801494,0.0,0.0,0.0,0.0,0.0,0.0,-1.847269838553072,2.4987633395011417,5.26306299497296,-2.0058292679801726,0.0,-1.1615767525152638,0.0,0.0,1.6387318160627107,0.0,-1.074923152512698,-5.779415649196913
2024930_WZY_DM_assembly_Plate2A2,2024930_WZY_DM_assembly_Plate2,,A2,Plate2_A2,Sugar_mix,cycle 5,,0.8055,48 h,,"growth curve data NA, so 48 h label rather than 0: 0.05:48 was used",Ho lab/7_Shared data/16s rRNA/Raw reads/2024930_DM_assembly/Plate2,0.0,0.0077335783905364,0.0028770253665444,0.0,0.0,0.0,0.0,0.0012497865294901,not_assessable,review_required,True,,-0.018786136373752125,0.0,0.0,-0.018786136373752288,-0.018786136373752125,-0.018786136373752125,-0.018786136373752125,-0.018786136373752288,-0.018786136373752125,-0.018786136373752288,0.0,-0.018786136373752125,0.0,-0.018786136373752288,0.0,0.0,0.0,0.0,-0.6454106047193928,0.0,-3.8527547666966018,1.0297993554964835,1.21416009784512,4.07604210559404,0.0,-5.118951822772226,0.0,0.0,3.9124138305144505,0.0,0.6659853176275338,-8.026602762814115
2024930_WZY_DM_assembly_Plate2A3,2024930_WZY_DM_assembly_Plate2,,A3,Plate2_A3,Sugar_mix,cycle 5,,0.9615,48 h,,"growth curve data NA, so 48 h label rather than 0: 0.05:48 was used",Ho lab/7_Shared data/16s rRNA/Raw reads/2024930_DM_assembly/Plate2,0.0,0.0009412116597781,0.0013112606884088,0.0,0.0,0.0,0.0,0.0009251225715767,not_assessable,review_required,True,,-0.21439882104303926,0.0,-0.21439882104303926,0.0,-0.2143988210430391,-0.2143988210430391,0.0,-0.21439882104303945,-0.034380712323501296,-0.21439882104303926,0.0,0.0,0.0,-0.21439882104303926,-0.21439882104303945,0.0,0.0,0.0,0.0,0.0,-5.954806787980812,0.6286735361762387,-3.221286476149776,4.898004766886832,0.0,-3.6428021858687174,0.0,0.0,0.27563379366797125,0.0,6.05695165198988,-5.3704299154555954
2024930_WZY_DM_assembly_Plate2A4,2024930_WZY_DM_assembly_Plate2,,A4,Plate2_A4,Sugar_mix,cycle 5,,0.9055,48 h,,"growth curve data NA, so 48 h label rather than 0: 0.05:48 was used",Ho lab/7_Shared data/16s rRNA/Raw reads/2024930_DM_assembly/Plate2,0.0,0.016248078986907,0.0007191135436789,0.0,0.0,0.0,0.0,3.887100236102168e-05,not_assessable,review_required,True,,-0.6603701312414164,-0.21332473979943298,-0.2667639987608678,0.0,-0.6603701312414161,-0.6603701312414164,0.0,-0.6603701312414161,-0.6603701312414164,-0.6603701312414161,0.0,0.0,-0.6603701312414161,-0.6603701312414161,0.0,-0.6603701312414164,0.0,0.0,-0.572867126486637,0.0,-5.902979424953181,5.676676948591154,-4.685076630072699,0.0,0.0,-6.279413930257308,0.0,0.0,8.740016818421989,0.0,0.659023261780416,-0.43960059562312703
2024930_WZY_DM_assembly_Plate2A5,2024930_WZY_DM_assembly_Plate2,,A5,Plate2_A5,Sugar_mix,cycle 5,,0.9605,48 h,,"growth curve data NA, so 48 h label rather than 0: 0.05:48 was used",Ho lab/7_Shared data/16s rRNA/Raw reads/2024930_DM_assembly/Plate2,0.0,0.0002581265189755,0.0028730603851187,0.0,0.0,0.0,0.0,0.0,not_assessable,review_required,True,,0.17312144251780673,0.0,0.17312144251780673,0.0,0.17312144251780673,0.17312144251780673,0.17312144251780645,0.17312144251780645,0.17312144251780645,0.17312144251780673,0.0,0.0,0.17312144251780645,0.17312144251780673,0.0,0.09841304550366169,0.0,0.0,0.0,0.0,-2.5013209789370854,5.626864502870573,2.3475216946678996,6.276975974836726,0.0,-4.840470169920066,0.0,0.0,-0.4788455880474149,0.0,6.0545721825803955,-8.090012339425748
2024930_WZY_DM_assembly_Plate2A6,2024930_WZY_DM_assembly_Plate2,,A6,Plate2_A6,Sugar_mix,cycle 5,,0.9195,48 h,,"growth curve data NA, so 48 h label rather than 0: 0.05:48 was used",Ho lab/7_Shared data/16s rRNA/Raw reads/2024930_DM_assembly/Plate2,0.0,0.0104928374878601,0.0019348494658465,0.0,0.0,0.0,0.0,0.0009674247329232,not_assessable,review_required,True,,0.08533432036592081,0.0,0.08533432036592081,0.0,0.08533432036592081,0.08533432036592052,0.08533432036592081,0.08533432036592081,0.08533432036592081,0.08533432036592081,0.0,0.0,0.08533432036592081,0.08533432036592081,0.0,0.0,0.0,0.0,0.0,0.0,-6.24265458158788,4.527589429119227,2.4277044301839674,-1.843004212995302,0.0,-1.3482279515453721,0.0,0.0,7.763795159978221,0.0,0.441207624703231,-8.067340716720237
2024930_WZY_DM_assembly_Plate2A7,2024930_WZY_DM_assembly_Plate2,,A7,Plate2_A7,N_acetylglutamic_acid,cycle 5,,0.5765,48 h,,"growth curve data NA, so 48 h label rather than 0: 0.05:48 was used",Ho lab/7_Shared data/16s rRNA/Raw reads/2024930_DM_assembly/Plate2,0.0,0.0,0.0002073834255137,0.0,0.0,0.0,0.0,0.0,not_assessable,review_required,True,,-0.7416837546239334,-0.7416837546239331,0.0,-0.7416837546239331,-0.7416837546239334,-0.7416837546239334,0.0,0.0,-0.7416837546239331,-0.7416837546239331,0.0,0.0,-0.7416837546239334,-0.7416837546239334,-0.7416837546239334,-0.7153236185250352,0.0,0.0,-2.1104615603661867,0.0,-3.1657439958673974,1.0209326094080318,1.008988519858383,-6.228537448631472,0.0,0.0,0.0,0.0,8.47791236470676,0.0,0.04456174073815334,-4.907042010829639
2024930_WZY_DM_assembly_Plate2A8,2024930_WZY_DM_assembly_Plate2,,A8,Plate2_A8,N_acetylglutamic_acid,cycle 5,,0.5745,48 h,,"growth curve data NA, so 48 h label rather than 0: 0.05:48 was used",Ho lab/7_Shared data/16s rRNA/Raw reads/2024930_DM_assembly/Plate2,0.0,0.0,0.0,0.0,0.0,0.0,0.0,0.0,not_assessable,review_required,True,,-0.6390356738117744,-0.18709383887270967,0.0,-0.6390356738117744,-0.6390356738117744,-0.6390356738117744,0.0,0.0,-0.6390356738117746,-0.6390356738117744,0.0,0.0,-0.6390356738117746,-0.6390356738117744,-0.6390356738117744,0.0,0.0,0.0,-1.4896566088931409,0.0,-5.673808211903435,2.312410828278688,-0.4680050935094863,-5.054331387557793,0.0,4.474265963520681,0.0,0.0,4.864064117611391,0.0,1.8109403985247752,-6.5411227769271205
2024930_WZY_DM_assembly_Plate2A9,2024930_WZY_DM_assembly_Plate2,,A9,Plate2_A9,N_acetylglutamic_acid,cycle 5,,0.5625,48 h,,"growth curve data NA, so 48 h label rather than 0: 0.05:48 was used",Ho lab/7_Shared data/16s rRNA/Raw reads/2024930_DM_assembly/Plate2,0.0,0.0,5.016051364365972e-05,0.0,0.0,0.0,0.0,0.0,not_assessable,review_required,True,,-0.3778182741027573,-0.3778182741027569,-0.2854890910722266,0.0,-0.3778182741027573,-0.3778182741027573,0.0,0.0,-0.3778182741027571,-0.3778182741027571,0.0,0.0,-0.3778182741027571,-0.3778182741027571,-0.3778182741027571,0.0,0.0,0.0,-2.17586459989785,0.0,0.0,1.0058626575562903,3.038842534458772,-6.61137037928972,0.0,0.0,0.0,0.0,8.236643425387957,0.0,2.979751550297825,-8.123155480216429
2024930_WZY_DM_assembly_Plate2A10,2024930_WZY_DM_assembly_Plate2,,A10,Plate2_A10,N_acetylglutamic_acid,cycle 5,,0.5255,48 h,,"growth curve data NA, so 48 h label rather than 0: 0.05:48 was used",Ho lab/7_Shared data/16s rRNA/Raw reads/2024930_DM_assembly/Plate2,0.0,7.543784094171691e-05,0.0001885946023542,0.0,0.0,0.0,0.0,0.0,not_assessable,review_required,True,,-0.7386080147668671,0.0,0.0,-0.7386080147668671,-0.7386080147668671,-0.7386080147668671,0.0,0.0,-0.7386080147668671,-0.7386080147668671,0.0,0.0,-0.7386080147668671,-0.7386080147668671,-0.7386080147668671,0.0,0.0,0.0,-2.665280626276726,0.0,0.0,1.2606341098399922,2.0989986593477163,-6.116273956383104,0.0,0.0,0.0,0.0,8.43627600944657,0.0,3.8317800156967143,-7.239542112589164
2024930_WZY_DM_assembly_Plate2A11,2024930_WZY_DM_assembly_Plate2,,A11,Plate2_A11,N_acetylglutamic_acid,cycle 5,,0.5895,48 h,,"growth curve data NA, so 48 h label rather than 0: 0.05:48 was used",Ho lab/7_Shared data/16s rRNA/Raw reads/2024930_DM_assembly/Plate2,0.0,0.0,3.0726329780302835e-05,0.0,0.0,0.0,0.0,0.0,not_assessable,review_required,True,,-0.4743997362698152,0.0,0.0,-0.4743997362698152,-0.4743997362698152,-0.4743997362698152,0.0,0.0,-0.4743997362698152,-0.4743997362698152,0.0,-0.4743997362698152,-0.4743997362698152,-0.47439973626981496,-0.4743997362698152,0.0,0.0,0.0,-1.7493579956431438,0.0,0.0,2.83684670849182,-4.118591805308884,-5.651394170848675,0.0,0.0,0.0,0.0,6.546813491420051,0.0,5.4675825551058646,-3.514563772664626
2024930_WZY_DM_assembly_Plate2A12,2024930_WZY_DM_assembly_Plate2,,A12,Plate2_A12,N_acetylglutamic_acid,cycle 5,,0.5715,48 h,,"growth curve data NA, so 48 h label rather than 0: 0.05:48 was used",Ho lab/7_Shared data/16s rRNA/Raw reads/2024930_DM_assembly/Plate2,0.0,0.0,0.0,0.0,0.0,0.0,0.0,0.0,not_assessable,review_required,True,,-0.8899096696164085,-0.6075286979569066,0.0,-0.8899096696164085,-0.8899096696164085,-0.8899096696164085,0.0,0.0,-0.05113534943249182,-0.8899096696164085,0.0,-0.8899096696164088,-0.8899096696164085,-0.8899096696164085,-0.8899096696164085,0.0,0.0,0.0,-2.7185600103456933,0.0,0.0,4.110789385097704,0.38904544147619446,-6.29197343808984,0.0,3.7368299686254938,0.0,0.0,8.576020372940699,0.0,0.23375957456896013,-4.7073849347890215
2024930_WZY_DM_assembly_Plate2B1,2024930_WZY_DM_assembly_Plate2,,B1,Plate2_B1,Water,cycle 5,,0.2605,48 h,,"growth curve data NA, so 48 h label rather than 0: 0.05:48 was used",Ho lab/7_Shared data/16s rRNA/Raw reads/2024930_DM_assembly/Plate2,0.0,0.0,0.0064069955817378,0.0,0.0,0.0,0.0,0.0,not_assessable,review_required,True,,1.5883080471416606,1.5883080471416606,0.0,0.0,1.5883080471416606,1.588308047141661,0.0,0.0,1.5883080471416609,1.5883080471416609,0.0,0.0,0.0,0.0,0.0,1.5883080471416609,0.0,0.0,0.0,0.0,0.0,-6.037386732504971,7.4098497014752045,-6.815546962024121,0.0,-3.576295889945967,0.0,0.0,0.0,0.0,-7.068554750598653,-8.64211248804756
2024930_WZY_DM_assembly_Plate2B2,2024930_WZY_DM_assembly_Plate2,,B2,Plate2_B2,Water,cycle 5,,0.2725,48 h,,"growth curve data NA, so 48 h label rather than 0: 0.05:48 was used",Ho lab/7_Shared data/16s rRNA/Raw reads/2024930_DM_assembly/Plate2,0.0,0.0,0.0016386975740131,0.0,0.0,0.0,0.0,0.0,not_assessable,review_required,True,,-0.23937805326997927,0.0,0.0,0.0,-0.23937805326997927,-0.23937805326997927,0.0,0.0,-0.23937805326997927,-0.23937805326997927,0.0,-0.23937805326997927,0.0,0.0,0.0,0.0,0.0,0.0,0.0,0.0,0.0,-1.9250088139623345,1.8062703100382678,-5.527458608581184,0.0,-0.8964837101029264,0.0,0.0,7.967996499884385,0.0,1.199025757147905,-7.1005113640310755
2024930_WZY_DM_assembly_Plate2B3,2024930_WZY_DM_assembly_Plate2,,B3,Plate2_B3,Water,cycle 5,,0.1635,48 h,,"growth curve data NA, so 48 h label rather than 0: 0.05:48 was used",Ho lab/7_Shared data/16s rRNA/Raw reads/2024930_DM_assembly/Plate2,0.0,0.0,0.0045399963221772,0.0,0.0,0.0,0.0,0.0,not_assessable,review_required,True,,0.5522075170092019,0.5522075170092017,0.0,0.0,0.5522075170092019,0.5522075170092019,0.0,0.0,0.5522075170092019,0.5522075170092019,0.0,0.0,0.0,0.5522075170092019,0.0,0.5522075170092019,0.0,0.0,0.0,0.0,0.0,-6.7996744971116065,6.906668221908967,0.0,0.0,-5.557552605349227,0.0,0.0,-0.1825131740020999,0.0,-2.989868096059818,-7.859645518651328
2024930_WZY_DM_assembly_Plate2B4,2024930_WZY_DM_assembly_Plate2,,B4,Plate2_B4,Water,cycle 5,,0.1775,48 h,,"growth curve data NA, so 48 h label rather than 0: 0.05:48 was used",Ho lab/7_Shared data/16s rRNA/Raw reads/2024930_DM_assembly/Plate2,0.0,0.0,0.0003573825503355,0.0,0.0,0.0,0.0,0.0,not_assessable,review_required,True,,0.43682698265429415,0.0,0.0,0.0,0.43682698265429415,0.43682698265429415,0.0,0.0,0.43682698265429415,0.43682698265429415,0.0,0.4368269826542939,0.0,0.0,0.0,0.0,0.0,0.0,0.0,0.0,0.0,-7.575648173574478,6.342942741378911,-3.2001848565065827,0.0,-4.3972217035661405,0.0,0.0,0.0,0.0,-1.2589069758737501,-4.89429497171099
2024930_WZY_DM_assembly_Plate2B5,2024930_WZY_DM_assembly_Plate2,,B5,Plate2_B5,Water,cycle 5,,0.1775,48 h,,"growth curve data NA, so 48 h label rather than 0: 0.05:48 was used",Ho lab/7_Shared data/16s rRNA/Raw reads/2024930_DM_assembly/Plate2,0.0,0.0,0.001135720438046,0.0,0.0,0.0,0.0,0.0,not_assessable,review_required,True,,0.07042296387433203,0.0,0.0,0.0,0.07042296387433203,0.07042296387433233,0.0,0.0,0.07042296387433203,0.07042296387433233,0.0,0.07042296387433203,0.0,0.0,0.0,0.0,0.0,0.0,0.0,0.0,0.0,-5.126089092592217,2.119917470660289,0.0,0.0,-4.262662145467668,0.0,0.0,0.0,0.0,6.338898007022371,-6.212949932982222
2024930_WZY_DM_assembly_Plate2B6,2024930_WZY_DM_assembly_Plate2,,B6,Plate2_B6,Water,cycle 5,,0.1835,48 h,,"growth curve data NA, so 48 h label rather than 0: 0.05:48 was used",Ho lab/7_Shared data/16s rRNA/Raw reads/2024930_DM_assembly/Plate2,0.0,0.0,0.0005381231671554,0.0,0.0,0.0,0.0,0.0,not_assessable,review_required,True,,0.7235956831090941,0.7235956831090943,0.0,0.0,0.7235956831090943,0.7235956831090943,0.0,0.7235956831090943,0.7235956831090941,0.7235956831090945,0.0,0.0,0.0,0.0,0.0,0.0,0.0,0.0,0.0,0.0,0.0,-6.84850578897619,6.974831202497869,0.0,0.0,-5.21590280261059,0.0,0.0,0.0,0.0,-6.5645672799700865,-7.799134415252638
2024930_WZY_DM_assembly_Plate2B7,2024930_WZY_DM_assembly_Plate2,,B7,Plate2_B7,N_acetylgalactosamine,cycle 5,,0.5515,48 h,,"growth curve data NA, so 48 h label rather than 0: 0.05:48 was used",Ho lab/7_Shared data/16s rRNA/Raw reads/2024930_DM_assembly/Plate2,0.0,0.0,0.0002995993571606,0.0,0.0,0.0,0.0007240317798048,0.0006990651667081,not_assessable,review_required,True,,-0.8069145856734968,0.0,0.0,0.0,0.0,-0.8069145856734972,0.0,0.0,-0.8069145856734968,-0.8069145856734972,0.0,0.0,0.0,-0.7680433683351625,-0.8069145856734968,0.0,0.0,0.0,-2.0390705649224485,0.0,0.0,2.224483529444455,0.0,-0.965489432541299,0.0,4.904488166030201,0.0,0.0,8.160368901515291,0.0,5.101423064637739,-6.622039015511564
2024930_WZY_DM_assembly_Plate2B8,2024930_WZY_DM_assembly_Plate2,,B8,Plate2_B8,N_acetylgalactosamine,cycle 5,,0.4855,48 h,,"growth curve data NA, so 48 h label rather than 0: 0.05:48 was used",Ho lab/7_Shared data/16s rRNA/Raw reads/2024930_DM_assembly/Plate2,0.0,0.0,0.0001411260287411,0.0,0.0,0.0,0.0,0.0006350671293352,not_assessable,review_required,True,,-0.8330249468100609,-0.6121385792547813,-0.8330249468100606,-0.8330249468100606,-0.8330249468100609,0.0,0.0,0.0,-0.8330249468100606,-0.8330249468100609,0.0,0.0,0.0,0.0,-0.8330249468100609,0.0,0.0,0.0,-2.114638919783976,0.0,0.0,2.2258098017968218,4.706849330796138,-5.8423306111593964,0.0,4.639113205000693,0.0,0.0,8.213502775115476,0.0,1.1435213582712909,-3.8010217384010154
2024930_WZY_DM_assembly_Plate2B9,2024930_WZY_DM_assembly_Plate2,,B9,Plate2_B9,N_acetylgalactosamine,cycle 5,,0.3785,48 h,,"growth curve data NA, so 48 h label rather than 0: 0.05:48 was used",Ho lab/7_Shared data/16s rRNA/Raw reads/2024930_DM_assembly/Plate2,0.0,0.0,7.018790950673755e-05,0.0,0.0,0.0,0.000163771788849,0.0,not_assessable,review_required,True,,-0.36963981031415866,-0.36963981031415866,-0.36963981031415843,-0.36963981031415866,-0.36963981031415866,-0.36963981031415866,0.0,0.0,-0.36963981031415866,-0.3696398103141589,0.0,0.0,0.0,-0.36963981031415866,-0.36963981031415866,-0.36963981031415866,0.0,0.0,-5.069739066086707,0.0,0.0,-1.4660751768774687,6.916542904806345,-3.562359506318097,0.0,-1.8429116734098299,0.0,0.0,7.724810905775459,0.0,-0.09840136071201411,-4.870627051621744
2024930_WZY_DM_assembly_Plate2B10,2024930_WZY_DM_assembly_Plate2,,B10,Plate2_B10,N_acetylgalactosamine,cycle 5,,0.5345,48 h,,"growth curve data NA, so 48 h label rather than 0: 0.05:48 was used",Ho lab/7_Shared data/16s rRNA/Raw reads/2024930_DM_assembly/Plate2,0.0,0.0,0.0002761106414952,0.0,0.0,0.0,0.0,0.0005898727341035,not_assessable,review_required,True,,-0.7303177148133297,0.0,0.0,0.0,-0.7303177148133297,-0.7303177148133297,0.0,0.0,-0.7303177148133297,-0.7303177148133295,0.0,0.0,0.0,-0.7303177148133301,-0.7303177148133297,0.0,0.0,0.0,-2.057569788524261,0.0,0.0,0.2619672828314144,4.944244142610241,-5.496103234636693,0.0,0.0,0.0,6.318347716643706,8.444670248424607,0.0,0.5483993050723415,-7.308925150425529
2024930_WZY_DM_assembly_Plate2B11,2024930_WZY_DM_assembly_Plate2,,B11,Plate2_B11,N_acetylgalactosamine,cycle 5,,0.4865,48 h,,"growth curve data NA, so 48 h label rather than 0: 0.05:48 was used",Ho lab/7_Shared data/16s rRNA/Raw reads/2024930_DM_assembly/Plate2,0.0,0.0,0.0005028494007877,0.0,0.0,0.0,0.0,0.0003261725842947,not_assessable,review_required,True,,-0.21934840379671033,-0.21934840379671014,0.0,-0.21934840379671014,-0.21934840379671033,-0.21934840379671033,0.0,0.0,-0.21934840379671033,-0.21934840379671033,0.0,-0.21934840379671033,0.0,-0.21934840379671053,-0.21934840379671033,0.0,0.0,0.0,-4.711058464942231,0.0,0.0,2.0363917406062555,6.5251827767478465,-6.724482548618792,0.0,3.876958501309846,0.0,0.0,7.918252524330179,0.0,0.6770674000262661,-7.6405824340224235
2024930_WZY_DM_assembly_Plate2B12,2024930_WZY_DM_assembly_Plate2,,B12,Plate2_B12,N_acetylgalactosamine,cycle 5,,0.5855,48 h,,"growth curve data NA, so 48 h label rather than 0: 0.05:48 was used",Ho lab/7_Shared data/16s rRNA/Raw reads/2024930_DM_assembly/Plate2,0.0,0.0,4.350141165981475e-05,0.0,0.0,0.0,0.0,5.0751646936450546e-05,not_assessable,review_required,True,,-0.9159454090145526,0.0,0.0,-0.9159454090145526,-0.9159454090145526,-0.9159454090145526,0.0,0.0,-0.9159454090145526,-0.9159454090145526,0.0,-0.9159454090145526,0.0,0.0,-0.9159454090145526,0.0,0.0,0.0,0.0,0.0,0.0,1.6521211694520839,0.0,-5.045195779163262,0.0,4.293863292191606,0.0,0.0,8.41701965965866,0.0,2.0689687000464345,-3.1035265666525396
2024930_WZY_DM_assembly_Plate2C1,2024930_WZY_DM_assembly_Plate2,,C1,Plate2_C1,Butyrate,cycle 5,,0.2865,48 h,,"growth curve data NA, so 48 h label rather than 0: 0.05:48 was used",Ho lab/7_Shared data/16s rRNA/Raw reads/2024930_DM_assembly/Plate2,0.0,1.4080238520387266e-05,0.0006805448618187,0.0,0.0,0.0,0.0,0.0,not_assessable,review_required,True,,-0.8543122467666897,-0.8543122467666895,0.0,0.0,-0.8543122467666897,-0.8543122467666895,0.0,0.0,-0.8543122467666897,-0.8543122467666897,0.0,-0.8543122467666897,0.0,0.0,0.0,0.0,0.0,0.0,0.0,0.0,0.0,-0.04414197834281849,5.336967070163606,-1.7083727502559136,0.0,-2.6753744746985815,0.0,4.419270026382021,8.469101592040062,0.0,1.653699297047333,-6.26064600295459
2024930_WZY_DM_assembly_Plate2C2,2024930_WZY_DM_assembly_Plate2,,C2,Plate2_C2,Butyrate,cycle 5,,0.2135,48 h,,"growth curve data NA, so 48 h label rather than 0: 0.05:48 was used",Ho lab/7_Shared data/16s rRNA/Raw reads/2024930_DM_assembly/Plate2,0.0,0.0,0.0016621476510067,0.0,0.0,0.0,0.0,0.0,not_assessable,review_required,True,,0.6558747523700901,0.6558747523700903,0.0,0.0,0.6558747523700903,0.6558747523700901,0.0,0.0,0.6558747523700901,0.6558747523700903,0.0,0.0,0.0,0.0,0.0,0.0,0.0,0.0,0.0,0.0,0.0,-4.056549748585249,6.773104401753329,-6.789992276187777,0.0,-1.7578914330206898,0.0,0.0,0.0,0.0,-6.328354364046793,-7.805778762417306
2024930_WZY_DM_assembly_Plate2C3,2024930_WZY_DM_assembly_Plate2,,C3,Plate2_C3,Butyrate,cycle 5,,0.2735,48 h,,"growth curve data NA, so 48 h label rather than 0: 0.05:48 was used",Ho lab/7_Shared data/16s rRNA/Raw reads/2024930_DM_assembly/Plate2,0.0,0.0,0.0006115148127445,0.0,0.0,0.0,0.0,0.0,not_assessable,review_required,True,,0.41175968406029945,0.41175968406029945,0.0,0.0,0.41175968406029945,0.41175968406029945,0.0,0.41175968406029945,0.41175968406029945,0.4117596840602992,0.0,0.0,0.0,0.0,0.0,0.0,0.0,0.0,0.0,0.0,0.0,-4.096899006446802,6.24548824105254,-7.441750782583264,0.0,-4.544897709686544,0.0,0.0,0.07766358365629636,0.0,-0.08885222600969006,-5.6235075443829246
2024930_WZY_DM_assembly_Plate2C4,2024930_WZY_DM_assembly_Plate2,,C4,Plate2_C4,Butyrate,cycle 5,,0.2265,48 h,,"growth curve data NA, so 48 h label rather than 0: 0.05:48 was used",Ho lab/7_Shared data/16s rRNA/Raw reads/2024930_DM_assembly/Plate2,0.0,0.0,0.0005507598784194,0.0,0.0,0.0,0.0,0.0,not_assessable,review_required,True,,1.7939000876500752,1.7939000876500752,0.0,0.0,1.7939000876500752,1.7939000876500752,0.0,1.793900087650075,1.7939000876500752,1.7939000876500752,0.0,1.664287349518948,0.0,0.0,0.0,0.0,0.0,0.0,0.0,0.0,0.0,-8.751501222544631,0.0,-6.789250499144125,0.0,-4.7530303112313534,0.0,0.0,0.0,0.0,-6.705384938996266,-5.2627046846482815
2024930_WZY_DM_assembly_Plate2C5,2024930_WZY_DM_assembly_Plate2,,C5,Plate2_C5,Butyrate,cycle 5,,0.3495,48 h,,"growth curve data NA, so 48 h label rather than 0: 0.05:48 was used",Ho lab/7_Shared data/16s rRNA/Raw reads/2024930_DM_assembly/Plate2,0.0,0.0,0.0018154240282685,0.0,0.0,0.0,0.0,0.0,not_assessable,review_required,True,,-1.010160950311675,0.0,0.0,0.0,-1.0101609503116749,-1.010160950311675,0.0,0.0,-1.010160950311675,-1.0101609503116749,0.0,-1.0101609503116749,0.0,0.0,0.0,-0.042764235322883724,0.0,0.0,0.0,0.0,0.0,-1.0549184496956465,6.400698052927282,-4.784696082382795,0.0,-4.1847832401956575,0.0,0.0,8.650749280957712,0.0,0.8088677135426814,-0.1389795505821738
2024930_WZY_DM_assembly_Plate2C6,2024930_WZY_DM_assembly_Plate2,,C6,Plate2_C6,Butyrate,cycle 5,,0.2605,48 h,,"growth curve data NA, so 48 h label rather than 0: 0.05:48 was used",Ho lab/7_Shared data/16s rRNA/Raw reads/2024930_DM_assembly/Plate2,0.0,0.0,0.0017307763787576,0.0,0.0,0.0,0.0,0.0,not_assessable,review_required,True,,-0.14127050313452427,-0.14127050313452408,0.0,0.0,0.0,-0.14127050313452427,0.0,0.0,-0.14127050313452408,-0.14127050313452408,0.0,0.0,0.0,0.0,0.0,0.0,0.0,0.0,0.0,0.0,0.0,-2.763237690435465,6.402637880883331,-6.218434672597881,0.0,-0.7110930689991544,0.0,0.0,7.524428286325182,0.0,1.2433609844122107,-0.16677255277490421
2024930_WZY_DM_assembly_Plate2C7,2024930_WZY_DM_assembly_Plate2,,C7,Plate2_C7,Urea,cycle 5,,0.2715,48 h,,"growth curve data NA, so 48 h label rather than 0: 0.05:48 was used",Ho lab/7_Shared data/16s rRNA/Raw reads/2024930_DM_assembly/Plate2,0.0,0.0,0.0008767902274641,0.0,0.0,0.0,0.0,0.0,not_assessable,review_required,True,,1.2881021903810035,1.2881021903810035,0.0,0.0,1.2881021903810037,1.2881021903810035,0.0,0.46048637655837743,1.2881021903810035,1.2881021903810033,0.0,0.0,0.0,0.0,0.0,0.0,0.0,0.0,0.0,0.0,0.0,-7.496564732797013,0.0,-5.556088478652321,0.0,-5.211303175470561,0.0,0.0,0.0,0.0,-3.420311699621856,-8.301022999030868
2024930_WZY_DM_assembly_Plate2C8,2024930_WZY_DM_assembly_Plate2,,C8,Plate2_C8,Urea,cycle 5,,0.1725,48 h,,"growth curve data NA, so 48 h label rather than 0: 0.05:48 was used",Ho lab/7_Shared data/16s rRNA/Raw reads/2024930_DM_assembly/Plate2,0.0,0.0,0.0001368737247789,0.0,0.0,0.0,0.0,0.0,not_assessable,review_required,True,,0.03858789603456528,0.03858789603456528,0.0,0.0,0.03858789603456528,0.0,0.0,0.0,0.03858789603456559,0.03858789603456528,0.0,0.0,0.0,0.0,0.0,0.0,0.0,0.0,0.0,0.0,0.0,-5.793730085406771,0.0,0.0,0.0,-2.790776768017338,0.0,0.0,0.0,0.0,1.323102117142379,-3.6479419898459264
2024930_WZY_DM_assembly_Plate2C9,2024930_WZY_DM_assembly_Plate2,,C9,Plate2_C9,Urea,cycle 5,,0.2215,48 h,,"growth curve data NA, so 48 h label rather than 0: 0.05:48 was used",Ho lab/7_Shared data/16s rRNA/Raw reads/2024930_DM_assembly/Plate2,0.0,0.0,0.0005841344108889,0.0,0.0,0.0,0.0,0.0,not_assessable,review_required,True,,-0.23942161082457689,-0.2394216108245767,0.0,0.0,-0.23942161082457689,-0.23942161082457689,0.0,0.0,-0.2394216108245767,-0.23942161082457689,0.0,-0.23942161082457689,0.0,0.0,0.0,0.0,0.0,0.0,0.0,0.0,0.0,-5.166283455038936,0.0,0.0,0.0,-3.1900740183736818,0.0,0.0,7.078654292989355,0.0,2.5507754895439816,-6.176527486535742
2024930_WZY_DM_assembly_Plate2C10,2024930_WZY_DM_assembly_Plate2,,C10,Plate2_C10,Urea,cycle 5,,0.1715,48 h,,"growth curve data NA, so 48 h label rather than 0: 0.05:48 was used",Ho lab/7_Shared data/16s rRNA/Raw reads/2024930_DM_assembly/Plate2,0.0,0.0,0.0010135110750214,0.0,0.0,0.0,0.0,0.0,not_assessable,review_required,True,,0.10302121633344444,0.10302121633344473,0.0,0.0,0.10302121633344444,0.10302121633344444,0.0,0.0,0.10302121633344473,0.10302121633344444,0.0,0.0,0.0,0.0,0.0,0.0,0.0,0.0,0.0,0.0,0.0,-4.8488223187565005,0.0,0.0,0.0,0.0,0.0,0.0,0.0,0.0,1.268495644117908,-6.218569060610704
2024930_WZY_DM_assembly_Plate2C11,2024930_WZY_DM_assembly_Plate2,,C11,Plate2_C11,Urea,cycle 5,,0.1625,48 h,,"growth curve data NA, so 48 h label rather than 0: 0.05:48 was used",Ho lab/7_Shared data/16s rRNA/Raw reads/2024930_DM_assembly/Plate2,0.0,0.0,0.0058345301600328,0.0,0.0,0.0,0.0,0.0,not_assessable,review_required,True,,0.40392263300459563,0.40392263300459585,0.0,0.0,0.40392263300459563,0.40392263300459563,0.0,0.0,0.40392263300459563,0.40392263300459585,0.0,0.40392263300459563,0.0,0.0,0.0,0.40392263300459563,0.0,0.0,0.0,0.0,0.0,-7.191812521079075,7.434852491211432,0.0,0.0,-5.133968446506771,0.0,0.0,0.0,0.0,-7.210589728109703,-5.509113218662109
2024930_WZY_DM_assembly_Plate2C12,2024930_WZY_DM_assembly_Plate2,,C12,Plate2_C12,Urea,cycle 5,,0.1295,48 h,,"growth curve data NA, so 48 h label rather than 0: 0.05:48 was used",Ho lab/7_Shared data/16s rRNA/Raw reads/2024930_DM_assembly/Plate2,0.0,0.0,0.0011517353579175,0.0,0.0,0.0,0.0006320498915401,0.0,not_assessable,review_required,True,,0.053651451104425554,0.0,0.0,0.0,0.05365145110442524,0.053651451104425554,0.0,0.0,0.053651451104425554,0.053651451104425554,0.0,0.053651451104425554,0.0,0.0,0.0,0.0,0.0,0.0,0.0,0.0,0.0,-0.8152436471560971,6.264427011970656,0.0,0.0,-4.072631489849232,0.0,0.0,0.0,0.0,-4.4559694163891646,-4.40770068442464
2024930_WZY_DM_assembly_Plate2D1,2024930_WZY_DM_assembly_Plate2,,D1,Plate2_D1,Succinate,cycle 5,,0.2235,48 h,,"growth curve data NA, so 48 h label rather than 0: 0.05:48 was used",Ho lab/7_Shared data/16s rRNA/Raw reads/2024930_DM_assembly/Plate2,0.0,0.0,0.0,0.0,0.0,0.0,0.0,0.0,not_assessable,review_required,True,,1.6052374412385702,1.4861303124556966,0.0,0.0,1.6052374412385704,1.6052374412385702,0.0,0.0,1.6052374412385702,1.60523744123857,0.0,0.0,0.0,0.0,0.0,0.0,0.0,0.0,0.0,0.0,0.0,-4.801245726632337,0.0,-1.050817872659361,0.0,-0.40445482727404825,0.0,0.0,0.0,0.0,-7.349007757595374,-8.897875218750926
2024930_WZY_DM_assembly_Plate2D2,2024930_WZY_DM_assembly_Plate2,,D2,Plate2_D2,Succinate,cycle 5,,0.2285,48 h,,"growth curve data NA, so 48 h label rather than 0: 0.05:48 was used",Ho lab/7_Shared data/16s rRNA/Raw reads/2024930_DM_assembly/Plate2,0.0,0.0,6.282650536156173e-05,0.0,0.0,0.0,0.0,0.0,not_assessable,review_required,True,,1.5883861983777627,1.5883861983777625,0.0,0.0,1.5883861983777625,1.5883861983777625,0.0,0.726033998845477,1.5883861983777625,1.5883861983777625,0.0,0.0,0.0,0.0,0.0,0.46299959301099436,0.0,0.0,0.0,0.0,0.0,-0.012116918383542428,3.244633872895097,-0.9450027225254826,0.0,-4.838087518609072,0.0,0.0,0.0,0.0,-8.947147994357143,-7.184771712582007
2024930_WZY_DM_assembly_Plate2D3,2024930_WZY_DM_assembly_Plate2,,D3,Plate2_D3,Succinate,cycle 5,,0.2515,48 h,,"growth curve data NA, so 48 h label rather than 0: 0.05:48 was used",Ho lab/7_Shared data/16s rRNA/Raw reads/2024930_DM_assembly/Plate2,0.0,0.0,0.0,0.0,0.0,0.0,0.0,0.0,not_assessable,review_required,True,,1.3447732231325342,1.3447732231325336,0.0,0.0,1.3447732231325338,1.3447732231325338,0.0,0.0,1.3447732231325338,0.0,0.0,0.0,0.0,0.0,0.0,0.7700419604692627,0.0,0.0,0.0,0.0,0.0,-7.031118604532137,0.0,-3.5462841382985073,0.0,-3.332159332945646,0.0,0.0,0.0,0.0,-6.636670374755628,-8.46856949170134
2024930_WZY_DM_assembly_Plate2D4,2024930_WZY_DM_assembly_Plate2,,D4,Plate2_D4,Succinate,cycle 5,,0.2165,48 h,,"growth curve data NA, so 48 h label rather than 0: 0.05:48 was used",Ho lab/7_Shared data/16s rRNA/Raw reads/2024930_DM_assembly/Plate2,0.0,0.0,0.0001021987577639,0.0,0.0,0.0,0.0,0.0,not_assessable,review_required,True,,0.8809094083282198,0.010105333385940494,0.0,0.0,0.8809094083282196,0.679956731693575,0.0,0.0,0.8809094083282198,0.8809094083282196,0.0,0.8809094083282196,0.0,0.0,0.0,0.0,0.0,0.0,0.0,0.0,0.0,-4.523073861824192,0.0,-4.535497577272269,0.0,-0.5026543205851437,0.0,0.0,0.0,0.0,-3.5212056848561284,-8.629856766210583
2024930_WZY_DM_assembly_Plate2D5,2024930_WZY_DM_assembly_Plate2,,D5,Plate2_D5,Succinate,cycle 5,,0.3325,48 h,,"growth curve data NA, so 48 h label rather than 0: 0.05:48 was used",Ho lab/7_Shared data/16s rRNA/Raw reads/2024930_DM_assembly/Plate2,0.0,0.0,0.0,0.0,0.0,0.0,0.0,0.0,not_assessable,review_required,True,,1.979446333253116,0.9153912688424701,0.0,0.0,1.9794463332531158,1.9794463332531158,0.0,0.0,1.9794463332531158,0.0,0.0,1.9794463332531158,0.0,0.0,0.0,0.0,0.0,0.0,0.0,0.0,0.0,-5.745873801310984,0.0,-5.878459440928793,0.0,-6.31618952606774,0.0,0.0,0.0,0.0,-8.70677398162205,-7.091775107146082
2024930_WZY_DM_assembly_Plate2D6,2024930_WZY_DM_assembly_Plate2,,D6,Plate2_D6,Succinate,cycle 5,,0.2535,48 h,,"growth curve data NA, so 48 h label rather than 0: 0.05:48 was used",Ho lab/7_Shared data/16s rRNA/Raw reads/2024930_DM_assembly/Plate2,0.0,0.0,0.0,0.0,0.0,0.0,0.0,0.0,not_assessable,review_required,True,,2.8407842589248933,2.8407842589248933,0.0,0.0,2.8407842589248933,2.8407842589248933,0.0,0.42468766931255103,2.125127387453513,2.8407842589248933,0.0,0.00965017003370736,0.0,0.0,0.0,0.7466157641999136,0.0,0.0,0.0,0.0,0.0,-1.8506899510825012,0.0,-2.466546459749424,0.0,-2.1537590187184943,0.0,0.0,0.0,0.0,-7.750380361204462,-9.302650320288722
2024930_WZY_DM_assembly_Plate2D7,2024930_WZY_DM_assembly_Plate2,,D7,Plate2_D7,Glutamate,cycle 5,,0.2965,48 h,,"growth curve data NA, so 48 h label rather than 0: 0.05:48 was used",Ho lab/7_Shared data/16s rRNA/Raw reads/2024930_DM_assembly/Plate2,0.0,0.0,0.0048470097967539,0.0,0.0,0.0,0.0,0.0,not_assessable,review_required,True,,-0.4198991591921054,-0.4198991591921054,0.0,0.0,-0.4198991591921054,0.0,0.0,0.0,0.0,-0.4198991591921054,0.0,0.0,0.0,0.0,0.0,0.0,0.0,0.0,0.0,0.0,0.0,-5.038428659160346,0.0,0.0,0.0,-1.870580260247662,0.0,0.0,8.322310276759534,0.0,1.2870961129287184,-3.735420676966035
2024930_WZY_DM_assembly_Plate2D8,2024930_WZY_DM_assembly_Plate2,,D8,Plate2_D8,Glutamate,cycle 5,,0.3835,48 h,,"growth curve data NA, so 48 h label rather than 0: 0.05:48 was used",Ho lab/7_Shared data/16s rRNA/Raw reads/2024930_DM_assembly/Plate2,0.0,0.0,0.0065465977503168,0.0,0.0,0.0,0.0,0.0,not_assessable,review_required,True,,2.1015149324875977,0.46825811160449227,0.0,0.0,2.1015149324875977,2.1015149324875977,0.0,0.0,1.9918200676614535,2.1015149324875977,0.0,0.0,0.0,0.0,0.0,1.0532206123252528,0.0,0.0,0.0,0.0,0.0,-8.416421589403452,7.185410995042263,0.0,0.0,-4.400166180654499,0.0,0.0,0.0,0.0,-6.679626134401414,-8.390151022257276
2024930_WZY_DM_assembly_Plate2D9,2024930_WZY_DM_assembly_Plate2,,D9,Plate2_D9,Glutamate,cycle 5,,0.5655,48 h,,"growth curve data NA, so 48 h label rather than 0: 0.05:48 was used",Ho lab/7_Shared data/16s rRNA/Raw reads/2024930_DM_assembly/Plate2,0.0,0.0,0.0005051236880629,0.0,0.0,0.0,0.0,0.0,not_assessable,review_required,True,,-0.6747215645869047,-0.22306276517063403,0.0,0.0,-0.6747215645869047,0.0,0.0,0.0,-0.6747215645869047,-0.6747215645869047,0.0,0.0,0.0,0.0,0.0,0.0,0.0,0.0,0.0,0.0,0.0,4.6961742310211,0.0,-2.2831837576083007,0.0,-2.2230627651707433,0.0,6.23825130400121,8.49727767757975,0.0,0.32007072337454584,-7.660881228841628
2024930_WZY_DM_assembly_Plate2D10,2024930_WZY_DM_assembly_Plate2,,D10,Plate2_D10,Glutamate,cycle 5,,0.4235,48 h,,"growth curve data NA, so 48 h label rather than 0: 0.05:48 was used",Ho lab/7_Shared data/16s rRNA/Raw reads/2024930_DM_assembly/Plate2,0.0,0.0,0.003270126247798,0.0,0.0,0.0,0.0,0.0,not_assessable,review_required,True,,-0.6932379983253105,-0.6932379983253107,0.0,0.0,-0.6932379983253105,-0.6932379983253105,0.0,0.0,-0.6932379983253105,-0.6932379983253105,0.0,0.0,0.0,0.0,0.0,0.0,0.0,0.0,0.0,0.0,0.0,-2.453412693758893,4.944778610476823,-4.2853113691519455,0.0,-3.6250802875885495,3.5569089938847274,5.866581547384905,8.471414375802205,0.0,-0.2957605922291603,-2.3969101451102626
2024930_WZY_DM_assembly_Plate2D11,2024930_WZY_DM_assembly_Plate2,,D11,Plate2_D11,Glutamate,cycle 5,,0.2505,48 h,,"growth curve data NA, so 48 h label rather than 0: 0.05:48 was used",Ho lab/7_Shared data/16s rRNA/Raw reads/2024930_DM_assembly/Plate2,0.0,0.0,0.0027126587005227,0.0,0.0,0.0,0.0,0.0,not_assessable,review_required,True,,1.499326880442329,1.4993268804423288,0.0,1.3162714580708392,1.4993268804423288,0.5089165360134001,0.0,0.0,1.499326880442329,1.4993268804423288,0.0,0.0,0.0,0.0,0.0,0.0,0.0,0.0,0.0,0.0,0.0,-6.306505862450598,0.0,-0.009589655571071325,0.0,-5.209262000407664,0.0,0.0,0.0,0.0,-6.937367617653654,-8.667354690836675
2024930_WZY_DM_assembly_Plate2D12,2024930_WZY_DM_assembly_Plate2,,D12,Plate2_D12,Glutamate,cycle 5,,0.1905,48 h,,"growth curve data NA, so 48 h label rather than 0: 0.05:48 was used",Ho lab/7_Shared data/16s rRNA/Raw reads/2024930_DM_assembly/Plate2,0.0,0.0,0.0003286686475606,0.0,0.0,0.0,0.0,0.0,not_assessable,review_required,True,,1.3091384555901757,1.3091384555901757,0.0,1.3091384555901755,1.3091384555901757,1.3091384555901755,0.0,0.0,1.3091384555901755,1.3091384555901757,0.0,1.3091384555901755,0.0,0.0,0.0,0.0,0.0,0.0,0.0,0.0,0.0,-6.005271466375533,0.0,0.0,0.0,-5.370953124823168,0.0,0.0,0.0,0.0,-6.939081186681073,-8.524043687402234
2024930_WZY_DM_assembly_Plate2E1,2024930_WZY_DM_assembly_Plate2,,E1,Plate2_E1,Pyruvate,cycle 5,,0.1505,48 h,,"growth curve data NA, so 48 h label rather than 0: 0.05:48 was used",Ho lab/7_Shared data/16s rRNA/Raw reads/2024930_DM_assembly/Plate2,0.0,0.0,5.63248502994012e-05,0.0,0.0,0.0,0.0,0.0,not_assessable,review_required,True,,0.0,0.05450730273223107,0.0,0.0,0.05450730273223107,0.05450730273223107,0.05450730273223107,0.0,0.05450730273223107,0.05450730273223137,0.0,0.0,0.0,0.05450730273223137,0.05450730273223107,0.0,0.0,0.0,0.0,0.0,0.0,0.34660317307143534,8.079384446304216,-2.1973298681420563,0.0,-2.310540478590055,0.0,0.0,0.0,0.0,-7.500737875058754,-6.872638870959595
2024930_WZY_DM_assembly_Plate2E2,2024930_WZY_DM_assembly_Plate2,low growth,E2,Plate2_E2,Pyruvate,cycle 5,,-0.0185,48 h,,"growth curve data NA, so 48 h label rather than 0: 0.05:48 was used",Ho lab/7_Shared data/16s rRNA/Raw reads/2024930_DM_assembly/Plate2,-0.0,-0.0,-0.0,-0.0,-0.0,-0.0,-0.0,-0.0,not_assessable,review_required,False,low growth,,,,,,,,,,,,,,,,,,,,,,,,,,,,,,,,
2024930_WZY_DM_assembly_Plate2E3,2024930_WZY_DM_assembly_Plate2,low growth,E3,Plate2_E3,Pyruvate,cycle 5,,-0.0085,48 h,,"growth curve data NA, so 48 h label rather than 0: 0.05:48 was used",Ho lab/7_Shared data/16s rRNA/Raw reads/2024930_DM_assembly/Plate2,-0.0,-0.0,-0.0,-0.0,-0.0,-0.0,-0.0,-0.0,not_assessable,review_required,False,low growth,,,,,,,,,,,,,,,,,,,,,,,,,,,,,,,,
2024930_WZY_DM_assembly_Plate2E4,2024930_WZY_DM_assembly_Plate2,,E4,Plate2_E4,Pyruvate,cycle 5,,0.0595,48 h,,"growth curve data NA, so 48 h label rather than 0: 0.05:48 was used",Ho lab/7_Shared data/16s rRNA/Raw reads/2024930_DM_assembly/Plate2,0.0,0.0,0.0002588128681468,0.0,0.0,0.0,0.0,0.0,not_assessable,review_required,True,,1.7875344185688893,2.3724969192900454,0.0,0.0,2.6602975249584735,2.660297524958474,2.6602975249584735,1.5245000127350956,2.6602975249584735,2.6602975249584735,0.0,0.20257191784773304,0.0,2.660297524958474,0.0,0.0,0.0,0.0,0.0,0.0,0.0,0.0,0.0,-4.001706011526424,0.0,-1.0658363489457563,0.0,0.0,0.0,0.0,-9.559778793998673,-6.10260722710169
2024930_WZY_DM_assembly_Plate2E5,2024930_WZY_DM_assembly_Plate2,,E5,Plate2_E5,Pyruvate,cycle 5,,0.2005,48 h,,"growth curve data NA, so 48 h label rather than 0: 0.05:48 was used",Ho lab/7_Shared data/16s rRNA/Raw reads/2024930_DM_assembly/Plate2,0.0,0.0,0.0014748024316109,0.0,0.0,0.0,0.0,0.0,not_assessable,review_required,True,,1.8862995008353145,3.9156640376194733,0.0,0.0,3.9156640376194733,3.9156640376194733,3.9156640376194733,1.4712620015564706,3.9156640376194733,0.8862995008353143,0.0,0.0,0.0,3.58673921897626,0.0,0.0,0.0,0.0,0.0,0.0,0.0,0.0,0.0,-4.405263690852561,0.0,0.0,0.0,0.0,0.0,0.0,-9.156285241185337,-8.413838040512852
2024930_WZY_DM_assembly_Plate2E6,2024930_WZY_DM_assembly_Plate2,,E6,Plate2_E6,Pyruvate,cycle 5,,0.1365,48 h,,"growth curve data NA, so 48 h label rather than 0: 0.05:48 was used",Ho lab/7_Shared data/16s rRNA/Raw reads/2024930_DM_assembly/Plate2,0.0,0.0,0.0002198389458272,0.0,0.0,0.0,1.9985358711566618e-05,0.0,not_assessable,review_required,True,,1.6896598793878705,0.0,0.0,0.0,2.8740459781445695,2.8740459781445695,2.8740459781445695,0.0,2.8740459781445695,0.0,0.0,0.0,0.0,2.8740459781445695,0.0,0.0,0.0,0.0,0.0,0.0,0.0,0.0,0.0,-0.31811424177234604,0.0,0.0,0.0,0.0,0.0,0.0,-8.908811358064904,-8.572448172913973
2024930_WZY_DM_assembly_Plate2E7,2024930_WZY_DM_assembly_Plate2,,E7,Plate2_E7,Acid_mix,cycle 5,,0.3265,48 h,,"growth curve data NA, so 48 h label rather than 0: 0.05:48 was used",Ho lab/7_Shared data/16s rRNA/Raw reads/2024930_DM_assembly/Plate2,0.0,0.0,0.0,0.0,0.0,0.0,0.0,0.0,not_assessable,review_required,True,,0.41054828010092626,0.41054828010092653,0.0,0.0,0.41054828010092626,0.41054828010092653,0.0,0.0,0.41054828010092626,0.41054828010092626,0.0,0.41054828010092626,0.0,0.41054828010092626,0.0,0.0,0.0,0.0,0.0,0.0,0.0,-2.368535750960199,0.0,-3.7685273012485774,0.0,1.5399616227836654,0.0,0.0,6.0690028046201645,0.0,0.41530519517234554,-8.17763996657032
2024930_WZY_DM_assembly_Plate2E8,2024930_WZY_DM_assembly_Plate2,,E8,Plate2_E8,Acid_mix,cycle 5,,0.2605,48 h,,"growth curve data NA, so 48 h label rather than 0: 0.05:48 was used",Ho lab/7_Shared data/16s rRNA/Raw reads/2024930_DM_assembly/Plate2,0.0,0.0,0.0,0.0,0.0,0.0,0.0,0.0,not_assessable,review_required,True,,-0.5746336530486276,0.0,0.0,0.0,-0.5746336530486278,-0.5746336530486278,0.0,0.0,-0.5746336530486278,-0.5746336530486278,0.0,-0.5746336530486276,0.0,-0.5746336530486278,0.0,0.0,0.0,0.0,0.0,0.0,0.0,-0.5761145061159396,6.456345832335789,-5.229505851757206,0.0,-5.1299701782062925,0.0,0.0,8.28846315640115,0.0,-0.6103891659241479,-4.985580268871119
2024930_WZY_DM_assembly_Plate2E9,2024930_WZY_DM_assembly_Plate2,,E9,Plate2_E9,Acid_mix,cycle 5,,0.1185,48 h,,"growth curve data NA, so 48 h label rather than 0: 0.05:48 was used",Ho lab/7_Shared data/16s rRNA/Raw reads/2024930_DM_assembly/Plate2,0.0,0.0,0.0,0.0,0.0,0.0,0.0,0.0,not_assessable,review_required,True,,1.0259993543890842,1.0259993543890842,0.0,1.0259993543890842,1.0259993543890842,1.0259993543890842,0.0,1.0259993543890842,1.0259993543890842,1.0259993543890842,0.0,0.0,0.0,1.0259993543890842,0.0,0.0,0.0,0.0,0.0,0.0,0.0,0.0,0.0,-0.9234409048682133,0.0,-3.2211214535089745,0.0,0.0,0.0,0.0,-7.066398858710441,-8.505269154865427
2024930_WZY_DM_assembly_Plate2E10,2024930_WZY_DM_assembly_Plate2,,E10,Plate2_E10,Acid_mix,cycle 5,,0.3025,48 h,,"growth curve data NA, so 48 h label rather than 0: 0.05:48 was used",Ho lab/7_Shared data/16s rRNA/Raw reads/2024930_DM_assembly/Plate2,0.0,0.0,2.49731693222158e-05,0.0,0.0,0.0,0.0,0.0,not_assessable,review_required,True,,-1.2033264393625436,0.0,0.0,-0.8390401069834547,-1.2033264393625438,-1.2033264393625438,0.0,0.0,-0.5980320074796837,-1.2033264393625434,0.0,-1.2033264393625438,0.0,0.0,0.0,0.0,0.0,0.0,0.0,0.0,0.0,5.209320294711257,5.501470580599605,-4.525756106505544,0.0,-0.7128712994458719,0.0,5.317436331071307,8.526593587555316,0.0,4.245580341366175,-3.927807964189884
2024930_WZY_DM_assembly_Plate2E11,2024930_WZY_DM_assembly_Plate2,,E11,Plate2_E11,Acid_mix,cycle 5,,0.1445,48 h,,"growth curve data NA, so 48 h label rather than 0: 0.05:48 was used",Ho lab/7_Shared data/16s rRNA/Raw reads/2024930_DM_assembly/Plate2,0.0,0.0,0.0,0.0,0.0,0.0,0.0,0.0,not_assessable,review_required,True,,1.5393710676591603,1.5393710676591603,0.0,1.5393710676591603,1.5393710676591603,0.0,0.0,0.13052336603447945,1.5393710676591603,1.5393710676591603,0.0,1.5393710676591603,0.0,1.5393710676591605,0.0,0.0,0.0,0.0,0.0,0.0,0.0,-3.130311109483297,0.0,0.0,0.0,-2.346039800538614,0.0,0.0,0.0,0.0,-4.346039800538761,-9.278527981812786
2024930_WZY_DM_assembly_Plate2E12,2024930_WZY_DM_assembly_Plate2,,E12,Plate2_E12,Acid_mix,cycle 5,,0.1185,48 h,,"growth curve data NA, so 48 h label rather than 0: 0.05:48 was used",Ho lab/7_Shared data/16s rRNA/Raw reads/2024930_DM_assembly/Plate2,0.0,0.0,0.0,9.260224016671008e-05,0.0,0.0,0.0,0.0,not_assessable,review_required,True,,0.5187820586298841,0.5187820586298844,0.0,0.5187820586298841,0.5187820586298841,0.5187820586298841,0.0,0.0,0.5187820586298841,0.5187820586298839,0.0,0.0,0.0,0.0,0.0,0.5187820586298841,0.0,0.0,0.0,0.0,0.0,-6.002911784983198,8.166727358070517,-3.599556090751988,0.0,-4.260069624480265,0.0,0.0,0.0,0.0,-8.665413727555325,-0.2303222810855991
2024930_WZY_DM_assembly_Plate2F1,2024930_WZY_DM_assembly_Plate2,,F1,Plate2_F1,Lactate,cycle 5,,0.1955,48 h,,"growth curve data NA, so 48 h label rather than 0: 0.05:48 was used",Ho lab/7_Shared data/16s rRNA/Raw reads/2024930_DM_assembly/Plate2,0.0,0.0,0.0,0.0,0.0,0.0,0.0,0.0,not_assessable,review_required,True,,1.0390889440844349,1.0390889440844353,0.0,0.0,1.0390889440844353,1.0390889440844349,0.0,0.0,0.06158003954430136,1.0390889440844353,0.0,1.0390889440844353,0.0,1.0390889440844349,0.0,0.30950755298780924,0.0,0.0,0.0,0.0,0.0,0.0,0.0,-3.8298460175174447,0.0,-2.5999199234955377,0.0,0.0,0.0,0.0,-7.984844904095138,-7.906089002915263
2024930_WZY_DM_assembly_Plate2F2,2024930_WZY_DM_assembly_Plate2,,F2,Plate2_F2,Lactate,cycle 5,,0.1855,48 h,,"growth curve data NA, so 48 h label rather than 0: 0.05:48 was used",Ho lab/7_Shared data/16s rRNA/Raw reads/2024930_DM_assembly/Plate2,0.0,0.0,0.0,0.0,0.0,0.0,0.0,0.0,not_assessable,review_required,True,,0.09331754227783946,0.09331754227783946,0.0,0.09331754227783946,0.09331754227783916,0.09331754227783946,0.0,0.0,0.09331754227783916,0.09331754227783946,0.0,0.0,0.0,0.09331754227783946,0.0,0.09331754227783946,0.0,0.0,0.0,0.0,0.0,2.481983765411206,0.0,0.0,0.0,-5.612971171731331,0.0,0.0,0.0,0.0,2.482576418731211,-7.32363292648506
2024930_WZY_DM_assembly_Plate2F3,2024930_WZY_DM_assembly_Plate2,,F3,Plate2_F3,Lactate,cycle 5,,0.2805,48 h,,"growth curve data NA, so 48 h label rather than 0: 0.05:48 was used",Ho lab/7_Shared data/16s rRNA/Raw reads/2024930_DM_assembly/Plate2,0.0,0.0,0.0,0.0,0.0,0.0,0.0,0.0,not_assessable,review_required,True,,-0.8086696094267928,-0.8086696094267928,0.0,-0.12430729622422562,-0.8086696094267928,-0.8086696094267924,0.0,0.0,0.0,-0.8086696094267928,0.0,0.0,0.0,-0.8086696094267924,0.0,-0.12430729622422562,0.0,0.0,0.0,0.0,0.0,5.539416547097845,6.60459837935561,-5.149139149204262,0.0,-2.2397845136442704,0.0,5.623292676915934,8.428495000032804,0.0,-2.132118849777827,-5.267265250066376
2024930_WZY_DM_assembly_Plate2F4,2024930_WZY_DM_assembly_Plate2,,F4,Plate2_F4,Lactate,cycle 5,,0.1965,48 h,,"growth curve data NA, so 48 h label rather than 0: 0.05:48 was used",Ho lab/7_Shared data/16s rRNA/Raw reads/2024930_DM_assembly/Plate2,0.0,0.0,0.0,0.0,0.0,0.0,0.0,0.0,not_assessable,review_required,True,,2.7426874180894294,2.7426874180894294,0.0,2.7426874180894294,2.742687418089429,2.7426874180894294,1.9667238451255156,2.551686345846672,2.1891162664612454,2.7426874180894294,0.0,0.0,0.0,2.7426874180894294,0.0,0.0,0.0,0.0,0.0,0.0,0.0,0.0,0.0,-3.20892953464601,0.0,-0.4464288483723546,0.0,0.0,0.0,0.0,-9.596901487148875,-6.035678707496986
2024930_WZY_DM_assembly_Plate2F5,2024930_WZY_DM_assembly_Plate2,,F5,Plate2_F5,Lactate,cycle 5,,0.2745,48 h,,"growth curve data NA, so 48 h label rather than 0: 0.05:48 was used",Ho lab/7_Shared data/16s rRNA/Raw reads/2024930_DM_assembly/Plate2,0.0,0.0,0.0,0.0,0.0,0.0,0.0,0.0,not_assessable,review_required,True,,2.16348641540727,2.1634864154072697,0.0,2.16348641540727,0.970127102804702,2.16348641540727,0.0,0.0,2.16348641540727,2.16348641540727,0.0,2.1634864154072697,0.0,2.16348641540727,0.0,1.176577980272449,0.0,0.0,0.0,0.0,0.0,0.0,1.6616030811417193,-2.3635888119496595,0.0,-2.982717915822081,0.0,0.0,0.0,0.0,-8.294480721221229,-8.814530487785225
2024930_WZY_DM_assembly_Plate2F6,2024930_WZY_DM_assembly_Plate2,,F6,Plate2_F6,Lactate,cycle 5,,0.2185,48 h,,"growth curve data NA, so 48 h label rather than 0: 0.05:48 was used",Ho lab/7_Shared data/16s rRNA/Raw reads/2024930_DM_assembly/Plate2,0.0,0.0,0.0,0.0,0.0,0.0,0.0,0.0,not_assessable,review_required,True,,2.1655315370267103,2.1655315370267108,0.0,2.1655315370267103,1.2471453025795478,2.1655315370267103,0.0,0.6621828018592106,2.1655315370267108,2.1655315370267108,0.0,0.0,0.0,2.1655315370267103,0.0,2.1655315370267108,0.0,0.0,0.0,0.0,0.0,0.0,7.516072117099058,-1.7820534836946975,0.0,-0.08161376555346143,0.0,0.0,0.0,0.0,-4.972384695798878,-9.611044319699806
2024930_WZY_DM_assembly_Plate2F7,2024930_WZY_DM_assembly_Plate2,,F7,Plate2_F7,Host_sugar_mix,cycle 5,,1.0175,48 h,,"growth curve data NA, so 48 h label rather than 0: 0.05:48 was used",Ho lab/7_Shared data/16s rRNA/Raw reads/2024930_DM_assembly/Plate2,0.0,0.0005743960191099,0.0051270163187221,0.0,0.0,0.0,0.0,0.0005212112025256,not_assessable,review_required,True,,-0.40340005685607705,0.0,-0.40340005685607727,0.0,-0.40340005685607727,-0.40340005685607705,-0.40340005685607727,-0.40340005685607705,-0.40340005685607727,-0.40340005685607705,0.0,0.0,-0.40340005685607705,-0.40340005685607705,-0.40340005685607727,0.0,0.0,0.0,0.0,0.0,1.9505820887929113,0.6767312294442696,0.0,-1.5989763962689678,0.0,-2.333710603620704,0.0,0.0,0.92722812534303,0.0,0.856127163136595,-4.724246350707327
2024930_WZY_DM_assembly_Plate2F8,2024930_WZY_DM_assembly_Plate2,,F8,Plate2_F8,Host_sugar_mix,cycle 5,,1.1495,48 h,,"growth curve data NA, so 48 h label rather than 0: 0.05:48 was used",Ho lab/7_Shared data/16s rRNA/Raw reads/2024930_DM_assembly/Plate2,0.0,0.0012225601973964,0.0052488584474885,0.0,0.0,0.0,0.0,0.0007987393289656,not_assessable,review_required,True,,-0.04585993774309351,0.0,-0.04585993774309351,0.0,-0.04585993774309351,-0.04585993774309335,-0.04585993774309367,-0.04585993774309367,-0.04585993774309335,-0.04585993774309351,-0.04585993774309351,0.0,-0.04585993774309351,-0.04585993774309351,-0.04585993774309335,-0.04585993774309335,0.0,0.0,0.0,0.0,-6.447370614203913,4.47234407055716,-3.564462122284914,-2.6241213329526296,0.0,-1.7395985503725326,0.0,0.0,2.674098548447555,0.0,1.1429839912524022,-7.722348414229452
2024930_WZY_DM_assembly_Plate2F9,2024930_WZY_DM_assembly_Plate2,,F9,Plate2_F9,Host_sugar_mix,cycle 5,,0.9225,48 h,,"growth curve data NA, so 48 h label rather than 0: 0.05:48 was used",Ho lab/7_Shared data/16s rRNA/Raw reads/2024930_DM_assembly/Plate2,0.0,0.0038297626979652,0.0026831979396238,0.0,0.0,0.0,0.0,0.0001773038286095,not_assessable,review_required,True,,-0.21425179247043488,0.0,0.0,0.0,-0.21425179247043488,-0.21425179247043488,0.0,-0.21425179247043505,0.0,-0.21425179247043488,0.0,-0.21425179247043488,-0.21425179247043488,-0.21425179247043488,-0.2142517924704347,-0.21425179247043488,0.0,0.0,0.0,0.0,-3.1058281432869084,0.7787261440532977,-4.001572592232681,0.0,0.0,0.0,0.0,0.0,0.3475285457340484,0.0,2.4618326478541914,-6.303836844908893
2024930_WZY_DM_assembly_Plate2F10,2024930_WZY_DM_assembly_Plate2,,F10,Plate2_F10,Host_sugar_mix,cycle 5,,0.9255,48 h,,"growth curve data NA, so 48 h label rather than 0: 0.05:48 was used",Ho lab/7_Shared data/16s rRNA/Raw reads/2024930_DM_assembly/Plate2,0.0,0.0018681825194785,0.0065326891923165,0.0,0.0,0.0,0.0,0.0009043431304481,not_assessable,review_required,True,,-0.5138331282647379,0.0,-0.5138331282647379,0.0,-0.5138331282647381,-0.5138331282647381,-0.30314401477961195,-0.5138331282647381,-0.5138331282647379,-0.5138331282647379,0.0,0.0,-0.5138331282647379,-0.5138331282647379,0.0,-0.5138331282647381,0.0,0.0,-0.14267934258641055,0.0,0.5466573332593946,0.5352610434000455,-3.0117378646691884,-2.752879134806587,0.0,-2.3505614780341673,0.0,0.0,3.7842919757884648,0.0,1.747975740139648,-6.793477684912147
2024930_WZY_DM_assembly_Plate2F11,2024930_WZY_DM_assembly_Plate2,,F11,Plate2_F11,Host_sugar_mix,cycle 5,,0.8325,48 h,,"growth curve data NA, so 48 h label rather than 0: 0.05:48 was used",Ho lab/7_Shared data/16s rRNA/Raw reads/2024930_DM_assembly/Plate2,0.0,0.0038260184388103,0.0064036683235677,0.0,0.0,0.0,0.0,0.0001849434894893,not_assessable,review_required,True,,-0.0652419652377957,0.0,-0.06524196523779587,0.0,-0.0652419652377957,-0.0652419652377957,0.0,-0.06524196523779587,-0.06524196523779587,-0.0652419652377957,0.0,0.0,-0.0652419652377957,-0.0652419652377957,-0.0652419652377957,-0.06524196523779587,0.0,0.0,-0.22283572707105928,0.0,-6.034529584853093,1.0142111242186485,-3.560323296164041,2.7238455238632975,0.0,-5.310298568321487,0.0,0.0,-0.31097128043423256,0.0,4.681926480969251,-0.9975434152288747
2024930_WZY_DM_assembly_Plate2F12,2024930_WZY_DM_assembly_Plate2,,F12,Plate2_F12,Host_sugar_mix,cycle 5,,0.9485,48 h,,"growth curve data NA, so 48 h label rather than 0: 0.05:48 was used",Ho lab/7_Shared data/16s rRNA/Raw reads/2024930_DM_assembly/Plate2,0.0,0.0016294676355594,0.0024161071837605,0.0,0.0,0.0,0.0,0.0008709223569369,not_assessable,review_required,True,,0.17582075351194879,0.0,0.17582075351194879,0.0,0.17582075351194879,0.17582075351194879,0.0,0.17582075351194879,0.17582075351194879,0.17582075351194879,0.0,0.0,0.0,0.17582075351194848,0.0,0.0,0.0,0.0,0.0,0.0,-5.533823946951483,0.5616847051399931,-0.8766165617604025,2.7619406199790557,0.0,-5.485106164456624,0.0,0.0,-0.2690940331023193,0.0,7.264824410000486,-7.062590223309044
2024930_WZY_DM_assembly_Plate2G1,2024930_WZY_DM_assembly_Plate2,,G1,Plate2_G1,Fucose,cycle 5,,0.2985,48 h,,"growth curve data NA, so 48 h label rather than 0: 0.05:48 was used",Ho lab/7_Shared data/16s rRNA/Raw reads/2024930_DM_assembly/Plate2,0.0,0.0,0.0004881766267192,0.0,0.0,0.0,0.0,0.0,not_assessable,review_required,True,,-0.8029851387132195,-0.5361838173967198,0.0,0.0,-0.8029851387132195,-0.8029851387132199,-0.8029851387132199,0.0,-0.8029851387132195,-0.8029851387132199,0.0,-0.8029851387132195,0.0,0.0,0.0,-0.8029851387132199,0.0,0.0,0.0,0.0,0.0,0.671007141261398,4.167177340156166,-5.467796842416476,0.0,0.0,0.0,4.826763067589039,8.504966495265565,0.0,0.6807845872453482,-6.99713262519572
2024930_WZY_DM_assembly_Plate2G2,2024930_WZY_DM_assembly_Plate2,,G2,Plate2_G2,Fucose,cycle 5,,0.3035,48 h,,"growth curve data NA, so 48 h label rather than 0: 0.05:48 was used",Ho lab/7_Shared data/16s rRNA/Raw reads/2024930_DM_assembly/Plate2,0.0,0.0,0.0001465357688903,0.0,0.0,0.0,0.0,0.0,not_assessable,review_required,True,,-1.0862087477447366,0.0,0.0,0.0,-1.0862087477447366,-1.0862087477447366,-1.0862087477447364,0.0,-1.0862087477447366,-1.0862087477447364,0.0,-1.0862087477447366,0.0,-1.0862087477447366,0.0,-1.0862087477447364,0.0,0.0,0.0,0.0,0.0,0.35566525296055457,5.280547966860983,-1.9044493883172149,0.0,-4.59170276999805,0.0,5.789314273657079,8.51393536451149,0.0,1.3031094335738302,-3.266157385189981
2024930_WZY_DM_assembly_Plate2G3,2024930_WZY_DM_assembly_Plate2,,G3,Plate2_G3,Fucose,cycle 5,,0.4515,48 h,,"growth curve data NA, so 48 h label rather than 0: 0.05:48 was used",Ho lab/7_Shared data/16s rRNA/Raw reads/2024930_DM_assembly/Plate2,0.0,0.0,0.0014378307497775,0.0,0.0,0.0,0.0,0.0,not_assessable,review_required,True,,0.13530377591049386,0.13530377591049386,0.0,0.13530377591049386,0.13530377591049414,0.13530377591049414,0.13530377591049386,0.0,0.0,0.13530377591049414,0.0,0.13530377591049414,0.0,0.13530377591049386,0.0,0.13530377591049386,0.0,0.0,0.0,0.0,0.0,-2.0460845498409577,-5.9124153616117585,-6.253570732178194,0.0,-0.9457868196109974,0.0,0.0,8.336436867093827,0.0,3.4241670753368374,-8.100728388938057
2024930_WZY_DM_assembly_Plate2G4,2024930_WZY_DM_assembly_Plate2,,G4,Plate2_G4,Fucose,cycle 5,,0.5215,48 h,,"growth curve data NA, so 48 h label rather than 0: 0.05:48 was used",Ho lab/7_Shared data/16s rRNA/Raw reads/2024930_DM_assembly/Plate2,0.0,0.0,0.0009302432432432,0.0,0.0,0.0,0.0,0.0,not_assessable,review_required,True,,-0.39636804858833374,-0.39636804858833374,0.0,-0.39636804858833374,-0.39636804858833374,-0.39636804858833374,-0.39636804858833374,0.0,-0.39636804858833397,-0.39636804858833397,0.0,-0.39636804858833374,0.0,-0.3963680485883335,0.0,-0.39636804858833397,0.0,0.0,0.0,0.0,0.0,4.121723401003471,3.756614986501014,-6.042235841081356,0.0,-1.185439811146334,0.0,0.0,8.604253731346425,0.0,-1.1040654371201388,-8.255369022611982
2024930_WZY_DM_assembly_Plate2G5,2024930_WZY_DM_assembly_Plate2,,G5,Plate2_G5,Fucose,cycle 5,,0.4815,48 h,,"growth curve data NA, so 48 h label rather than 0: 0.05:48 was used",Ho lab/7_Shared data/16s rRNA/Raw reads/2024930_DM_assembly/Plate2,0.0,0.0,0.0002325143420061,0.0,0.0,0.0,0.0,0.0,not_assessable,review_required,True,,-0.9148593568003415,-0.5545520729141692,0.0,-0.9148593568003415,-0.9148593568003415,-0.9148593568003415,0.0,0.0,0.0,-0.9148593568003418,0.0,0.0,0.0,-0.9148593568003415,-0.9148593568003415,0.0,0.0,0.0,0.0,0.0,0.0,4.30114381828359,1.3085592097314132,-4.6229060912169455,0.0,-0.49644911835067335,0.0,4.905799457397692,8.574719393878558,0.0,1.0751786190964325,-6.630242322762308
2024930_WZY_DM_assembly_Plate2G6,2024930_WZY_DM_assembly_Plate2,,G6,Plate2_G6,Fucose,cycle 5,,0.3945,48 h,,"growth curve data NA, so 48 h label rather than 0: 0.05:48 was used",Ho lab/7_Shared data/16s rRNA/Raw reads/2024930_DM_assembly/Plate2,0.0,0.0,0.0001839033823097,0.0,0.0,0.0,0.0,0.0,not_assessable,review_required,True,,-0.9151378827806285,0.0,0.0,-0.9151378827806285,-0.9151378827806285,-0.9151378827806285,-0.9151378827806285,0.0,0.0,-0.9151378827806285,0.0,0.0,0.0,-0.9151378827806285,0.0,-0.9151378827806285,0.0,0.0,0.0,0.0,0.0,1.4091429946605276,-0.7826235280618169,-3.7315476947346418,0.0,0.0,4.315595414418735,5.956475926606136,8.476626726726705,0.0,4.384822705360648,-6.851419751753539
2024930_WZY_DM_assembly_Plate2G7,2024930_WZY_DM_assembly_Plate2,,G7,Plate2_G7,Master_mix,cycle 5,,0.7845,48 h,,"growth curve data NA, so 48 h label rather than 0: 0.05:48 was used",Ho lab/7_Shared data/16s rRNA/Raw reads/2024930_DM_assembly/Plate2,0.0,0.0019772275967413,0.0061214167515274,0.0,0.0,0.0,0.0,0.0001697619653767,not_assessable,review_required,True,,-0.6271029018487939,0.0,-0.6271029018487939,0.0,0.0,-0.6271029018487939,0.0,-0.6271029018487941,-0.0233440168528223,-0.6271029018487941,0.0,0.0,0.0,-0.6271029018487941,0.0,-0.6271029018487941,0.0,0.0,-0.7307905240990158,0.0,-1.4147450277625155,1.2610126321720825,-3.5587670567727825,-2.154191496312537,0.0,-1.6025700899306758,0.0,0.0,7.748229310862067,0.0,1.8201798302213008,-3.8693103881805184
2024930_WZY_DM_assembly_Plate2G8,2024930_WZY_DM_assembly_Plate2,,G8,Plate2_G8,Master_mix,cycle 5,,0.7775,48 h,,"growth curve data NA, so 48 h label rather than 0: 0.05:48 was used",Ho lab/7_Shared data/16s rRNA/Raw reads/2024930_DM_assembly/Plate2,0.0,0.0017959532755369,0.002750763877721,0.0,0.0,0.0,0.0,0.0001818686861303,not_assessable,review_required,True,,-0.08865614697111618,0.0,-0.08865614697111618,0.0,-0.08865614697111635,0.0,-0.08865614697111618,-0.08865614697111618,-0.08865614697111618,-0.08865614697111618,0.0,0.0,-0.08865614697111601,-0.08865614697111618,0.0,-0.08865614697111601,0.0,0.0,0.0,0.0,-2.4674442870857667,3.813160190251149,-1.0927645254230485,5.1694662140484775,0.0,-4.587047703553817,0.0,0.0,-7.762065035977398,0.0,1.9421283451224371,-7.003298710489739
2024930_WZY_DM_assembly_Plate2G9,2024930_WZY_DM_assembly_Plate2,,G9,Plate2_G9,Master_mix,cycle 5,,0.9205,48 h,,"growth curve data NA, so 48 h label rather than 0: 0.05:48 was used",Ho lab/7_Shared data/16s rRNA/Raw reads/2024930_DM_assembly/Plate2,0.0,0.0021338529176658,0.0026489208633093,0.0,0.0,0.0,0.0,0.0,not_assessable,review_required,True,,-0.46206930849779676,0.0,-0.46206930849779676,0.0,-0.46206930849779676,-0.46206930849779654,-0.46206930849779676,-0.46206930849779676,-0.46206930849779676,-0.462069308497797,0.0,0.0,0.0,-0.462069308497797,0.0,-0.462069308497797,0.0,0.0,0.0,0.0,-6.647907893655939,0.7821543967104077,-4.049006201976904,-2.780358189679586,0.0,-4.999130295337338,0.0,0.0,2.223161126445167,0.0,3.2035071733445672,-2.9698359885432954
2024930_WZY_DM_assembly_Plate2G10,2024930_WZY_DM_assembly_Plate2,,G10,Plate2_G10,Master_mix,cycle 5,,0.7635,48 h,,"growth curve data NA, so 48 h label rather than 0: 0.05:48 was used",Ho lab/7_Shared data/16s rRNA/Raw reads/2024930_DM_assembly/Plate2,0.0,0.0059617775928328,0.0063729346682006,0.0,0.0,0.0,0.0,0.0,not_assessable,review_required,True,,0.01854582849252182,0.0,0.0,0.0,0.01854582849252182,0.01854582849252182,0.01854582849252182,0.018545828492521503,0.01854582849252182,0.018545828492521503,0.0,0.0,0.018545828492521503,0.01854582849252182,0.018545828492521503,0.018545828492521503,0.0,0.0,-1.0109776440219005,0.0,-0.1305592597745447,-0.35768565867204477,3.0255980910736624,0.11399718974479638,0.0,-6.002044519251976,0.0,5.472136649656681,-0.1498237731993053,0.0,6.725915947857095,-6.284917105609938
2024930_WZY_DM_assembly_Plate2G11,2024930_WZY_DM_assembly_Plate2,,G11,Plate2_G11,Master_mix,cycle 5,,0.9235,48 h,,"growth curve data NA, so 48 h label rather than 0: 0.05:48 was used",Ho lab/7_Shared data/16s rRNA/Raw reads/2024930_DM_assembly/Plate2,0.0,0.0041159981233872,0.0055313237938853,0.0,0.0,0.0,0.0,0.0,not_assessable,review_required,True,,0.3183575992509982,0.0,0.31835759925099794,0.0,0.3183575992509982,0.31835759925099794,0.2173913513185828,0.3183575992509982,0.31835759925099794,0.3183575992509982,0.0,0.0,0.31835759925099794,0.3183575992509982,0.0,0.3183575992509982,0.0,0.0,-0.2062152615857446,0.0,-6.508744647865717,-0.1461575672349207,5.381400914064665,-3.921777707723972,0.0,-5.51523990923757,0.0,0.26204138727060794,-0.12411643628886865,0.0,5.413723196485994,-6.034243034611808
2024930_WZY_DM_assembly_Plate2G12,2024930_WZY_DM_assembly_Plate2,,G12,Plate2_G12,Master_mix,cycle 5,,0.7395,48 h,,"growth curve data NA, so 48 h label rather than 0: 0.05:48 was used",Ho lab/7_Shared data/16s rRNA/Raw reads/2024930_DM_assembly/Plate2,0.0,0.006490327780763,0.0026159994626544,0.0,0.0,0.0,0.0,0.0005408606483969,not_assessable,review_required,True,,-0.504717782627323,0.0,-0.5047177826273228,0.0,-0.504717782627323,-0.504717782627323,0.0,-0.5047177826273228,-0.5047177826273228,-0.504717782627323,0.0,-0.504717782627323,-0.504717782627323,-0.5047177826273228,0.0,0.0,0.0,0.0,0.0,0.0,-5.91402943245125,0.8613368842213476,-4.1464669029551295,-5.311043249894767,0.0,-1.612423483421361,0.0,0.0,7.732952387575698,0.0,3.8863948255662812,-0.7473574088039475
2024930_WZY_DM_assembly_Plate2H1,2024930_WZY_DM_assembly_Plate2,,H1,Plate2_H1,Sialic_acid,cycle 5,,0.6325,48 h,,"growth curve data NA, so 48 h label rather than 0: 0.05:48 was used",Ho lab/7_Shared data/16s rRNA/Raw reads/2024930_DM_assembly/Plate2,0.0,0.0,0.0,0.0,0.0,0.0,0.000332051757149,0.0,not_assessable,review_required,True,,-0.7714881275802358,0.0,0.0,-0.7714881275802358,0.0,-0.7714881275802354,-0.7714881275802358,-0.7714881275802354,-0.7714881275802358,-0.7714881275802358,0.0,-0.7714881275802354,0.0,0.0,0.0,0.0,0.0,0.0,-1.2315649146826868,0.0,-2.6961593668774304,0.0311912193908481,5.056559701720135,-4.5648379831640575,0.0,2.538866965088673,0.0,0.0,7.657994592134772,0.0,1.5804794684982129,-3.028031520597546
2024930_WZY_DM_assembly_Plate2H2,2024930_WZY_DM_assembly_Plate2,,H2,Plate2_H2,Sialic_acid,cycle 5,,0.5895,48 h,,"growth curve data NA, so 48 h label rather than 0: 0.05:48 was used",Ho lab/7_Shared data/16s rRNA/Raw reads/2024930_DM_assembly/Plate2,0.0,0.0,0.0,0.0,0.0,0.0,0.0009675830939679,0.0,not_assessable,review_required,True,,-0.2378442115116639,0.0,0.0,-0.2378442115116641,-0.2378442115116641,-0.2378442115116641,-0.2378442115116641,-0.2378442115116641,-0.23784421151166427,-0.2378442115116641,0.0,-0.23784421151166427,0.0,-0.23784421151166427,-0.2378442115116641,0.0,0.0,0.0,-2.4986233932482866,0.0,-4.2718525314012945,-0.011586177676638896,-0.9651911931671302,-6.205103713546712,0.0,2.4333715385181662,0.0,0.0,8.456124539684087,0.0,3.1666006807134077,-8.254967427631305
2024930_WZY_DM_assembly_Plate2H3,2024930_WZY_DM_assembly_Plate2,,H3,Plate2_H3,Sialic_acid,cycle 5,,0.5235,48 h,,"growth curve data NA, so 48 h label rather than 0: 0.05:48 was used",Ho lab/7_Shared data/16s rRNA/Raw reads/2024930_DM_assembly/Plate2,0.0,0.0,0.0,0.0,0.0,0.0,0.0002135094285303,0.0,not_assessable,review_required,True,,-0.7457191281194128,0.0,0.0,-0.7457191281194128,0.0,-0.7457191281194124,-0.7457191281194128,-0.7457191281194128,-0.7457191281194124,-0.7457191281194124,0.0,-0.7457191281194124,0.0,-0.7457191281194124,-0.7457191281194128,0.0,0.0,0.0,-0.3471563795779097,0.0,-3.0243773881512133,0.41135968617389373,-1.7277603817929892,-1.8860224657097595,0.0,1.5086899072735667,0.0,0.0,8.53273942460294,0.0,4.033498231508714,-7.252231122157851
2024930_WZY_DM_assembly_Plate2H4,2024930_WZY_DM_assembly_Plate2,,H4,Plate2_H4,Sialic_acid,cycle 5,,0.6175,48 h,,"growth curve data NA, so 48 h label rather than 0: 0.05:48 was used",Ho lab/7_Shared data/16s rRNA/Raw reads/2024930_DM_assembly/Plate2,0.0,0.0,0.0,0.0,0.0,0.0,0.000234606095145,0.0,not_assessable,review_required,True,,0.28943135278909066,0.0,0.0,0.28943135278909093,0.0,0.28943135278909093,0.28943135278909093,0.28943135278909066,0.28943135278909093,0.0,0.0,0.28943135278909093,0.0,0.28943135278909093,0.0,0.0,0.0,0.0,-0.3515835141654979,0.0,-6.673127862531036,4.4740843224398095,-0.49743438062907935,-2.551882164651468,0.0,0.0,0.0,0.0,0.862536555939908,0.0,0.7365085053701504,-7.643072648660619
2024930_WZY_DM_assembly_Plate2H5,2024930_WZY_DM_assembly_Plate2,,H5,Plate2_H5,Sialic_acid,cycle 5,,0.6445,48 h,,"growth curve data NA, so 48 h label rather than 0: 0.05:48 was used",Ho lab/7_Shared data/16s rRNA/Raw reads/2024930_DM_assembly/Plate2,0.0,0.0,0.0,0.0,0.0,0.0,0.0006225665031951,0.0,not_assessable,review_required,True,,0.18914862741690827,0.0,0.0,0.18914862741690827,0.18914862741690855,0.18914862741690827,0.18914862741690855,0.18914862741690827,0.18914862741690827,0.18914862741690827,0.0,0.18914862741690855,0.0,0.18914862741690827,0.0,0.0,0.0,0.0,-0.9234274918732948,0.0,-7.696016995770276,-0.676916532297867,-2.7267355808682314,-2.1336451992636594,0.0,0.0,0.0,0.0,8.191125939597619,0.0,3.359043098073186,-7.829846541460056
2024930_WZY_DM_assembly_Plate2H6,2024930_WZY_DM_assembly_Plate2,,H6,Plate2_H6,Sialic_acid,cycle 5,,0.6825,48 h,,"growth curve data NA, so 48 h label rather than 0: 0.05:48 was used",Ho lab/7_Shared data/16s rRNA/Raw reads/2024930_DM_assembly/Plate2,0.0,0.0,0.0,0.0,0.0,0.0,0.00071368045289,0.0,not_assessable,review_required,True,,-0.3486834049238313,0.0,0.0,-0.3486834049238313,-0.3486834049238311,-0.3486834049238313,-0.3486834049238311,-0.3486834049238311,0.0,-0.3486834049238311,0.0,-0.3486834049238313,0.0,-0.3486834049238311,-0.3486834049238313,0.0,0.0,0.0,-2.634242367166949,0.0,-2.1731648716200103,2.1388972109858737,-0.7929401131859017,-5.413770861862017,0.0,2.4081373541205164,0.0,0.0,8.475652540027765,0.0,-0.2143393647117545,-5.125349691941698
2024930_WZY_DM_assembly_Plate2H7,2024930_WZY_DM_assembly_Plate2,low growth,H7,Plate2_H7,blank,cycle 5,,0.0945,48 h,,"growth curve data NA, so 48 h label rather than 0: 0.05:48 was used",Ho lab/7_Shared data/16s rRNA/Raw reads/2024930_DM_assembly/Plate2,0.0,0.0,0.0003704268292682,0.0,0.0,0.0,0.0,0.0,not_assessable,review_required,False,low growth,0.9987386897369476,0.9987386897369476,0.0,0.0,0.9987386897369476,0.9987386897369476,0.0,0.39024482470852734,0.9987386897369476,0.9987386897369476,0.0,0.9987386897369477,0.0,0.0,0.8052823239873712,0.0,0.0,0.0,0.0,0.0,0.0,-4.872632824708189,0.0,0.0,0.0,-0.12847172913758062,0.0,0.0,0.0,0.0,-6.928077151590444,-8.437720689954402
2024930_WZY_DM_assembly_Plate2H8,2024930_WZY_DM_assembly_Plate2,low growth,H8,Plate2_H8,blank,cycle 5,,0.1235,48 h,,"growth curve data NA, so 48 h label rather than 0: 0.05:48 was used",Ho lab/7_Shared data/16s rRNA/Raw reads/2024930_DM_assembly/Plate2,0.0,0.0,0.0002291280148423,0.0,0.0,0.0,0.0,0.0,not_assessable,review_required,False,low growth,1.1771466065275191,1.1771466065275193,0.0,0.0,1.1771466065275193,1.1771466065275193,0.0,0.0,1.1771466065275191,1.1771466065275191,0.0,0.0,0.0,0.0,1.1771466065275193,0.0,0.0,0.0,0.0,0.0,0.0,-6.651434089383443,0.0,0.0,0.0,-0.30935942138368183,0.0,0.0,0.0,0.0,-6.793175198648572,-8.428949042125435
2024930_WZY_DM_assembly_Plate2H9,2024930_WZY_DM_assembly_Plate2,low growth,H9,Plate2_H9,blank,cycle 5,,-0.0005,48 h,,"growth curve data NA, so 48 h label rather than 0: 0.05:48 was used",Ho lab/7_Shared data/16s rRNA/Raw reads/2024930_DM_assembly/Plate2,-0.0,-0.0,-0.0,-0.0,-0.0,-0.0,-0.0,-0.0,not_assessable,review_required,False,low growth,,,,,,,,,,,,,,,,,,,,,,,,,,,,,,,,
2024930_WZY_DM_assembly_Plate2H10,2024930_WZY_DM_assembly_Plate2,low growth,H10,Plate2_H10,blank,cycle 5,,0.0055,48 h,,"growth curve data NA, so 48 h label rather than 0: 0.05:48 was used",Ho lab/7_Shared data/16s rRNA/Raw reads/2024930_DM_assembly/Plate2,0.0,0.0,0.0,0.0,0.0,0.0,0.0,0.0,not_assessable,review_required,False,low growth,0.0,0.0,0.0,0.0,0.4854268271702364,0.0,0.0,0.0,0.0,0.0,0.0,0.0,0.0,0.4854268271702364,0.0,0.0,0.0,0.0,0.0,0.0,0.0,-8.158429362604469,0.0,0.0,0.0,0.0,0.0,0.0,0.0,0.0,0.0,0.0
2024930_WZY_DM_assembly_Plate2H11,2024930_WZY_DM_assembly_Plate2,low growth,H11,Plate2_H11,blank,cycle 5,,-0.0065,48 h,,"growth curve data NA, so 48 h label rather than 0: 0.05:48 was used",Ho lab/7_Shared data/16s rRNA/Raw reads/2024930_DM_assembly/Plate2,-0.0,-0.0,-0.0,-0.0,-0.0,-0.0,-0.0,-0.0,not_assessable,review_required,False,low growth,,,,,,,,,,,,,,,,,,,,,,,,,,,,,,,,
2024930_WZY_DM_assembly_Plate2H12,2024930_WZY_DM_assembly_Plate2,low growth,H12,Plate2_H12,blank,cycle 5,,0.0015,48 h,,"growth curve data NA, so 48 h label rather than 0: 0.05:48 was used",Ho lab/7_Shared data/16s rRNA/Raw reads/2024930_DM_assembly/Plate2,0.0,0.0,0.0,0.0,0.0,0.0,0.0,0.0,not_assessable,review_required,False,low growth,0.15200309344504975,0.0,0.0,0.0,0.0,0.0,0.0,0.15200309344505006,0.0,0.15200309344505006,0.0,0.0,0.0,0.0,0.15200309344505006,0.0,0.0,0.0,0.0,0.0,0.0,0.0,0.0,0.0,0.0,0.0,0.0,0.0,0.0,0.0,0.0,-6.643856189774724
