run_id,community,ratio_index,ratio,lag_mode,initial_condition,initial_ng_per_species,initial_total_ng,initial_bt,extinction_mode,hard_extinction,cycle,cycle_start_total_ng,cycle_start_bt,cycle_end_total_ng,cycle_end_bt,next_start_total_ng,next_start_bt,cycle_map_residual_log10,cycle_start_Col,cycle_end_Col,next_start_Col,cycle_start_Cs,cycle_end_Cs,next_start_Cs,cycle_start_Et,cycle_end_Et,next_start_Et,cycle_start_Eu.c,cycle_end_Eu.c,next_start_Eu.c,cycle_start_Eu.l,cycle_end_Eu.l,next_start_Eu.l,cycle_start_Im,cycle_end_Im,next_start_Im,cycle_start_Ld,cycle_end_Ld,next_start_Ld,cycle_start_Lsp,cycle_end_Lsp,next_start_Lsp,cycle_start_Mi,cycle_end_Mi,next_start_Mi,cycle_start_Va,cycle_end_Va,next_start_Va,cycle_start_Bt,cycle_end_Bt,next_start_Bt,converged_last_n,n_ng_above_threshold,final_bt_above_threshold,surviving_ng_species,final_survival_class
0,Bt_plus_all_10_NG,0,0.0,off,ng_low_bt_high,0.0001,0.001,1.0,hard_extinction,True,20,0.0034646156597684303,0.0019130364855779764,0.6927144396396767,0.38260729711559527,0.0034635721981983838,0.0019130364855779764,0.032923964481121004,0.0,0.0,0.0,4.624465490347854e-05,0.009248689703995646,4.624344851997823e-05,0.0,0.0,0.0,2.810488923472226e-05,0.005210602073754235,2.6053010368771176e-05,0.0009117149441087742,0.18246223649946305,0.0009123111824973153,0.0,0.0,0.0,0.00037010167892485667,0.07402033578497133,0.00037010167892485667,0.00039480119189592565,0.07896023837918513,0.00039480119189592565,0.0012728665850771804,0.2546585092857228,0.001273292546428614,0.00044078171562349276,0.08815382791258454,0.0004407691395629227,0.0019130364855779764,0.38260729711559527,0.0019130364855779764,False,7,True,Cs|Eu.c|Eu.l|Ld|Lsp|Mi|Va,coexistence
1,Bt_plus_all_10_NG,0,0.0,off,ng_low_bt_high,0.0001,0.001,1.0,no_extinction_control,False,20,0.0034646162432766044,0.0019130364855779764,0.6927145011733965,0.38260729711559527,0.0034635725058669822,0.0019130364855779764,0.2772975386418697,5.835065104069202e-10,6.153362931401852e-08,3.076681465700926e-10,4.624465490347854e-05,0.009248689703995646,4.624344851997823e-05,1.3978698326290628e-17,5.854411978778163e-16,2.9272059893890815e-18,2.810488923472226e-05,0.005210602073754235,2.6053010368771176e-05,0.0009117149441087742,0.18246223649946305,0.0009123111824973153,1.6497972181918719e-15,8.98545177756056e-14,4.49272588878028e-16,0.00037010167892485667,0.07402033578497133,0.00037010167892485667,0.00039480119189592565,0.07896023837918513,0.00039480119189592565,0.0012728665850771804,0.2546585092857228,0.001273292546428614,0.00044078171562349276,0.08815382791258454,0.0004407691395629227,0.0019130364855779764,0.38260729711559527,0.0019130364855779764,False,7,True,Cs|Eu.c|Eu.l|Ld|Lsp|Mi|Va,coexistence
2,Bt_plus_all_10_NG,0,0.0,off,ng_high_bt_low,0.1,1.0,0.001,hard_extinction,True,20,0.0034657780950573306,0.0019130364855779764,0.6929235911179041,0.38260729711559527,0.0034646179555895204,0.0019130364855779764,0.03401452632038815,0.0,0.0,0.0,4.6246277802327716e-05,0.00924888498479852,4.62444249239926e-05,0.0,0.0,0.0,3.039998251133563e-05,0.005621973600713116,2.810986800356558e-05,0.0009110428911251341,0.1823426118087438,0.000911713059043719,0.0,0.0,0.0,0.00037010167892485667,0.07402033578497133,0.00037010167892485667,0.00039480119189592565,0.07896023837918513,0.00039480119189592565,0.0012723902431697833,0.25457320147164664,0.0012728660073582333,0.00044079582962796746,0.08815634508784567,0.00044078172543922834,0.0019130364855779764,0.38260729711559527,0.0019130364855779764,False,7,True,Cs|Eu.c|Eu.l|Ld|Lsp|Mi|Va,coexistence
3,Bt_plus_all_10_NG,0,0.0,off,ng_high_bt_low,0.1,1.0,0.001,no_extinction_control,False,20,0.0034657794623996906,0.0019130364855779764,0.6929237353101894,0.38260729711559527,0.0034646186765509464,0.0019130364855779764,0.27767964888312946,1.367335030965839e-09,1.4419188709020997e-07,7.209594354510498e-10,4.6246277802327716e-05,0.00924888498479852,4.62444249239926e-05,8.947948668644719e-17,3.74748611411596e-15,1.8737430570579803e-17,3.039998251133563e-05,0.005621973600713116,2.810986800356558e-05,0.0009110428911251341,0.1823426118087438,0.000911713059043719,7.239383824673915e-15,3.9428563423741174e-13,1.9714281711870587e-15,0.00037010167892485667,0.07402033578497133,0.00037010167892485667,0.00039480119189592565,0.07896023837918513,0.00039480119189592565,0.0012723902431697833,0.25457320147164664,0.0012728660073582333,0.00044079582962796746,0.08815634508784567,0.00044078172543922834,0.0019130364855779764,0.38260729711559527,0.0019130364855779764,False,7,True,Cs|Eu.c|Eu.l|Ld|Lsp|Mi|Va,coexistence
4,Bt_plus_all_10_NG,0,0.0,on,ng_low_bt_high,0.0001,0.001,1.0,hard_extinction,True,20,0.003104789430003037,0.0019130364855779764,0.620717350430689,0.38260729711559527,0.0031035867521534448,0.0019130364855779764,0.008183588646709872,0.0,0.0,0.0,4.5812418595875086e-05,0.009162217713565924,4.581108856782962e-05,0.0,0.0,0.0,0.0,0.0,0.0,9.811152867617376e-05,0.01925601650177061,9.628008250885304e-05,0.0,0.0,0.0,0.0003616978326939203,0.07233956653878405,0.0003616978326939203,0.00035424013385892766,0.07084802677179027,0.00035424013385895134,0.0017991263566814134,0.3599532731140797,0.0017997663655703986,0.00044580115949672644,0.08915824979069842,0.0004457912489534921,0.0019130364855779764,0.38260729711559527,0.0019130364855779764,False,6,True,Cs|Eu.l|Ld|Lsp|Mi|Va,coexistence
5,Bt_plus_all_10_NG,0,0.0,on,ng_low_bt_high,0.0001,0.001,1.0,no_extinction_control,False,20,0.0031047928310898626,0.0019130364855779764,0.6207175346525735,0.38260729711559527,0.003103587673262868,0.0019130364855779764,0.32162372338023815,4.857612051739249e-11,4.528014624070759e-09,2.2640073120353793e-11,4.5812418595875086e-05,0.009162217713565924,4.581108856782962e-05,2.799708740605881e-21,7.620932513568741e-20,3.8104662567843705e-22,1.4038916844467101e-08,1.64148722589401e-06,8.20743612947005e-09,9.810624501428085e-05,0.019255076425308607,9.627538212654304e-05,1.6497972181918719e-15,8.98545177756056e-14,4.49272588878028e-16,0.0003616978326939203,0.07233956653878405,0.0003616978326939203,0.00035424013385892646,0.07084802677179014,0.0003542401338589507,0.0017991208070802479,0.3599527359449456,0.001799763679724728,0.0004458013063519973,0.08915826524284888,0.0004457913262142444,0.0019130364855779764,0.38260729711559527,0.0019130364855779764,False,6,True,Cs|Eu.l|Ld|Lsp|Mi|Va,coexistence
6,Bt_plus_all_10_NG,0,0.0,on,ng_high_bt_low,0.1,1.0,0.001,hard_extinction,True,20,0.0031068842472077255,0.0019130364855779764,0.6210874585096516,0.38260729711559527,0.0031054372925482586,0.0019130364855779764,0.009573666124453428,0.0,0.0,0.0,4.581420581789538e-05,0.009162434110711328,4.581217055355664e-05,0.0,0.0,0.0,0.0,0.0,0.0,0.00010130969690999328,0.01982016864697693,9.910084323488465e-05,0.0,0.0,0.0,0.0003616978326939203,0.07233956653878405,0.0003616978326939203,0.00035424013385889383,0.0708480267717852,0.000354240133858926,0.0017980037260890435,0.3597559534164131,0.0017987797670820655,0.00044581865183797905,0.08916130902498114,0.0004458065451249057,0.0019130364855779764,0.38260729711559527,0.0019130364855779764,False,6,True,Cs|Eu.l|Ld|Lsp|Mi|Va,coexistence
7,Bt_plus_all_10_NG,0,0.0,on,ng_high_bt_low,0.1,1.0,0.001,no_extinction_control,False,20,0.0031068937914703588,0.0019130364855779764,0.6210882829331403,0.38260729711559527,0.003105441414665702,0.0019130364855779764,0.3287733360985978,1.7792113617931782e-10,1.6584882559331045e-08,8.292441279665523e-11,4.581420581789538e-05,0.009162434110711328,4.581217055355664e-05,5.405423210144156e-20,1.4713803937645277e-18,7.356901968822639e-21,2.900303721466497e-08,3.3900898516815575e-06,1.6950449258407786e-08,0.00010130248213645154,0.019818888919789987,9.909444459894994e-05,7.239383824673915e-15,3.9428563423741174e-13,1.9714281711870587e-15,0.0003616978326939203,0.07233956653878405,0.0003616978326939203,0.00035424013385889,0.0708480267717849,0.00035424013385892446,0.001797990981001243,0.35975461547115517,0.001798773077355776,0.00044581897499636826,0.08916134444578641,0.0004458067222289321,0.0019130364855779764,0.38260729711559527,0.0019130364855779764,False,6,True,Cs|Eu.l|Ld|Lsp|Mi|Va,coexistence
8,Bt_plus_all_10_NG,1,0.01,off,ng_low_bt_high,0.0001,0.001,1.0,hard_extinction,True,20,0.0034791060821674786,0.0019112377861623285,0.6956091600797233,0.3822476149865651,0.003478045800398616,0.0019112380749328256,0.030138888962164323,0.0,0.0,0.0,5.948734330554909e-05,0.01189747279623907,5.948736398119535e-05,0.0,0.0,0.0,3.1253643986375525e-05,0.00583165423718018,2.91582711859009e-05,0.0009173026166518619,0.18358369393941593,0.0009179184696970796,0.0,0.0,0.0,0.00037030366561526516,0.07406074282262562,0.0003703037141131281,0.00039512872416302497,0.07902575571330035,0.00039512877856650176,0.0012626151284938587,0.2526092729956126,0.0012630463649780628,0.00044301495995154337,0.08860056757534947,0.0004430028378767473,0.0019112377861623285,0.3822476149865651,0.0019112380749328256,False,7,True,Cs|Eu.c|Eu.l|Ld|Lsp|Mi|Va,coexistence
9,Bt_plus_all_10_NG,1,0.01,off,ng_low_bt_high,0.0001,0.001,1.0,no_extinction_control,False,20,0.0034791094912707886,0.0019112377822598648,0.6956095583178804,0.3822476145304889,0.003478047791589402,0.0019112380726524444,0.2327574749121606,3.4249547580303832e-09,4.007166975200364e-07,2.003583487600182e-09,5.9487341516833945e-05,0.011897472579614052,5.948736289807026e-05,4.913063672176882e-15,2.869115870094715e-13,1.4345579350473575e-15,3.125362640979332e-05,0.005831651066516971,2.9158255332584856e-05,0.0009173026200739796,0.18358369466373853,0.0009179184733186926,1.2864310695719033e-12,1.0253555294431135e-10,5.126777647215567e-13,0.0003703036649582015,0.07406074274583532,0.0003703037137291766,0.000395128723422276,0.0790257556267301,0.0003951287781336505,0.001262615129541629,0.25260927334623917,0.0012630463667311958,0.0004430149591019729,0.08860056746968621,0.00044300283734843106,0.0019112377822598648,0.3822476145304889,0.0019112380726524444,False,7,True,Cs|Eu.c|Eu.l|Ld|Lsp|Mi|Va,coexistence
10,Bt_plus_all_10_NG,1,0.01,off,ng_high_bt_low,0.1,1.0,0.001,hard_extinction,True,20,0.0034803505963667044,0.00191123744527114,0.6958337438740322,0.3822475538250138,0.003479168719370161,0.001911237769125069,0.03132099450777481,0.0,0.0,0.0,5.94873440842238e-05,0.011897467416092856,5.9487337080464284e-05,0.0,0.0,0.0,3.372424293664562e-05,0.006275541549504481,3.137770774752241e-05,0.0009165709684847934,0.18345314719824268,0.0009172657359912134,0.0,0.0,0.0,0.0003703036083625436,0.0740607325507852,0.000370303662753926,0.00039512865993565453,0.07902574419065145,0.00039512872095325723,0.0012621064542411079,0.2525179777278746,0.001262589888639373,0.00044302931832173535,0.08860313324088091,0.0004430156662044046,0.00191123744527114,0.3822475538250138,0.001911237769125069,False,7,True,Cs|Eu.c|Eu.l|Ld|Lsp|Mi|Va,coexistence
11,Bt_plus_all_10_NG,1,0.01,off,ng_high_bt_low,0.1,1.0,0.001,no_extinction_control,False,20,0.0034803577398803327,0.0019112374370889732,0.6958345787479563,0.38224755286915346,0.003479172893739782,0.0019112377643457673,0.29444301170886966,7.167168236240798e-09,8.385422235825558e-07,4.192711117912779e-09,5.9487340691686995e-05,0.011897466996924537,5.9487334984622684e-05,2.714953387343648e-14,1.5854693242211163e-12,7.927346621105581e-15,3.372422062078796e-05,0.006275537541185045,3.137768770592523e-05,0.0009165709713919218,0.1834531479483115,0.0009172657397415575,4.512316451146619e-12,3.596559502808598e-10,1.798279751404299e-12,0.00037030360698489236,0.07406073238984531,0.00037030366194922655,0.0003951286583825311,0.07902574400921367,0.00039512872004606836,0.0012621064534774345,0.2525179779245456,0.001262589889622728,0.00044302931662337585,0.08860313303446565,0.00044301566517232824,0.0019112374370889732,0.38224755286915346,0.0019112377643457673,False,7,True,Cs|Eu.c|Eu.l|Ld|Lsp|Mi|Va,coexistence
12,Bt_plus_all_10_NG,1,0.01,on,ng_low_bt_high,0.0001,0.001,1.0,hard_extinction,True,20,0.0031188068923889687,0.0019123453450890237,0.6235265517853962,0.38246906885624854,0.0031176327589269807,0.0019123453442812426,0.007822194421695627,0.0,0.0,0.0,5.893862047160862e-05,0.011787715446049738,5.893857723024869e-05,0.0,0.0,0.0,0.0,0.0,0.0,0.00010059953005606503,0.019760764984467126,9.880382492233564e-05,0.0,0.0,0.0,0.00036156632066167675,0.0723132641000288,0.000361566320500144,0.00035403543666384597,0.07080708728266336,0.0003540354364133168,0.0017952540467975175,0.35917697650389074,0.0017958848825194538,0.00044841293773825454,0.08968074346829633,0.0004484037173414816,0.0019123453450890237,0.38246906885624854,0.0019123453442812426,False,6,True,Cs|Eu.l|Ld|Lsp|Mi|Va,coexistence
13,Bt_plus_all_10_NG,1,0.01,on,ng_low_bt_high,0.0001,0.001,1.0,no_extinction_control,False,20,0.003118810562363364,0.0019123453448819262,0.6235267567031938,0.3824690688330735,0.003117633783515969,0.0019123453441653676,0.30991989827351496,9.4446087772949e-11,9.151219026081836e-09,4.575609513040918e-11,5.893862033232039e-05,0.011787715430155115,5.8938577150775573e-05,3.206257570486289e-21,8.797115649726987e-20,4.398557824863494e-22,1.498771725786549e-08,1.7591159327645698e-06,8.795579663822849e-09,0.00010059387779984041,0.019759760644545314,9.879880322272657e-05,1.3329915909118333e-12,1.0646106953178763e-10,5.323053476589381e-13,0.0003615663206200243,0.07231326409536991,0.00036156632047684955,0.0003540354365941116,0.07080708727486501,0.00035403543637432507,0.001795248138988476,0.3591764019121602,0.001795882009560801,0.00044841308453225375,0.0896807589724854,0.00044840379486242696,0.0019123453448819262,0.3824690688330735,0.0019123453441653676,False,6,True,Cs|Eu.l|Ld|Lsp|Mi|Va,coexistence
14,Bt_plus_all_10_NG,1,0.01,on,ng_high_bt_low,0.1,1.0,0.001,hard_extinction,True,20,0.0031209433531288206,0.0019123453464248708,0.623903436269526,0.38246906912721956,0.00311951718134763,0.0019123453456360978,0.009242780845171605,0.0,0.0,0.0,5.8938704376055486e-05,0.011787723727999942,5.8938618639999705e-05,0.0,0.0,0.0,0.0,0.0,0.0,0.0001038746558847568,0.020337464730936585,0.00010168732365468292,0.0,0.0,0.0,0.00036156632092882514,0.07231326415426532,0.0003615663207713266,0.0003540354370750699,0.07080708736733286,0.00035403543683666433,0.0017940982981804324,0.358974184789128,0.00179487092394564,0.0004484299366836808,0.0896837114998633,0.00044841855749931653,0.0019123453464248708,0.38246906912721956,0.0019123453456360978,False,6,True,Cs|Eu.l|Ld|Lsp|Mi|Va,coexistence
15,Bt_plus_all_10_NG,1,0.01,on,ng_high_bt_low,0.1,1.0,0.001,no_extinction_control,False,20,0.0031209537286081396,0.00191234534592502,0.6239043398939133,0.3824690690726636,0.0031195216994695666,0.001912345345363318,0.3132572820441286,3.111543862237397e-10,3.014884414883415e-08,1.5074422074417073e-10,5.893870402561398e-05,0.011787723688354292,5.893861844177146e-05,6.176986647087447e-20,1.6948003955640685e-18,8.474001977820342e-21,3.1272856511035066e-08,3.6693281588299102e-06,1.834664079414955e-08,0.00010386681962224717,0.020336076517177552,0.00010168038258588776,4.692990961264813e-12,3.74811683579236e-10,1.87405841789618e-12,0.00036156632082824327,0.07231326414328505,0.0003615663207164253,0.0003540354369075198,0.07080708734889839,0.0003540354367444919,0.0017940845955099957,0.35897274095316145,0.0017948637047658072,0.00044843026301063176,0.08968374739122191,0.00044841873695610954,0.00191234534592502,0.3824690690726636,0.001912345345363318,False,6,True,Cs|Eu.l|Ld|Lsp|Mi|Va,coexistence
16,Bt_plus_all_10_NG,2,0.010985411419875584,off,ng_low_bt_high,0.0001,0.001,1.0,hard_extinction,True,20,0.0034803796731783044,0.0019110458344163337,0.6958636082503473,0.38220923050736855,0.003479318041251737,0.0019110461525368428,0.02987519134584371,0.0,0.0,0.0,6.064963703528709e-05,0.012129934637586236,6.0649673187931175e-05,0.0,0.0,0.0,3.157357819012875e-05,0.005894929370616008,2.9474646853080037e-05,0.0009178428250450736,0.18369208875103868,0.0009184604437551934,0.0,0.0,0.0,0.0003703238286515237,0.07406477641421119,0.00037032388207105594,0.0003951588486189565,0.07903178170341789,0.00039515890851708947,0.0012615977666999977,0.25240587415760923,0.0012620293707880461,0.00044323318893733725,0.08864422321586815,0.00044322111607934074,0.0019110458344163337,0.38220923050736855,0.0019110461525368428,False,7,True,Cs|Eu.c|Eu.l|Ld|Lsp|Mi|Va,coexistence
17,Bt_plus_all_10_NG,2,0.010985411419875584,off,ng_low_bt_high,0.0001,0.001,1.0,no_extinction_control,False,20,0.0034803837238868564,0.0019110458293386129,0.6958640862275773,0.3822092299080771,0.003479320431137887,0.0019110461495403855,0.2344659851615205,4.070243066652372e-09,4.810998980569138e-07,2.405499490284569e-09,6.0649634888763105e-05,0.01212993437693694,6.0649671884684704e-05,8.738107548195966e-15,5.272663037275486e-13,2.636331518637743e-15,3.157355553317449e-05,0.005894925282342423,2.9474626411712116e-05,0.0009178428294434287,0.18369208968135062,0.0009184604484067531,2.4675866081734848e-12,2.0419536358954418e-10,1.020976817947721e-12,0.00037032382779675024,0.07406477631332765,0.00037032388156663825,0.00039515884765591475,0.07903178158975668,0.00039515890794878343,0.0012615977680165624,0.2524058746017586,0.0012620293730087931,0.000443233187832871,0.08864422307748382,0.0004432211153874191,0.0019110458293386129,0.3822092299080771,0.0019110461495403855,False,7,True,Cs|Eu.c|Eu.l|Ld|Lsp|Mi|Va,coexistence
18,Bt_plus_all_10_NG,2,0.010985411419875584,off,ng_high_bt_low,0.1,1.0,0.001,hard_extinction,True,20,0.00348163350480791,0.0019110454565458039,0.6960899219884468,0.38220916269387234,0.003480449609942234,0.0019110458134693616,0.031067442665176692,0.0,0.0,0.0,6.064961302286191e-05,0.012129926263109707,6.064963131554853e-05,0.0,0.0,0.0,3.406381118214016e-05,0.006342431549842409,3.1712157749212046e-05,0.0009171045110224188,0.1835603262216954,0.000917801631108477,0.0,0.0,0.0,0.0003703237651970716,0.07406476502681049,0.00037032382513405243,0.00039515877746566384,0.07903176893497496,0.0003951588446748748,0.0012610854467744615,0.2523139088707743,0.0012615695443538716,0.0004432475801432921,0.08864679512123953,0.0004432339756061977,0.0019110454565458039,0.38220916269387234,0.0019110458134693616,False,7,True,Cs|Eu.c|Eu.l|Ld|Lsp|Mi|Va,coexistence
19,Bt_plus_all_10_NG,2,0.010985411419875584,off,ng_high_bt_low,0.1,1.0,0.001,no_extinction_control,False,20,0.0034816418933594443,0.0019110454460173872,0.6960909122562124,0.38220916145203027,0.003480454561281062,0.0019110458072601514,0.32240347932459024,8.416436956978506e-09,9.948028866830572e-07,4.974014433415286e-09,6.064960892910698e-05,0.012129925756937804,6.064962878468902e-05,4.739668322510273e-14,2.8599624345042564e-12,1.4299812172521282e-14,3.406378175958752e-05,0.006342426263958541,3.1712131319792704e-05,0.000917104514986747,0.18356032722138535,0.0009178016361069268,8.420067832581047e-12,6.967689164114485e-10,3.4838445820572425e-12,0.00037032376342472604,0.07406476481776123,0.00037032382408880613,0.00039515877546880186,0.07903176869944559,0.00039515884349722796,0.00126108544593331,0.2523139091416701,0.0012615695457083506,0.0004432475779527438,0.08864679485253826,0.0004432339742626913,0.0019110454460173872,0.38220916145203027,0.0019110458072601514,False,7,True,Cs|Eu.c|Eu.l|Ld|Lsp|Mi|Va,coexistence
20,Bt_plus_all_10_NG,2,0.010985411419875584,on,ng_low_bt_high,0.0001,0.001,1.0,hard_extinction,True,20,0.003120043309867517,0.0019122689844898247,0.623774376830581,0.3824537967187054,0.003118871884152905,0.001912268983593527,0.00778740601491279,0.0,0.0,0.0,6.009490557837528e-05,0.01201897502437957,6.009487512189785e-05,0.0,0.0,0.0,0.0,0.0,0.0,0.0001008457833883902,0.019810723364940285,9.905361682470143e-05,0.0,0.0,0.0,0.00036155173391053575,0.07231034674623324,0.0003615517337311662,0.0003540127589654805,0.07080255173724928,0.0003540127586862464,0.0017948702657100129,0.3591000382952439,0.0017955001914762194,0.0004486678623147226,0.08973174166253478,0.0004486587083126739,0.0019122689844898247,0.3824537967187054,0.001912268983593527,False,6,True,Cs|Eu.l|Ld|Lsp|Mi|Va,coexistence
21,Bt_plus_all_10_NG,2,0.010985411419875584,on,ng_low_bt_high,0.0001,0.001,1.0,no_extinction_control,False,20,0.003120047009175798,0.0019122689842485164,0.6237745839962985,0.38245379669194574,0.0031188729199814924,0.0019122689834597288,0.3086028068544664,1.0080733548372975e-10,9.804750439676384e-09,4.902375219838192e-11,6.009490541850926e-05,0.012018975006428444,6.009487503214222e-05,3.2488636380140676e-21,8.920885444488243e-20,4.460442722244121e-22,1.508482271920574e-08,1.7711799824003862e-06,8.85589991200193e-09,0.00010084009200468153,0.019809712205683346,9.904856102841672e-05,2.5662269404086816e-12,2.1283110844901933e-10,1.0641555422450966e-12,0.00036155173386196555,0.07231034674085075,0.00036155173370425376,0.00035401275888395216,0.07080255172821957,0.00035401275864109787,0.0017948643217282007,0.359099459948274,0.00179549729974137,0.00044866800908220753,0.08973175716927843,0.0004486587858463922,0.0019122689842485164,0.38245379669194574,0.0019122689834597288,False,6,True,Cs|Eu.l|Ld|Lsp|Mi|Va,coexistence
22,Bt_plus_all_10_NG,2,0.010985411419875584,on,ng_high_bt_low,0.1,1.0,0.001,hard_extinction,True,20,0.003122186432303151,0.001912268985978344,0.6241523692728785,0.3824537970156214,0.003120761846364393,0.001912268985078107,0.009212605111456718,0.0,0.0,0.0,6.0094967023249966e-05,0.012018980967529574,6.0094904837647874e-05,0.0,0.0,0.0,0.0,0.0,0.0,0.00010413224357981903,0.020389314088603384,0.00010194657044301692,0.0,0.0,0.0,0.0003615517342084509,0.07231034680569637,0.0003615517340284818,0.0003540127594258697,0.07080255183026268,0.00035401275915131344,0.0017937098970959725,0.3588964716790579,0.0017944823583952896,0.00044868483096978905,0.08973470390172872,0.0004486735195086436,0.001912268985978344,0.3824537970156214,0.001912268985078107,False,6,True,Cs|Eu.l|Ld|Lsp|Mi|Va,coexistence
23,Bt_plus_all_10_NG,2,0.010985411419875584,on,ng_high_bt_low,0.1,1.0,0.001,no_extinction_control,False,20,0.003122196905277526,0.0019122689853855292,0.6241532821018893,0.38245379695160486,0.0031207664105094464,0.0019122689847580242,0.3237819554726915,3.3090016994100186e-10,3.2184083413119206e-08,1.6092041706559602e-10,6.0094966613433864e-05,0.01201898092193541,6.0094904609677053e-05,6.25706512787143e-20,1.7180949261683447e-18,8.590474630841724e-21,3.151909241696149e-08,3.6996077787275244e-06,1.8498038893637623e-08,0.00010412433766395118,0.020387913723843507,0.00010193956861921754,8.787506285125221e-12,7.287954819447299e-10,3.6439774097236496e-12,0.00036155173408906275,0.07231034679280278,0.0003615517339640139,0.0003540127592262325,0.07080255180855768,0.00035401275904278843,0.0017936960912069404,0.35889501648525785,0.0017944750824262891,0.00044868515769781183,0.08973473984883441,0.0004486736992441721,0.0019122689853855292,0.38245379695160486,0.0019122689847580242,False,6,True,Cs|Eu.l|Ld|Lsp|Mi|Va,coexistence
24,Bt_plus_all_10_NG,3,0.012067926406393288,off,ng_low_bt_high,0.0001,0.001,1.0,hard_extinction,True,20,0.003481749173825612,0.0019108317662982171,0.6961372281421645,0.3821664233669016,0.003480686140710823,0.001910832116834508,0.02958773218077848,0.0,0.0,0.0,6.189943573013017e-05,0.012379897008203725,6.189948504101862e-05,0.0,0.0,0.0,3.1926953030676775e-05,0.005964852871446099,2.9824264357230494e-05,0.0009184340420761465,0.18381071298710136,0.0009190535649355068,0.0,0.0,0.0,0.00037034605388663427,0.07406922254814945,0.0003703461127407472,0.0003951915066256862,0.07903831451717211,0.00039519157258586054,0.001260478606089737,0.25218211651677674,0.0012609105825838838,0.00044347257638660125,0.08869211169331509,0.00044346055846657546,0.0019108317662982171,0.3821664233669016,0.001910832116834508,False,7,True,Cs|Eu.c|Eu.l|Ld|Lsp|Mi|Va,coexistence
25,Bt_plus_all_10_NG,3,0.012067926406393288,off,ng_low_bt_high,0.0001,0.001,1.0,no_extinction_control,False,20,0.0034817540704318666,0.00191083175957559,0.6961378124752886,0.3821664225649788,0.0034806890623764425,0.0019108321128248939,0.27956511284470587,4.918011726443336e-09,5.878554526575131e-07,2.9392772632875657e-09,6.189943320382493e-05,0.012379896697732665,6.189948348866333e-05,1.6440555397771387e-14,1.0283590115546934e-12,5.141795057773467e-15,3.1926927698584855e-05,0.005964848297905153,2.9824241489525765e-05,0.0009184340465258796,0.1838107139698508,0.000919053569849254,5.039979930645167e-12,4.3460045389264555e-10,2.1730022694632276e-12,0.0003703460527551984,0.0740692224131846,0.000370346112065923,0.0003951915053517888,0.07903831436521398,0.0003951915718260699,0.0012604786068779424,0.25218211692706305,0.0012609105846353153,0.00044347257495050077,0.08869211151325679,0.00044346055756628395,0.00191083175957559,0.3821664225649788,0.0019108321128248939,False,7,True,Cs|Eu.c|Eu.l|Ld|Lsp|Mi|Va,coexistence
26,Bt_plus_all_10_NG,3,0.012067926406393288,off,ng_high_bt_low,0.1,1.0,0.001,hard_extinction,True,20,0.0034830133965530552,0.0019108313470191708,0.6963654688827359,0.38216634810308403,0.003481827344413679,0.0019108317405154202,0.03079129119577395,0.0,0.0,0.0,6.189939058525816e-05,0.012379886012785805,6.189943006392902e-05,0.0,0.0,0.0,3.443908968244231e-05,0.006416384291362166,3.208192145681083e-05,0.0009176882827126452,0.18367759342314693,0.0009183879671157347,0.0,0.0,0.0,0.00037034598348904146,0.07406920991155072,0.0003703460495577536,0.0003951914277247348,0.0790383003548182,0.00039519150177409095,0.001259962217928085,0.2520894043179774,0.0012604470215898868,0.0004434870044308484,0.08869469057109454,0.0004434734528554727,0.0019108313470191708,0.38216634810308403,0.0019108317405154202,False,7,True,Cs|Eu.c|Eu.l|Ld|Lsp|Mi|Va,coexistence
27,Bt_plus_all_10_NG,3,0.012067926406393288,off,ng_high_bt_low,0.1,1.0,0.001,no_extinction_control,False,20,0.0034830234009796696,0.001910831333247198,0.6963666629175552,0.3821663464619031,0.0034818333145877766,0.0019108317323095155,0.3340860692770775,1.0035430547260948e-08,1.1995260774586632e-06,5.997630387293316e-09,6.189938557612887e-05,0.012379885392482137,6.189942696241068e-05,8.730119401185127e-14,5.460698191706256e-12,2.730349095853128e-14,3.443905007331103e-05,0.006416377173940464,3.208188586970232e-05,0.000917688288251822,0.18367759478634005,0.0009183879739317003,1.6664714752959197e-11,1.4370070708419538e-09,7.185035354209769e-12,0.0003703459811711616,0.07406920963533502,0.0003703460481766751,0.0003951914251149645,0.07903830004382201,0.00039519150021911003,0.0012599622170522188,0.2520894047019641,0.0012604470235098207,0.0004434870015574998,0.08869469021512623,0.00044347345107563117,0.001910831333247198,0.3821663464619031,0.0019108317323095155,False,7,True,Cs|Eu.c|Eu.l|Ld|Lsp|Mi|Va,coexistence
28,Bt_plus_all_10_NG,3,0.012067926406393288,on,ng_low_bt_high,0.0001,0.001,1.0,hard_extinction,True,20,0.0031213737904753104,0.0019121832969947886,0.6240410672347592,0.3824366592023672,0.003120205336173796,0.001912183296011836,0.00774936485640243,0.0,0.0,0.0,6.133907393937043e-05,0.01226781065400077,6.133905327000385e-05,0.0,0.0,0.0,0.0,0.0,0.0,0.00010111647090217833,0.019865638785538417,9.932819392769208e-05,0.0,0.0,0.0,0.0003615353543300661,0.07230707082664181,0.00036153535413320905,0.0003539872988792723,0.07079745971437526,0.0003539872985718763,0.0017944481316934852,0.35901541138892495,0.0017950770569446248,0.00044894746073093794,0.08978767586527794,0.0004489383793263897,0.0019121832969947886,0.3824366592023672,0.001912183296011836,False,6,True,Cs|Eu.l|Ld|Lsp|Mi|Va,coexistence
29,Bt_plus_all_10_NG,3,0.012067926406393288,on,ng_low_bt_high,0.0001,0.001,1.0,no_extinction_control,False,20,0.003121377523474311,0.0019121832967024838,0.6240412769724614,0.38243665917040864,0.003120206384862307,0.0019121832958520432,0.30713119792266497,1.0828230748529926e-10,1.057577846362149e-08,5.2878892318107455e-11,6.133907374903496e-05,0.012267810633013874,6.133905316506937e-05,3.2961710220279344e-21,9.05842453617152e-20,4.52921226808576e-22,1.5192251866651754e-08,1.7845319595429695e-06,8.922659797714848e-09,0.00010111073546446475,0.019864619947831896,9.932309973915949e-05,5.262573796583617e-12,4.549118896147192e-10,2.274559448073596e-12,0.0003615353542711757,0.07230707082020825,0.00036153535410104125,0.0003539872987800431,0.07079745970354603,0.00035398729851773017,0.0017944421479523629,0.3590148289315418,0.001795074144657709,0.0004489476074604816,0.0897876913736696,0.00044893845686834797,0.0019121832967024838,0.38243665917040864,0.0019121832958520432,False,6,True,Cs|Eu.l|Ld|Lsp|Mi|Va,coexistence
30,Bt_plus_all_10_NG,3,0.012067926406393288,on,ng_high_bt_low,0.1,1.0,0.001,hard_extinction,True,20,0.003123524903022768,0.00191218329863597,0.6244203938814414,0.3824366595254808,0.0031221019694072077,0.0019121832976274039,0.0091800742407524,0.0,0.0,0.0,6.13391174924129e-05,0.012267814772833797,6.133907386416899e-05,0.0,0.0,0.0,0.0,0.0,0.0,0.00010441641678135152,0.02044648729280788,0.00010223243646403941,0.0,0.0,0.0,0.00036153535465879155,0.07230707089138941,0.00036153535445694704,0.0003539872993889381,0.07079745981583163,0.00035398729907915814,0.0017932823137079346,0.35881092851774643,0.0017940546425887322,0.0004489644009933393,0.08979063259083232,0.0004489531629541616,0.00191218329863597,0.3824366595254808,0.0019121832976274039,False,6,True,Cs|Eu.l|Ld|Lsp|Mi|Va,coexistence
31,Bt_plus_all_10_NG,3,0.012067926406393288,on,ng_high_bt_low,0.1,1.0,0.001,no_extinction_control,False,20,0.0031235354895197288,0.0019121832978993393,0.6244213173794886,0.3824366594471382,0.003122106586897443,0.0019121832972356912,0.3344401913938899,3.5398188046411383e-10,3.4572883534138117e-08,1.7286441767069057e-10,6.133911699402904e-05,0.012267814718376745,6.133907359188373e-05,6.345855066501963e-20,1.7439462019490114e-18,8.719731009745056e-21,3.179536230035881e-08,3.7335744820710746e-06,1.8667872410355373e-08,0.00010440843152272403,0.020445073087935733,0.00010222536543967866,1.7456652844436256e-11,1.5090026959419513e-09,7.545013479709757e-12,0.0003615353545102764,0.07230707087559557,0.0003615353543779778,0.0003539872991393058,0.0707974597891407,0.00035398729894570353,0.0017932683923742561,0.35880946065131625,0.0017940473032565813,0.0004489647281783035,0.08979066860075526,0.0004489533430037763,0.0019121832978993393,0.3824366594471382,0.0019121832972356912,False,6,True,Cs|Eu.l|Ld|Lsp|Mi|Va,coexistence
32,Bt_plus_all_10_NG,4,0.013257113655901088,off,ng_low_bt_high,0.0001,0.001,1.0,hard_extinction,True,20,0.003483218629135302,0.0019105926850679692,0.6964308313154202,0.38211861428321264,0.0034821541565771014,0.0019105930714160633,0.029274634385576093,0.0,0.0,0.0,6.324053554233095e-05,0.012648119199075603,6.324059599537801e-05,0.0,0.0,0.0,3.23174409833347e-05,0.006042161436705261,3.0210807183526305e-05,0.0009190808068542506,0.18394047574648942,0.0009197023787324471,0.0,0.0,0.0,0.00037037056715434613,0.07407412640221793,0.00037037063201108964,0.00039522686060502565,0.07904538665091707,0.0003952269332545853,0.0012592472707938223,0.2519359237480778,0.0012596796187403889,0.0004437351472021916,0.08874463813193716,0.0004437231906596858,0.0019105926850679692,0.38211861428321264,0.0019105930714160633,False,7,True,Cs|Eu.c|Eu.l|Ld|Lsp|Mi|Va,coexistence
33,Bt_plus_all_10_NG,4,0.013257113655901088,off,ng_low_bt_high,0.0001,0.001,1.0,no_extinction_control,False,20,0.003483224655517733,0.0019105926759918276,0.6964315591754843,0.38211861318825396,0.0034821577958774213,0.0019105930659412697,0.3038561006803562,6.050974406333593e-09,7.322310610280354e-07,3.6611553051401768e-09,6.324053238682824e-05,0.012648118809649726,6.324059404824863e-05,3.2900095106099443e-14,2.140804950398199e-12,1.0704024751990994e-14,3.2317406406512185e-05,0.0060421551922117955,3.0210775961058978e-05,0.0009190808129891143,0.18394047709092573,0.0009197023854546286,1.1023831141544263e-11,9.94584192331844e-10,4.97292096165922e-12,0.0003703705656271461,0.07407412621797492,0.0003703706310898746,0.00039522685888677175,0.07904538644362682,0.0003952269322181341,0.0012592472719298107,0.2519359243072478,0.001259679621536239,0.00044373514526041216,0.08874463788606139,0.000443723189430307,0.0019105926759918276,0.38211861318825396,0.0019105930659412697,False,7,True,Cs|Eu.c|Eu.l|Ld|Lsp|Mi|Va,coexistence
34,Bt_plus_all_10_NG,4,0.013257113655901088,off,ng_high_bt_low,0.1,1.0,0.001,hard_extinction,True,20,0.003484494369490161,0.0019105922193617122,0.6966612058254242,0.38211853066420665,0.0034833060291271215,0.0019105926533210331,0.030490732661419884,0.0,0.0,0.0,6.324047226826041e-05,0.0126481058738958,6.3240529369479e-05,0.0,0.0,0.0,3.4853879912692046e-05,0.0064981598821754125,3.249079941087706e-05,0.0009183267684806989,0.1838058481233745,0.0009190292406168725,0.0,0.0,0.0,0.00037037048897367586,0.0740741123649833,0.0003703705618249165,0.0003952267730267359,0.07904537092703426,0.00039522685463517127,0.0012587263711694744,0.25184238401709647,0.0012592119200854823,0.00044374961565862327,0.08874722463686455,0.00044373612318432274,0.0019105922193617122,0.38211853066420665,0.0019105926533210331,False,7,True,Cs|Eu.c|Eu.l|Ld|Lsp|Mi|Va,coexistence
35,Bt_plus_all_10_NG,4,0.013257113655901088,off,ng_high_bt_low,0.1,1.0,0.001,no_extinction_control,False,20,0.003484506507274796,0.0019105922009965107,0.6966626718691046,0.38211852845195776,0.0034833133593455234,0.0019105926422597888,0.33134708339528096,1.2166565807012028e-08,1.4722516012244184e-06,7.361258006122092e-09,6.324046603253347e-05,0.012648105099865853,6.324052549932927e-05,1.7050717626886185e-13,1.1094871951077644e-11,5.547435975538822e-14,3.48538253188957e-05,0.006498150070080202,3.249075035040101e-05,0.0009183267764257785,0.18380585003015903,0.0009190292501507952,3.515756107913823e-11,3.1719571010476447e-09,1.5859785505238224e-11,0.0003703704858834057,0.07407411199273646,0.0003703705599636823,0.00039522676954979215,0.07904537050821585,0.0003952268525410792,0.0012587263703557289,0.2518423845777437,0.0012592119228887187,0.00044374961181478607,0.08874722415565031,0.00044373612077825157,0.0019105922009965107,0.38211852845195776,0.0019105926422597888,False,7,True,Cs|Eu.c|Eu.l|Ld|Lsp|Mi|Va,coexistence
36,Bt_plus_all_10_NG,4,0.013257113655901088,on,ng_low_bt_high,0.0001,0.001,1.0,hard_extinction,True,20,0.00312280253133622,0.001912086957548989,0.6243274677567404,0.3824173912965738,0.0031216373387837016,0.0019120869564828692,0.007707788268833227,0.0,0.0,0.0,6.267511295662458e-05,0.01253501990026647,6.267509950133235e-05,0.0,0.0,0.0,0.0,0.0,0.0,0.0001014140159531619,0.01992600285726962,9.963001428634811e-05,0.0,0.0,0.0,0.0003615169251401401,0.07230338498529418,0.0003615169249264709,0.0003539586586902969,0.0707917316711623,0.0003539586583558115,0.0017939837268489117,0.35892231040654615,0.0017946115520327307,0.0004492540917470842,0.0898490179362017,0.0004492450896810085,0.001912086957548989,0.3824173912965738,0.0019120869564828692,False,6,True,Cs|Eu.l|Ld|Lsp|Mi|Va,coexistence
37,Bt_plus_all_10_NG,4,0.013257113655901088,on,ng_low_bt_high,0.0001,0.001,1.0,no_extinction_control,False,20,0.003122806304601731,0.0019120869571671404,0.6243276805769107,0.3824173912556461,0.0031216384028845538,0.0019120869562782306,0.3054871047244596,1.1712358555837667e-10,1.1491749776452819e-08,5.74587488822641e-11,6.26751127160795e-05,0.012535019874231898,6.267509937115949e-05,3.3487468619137968e-21,9.211417552569635e-20,4.605708776284817e-22,1.5311180355733246e-08,1.7993196614011513e-06,8.996598307005757e-09,0.00010140823046166431,0.019924975294085254,9.962487647042627e-05,1.1561912970517812e-11,1.045968996587446e-09,5.2298449829372305e-12,0.0003615169250631142,0.07230338497704439,0.00036151692488522194,0.0003539586585598727,0.07079173165721302,0.00035395865828606506,0.001793977699516133,0.3589217234726144,0.0017946086173630722,0.0004492542384190135,0.0898490334443416,0.000449245167221708,0.0019120869571671404,0.3824173912556461,0.0019120869562782306,False,6,True,Cs|Eu.l|Ld|Lsp|Mi|Va,coexistence
38,Bt_plus_all_10_NG,4,0.013257113655901088,on,ng_high_bt_low,0.1,1.0,0.001,hard_extinction,True,20,0.003124963281142296,0.0019120869593401606,0.6247084100044813,0.38241739164579236,0.0031235420500224063,0.0019120869582289618,0.009145119855772599,0.0,0.0,0.0,6.267514268546015e-05,0.012535022641847058,6.267511320923529e-05,0.0,0.0,0.0,0.0,0.0,0.0,0.0001047301049304672,0.020509563353384167,0.00010254781676692084,0.0,0.0,0.0,0.00036151692549920146,0.07230338505531665,0.00036151692527658326,0.0003539586592484913,0.07079173178104972,0.0003539586589052486,0.0017928114417607127,0.358716737490143,0.001793583687450715,0.0004492710070179632,0.0898519696827407,0.0004492598484137035,0.0019120869593401606,0.38241739164579236,0.0019120869582289618,False,6,True,Cs|Eu.l|Ld|Lsp|Mi|Va,coexistence
39,Bt_plus_all_10_NG,4,0.013257113655901088,on,ng_high_bt_low,0.1,1.0,0.001,no_extinction_control,False,20,0.003124974011058134,0.0019120869583443697,0.6247093474456548,0.3824173915418364,0.0031235467372282746,0.001912086957709182,0.3309106137851874,3.81121171825017e-10,3.7394229021493396e-08,1.8697114510746698e-10,6.267514207877335e-05,0.012535022576121893,6.267511288060946e-05,6.444380401443858e-20,1.7726594847376765e-18,8.863297423688383e-21,3.2106200580552525e-08,3.771782826173092e-06,1.8858914130865458e-08,0.00010472203798068188,0.020508134909397846,0.00010254067454698923,3.6975244213056825e-11,3.345030347165936e-09,1.672515173582968e-11,0.00036151692529817,0.072303385034333,0.000361516925171665,0.00035395865890854353,0.07079173174541989,0.0003539586587270994,0.0017927973877316246,0.3587152548874136,0.0017935762744370682,0.00044927133476334384,0.08985200577088308,0.0004492600288544154,0.0019120869583443697,0.3824173915418364,0.001912086957709182,False,6,True,Cs|Eu.l|Ld|Lsp|Mi|Va,coexistence
40,Bt_plus_all_10_NG,5,0.014563484775012436,off,ng_low_bt_high,0.0001,0.001,1.0,hard_extinction,True,20,0.0034847915636609206,0.0019103252406338241,0.6967451263500725,0.38206513331095215,0.0034837256317503625,0.0019103256665547609,0.028933924782592157,0.0,0.0,0.0,6.467633460882775e-05,0.012935280930083476,6.467640465041738e-05,0.0,0.0,0.0,3.274913000025876e-05,0.006127676609391405,3.063838304695702e-05,0.0009197880007910143,0.18408235431509348,0.0009204117715754675,0.0,0.0,0.0,0.0003703976235039211,0.07407953899845637,0.0003703976949922819,0.000395265071592831,0.07905303032503791,0.00039526515162518957,0.0012578922859430993,0.2516649993084934,0.001258324996542467,0.0004440231172209681,0.08880224586351639,0.0004440112293175819,0.0019103252406338241,0.38206513331095215,0.0019103256665547609,False,7,True,Cs|Eu.c|Eu.l|Ld|Lsp|Mi|Va,coexistence
41,Bt_plus_all_10_NG,5,0.014563484775012436,off,ng_low_bt_high,0.0001,0.001,1.0,no_extinction_control,False,20,0.003484799133944061,0.0019103252280882523,0.6967460527299241,0.3820651317794854,0.003483730263649621,0.0019103256588974271,0.3066407132004638,7.593504471206815e-09,9.313837399214128e-07,4.656918699607064e-09,6.467633057807846e-05,0.012935280429991938,6.46764021499597e-05,7.043967155235275e-14,4.786694580228555e-12,2.3933472901142774e-14,3.2749081525532826e-05,0.006127667852230321,3.06383392611516e-05,0.000919788009497482,0.18408235620648386,0.0009204117810324193,2.597837396643356e-11,2.463207792592443e-09,1.2316038962962215e-11,0.0003703976213934176,0.07407953874082432,0.0003703976937041216,0.0003952650692201392,0.07905303003540345,0.00039526515017701726,0.0012578922876441332,0.251665000093792,0.00125832500046896,0.00044402311453199303,0.08880224551946382,0.0004440112275973191,0.0019103252280882523,0.3820651317794854,0.0019103256588974271,False,7,True,Cs|Eu.c|Eu.l|Ld|Lsp|Mi|Va,coexistence
42,Bt_plus_all_10_NG,5,0.014563484775012436,off,ng_high_bt_low,0.1,1.0,0.001,hard_extinction,True,20,0.0034860799412132406,0.0019103247228298523,0.6969778402625468,0.3820650403141264,0.003484889201312734,0.001910325201570632,0.03016380879545899,0.0,0.0,0.0,6.467625571318151e-05,0.01293526550136005,6.467632750680025e-05,0.0,0.0,0.0,3.531228309701441e-05,0.0065885824262608365,3.294291213130418e-05,0.000919024827419975,0.18394606353310355,0.0009197303176655178,0.0,0.0,0.0,0.00037039753659129414,0.07407952338946835,0.00037039761694734175,0.00039526497428850983,0.07905301285050623,0.00039526506425253114,0.001257366435687275,0.2515705521356567,0.0012578527606782837,0.0004440376284159907,0.08880484042619104,0.0004440242021309552,0.0019103247228298523,0.3820650403141264,0.001910325201570632,False,7,True,Cs|Eu.c|Eu.l|Ld|Lsp|Mi|Va,coexistence
43,Bt_plus_all_10_NG,5,0.014563484775012436,off,ng_high_bt_low,0.1,1.0,0.001,no_extinction_control,False,20,0.0034860949627655764,0.0019103246977448265,0.6969796788120143,0.3820650372587891,0.003484898394060071,0.0019103251862939456,0.3181957244228517,1.5019947958050205e-08,1.8422307776072257e-06,9.211153888036128e-09,6.467624780836929e-05,0.012935264515822097,6.467632257911048e-05,3.550206376035953e-13,2.412524006849629e-11,1.2062620034248144e-13,3.5312225864390643e-05,0.006588572128795231,3.2942860643976154e-05,0.0009190248331319558,0.18394606520805254,0.0009197303260402627,7.947360842576034e-11,7.535488533731535e-09,3.7677442668657674e-11,0.0003703975323712404,0.07407952287547512,0.0003703976143773756,0.00039526496954405554,0.07905301227265338,0.0003952650613632669,0.0012573664310069899,0.25157055224093117,0.0012578527612046558,0.00044403762326198796,0.08880483977989338,0.0004440241988994669,0.0019103246977448265,0.3820650372587891,0.0019103251862939456,False,7,True,Cs|Eu.c|Eu.l|Ld|Lsp|Mi|Va,coexistence
44,Bt_plus_all_10_NG,5,0.014563484775012436,on,ng_low_bt_high,0.0001,0.001,1.0,hard_extinction,True,20,0.0031243332916731097,0.0019119784146461138,0.6246343360808598,0.38239568270041413,0.0031231716804042994,0.0019119784135020706,0.007662374042403108,0.0,0.0,0.0,6.410665010882215e-05,0.012821328350642256,6.410664175321128e-05,0.0,0.0,0.0,0.0,0.0,0.0,0.00010174107717168403,0.019992354910017152,9.996177455008576e-05,0.0,0.0,0.0,0.0003614961453192004,0.07229922901794789,0.0003614961450897394,0.0003539263722581659,0.07078527437964438,0.0003539263718982219,0.0017934727085200646,0.3588198648458356,0.001794099324229178,0.00044959033829517284,0.08991628457677257,0.00044958142288386286,0.0019119784146461138,0.38239568270041413,0.0019119784135020706,False,6,True,Cs|Eu.l|Ld|Lsp|Mi|Va,coexistence
45,Bt_plus_all_10_NG,5,0.014563484775012436,on,ng_low_bt_high,0.0001,0.001,1.0,no_extinction_control,False,20,0.0031243371174788934,0.0019119784140738027,0.6246345530303965,0.3823956826402803,0.0031231727651519826,0.0019119784132014014,0.30627674251233294,1.27655994622343e-10,1.2588195196959522e-08,6.294097598479761e-11,6.410664977480556e-05,0.012821328314992591,6.410664157496296e-05,3.407234962443185e-21,9.38178182885287e-20,4.690890914426435e-22,1.5442932893797818e-08,1.8157098599171278e-06,9.078549299585639e-09,0.00010173523400053014,0.019991317289186357,9.995658644593179e-05,2.7380031590028437e-11,2.603923288078895e-09,1.3019616440394476e-11,0.0003614961452036157,0.07229922900581064,0.00036149614502905316,0.00035392637206161986,0.07078527435902747,0.00035392637179513733,0.0017934666335986142,0.3588192730789332,0.001794096365394666,0.0004495904848707884,0.08991630008046789,0.0004495815004023394,0.0019119784140738027,0.3823956826402803,0.0019119784132014014,False,6,True,Cs|Eu.l|Ld|Lsp|Mi|Va,coexistence
46,Bt_plus_all_10_NG,5,0.014563484775012436,on,ng_high_bt_low,0.1,1.0,0.001,hard_extinction,True,20,0.0031265057528739627,0.0019119784165812096,0.625017249334349,0.38239568307519495,0.0031250862466717455,0.0019119784153759747,0.009107726356018642,0.0,0.0,0.0,6.41066695926651e-05,0.012821330096707611,6.410665048353806e-05,0.0,0.0,0.0,0.0,0.0,0.0,0.00010507664213023583,0.0205791984443983,0.0001028959922219915,0.0,0.0,0.0,0.0003614961457074454,0.07229922909314816,0.0003614961454657408,0.00035392637286304574,0.07078527449781183,0.00035392637248905914,0.0017922926884272458,0.35861298495117583,0.001793064924755879,0.0004496072341533244,0.08991923225110734,0.0004495961612555367,0.0019119784165812096,0.38239568307519495,0.0019119784153759747,False,6,True,Cs|Eu.l|Ld|Lsp|Mi|Va,coexistence
47,Bt_plus_all_10_NG,5,0.014563484775012436,on,ng_high_bt_low,0.1,1.0,0.001,no_extinction_control,False,20,0.0031265166638585256,0.0019119784150347134,0.6250182040185298,0.3823956829159617,0.0031250910200926497,0.0019119784145798086,0.31723269459639525,4.1323443080406217e-10,4.074913888303401e-08,2.0374569441517007e-10,6.410666872263492e-05,0.012821330003617792,6.410665001808897e-05,6.553800158656345e-20,1.8045812526284694e-18,9.022906263142347e-21,3.2457044283691535e-08,3.814897252893165e-06,1.9074486264465827e-08,0.00010506847276227364,0.02057775214084842,0.0001028887607042421,8.393852438615155e-11,7.982801439795271e-09,3.991400719897636e-11,0.0003614961453949158,0.07229922906097165,0.00036149614530485826,0.0003539263723320383,0.07078527444297379,0.00035392637221486897,0.0017922784879686512,0.3586114863244404,0.001793057431622202,0.0004496075624607726,0.0899192684164846,0.00044959634208242296,0.0019119784150347134,0.3823956829159617,0.0019119784145798086,False,6,True,Cs|Eu.l|Ld|Lsp|Mi|Va,coexistence
48,Bt_plus_all_10_NG,6,0.015998587196060583,off,ng_low_bt_high,0.0001,0.001,1.0,hard_extinction,True,20,0.0034864707972816432,0.0019100255430537175,0.6970806822209602,0.382005202542396,0.003485403411104801,0.0019100260127119801,0.02856354319503218,0.0,0.0,0.0,6.620969841983991e-05,0.013241955381583778,6.620977690791889e-05,0.0,0.0,0.0,3.322657273321805e-05,0.0062223150751090014,3.111157537554501e-05,0.0009205608563796299,0.18423739582061588,0.0009211869791030794,0.0,0.0,0.0,0.00037042751225757837,0.07408551821478723,0.00037042759107393616,0.0003953062956078136,0.07906127675783965,0.0003953063837891983,0.0012564009502740257,0.251366800861643,0.0012568340043082149,0.00044433891160953787,0.08886542010938159,0.00044432710054690793,0.0019100255430537175,0.382005202542396,0.0019100260127119801,False,7,True,Cs|Eu.c|Eu.l|Ld|Lsp|Mi|Va,coexistence
49,Bt_plus_all_10_NG,6,0.015998587196060583,off,ng_low_bt_high,0.0001,0.001,1.0,no_extinction_control,False,20,0.0034864805391567988,0.001910025525175131,0.6970818918499218,0.382005200333529,0.003485409459249609,0.0019100260016676452,0.2940576190905002,9.736601650349642e-09,1.212074481986441e-06,6.0603724099322055e-09,6.620969312489754e-05,0.01324195472006559,6.620977360032795e-05,1.6238921059474032e-13,1.157354061867559e-11,5.786770309337795e-14,3.322652046270491e-05,0.00622230562298092,3.11115281149046e-05,0.0009205608638315191,0.18423739761709088,0.0009211869880854543,6.637561702007228e-11,6.646602778794713e-09,3.3233013893973565e-11,0.00037042750925062506,0.07408551784328755,0.0003704275892164378,0.0003953062922301157,0.07906127634054144,0.0003953063817027072,0.0012564009492465951,0.2513668013423617,0.0012568340067118087,0.0004443389078706847,0.08886541963093536,0.0004443270981546768,0.001910025525175131,0.382005200333529,0.0019100260016676452,False,7,True,Cs|Eu.c|Eu.l|Ld|Lsp|Mi|Va,coexistence
50,Bt_plus_all_10_NG,6,0.015998587196060583,off,ng_high_bt_low,0.1,1.0,0.001,hard_extinction,True,20,0.003487772854499524,0.001910024966772949,0.6973159273442981,0.3820050990168468,0.003486579636721491,0.0019100254950842341,0.029808410114771533,0.0,0.0,0.0,6.62096055508929e-05,0.0132419379815981,6.620968990799051e-05,0.0,0.0,0.0,3.5818730176860525e-05,0.006688546799206244,3.344273399603122e-05,0.0009197877071717181,0.18409928942574005,0.0009204964471287003,0.0,0.0,0.0,0.00037042741554568006,0.0740855008414881,0.0003704275042074405,0.000395306187399861,0.0790612573202021,0.0003953062866010105,0.0012558697429520568,0.2512713722043518,0.001256356861021759,0.00044435346570245444,0.0888680227717118,0.00044434011385855897,0.001910024966772949,0.3820050990168468,0.0019100254950842341,False,7,True,Cs|Eu.c|Eu.l|Ld|Lsp|Mi|Va,coexistence
51,Bt_plus_all_10_NG,6,0.015998587196060583,off,ng_high_bt_low,0.1,1.0,0.001,no_extinction_control,False,20,0.0034877918604306283,0.0019100249313917478,0.6973182867883184,0.3820050946605768,0.003486591433941592,0.001910025473302884,0.2982185922945675,1.8911702587711595e-08,2.3541767245517104e-06,1.1770883622758552e-08,6.620959552308415e-05,0.013241936712823052,6.620968356411525e-05,7.926222691140367e-13,5.649043847395156e-11,2.824521923697578e-13,3.581866763415499e-05,0.006688535531090298,3.344267765545149e-05,0.0009197877097934901,0.18409929080327855,0.0009204964540163928,1.934893557783232e-10,1.9375246570277117e-08,9.687623285138559e-11,0.0003704274095948516,0.07408550010881063,0.00037042750054405314,0.0003953061807150553,0.07906125649717455,0.00039530628248587275,0.0012558697326563117,0.25127137165785035,0.0012563568582892517,0.00044435345852911467,0.0888680218688295,0.0004443401093441475,0.0019100249313917478,0.3820050946605768,0.001910025473302884,False,7,True,Cs|Eu.c|Eu.l|Ld|Lsp|Mi|Va,coexistence
52,Bt_plus_all_10_NG,6,0.015998587196060583,on,ng_low_bt_high,0.0001,0.001,1.0,hard_extinction,True,20,0.003125969219618457,0.0019118558437782901,0.6249623084077658,0.38237116851267905,0.003124811542038829,0.0019118558425633952,0.0076127948097544085,0.0,0.0,0.0,6.563682224524248e-05,0.01312736346777301,6.563681733886505e-05,0.0,0.0,0.0,0.0,0.0,0.0,0.00010210055564974125,0.02006528378522756,0.0001003264189261378,0.0,0.0,0.0,0.0003614726604508857,0.07229453204140365,0.0003614726602070183,0.0003538898908626055,0.07077797809588303,0.00035388989047941517,0.0017929102602633619,0.3587071091520829,0.0017935355457604147,0.0004499590301466203,0.08999004186539566,0.00044995020932697834,0.0019118558437782901,0.38237116851267905,0.0019118558425633952,False,6,True,Cs|Eu.l|Ld|Lsp|Mi|Va,coexistence
53,Bt_plus_all_10_NG,6,0.015998587196060583,on,ng_low_bt_high,0.0001,0.001,1.0,no_extinction_control,False,20,0.0031259731352435115,0.0019118558427202387,0.6249625337397586,0.38237116840189883,0.0031248126686987928,0.001911855842009494,0.30160053754413774,1.4030161280063426e-10,1.3911610375258969e-08,6.955805187629485e-11,6.563682172528412e-05,0.013127363412045063,6.563681706022531e-05,3.472366968920716e-21,9.571702488254662e-20,4.785851244127331e-22,1.558900475029052e-08,1.8338910906691694e-06,9.169455453345848e-09,0.00010209465731122635,0.02006423656574385,0.00010032118282871925,7.033426455891879e-11,7.066470299155729e-09,3.5332351495778645e-11,0.0003614726602371455,0.07229453201903112,0.0003614726600951556,0.00035388989049913995,0.07077797805785083,0.00035388989028925413,0.00179290412922959,0.35870651145038174,0.0017935325572519087,0.00044995917660049773,0.08999005736553461,0.00044995028682767306,0.0019118558427202387,0.38237116840189883,0.001911855842009494,False,6,True,Cs|Eu.l|Ld|Lsp|Mi|Va,coexistence
54,Bt_plus_all_10_NG,6,0.015998587196060583,on,ng_high_bt_low,0.1,1.0,0.001,hard_extinction,True,20,0.0031281560035214427,0.0019118558458478727,0.6253476412433858,0.3823711689119996,0.0031267382062169294,0.0019118558445599982,0.009067926812390326,0.0,0.0,0.0,6.563683441895288e-05,0.01312736452253074,6.56368226126537e-05,0.0,0.0,0.0,0.0,0.0,0.0,0.00010545977845431878,0.020656128346527695,0.00010328064173263848,0.0,0.0,0.0,0.0003614726608665005,0.07229453212158936,0.0003614726606079468,0.0003538898915112552,0.07077797822202832,0.0003538898911101416,0.0017917209232886982,0.35849865117523977,0.0017924932558761987,0.0004499759149817172,0.08999298685547,0.00044996493427735,0.0019118558458478727,0.3823711689119996,0.0019118558445599982,False,6,True,Cs|Eu.l|Ld|Lsp|Mi|Va,coexistence
55,Bt_plus_all_10_NG,6,0.015998587196060583,on,ng_high_bt_low,0.1,1.0,0.001,no_extinction_control,False,20,0.003128167186680508,0.0019118558429366494,0.625348622641654,0.3823711686104367,0.00312674311320827,0.0019118558430521835,0.3037405630870271,4.5149557373462555e-10,4.476802025604368e-08,2.238401012802184e-10,6.563683301661072e-05,0.013127364371989416,6.563682185994707e-05,6.675431827281798e-20,1.8401064205038017e-18,9.200532102519009e-21,3.2854443573955e-08,3.863717730002382e-06,1.9318588650011913e-08,0.0001054514907952207,0.02065466141855872,0.0001032733070927936,2.0528414325671975e-10,2.0624830029152627e-08,1.0312415014576314e-10,0.0003614726602782186,0.07229453206064868,0.0003614726603032434,0.00035388989051173854,0.07077797811826185,0.0003538898905913093,0.001791706557047458,0.35849713446704273,0.0017924856723352137,0.0004499762438079705,0.0899930230945724,0.000449965115472862,0.0019118558429366494,0.3823711686104367,0.0019118558430521835,False,6,True,Cs|Eu.l|Ld|Lsp|Mi|Va,coexistence
56,Bt_plus_all_10_NG,7,0.017575106248547922,off,ng_low_bt_high,0.0001,0.001,1.0,hard_extinction,True,20,0.003488258256092129,0.0019096890561825092,0.6974378902777651,0.3819379148376847,0.0034871894513888255,0.0019096895741884234,0.02816138256478773,0.0,0.0,0.0,6.784280832688589e-05,0.013568578909757186,6.784289454878594e-05,0.0,0.0,0.0,3.375489570466966e-05,0.00632710996699627,3.1635549834981355e-05,0.0009214049443507606,0.184406714872336,0.00092203357436168,0.0,0.0,0.0,0.0003704605632542831,0.07409213003390881,0.00037046065016954404,0.0003953506789192724,0.0790701552192287,0.00039535077609614345,0.0012547591797645583,0.2510385091170243,0.0012551925455851216,0.0004446851857716991,0.08893469215851386,0.00044467346079256933,0.0019096890561825092,0.3819379148376847,0.0019096895741884234,False,7,True,Cs|Eu.c|Eu.l|Ld|Lsp|Mi|Va,coexistence
57,Bt_plus_all_10_NG,7,0.017575106248547922,off,ng_low_bt_high,0.0001,0.001,1.0,no_extinction_control,False,20,0.0034882711345408583,0.0019096890295677035,0.6974395140760812,0.3819379115110458,0.0034871975703804057,0.001909689557555229,0.2723551578896952,1.2780240034630924e-08,1.6170488663930472e-06,8.085244331965236e-09,6.784280117353475e-05,0.013568578004336869,6.784289002168434e-05,4.059075954860015e-13,3.048321139514916e-11,1.5241605697574581e-13,3.375482421576669e-05,0.006327097031414557,3.1635485157072785e-05,0.0009214049535859699,0.1844067171992912,0.000922033585996456,1.850523672250756e-10,1.9675132741127285e-08,9.837566370563642e-11,0.00037046055877907263,0.07409212947454938,0.0003704606473727469,0.00039535067389677317,0.07907015459147414,0.0003953507729573707,0.001254759176954812,0.2510385095757129,0.0012551925478785644,0.0004446851802366197,0.08893469144481975,0.00044467345722409873,0.0019096890295677035,0.3819379115110458,0.001909689557555229,False,7,True,Cs|Eu.c|Eu.l|Ld|Lsp|Mi|Va,coexistence
58,Bt_plus_all_10_NG,7,0.017575106248547922,off,ng_high_bt_low,0.1,1.0,0.001,hard_extinction,True,20,0.003489574805273882,0.0019096884143163578,0.6976758167567962,0.3819377995008661,0.0034883790837839813,0.0019096889975043305,0.02942223500795027,0.0,0.0,0.0,6.784270331661796e-05,0.013568559672147252,6.784279836073626e-05,0.0,0.0,0.0,3.6377923069129224e-05,0.006799009688001623,3.399504844000811e-05,0.0009206210810271771,0.18426665873361603,0.0009213332936680802,0.0,0.0,0.0,0.0003704604555538527,0.0740921106817359,0.00037046055340867953,0.000395350558498119,0.07907013358221263,0.00039535066791106314,0.0012542223049021156,0.2509420421552194,0.0012547102107760971,0.0004446997789068701,0.08893730224386337,0.00044468651121931684,0.0019096884143163578,0.3819377995008661,0.0019096889975043305,False,7,True,Cs|Eu.c|Eu.l|Ld|Lsp|Mi|Va,coexistence
59,Bt_plus_all_10_NG,7,0.017575106248547922,off,ng_high_bt_low,0.1,1.0,0.001,no_extinction_control,False,20,0.0034895995074745063,0.0019096883619557842,0.697678929926298,0.38193779298758596,0.00348839464963149,0.0019096889649379298,0.27366058616670763,2.4327552755632117e-08,3.0779772027882485e-06,1.5389886013941243e-08,6.784268944193477e-05,0.013568557910420146,6.784278955210073e-05,1.9092336241626497e-12,1.4338118654589627e-10,7.169059327294814e-13,3.6377850358697236e-05,0.006798996566136194,3.399498283068097e-05,0.0009206210790249982,0.18426665969533176,0.0009213332984766588,5.098439164265013e-10,5.420735775456607e-08,2.7103678877283036e-10,0.0003704604467492513,0.07409210958652639,0.0003704605479326319,0.0003953505486163221,0.0790701323530394,0.00039535066176519704,0.0012542222855836318,0.25094204057304,0.0012547102028652,0.0004446997683937657,0.08893730091386236,0.0004446865045693118,0.0019096883619557842,0.38193779298758596,0.0019096889649379298,False,7,True,Cs|Eu.c|Eu.l|Ld|Lsp|Mi|Va,coexistence
60,Bt_plus_all_10_NG,7,0.017575106248547922,on,ng_low_bt_high,0.0001,0.001,1.0,hard_extinction,True,20,0.0031277126890615434,0.0019117170895942273,0.6253118661693118,0.3823434176635521,0.0031265593308465595,0.0019117170883177605,0.007558717999110787,0.0,0.0,0.0,6.726812835390446e-05,0.0134536251312388,6.7268125656194e-05,0.0,0.0,0.0,0.0,0.0,0.0,0.00010249566042219882,0.02014543992531443,0.00010072719962657215,0.0,0.0,0.0,0.00036144605133979713,0.07228921021666818,0.00036144605108334087,0.0003538485655950916,0.07076971303831252,0.0003538485651915626,0.0017922910132731735,0.3585829673730476,0.0017929148368652382,0.00045036327007737795,0.0900709104847303,0.0004503545524236515,0.0019117170895942273,0.3823434176635521,0.0019117170883177605,False,6,True,Cs|Eu.l|Ld|Lsp|Mi|Va,coexistence
61,Bt_plus_all_10_NG,7,0.017575106248547922,on,ng_low_bt_high,0.0001,0.001,1.0,no_extinction_control,False,20,0.0031277167728477637,0.0019117170870965377,0.625312107971323,0.3823434173945714,0.0031265605398566147,0.001911717086972857,0.29931282563445016,1.556149310473906e-10,1.5523540137908653e-08,7.761770068954327e-11,6.726812735445574e-05,0.013453625021759449,6.726812510879724e-05,3.544974806912244e-21,9.783671909580263e-20,4.891835954790131e-22,1.575108662304025e-08,1.854076889807301e-06,9.270384449036506e-09,0.00010248968513775068,0.02014437928173517,0.00010072189640867586,1.9724699598738424e-10,2.1049083697826858e-08,1.0524541848913428e-10,0.000361446050835911,0.07228921016240775,0.00036144605081203873,0.0003538485647439043,0.07076971294664536,0.0003538485647332268,0.001792284824695929,0.3585823639632077,0.0017929118198160385,0.0004503634161312627,0.09007092594605388,0.00045035462973026943,0.0019117170870965377,0.3823434173945714,0.001911717086972857,False,6,True,Cs|Eu.l|Ld|Lsp|Mi|Va,coexistence
62,Bt_plus_all_10_NG,7,0.017575106248547922,on,ng_high_bt_low,0.1,1.0,0.001,hard_extinction,True,20,0.0031299170667757467,0.001911717091785145,0.6257001815751179,0.3823434180858139,0.003128500907875589,0.0019117170904290695,0.009025831201589618,0.0,0.0,0.0,6.726813548047334e-05,0.01345362572276388,6.72681286138194e-05,0.0,0.0,0.0,0.0,0.0,0.0,0.00010588376572612123,0.020741183933084387,0.00010370591966542194,0.0,0.0,0.0,0.0003614460517802368,0.07228921030153489,0.00036144605150767445,0.00035384856628344725,0.07076971317195807,0.00035384856585979037,0.0017910903917519644,0.3583725936726416,0.0017918629683632082,0.0004503801557535036,0.09007385477313498,0.0004503692738656749,0.001911717091785145,0.3823434180858139,0.0019117170904290695,False,6,True,Cs|Eu.l|Ld|Lsp|Mi|Va,coexistence
63,Bt_plus_all_10_NG,7,0.017575106248547922,on,ng_high_bt_low,0.1,1.0,0.001,no_extinction_control,False,20,0.0031299287632098353,0.0019117170850286077,0.6257012170943301,0.38234341736085803,0.0031285060854716507,0.0019117170868042902,0.3012161601982388,4.974221629885972e-10,4.962085552887697e-08,2.4810427764438487e-10,6.726813287688161e-05,0.013453625435355146,6.726812717677574e-05,6.8107814324848e-20,1.8796875751118572e-18,9.398437875559286e-21,3.3306298737947025e-08,3.919208768835427e-06,1.9596043844177135e-08,0.00010587535212743276,0.0207396950607569,0.0001036984753037845,5.435007851500576e-10,5.7999106533175857e-08,2.8999553266587927e-10,0.0003614460504170801,0.07228921015526196,0.00036144605077630983,0.00035384856398241104,0.07076971292473552,0.0003538485646236776,0.0017910758317816345,0.358371055633435,0.001791855278167175,0.00045038048480270927,0.09007389105605466,0.00045036945528027333,0.0019117170850286077,0.38234341736085803,0.0019117170868042902,False,6,True,Cs|Eu.l|Ld|Lsp|Mi|Va,coexistence
64,Bt_plus_all_10_NG,8,0.019306977288832496,off,ng_low_bt_high,0.0001,0.001,1.0,hard_extinction,True,20,0.0034901546797994404,0.0019093104661569468,0.6978169068157647,0.381862207522415,0.0034890845340788236,0.001909311037612075,0.027725269037001787,0.0,0.0,0.0,6.957699601897547e-05,0.013915417887233774,6.957708943616887e-05,0.0,0.0,0.0,3.433977703222975e-05,0.006443208671582859,3.2216043357914296e-05,0.0009223261936943381,0.18459149691085264,0.0009229574845542632,0.0,0.0,0.0,0.0003704971546232801,0.07409945009810882,0.0003704972504905441,0.00039539835192784915,0.07907969180696041,0.00039539845903480207,0.0012529513583429573,0.2506769974980404,0.001253384987490202,0.0004450648481598102,0.08901064394298583,0.00044505321971492913,0.0019093104661569468,0.381862207522415,0.001909311037612075,False,7,True,Cs|Eu.c|Eu.l|Ld|Lsp|Mi|Va,coexistence
65,Bt_plus_all_10_NG,8,0.019306977288832496,off,ng_low_bt_high,0.0001,0.001,1.0,no_extinction_control,False,20,0.0034901723279469315,0.001909310423564574,0.6978191690811065,0.3818622021360651,0.0034890958454055327,0.0019093110106803255,0.245235663856052,1.720689590836333e-08,2.2163341693274943e-06,1.108167084663747e-08,6.957698542485117e-05,0.013915416535932462,6.957708267966231e-05,1.1083289632807183e-12,8.815759213132436e-11,4.407879606566218e-13,3.43396874254622e-05,0.006443192437167325,3.2215962185836624e-05,0.0009223262011577507,0.18459149929654237,0.0009229574964827118,5.663721615904897e-10,6.431524559979419e-08,3.2157622799897095e-10,0.0003704971474632376,0.07409944919264068,0.0003704972459632034,0.0003953983439000687,0.07907969079177062,0.0003953984539588531,0.001252951348766602,0.2506769972766548,0.001253384986383274,0.0004450648394325602,0.08901064281282577,0.00044505321406412883,0.001909310423564574,0.3818622021360651,0.0019093110106803255,False,7,True,Cs|Eu.c|Eu.l|Ld|Lsp|Mi|Va,coexistence
66,Bt_plus_all_10_NG,8,0.019306977288832496,off,ng_high_bt_low,0.1,1.0,0.001,hard_extinction,True,20,0.0034914861997720065,0.0019093097508570162,0.6980576044327031,0.38186207895751667,0.0034902880221635156,0.0019093103947875833,0.029002818517733786,0.0,0.0,0.0,6.957687972702559e-05,0.013915396851110729,6.957698425555365e-05,0.0,0.0,0.0,3.699491526207752e-05,0.006921005800609327,3.460502900304663e-05,0.0009215310380189333,0.18444938555824306,0.0009222469277912153,0.0,0.0,0.0,0.00037049703462131413,0.07409942853004528,0.0003704971426502264,0.00039539821785097536,0.07907966771016108,0.0003953983385508054,0.0012524086430179486,0.2505794601405972,0.001252897300702986,0.00044507947127373187,0.08901325984193648,0.0004450662992096824,0.0019093097508570162,0.38186207895751667,0.0019093103947875833,False,7,True,Cs|Eu.c|Eu.l|Ld|Lsp|Mi|Va,coexistence
67,Bt_plus_all_10_NG,8,0.019306977288832496,off,ng_high_bt_low,0.1,1.0,0.001,no_extinction_control,False,20,0.0034915194741684096,0.0019093096669344342,0.6980618648723408,0.3818620684055322,0.003490309324361704,0.0019093103420276612,0.3026067947063389,3.203052635490375e-08,4.125479771732827e-06,2.0627398858664134e-08,6.957685897275462e-05,0.013915394204092848,6.957697102046424e-05,4.99397932629846e-12,3.97225636062539e-10,1.986128180312695e-12,3.6994793188072994e-05,0.006920983766054634,3.460491883027317e-05,0.0009215310365938655,0.18444938736599706,0.0009222469368299853,1.4598243466703122e-09,1.657706073928883e-07,8.288530369644415e-10,0.00037049702051288096,0.07409942675615352,0.0003704971337807676,0.00039539820203207037,0.07907966572124207,0.00039539832860621037,0.0012524086131487158,0.250579457730119,0.0012528972886505952,0.00044507945437536836,0.08901325768107686,0.0004450662884053843,0.0019093096669344342,0.3818620684055322,0.0019093103420276612,False,7,True,Cs|Eu.c|Eu.l|Ld|Lsp|Mi|Va,coexistence
68,Bt_plus_all_10_NG,8,0.019306977288832496,on,ng_low_bt_high,0.0001,0.001,1.0,hard_extinction,True,20,0.003129565022977966,0.0019115595935872067,0.6256832819930667,0.3823119184521697,0.003128416409965333,0.0019115595922608486,0.007499770848908849,0.0,0.0,0.0,6.900226700173438e-05,0.013800453130868747,6.900226565434374e-05,0.0,0.0,0.0,0.0,0.0,0.0,0.00010292984592891202,0.020233524865523034,0.00010116762432761518,0.0,0.0,0.0,0.0003614158197660098,0.07228316389985086,0.0003614158194992543,0.00035380162531833536,0.07076032497962101,0.00035380162489810505,0.0017916090015390005,0.358446243474352,0.00179223121737176,0.0004508064634239733,0.0901595716428509,0.0004507978582142545,0.0019115595935872067,0.3823119184521697,0.0019115595922608486,False,6,True,Cs|Eu.l|Ld|Lsp|Mi|Va,coexistence
69,Bt_plus_all_10_NG,8,0.019306977288832496,on,ng_low_bt_high,0.0001,0.001,1.0,no_extinction_control,False,20,0.003129569563710682,0.0019115595862606383,0.6256835751693959,0.38231191761759126,0.0031284178758469797,0.0019115595880879563,0.29676203280899394,1.743328715567938e-10,1.7506442298289343e-08,8.753221149144671e-11,6.900226469763955e-05,0.01380045286574556,6.90022643287278e-05,3.626003974386601e-21,1.0020532605006486e-19,5.010266302503243e-22,1.5931093214586627e-08,1.8765095326796546e-06,9.382547663398272e-09,0.00010292379324413884,0.02023245073471698,0.00010116225367358491,6.075649601320827e-10,6.927522758985931e-08,3.4637613794929655e-10,0.00036141581829186593,0.07228316373193254,0.0003614158186596627,0.00035380162285701,0.07076032469923503,0.00035380162349617515,0.001791602743214811,0.358445632858072,0.00179222816429036,0.00045080660841417055,0.09015958698849123,0.00045079793494245615,0.0019115595862606383,0.38231191761759126,0.0019115595880879563,False,6,True,Cs|Eu.l|Ld|Lsp|Mi|Va,coexistence
70,Bt_plus_all_10_NG,8,0.019306977288832496,on,ng_high_bt_low,0.1,1.0,0.001,hard_extinction,True,20,0.0031317911616619114,0.001911559595880667,0.6260752985009235,0.3823119188949449,0.0031303764925046176,0.0019115595944747246,0.008981667066620513,0.0,0.0,0.0,6.900227088574359e-05,0.013800453433530988,6.900226716765494e-05,0.0,0.0,0.0,0.0,0.0,0.0,0.00010635347091194196,0.020835311435583516,0.00010417655717791757,0.0,0.0,0.0,0.00036141582022762407,0.07228316398893288,0.0003614158199446644,0.0003538016260405335,0.07076032512003401,0.00035380162560017,0.0017903946068789714,0.3582335264680374,0.0017911676323401871,0.0004508233667170966,0.09016251805480463,0.00045081259027402316,0.001911559595880667,0.3823119188949449,0.0019115595944747246,False,6,True,Cs|Eu.l|Ld|Lsp|Mi|Va,coexistence
71,Bt_plus_all_10_NG,8,0.019306977288832496,on,ng_high_bt_low,0.1,1.0,0.001,no_extinction_control,False,20,0.0031318040474827185,0.0019115595770686506,0.6260764686286092,0.38231191675428317,0.003130382343143046,0.001911559583771416,0.2984351315999625,5.529944815800896e-10,5.5531444896309624e-08,2.776572244815481e-10,6.900226504293178e-05,0.013800452759017558,6.90022637950878e-05,6.961583175236608e-20,1.9238470579757625e-18,9.619235289878812e-21,3.382208541162105e-08,3.98252739869588e-06,1.99126369934794e-08,0.00010634488370494278,0.02083379228322317,0.00010416896141611585,1.5639108615471137e-09,1.7831682193202694e-07,8.915841096601347e-10,0.0003614158164425271,0.07228316355820445,0.00036141581779102226,0.00035380161972307494,0.07076032440075637,0.00035380162200378186,0.0017903798291948635,0.3582319650723,0.0017911598253615,0.00045082369438362334,0.09016255417944216,0.0004508127708972108,0.0019115595770686506,0.38231191675428317,0.001911559583771416,False,6,True,Cs|Eu.l|Ld|Lsp|Mi|Va,coexistence
72,Bt_plus_all_10_NG,9,0.021209508879201904,off,ng_low_bt_high,0.0001,0.001,1.0,hard_extinction,True,20,0.003492159373215395,0.0019088835176573051,0.6982176030732957,0.3817768296404267,0.003491088015366478,0.0019088841482021335,0.02725302946345387,0.0,0.0,0.0,7.141256552466867e-05,0.014282533178123514,7.141266589061758e-05,0.0,0.0,0.0,3.49875956612863e-05,0.006571901783194807,3.285950891597404e-05,0.0009233308518124619,0.1847929905618267,0.0009239649528091335,0.0,0.0,0.0,0.0003705377225191044,0.07410756565635815,0.00037053782828179075,0.0003954494212664627,0.07908990786690018,0.00039544953933450086,0.0012509601290928347,0.2502787905830544,0.001251393952915272,0.00044548108733857687,0.08909391344383787,0.00044546956721918936,0.0019088835176573051,0.3817768296404267,0.0019088841482021335,False,7,True,Cs|Eu.c|Eu.l|Ld|Lsp|Mi|Va,coexistence
73,Bt_plus_all_10_NG,9,0.021209508879201904,off,ng_low_bt_high,0.0001,0.001,1.0,no_extinction_control,False,20,0.0034921848866560122,0.0019088834400388325,0.6982209333071834,0.38177681966371785,0.003491104666535917,0.0019088840983185892,0.25441095216728193,2.381233846737394e-08,3.1277667304287843e-06,1.5638833652143922e-08,7.141254781221813e-05,0.014282530888259244,7.141265444129621e-05,3.3322671277317493e-12,2.823188894519299e-10,1.4115944472596496e-12,3.49874597336179e-05,0.006571877123589227,3.2859385617946136e-05,0.0009233308573487887,0.18479299339364028,0.0009239649669682014,1.9123170283790065e-09,2.3343416983998836e-07,1.1671708491999419e-09,0.00037053770947471156,0.07410756397970432,0.0003705378198985216,0.0003954494066579391,0.07908990598920843,0.0003954495299460421,0.0012509601060757534,0.2502787890714949,0.0012513939453574745,0.0004454810715652207,0.08909391137806781,0.00044546955689033906,0.0019088834400388325,0.38177681966371785,0.0019088840983185892,False,7,True,Cs|Eu.c|Eu.l|Ld|Lsp|Mi|Va,coexistence
74,Bt_plus_all_10_NG,9,0.021209508879201904,off,ng_high_bt_low,0.1,1.0,0.001,hard_extinction,True,20,0.003493505839737993,0.0019088827203839092,0.698461070392262,0.38177668630457806,0.0034923053519613097,0.0019088834315228902,0.0285475340742396,0.0,0.0,0.0,7.141243772350498e-05,0.014282510291772976,7.141255145886487e-05,0.0,0.0,0.0,3.7675126373519425e-05,0.0070556524262681995,3.5278262131341e-05,0.0009225240840276895,0.18464876488032841,0.000923243824401642,0.0,0.0,0.0,0.0003705375887868658,0.07410754161428176,0.0003705377080714088,0.0003954492719685188,0.07908988102749955,0.00039544940513749774,0.0012504116065504543,0.2501801878712791,0.0012509009393563955,0.00044549572430744054,0.08909653228083197,0.0004454826614041599,0.0019088827203839092,0.38177668630457806,0.0019088834315228902,False,7,True,Cs|Eu.c|Eu.l|Ld|Lsp|Mi|Va,coexistence
75,Bt_plus_all_10_NG,9,0.021209508879201904,off,ng_high_bt_low,0.1,1.0,0.001,no_extinction_control,False,20,0.0034935532836885717,0.001908882566262712,0.6984672557803813,0.3817766665845542,0.0034923362789019054,0.001908883332922771,0.3359829405833832,4.3247256274567085e-08,5.680167481202031e-06,2.8400837406010157e-08,7.141240343562963e-05,0.014282505822600468,7.141252911300234e-05,1.4279672947551316e-11,1.2098117102335782e-09,6.049058551167891e-12,3.7674967934343413e-05,0.007055623737179779,3.5278118685898894e-05,0.0009225240615739628,0.18464876452982257,0.0009232438226491128,4.551229007514998e-09,5.555435273389376e-07,2.777717636694688e-09,0.0003705375628849422,0.0741075383001219,0.0003705376915006095,0.0003954492429603486,0.07908987731591477,0.00039544938657957383,0.0012504115385517907,0.25018018084888477,0.0012509009042444238,0.00044549569358259925,0.08909652830503668,0.00044548264152518343,0.001908882566262712,0.3817766665845542,0.001908883332922771,False,7,True,Cs|Eu.c|Eu.l|Ld|Lsp|Mi|Va,coexistence
76,Bt_plus_all_10_NG,9,0.021209508879201904,on,ng_low_bt_high,0.0001,0.001,1.0,hard_extinction,True,20,0.003131526307675022,0.0019113803031020748,0.6260765809656166,0.38227606034814254,0.0031303829048280832,0.0019113803017407128,0.007435588065253462,0.0,0.0,0.0,7.083996168144635e-05,0.014167992220288595,7.083996110144298e-05,0.0,0.0,0.0,0.0,0.0,0.0,0.00010340693677125756,0.020330313737190873,0.00010165156868595437,0.0,0.0,0.0,0.00036138137054238966,0.07227627405365351,0.00036138137026826757,0.00035374814889502915,0.07074962969254762,0.0003537481484627381,0.0017908575360580789,0.35829559707363134,0.0017914779853681567,0.0004512923537268207,0.0902567741883047,0.0004512838709415235,0.0019113803031020748,0.38227606034814254,0.0019113803017407128,False,6,True,Cs|Eu.l|Ld|Lsp|Mi|Va,coexistence
77,Bt_plus_all_10_NG,9,0.021209508879201904,on,ng_low_bt_high,0.0001,0.001,1.0,no_extinction_control,False,20,0.0031315323123017177,0.0019113802777274154,0.6260770545095529,0.3822760572425214,0.0031303852725477637,0.001911380286212607,0.2939205328900858,1.974467987317376e-10,1.997221369388879e-08,9.986106846944395e-11,7.08399552482855e-05,0.014167991430191965,7.083995715095983e-05,3.716526423284455e-21,1.028552014816984e-19,5.14276007408492e-22,1.6131195581660582e-08,1.901464296312826e-06,9.50732148156413e-09,0.00010340076050679832,0.020329217976676094,0.00010164608988338046,2.065427247077412e-09,2.5326855105509227e-07,1.2663427552754614e-09,0.00036138136545337375,0.07227627343081257,0.0003613813671540628,0.00035374814051365825,0.07074962866677247,0.00035374814333386233,0.0017908512017372786,0.3582949792607008,0.001791474896303504,0.00045129249477269574,0.09025678903933781,0.00045128394519668906,0.0019113802777274154,0.3822760572425214,0.001911380286212607,False,6,True,Cs|Eu.l|Ld|Lsp|Mi|Va,coexistence
78,Bt_plus_all_10_NG,9,0.021209508879201904,on,ng_high_bt_low,0.1,1.0,0.001,hard_extinction,True,20,0.0031337793695999537,0.0019113803054742144,0.6264731895224348,0.38227606080808113,0.003132365947612174,0.0019113803040404055,0.008935736413552497,0.0,0.0,0.0,7.083996344236116e-05,0.014167992340278303,7.083996170139151e-05,0.0,0.0,0.0,0.0,0.0,0.0,0.0001068742929492471,0.02093955817115775,0.00010469779085578875,0.0,0.0,0.0,0.00036138137102054103,0.07227627414630432,0.0003613813707315216,0.00035374814964371623,0.07074962983871903,0.00035374814919359517,0.0017896262959555505,0.3580800085917024,0.0017904000429585121,0.0004513092965885375,0.09025972643427291,0.00045129863217136456,0.0019113803054742144,0.38227606080808113,0.0019113803040404055,False,6,True,Cs|Eu.l|Ld|Lsp|Mi|Va,coexistence
79,Bt_plus_all_10_NG,9,0.021209508879201904,on,ng_high_bt_low,0.1,1.0,0.001,no_extinction_control,False,20,0.003133795741360793,0.0019113802451967573,0.6264747928559682,0.38227605343437476,0.0031323739642798404,0.0019113802671718739,0.2953724173727217,6.208212636604051e-10,6.279747564279851e-08,3.1398737821399255e-10,7.083994833900616e-05,0.014167990477840195,7.083995238920097e-05,7.129849857052896e-20,1.9731922774432852e-18,9.865961387216426e-21,3.441296942376449e-08,4.05503855740651e-06,2.027519278703255e-08,0.00010686551163966721,0.02093800512866416,0.00010469002564332079,4.9003281323782335e-09,6.008704450155455e-07,3.0043522250777274e-09,0.00036138135893147913,0.07227627266745573,0.00036138136333727864,0.0003537481297355231,0.07074962740302837,0.00035374813701514183,0.0017896112414361324,0.3580784168159516,0.001790392084079758,0.0004513096171601654,0.09025976165654999,0.00045129880828274996,0.0019113802451967573,0.38227605343437476,0.0019113802671718739,False,6,True,Cs|Eu.l|Ld|Lsp|Mi|Va,coexistence
80,Bt_plus_all_10_NG,10,0.023299518105153717,off,ng_low_bt_high,0.0001,0.001,1.0,hard_extinction,True,20,0.003494269821940489,0.0019084008087651622,0.6986394898154936,0.3816803009251381,0.003493197449077468,0.0019084015046256905,0.02674247740375435,0.0,0.0,0.0,7.33486100647522e-05,0.014669743492862137,7.334871746431069e-05,0.0,0.0,0.0,3.570539750642384e-05,0.006714619230045471,3.357309615022736e-05,0.0009244254859317601,0.18501250705003877,0.0009250625352501938,0.0,0.0,0.0,0.0003705827734082943,0.07411657802163059,0.0003705828901081529,0.0003955039596278498,0.07910081795847684,0.0003955040897923842,0.0012487661932142928,0.24984002331642957,0.0012492001165821478,0.0004459374021871163,0.08918520074601026,0.0004459260037300513,0.0019084008087651622,0.3816803009251381,0.0019084015046256905,False,7,True,Cs|Eu.c|Eu.l|Ld|Lsp|Mi|Va,coexistence
81,Bt_plus_all_10_NG,10,0.023299518105153717,off,ng_low_bt_high,0.0001,0.001,1.0,no_extinction_control,False,20,0.003494310487620458,0.001908400632465991,0.6986449275618966,0.3816802774656905,0.003493224637809483,0.0019084013873284524,0.30185801977657434,3.3944092710224135e-08,4.555298601542281e-06,2.2776493007711408e-08,7.334857422653865e-05,0.014669738692584876,7.334869346292439e-05,1.1124297237399296e-11,1.0101203123614821e-09,5.050601561807411e-12,3.570520083827592e-05,0.006714583411887173,3.3572917059435866e-05,0.0009244254648845833,0.18501250711437767,0.0009250625355718883,7.136652580382958e-09,9.430857071308743e-07,4.715428535654372e-09,0.00037058274379210977,0.07411657408072528,0.0003705828704036264,0.0003955039265081807,0.0791008135513765,0.00039550406775688254,0.0012487661186173953,0.24984001531859737,0.001249200076592987,0.00044593736688378625,0.08918519599791867,0.0004459259799895934,0.001908400632465991,0.3816802774656905,0.0019084013873284524,False,7,True,Cs|Eu.c|Eu.l|Ld|Lsp|Mi|Va,coexistence
82,Bt_plus_all_10_NG,10,0.023299518105153717,off,ng_high_bt_low,0.1,1.0,0.001,hard_extinction,True,20,0.0034956307629743456,0.001908399920217875,0.6988856435904313,0.3816801411388859,0.0034944282179521563,0.0019084007056944293,0.028053791685284324,0.0,0.0,0.0,7.334847175144066e-05,0.014669718800262114,7.334859400131057e-05,0.0,0.0,0.0,3.8424752063559815e-05,0.007204225149450525,3.6021125747252623e-05,0.0009236070100698618,0.18486614830015133,0.0009243307415007566,0.0,0.0,0.0,0.0003705826243893601,0.07411655122449935,0.00037058275612249675,0.0003955037934086244,0.0791007880694542,0.000395503940347271,0.0012482120808157582,0.24974039355257788,0.0012487019677628894,0.0004459520304757404,0.0891878184940359,0.0004459390924701795,0.001908399920217875,0.3816801411388859,0.0019084007056944293,False,7,True,Cs|Eu.c|Eu.l|Ld|Lsp|Mi|Va,coexistence
83,Bt_plus_all_10_NG,10,0.023299518105153717,off,ng_high_bt_low,0.1,1.0,0.001,no_extinction_control,False,20,0.00349570546397942,0.0019083995721793847,0.6988956291755729,0.381680094882165,0.0034944781458778646,0.0019084004744108248,0.3317050986901755,5.999666253966093e-08,8.050802063415363e-06,4.025401031707681e-08,7.334840179113281e-05,0.014669709389749073,7.334854694874536e-05,4.492802314943991e-11,4.079594786047956e-09,2.039797393023978e-11,3.842452900685185e-05,0.0072041844708697535,3.6020922354348766e-05,0.0009236069187318221,0.18486613950636296,0.0009243306975318149,1.5416722530996718e-08,2.0370356346653093e-06,1.0185178173326546e-08,0.00037058256592280915,0.07411654345391407,0.00037058271726957034,0.00039550372802683544,0.07910077937980911,0.00039550389689904555,0.0012482119005332937,0.2497403717673226,0.001248701858836613,0.00044595196165358124,0.08918780929025238,0.0004459390464512619,0.0019083995721793847,0.381680094882165,0.0019084004744108248,False,7,True,Cs|Eu.c|Eu.l|Ld|Lsp|Mi|Va,coexistence
84,Bt_plus_all_10_NG,10,0.023299518105153717,on,ng_low_bt_high,0.0001,0.001,1.0,hard_extinction,True,20,0.0031335950058361747,0.0019111755560456375,0.6264914655746411,0.3822351109335605,0.0031324573278732055,0.0019111755546678026,0.00736574929242062,0.0,0.0,0.0,7.278077848608151e-05,0.014556155667969915,7.278077833984958e-05,0.0,0.0,0.0,0.0,0.0,0.0,0.0001039309936596254,0.020436632050756607,0.00010218316025378303,0.0,0.0,0.0,0.00036134198875874333,0.07226839769617868,0.00036134198848089343,0.0003536870299510692,0.07073740590249104,0.00035368702951245524,0.0017900291511763911,0.3581295314148664,0.001790647657074332,0.00045182506380426443,0.09036334284237844,0.0004518167142118922,0.0019111755560456375,0.3822351109335605,0.0019111755546678026,False,6,True,Cs|Eu.l|Ld|Lsp|Mi|Va,coexistence
85,Bt_plus_all_10_NG,10,0.023299518105153717,on,ng_low_bt_high,0.0001,0.001,1.0,no_extinction_control,False,20,0.003133606608151752,0.0019111754561503189,0.62649269741007,0.38223509768057606,0.00313246348705035,0.0019111754884028804,0.29075867893985397,2.2630736752292448e-10,2.307473951142129e-08,1.1537369755710646e-10,7.27807575295068e-05,0.01455615288372078,7.27807644186039e-05,3.817749483023647e-21,1.0582296252848003e-19,5.291148126424001e-22,1.6353856295534033e-08,1.929254149535441e-06,9.646270747677206e-09,0.00010392466571945305,0.020435509587130824,0.00010217754793565412,7.762124784326073e-09,1.0309055278471822e-06,5.154527639235911e-09,0.0003613419687919318,0.07226839504723796,0.0003613419752361898,0.0003536869975246744,0.07073740160075004,0.0003536870080037502,0.001790022686973181,0.3581288994753654,0.001790644497376827,0.00045182518932455765,0.09036335558144808,0.00045181677790724037,0.0019111754561503189,0.38223509768057606,0.0019111754884028804,False,6,True,Cs|Eu.l|Ld|Lsp|Mi|Va,coexistence
86,Bt_plus_all_10_NG,10,0.023299518105153717,on,ng_high_bt_low,0.1,1.0,0.001,hard_extinction,True,20,0.0031358813991959355,0.0019111755584643698,0.626893772951858,0.3822351114059202,0.00313446886475929,0.001911175557029601,0.008888454187157446,0.0,0.0,0.0,7.278077884599438e-05,0.014556155672056082,7.278077836028041e-05,0.0,0.0,0.0,0.0,0.0,0.0,0.00010745226391606533,0.02105509045245569,0.00010527545226227845,0.0,0.0,0.0,0.00036134198924718785,0.07226839779148034,0.0003613419889574017,0.0003536870307163609,0.07073740605299067,0.00035368703026495335,0.001788777261846346,0.3579104172485794,0.0017895520862428972,0.0004518420746239811,0.09036630573429578,0.0004518315286714789,0.0019111755584643698,0.3822351114059202,0.001911175557029601,False,6,True,Cs|Eu.l|Ld|Lsp|Mi|Va,coexistence
87,Bt_plus_all_10_NG,10,0.023299518105153717,on,ng_high_bt_low,0.1,1.0,0.001,no_extinction_control,False,20,0.003135909503375163,0.001911175343512537,0.626896970389781,0.3822350829017215,0.003134484851948905,0.0019111754145086073,0.2920009049045671,7.043733544172129e-10,7.181917479514976e-08,3.590958739757488e-10,7.278073407520816e-05,0.014556149706611878,7.278074853305939e-05,7.317950404037623e-20,2.0284387759008826e-18,1.0142193879504413e-20,3.5091620029702334e-08,4.13829538105788e-06,2.06914769052894e-08,0.00010744321471711154,0.021053490325938205,0.00010526745162969102,1.668003989995332e-08,2.215041833888733e-06,1.1075209169443664e-08,0.0003613419462823254,0.07226839209409837,0.0003613419604704918,0.000353686960937694,0.07073739680007887,0.0003536869840003944,0.0017887618061779003,0.357908779490757,0.001789543897453785,0.00045184236515163954,0.09036633681590692,0.0004518316840795346,0.001911175343512537,0.3822350829017215,0.0019111754145086073,False,6,True,Cs|Eu.l|Ld|Lsp|Mi|Va,coexistence
88,Bt_plus_all_10_NG,11,0.025595479226995357,off,ng_low_bt_high,0.0001,0.001,1.0,hard_extinction,True,20,0.0034964813320777933,0.001907853532006793,0.69908164539312,0.3815708600093464,0.0034954082269656,0.001907854300046732,0.026191477130043772,0.0,0.0,0.0,7.538283157512875e-05,0.01507658920162829,7.538294600814146e-05,0.0,0.0,0.0,3.6501003748940376e-05,0.006872952226640829,3.4364761133204144e-05,0.0009256169230037293,0.18525140815833593,0.0009262570407916797,0.0,0.0,0.0,0.0003706328996513972,0.07412660568752165,0.00037063302843760827,0.0003955619926180221,0.0791124272255777,0.0003955621361278885,0.0012463480432595973,0.24935638759108142,0.0012467819379554071,0.0004464376382209783,0.08928527530233418,0.0004464263765116709,0.001907853532006793,0.3815708600093464,0.001907854300046732,False,7,True,Cs|Eu.c|Eu.l|Ld|Lsp|Mi|Va,coexistence
89,Bt_plus_all_10_NG,11,0.025595479226995357,off,ng_low_bt_high,0.0001,0.001,1.0,no_extinction_control,False,20,0.0034965594698269428,0.0019078529970810727,0.6990925649283328,0.38157078386716275,0.0034954628246416644,0.0019078539193358138,0.29938562693970994,4.9947006910645875e-08,6.8624231919090956e-06,3.4312115959545475e-08,7.538273605225442e-05,0.015076575566482548,7.538287783241275e-05,4.158830653422454e-11,4.074986425281305e-09,2.0374932126406523e-11,3.650070665988835e-05,0.006872897469078006,3.436448734539003e-05,0.0009256167685657877,0.1852513899304604,0.000926256949652302,2.9277001739096176e-08,4.219926244303115e-06,2.1099631221515575e-08,0.00037063280984424323,0.07412659290431069,0.0003706329645215534,0.0003955618923652765,0.07911241295571557,0.00039556206477857787,0.0012463477584197069,0.24935634951306648,0.0012467817475653323,0.00044643753232282937,0.08928526016479649,0.00044642630082398246,0.0019078529970810727,0.38157078386716275,0.0019078539193358138,False,7,True,Cs|Eu.c|Eu.l|Ld|Lsp|Mi|Va,coexistence
90,Bt_plus_all_10_NG,11,0.025595479226995357,off,ng_high_bt_low,0.1,1.0,0.001,hard_extinction,True,20,0.0034978558659749777,0.0019078525421301756,0.6993303275913054,0.3815706819519137,0.0034966516379565265,0.0019078534097595684,0.027519092563808023,0.0,0.0,0.0,7.538267981321468e-05,0.015076562460961824,7.538281230480911e-05,0.0,0.0,0.0,3.925085380176517e-05,0.0073681763296905975,3.684088164845299e-05,0.0009247868401108263,0.18510293324762406,0.0009255146662381203,0.0,0.0,0.0,0.00037063273366222177,0.07412657583049857,0.00037063287915249286,0.00039556180764471283,0.07911239395502605,0.0003955619697751302,0.00124578872136576,0.24925579887304983,0.0012462789943652492,0.00044645222957647704,0.08928788689445438,0.00044643943447227193,0.0019078525421301756,0.3815706819519137,0.0019078534097595684,False,7,True,Cs|Eu.c|Eu.l|Ld|Lsp|Mi|Va,coexistence
91,Bt_plus_all_10_NG,11,0.025595479226995357,off,ng_high_bt_low,0.1,1.0,0.001,no_extinction_control,False,20,0.003497995838135617,0.0019078515421711312,0.6993499091990869,0.3815705396026486,0.0034967495459954346,0.001907852698013243,0.30701435950262734,8.568061127089559e-08,1.1770465677752245e-05,5.8852328388761225e-08,7.538250496677799e-05,0.015076537238419698,7.53826861920985e-05,1.5646656969741806e-10,1.533116390415118e-08,7.66558195207559e-11,3.925053276425209e-05,0.0073681165116732455,3.6840582558366225e-05,0.0009247864788218493,0.18510288625921287,0.0009255144312960643,5.6122199657896835e-08,8.086073877543616e-06,4.043036938771808e-08,0.00037063256578204765,0.07412655193211162,0.0003706327596605581,0.00039556162024030595,0.07911236727769799,0.00039556183638848994,0.001245788143500711,0.24925571929839077,0.0012462785964919539,0.000446452032782175,0.08928785881086153,0.0004464392940543076,0.0019078515421711312,0.3815705396026486,0.001907852698013243,False,7,True,Cs|Eu.c|Eu.l|Ld|Lsp|Mi|Va,coexistence
92,Bt_plus_all_10_NG,11,0.025595479226995357,on,ng_low_bt_high,0.0001,0.001,1.0,hard_extinction,True,20,0.003135767666712092,0.0019109409337329354,0.6269272569646475,0.3821881864721216,0.0031346362848232376,0.001910940932360608,0.007289806587678971,0.0,0.0,0.0,7.482294393422349e-05,0.014964588830278317,7.482294415139159e-05,0.0,0.0,0.0,0.0,0.0,0.0,0.00010450637861148623,0.020553367503706746,0.00010276683751853373,0.0,0.0,0.0,0.00036129681070716366,0.07225936208597901,0.00036129681042989506,0.00035361693182993733,0.07072338627834494,0.0003536169313917247,0.0017891154549674138,0.35794636389364853,0.0017897318194682427,0.00045240914666186746,0.09048018837268991,0.00045240094186344953,0.0019109409337329354,0.3821881864721216,0.001910940932360608,False,6,True,Cs|Eu.l|Ld|Lsp|Mi|Va,coexistence
93,Bt_plus_all_10_NG,11,0.025595479226995357,on,ng_low_bt_high,0.0001,0.001,1.0,no_extinction_control,False,20,0.003135802966533807,0.0019109404978198746,0.6269320069447623,0.38218812332806334,0.0031346600347238116,0.0019109406166403168,0.2872449069077767,2.6277853708479064e-10,2.7028551854830583e-08,1.3514275927415292e-10,7.482286609247723e-05,0.01496457753700203,7.482288768501014e-05,3.931010883997672e-21,1.0914943227888197e-19,5.457471613944098e-22,1.6601863058093495e-08,1.9602343672634147e-06,9.801171836317073e-09,0.00010449983775907457,0.020552206598645036,0.00010276103299322518,3.2050188011930366e-08,4.645368702602992e-06,2.322684351301496e-08,0.00036129672387154326,0.07225934950761177,0.00036129674753805884,0.0003536167927337032,0.07072336613107924,0.0003536168306553962,0.0017891086280769875,0.3579456836757704,0.001789728418378852,0.00045240920317041433,0.09048019086303209,0.00045240095431516047,0.0019109404978198746,0.38218812332806334,0.0019109406166403168,False,6,True,Cs|Eu.l|Ld|Lsp|Mi|Va,coexistence
94,Bt_plus_all_10_NG,11,0.025595479226995357,on,ng_high_bt_low,0.1,1.0,0.001,hard_extinction,True,20,0.0031376194253756335,0.0019109409356981013,0.6272531484659889,0.38218818686041345,0.0031362657423299445,0.0019109409343020672,0.008523713320925719,0.0,0.0,0.0,7.482294201129319e-05,0.014964588669475648,7.482294334737824e-05,0.0,0.0,0.0,0.0,0.0,0.0,0.00010735964335699199,0.021054616840804584,0.00010527308420402292,0.0,0.0,0.0,0.00036129681110234424,0.07225936216442382,0.00036129681082211907,0.00035361693242224294,0.07072338640158593,0.00035361693200792966,0.0017881003597681854,0.35776863794678493,0.0017888431897339246,0.0004524227367145755,0.09048255644291402,0.0004524127822145701,0.0019109409356981013,0.38218818686041345,0.0019109409343020672,False,6,True,Cs|Eu.l|Ld|Lsp|Mi|Va,coexistence
95,Bt_plus_all_10_NG,11,0.025595479226995357,on,ng_high_bt_low,0.1,1.0,0.001,no_extinction_control,False,20,0.0031376932607234008,0.0019109401054877729,0.6272631959093646,0.3821880666909848,0.0031363159795468236,0.0019109403334549241,0.28829148440197727,8.083115098645922e-10,8.314014047393793e-08,4.1570070236968964e-10,7.482279540587883e-05,0.014964567288001135,7.482283644000567e-05,7.528678987841784e-20,2.090430995674322e-18,1.045215497837161e-20,3.664024620296973e-08,4.3249956594809924e-06,2.1624978297404964e-08,0.00010735323272003279,0.021053474550957563,0.00010526737275478782,6.096616512140237e-08,8.832622403631104e-06,4.416311201815552e-08,0.0003612966457171889,0.07225933822587174,0.0003612966911293587,0.00035361666748828585,0.07072334805431885,0.00035361674027159425,0.0017880825789414654,0.3577666545663025,0.0017888332728315127,0.0004524229257277146,0.09048257246570927,0.00045241286232854637,0.0019109401054877729,0.3821880666909848,0.0019109403334549241,False,6,True,Cs|Eu.l|Ld|Lsp|Mi|Va,coexistence
96,Bt_plus_all_10_NG,12,0.028117686979742307,off,ng_low_bt_high,0.0001,0.001,1.0,hard_extinction,True,20,0.0034987864767261198,0.0019072311452374652,0.6995426084917211,0.38144639859035107,0.0034977130424586056,0.0019072319929517552,0.025597890393510347,0.0,0.0,0.0,7.751136786650635e-05,0.015502298454105144,7.751149227052572e-05,0.0,0.0,0.0,3.738284984391935e-05,0.007048626703616648,3.524313351808324e-05,0.0009269122475714518,0.18551110371354038,0.0009275555185677018,0.0,0.0,0.0,0.0003706887994109923,0.07413778830790424,0.0003706889415395212,0.00039562348173512006,0.07912472799009435,0.00039562363995047174,0.0012436817006430175,0.24882307896606176,0.0012441153948303087,0.00044698602965511264,0.08939498435639853,0.0004469749217819927,0.0019072311452374652,0.38144639859035107,0.0019072319929517552,False,7,True,Cs|Eu.c|Eu.l|Ld|Lsp|Mi|Va,coexistence
97,Bt_plus_all_10_NG,12,0.028117686979742307,off,ng_low_bt_high,0.0001,0.001,1.0,no_extinction_control,False,20,0.003498987603799677,0.0019072290541893976,0.6995731281875195,0.38144607169247324,0.0034978656409375974,0.0019072303584623661,0.27142609576850596,7.601524971328527e-08,1.0716585599202409e-05,5.3582927996012044e-08,7.75110448950206e-05,0.015502247601295649,7.751123800647824e-05,1.7554283654179198e-10,1.86996603778788e-08,9.349830188939401e-11,3.7382435611026555e-05,0.007048546559210242,3.524273279605121e-05,0.0009269114125817,0.18551097819525528,0.0009275548909762764,1.289130198771868e-07,2.0414064616113978e-05,1.0207032308056989e-07,0.0003706884486012226,0.07413773346588293,0.00037068866732941464,0.0003956230908820085,0.07912466688953358,0.0003956233344476679,0.0012436804497191788,0.24882288624506618,0.001244114431225331,0.00044698561769709335,0.08939491988139997,0.00044697459940699983,0.0019072290541893976,0.38144607169247324,0.0019072303584623661,False,7,True,Cs|Eu.c|Eu.l|Ld|Lsp|Mi|Va,coexistence
98,Bt_plus_all_10_NG,12,0.028117686979742307,off,ng_high_bt_low,0.1,1.0,0.001,hard_extinction,True,20,0.0035001734056465074,0.0019072300435356866,0.6997936057696088,0.38144620030766224,0.0034989680288480445,0.0019072310015383113,0.026941049550831764,0.0,0.0,0.0,7.751116942813984e-05,0.015502267411835885,7.751133705917942e-05,0.0,0.0,0.0,4.0161349951658333e-05,0.007549135972923005,3.774567986461503e-05,0.0009260707892716118,0.18536055287894257,0.0009268027643947129,0.0,0.0,0.0,0.0003706886146928143,0.07413775506361674,0.0003706887753180837,0.0003956232761004131,0.07912469098299592,0.0003956234549149796,0.001243117654117497,0.2487216194837437,0.0012436080974187185,0.0004470005520843735,0.08939758397555095,0.00044698791987775473,0.0019072300435356866,0.38144620030766224,0.0019072310015383113,False,7,True,Cs|Eu.c|Eu.l|Ld|Lsp|Mi|Va,coexistence
99,Bt_plus_all_10_NG,12,0.028117686979742307,off,ng_high_bt_low,0.1,1.0,0.001,no_extinction_control,False,20,0.003500506873045049,0.0019072265735307623,0.699844140760921,0.38144565903504885,0.0034992207038046052,0.0019072282951752442,0.27295520253823646,1.261626731431823e-07,1.778297109986191e-05,8.891485549930955e-08,7.751066923027994e-05,0.015502185548255368,7.751092774127684e-05,6.058045414320846e-10,6.453268416713393e-08,3.2266342083566964e-10,4.016094751834771e-05,0.007549054396058455,3.774527198029227e-05,0.0009260693036913733,0.18536032822401707,0.0009268016411200854,2.1312206248617484e-07,3.370230089883617e-05,1.6851150449418085e-07,0.0003706880325289837,0.07413766425575917,0.00037068832127879587,0.0003956226274736007,0.07912458981055892,0.0003956229490527946,0.0012431155326868303,0.24872129128069903,0.0012436064564034953,0.0004469998693754623,0.08939747744089012,0.0004469873872044506,0.0019072265735307623,0.38144565903504885,0.0019072282951752442,False,7,True,Cs|Eu.c|Eu.l|Ld|Lsp|Mi|Va,coexistence
100,Bt_plus_all_10_NG,12,0.028117686979742307,on,ng_low_bt_high,0.0001,0.001,1.0,hard_extinction,True,20,0.0031380384275885515,0.0019106710716419897,0.6273827988646519,0.3821342140524056,0.003136913994323259,0.001910671070262028,0.007207202524405876,0.0,0.0,0.0,7.69631697253968e-05,0.015392634623426252,7.696317311713125e-05,0.0,0.0,0.0,0.0,0.0,0.0,0.00010513755565902988,0.020681434980239798,0.00010340717490119899,0.0,0.0,0.0,0.00036124478645172946,0.07224895723440394,0.0003612447861720197,0.0003535362295221247,0.07070724582356026,0.00035353622911780134,0.0017881070392582606,0.35774420629384374,0.0017887210314692188,0.0004530496469720101,0.0906083199091778,0.00045304159954588896,0.0019106710716419897,0.3821342140524056,0.001910671070262028,False,6,True,Cs|Eu.l|Ld|Lsp|Mi|Va,coexistence
101,Bt_plus_all_10_NG,12,0.028117686979742307,on,ng_low_bt_high,0.0001,0.001,1.0,no_extinction_control,False,20,0.003138180469840627,0.0019106690292248656,0.6274049876406318,0.38213388892159694,0.003137024938203159,0.0019106694446079848,0.28334627491257436,3.0946424872715556e-10,3.213667168728019e-08,1.6068335843640094e-10,7.69628547111806e-05,0.015392584064142735,7.696292032071368e-05,4.057731226079375e-21,1.128783295633431e-19,5.643916478167155e-22,1.6878344826012525e-08,1.994805100312276e-06,9.97402550156138e-09,0.00010513064990009872,0.020680202458849235,0.00010340101229424617,1.4171543375136182e-07,2.2576635356444667e-05,1.1288317678222333e-07,0.00036124438092157145,0.07224889268025395,0.0003612444634012697,0.00035353558845135593,0.07070714378080643,0.00035353571890403215,0.00178809871785224,0.35774329231526314,0.0017887164615763157,0.00045304937476135386,0.0906082687641878,0.000453041343820939,0.0019106690292248656,0.38213388892159694,0.0019106694446079848,False,6,True,Cs|Eu.l|Ld|Lsp|Mi|Va,coexistence
102,Bt_plus_all_10_NG,12,0.028117686979742307,on,ng_high_bt_low,0.1,1.0,0.001,hard_extinction,True,20,0.003138214253991667,0.001910671072362594,0.6274138048689764,0.382134214128905,0.0031370690243448817,0.001910671070644525,0.007324541793331196,0.0,0.0,0.0,7.696313096838527e-05,0.015392631960788132,7.696315980394066e-05,0.0,0.0,0.0,0.0,0.0,0.0,0.00010540844972642611,0.020729120678727283,0.00010364560339363641,0.0,0.0,0.0,0.00036124478655812634,0.072248957249805,0.000361244786249025,0.0003535362262990478,0.07070724576819507,0.0003535362288409753,0.0017880107476635518,0.35772730821866394,0.0017886365410933198,0.0004530509127761293,0.09060854099279693,0.00045304270496398467,0.001910671072362594,0.382134214128905,0.001910671070644525,False,6,True,Cs|Eu.l|Ld|Lsp|Mi|Va,coexistence
103,Bt_plus_all_10_NG,12,0.028117686979742307,on,ng_high_bt_low,0.1,1.0,0.001,no_extinction_control,False,20,0.003138455905304271,0.0019106677225710076,0.6274512950741634,0.38213368196773756,0.003137256475370817,0.0019106684098386879,0.2842136524009895,9.389426667679131e-10,9.750520655971702e-08,4.875260327985851e-10,7.696264886562304e-05,0.01539255150880324,7.69627575440162e-05,7.76526131852447e-20,2.1601440787501517e-18,1.0800720393750758e-20,4.01574932561507e-08,4.745924229197522e-06,2.3729621145987607e-08,0.0001054013119033759,0.020727831774560616,0.00010363915887280308,2.3189212090380544e-07,3.688770159964959e-05,1.8443850799824793e-07,0.0003612441214232743,0.07224885158285813,0.0003612442579142906,0.0003535351778270436,0.07070707876952938,0.00035353539384764686,0.0017879890411880062,0.35772477421187737,0.0017886238710593868,0.00045305061554012113,0.09060847609549927,0.00045304238047749637,0.0019106677225710076,0.38213368196773756,0.0019106684098386879,False,6,True,Cs|Eu.l|Ld|Lsp|Mi|Va,coexistence
104,Bt_plus_all_10_NG,13,0.030888435964774818,off,ng_low_bt_high,0.0001,0.001,1.0,hard_extinction,True,20,0.003501727495410881,0.0019065121793334393,0.7001167305174698,0.38130284924567687,0.003500087369165058,0.0019065142462283842,5.755037871755067,0.0,0.0,0.0,7.972745959977984e-05,0.01594554943867099,7.972774719335496e-05,0.0,0.0,0.0,3.8359273814425835e-05,0.007243349274221701,3.6216746371108506e-05,0.0009283148850634304,0.18579237804534818,0.0009289618902267409,5.689015386540199e-07,9.92566844582591e-05,0.0,0.00037074983186519015,0.0741500356761473,0.0003707501783807365,0.00039568666728825364,0.07913741052075764,0.00039568705260378817,0.0012407349552964382,0.24823378910587318,0.001241168945529366,0.00044758552094470937,0.08951496177199258,0.0004475748088599629,0.0019065121793334393,0.38130284924567687,0.0019065142462283842,False,7,True,Cs|Eu.c|Eu.l|Ld|Lsp|Mi|Va,coexistence
105,Bt_plus_all_10_NG,13,0.030888435964774818,off,ng_low_bt_high,0.0001,0.001,1.0,no_extinction_control,False,20,0.003501847389704384,0.0019065117807119058,0.7001340896361631,0.38130279189386407,0.0035006704481808154,0.0019065139594693203,0.2333646987898934,1.1985330217781558e-07,1.737963592728055e-05,8.689817963640274e-08,7.972739800865393e-05,0.015945540405359285,7.972770202679643e-05,8.42114871401029e-10,9.832627113301484e-08,4.916313556650742e-10,3.835913067323696e-05,0.007243322519980981,3.6216612599904906e-05,0.0009283147450664254,0.18579235986594808,0.0009289617993297404,5.688923315363504e-07,9.925504319221136e-05,4.962752159610568e-07,0.00037074976495373975,0.07415002604937167,0.0003707501302468583,0.00039568659273477117,0.07913739979460893,0.00039568699897304466,0.0012407347283766997,0.24823375758880015,0.0012411687879440008,0.0004475854421422714,0.08951495040670333,0.0004475747520335167,0.0019065117807119058,0.38130279189386407,0.0019065139594693203,False,7,True,Cs|Eu.c|Eu.l|Ld|Lsp|Mi|Va,coexistence
106,Bt_plus_all_10_NG,13,0.030888435964774818,off,ng_high_bt_low,0.1,1.0,0.001,hard_extinction,True,20,0.0035033395785280764,0.0019065075022128238,0.7004066140351862,0.38130203722556216,0.003502033070175931,0.0019065101861278108,0.06103474318306734,0.0,0.0,0.0,7.972678979008109e-05,0.01594543538902856,7.97271769451428e-05,0.0,0.0,0.0,4.116439484041982e-05,0.007748761752084318,3.8743808760421594e-05,0.0009274606757937376,0.18563952378080076,0.0009281976189040037,7.890631827019711e-07,0.00013712194009558298,6.856097004779149e-07,0.0003707490476924657,0.07414989953764728,0.0003707494976882364,0.00039568579524518324,0.07913725913553663,0.00039568629567768315,0.0012401645525313115,0.2481311859191005,0.0012406559295955024,0.00044759925945217526,0.08951742658089253,0.0004475871329044626,0.0019065075022128238,0.38130203722556216,0.0019065101861278108,False,8,True,Cs|Eu.c|Eu.l|Im|Ld|Lsp|Mi|Va,coexistence
107,Bt_plus_all_10_NG,13,0.030888435964774818,off,ng_high_bt_low,0.1,1.0,0.001,no_extinction_control,False,20,0.003503532681257409,0.001906506840963452,0.7004345309683517,0.3813019427633738,0.0035021726548417585,0.0019065097138168691,0.2336247979988162,1.9176157876153905e-07,2.7799042075878415e-05,1.3899521037939207e-07,7.972670228406886e-05,0.01594542140499024,7.97271070249512e-05,2.6102136705790366e-09,3.0476332103035053e-07,1.5238166051517526e-09,4.116424023542385e-05,0.007748732448785333,3.874366224392667e-05,0.0009274604147886244,0.18563948899031305,0.0009281974449515652,7.890514583709385e-07,0.000137119815092435,6.85599075462175e-07,0.0003707489367034402,0.07414988368097473,0.00037074941840487365,0.0003956856715971164,0.07913724146747791,0.00039568620733738957,0.0012401641637402481,0.24813113143562562,0.0012406556571781281,0.0004475991286576842,0.08951740791969548,0.0004475870395984774,0.001906506840963452,0.3813019427633738,0.0019065097138168691,False,8,True,Cs|Eu.c|Eu.l|Im|Ld|Lsp|Mi|Va,coexistence
108,Bt_plus_all_10_NG,13,0.030888435964774818,on,ng_low_bt_high,0.0001,0.001,1.0,hard_extinction,True,20,0.003141004364439626,0.0019103498297332125,0.6279626539943117,0.3820702031912829,0.003139813269971559,0.0019103510159564144,0.05675057400635808,0.0,0.0,0.0,7.91951869298578e-05,0.015839070983248688,7.919535491624344e-05,0.0,0.0,0.0,0.0,0.0,0.0,0.00010582731017375895,0.020821407141000347,0.00010410703570500174,6.23870056985895e-07,0.00010948975056807298,5.474487528403649e-07,0.00036118273386912913,0.07223659375837503,0.00036118296879187516,0.000353439970073035,0.07068806754056703,0.00035344033770283516,0.0017869850777063954,0.3575195085733676,0.001787597542866838,0.0004537502156304637,0.09074851624718493,0.00045374258123592466,0.0019103498297332125,0.3820702031912829,0.0019103510159564144,False,7,True,Cs|Eu.l|Im|Ld|Lsp|Mi|Va,coexistence
109,Bt_plus_all_10_NG,13,0.030888435964774818,on,ng_low_bt_high,0.0001,0.001,1.0,no_extinction_control,False,20,0.0031410088301761633,0.001910349828624292,0.6279629281553413,0.3820702030677274,0.0031398146407767063,0.0019103510153386368,0.27903103511773786,3.700379952418736e-10,3.883168905366967e-08,1.9415844526834836e-10,7.919518670982337e-05,0.015839070958071782,7.91953547903589e-05,4.199250675840373e-21,1.1705131832341942e-19,5.852565916170971e-22,1.718672161324299e-08,2.0334053823030537e-06,1.0167026911515269e-08,0.00010582081815970954,0.0208202567541901,0.0001041012837709505,6.238694334747173e-07,0.00010948964226304118,5.474482113152059e-07,0.00036118273364582225,0.07223659373349564,0.0003611829686674782,0.00035343996969878057,0.0706880674988124,0.000353440337494062,0.0017869783341695586,0.35751884553824836,0.0017875942276912417,0.00045375036159938563,0.09074853179318858,0.0004537426589659429,0.001910349828624292,0.3820702030677274,0.0019103510153386368,False,7,True,Cs|Eu.l|Im|Ld|Lsp|Mi|Va,coexistence
110,Bt_plus_all_10_NG,13,0.030888435964774818,on,ng_high_bt_low,0.1,1.0,0.001,hard_extinction,True,20,0.003138615932970327,0.0019103462098609273,0.6275391685912353,0.38206958009447006,0.0031376958429561765,0.0019103479004723503,0.05857261840024908,0.0,0.0,0.0,7.919467360083347e-05,0.015838982897970023,7.919491448985011e-05,0.0,0.0,0.0,0.0,0.0,0.0,0.00010180618589629518,0.020110973204735188,0.00010055486602367594,8.551202707687328e-07,0.00014944607229797535,7.472303614898768e-07,0.0003611820167710192,0.07223647034051857,0.00036118235170259287,0.0003534388467796587,0.07068787432516604,0.00035343937162583025,0.0017884079345707648,0.35777024941335417,0.0017888512470667708,0.0004537311550809871,0.0907451723371933,0.0004537258616859665,0.0019103462098609273,0.38206958009447006,0.0019103479004723503,False,7,True,Cs|Eu.l|Im|Ld|Lsp|Mi|Va,coexistence
111,Bt_plus_all_10_NG,13,0.030888435964774818,on,ng_high_bt_low,0.1,1.0,0.001,no_extinction_control,False,20,0.0031386283999784107,0.0019103462070701744,0.6275402857741744,0.3820695797862262,0.003137701428870872,0.0019103478989311309,0.27973810221525675,1.1048314399123735e-09,1.1593973390540235e-07,5.796986695270118e-10,7.919467306469668e-05,0.01583898283606912,7.919491418034561e-05,8.031094556401946e-20,2.238604033660554e-18,1.119302016830277e-20,3.516374247524967e-08,4.16191387756695e-06,2.0809569387834748e-08,0.00010179753731765516,0.02010942376645622,0.00010054711883228109,8.551195689710656e-07,0.00014944595114554812,7.472297557277406e-07,0.00036118201620907004,0.07223647027842113,0.00036118235139210567,0.0003534388458422909,0.07068787422091313,0.0003534393711045657,0.0017883924641045842,0.35776860297255036,0.001788843014862752,0.0004537314752972276,0.09074520789500741,0.00045372603947503706,0.0019103462070701744,0.3820695797862262,0.0019103478989311309,False,7,True,Cs|Eu.l|Im|Ld|Lsp|Mi|Va,coexistence
112,Bt_plus_all_10_NG,14,0.03393221771895328,off,ng_low_bt_high,0.0001,0.001,1.0,hard_extinction,True,20,0.003505726531228213,0.0019056712336582798,0.700908764045688,0.38113485279515513,0.0035045438202284404,0.0019056742639757757,0.024281169380872214,0.0,0.0,0.0,8.202279075897495e-05,0.01640463798934108,8.20231899467054e-05,0.0,0.0,0.0,3.943909855420228e-05,0.007458917532412827,3.729458766206414e-05,0.0009298277398098196,0.18609567981237157,0.0009304783990618579,2.161138711341376e-06,0.00040945889416020456,2.047294470801023e-06,0.0003708153172877013,0.07416316504207322,0.0003708158252103661,0.00039574945994525385,0.07915000478554081,0.00039575002392770405,0.001237471693109616,0.24758111063180743,0.001237905553159037,0.0004482392930513041,0.08964578935798087,0.00044822894678990435,0.0019056712336582798,0.38113485279515513,0.0019056742639757757,False,8,True,Cs|Eu.c|Eu.l|Im|Ld|Lsp|Mi|Va,coexistence
113,Bt_plus_all_10_NG,14,0.03393221771895328,off,ng_low_bt_high,0.0001,0.001,1.0,no_extinction_control,False,20,0.003505925557552131,0.001905670465995339,0.7009384274297483,0.3811347398772922,0.0035046921371487414,0.001905673699386461,0.18996026455548431,1.9595592932050527e-07,2.9301519793196718e-05,1.4650759896598359e-07,8.20226833088279e-05,0.016404621635381034,8.202310817690517e-05,4.6007130191334035e-09,5.940774648004343e-07,2.9703873240021717e-09,3.943887056216825e-05,0.007458874489196939,3.72943724459847e-05,0.000929827454362725,0.18609564098005985,0.0009304782049002992,2.161097769654624e-06,0.00040945106079879083,2.0472553039939542e-06,0.00037081518845523214,0.07416314609203542,0.0003708157304601771,0.0003957493166126595,0.0791499837027762,0.00039574991851388104,0.0012374712487673637,0.2475810469034414,0.001237905234517207,0.00044823914107116036,0.08964576696880067,0.00044822883484400334,0.001905670465995339,0.3811347398772922,0.001905673699386461,False,8,True,Cs|Eu.c|Eu.l|Im|Ld|Lsp|Mi|Va,coexistence
114,Bt_plus_all_10_NG,14,0.03393221771895328,off,ng_high_bt_low,0.1,1.0,0.001,hard_extinction,True,20,0.003507482871166815,0.0019056634862420216,0.701226466475113,0.38113346440550855,0.0035061323323755654,0.0019056673220275426,0.026557779081781696,0.0,0.0,0.0,8.202172153831341e-05,0.016404453609090944,8.202226804545472e-05,0.0,0.0,0.0,4.226877737606528e-05,0.007968849393683197,3.984424696841599e-05,0.0009289612145837276,0.18594057909385395,0.0009297028954692697,2.521015997850236e-06,0.0004742941929220436,2.371470964610218e-06,0.0003708140174703787,0.07416293232805052,0.0003708146616402526,0.0003957480153897492,0.07914974638995824,0.0003957487319497912,0.0012368957957890443,0.24747749149867215,0.0012373874574933609,0.0004482523130216862,0.08964811996888197,0.00044824059984440985,0.0019056634862420216,0.38113346440550855,0.0019056673220275426,False,8,True,Cs|Eu.c|Eu.l|Im|Ld|Lsp|Mi|Va,coexistence
115,Bt_plus_all_10_NG,14,0.03393221771895328,off,ng_high_bt_low,0.1,1.0,0.001,no_extinction_control,False,20,0.003507793869899995,0.0019056622063441631,0.7012726881576082,0.3811332775781327,0.0035063634407880412,0.0019056663878906635,0.19003978144188594,3.0095201494134224e-07,4.498252447553831e-05,2.2491262237769154e-07,8.202159208570106e-05,0.016404429476676023,8.202214738338011e-05,1.243730910335274e-08,1.6058222562983345e-06,8.029111281491673e-09,4.226851904700141e-05,0.007968799730205745,3.9843998651028725e-05,0.0009289607056641815,0.1859405074239632,0.000929702537119816,2.520968783283271e-06,0.00047428497552860755,2.3714248776430376e-06,0.00037081380386391386,0.07416290097535498,0.0003708145048767749,0.0003957477790022484,0.07914971151279002,0.0003957485575639501,0.0012368950560636201,0.2474773827997941,0.0012373869139989705,0.0004482520560660002,0.08964808291656379,0.00044824041458281895,0.0019056622063441631,0.3811332775781327,0.0019056663878906635,False,8,True,Cs|Eu.c|Eu.l|Im|Ld|Lsp|Mi|Va,coexistence
116,Bt_plus_all_10_NG,14,0.03393221771895328,on,ng_low_bt_high,0.0001,0.001,1.0,hard_extinction,True,20,0.003145097268288492,0.001909958733368184,0.6287756677180476,0.3819921471966228,0.0031438783385902384,0.001909960735983114,0.021735731360807087,0.0,0.0,0.0,8.15112869948299e-05,0.01630231021276867,8.151155106384336e-05,0.0,0.0,0.0,0.0,0.0,0.0,0.00010657841770615972,0.02097380691611433,0.00010486903458057166,2.3343436232052587e-06,0.0004440777774807765,2.2203888874038827e-06,0.00036110702652197493,0.07222148453647187,0.0003611074226823593,0.0003533226154421568,0.0706646464916051,0.0003533232324580255,0.0017857285851050507,0.3572677999060896,0.001786338999530448,0.0004545149928951147,0.09090154187751734,0.0004545077093875867,0.001909958733368184,0.3819921471966228,0.001909960735983114,False,7,True,Cs|Eu.l|Im|Ld|Lsp|Mi|Va,coexistence
117,Bt_plus_all_10_NG,14,0.03393221771895328,on,ng_low_bt_high,0.0001,0.001,1.0,no_extinction_control,False,20,0.003145101892696208,0.0019099587320282204,0.6287759566961121,0.3819921470487601,0.0031438797834805604,0.0019099607352438006,0.2742763456039885,4.4971615552806875e-10,4.7735446313187474e-08,2.386772315659374e-10,8.151128674847423e-05,0.01630231018488466,8.15115509244233e-05,4.356474267666982e-21,1.2169651807642808e-19,6.084825903821404e-22,1.7530524698943395e-08,2.0764887260733284e-06,1.0382443630366641e-08,0.00010657179297314527,0.02097263347207037,0.00010486316736035184,2.33434173182416e-06,0.00044407743361894714,2.2203871680947355e-06,0.00036110702625200095,0.07222148450667523,0.0003611074225333762,0.0003533226149890786,0.07066464644148943,0.0003533232322074471,0.0017857217111350852,0.3572671230163576,0.001786335615081788,0.00045451513862574555,0.09090155741684346,0.0004545077870842173,0.0019099587320282204,0.3819921470487601,0.0019099607352438006,False,7,True,Cs|Eu.l|Im|Ld|Lsp|Mi|Va,coexistence
118,Bt_plus_all_10_NG,14,0.03393221771895328,on,ng_high_bt_low,0.1,1.0,0.001,hard_extinction,True,20,0.003140521619772543,0.001909952288279807,0.6279649617324665,0.3819909922532526,0.0031398248086623322,0.0019099549612662632,0.024819858888606383,0.0,0.0,0.0,8.151043424337827e-05,0.01630215795815395,8.151078979076975e-05,0.0,0.0,0.0,0.0,0.0,0.0,9.900188391833673e-05,0.019631339818058445,9.815669909029222e-05,2.6967364557377235e-06,0.0005093879105165292,2.546939552582646e-06,0.0003611057510313296,0.07222125601718311,0.00036110628008591554,0.00035332062604367644,0.07066429034326656,0.00035332145171633277,0.0017884061907715298,0.35774115911422655,0.0017887057955711327,0.0004544799973085547,0.09089537057106131,0.00045447685285530655,0.001909952288279807,0.3819909922532526,0.0019099549612662632,False,7,True,Cs|Eu.l|Im|Ld|Lsp|Mi|Va,coexistence
119,Bt_plus_all_10_NG,14,0.03393221771895328,on,ng_high_bt_low,0.1,1.0,0.001,no_extinction_control,False,20,0.0031405330940392972,0.0019099522850291241,0.6279659989614137,0.3819909918959635,0.003139829994807069,0.0019099549594798176,0.27484259717158466,1.3175694362028696e-09,1.398523509169238e-07,6.99261754584619e-10,8.151043365956808e-05,0.016302157891634278,8.151078945817139e-05,8.328906130128435e-20,2.3266300255983977e-18,1.1633150127991988e-20,3.128697237428197e-08,3.708681380476636e-06,1.854340690238318e-08,9.89942955628889e-05,0.01962997169128578,9.81498584564289e-05,2.696734541707121e-06,0.0005093875664825852,2.5469378324129257e-06,0.00036110575037640285,0.07222125594516401,0.00036110627972582007,0.0003533206249486868,0.07066429022215631,0.00035332145111078157,0.001788392373450364,0.3577396854182375,0.0017886984270911873,0.00045448027695786934,0.09089540169272195,0.00045447700846360976,0.0019099522850291241,0.3819909918959635,0.0019099549594798176,False,7,True,Cs|Eu.l|Im|Ld|Lsp|Mi|Va,coexistence
120,Bt_plus_all_10_NG,15,0.0372759372031494,off,ng_low_bt_high,0.0001,0.001,1.0,hard_extinction,True,20,0.0035117829222971776,0.0019046599375293568,0.702129738601589,0.3809325036179503,0.0035106486930079443,0.0019046625180897513,0.023562455339044774,0.0,0.0,0.0,8.438502131803357e-05,0.01687707788692804,8.438538943464019e-05,0.0,0.0,0.0,4.062897287415597e-05,0.007696679156605044,3.848339578302522e-05,0.0009314453338934805,0.18641981199202004,0.0009320990599601002,5.848630304032042e-06,0.001156526070021551,5.782630350107755e-06,0.0003708815042297742,0.07417638765782458,0.00037088193828912293,0.00039580599171104347,0.0791612948908026,0.00039580647445401304,0.0012338402577092046,0.2468545675399252,0.001234272837699626,0.0004489472102574532,0.08978739340746184,0.00044893696703730916,0.0019046599375293568,0.3809325036179503,0.0019046625180897513,False,8,True,Cs|Eu.c|Eu.l|Im|Ld|Lsp|Mi|Va,coexistence
121,Bt_plus_all_10_NG,15,0.0372759372031494,off,ng_low_bt_high,0.0001,0.001,1.0,no_extinction_control,False,20,0.00351213995138908,0.0019046581202450364,0.7021846265798326,0.3809322283358469,0.003510923132899162,0.0019046611416792345,0.14216291596897435,3.3213432621650535e-07,5.1347544268783845e-05,2.5673772134391925e-07,8.438483421784378e-05,0.01687704370013957,8.438521850069784e-05,2.83274870318105e-08,4.083844448181577e-06,2.0419222240907883e-08,4.062862338576698e-05,0.007696611171030756,3.848305585515378e-05,0.0009314446053833973,0.186419705117607,0.000932098525588035,5.84852395924367e-06,0.0011565049604504764,5.782524802252382e-06,0.000370881200767066,0.0741763414715529,0.00037088170735776453,0.00039580565605347386,0.07916124359973555,0.0003958062179986777,0.001233839200149335,0.24685440646340362,0.001234272032317018,0.0004489468456597056,0.08978733870719569,0.0004489366935359784,0.0019046581202450364,0.3809322283358469,0.0019046611416792345,False,8,True,Cs|Eu.c|Eu.l|Im|Ld|Lsp|Mi|Va,coexistence
122,Bt_plus_all_10_NG,15,0.0372759372031494,off,ng_high_bt_low,0.1,1.0,0.001,hard_extinction,True,20,0.003513450305616927,0.0019046507839899024,0.7024302465898923,0.380931228429168,0.0035121512329494608,0.00190465614214584,0.024947929233456456,0.0,0.0,0.0,8.43839093978814e-05,0.016876906717334935,8.438453358667468e-05,0.0,0.0,0.0,4.3481554678274075e-05,0.008210831309277012,4.105415654638506e-05,0.0009305672885336785,0.18626278210795585,0.0009313139105397792,6.113028205422365e-06,0.0012023255138855775,6.011627569427888e-06,0.00037087997086909406,0.07417617354636158,0.0003708808677318079,0.00039580429202947355,0.07916105713406978,0.00039580528567034886,0.0012332604673366745,0.24675044951494507,0.0012337522475747253,0.0004489597945664286,0.08978972074606237,0.00044894860373031185,0.0019046507839899024,0.380931228429168,0.00190465614214584,False,8,True,Cs|Eu.c|Eu.l|Im|Ld|Lsp|Mi|Va,coexistence
123,Bt_plus_all_10_NG,15,0.0372759372031494,off,ng_high_bt_low,0.1,1.0,0.001,no_extinction_control,False,20,0.00351399896375424,0.0019046494913554158,0.7025138694599591,0.3809307596312586,0.003512569347299796,0.001904653798156293,0.14238303651919715,4.872135628159996e-07,7.527418144657808e-05,3.763709072328904e-07,8.438372888013859e-05,0.016876856361209114,8.438428180604556e-05,6.40876622275178e-08,9.234614272042796e-06,4.617307136021398e-08,4.348115504283919e-05,0.008210745768060355,4.105372884030177e-05,0.0009305668202155315,0.18626259289558164,0.0009313129644779082,6.1128993200341986e-06,0.00120229860392055,6.01149301960275e-06,0.0003708797538912338,0.07417609521374739,0.000370880476068737,0.0003958040510957575,0.07916097044979874,0.0003958048522489937,0.0012332597157307496,0.24675017448685915,0.0012337508724342959,0.0004489595383529118,0.08978962688506358,0.0004489481344253179,0.0019046494913554158,0.3809307596312586,0.001904653798156293,False,8,True,Cs|Eu.c|Eu.l|Im|Ld|Lsp|Mi|Va,coexistence
124,Bt_plus_all_10_NG,15,0.0372759372031494,on,ng_low_bt_high,0.0001,0.001,1.0,hard_extinction,True,20,0.0031512799029284285,0.0019094580970380546,0.630024189079837,0.3818918894380666,0.0031501209453991853,0.001909459447190333,0.006922130777121005,0.0,0.0,0.0,8.389979034295343e-05,0.016779992742946174,8.389996371473086e-05,0.0,0.0,0.0,0.0,0.0,0.0,0.00010738922907567196,0.021138228562192735,0.00010569114281096367,6.165366551949397e-06,0.0012207741806388958,6.103870903194479e-06,0.0003610098457046041,0.07220202264466932,0.0003610101132233466,0.00035317213157442,0.07063451011087593,0.00035317255055437966,0.001784298599603462,0.3569811170555926,0.001784905585277963,0.0004553449400753678,0.09106754378292141,0.00045533771891460704,0.0019094580970380546,0.3818918894380666,0.001909459447190333,False,7,True,Cs|Eu.l|Im|Ld|Lsp|Mi|Va,coexistence
125,Bt_plus_all_10_NG,15,0.0372759372031494,on,ng_low_bt_high,0.0001,0.001,1.0,no_extinction_control,False,20,0.0031512847258181533,0.001909458095362453,0.6300244974960154,0.38189188925235057,0.003150122487480077,0.0019094594462617529,0.2690688031642967,5.560055021804056e-10,5.975434707552554e-08,2.987717353776277e-10,8.389979005987359e-05,0.0167799927109375,8.38999635546875e-05,4.529709202193273e-21,1.268233091974397e-19,6.341165459871985e-22,1.791336802230377e-08,2.1245189514121107e-06,1.0622594757060553e-08,0.0001073824614341527,0.021137030304274343,0.00010568515152137172,6.165364738477645e-06,0.001220773864877578,6.1038693243878905e-06,0.000361009845366946,0.07220202260723904,0.0003610101130361952,0.000353172131007806,0.07063451004794197,0.0003531725502397098,0.001784291578323978,0.3569804243749921,0.0017849021218749605,0.0004553450855133946,0.09106755931245437,0.00045533779656227187,0.001909458095362453,0.38189188925235057,0.0019094594462617529,False,7,True,Cs|Eu.l|Im|Ld|Lsp|Mi|Va,coexistence
126,Bt_plus_all_10_NG,15,0.0372759372031494,on,ng_high_bt_low,0.1,1.0,0.001,hard_extinction,True,20,0.0031428036508623844,0.0019094525215477768,0.6285119193257724,0.3818909324567717,0.0031425595966288627,0.0019094546622838585,0.006572558035575327,0.0,0.0,0.0,8.38990752045659e-05,0.016779870311798267,8.389935155899133e-05,0.0,0.0,0.0,0.0,0.0,0.0,9.400236192591294e-05,0.018754249842412172,9.377124921206085e-05,6.4167088636963165e-06,0.001264066062807713,6.3203303140385645e-06,0.00036100874057638484,0.07220183298588824,0.0003610091649294412,0.0003531703987592149,0.07063421289569871,0.00035317106447849356,0.0017890202431815449,0.35782056863791734,0.0017891028431895866,0.00045528612235106456,0.09105711858925007,0.00045528559294625036,0.0019094525215477768,0.3818909324567717,0.0019094546622838585,False,7,True,Cs|Eu.l|Im|Ld|Lsp|Mi|Va,coexistence
127,Bt_plus_all_10_NG,15,0.0372759372031494,on,ng_high_bt_low,0.1,1.0,0.001,no_extinction_control,False,20,0.00314281399463823,0.0019094525177027536,0.6285128671775084,0.3818909320351193,0.003142564335887542,0.0019094546601755966,0.269510566394894,1.592749610011164e-09,1.7117186409000525e-07,8.558593204500262e-10,8.389907456234522e-05,0.0167798702394152,8.3899351197076e-05,8.658687591998567e-20,2.424252307519419e-18,1.2121261537597095e-20,2.6707817866261715e-08,3.1717565150543903e-06,1.5858782575271952e-08,9.399605361435838e-05,0.018753100335590796,9.376550167795399e-05,6.416705823544055e-06,0.0012640655376767666,6.320327688383833e-06,0.0003610087398012931,0.07220183290085083,0.00036100916450425416,0.0003531703974605472,0.07063421275251544,0.0003531710637625772,0.0017890083662861198,0.3578192977491531,0.0017890964887457656,0.000455286356522546,0.0910571447339271,0.00045528572366963554,0.0019094525177027536,0.3818909320351193,0.0019094546601755966,False,7,True,Cs|Eu.l|Im|Ld|Lsp|Mi|Va,coexistence
128,Bt_plus_all_10_NG,16,0.040949150623804234,off,ng_low_bt_high,0.0001,0.001,1.0,hard_extinction,True,20,0.0035197779327157657,0.0019034383791148087,0.7037166166375851,0.3806880941888667,0.003518116340125905,0.0019034404709443334,5.76530089079986,5.825056541446573e-07,9.334861240408605e-05,0.0,8.680228915518824e-05,0.01736050954868513,8.680254774342566e-05,0.0,0.0,0.0,4.19367692713251e-05,0.007958291571569187,3.9791457857845935e-05,0.000933167405317197,0.1867648255043954,0.000933824127521977,1.0984434746407062e-05,0.002194440055725934,1.097220027862967e-05,0.0003709470484517866,0.0741894798500502,0.000370947399250251,0.0003958525986906523,0.07917059747332518,0.0003958529873666259,0.0012297925784809374,0.24604468683106231,0.0012302234341553117,0.00044971230294812726,0.08994043719036755,0.00044970218595183776,0.0019034383791148087,0.3806880941888667,0.0019034404709443334,False,8,True,Cs|Eu.c|Eu.l|Im|Ld|Lsp|Mi|Va,coexistence
129,Bt_plus_all_10_NG,16,0.040949150623804234,off,ng_low_bt_high,0.0001,0.001,1.0,no_extinction_control,False,20,0.003519957927006155,0.001903434386847577,0.7037458173780724,0.3806874468223028,0.0035187290868903616,0.001903437234111514,0.09622499934656581,5.824784104019385e-07,9.33436210296203e-05,4.667181051481015e-07,8.680180139848117e-05,0.01736042988573765,8.680214942868825e-05,1.875834809689527e-07,3.0451512665680518e-05,1.5225756332840258e-07,4.193625519541619e-05,0.007958186589370293,3.979093294685146e-05,0.0009331657196741319,0.1867645600540458,0.0009338228002702289,1.098419411045485e-05,0.002194392519584097,1.0971962597920485e-05,0.00037094637880023617,0.07418937126335805,0.00037094685631679024,0.0003958518567839747,0.07917047717079827,0.0003958523858539913,0.001229790148905317,0.2460442961800342,0.0012302214809001711,0.00044971151024677256,0.08994030858144869,0.00044970154290724346,0.001903434386847577,0.3806874468223028,0.001903437234111514,False,8,True,Cs|Eu.c|Eu.l|Im|Ld|Lsp|Mi|Va,coexistence
130,Bt_plus_all_10_NG,16,0.040949150623804234,off,ng_high_bt_low,0.1,1.0,0.001,hard_extinction,True,20,0.0035215063272109695,0.0019034333067559394,0.7040227853414464,0.38068726547152687,0.0035201139267072314,0.0019034363273576344,0.09664300661179137,8.114720689682547e-07,0.0001299153392031759,6.495766960158795e-07,8.680137770189264e-05,0.017360392227441134,8.680196113720567e-05,0.0,0.0,0.0,4.480997199421227e-05,0.008476223599099286,4.238111799549643e-05,0.0009322805363713185,0.18660606746003588,0.0009330303373001794,1.1066910076802774e-05,0.0022071847798048735,1.1035923899024368e-05,0.0003709461890607075,0.0741893408186936,0.000370946704093468,0.0003958516393834421,0.07917044339899022,0.0003958522169949511,0.0012292126916311414,0.24594039809784118,0.001229701990489206,0.00044972553892248405,0.08994281962033697,0.00044971409810168485,0.0019034333067559394,0.38068726547152687,0.0019034363273576344,False,9,True,Col|Cs|Eu.c|Eu.l|Im|Ld|Lsp|Mi|Va,coexistence
131,Bt_plus_all_10_NG,16,0.040949150623804234,off,ng_high_bt_low,0.1,1.0,0.001,no_extinction_control,False,20,0.0035218302201666172,0.0019034261292042148,0.7040751491876243,0.38068610249339574,0.0035203757459381217,0.0019034305124669788,0.09664829755479687,8.114600492727087e-07,0.0001299118321611761,6.495591608058805e-07,8.680077780097315e-05,0.017360263681014492,8.680131840507246e-05,3.3640649869476176e-07,5.448594450816988e-05,2.724297225408494e-07,4.480968366845854e-05,0.008476148471179508,4.238074235589754e-05,0.0009322773045933533,0.18660554649652322,0.0009330277324826161,1.1066788527828374e-05,0.0022071475139677573,1.1035737569838786e-05,0.00037094499360622405,0.0741891457644993,0.00037094572882249646,0.00039585032199164906,0.07917022732411778,0.00039585113662058893,0.0012292083926009724,0.2459396839056121,0.0012296984195280605,0.00044972409082919077,0.08994258825404082,0.0004497129412702041,0.0019034261292042148,0.38068610249339574,0.0019034305124669788,False,9,True,Col|Cs|Eu.c|Eu.l|Im|Ld|Lsp|Mi|Va,coexistence
132,Bt_plus_all_10_NG,16,0.040949150623804234,on,ng_low_bt_high,0.0001,0.001,1.0,hard_extinction,True,20,0.003158751693661245,0.00190882265737719,0.6315301438994388,0.3817645961060322,0.0031576507194971946,0.0019088229805301609,0.00681772603797981,0.0,0.0,0.0,8.634979061084285e-05,0.01726996651177354,8.634983255886771e-05,0.0,0.0,0.0,0.0,0.0,0.0,0.00010826051190531172,0.021314853197656525,0.00010657426598828263,1.1360500971879961e-05,0.0022699285175959427,1.1349642587979713e-05,0.00036088619859036,0.07217725257788143,0.00036088626288940717,0.0003529807563305879,0.07059617172744104,0.0003529808586372052,0.001782668507996866,0.3566543305520557,0.0017832716527602785,0.0004562454272553969,0.09124764081503471,0.00045623820407517357,0.00190882265737719,0.3817645961060322,0.0019088229805301609,False,7,True,Cs|Eu.l|Im|Ld|Lsp|Mi|Va,coexistence
133,Bt_plus_all_10_NG,16,0.040949150623804234,on,ng_low_bt_high,0.0001,0.001,1.0,no_extinction_control,False,20,0.00315875675925718,0.001908822655238462,0.6315304764656028,0.38176459586702044,0.003157652382328014,0.0019088229793351023,0.2633777608995498,7.000429947593553e-10,7.625341492473888e-08,3.812670746236944e-10,8.634979027938682e-05,0.017269966474207515,8.634983237103757e-05,4.71934779235432e-21,1.3244645962312378e-19,6.622322981156189e-22,1.833957097009318e-08,2.1780592588444713e-06,1.0890296294222356e-08,0.00010825357963051001,0.021313626340959846,0.00010656813170479923,1.1360499392985555e-05,0.00226992827150286,1.13496413575143e-05,0.0003608861981593116,0.07217725252970637,0.00036088626264853187,0.00035298075560761806,0.07059617164651955,0.00035298085823259775,0.0017826613242923517,0.3566536205681487,0.0017832681028407435,0.0004562455722810514,0.0912476563218841,0.0004562382816094205,0.001908822655238462,0.38176459586702044,0.0019088229793351023,False,7,True,Cs|Eu.l|Im|Ld|Lsp|Mi|Va,coexistence
134,Bt_plus_all_10_NG,16,0.040949150623804234,on,ng_high_bt_low,0.1,1.0,0.001,hard_extinction,True,20,0.0031436545639852882,0.0019088203840907291,0.628814044656101,0.38176424733212755,0.0031440702232805057,0.0019088212366606377,0.003411595017385416,0.0,0.0,0.0,8.634950230893527e-05,0.017269922440855828,8.634961220427914e-05,0.0,0.0,0.0,0.0,0.0,0.0,8.504152980878826e-05,0.01714244066080212,8.57122033040106e-05,1.1435673376158244e-05,0.002281445738065493,1.1407228690327464e-05,0.00036088574606100895,0.07217718315034322,0.0003608859157517161,0.00035298003596415225,0.0705960612306287,0.0003529803061531435,0.0017908130950220454,0.35811663127459137,0.0017905831563729568,0.0004561489814442004,0.09123036016081437,0.00045615180080407183,0.0019088203840907291,0.38176424733212755,0.0019088212366606377,False,7,True,Cs|Eu.l|Im|Ld|Lsp|Mi|Va,coexistence
135,Bt_plus_all_10_NG,16,0.040949150623804234,on,ng_high_bt_low,0.1,1.0,0.001,no_extinction_control,False,20,0.003143661859935493,0.0019088203794321592,0.6288145749043317,0.38176424681839427,0.0031440728745216586,0.0019088212340919713,0.26371250612107033,1.9511045615777453e-09,2.1252599604890752e-07,1.0626299802445375e-09,8.634950157776035e-05,0.017269922359569784,8.634961179784892e-05,9.015006381473824e-20,2.530016202481241e-18,1.2650081012406205e-20,2.1135172453880436e-08,2.5160036688917663e-06,1.2580018344458832e-08,8.50342010377279e-05,0.017141084866701108,8.570542433350554e-05,1.143567044273812e-05,0.00228144528124447,1.140722640622235e-05,0.00036088574512126956,0.0721771830467068,0.000360885915233534,0.0003529800343819858,0.07059606105600369,0.00035298030528001847,0.0017908044680488137,0.3581157710823264,0.001790578855411632,0.000456149153048182,0.09123037868211444,0.00045615189341057216,0.0019088203794321592,0.38176424681839427,0.0019088212340919713,False,7,True,Cs|Eu.l|Im|Ld|Lsp|Mi|Va,coexistence
136,Bt_plus_all_10_NG,17,0.04498432668969444,off,ng_low_bt_high,0.0001,0.001,1.0,hard_extinction,True,20,0.0035288560618308303,0.0019019530426531593,0.7055037255309806,0.3803915196400015,0.003527518627654903,0.0019019575982000075,0.07961617976401758,1.0519273307567194e-06,0.0001751456969064749,8.757284845323744e-07,8.92604621247052e-05,0.017852195803530972,8.926097901765486e-05,1.1494452624911866e-06,0.00020951399212460563,1.0475699606230281e-06,4.336926866651368e-05,0.008245211484324529,4.122605742162265e-05,0.0009349895081605773,0.18713009256121144,0.0009356504628060572,1.633483506498924e-05,0.003266891631525271,1.6334458157626356e-05,0.00037100957684308106,0.07420206815065662,0.00037101034075328313,0.0003958838490871535,0.07917693878798776,0.0003958846939399388,0.0012252703873485713,0.245140183257173,0.001225700916285865,0.00045053680194199114,0.09010548416553998,0.00045052742082769994,0.0019019530426531593,0.3803915196400015,0.0019019575982000075,False,10,True,Col|Cs|Et|Eu.c|Eu.l|Im|Ld|Lsp|Mi|Va,coexistence
137,Bt_plus_all_10_NG,17,0.04498432668969444,off,ng_low_bt_high,0.0001,0.001,1.0,no_extinction_control,False,20,0.0035288560618308303,0.0019019530426531593,0.7055037255309806,0.3803915196400015,0.003527518627654903,0.0019019575982000075,0.07961617976401758,1.0519273307567194e-06,0.0001751456969064749,8.757284845323744e-07,8.92604621247052e-05,0.017852195803530972,8.926097901765486e-05,1.1494452624911866e-06,0.00020951399212460563,1.0475699606230281e-06,4.336926866651368e-05,0.008245211484324529,4.122605742162265e-05,0.0009349895081605773,0.18713009256121144,0.0009356504628060572,1.633483506498924e-05,0.003266891631525271,1.6334458157626356e-05,0.00037100957684308106,0.07420206815065662,0.00037101034075328313,0.0003958838490871535,0.07917693878798776,0.0003958846939399388,0.0012252703873485713,0.245140183257173,0.001225700916285865,0.00045053680194199114,0.09010548416553998,0.00045052742082769994,0.0019019530426531593,0.3803915196400015,0.0019019575982000075,False,10,True,Col|Cs|Et|Eu.c|Eu.l|Im|Ld|Lsp|Mi|Va,coexistence
138,Bt_plus_all_10_NG,17,0.04498432668969444,off,ng_high_bt_low,0.1,1.0,0.001,hard_extinction,True,20,0.0035310247830308552,0.001901939369248396,0.7058892952300531,0.3803891410410423,0.0035294464761502654,0.0019019457052052117,0.08025376801662709,1.3831147080299735e-06,0.0002299505028139302,1.149752514069651e-06,8.925890218141268e-05,0.017851925401708393,8.925962700854196e-05,1.566225574475141e-06,0.0002834472615078536,1.417236307539268e-06,4.626056632027637e-05,0.008766395456658494,4.3831977283292467e-05,0.0009340881126131598,0.1869687169924506,0.000934843584962253,1.634769865398534e-05,0.0032685623740534363,1.6342811870267182e-05,0.00037100728371487903,0.07420166926635755,0.0003710083463317877,0.0003958813131143127,0.07917649767962437,0.0003958824883981218,0.001224683491489496,0.24503461368047333,0.0012251730684023666,0.00045054807466082797,0.09010751661440507,0.0004505375830720253,0.001901939369248396,0.3803891410410423,0.0019019457052052117,False,10,True,Col|Cs|Et|Eu.c|Eu.l|Im|Ld|Lsp|Mi|Va,coexistence
139,Bt_plus_all_10_NG,17,0.04498432668969444,off,ng_high_bt_low,0.1,1.0,0.001,no_extinction_control,False,20,0.0035310247830308552,0.001901939369248396,0.7058892952300531,0.3803891410410423,0.0035294464761502654,0.0019019457052052117,0.08025376801662709,1.3831147080299735e-06,0.0002299505028139302,1.149752514069651e-06,8.925890218141268e-05,0.017851925401708393,8.925962700854196e-05,1.566225574475141e-06,0.0002834472615078536,1.417236307539268e-06,4.626056632027637e-05,0.008766395456658494,4.3831977283292467e-05,0.0009340881126131598,0.1869687169924506,0.000934843584962253,1.634769865398534e-05,0.0032685623740534363,1.6342811870267182e-05,0.00037100728371487903,0.07420166926635755,0.0003710083463317877,0.0003958813131143127,0.07917649767962437,0.0003958824883981218,0.001224683491489496,0.24503461368047333,0.0012251730684023666,0.00045054807466082797,0.09010751661440507,0.0004505375830720253,0.001901939369248396,0.3803891410410423,0.0019019457052052117,False,10,True,Col|Cs|Et|Eu.c|Eu.l|Im|Ld|Lsp|Mi|Va,coexistence
140,Bt_plus_all_10_NG,17,0.04498432668969444,on,ng_low_bt_high,0.0001,0.001,1.0,hard_extinction,True,20,0.003166287436037861,0.0019080353715530474,0.6330412098279125,0.3816070793820964,0.0031652060491395625,0.0019080353969104821,0.006707559874205238,0.0,0.0,0.0,8.88504603267677e-05,0.017770092801590618,8.885046400795309e-05,0.0,0.0,0.0,0.0,0.0,0.0,0.00010919500052232097,0.021504294073641107,0.00010752147036820554,1.672214376255629e-05,0.0033443065906519657,1.672153295325983e-05,0.0003607327034447859,0.07214654170284633,0.00036073270851423166,0.00035274318024513,0.07054863770069629,0.00035274318850348147,0.001780818592779817,0.3562836782660224,0.001781418391330112,0.0004572253549564832,0.09144365869246378,0.0004572182934623189,0.0019080353715530474,0.3816070793820964,0.0019080353969104821,False,7,True,Cs|Eu.l|Im|Ld|Lsp|Mi|Va,coexistence
141,Bt_plus_all_10_NG,17,0.04498432668969444,on,ng_low_bt_high,0.0001,0.001,1.0,no_extinction_control,False,20,0.003166292809314646,0.0019080353687488613,0.6330415739143161,0.38160707906541486,0.003165207869571581,0.0019080353953270742,0.257160808445148,8.986953666378283e-10,9.933244466526192e-08,4.966622233263095e-10,8.88504599289056e-05,0.017770092756240464,8.885046378120232e-05,4.925945673008625e-21,1.3858759519177703e-19,6.9293797595888515e-22,1.8814287502898e-08,2.2377855218110534e-06,1.1188927609055267e-08,0.00010918788415490859,0.021503035232693514,0.00010751517616346756,1.6722142714739393e-05,0.0033443064456114436,1.6721532228057217e-05,0.00036073270287955946,0.07214654163901325,0.0003607327081950663,0.00035274317929797705,0.0705486375936129,0.00035274318796806454,0.0017808112279210793,0.3562829489658345,0.0017814147448291726,0.0004572254994346068,0.09144367416334363,0.00045721837081671816,0.0019080353687488613,0.38160707906541486,0.0019080353953270742,False,7,True,Cs|Eu.l|Im|Ld|Lsp|Mi|Va,coexistence
142,Bt_plus_all_10_NG,17,0.04498432668969444,on,ng_high_bt_low,0.1,1.0,0.001,hard_extinction,True,20,0.003141981523701626,0.0019080348049156687,0.6286148093769772,0.38160700173851,0.0031430740468848858,0.00190803500869255,0.009793739191259476,0.0,0.0,0.0,8.88503938708306e-05,0.017770084044501814,8.885042022250907e-05,0.0,0.0,0.0,0.0,0.0,0.0,7.214621902475379e-05,0.014758333188968175,7.379166594484087e-05,1.673432971049416e-05,0.0033459179463575022,1.672958973178751e-05,0.00036073258987253336,0.07214652613573826,0.0003607326306786913,0.00035274299564284336,0.07054861241766013,0.0003527430620883006,0.0017936952299475262,0.358628173616526,0.00179314086808263,0.0004570797656326444,0.09141716202722533,0.00045708581013612667,0.0019080348049156687,0.38160700173851,0.00190803500869255,False,7,True,Cs|Eu.l|Im|Ld|Lsp|Mi|Va,coexistence
143,Bt_plus_all_10_NG,17,0.04498432668969444,on,ng_high_bt_low,0.1,1.0,0.001,no_extinction_control,False,20,0.0031419880522670332,0.0019080347990861814,0.6286153406304664,0.3816070010887826,0.0031430767031523327,0.0019080350054439129,0.25740829722900394,2.418762386540597e-09,2.673435097829216e-07,1.3367175489146079e-09,8.885039303736667e-05,0.017770083951209922,8.885041975604961e-05,9.38027608308747e-20,2.6390650256260204e-18,1.3195325128130102e-20,1.5247584162541786e-08,1.8205863786027157e-06,9.102931893013578e-09,7.214138707806795e-05,0.014757414827903829,7.378707413951914e-05,1.6734327993241043e-05,0.003345917706376665,1.6729588531883325e-05,0.0003607325886964711,0.07214652600466129,0.0003607326300233064,0.0003527429936645736,0.07054861219709434,0.0003527430609854717,0.0017936888075623413,0.35862752263783565,0.0017931376131891782,0.0004570798878884224,0.09141717537549648,0.00045708587687748244,0.0019080347990861814,0.3816070010887826,0.0019080350054439129,False,7,True,Cs|Eu.l|Im|Ld|Lsp|Mi|Va,coexistence
144,Bt_plus_all_10_NG,18,0.04941713361323833,off,ng_low_bt_high,0.0001,0.001,1.0,hard_extinction,True,20,0.0035402770426509003,0.001900108207575843,0.7077750413269136,0.38002270090504975,0.0035388752066345683,0.0019001135045252488,0.062376502213941976,1.9373957731501053e-06,0.0003356385272042201,1.6781926360211005e-06,9.174192819907885e-05,0.018348499143524363,9.174249571762182e-05,4.758838910334952e-06,0.0009337376308601313,4.668688154300657e-06,4.4928076040182656e-05,0.008557750486346227,4.2788752431731136e-05,0.0009368911111495993,0.18751108496590407,0.0009375554248295204,2.1465459192509143e-05,0.004293172018227511,2.1465860091137555e-05,0.0003710612817157505,0.07421243404134897,0.0003710621702067449,0.0003958875185157646,0.07917769990454097,0.0003958884995227049,0.001220188641936637,0.2441234582660072,0.001220617291330036,0.00045141679121789345,0.09028156634294994,0.0004514078317147497,0.001900108207575843,0.38002270090504975,0.0019001135045252488,False,10,True,Col|Cs|Et|Eu.c|Eu.l|Im|Ld|Lsp|Mi|Va,coexistence
145,Bt_plus_all_10_NG,18,0.04941713361323833,off,ng_low_bt_high,0.0001,0.001,1.0,no_extinction_control,False,20,0.0035402770426509003,0.001900108207575843,0.7077750413269136,0.38002270090504975,0.0035388752066345683,0.0019001135045252488,0.062376502213941976,1.9373957731501053e-06,0.0003356385272042201,1.6781926360211005e-06,9.174192819907885e-05,0.018348499143524363,9.174249571762182e-05,4.758838910334952e-06,0.0009337376308601313,4.668688154300657e-06,4.4928076040182656e-05,0.008557750486346227,4.2788752431731136e-05,0.0009368911111495993,0.18751108496590407,0.0009375554248295204,2.1465459192509143e-05,0.004293172018227511,2.1465860091137555e-05,0.0003710612817157505,0.07421243404134897,0.0003710621702067449,0.0003958875185157646,0.07917769990454097,0.0003958884995227049,0.001220188641936637,0.2441234582660072,0.001220617291330036,0.00045141679121789345,0.09028156634294994,0.0004514078317147497,0.001900108207575843,0.38002270090504975,0.0019001135045252488,False,10,True,Col|Cs|Et|Eu.c|Eu.l|Im|Ld|Lsp|Mi|Va,coexistence
146,Bt_plus_all_10_NG,18,0.04941713361323833,off,ng_high_bt_low,0.1,1.0,0.001,hard_extinction,True,20,0.003542593002078483,0.001900090919069785,0.7081884471498716,0.3800196587585965,0.003540942235749358,0.0019000982937929826,0.06328297905945401,2.390802642473772e-06,0.0004133240871772232,2.066620435886116e-06,9.1740073545302e-05,0.018348173564803873,9.174086782401936e-05,5.215436468469295e-06,0.001014773751568359,5.073868757841796e-06,4.7835395034763905e-05,0.009081785284194305,4.540892642097153e-05,0.0009359774538640271,0.18734750620294063,0.0009367375310147031,2.1465814240215754e-05,0.004293139067831743,2.1465695339158717e-05,0.0003710583815029538,0.07421192373376,0.00037105961866879997,0.00039588431680824933,0.07917713656421334,0.0003958856828210667,0.001219598255881675,0.2440172674162427,0.0012200863370812134,0.0004514270720903531,0.09028341747713942,0.00045141708738569706,0.001900090919069785,0.3800196587585965,0.0019000982937929826,False,10,True,Col|Cs|Et|Eu.c|Eu.l|Im|Ld|Lsp|Mi|Va,coexistence
147,Bt_plus_all_10_NG,18,0.04941713361323833,off,ng_high_bt_low,0.1,1.0,0.001,no_extinction_control,False,20,0.003542593002078483,0.001900090919069785,0.7081884471498716,0.3800196587585965,0.003540942235749358,0.0019000982937929826,0.06328297905945401,2.390802642473772e-06,0.0004133240871772232,2.066620435886116e-06,9.1740073545302e-05,0.018348173564803873,9.174086782401936e-05,5.215436468469295e-06,0.001014773751568359,5.073868757841796e-06,4.7835395034763905e-05,0.009081785284194305,4.540892642097153e-05,0.0009359774538640271,0.18734750620294063,0.0009367375310147031,2.1465814240215754e-05,0.004293139067831743,2.1465695339158717e-05,0.0003710583815029538,0.07421192373376,0.00037105961866879997,0.00039588431680824933,0.07917713656421334,0.0003958856828210667,0.001219598255881675,0.2440172674162427,0.0012200863370812134,0.0004514270720903531,0.09028341747713942,0.00045141708738569706,0.001900090919069785,0.3800196587585965,0.0019000982937929826,False,10,True,Col|Cs|Et|Eu.c|Eu.l|Im|Ld|Lsp|Mi|Va,coexistence
148,Bt_plus_all_10_NG,18,0.04941713361323833,on,ng_low_bt_high,0.0001,0.001,1.0,hard_extinction,True,20,0.0031734365903140576,0.001907061148495135,0.6344732705312903,0.3814122293012877,0.003172366352656452,0.0019070611465064385,0.006592266197516405,0.0,0.0,0.0,9.138860966473435e-05,0.01827772194818111,9.138860974090555e-05,0.0,0.0,0.0,0.0,0.0,0.0,0.00011019213565751589,0.02170642638449504,0.0001085321319224752,2.1858715332592348e-05,0.004371749820507936,2.185874910253968e-05,0.00036054241119084796,0.07210848215598371,0.0003605424107799186,0.00035244862098883517,0.07048972405855385,0.00035244862029276924,0.0017787138435413144,0.35586208132438507,0.0017793104066219255,0.0004582922539382177,0.09165708483918358,0.00045828542419591793,0.001907061148495135,0.3814122293012877,0.0019070611465064385,False,7,True,Cs|Eu.l|Im|Ld|Lsp|Mi|Va,coexistence
149,Bt_plus_all_10_NG,18,0.04941713361323833,on,ng_low_bt_high,0.0001,0.001,1.0,no_extinction_control,False,20,0.0031734423621088666,0.0019070611447325869,0.6344736767145832,0.381412228872089,0.0031723683835729157,0.0019070611443604449,0.25038775148336967,1.1776591169950378e-09,1.3224344357184255e-07,6.612172178592128e-10,9.138860917592251e-05,0.018277721892081676,9.138860946040838e-05,5.149006395112455e-21,1.452356106687053e-19,7.261780533435265e-22,1.9342813618971818e-08,2.304393237637609e-06,1.1521966188188044e-08,0.00011018481331274872,0.02170513174839331,0.00010852565874196656,2.1858714627150207e-05,0.004371749731246303,2.1858748656231518e-05,0.0003605424104323032,0.0721084820694542,0.00036054241034727097,0.0003524486197189139,0.07048972391355393,0.00035244861956776964,0.0017787062766807242,0.3558613304673839,0.0017793066523369193,0.00045829239768836787,0.09165710025578866,0.0004582855012789433,0.0019070611447325869,0.381412228872089,0.0019070611443604449,False,7,True,Cs|Eu.l|Im|Ld|Lsp|Mi|Va,coexistence
150,Bt_plus_all_10_NG,18,0.04941713361323833,on,ng_high_bt_low,0.1,1.0,0.001,hard_extinction,True,20,0.0031419019011732197,0.0019070609887994513,0.6286726512993505,0.38141220566169975,0.0031433632564967524,0.0019070610283084988,0.014917566182887754,0.0,0.0,0.0,9.138859875083685e-05,0.018277720707071808,9.138860353535905e-05,0.0,0.0,0.0,0.0,0.0,0.0,6.229521923303285e-05,0.012894433912995572,6.447216956497786e-05,2.18600336207994e-05,0.004371898264727537,2.1859491323637684e-05,0.0003605423789370156,0.07210847738030639,0.00036054238690153196,0.00035244856828074776,0.07048971630578818,0.0003524485815289409,0.00179525421541716,0.3589063424533979,0.0017945317122669896,0.00045811288693362685,0.09162406227506306,0.0004581203113753153,0.0019070609887994513,0.38141220566169975,0.0019070610283084988,False,7,True,Cs|Eu.l|Im|Ld|Lsp|Mi|Va,coexistence
151,Bt_plus_all_10_NG,18,0.04941713361323833,on,ng_high_bt_low,0.1,1.0,0.001,no_extinction_control,False,20,0.003141906677001958,0.0019070609812866916,0.6286729686173459,0.38141220481404464,0.003143364843086729,0.0019070610240702233,0.2505656787537447,3.02381935525815e-09,3.395533598832193e-07,1.6977667994160965e-09,9.138859777000073e-05,0.018277720596353297,9.138860298176649e-05,5.640196973836067e-20,1.5909034954639689e-18,7.954517477319845e-21,1.0219377220538585e-08,1.223708979292099e-06,6.118544896460495e-09,6.229053263815163e-05,0.012893525679580993,6.446762839790496e-05,2.1860032290259192e-05,0.004371898095857054,2.185949047928527e-05,0.0003605423774212041,0.07210847720928419,0.00036054238604642095,0.0003524485657336668,0.07048971601843626,0.0003524485800921813,0.001795250366942209,0.35890599779939547,0.0017945299889969774,0.00045811296100989053,0.09162406995609941,0.00045812034978049706,0.0019070609812866916,0.38141220481404464,0.0019070610240702233,False,7,True,Cs|Eu.l|Im|Ld|Lsp|Mi|Va,coexistence
152,Bt_plus_all_10_NG,19,0.054286754393238594,off,ng_low_bt_high,0.0001,0.001,1.0,hard_extinction,True,20,0.0035544131676720258,0.0018977702663912758,0.7105993116354349,0.3795548693409685,0.0035529965581771747,0.0018977743467048424,0.04526587681943628,3.581047046467897e-06,0.0006453185245546431,3.2265926227732156e-06,9.422710204005333e-05,0.018845503628436084,9.422751814218042e-05,1.113685161212679e-05,0.002224666212539435,1.1123331062697174e-05,4.6608063524627167e-05,0.008894878635025617,4.447439317512808e-05,0.0009388381535023589,0.18790098357332122,0.000939504917866606,2.6304451358390507e-05,0.0052609398183426645,2.6304699091713322e-05,0.00037109009500721295,0.07421815595601915,0.0003710907797800957,0.00039584565740257566,0.07916928248038649,0.0003958464124019324,0.0012144380728452704,0.2429726286033028,0.001214863143016514,0.0004523436733329422,0.0904669542035068,0.000452334771017534,0.0018977702663912758,0.3795548693409685,0.0018977743467048424,False,10,True,Col|Cs|Et|Eu.c|Eu.l|Im|Ld|Lsp|Mi|Va,coexistence
153,Bt_plus_all_10_NG,19,0.054286754393238594,off,ng_low_bt_high,0.0001,0.001,1.0,no_extinction_control,False,20,0.0035544131676720258,0.0018977702663912758,0.7105993116354349,0.3795548693409685,0.0035529965581771747,0.0018977743467048424,0.04526587681943628,3.581047046467897e-06,0.0006453185245546431,3.2265926227732156e-06,9.422710204005333e-05,0.018845503628436084,9.422751814218042e-05,1.113685161212679e-05,0.002224666212539435,1.1123331062697174e-05,4.6608063524627167e-05,0.008894878635025617,4.447439317512808e-05,0.0009388381535023589,0.18790098357332122,0.000939504917866606,2.6304451358390507e-05,0.0052609398183426645,2.6304699091713322e-05,0.00037109009500721295,0.07421815595601915,0.0003710907797800957,0.00039584565740257566,0.07916928248038649,0.0003958464124019324,0.0012144380728452704,0.2429726286033028,0.001214863143016514,0.0004523436733329422,0.0904669542035068,0.000452334771017534,0.0018977702663912758,0.3795548693409685,0.0018977743467048424,False,10,True,Col|Cs|Et|Eu.c|Eu.l|Im|Ld|Lsp|Mi|Va,coexistence
154,Bt_plus_all_10_NG,19,0.054286754393238594,off,ng_high_bt_low,0.1,1.0,0.001,hard_extinction,True,20,0.0035565345131832785,0.001897759257959708,0.7109778397669714,0.3795530293938145,0.0035548891988348564,0.0018977651469690726,0.04640722082867477,4.134276868406376e-06,0.0007430573262748709,3.715286631374355e-06,9.422596589789898e-05,0.018845314115295917,9.422657057647958e-05,1.1285009835980549e-05,0.002248047741279373,1.1240238706396865e-05,4.9532570589403714e-05,0.009421960404674199,4.7109802023370994e-05,0.0009379156809718954,0.18773585928361833,0.0009386792964180917,2.6303905239357987e-05,0.005260839927466692,2.630419963733346e-05,0.00037108824653084115,0.07421784702316342,0.00037108923511581707,0.0003958436196661248,0.07916894191751042,0.0003958447095875521,0.0012138503214795843,0.24286697959233897,0.0012143348979616949,0.0004523549161037857,0.09046899243534909,0.00045234496217674543,0.001897759257959708,0.3795530293938145,0.0018977651469690726,False,10,True,Col|Cs|Et|Eu.c|Eu.l|Im|Ld|Lsp|Mi|Va,coexistence
155,Bt_plus_all_10_NG,19,0.054286754393238594,off,ng_high_bt_low,0.1,1.0,0.001,no_extinction_control,False,20,0.0035565345131832785,0.001897759257959708,0.7109778397669714,0.3795530293938145,0.0035548891988348564,0.0018977651469690726,0.04640722082867477,4.134276868406376e-06,0.0007430573262748709,3.715286631374355e-06,9.422596589789898e-05,0.018845314115295917,9.422657057647958e-05,1.1285009835980549e-05,0.002248047741279373,1.1240238706396865e-05,4.9532570589403714e-05,0.009421960404674199,4.7109802023370994e-05,0.0009379156809718954,0.18773585928361833,0.0009386792964180917,2.6303905239357987e-05,0.005260839927466692,2.630419963733346e-05,0.00037108824653084115,0.07421784702316342,0.00037108923511581707,0.0003958436196661248,0.07916894191751042,0.0003958447095875521,0.0012138503214795843,0.24286697959233897,0.0012143348979616949,0.0004523549161037857,0.09046899243534909,0.00045234496217674543,0.001897759257959708,0.3795530293938145,0.0018977651469690726,False,10,True,Col|Cs|Et|Eu.c|Eu.l|Im|Ld|Lsp|Mi|Va,coexistence
156,Bt_plus_all_10_NG,19,0.054286754393238594,on,ng_low_bt_high,0.0001,0.001,1.0,hard_extinction,True,20,0.003180044878835448,0.0019058428753064073,0.635797022391888,0.3811685750315045,0.0031789851119594396,0.0019058428751575224,0.006476860316899202,0.0,0.0,0.0,9.394940301668764e-05,0.01878988066049632,9.39494033024816e-05,0.0,0.0,0.0,0.0,0.0,0.0,0.00011125332157442428,0.02192129070481299,0.00010960645352406495,2.670810323855792e-05,0.005341622399482593,2.6708111997412964e-05,0.00036030399588043565,0.07206079916736771,0.0003603039958368386,0.00035207949302008183,0.0704158985836651,0.00035207949291832556,0.0017762984086105583,0.35537841660471853,0.0017768920830235927,0.00045945215349470214,0.09188911427134469,0.00045944557135672344,0.0019058428753064073,0.3811685750315045,0.0019058428751575224,False,7,True,Cs|Eu.l|Im|Ld|Lsp|Mi|Va,coexistence
157,Bt_plus_all_10_NG,19,0.054286754393238594,on,ng_low_bt_high,0.0001,0.001,1.0,no_extinction_control,False,20,0.0031800511784878215,0.0019058428701321484,0.6357974862486829,0.38116857443467406,0.003178987431243414,0.0019058428721733702,0.24304163855798144,1.576370866418082e-09,1.8006946605119948e-07,9.003473302559974e-10,9.394940240072134e-05,0.018789880589173674,9.394940294586837e-05,5.385716897275094e-21,1.5230922385432545e-19,7.615461192716273e-22,1.9925756399451888e-08,2.3780199179164165e-06,1.1890099589582082e-08,0.00011124577033746894,0.02191995629769359,0.00010959978148846795,2.6708102683047516e-05,0.005341622332337917,2.670811166168958e-05,0.00036030399483698647,0.07206079904700699,0.000360303995235035,0.0003520794912749204,0.07041589838219377,0.0003520794919109688,0.0017762906185933192,0.3553776419073102,0.001776888209536551,0.0004594522962340919,0.09188912960358273,0.00045944564801791364,0.0019058428701321484,0.38116857443467406,0.0019058428721733702,False,7,True,Cs|Eu.l|Im|Ld|Lsp|Mi|Va,coexistence
158,Bt_plus_all_10_NG,19,0.054286754393238594,on,ng_high_bt_low,0.1,1.0,0.001,hard_extinction,True,20,0.003145924147600168,0.0019058427790163356,0.6295009349509912,0.38116855819760037,0.0031475046747549557,0.001905842790988002,0.0168466281124644,0.0,0.0,0.0,9.394940154366238e-05,0.018789880514740606,9.394940257370303e-05,0.0,0.0,0.0,0.0,0.0,0.0,5.9424561008476394e-05,0.012354995915721822,6.177497957860911e-05,2.6708214835115063e-05,0.005341633102377319,2.670816551188659e-05,0.0003603039763672601,0.07206079575629774,0.0003603039787814887,0.00035207946168001875,0.0704158931275177,0.0003520794656375885,0.0017941934729510387,0.35868319195124193,0.0017934159597562096,0.0004592650592145961,0.09185454458309401,0.00045927272291547004,0.0019058427790163356,0.38116855819760037,0.001905842790988002,False,7,True,Cs|Eu.l|Im|Ld|Lsp|Mi|Va,coexistence
159,Bt_plus_all_10_NG,19,0.054286754393238594,on,ng_high_bt_low,0.1,1.0,0.001,no_extinction_control,False,20,0.0031459279511535133,0.0019058427690504946,0.6295011073807355,0.3811685570559048,0.0031475055369036774,0.001905842785279524,0.2431649668378455,3.782658350100714e-09,4.3209174582054875e-07,2.1604587291027437e-09,9.394940035707286e-05,0.018789880378846532,9.394940189423266e-05,2.800751698297842e-20,7.920583546914446e-19,3.960291773457223e-21,7.401585844388441e-09,8.882724039005444e-07,4.441362019502722e-09,5.941933636865258e-05,0.012353977257950316,6.176988628975158e-05,2.6708213754200652e-05,0.0053416329726098544,2.670816486304927e-05,0.00036030397435638466,0.07206079552593456,0.00036030397762967277,0.0003520794583077567,0.0704158927412371,0.00035207946370618547,0.0017941912795000777,0.35868305943751067,0.0017934152971875532,0.0004592651042651735,0.09185454870249682,0.0004592727435124841,0.0019058427690504946,0.3811685570559048,0.001905842785279524,False,7,True,Cs|Eu.l|Im|Ld|Lsp|Mi|Va,coexistence
160,Bt_plus_all_10_NG,20,0.05963623316594643,off,ng_low_bt_high,0.0001,0.001,1.0,hard_extinction,True,20,0.0035693222207981005,0.0018948316203083273,0.7135711663939236,0.3789671911712504,0.003567855831969618,0.0018948359558562519,0.02950349343654235,6.494575154193571e-06,0.0012136046848513792,6.068023424256896e-06,9.670260210950972e-05,0.019340603417903838,9.670301708951918e-05,1.797593219582413e-05,0.003595294672031649,1.7976473360158246e-05,4.84050519783371e-05,0.009255906516693757,4.6279532583468783e-05,0.0009408103802475167,0.1882960175975181,0.0009414800879875905,3.085435804370099e-05,0.006170913610160828,3.085456805080414e-05,0.00037109103494395364,0.07421835256973176,0.0003710917628486588,0.0003957467578701155,0.07914951179262947,0.00039574755896314736,0.0012079237129577814,0.2416691025397892,0.001208345512698946,0.00045331781529716795,0.0906618589926136,0.000453309294963068,0.0018948316203083273,0.3789671911712504,0.0018948359558562519,False,10,True,Col|Cs|Et|Eu.c|Eu.l|Im|Ld|Lsp|Mi|Va,coexistence
161,Bt_plus_all_10_NG,20,0.05963623316594643,off,ng_low_bt_high,0.0001,0.001,1.0,no_extinction_control,False,20,0.0035693222207981005,0.0018948316203083273,0.7135711663939236,0.3789671911712504,0.003567855831969618,0.0018948359558562519,0.02950349343654235,6.494575154193571e-06,0.0012136046848513792,6.068023424256896e-06,9.670260210950972e-05,0.019340603417903838,9.670301708951918e-05,1.797593219582413e-05,0.003595294672031649,1.7976473360158246e-05,4.84050519783371e-05,0.009255906516693757,4.6279532583468783e-05,0.0009408103802475167,0.1882960175975181,0.0009414800879875905,3.085435804370099e-05,0.006170913610160828,3.085456805080414e-05,0.00037109103494395364,0.07421835256973176,0.0003710917628486588,0.0003957467578701155,0.07914951179262947,0.00039574755896314736,0.0012079237129577814,0.2416691025397892,0.001208345512698946,0.00045331781529716795,0.0906618589926136,0.000453309294963068,0.0018948316203083273,0.3789671911712504,0.0018948359558562519,False,10,True,Col|Cs|Et|Eu.c|Eu.l|Im|Ld|Lsp|Mi|Va,coexistence
162,Bt_plus_all_10_NG,20,0.05963623316594643,off,ng_high_bt_low,0.1,1.0,0.001,hard_extinction,True,20,0.0035713036961335896,0.0018948247941567638,0.7139287360253361,0.37896601695539667,0.0035696436801266806,0.0018948300847769833,0.030634281609889236,7.0243616067206614e-06,0.0013091896703863088,6.545948351931544e-06,9.67019389140814e-05,0.01934048981920553,9.670244909602764e-05,1.7995671472844747e-05,0.0035979139754033227,1.7989569877016612e-05,5.134942746807444e-05,0.009786443444122656,4.893221722061328e-05,0.0009398764237581903,0.18812881061484038,0.0009406440530742019,3.0854020317791225e-05,0.006170855449233555,3.0854277246167775e-05,0.0003710898881485994,0.0742181553343605,0.00037109077667180253,0.0003957454957612472,0.07914929472831894,0.0003957464736415947,0.001207336882627414,0.24156360912988722,0.001207818045649436,0.00045332958605862604,0.09066397385957775,0.00045331986929788876,0.0018948247941567638,0.37896601695539667,0.0018948300847769833,False,10,True,Col|Cs|Et|Eu.c|Eu.l|Im|Ld|Lsp|Mi|Va,coexistence
163,Bt_plus_all_10_NG,20,0.05963623316594643,off,ng_high_bt_low,0.1,1.0,0.001,no_extinction_control,False,20,0.0035713036961335896,0.0018948247941567638,0.7139287360253361,0.37896601695539667,0.0035696436801266806,0.0018948300847769833,0.030634281609889236,7.0243616067206614e-06,0.0013091896703863088,6.545948351931544e-06,9.67019389140814e-05,0.01934048981920553,9.670244909602764e-05,1.7995671472844747e-05,0.0035979139754033227,1.7989569877016612e-05,5.134942746807444e-05,0.009786443444122656,4.893221722061328e-05,0.0009398764237581903,0.18812881061484038,0.0009406440530742019,3.0854020317791225e-05,0.006170855449233555,3.0854277246167775e-05,0.0003710898881485994,0.0742181553343605,0.00037109077667180253,0.0003957454957612472,0.07914929472831894,0.0003957464736415947,0.001207336882627414,0.24156360912988722,0.001207818045649436,0.00045332958605862604,0.09066397385957775,0.00045331986929788876,0.0018948247941567638,0.37896601695539667,0.0018948300847769833,False,10,True,Col|Cs|Et|Eu.c|Eu.l|Im|Ld|Lsp|Mi|Va,coexistence
164,Bt_plus_all_10_NG,20,0.05963623316594643,on,ng_low_bt_high,0.0001,0.001,1.0,hard_extinction,True,20,0.0031859621186588814,0.0019042970169034204,0.6369827629492393,0.3808594036236059,0.0031849138147461964,0.0019042970181180293,0.006357042813466496,0.0,0.0,0.0,9.651762870538118e-05,0.019303525825247973,9.651762912623986e-05,0.0,0.0,0.0,0.0,0.0,0.0,0.00011234767326352845,0.022143029332027383,0.00011071514666013692,3.1272617953634886e-05,0.006254523810940197,3.127261905470098e-05,0.0003600008569726745,0.07200017144053533,0.00036000085720267665,0.00035160997085503554,0.07032199424117411,0.0003516099712058705,0.001773503930579238,0.3548188937555922,0.001774094468777961,0.0004607094403293889,0.09214062454372211,0.0004607031227186106,0.0019042970169034204,0.3808594036236059,0.0019042970181180293,False,7,True,Cs|Eu.l|Im|Ld|Lsp|Mi|Va,coexistence
165,Bt_plus_all_10_NG,20,0.05963623316594643,on,ng_low_bt_high,0.0001,0.001,1.0,no_extinction_control,False,20,0.003185969137651902,0.0019042970095938853,0.6369833080280325,0.380859402769173,0.003184916540140163,0.001904297013845865,0.2351215944530729,2.1556090259884323e-09,2.5080352449922287e-07,1.2540176224961144e-09,9.651762790690504e-05,0.019303525731701188,9.651762865850593e-05,5.6292983702460896e-21,1.59607204054291e-19,7.98036020271455e-22,2.0575226945248098e-08,2.4601802137866e-06,1.2300901068933e-08,0.00011233986480744321,0.022141650170586294,0.00011070825085293147,3.127261743099048e-05,0.0062545237485539485,3.127261874276974e-05,0.00036000085549803745,0.07200017126815567,0.0003600008563407783,0.00035160996839149103,0.0703219939529848,0.00035160996976492403,0.0017734958910499718,0.35481809241707807,0.0017740904620853904,0.00046070958173109175,0.09214063975523429,0.00046070319877617144,0.0019042970095938853,0.380859402769173,0.001904297013845865,False,7,True,Cs|Eu.l|Im|Ld|Lsp|Mi|Va,coexistence
166,Bt_plus_all_10_NG,20,0.05963623316594643,on,ng_high_bt_low,0.1,1.0,0.001,hard_extinction,True,20,0.0027784667983745933,0.0019043031855766484,0.5560411825223112,0.38086063931362557,0.0027802059126115553,0.0019043031965681279,0.026427382064408533,0.0,0.0,0.0,9.651813114167723e-05,0.01930362637660286,9.65181318830143e-05,0.0,0.0,0.0,0.0,0.0,0.0,4.0653849647912883e-05,0.00864090150994824,4.32045075497412e-05,3.127285545104791e-05,0.006254570306057213,3.1272851530286064e-05,0.0,0.0,0.0,0.0003516117854233537,0.07032235777795001,0.00035161178888975007,0.001797940565438469,0.3594243132518242,0.001797121566259121,0.00046046961127213276,0.09209541329992862,0.00046047706649964313,0.0019043031855766484,0.38086063931362557,0.0019043031965681279,False,6,True,Cs|Eu.l|Im|Lsp|Mi|Va,coexistence
167,Bt_plus_all_10_NG,20,0.05963623316594643,on,ng_high_bt_low,0.1,1.0,0.001,no_extinction_control,False,20,0.003138462477593118,0.0019042968499775345,0.6280396741455669,0.38085937330421077,0.003140198370727834,0.001904296866521054,0.2352026985248319,4.66322808705771e-09,5.425590541929757e-07,2.7127952709648787e-09,9.651762344404738e-05,0.01930352495603995,9.651762478019976e-05,1.497924975658877e-20,4.247057036107828e-19,2.1235285180539143e-21,5.795805205900262e-09,6.985593747900646e-07,3.4927968739503227e-09,4.0649428715834104e-05,0.008639964187760866,4.3199820938804326e-05,3.127262525460037e-05,0.006254524289392005,3.127262144696003e-05,0.00036000082326740154,0.07200016531908528,0.0003600008265954264,0.0003516099172739466,0.07032198452275586,0.0003516099226137793,0.0017979333436088157,0.35942313107134644,0.0017971156553567322,0.0004604682569951795,0.09209513868075757,0.00046047569340378785,0.0019042968499775345,0.38085937330421077,0.001904296866521054,False,7,True,Cs|Eu.l|Im|Ld|Lsp|Mi|Va,coexistence
168,Bt_plus_all_10_NG,21,0.0655128556859551,off,ng_low_bt_high,0.0001,0.001,1.0,hard_extinction,True,20,0.003584488165481684,0.001891110736721156,0.716607125240044,0.3782231137865381,0.0035830356262002198,0.0018911155689326905,0.018653719427356386,1.124190176537592e-05,0.002163752224170855,1.0818761120854275e-05,9.915372081032372e-05,0.019830831416718632,9.915415708359316e-05,2.4420796740069526e-05,0.004884253137105805,2.4421265685529023e-05,5.030229150906571e-05,0.009637492332696571,4.818746166348285e-05,0.0009427591633041211,0.18868635518736468,0.0009434317759368234,3.515745670544486e-05,0.007031531626463286,3.515765813231643e-05,0.0003710503154375757,0.07421022549900741,0.00037105112749503705,0.0003955677690207191,0.07911373218492126,0.00039556866092460634,0.0012005051780698771,0.2401846490507224,0.001200923245253612,0.0004543295721191117,0.09086430258087308,0.0004543215129043654,0.001891110736721156,0.3782231137865381,0.0018911155689326905,False,10,True,Col|Cs|Et|Eu.c|Eu.l|Im|Ld|Lsp|Mi|Va,coexistence
169,Bt_plus_all_10_NG,21,0.0655128556859551,off,ng_low_bt_high,0.0001,0.001,1.0,no_extinction_control,False,20,0.003584488165481684,0.001891110736721156,0.716607125240044,0.3782231137865381,0.0035830356262002198,0.0018911155689326905,0.018653719427356386,1.124190176537592e-05,0.002163752224170855,1.0818761120854275e-05,9.915372081032372e-05,0.019830831416718632,9.915415708359316e-05,2.4420796740069526e-05,0.004884253137105805,2.4421265685529023e-05,5.030229150906571e-05,0.009637492332696571,4.818746166348285e-05,0.0009427591633041211,0.18868635518736468,0.0009434317759368234,3.515745670544486e-05,0.007031531626463286,3.515765813231643e-05,0.0003710503154375757,0.07421022549900741,0.00037105112749503705,0.0003955677690207191,0.07911373218492126,0.00039556866092460634,0.0012005051780698771,0.2401846490507224,0.001200923245253612,0.0004543295721191117,0.09086430258087308,0.0004543215129043654,0.001891110736721156,0.3782231137865381,0.0018911155689326905,False,10,True,Col|Cs|Et|Eu.c|Eu.l|Im|Ld|Lsp|Mi|Va,coexistence
170,Bt_plus_all_10_NG,21,0.0655128556859551,off,ng_high_bt_low,0.1,1.0,0.001,hard_extinction,True,20,0.003586172668040726,0.001891106120436849,0.7169119713595311,0.3782222924375832,0.0035845598567976556,0.001891111462187916,0.020103847185681367,1.148473142921494e-05,0.0022077661152997037,1.1038830576498519e-05,9.915330168320608e-05,0.019830757058586626,9.915378529293313e-05,2.442219570264397e-05,0.004884389024084151,2.4421945120420754e-05,5.32681104190485e-05,0.010171697578822967,5.085848789411484e-05,0.0009418114072426664,0.18851667833685679,0.000942583391684284,3.515726173846747e-05,0.00703149712373014,3.51574856186507e-05,0.00037104953934314553,0.07421008743031271,0.00037105043715156353,0.0003955669166779579,0.07911358055468652,0.0003955679027734326,0.0011999177473419106,0.24007909092765228,0.0012003954546382614,0.0004543414564624647,0.09086642720949922,0.00045433213604749613,0.001891106120436849,0.3782222924375832,0.001891111462187916,False,10,True,Col|Cs|Et|Eu.c|Eu.l|Im|Ld|Lsp|Mi|Va,coexistence
171,Bt_plus_all_10_NG,21,0.0655128556859551,off,ng_high_bt_low,0.1,1.0,0.001,no_extinction_control,False,20,0.003586172668040726,0.001891106120436849,0.7169119713595311,0.3782222924375832,0.0035845598567976556,0.001891111462187916,0.020103847185681367,1.148473142921494e-05,0.0022077661152997037,1.1038830576498519e-05,9.915330168320608e-05,0.019830757058586626,9.915378529293313e-05,2.442219570264397e-05,0.004884389024084151,2.4421945120420754e-05,5.32681104190485e-05,0.010171697578822967,5.085848789411484e-05,0.0009418114072426664,0.18851667833685679,0.000942583391684284,3.515726173846747e-05,0.00703149712373014,3.51574856186507e-05,0.00037104953934314553,0.07421008743031271,0.00037105043715156353,0.0003955669166779579,0.07911358055468652,0.0003955679027734326,0.0011999177473419106,0.24007909092765228,0.0012003954546382614,0.0004543414564624647,0.09086642720949922,0.00045433213604749613,0.001891106120436849,0.3782222924375832,0.001891111462187916,False,10,True,Col|Cs|Et|Eu.c|Eu.l|Im|Ld|Lsp|Mi|Va,coexistence
172,Bt_plus_all_10_NG,21,0.0655128556859551,on,ng_low_bt_high,0.0001,0.001,1.0,hard_extinction,True,20,0.0031910246764200985,0.001902299286748558,0.6379975699730258,0.38045985778995706,0.0031899878498651293,0.0019022992889497852,0.006240292891697141,0.0,0.0,0.0,9.907873646972075e-05,0.019815747391059693,9.907873695529846e-05,0.0,0.0,0.0,0.0,0.0,0.0,0.00011345390901603008,0.022367073592086718,0.00011183536796043358,3.5595775465958984e-05,0.007119155155978252,3.559577577989126e-05,0.00035960823536461504,0.07192164715828388,0.0003596082357914194,0.00035100145640639866,0.07020029141477871,0.00035100145707389353,0.0017702212627606225,0.3541618035406145,0.0017708090177030724,0.0004620653009367523,0.09241185172022406,0.0004620592586011203,0.001902299286748558,0.38045985778995706,0.0019022992889497852,False,7,True,Cs|Eu.l|Im|Ld|Lsp|Mi|Va,coexistence
173,Bt_plus_all_10_NG,21,0.0655128556859551,on,ng_low_bt_high,0.0001,0.001,1.0,no_extinction_control,False,20,0.003191032704024906,0.001902299276135782,0.6379982333723256,0.38045985652959796,0.003189991166861628,0.0019022992826479897,0.22665432201322488,3.008352952459111e-09,3.569484755115487e-07,1.7847423775577435e-09,9.90787354032894e-05,0.019815747264259345,9.907873632129673e-05,5.866105127523324e-21,1.667195443031459e-19,8.335977215157295e-22,2.1287959653017167e-08,2.550537497554784e-06,1.275268748777392e-08,0.00011344582736036447,0.02236564684107591,0.00011182823420537955,3.559577490154417e-05,0.0071191550882508114,3.5595775441254056e-05,0.0003596082332223331,0.07192164690386098,0.0003596082345193049,0.00035100145283172387,0.07020029098998487,0.00035100145494992434,0.0017702129434715174,0.3541609720403449,0.0017708048602017245,0.0004620654405215278,0.09241186675857573,0.0004620593337928786,0.001902299276135782,0.38045985652959796,0.0019022992826479897,False,7,True,Cs|Eu.l|Im|Ld|Lsp|Mi|Va,coexistence
174,Bt_plus_all_10_NG,21,0.0655128556859551,on,ng_high_bt_low,0.1,1.0,0.001,hard_extinction,True,20,0.0024249062951818383,0.0019023074854129251,0.4852982772219297,0.3804614992526204,0.0024264913861096484,0.001902307496263102,0.03230981042243908,0.0,0.0,0.0,9.907937679184846e-05,0.019815875499922402,9.9079377499612e-05,0.0,0.0,0.0,0.0,0.0,0.0,2.9888873820088847e-05,0.006439458649238558,3.2197293246192794e-05,3.559605766320428e-05,0.007119211508806859,3.559605754403429e-05,0.0,0.0,0.0,0.0,0.0,0.0,0.0017985400926334501,0.3595621089919881,0.0017978105449599404,0.0004618018942732465,0.09236162257197378,0.0004618081128598689,0.0019023074854129251,0.3804614992526204,0.001902307496263102,False,5,True,Cs|Eu.l|Im|Mi|Va,coexistence
175,Bt_plus_all_10_NG,21,0.0655128556859551,on,ng_high_bt_low,0.1,1.0,0.001,no_extinction_control,False,20,0.002913059937699779,0.0019023044174812465,0.6018577077494489,0.380460666878947,0.0030092885387472445,0.001902303334394735,0.22791576887233767,5.487534188922704e-09,6.511085450662933e-07,3.2555427253314667e-09,9.907915064857921e-05,0.01981581462985564,9.907907314927821e-05,1.0497652784284308e-20,2.983534318505064e-19,1.4917671592525322e-21,4.599308356525794e-09,5.563171812726115e-07,2.781585906363057e-09,2.9885300231801093e-05,0.006438692221542745,3.219346110771373e-05,3.559596153017102e-05,0.007119185889735215,3.559592944867608e-05,0.00013714910779338775,0.046359500981946716,0.00023179750490973357,0.00035100299348479497,0.07020053810220722,0.0003510026905110361,0.0017985361025866576,0.3595613294916679,0.0017978066474583396,0.00046180123458184187,0.09236143900676708,0.0004618071950338354,0.0019023044174812465,0.380460666878947,0.001902303334394735,False,7,True,Cs|Eu.l|Im|Ld|Lsp|Mi|Va,coexistence
176,Bt_plus_all_10_NG,22,0.07196856730011521,off,ng_low_bt_high,0.0001,0.001,1.0,hard_extinction,True,20,0.003599772772285812,0.001886307939163126,0.7196855805437624,0.3772625389948291,0.0035984279027188116,0.0018863126949741455,0.01783129692574814,1.8103745142865426e-05,0.0035554662234560095,1.7777331117280048e-05,0.00010156483149510075,0.020313047531272294,0.00010156523765636148,3.041071161465788e-05,0.006082198713994174,3.041099356997087e-05,5.2256617054068495e-05,0.010030902051596307,5.015451025798153e-05,0.0009445912528685395,0.1890533167104847,0.0009452665835524235,3.9316785956447725e-05,0.00786339221217439,3.9316961060871945e-05,0.000370939020461775,0.07418796417428632,0.00037093982087143157,0.0003952665978379992,0.07905349500775177,0.00039526747503875885,0.0011919716106030267,0.23847701520651574,0.0011923850760325787,0.00045535159925133133,0.0910687827122307,0.0004553439135611535,0.001886307939163126,0.3772625389948291,0.0018863126949741455,False,10,True,Col|Cs|Et|Eu.c|Eu.l|Im|Ld|Lsp|Mi|Va,coexistence
177,Bt_plus_all_10_NG,22,0.07196856730011521,off,ng_low_bt_high,0.0001,0.001,1.0,no_extinction_control,False,20,0.003599772772285812,0.001886307939163126,0.7196855805437624,0.3772625389948291,0.0035984279027188116,0.0018863126949741455,0.01783129692574814,1.8103745142865426e-05,0.0035554662234560095,1.7777331117280048e-05,0.00010156483149510075,0.020313047531272294,0.00010156523765636148,3.041071161465788e-05,0.006082198713994174,3.041099356997087e-05,5.2256617054068495e-05,0.010030902051596307,5.015451025798153e-05,0.0009445912528685395,0.1890533167104847,0.0009452665835524235,3.9316785956447725e-05,0.00786339221217439,3.9316961060871945e-05,0.000370939020461775,0.07418796417428632,0.00037093982087143157,0.0003952665978379992,0.07905349500775177,0.00039526747503875885,0.0011919716106030267,0.23847701520651574,0.0011923850760325787,0.00045535159925133133,0.0910687827122307,0.0004553439135611535,0.001886307939163126,0.3772625389948291,0.0018863126949741455,False,10,True,Col|Cs|Et|Eu.c|Eu.l|Im|Ld|Lsp|Mi|Va,coexistence
178,Bt_plus_all_10_NG,22,0.07196856730011521,off,ng_high_bt_low,0.1,1.0,0.001,hard_extinction,True,20,0.003600832326356504,0.0018863077224928618,0.7198781935034166,0.3772624955500053,0.003599390967517083,0.0018863124777500264,0.019280119115173022,1.77232182268909e-05,0.0034875684567730065,1.7437842283865033e-05,0.00010156481351661782,0.02031304395790536,0.0001015652197895268,3.0410818489930392e-05,0.0060822075119235245,3.041103755961762e-05,5.522038156368094e-05,0.010564508075155486,5.282254037577743e-05,0.0009436374086796295,0.18888255065967338,0.0009444127532983669,3.931677820377565e-05,0.007863390682360425,3.9316953411802124e-05,0.0003709389836382301,0.07418795680285219,0.00037093978401426094,0.00039526655775402983,0.07905348697847961,0.00039526743489239806,0.0011913894465767421,0.23837249980762606,0.0011918624990381304,0.0004553639197069771,0.0910709805706676,0.00045535490285333804,0.0018863077224928618,0.3772624955500053,0.0018863124777500264,False,10,True,Col|Cs|Et|Eu.c|Eu.l|Im|Ld|Lsp|Mi|Va,coexistence
179,Bt_plus_all_10_NG,22,0.07196856730011521,off,ng_high_bt_low,0.1,1.0,0.001,no_extinction_control,False,20,0.003600832326356504,0.0018863077224928618,0.7198781935034166,0.3772624955500053,0.003599390967517083,0.0018863124777500264,0.019280119115173022,1.77232182268909e-05,0.0034875684567730065,1.7437842283865033e-05,0.00010156481351661782,0.02031304395790536,0.0001015652197895268,3.0410818489930392e-05,0.0060822075119235245,3.041103755961762e-05,5.522038156368094e-05,0.010564508075155486,5.282254037577743e-05,0.0009436374086796295,0.18888255065967338,0.0009444127532983669,3.931677820377565e-05,0.007863390682360425,3.9316953411802124e-05,0.0003709389836382301,0.07418795680285219,0.00037093978401426094,0.00039526655775402983,0.07905348697847961,0.00039526743489239806,0.0011913894465767421,0.23837249980762606,0.0011918624990381304,0.0004553639197069771,0.0910709805706676,0.00045535490285333804,0.0018863077224928618,0.3772624955500053,0.0018863124777500264,False,10,True,Col|Cs|Et|Eu.c|Eu.l|Im|Ld|Lsp|Mi|Va,coexistence
180,Bt_plus_all_10_NG,22,0.07196856730011521,on,ng_low_bt_high,0.0001,0.001,1.0,hard_extinction,True,20,0.0031950068632030705,0.001899656633314208,0.6387961802458147,0.3799313273237799,0.003193980901229074,0.0018996566366188993,0.006133463374798254,0.0,0.0,0.0,0.00010161983402383935,0.020323966913441724,0.00010161983456720863,0.0,0.0,0.0,0.0,0.0,0.0,0.00011451790335165313,0.022582390881297893,0.00011291195440648947,3.9784629734927945e-05,0.007956925993494478,3.978462996747239e-05,0.00035908756051666304,0.07181751223274072,0.00035908756116370357,0.0003501936649174401,0.07003873318719077,0.00035019366593595384,0.0017662898758287226,0.35337512398501775,0.0017668756199250887,0.0004635133948298243,0.09270152705263143,0.0004635076352631572,0.001899656633314208,0.3799313273237799,0.0018996566366188993,False,7,True,Cs|Eu.l|Im|Ld|Lsp|Mi|Va,coexistence
181,Bt_plus_all_10_NG,22,0.07196856730011521,on,ng_low_bt_high,0.0001,0.001,1.0,no_extinction_control,False,20,0.0031950163067964656,0.0018996566175111845,0.6387970148745201,0.3799313254125815,0.0031939850743726004,0.0018996566270629075,0.22160039316397384,4.272382122338269e-09,5.1750770416919e-07,2.5875385208459497e-09,0.00010161983255767103,0.02032396673602607,0.00010161983368013035,6.070463800019021e-21,1.7286952782871614e-19,8.643476391435807e-22,2.2058651297685223e-08,2.648472397449407e-06,1.3242361987247036e-08,0.00011450950990509587,0.022580909677006034,0.00011290454838503018,3.978462905751103e-05,0.007956925911193246,3.978462955596623e-05,0.00035908755732378945,0.07181751184658847,0.00035908755923294236,0.00035019365959536227,0.07003873254321637,0.0003501936627160818,0.0017662812555540547,0.3533742603634484,0.001766871301817242,0.0004635135317695611,0.09270154181693988,0.00046350770908469937,0.0018996566175111845,0.3799313254125815,0.0018996566270629075,False,7,True,Cs|Eu.l|Im|Ld|Lsp|Mi|Va,coexistence
182,Bt_plus_all_10_NG,22,0.07196856730011521,on,ng_high_bt_low,0.1,1.0,0.001,hard_extinction,True,20,0.0024088944703463617,0.001899665395478126,0.4817788940614651,0.37993307909984025,0.0024088944703073256,0.0018996653954992013,7.212639374643004e-10,0.0,0.0,0.0,0.0001016204971193608,0.020324099424504905,0.00010162049712252452,0.0,0.0,0.0,0.0,0.0,0.0,0.0,0.0,0.0,3.978491652028903e-05,0.00795698329084308,3.97849164542154e-05,0.0,0.0,0.0,0.0,0.0,0.0,0.0018043038153561259,0.36086076307511267,0.0018043038153755632,0.0004631852413505857,0.09263704827100451,0.0004631852413550226,0.001899665395478126,0.37993307909984025,0.0018996653954992013,True,4,True,Cs|Im|Mi|Va,coexistence
183,Bt_plus_all_10_NG,22,0.07196856730011521,on,ng_high_bt_low,0.1,1.0,0.001,no_extinction_control,False,20,0.0027632231965911557,0.0018996637709765148,0.5527398734425334,0.37993275625881817,0.002763699367212667,0.0018996637812940908,0.21773186114658571,5.80108844221688e-09,7.026820928700376e-07,3.513410464350188e-09,0.00010162037711577243,0.02032407559906519,0.00010162037799532595,5.553610131777503e-21,1.581524379566078e-19,7.907621897830389e-22,2.426967728194505e-09,2.9518716809241096e-07,1.4759358404620549e-09,5.674538502550817e-06,0.0012591905870516663,6.295952935258331e-06,3.9784864169749794e-05,0.007956972899268158,3.978486449634079e-05,1.5745448122432556e-07,4.049336793393822e-05,2.024668396696911e-07,0.0003501957469422775,0.07003915565354937,0.0003501957782677469,0.0018025839304165359,0.3604790853015068,0.001802395426507534,0.0004631980569068745,0.09263990216489731,0.0004631995108244866,0.0018996637709765148,0.37993275625881817,0.0018996637812940908,False,6,True,Cs|Eu.l|Im|Lsp|Mi|Va,coexistence
184,Bt_plus_all_10_NG,23,0.07906043210907697,off,ng_low_bt_high,0.0001,0.001,1.0,hard_extinction,True,20,0.0036143709420476946,0.0018799489796587016,0.7226346817920928,0.37599063773312064,0.003613173408960464,0.0018799531886656033,0.01707170353874421,2.6755204389146535e-05,0.005312940947625432,2.6564704738127157e-05,0.00010392111050478768,0.02078429021318681,0.00010392145106593404,3.600589512472418e-05,0.007201219684501523,3.600609842250762e-05,5.418013151267097e-05,0.01041833568800897,5.209167844004485e-05,0.0009461481506108596,0.1893652993137693,0.0009468264965688465,4.354423362423382e-05,0.00870887468095272,4.35443734047636e-05,0.0003707050110994601,0.0741411441935558,0.000370705720967779,0.00039477254252554933,0.07895466373037506,0.0003947733186518753,0.0011820098297178957,0.23648362379956975,0.0011824181189978487,0.00045632883293836654,0.09126428954054742,0.0004563214477027371,0.0018799489796587016,0.37599063773312064,0.0018799531886656033,False,10,True,Col|Cs|Et|Eu.c|Eu.l|Im|Ld|Lsp|Mi|Va,coexistence
185,Bt_plus_all_10_NG,23,0.07906043210907697,off,ng_low_bt_high,0.0001,0.001,1.0,no_extinction_control,False,20,0.0036143709420476946,0.0018799489796587016,0.7226346817920928,0.37599063773312064,0.003613173408960464,0.0018799531886656033,0.01707170353874421,2.6755204389146535e-05,0.005312940947625432,2.6564704738127157e-05,0.00010392111050478768,0.02078429021318681,0.00010392145106593404,3.600589512472418e-05,0.007201219684501523,3.600609842250762e-05,5.418013151267097e-05,0.01041833568800897,5.209167844004485e-05,0.0009461481506108596,0.1893652993137693,0.0009468264965688465,4.354423362423382e-05,0.00870887468095272,4.35443734047636e-05,0.0003707050110994601,0.0741411441935558,0.000370705720967779,0.00039477254252554933,0.07895466373037506,0.0003947733186518753,0.0011820098297178957,0.23648362379956975,0.0011824181189978487,0.00045632883293836654,0.09126428954054742,0.0004563214477027371,0.0018799489796587016,0.37599063773312064,0.0018799531886656033,False,10,True,Col|Cs|Et|Eu.c|Eu.l|Im|Ld|Lsp|Mi|Va,coexistence
186,Bt_plus_all_10_NG,23,0.07906043210907697,off,ng_high_bt_low,0.1,1.0,0.001,hard_extinction,True,20,0.0036144962293882246,0.0018799573809228829,0.7226685205519353,0.3759920543460631,0.003613342602759677,0.0018799602717303155,0.018479355247472462,2.5472152844268633e-05,0.005092275294623961,2.5461376473119805e-05,0.00010392179518627563,0.020784405696364548,0.00010392202848182275,3.6006317578048136e-05,0.007201290188184466,3.600645094092233e-05,5.706288735011591e-05,0.010937155405321171,5.4685777026605855e-05,0.0009452154415259074,0.18919821760112593,0.0009459910880056297,4.354451540412277e-05,0.008708922209327633,4.354461104663816e-05,0.0003707064275678516,0.07414138303665949,0.0003707069151832974,0.00039477409199061524,0.07895492500279667,0.00039477462501398336,0.0011814504683984824,0.23638330476420377,0.0011819165238210188,0.00045634213154253683,0.09126664135332772,0.0004563332067666386,0.0018799573809228829,0.3759920543460631,0.0018799602717303155,False,10,True,Col|Cs|Et|Eu.c|Eu.l|Im|Ld|Lsp|Mi|Va,coexistence
187,Bt_plus_all_10_NG,23,0.07906043210907697,off,ng_high_bt_low,0.1,1.0,0.001,no_extinction_control,False,20,0.0036144962293882246,0.0018799573809228829,0.7226685205519353,0.3759920543460631,0.003613342602759677,0.0018799602717303155,0.018479355247472462,2.5472152844268633e-05,0.005092275294623961,2.5461376473119805e-05,0.00010392179518627563,0.020784405696364548,0.00010392202848182275,3.6006317578048136e-05,0.007201290188184466,3.600645094092233e-05,5.706288735011591e-05,0.010937155405321171,5.4685777026605855e-05,0.0009452154415259074,0.18919821760112593,0.0009459910880056297,4.354451540412277e-05,0.008708922209327633,4.354461104663816e-05,0.0003707064275678516,0.07414138303665949,0.0003707069151832974,0.00039477409199061524,0.07895492500279667,0.00039477462501398336,0.0011814504683984824,0.23638330476420377,0.0011819165238210188,0.00045634213154253683,0.09126664135332772,0.0004563332067666386,0.0018799573809228829,0.3759920543460631,0.0018799602717303155,False,10,True,Col|Cs|Et|Eu.c|Eu.l|Im|Ld|Lsp|Mi|Va,coexistence
188,Bt_plus_all_10_NG,23,0.07906043210907697,on,ng_low_bt_high,0.0001,0.001,1.0,hard_extinction,True,20,0.0028628297147181994,0.0018960588149921941,0.571688896570761,0.3792117818795597,0.002858444482853805,0.0018960589093977983,0.06682411003098743,0.0,0.0,0.0,0.00010413076382716053,0.020826154220849855,0.00010413077110424928,0.0,0.0,0.0,0.0,0.0,0.0,0.00011544738599851379,0.022770046642352184,0.00011385023321176091,4.405855554703667e-05,0.008811711743678587,4.405855871839294e-05,2.3617409744462383e-05,0.00404984262368236,2.02492131184118e-05,0.000349088918053777,0.06981778939123454,0.00034908894695617266,0.0017614546207438977,0.35240803103994933,0.0017620401551997466,0.0004650320608033511,0.09300532090901423,0.0004650266045450711,0.0018960588149921941,0.3792117818795597,0.0018960589093977983,False,7,True,Cs|Eu.l|Im|Ld|Lsp|Mi|Va,coexistence
189,Bt_plus_all_10_NG,23,0.07906043210907697,on,ng_low_bt_high,0.0001,0.001,1.0,no_extinction_control,False,20,0.002862829746041854,0.0018960587913076517,0.5716880244103428,0.3792117789720957,0.002858440122051714,0.0018960588948604784,0.22066072500187772,6.134810970668507e-09,7.591156761371417e-07,3.795578380685708e-09,0.00010413076178440627,0.020826153969858298,0.00010413076984929149,6.196230297855478e-21,1.7665708158622118e-19,8.83285407931106e-22,2.2847385649510184e-08,2.7491168331299963e-06,1.3745584165649981e-08,0.00011543866388214655,0.022768507822364965,0.00011384253911182483,4.405855467718674e-05,0.008811711636605433,4.405855818302717e-05,2.3605991144725434e-05,0.004047884855799224,2.023942427899612e-05,0.00034908891006040036,0.06981778840913297,0.00034908894204566484,0.0017614456884576428,0.3524071342342513,0.0017620356711712565,0.0004650321938387255,0.09300533524982141,0.00046502667624910706,0.0018960587913076517,0.3792117789720957,0.0018960588948604784,False,7,True,Cs|Eu.l|Im|Ld|Lsp|Mi|Va,coexistence
190,Bt_plus_all_10_NG,23,0.07906043210907697,on,ng_high_bt_low,0.1,1.0,0.001,hard_extinction,True,20,0.002412852645203291,0.0018960608605667886,0.48257052903836734,0.37921217211611463,0.0024128526451918366,0.0018960608605805731,2.873816740134316e-10,0.0,0.0,0.0,0.00010413092162278008,0.020826184324947646,0.00010413092162473823,0.0,0.0,0.0,0.0,0.0,0.0,0.0,0.0,0.0,4.405862431610042e-05,0.008811724857389186,4.405862428694593e-05,0.0,0.0,0.0,0.0,0.0,0.0,0.0017999483368640469,0.3599896673753717,0.0017999483368768584,0.0004647147624003636,0.09294295248065883,0.0004647147624032941,0.0018960608605667886,0.37921217211611463,0.0018960608605805731,True,4,True,Cs|Im|Mi|Va,coexistence
191,Bt_plus_all_10_NG,23,0.07906043210907697,on,ng_high_bt_low,0.1,1.0,0.001,no_extinction_control,False,20,0.0027452876563403006,0.001896059641563301,0.5522846430808934,0.3792118392340446,0.0027614232154044675,0.0018960591961702231,0.2145361844989786,4.977714903816354e-09,6.15940523071378e-07,3.07970261535689e-09,0.00010413084066838862,0.020826161397212398,0.000104130806986062,5.591968326879928e-22,1.5942928145059414e-20,7.971464072529708e-23,1.1916297221080495e-09,1.4534572024191642e-07,7.267286012095821e-10,2.38160274275572e-06,0.0005310890016342759,2.6554450081713796e-06,4.405858940098632e-05,0.008811714885000141,4.4058574425000707e-05,3.492060630924223e-11,6.027014119514055e-09,3.0135070597570276e-11,0.0003307658513791738,0.0693425613497412,0.00034671280674870603,0.0017992248428449784,0.35982830480691036,0.0017991415240345518,0.00046471972503878573,0.09294404432713765,0.0004647202216356883,0.001896059641563301,0.3792118392340446,0.0018960591961702231,False,6,True,Cs|Eu.l|Im|Lsp|Mi|Va,coexistence
192,Bt_plus_all_10_NG,24,0.08685113737513525,off,ng_low_bt_high,0.0001,0.001,1.0,hard_extinction,True,20,0.0036266971784726407,0.001871232239058271,0.7251232601080699,0.37424717761708826,0.0036256163005403495,0.0018712358880854413,0.016437699631209668,3.6350044345820936e-05,0.007252912268847219,3.626456134423609e-05,0.00010620579777507525,0.021241215566144587,0.00010620607783072294,4.1353275391496156e-05,0.008270685489697649,4.135342744848824e-05,5.5899780810139894e-05,0.01076471164150911,5.3823558207545545e-05,0.0009471474421458563,0.18956603882002254,0.0009478301941001127,4.826828652461572e-05,0.009653679834546312,4.8268399172731564e-05,0.0003702488262817058,0.07404988867330592,0.0003702494433665296,0.0003939591262462545,0.07879195983622111,0.00039395979918110556,0.0011701159906911814,0.23410386131276106,0.0011705193065638052,0.0004571486082604945,0.09142830666501449,0.00045714153332507247,0.001871232239058271,0.37424717761708826,0.0018712358880854413,False,10,True,Col|Cs|Et|Eu.c|Eu.l|Im|Ld|Lsp|Mi|Va,coexistence
193,Bt_plus_all_10_NG,24,0.08685113737513525,off,ng_low_bt_high,0.0001,0.001,1.0,no_extinction_control,False,20,0.0036266971784726407,0.001871232239058271,0.7251232601080699,0.37424717761708826,0.0036256163005403495,0.0018712358880854413,0.016437699631209668,3.6350044345820936e-05,0.007252912268847219,3.626456134423609e-05,0.00010620579777507525,0.021241215566144587,0.00010620607783072294,4.1353275391496156e-05,0.008270685489697649,4.135342744848824e-05,5.5899780810139894e-05,0.01076471164150911,5.3823558207545545e-05,0.0009471474421458563,0.18956603882002254,0.0009478301941001127,4.826828652461572e-05,0.009653679834546312,4.8268399172731564e-05,0.0003702488262817058,0.07404988867330592,0.0003702494433665296,0.0003939591262462545,0.07879195983622111,0.00039395979918110556,0.0011701159906911814,0.23410386131276106,0.0011705193065638052,0.0004571486082604945,0.09142830666501449,0.00045714153332507247,0.001871232239058271,0.37424717761708826,0.0018712358880854413,False,10,True,Col|Cs|Et|Eu.c|Eu.l|Im|Ld|Lsp|Mi|Va,coexistence
194,Bt_plus_all_10_NG,24,0.08685113737513525,off,ng_high_bt_low,0.1,1.0,0.001,hard_extinction,True,20,0.003625338233648965,0.0018712583834102237,0.7249223523661145,0.37425141315941957,0.003624611761830573,0.0018712570657970979,0.017720213202393253,3.367928608566492e-05,0.006815681644345845,3.407840822172923e-05,0.00010620782480473174,0.021241544200692505,0.00010620772100346252,4.1354397535791074e-05,0.008270867631860614,4.135433815930307e-05,5.8533568575934446e-05,0.011238666510434028,5.6193332552170137e-05,0.000946296466790482,0.1894131821329684,0.000947065910664842,4.826910373630162e-05,0.009653812356698823,4.8269061783494114e-05,0.0003702532484840583,0.07405060513511938,0.0003702530256755969,0.000393963950778488,0.07879274148934748,0.0003939637074467374,0.0011696162084376413,0.2340142667186309,0.0011700713335931546,0.0004571641784198712,0.0914309845460165,0.00045715492273008254,0.0018712583834102237,0.37425141315941957,0.0018712570657970979,False,10,True,Col|Cs|Et|Eu.c|Eu.l|Im|Ld|Lsp|Mi|Va,coexistence
195,Bt_plus_all_10_NG,24,0.08685113737513525,off,ng_high_bt_low,0.1,1.0,0.001,no_extinction_control,False,20,0.003625338233648965,0.0018712583834102237,0.7249223523661145,0.37425141315941957,0.003624611761830573,0.0018712570657970979,0.017720213202393253,3.367928608566492e-05,0.006815681644345845,3.407840822172923e-05,0.00010620782480473174,0.021241544200692505,0.00010620772100346252,4.1354397535791074e-05,0.008270867631860614,4.135433815930307e-05,5.8533568575934446e-05,0.011238666510434028,5.6193332552170137e-05,0.000946296466790482,0.1894131821329684,0.000947065910664842,4.826910373630162e-05,0.009653812356698823,4.8269061783494114e-05,0.0003702532484840583,0.07405060513511938,0.0003702530256755969,0.000393963950778488,0.07879274148934748,0.0003939637074467374,0.0011696162084376413,0.2340142667186309,0.0011700713335931546,0.0004571641784198712,0.0914309845460165,0.00045715492273008254,0.0018712583834102237,0.37425141315941957,0.0018712570657970979,False,10,True,Col|Cs|Et|Eu.c|Eu.l|Im|Ld|Lsp|Mi|Va,coexistence
196,Bt_plus_all_10_NG,24,0.08685113737513525,on,ng_low_bt_high,0.0001,0.001,1.0,hard_extinction,True,20,0.0028407930700563777,0.0018909258190683625,0.5679564328917427,0.3781851650614765,0.002839782164458713,0.0018909258253073824,0.0060045198067770755,0.0,0.0,0.0,0.000106600262590882,0.021320052653431093,0.00010660026326715546,0.0,0.0,0.0,0.0,0.0,0.0,0.00011601594079692507,0.02288459031343991,0.00011442295156719954,4.885969565336433e-05,0.009771939169103815,4.885969584551907e-05,0.0,0.0,0.0,0.0003475034522162451,0.06950069083660813,0.00034750345418304066,0.001755259652320121,0.3511693855420227,0.0017558469277101135,0.0004665540664788401,0.09330977437713701,0.0004665488718856851,0.0018909258190683625,0.3781851650614765,0.0018909258253073824,False,6,True,Cs|Eu.l|Im|Lsp|Mi|Va,coexistence
197,Bt_plus_all_10_NG,24,0.08685113737513525,on,ng_low_bt_high,0.0001,0.001,1.0,no_extinction_control,False,20,0.0028408115315196212,0.0018909257822571407,0.5679583089343214,0.37818516043056044,0.0028397915446716072,0.0018909258021528022,0.2920405559110648,8.78173525735391e-09,1.1098240411019339e-06,5.549120205509669e-09,0.00010660025963025297,0.02132005228096127,0.00010660026140480636,6.158012276777227e-21,1.754907897587769e-19,8.774539487938845e-22,2.3638606507939008e-08,2.850295848460952e-06,1.4251479242304761e-08,0.0001160068931197929,0.022882993848467127,0.00011441496924233563,4.885969442536e-05,0.009771939014429434,4.8859695072147165e-05,4.239539581321539e-09,4.327229020557227e-07,2.1636145102786136e-09,0.0003475034397664256,0.06950068926999564,0.00034750344634997823,0.0017552503909304496,0.3511684536190515,0.0017558422680952577,0.00046655419376599386,0.0933097880586248,0.000466548940293124,0.0018909257822571407,0.37818516043056044,0.0018909258021528022,False,6,True,Cs|Eu.l|Im|Lsp|Mi|Va,coexistence
198,Bt_plus_all_10_NG,24,0.08685113737513525,on,ng_high_bt_low,0.1,1.0,0.001,hard_extinction,True,20,0.0006378034226135647,0.001890975544334609,0.127560684512642,0.3781951088755184,0.0006378034225632098,0.0018909755443775919,5.809859260352823e-10,0.0,0.0,0.0,0.00010660323058527696,0.021320646118116734,0.00010660323059058366,0.0,0.0,0.0,0.0,0.0,0.0,0.0,0.0,0.0,4.8861353507277445e-05,0.009772270688382441,4.8861353441912204e-05,0.0,0.0,0.0,0.0,0.0,0.0,0.0,0.0,0.0,0.0004823388385210103,0.0964677677061428,0.000482338838530714,0.001890975544334609,0.3781951088755184,0.0018909755443775919,True,3,True,Cs|Im|Va,coexistence
199,Bt_plus_all_10_NG,24,0.08685113737513525,on,ng_high_bt_low,0.1,1.0,0.001,no_extinction_control,False,20,0.002416067687530876,0.0018909273662380288,0.4832177955236539,0.37818547413812925,0.0024160889776182696,0.0018909273706906463,0.2133706666952513,2.914113347475525e-09,3.68289871401369e-07,1.8414493570068448e-09,0.00010660038014083395,0.021320076099355097,0.00010660038049677549,2.071732482729122e-22,5.9040223976170725e-21,2.9520111988085364e-23,1.0022877514157618e-09,1.2256790341551731e-07,6.128395170775866e-10,2.6711116126332623e-07,5.97395872585957e-05,2.986979362929785e-07,4.88597484031753e-05,0.009771949697163216,4.885974848581608e-05,3.702891954340242e-16,3.8194435555381405e-14,1.9097217777690702e-16,1.1847708028172211e-09,3.377331197988677e-07,1.6886655989943386e-09,0.0017940838402386997,0.3588148874557876,0.001794074437278938,0.00046625150641463163,0.09325031409315658,0.0004662515704657829,0.0018909273662380288,0.37818547413812925,0.0018909273706906463,False,4,True,Cs|Im|Mi|Va,coexistence
200,Bt_plus_all_10_NG,25,0.09540954763499938,off,ng_low_bt_high,0.0001,0.001,1.0,hard_extinction,True,20,0.0036343876363842138,0.0018586449266285773,0.7266741956596566,0.3717296633740043,0.003633370978298283,0.0018586483168700216,0.016052117972503055,4.586402492962982e-05,0.009166504703042994,4.5832523515214975e-05,0.00010838623339249712,0.02167729619657999,0.00010838648098289995,4.675119765035168e-05,0.009350264605549401,4.675132302774701e-05,5.705998084490157e-05,0.010997893224788217,5.4989466123941086e-05,0.0009470342725130107,0.18954497143042268,0.0009477248571521133,5.442440745356359e-05,0.010884901987064015,5.442450993532007e-05,0.0003693602401506782,0.07387216307544436,0.0003693608153772218,0.00039257430799463986,0.07851498671302203,0.0003925749335651101,0.0011553715112474002,0.23115426325089883,0.001155771316254494,0.0004575614602075407,0.09151095047284408,0.0004575547523642204,0.0018586449266285773,0.3717296633740043,0.0018586483168700216,False,10,True,Col|Cs|Et|Eu.c|Eu.l|Im|Ld|Lsp|Mi|Va,coexistence
201,Bt_plus_all_10_NG,25,0.09540954763499938,off,ng_low_bt_high,0.0001,0.001,1.0,no_extinction_control,False,20,0.0036343876363842138,0.0018586449266285773,0.7266741956596566,0.3717296633740043,0.003633370978298283,0.0018586483168700216,0.016052117972503055,4.586402492962982e-05,0.009166504703042994,4.5832523515214975e-05,0.00010838623339249712,0.02167729619657999,0.00010838648098289995,4.675119765035168e-05,0.009350264605549401,4.675132302774701e-05,5.705998084490157e-05,0.010997893224788217,5.4989466123941086e-05,0.0009470342725130107,0.18954497143042268,0.0009477248571521133,5.442440745356359e-05,0.010884901987064015,5.442450993532007e-05,0.0003693602401506782,0.07387216307544436,0.0003693608153772218,0.00039257430799463986,0.07851498671302203,0.0003925749335651101,0.0011553715112474002,0.23115426325089883,0.001155771316254494,0.0004575614602075407,0.09151095047284408,0.0004575547523642204,0.0018586449266285773,0.3717296633740043,0.0018586483168700216,False,10,True,Col|Cs|Et|Eu.c|Eu.l|Im|Ld|Lsp|Mi|Va,coexistence
202,Bt_plus_all_10_NG,25,0.09540954763499938,off,ng_high_bt_low,0.1,1.0,0.001,hard_extinction,True,20,0.0036284663038068333,0.0018587330903039915,0.7257620405036894,0.3717435987848979,0.0036288102025184466,0.0018587179939244893,0.016818342044510715,3.902254695672366e-05,0.008091332370751188,4.045666185375594e-05,0.00010839274421800897,0.021678327124431056,0.00010839163562215528,4.6754542346237405e-05,0.009350795765366106,4.675397882683053e-05,5.8656000465202206e-05,0.011285585622406766,5.642792811203383e-05,0.0009465561209395627,0.18945730227907856,0.0009472865113953928,5.442710335492794e-05,0.010885328905717093,5.442664452858547e-05,0.0003693752088024899,0.07387452952048233,0.00036937264760241166,0.0003925905925753477,0.07851756120840656,0.0003925878060420328,0.0011551055701636591,0.23110637431586167,0.0011555318715793083,0.0004575858739846738,0.09151490339118802,0.0004575745169559401,0.0018587330903039915,0.3717435987848979,0.0018587179939244893,False,10,True,Col|Cs|Et|Eu.c|Eu.l|Im|Ld|Lsp|Mi|Va,coexistence
203,Bt_plus_all_10_NG,25,0.09540954763499938,off,ng_high_bt_low,0.1,1.0,0.001,no_extinction_control,False,20,0.0036284663038068333,0.0018587330903039915,0.7257620405036894,0.3717435987848979,0.0036288102025184466,0.0018587179939244893,0.016818342044510715,3.902254695672366e-05,0.008091332370751188,4.045666185375594e-05,0.00010839274421800897,0.021678327124431056,0.00010839163562215528,4.6754542346237405e-05,0.009350795765366106,4.675397882683053e-05,5.8656000465202206e-05,0.011285585622406766,5.642792811203383e-05,0.0009465561209395627,0.18945730227907856,0.0009472865113953928,5.442710335492794e-05,0.010885328905717093,5.442664452858547e-05,0.0003693752088024899,0.07387452952048233,0.00036937264760241166,0.0003925905925753477,0.07851756120840656,0.0003925878060420328,0.0011551055701636591,0.23110637431586167,0.0011555318715793083,0.0004575858739846738,0.09151490339118802,0.0004575745169559401,0.0018587330903039915,0.3717435987848979,0.0018587179939244893,False,10,True,Col|Cs|Et|Eu.c|Eu.l|Im|Ld|Lsp|Mi|Va,coexistence
204,Bt_plus_all_10_NG,25,0.09540954763499938,on,ng_low_bt_high,0.0001,0.001,1.0,hard_extinction,True,20,0.00249471263658928,0.0018831295730319117,0.4987396547926324,0.37662591623893127,0.0024936982739631615,0.0018831295811946563,0.006059908298478689,0.0,0.0,0.0,0.00010900803538711451,0.02180160723332767,0.00010900803616663835,0.0,0.0,0.0,0.0,0.0,0.0,0.0001158449732230687,0.022847952163633046,0.00011423976081816522,5.515561253979362e-05,0.011031122546015038,5.515561273007519e-05,0.0,0.0,0.0,0.0,0.0,0.0,0.0017467931912136417,0.3494777974418529,0.0017473889872092645,0.0004679108242256614,0.0935811754078037,0.00046790587703901846,0.0018831295730319117,0.37662591623893127,0.0018831295811946563,False,5,True,Cs|Eu.l|Im|Mi|Va,coexistence
205,Bt_plus_all_10_NG,25,0.09540954763499938,on,ng_low_bt_high,0.0001,0.001,1.0,no_extinction_control,False,20,0.0024949418067121074,0.0018831295165341244,0.4987679259818885,0.37662590899662973,0.0024938396299094426,0.0018831295449831488,0.21897823329903865,1.215093848612482e-08,1.564995945549265e-06,7.824979727746325e-09,0.00010900803113390386,0.021801606685454205,0.00010900803342727103,5.805484597102732e-21,1.6484395692098555e-19,8.242197846049278e-22,2.431609172880097e-08,2.9372020619712963e-06,1.468601030985648e-08,0.00011583858870260451,0.022846819886711858,0.00011423409943355929,5.5155610700120746e-05,0.011031122308341187,5.5155611541705936e-05,2.263051472488286e-14,1.126225023294924e-12,5.63112511647462e-15,2.0963099832759605e-07,2.604344952535665e-05,1.3021724762678326e-07,0.0017467825259642623,0.34947664178030635,0.0017473832089015318,0.00046791095216004264,0.0935811896724158,0.000467905948362079,0.0018831295165341244,0.37662590899662973,0.0018831295449831488,False,5,True,Cs|Eu.l|Im|Mi|Va,coexistence
206,Bt_plus_all_10_NG,25,0.09540954763499938,on,ng_high_bt_low,0.1,1.0,0.001,hard_extinction,True,20,0.0006467292330003808,0.001883179326893399,0.1293458464314398,0.3766358655715945,0.0006467292321571989,0.0018831793278579726,9.130154410286195e-09,0.0,0.0,0.0,0.00010901105160170094,0.02180221033981213,0.00010901105169906064,0.0,0.0,0.0,0.0,0.0,0.0,0.0,0.0,0.0,5.515769068723323e-05,0.01103153790553108,5.51576895276554e-05,0.0,0.0,0.0,0.0,0.0,0.0,0.0,0.0,0.0,0.0004825604907114466,0.09651209818609657,0.0004825604909304829,0.001883179326893399,0.3766358655715945,0.0018831793278579726,True,3,True,Cs|Im|Va,coexistence
207,Bt_plus_all_10_NG,25,0.09540954763499938,on,ng_high_bt_low,0.1,1.0,0.001,no_extinction_control,False,20,0.0024177282246237064,0.0018831292702819983,0.48354565067164035,0.37662585447638686,0.0024177282533582017,0.0018831292723819344,0.21173788490207812,8.004965867455835e-10,1.0310495659415321e-07,5.155247829707661e-10,0.00010900802233724274,0.021801604504379787,0.00010900802252189893,1.0012282108574759e-23,2.8429358336920354e-22,1.4214679168460177e-24,2.5746032335528226e-10,3.154577940412774e-08,1.577288970206387e-10,4.3912563383666345e-09,9.815751239316364e-07,4.907875619658182e-09,5.51556008016019e-05,0.011031119958226775,5.515559979113387e-05,1.1956347649886249e-22,5.953998352047341e-21,2.976999176023671e-23,3.1085823704964205e-17,3.865627995261796e-15,1.9328139976308982e-17,0.0017859351201839268,0.3571870033999965,0.0017859350169999824,0.00046762403208765554,0.0935248065831735,0.0004676240329158675,0.0018831292702819983,0.37662585447638686,0.0018831292723819344,False,4,True,Cs|Im|Mi|Va,coexistence
208,Bt_plus_all_10_NG,26,0.10481131341546858,off,ng_low_bt_high,0.0001,0.001,1.0,hard_extinction,True,20,0.0036332616536475103,0.0018387975112919724,0.7264537788714769,0.36776019419873274,0.0036322688943573843,0.0018388009709936638,0.016214090384191415,5.4070598449224816e-05,0.010811791234828992,5.4058956174144965e-05,0.0001103554822012508,0.02207114489754981,0.00011035572448774905,5.280015781954303e-05,0.01056005531435221,5.280027657176105e-05,5.6842728308741355e-05,0.010951934046973236,5.475967023486618e-05,0.0009445258514351394,0.18904643246846528,0.0009452321623423264,6.443632552272874e-05,0.012887287753284635,6.443643876642317e-05,0.0003675194485417807,0.07350400760844544,0.0003675200380422272,0.0003900252694659467,0.07800518176493211,0.00039002590882466055,0.0011357539605344187,0.2272308403328841,0.0011361542016644205,0.00045693183136873627,0.091385103449761,0.000456925517248805,0.0018387975112919724,0.36776019419873274,0.0018388009709936638,False,10,True,Col|Cs|Et|Eu.c|Eu.l|Im|Ld|Lsp|Mi|Va,coexistence
209,Bt_plus_all_10_NG,26,0.10481131341546858,off,ng_low_bt_high,0.0001,0.001,1.0,no_extinction_control,False,20,0.0036332616536475103,0.0018387975112919724,0.7264537788714769,0.36776019419873274,0.0036322688943573843,0.0018388009709936638,0.016214090384191415,5.4070598449224816e-05,0.010811791234828992,5.4058956174144965e-05,0.0001103554822012508,0.02207114489754981,0.00011035572448774905,5.280015781954303e-05,0.01056005531435221,5.280027657176105e-05,5.6842728308741355e-05,0.010951934046973236,5.475967023486618e-05,0.0009445258514351394,0.18904643246846528,0.0009452321623423264,6.443632552272874e-05,0.012887287753284635,6.443643876642317e-05,0.0003675194485417807,0.07350400760844544,0.0003675200380422272,0.0003900252694659467,0.07800518176493211,0.00039002590882466055,0.0011357539605344187,0.2272308403328841,0.0011361542016644205,0.00045693183136873627,0.091385103449761,0.000456925517248805,0.0018387975112919724,0.36776019419873274,0.0018388009709936638,False,10,True,Col|Cs|Et|Eu.c|Eu.l|Im|Ld|Lsp|Mi|Va,coexistence
210,Bt_plus_all_10_NG,26,0.10481131341546858,off,ng_high_bt_low,0.1,1.0,0.001,hard_extinction,True,20,0.003603409523218212,0.0018392222789598075,0.7213803361064097,0.3678344887152095,0.003606901680532049,0.0018391724435760477,0.07674560150318666,2.3558706104856213e-05,0.005622468546084559,2.8112342730422796e-05,0.00011038513281483081,0.02207634594229067,0.00011038172971145334,5.281461419593538e-05,0.010562598037504473,5.2812990187522364e-05,5.661991334662994e-05,0.010913589041082679,5.456794520541339e-05,0.0009448629567311086,0.18910049808279203,0.0009455024904139602,6.445034431039144e-05,0.012889717270011423,6.444858635005712e-05,0.0003675917550574454,0.07351665995566044,0.00036758329977830216,0.0003901037136364717,0.07801890791424436,0.0003900945395712218,0.0011360008192402337,0.2272788937844115,0.0011363944689220574,0.0004570215677803087,0.09140065753232768,0.00045700328766163837,0.0018392222789598075,0.3678344887152095,0.0018391724435760477,False,10,True,Col|Cs|Et|Eu.c|Eu.l|Im|Ld|Lsp|Mi|Va,coexistence
211,Bt_plus_all_10_NG,26,0.10481131341546858,off,ng_high_bt_low,0.1,1.0,0.001,no_extinction_control,False,20,0.003603409523218212,0.0018392222789598075,0.7213803361064097,0.3678344887152095,0.003606901680532049,0.0018391724435760477,0.07674560150318666,2.3558706104856213e-05,0.005622468546084559,2.8112342730422796e-05,0.00011038513281483081,0.02207634594229067,0.00011038172971145334,5.281461419593538e-05,0.010562598037504473,5.2812990187522364e-05,5.661991334662994e-05,0.010913589041082679,5.456794520541339e-05,0.0009448629567311086,0.18910049808279203,0.0009455024904139602,6.445034431039144e-05,0.012889717270011423,6.444858635005712e-05,0.0003675917550574454,0.07351665995566044,0.00036758329977830216,0.0003901037136364717,0.07801890791424436,0.0003900945395712218,0.0011360008192402337,0.2272788937844115,0.0011363944689220574,0.0004570215677803087,0.09140065753232768,0.00045700328766163837,0.0018392222789598075,0.3678344887152095,0.0018391724435760477,False,10,True,Col|Cs|Et|Eu.c|Eu.l|Im|Ld|Lsp|Mi|Va,coexistence
212,Bt_plus_all_10_NG,26,0.10481131341546858,on,ng_low_bt_high,0.0001,0.001,1.0,hard_extinction,True,20,0.002493092620620462,0.0018699189125799872,0.4984106968889451,0.37398378451619124,0.0024920534844447254,0.0018699189225809562,0.0063495243939470924,0.0,0.0,0.0,0.00011127042245248648,0.022254084653663807,0.00011127042326831903,0.0,0.0,0.0,0.0,0.0,0.0,0.00011389897037786022,0.02244916900036096,0.0001122458450018048,6.545888823734196e-05,0.013091777791294406,6.545888895647203e-05,0.0,0.0,0.0,0.0,0.0,0.0,0.0017338646011574347,0.34689667406989816,0.0017344833703494909,0.0004685997383953383,0.09371899137372777,0.00046859495686863887,0.0018699189125799872,0.37398378451619124,0.0018699189225809562,False,5,True,Cs|Eu.l|Im|Mi|Va,coexistence
213,Bt_plus_all_10_NG,26,0.10481131341546858,on,ng_low_bt_high,0.0001,0.001,1.0,no_extinction_control,False,20,0.0024931149575518393,0.0018699188390150399,0.49841330480622675,0.3739837749625458,0.002492066524031134,0.0018699188748127291,0.21862992567679917,1.503268793656172e-08,1.9589123469635844e-06,9.794561734817922e-09,0.00011127041714093462,0.02225408396352256,0.00011127041981761281,4.8764346875748754e-21,1.3697452092256781e-19,6.848726046128391e-22,2.4530231109474237e-08,2.96544671416833e-06,1.482723357084165e-08,0.00011389247062649672,0.022448013949761418,0.0001122400697488071,6.54588856016052e-05,0.01309177744818362,6.54588872409181e-05,2.796233169154522e-22,4.6547978247282275e-21,2.327398912364114e-23,1.5000378678205417e-16,5.093696914994141e-15,2.5468484574970705e-17,0.0017338537659086545,0.3468955007693269,0.0017344775038466344,0.0004685998553549524,0.09371900431636605,0.00046859502158183027,0.0018699188390150399,0.3739837749625458,0.0018699188748127291,False,5,True,Cs|Eu.l|Im|Mi|Va,coexistence
214,Bt_plus_all_10_NG,26,0.10481131341546858,on,ng_high_bt_low,0.1,1.0,0.001,hard_extinction,True,20,0.0006587912588615263,0.0018699693143221527,0.1317582289016923,0.3739938935690198,0.0006587911445084616,0.001869969467845099,1.07493877621323e-06,0.0,0.0,0.0,0.00011127358575523199,0.022254719709733327,0.00011127359854866663,0.0,0.0,0.0,0.0,0.0,0.0,0.0,0.0,0.0,6.546218678292057e-05,0.013092404951034487,6.546202475517243e-05,0.0,0.0,0.0,0.0,0.0,0.0,0.0,0.0,0.0,0.0004820554863233737,0.09641110424092449,0.00048205552120462244,0.0018699693143221527,0.3739938935690198,0.001869969467845099,True,3,True,Cs|Im|Va,coexistence
215,Bt_plus_all_10_NG,26,0.10481131341546858,on,ng_high_bt_low,0.1,1.0,0.001,no_extinction_control,False,20,0.0024178354208299916,0.0018699141815478495,0.48356834839046514,0.373983674665135,0.002417841741952326,0.001869918373325675,0.1810794844508763,4.564819321199789e-11,5.948728803573578e-09,2.974364401786789e-11,0.00011126966213279311,0.022254062756957196,0.00011127031378478598,3.527562150540398e-26,9.908578291215777e-25,4.9542891456078886e-27,1.2379193689601312e-12,1.517970836287856e-10,7.58985418143928e-13,2.562242055281101e-14,5.706124944954564e-12,2.853062472477282e-14,6.545887467238394e-05,0.01309178144758605,6.545890723793024e-05,1.620571762682394e-31,2.6985437398718623e-30,1.349271869935931e-32,6.38846035541357e-28,2.1706642161098064e-26,1.085332108054903e-28,0.001772764231830429,0.3545556417864899,0.0017727782089324495,0.0004683426052826503,0.09366685629320001,0.0004683342814660001,0.0018699141815478495,0.373983674665135,0.001869918373325675,False,4,True,Cs|Im|Mi|Va,coexistence
216,Bt_plus_all_10_NG,27,0.1151395399326447,off,ng_low_bt_high,0.0001,0.001,1.0,hard_extinction,True,20,0.003611683643316223,0.0018013275831949302,0.7221354664731298,0.36026623348727027,0.003610677332365649,0.0018013311674363514,0.017994741748803555,5.8238298565050464e-05,0.011645512104708102,5.822756052354051e-05,0.00011162595300886108,0.022325239155713487,0.00011162619577856744,6.077104352218819e-05,0.012154232905380303,6.0771164526901514e-05,5.2874266791777536e-05,0.01014564382043465,5.072821910217325e-05,0.0009355804262856219,0.1872646865603723,0.0009363234328018615,8.696367711092937e-05,0.017392825599935522,8.69641279996776e-05,0.00036301256002314636,0.07260263466830072,0.0003630131733415036,0.00038442816115424135,0.07688576505757018,0.0003844288252878509,0.0011050611329181306,0.22109451129287033,0.0011054725564643517,0.00045312812393627597,0.0906244153078442,0.00045312207653922095,0.0018013275831949302,0.36026623348727027,0.0018013311674363514,False,10,True,Col|Cs|Et|Eu.c|Eu.l|Im|Ld|Lsp|Mi|Va,coexistence
217,Bt_plus_all_10_NG,27,0.1151395399326447,off,ng_low_bt_high,0.0001,0.001,1.0,no_extinction_control,False,20,0.003611683643316223,0.0018013275831949302,0.7221354664731298,0.36026623348727027,0.003610677332365649,0.0018013311674363514,0.017994741748803555,5.8238298565050464e-05,0.011645512104708102,5.822756052354051e-05,0.00011162595300886108,0.022325239155713487,0.00011162619577856744,6.077104352218819e-05,0.012154232905380303,6.0771164526901514e-05,5.2874266791777536e-05,0.01014564382043465,5.072821910217325e-05,0.0009355804262856219,0.1872646865603723,0.0009363234328018615,8.696367711092937e-05,0.017392825599935522,8.69641279996776e-05,0.00036301256002314636,0.07260263466830072,0.0003630131733415036,0.00038442816115424135,0.07688576505757018,0.0003844288252878509,0.0011050611329181306,0.22109451129287033,0.0011054725564643517,0.00045312812393627597,0.0906244153078442,0.00045312207653922095,0.0018013275831949302,0.36026623348727027,0.0018013311674363514,False,10,True,Col|Cs|Et|Eu.c|Eu.l|Im|Ld|Lsp|Mi|Va,coexistence
218,Bt_plus_all_10_NG,27,0.1151395399326447,off,ng_high_bt_low,0.1,1.0,0.001,hard_extinction,True,20,0.0014807407484167304,0.0018067783365000836,0.29614215255679255,0.3613733966636207,0.0014807107627839626,0.0018068669833181037,0.0004597988866388292,0.0,0.0,0.0,0.00011199155885070763,0.02239961010552414,0.0001119980505276207,6.095330210457778e-05,0.012191411058219507,6.095705529109753e-05,0.0,0.0,0.0,0.0,0.0,0.0,8.739415979294158e-05,0.017460336456009008,8.730168228004504e-05,0.00036394444787900986,0.07279198790880291,0.00036395993954401455,0.00038543666171512254,0.07709066650102195,0.0003854533325051097,0.0,0.0,0.0,0.00047102061807437125,0.09420814052721502,0.00047104070263607507,0.0018067783365000836,0.3613733966636207,0.0018068669833181037,False,6,True,Cs|Et|Im|Ld|Lsp|Va,coexistence
219,Bt_plus_all_10_NG,27,0.1151395399326447,off,ng_high_bt_low,0.1,1.0,0.001,no_extinction_control,False,20,0.003551023591228317,0.0018019763743214285,0.7101044458874547,0.36041345826343896,0.003550522229437274,0.0018020672913171948,0.16287577183211965,1.4187191277664902e-07,4.1286032390013066e-05,2.0643016195006532e-07,0.00011166845674545996,0.022335025034318376,0.00011167512517159189,6.079127558850265e-05,0.012159023727633894,6.079511863816947e-05,4.4619011074349785e-05,0.008644017755869912,4.3220088779349564e-05,0.0009395375462309307,0.18793149997203687,0.0009396574998601844,8.71900337878269e-05,0.017419570560690652,8.709785280345326e-05,0.0003631227438000019,0.07262772576399165,0.0003631386288199583,0.0003845476489704663,0.07691295050820869,0.0003845647525410435,0.0011061419271321247,0.22138009325835764,0.0011069004662917882,0.0004532630759858774,0.09065325327395699,0.0004532662663697849,0.0018019763743214285,0.36041345826343896,0.0018020672913171948,False,9,True,Cs|Et|Eu.c|Eu.l|Im|Ld|Lsp|Mi|Va,coexistence
220,Bt_plus_all_10_NG,27,0.1151395399326447,on,ng_low_bt_high,0.0001,0.001,1.0,hard_extinction,True,20,0.0024143893238636224,0.0018420043292073597,0.48287785262336336,0.36840080771791245,0.002414389263116817,0.0018420040385895623,1.4336532982994754e-06,0.0,0.0,0.0,0.00011294593052093672,0.02258918186698821,0.00011294590933494106,0.0,0.0,0.0,0.0,0.0,0.0,0.0,0.0,0.0,8.877587497907173e-05,0.01775523360767465,8.877616803837325e-05,0.0,0.0,0.0,0.0,0.0,0.0,0.0017462061991304625,0.34924118611954047,0.0017462059305977024,0.0004664613192331514,0.09329225102916003,0.00046646125514580015,0.0018420043292073597,0.36840080771791245,0.0018420040385895623,True,4,True,Cs|Im|Mi|Va,coexistence
221,Bt_plus_all_10_NG,27,0.1151395399326447,on,ng_low_bt_high,0.0001,0.001,1.0,no_extinction_control,False,20,0.0024144159140141157,0.0018420042577156376,0.4828811829348607,0.3684007985587657,0.0024144059146743034,0.0018420039927938283,0.45534315685761406,1.2845613253924465e-08,1.6513848756099608e-06,8.256924378049804e-09,0.0001129459255053388,0.02258918122397249,0.00011294590611986245,2.9869197838385425e-21,8.129091343821432e-20,4.064545671910716e-22,3.0223136996899396e-08,3.694845421574797e-06,1.8474227107873987e-08,4.968262644308876e-11,3.3525970540780456e-09,1.6762985270390227e-11,8.877587139450739e-05,0.01775523314507693,8.877616572538465e-05,6.919843644691719e-35,1.9106080031463255e-34,9.553040015731627e-37,3.5989213251775723e-32,1.2718613486952645e-31,6.3593067434763225e-34,0.0017461895210498654,0.34923914871764716,0.0017461957435882358,0.00046646147763152677,0.09329227026526987,0.00046646135132634935,0.0018420042577156376,0.3684007985587657,0.0018420039927938283,False,4,True,Cs|Im|Mi|Va,coexistence
222,Bt_plus_all_10_NG,27,0.1151395399326447,on,ng_high_bt_low,0.1,1.0,0.001,hard_extinction,True,20,0.000680735620739171,0.0018418648708121315,0.1361342720428796,0.3683911115776597,0.0006806713602143979,0.0018419555578882984,0.0004465784666205508,0.0,0.0,0.0,0.00011293544407080991,0.022588411560617885,0.00011294205780308943,0.0,0.0,0.0,0.0,0.0,0.0,0.0,0.0,0.0,8.897089439647184e-05,0.017775890797572486,8.887945398786243e-05,0.0,0.0,0.0,0.0,0.0,0.0,0.0,0.0,0.0,0.00047882928227188925,0.0957699696846892,0.000478849848423446,0.0018418648708121315,0.3683911115776597,0.0018419555578882984,False,3,True,Cs|Im|Va,coexistence
223,Bt_plus_all_10_NG,27,0.1151395399326447,on,ng_high_bt_low,0.1,1.0,0.001,no_extinction_control,False,20,0.0006807356207881659,0.0018418648708089752,0.13613427205561685,0.3683911115773282,0.0006806713602780843,0.001841955557886641,0.012492317229920502,3.8327000142245e-14,4.9266257118413844e-12,2.4633128559206923e-14,0.00011293544407058035,0.02258841156059383,0.00011294205780296916,2.1988583915628845e-31,5.984342608639074e-30,2.992171304319537e-32,7.143850163096575e-27,1.0452788584207273e-24,5.226394292103637e-27,9.933496070489058e-31,6.87222516610343e-29,3.436112583051715e-31,8.897089439944068e-05,0.017775890797878408,8.887945398939205e-05,1.404598814958498e-42,3.9269279898475815e-42,1.9634639949237908e-44,6.825347667948441e-42,2.4799843740126953e-41,1.2399921870063476e-43,8.662631490915455e-15,7.619549547896774e-12,3.809774773948387e-14,0.0004788292822711552,0.09576996968459843,0.0004788498484229922,0.0018418648708089752,0.3683911115773282,0.001841955557886641,False,3,True,Cs|Im|Va,coexistence
224,Bt_plus_all_10_NG,28,0.12648552168552957,off,ng_low_bt_high,0.0001,0.001,1.0,hard_extinction,True,20,0.0034999155539453394,0.0016827645351648927,0.6996667643213357,0.33649230958435233,0.0034983338216066787,0.0016824615479217617,0.030752899550504864,4.228474118403011e-05,0.008397516887918628,4.198758443959314e-05,0.00010826515154039058,0.021648790196194773,0.00010824395098097387,7.267622162906598e-05,0.014532672925345417,7.266336462672708e-05,3.469055798827067e-05,0.00646380700078159,3.231903500390795e-05,0.0008938596141371696,0.17891823503114374,0.0008945911751557186,0.0001834784771967351,0.036761174399659126,0.00018380587199829564,0.0003448670766767836,0.06896282370284387,0.00034481411851421936,0.0003639135945354567,0.0727712603329781,0.00036385630166489046,0.0010234325139016588,0.20473540754067496,0.0010236770377033749,0.0004324476051557787,0.08647507630379546,0.0004323753815189773,0.0016827645351648927,0.33649230958435233,0.0016824615479217617,False,10,True,Col|Cs|Et|Eu.c|Eu.l|Im|Ld|Lsp|Mi|Va,coexistence
225,Bt_plus_all_10_NG,28,0.12648552168552957,off,ng_low_bt_high,0.0001,0.001,1.0,no_extinction_control,False,20,0.0034999155539453394,0.0016827645351648927,0.6996667643213357,0.33649230958435233,0.0034983338216066787,0.0016824615479217617,0.030752899550504864,4.228474118403011e-05,0.008397516887918628,4.198758443959314e-05,0.00010826515154039058,0.021648790196194773,0.00010824395098097387,7.267622162906598e-05,0.014532672925345417,7.266336462672708e-05,3.469055798827067e-05,0.00646380700078159,3.231903500390795e-05,0.0008938596141371696,0.17891823503114374,0.0008945911751557186,0.0001834784771967351,0.036761174399659126,0.00018380587199829564,0.0003448670766767836,0.06896282370284387,0.00034481411851421936,0.0003639135945354567,0.0727712603329781,0.00036385630166489046,0.0010234325139016588,0.20473540754067496,0.0010236770377033749,0.0004324476051557787,0.08647507630379546,0.0004323753815189773,0.0016827645351648927,0.33649230958435233,0.0016824615479217617,False,10,True,Col|Cs|Et|Eu.c|Eu.l|Im|Ld|Lsp|Mi|Va,coexistence
226,Bt_plus_all_10_NG,28,0.12648552168552957,off,ng_high_bt_low,0.1,1.0,0.001,hard_extinction,True,20,0.0008553225304630936,0.0015277673548221911,0.16448104964443583,0.3143651783548487,0.000822405248222179,0.0015718258917742434,0.054758758543864694,0.0,0.0,0.0,0.0,0.0,0.0,6.599914207886834e-05,0.013575883003693607,6.787941501846803e-05,0.0,0.0,0.0,0.0,0.0,0.0,0.00037746937326908905,0.06655075043664753,0.00033275375218323766,0.0,0.0,0.0,0.0,0.0,0.0,0.0,0.0,0.0,0.00041185401511513627,0.08435441620409467,0.00042177208102047337,0.0015277673548221911,0.3143651783548487,0.0015718258917742434,False,3,True,Et|Im|Va,coexistence
227,Bt_plus_all_10_NG,28,0.12648552168552957,off,ng_high_bt_low,0.1,1.0,0.001,no_extinction_control,False,20,0.0016271997496431513,0.0015146386665003246,0.5336102778840125,0.3111005837074732,0.002668051389420063,0.0015555029185373658,0.8887157682054481,2.258250611406258e-17,4.570454218113557e-15,2.2852271090567783e-17,9.452580334114025e-05,0.019754992722283798,9.877496361141898e-05,6.548211715365301e-05,0.013446894527000573,6.723447263500286e-05,3.563124831343434e-07,0.00023475716276217604,1.1737858138108803e-06,0.00028092725162344576,0.24161336149095777,0.0012080668074547888,0.0003744672222439472,0.0659108451776032,0.00032955422588801605,6.61075212303681e-05,0.0336890273494655,0.0001684451367473275,0.0003315990544966023,0.06791438942697953,0.00033957194713489763,4.803716657073482e-06,0.007435723390501199,3.7178616952506e-05,0.0004089307504137644,0.08361028663645424,0.0004180514331822712,0.0015146386665003246,0.3111005837074732,0.0015555029185373658,False,9,True,Cs|Et|Eu.c|Eu.l|Im|Ld|Lsp|Mi|Va,coexistence
228,Bt_plus_all_10_NG,28,0.12648552168552957,on,ng_low_bt_high,0.0001,0.001,1.0,hard_extinction,True,20,0.0007616872230373975,0.0017354478404108052,0.15201805234054958,0.3470224402768217,0.0007600902617027477,0.0017351122013841086,0.28278864973358786,0.0,0.0,0.0,0.00011007449737051615,0.022010248968214675,0.00011005124484107337,0.0,0.0,0.0,0.0,0.0,0.0,0.0,0.0,0.0,0.00018908632333787407,0.03788445351533271,0.00018942226757666356,0.0,0.0,0.0,0.0,0.0,0.0,3.8855557731828084e-06,0.00040522328280684475,2.026116414034224e-06,0.0004586408465558245,0.09171812657419534,0.0004585906328709767,0.0017354478404108052,0.3470224402768217,0.0017351122013841086,False,4,True,Cs|Im|Mi|Va,coexistence
229,Bt_plus_all_10_NG,28,0.12648552168552957,on,ng_low_bt_high,0.0001,0.001,1.0,no_extinction_control,False,20,0.000761688799550288,0.0017354478303596996,0.1520182246076905,0.3470224392349818,0.0007600911230384525,0.0017351121961749092,0.28278866988316853,1.7080625971923509e-09,1.8606676050502007e-07,9.303338025251003e-10,0.00011007449663317346,0.022010248891531796,0.00011005124445765898,2.9620436109020014e-30,1.266627416065607e-29,6.333137080328036e-32,1.5268812089187452e-30,3.770374242850305e-30,1.8851871214251525e-32,1.0729832464925756e-36,1.258035260684293e-36,6.290176303421465e-39,0.00018908632099451643,0.037884453205938855,0.00018942226602969428,3.556886076868583e-43,3.561601549494107e-43,1.7808007747470536e-45,1.614550225878697e-42,1.6155419185448134e-42,8.077709592724068e-45,3.885427830681818e-06,0.00040520992092383954,2.0260496046191977e-06,0.0004586408460293191,0.0917181265225355,0.0004585906326126775,0.0017354478303596996,0.3470224392349818,0.0017351121961749092,False,4,True,Cs|Im|Mi|Va,coexistence
230,Bt_plus_all_10_NG,28,0.12648552168552957,on,ng_high_bt_low,0.1,1.0,0.001,hard_extinction,True,20,0.00079566240523029,0.0015556579094001515,0.1523285359626945,0.3199742382781072,0.0007616426798134725,0.0015998711913905361,0.05378338628528834,0.0,0.0,0.0,0.0,0.0,0.0,0.0,0.0,0.0,0.0,0.0,0.0,0.0,0.0,0.0,0.0003775615243447768,0.06671666671612425,0.0003335833335806213,0.0,0.0,0.0,0.0,0.0,0.0,0.0,0.0,0.0,0.00041810088088551316,0.08561186924657024,0.0004280593462328512,0.0015556579094001515,0.3199742382781072,0.0015998711913905361,False,2,True,Im|Va,coexistence
231,Bt_plus_all_10_NG,28,0.12648552168552957,on,ng_high_bt_low,0.1,1.0,0.001,no_extinction_control,False,20,0.0008871183240719382,0.0015499760273351131,0.17162554950811432,0.3185990273683381,0.0008581277475405716,0.0015929951368416906,0.054050368140585725,2.4219274102663857e-25,1.9968911243220995e-23,9.984455621610497e-26,9.400828096430806e-05,0.01987293095131475,9.936465475657375e-05,1.930984411582569e-45,2.0009569915581043e-45,1.0004784957790521e-47,1.910219326937219e-45,1.9218439029783513e-45,9.609219514891756e-48,1.907388357928906e-45,1.9076689503371505e-45,9.538344751685753e-48,0.00037626686760492653,0.06644703480168802,0.0003322351740084401,1.907348673469741e-45,1.90734914868548e-45,9.5367457434274e-48,1.9073486342490313e-45,1.907348667766801e-45,9.536743338834005e-48,4.492017896153111e-43,6.327269943784954e-42,3.163634971892477e-44,0.0004168431755027037,0.08530558375511156,0.0004265279187755578,0.0015499760273351131,0.3185990273683381,0.0015929951368416906,False,3,True,Cs|Im|Va,coexistence
232,Bt_plus_all_10_NG,29,0.13894954943731375,off,ng_low_bt_high,0.0001,0.001,1.0,hard_extinction,True,20,0.001896248209788441,0.0005422884965229644,0.3667258576334983,0.09842491032832429,0.0018336292881674916,0.0004921245516416214,0.3663278339100877,0.0,0.0,0.0,1.83936280525627e-05,0.0027106450969455525,1.3553225484727763e-05,4.4429772547433073e-05,0.008218952437497951,4.1094762187489755e-05,0.0,0.0,0.0,8.116938264549825e-05,0.008300579851716033,4.150289925858017e-05,0.0013435390088558778,0.27948222353764435,0.0013974111176882217,0.00011572736095889134,0.0199534734936551,9.976736746827549e-05,7.736691617731078e-05,0.011501630834615917,5.750815417307958e-05,3.248359392618734e-05,0.0027948996341444357,1.3974498170722178e-05,0.00018313854662467988,0.03376345274727897,0.00016881726373639484,0.0005422884965229644,0.09842491032832429,0.0004921245516416214,False,8,True,Cs|Et|Eu.l|Im|Ld|Lsp|Mi|Va,coexistence
233,Bt_plus_all_10_NG,29,0.13894954943731375,off,ng_low_bt_high,0.0001,0.001,1.0,no_extinction_control,False,20,0.0018963457305594261,0.0005422881716805948,0.36673145612721775,0.09842488375364891,0.0018336572806360888,0.0004921244187682445,0.7702860591769003,2.450725917458969e-11,6.657803634494061e-10,3.3289018172470307e-12,1.839360134853981e-05,0.0027106415221980376,1.3553207610990188e-05,4.4429752007716173e-05,0.00821895098338658,4.10947549169329e-05,1.1606750470291509e-07,7.881604044937995e-06,3.940802022468997e-08,8.115601871215503e-05,0.008298833759491355,4.149416879745678e-05,0.0013435383669747518,0.27948218565970423,0.0013974109282985211,0.00011572727550254787,0.019953462667381832,9.976731333690916e-05,7.736682246489317e-05,0.01150161722896344,5.7508086144817204e-05,3.2479323297439376e-05,0.0027944284620337076,1.3972142310168538e-05,0.00018313847823942076,0.03376345357423325,0.00016881726787116625,0.0005422881716805948,0.09842488375364891,0.0004921244187682445,False,8,True,Cs|Et|Eu.l|Im|Ld|Lsp|Mi|Va,coexistence
234,Bt_plus_all_10_NG,29,0.13894954943731375,off,ng_high_bt_low,0.1,1.0,0.001,hard_extinction,True,20,0.0019190538873956927,2.475477617436902e-06,0.3838291079378625,0.0004435319026707262,0.0019191455396893125,2.217659513353631e-06,0.04776411565999705,0.0,0.0,0.0,0.0,0.0,0.0,4.326561843561895e-06,0.0007769731543137201,3.884865771568601e-06,0.0,0.0,0.0,0.0,0.0,0.0,0.0019147273255521308,0.38305213478354877,0.0019152606739177439,0.0,0.0,0.0,0.0,0.0,0.0,0.0,0.0,0.0,0.0,0.0,0.0,2.475477617436902e-06,0.0004435319026707262,2.217659513353631e-06,False,2,True,Et|Im,coexistence
235,Bt_plus_all_10_NG,29,0.13894954943731375,off,ng_high_bt_low,0.1,1.0,0.001,no_extinction_control,False,20,0.0019190539176374012,2.475473781156703e-06,0.383829111030195,0.00044353121573733516,0.0019191455551509748,2.2176560786866757e-06,0.36501942073096316,3.7363044805766e-27,3.797018527647483e-26,1.8985092638237417e-28,1.982832365986336e-14,1.0615081957987262e-12,5.307540978993631e-15,4.326569527820658e-06,0.0007769744571909042,3.8848722859545214e-06,6.362276298722918e-28,5.8442377635418646e-27,2.922118881770932e-29,2.2332232163988714e-26,2.4898085798441235e-25,1.2449042899220617e-27,0.0019147273221839826,0.3830521344500251,0.0019152606722501256,1.2105686669141143e-15,5.5204497133068275e-14,2.7602248566534135e-16,1.4218424899683106e-19,3.8474025166238164e-18,1.923701258311908e-20,6.030118368631979e-27,6.268940114207574e-26,3.1344700571037867e-28,2.590455882790598e-11,2.121862246483375e-09,1.0609311232416875e-11,2.475473781156703e-06,0.00044353121573733516,2.2176560786866757e-06,False,2,True,Et|Im,coexistence
236,Bt_plus_all_10_NG,29,0.13894954943731375,on,ng_low_bt_high,0.0001,0.001,1.0,hard_extinction,True,20,0.0015699597593187668,0.0005543729668835291,0.32047294147773925,0.10046825168656708,0.0016023647073886962,0.0005023412584328354,0.15052102214481433,0.0,0.0,0.0,1.6280935546673588e-05,0.0023024399887399006,1.1512199943699504e-05,0.0,0.0,0.0,0.0,0.0,0.0,0.0,0.0,0.0,0.0013662390561453893,0.2836973700036405,0.0014184868500182024,0.0,0.0,0.0,0.0,0.0,0.0,0.0,0.0,0.0,0.0001874397676267038,0.03447313148535886,0.0001723656574267943,0.0005543729668835291,0.10046825168656708,0.0005023412584328354,False,3,True,Cs|Im|Va,coexistence
237,Bt_plus_all_10_NG,29,0.13894954943731375,on,ng_low_bt_high,0.0001,0.001,1.0,no_extinction_control,False,20,0.0015699597591308356,0.0005543729671773557,0.3204729414439166,0.1004682517405475,0.001602364707219583,0.0005023412587027375,0.1505210219987596,2.775300871225919e-19,1.6352141873443014e-18,8.176070936721507e-21,1.6280935570480872e-05,0.002302439992881032,1.151219996440516e-05,3.49959935333488e-43,3.4995993533348846e-43,1.7497996766674424e-45,3.442996905827526e-41,3.442996905827526e-41,1.721498452913763e-43,8.24412232942378e-42,8.24412232942378e-42,4.12206116471189e-44,0.0013662390558510573,0.2836973699495315,0.0014184868497476575,3.506338298889496e-44,3.506338298889496e-44,1.753169149444748e-46,1.0496074600478007e-43,1.0496074600478007e-43,5.248037300239004e-46,1.1946818779767152e-33,1.1947457805921193e-33,5.973728902960596e-36,0.00018743976770929709,0.03447313150150404,0.00017236565750752017,0.0005543729671773557,0.1004682517405475,0.0005023412587027375,False,3,True,Cs|Im|Va,coexistence
238,Bt_plus_all_10_NG,29,0.13894954943731375,on,ng_high_bt_low,0.1,1.0,0.001,hard_extinction,True,20,0.0019172491724664346,2.564932141608075e-06,0.3835022774091443,0.0004595083317422522,0.0019175113870457214,2.297541658711261e-06,0.047812465408991756,0.0,0.0,0.0,0.0,0.0,0.0,0.0,0.0,0.0,0.0,0.0,0.0,0.0,0.0,0.0,0.0019172491724664346,0.3835022774091443,0.0019175113870457214,0.0,0.0,0.0,0.0,0.0,0.0,0.0,0.0,0.0,0.0,0.0,0.0,2.564932141608075e-06,0.0004595083317422522,2.297541658711261e-06,False,1,True,Im,coexistence
239,Bt_plus_all_10_NG,29,0.13894954943731375,on,ng_high_bt_low,0.1,1.0,0.001,no_extinction_control,False,20,0.0019172491983320532,2.5649299753920905e-06,0.3835022797346465,0.00045950794394108134,0.0019175113986732322,2.2975397197054067e-06,0.36485110021543754,7.76663189369309e-39,1.7676503104704634e-38,8.838251552352317e-41,3.2273938249863076e-15,1.5618894127700783e-13,7.809447063850391e-16,1.9073486328125005e-45,1.9073486328125005e-45,9.536743164062502e-48,1.9073486328125005e-45,1.9073486328125005e-45,9.536743164062502e-48,1.9073486328125005e-45,1.9073486328125005e-45,9.536743164062502e-48,0.001917249172406265,0.3835022776101738,0.001917511388050869,1.9073486328125005e-45,1.9073486328125005e-45,9.536743164062502e-48,1.9073486328125005e-45,1.9073486328125005e-45,9.536743164062502e-48,1.9073582790279087e-45,1.9073586835795666e-45,9.536793417897833e-48,2.5922560788660883e-11,2.1243164810663256e-09,1.0621582405331628e-11,2.5649299753920905e-06,0.00045950794394108134,2.2975397197054067e-06,False,1,True,Im,coexistence
240,Bt_plus_all_10_NG,30,0.15264179671752334,off,ng_low_bt_high,0.0001,0.001,1.0,hard_extinction,True,20,0.001921214283488588,1.0713884938021437e-06,0.38427904537719443,0.0001210865655253973,0.001921395226885972,6.054328276269865e-07,0.24788070051038424,0.0,0.0,0.0,0.0,0.0,0.0,6.56232293553576e-06,0.0011468179333075535,5.734089666537767e-06,0.0,0.0,0.0,0.0,0.0,0.0,0.001914651960553052,0.38313222744388686,0.0019156611372194343,0.0,0.0,0.0,0.0,0.0,0.0,0.0,0.0,0.0,0.0,0.0,0.0,1.0713884938021437e-06,0.0001210865655253973,6.054328276269865e-07,False,2,True,Et|Im,coexistence
241,Bt_plus_all_10_NG,30,0.15264179671752334,off,ng_low_bt_high,0.0001,0.001,1.0,no_extinction_control,False,20,0.0019212544170574275,1.0713859841268663e-06,0.38428229990958856,0.00012108639983000764,0.0019214114995479425,6.054319991500382e-07,0.6306201533484543,7.070678478641601e-21,7.172098758588328e-20,3.586049379294164e-22,6.217194488893677e-11,3.323857806071179e-09,1.6619289030355893e-11,6.56232218627511e-06,0.0011468188192125849,5.734094096062925e-06,1.430675227121436e-19,1.3058229148875975e-18,6.5291145744379875e-21,3.326511814746511e-17,3.6822982007163444e-16,1.8411491003581723e-18,0.0019146483437017304,0.38313193340416196,0.0019156596670208098,1.0229831349156908e-10,4.636186866882461e-09,2.3180934334412307e-11,3.051539892632375e-13,8.21097662822004e-12,4.10548831411002e-14,1.0246011845534555e-17,1.0574207348127817e-16,5.287103674063909e-19,4.358639396623923e-08,3.5397179578805416e-06,1.7698589789402708e-08,1.0713859841268663e-06,0.00012108639983000764,6.054319991500382e-07,False,2,True,Et|Im,coexistence
242,Bt_plus_all_10_NG,30,0.15264179671752334,off,ng_high_bt_low,0.1,1.0,0.001,hard_extinction,True,20,0.001921429534448667,0.0,0.38425502232055025,0.0,0.0019212751116027514,0.0,0.046298230985889255,0.0,0.0,0.0,0.0,0.0,0.0,4.1469995980291454e-06,0.000745531067906058,3.72765533953029e-06,0.0,0.0,0.0,0.0,0.0,0.0,0.001917282534850638,0.3835094912526442,0.0019175474562632211,0.0,0.0,0.0,0.0,0.0,0.0,0.0,0.0,0.0,0.0,0.0,0.0,0.0,0.0,0.0,False,2,False,Et|Im,ng_only
243,Bt_plus_all_10_NG,30,0.15264179671752334,off,ng_high_bt_low,0.1,1.0,0.001,no_extinction_control,False,20,0.0019214292641592605,5.537364915616596e-10,0.38425500713281335,6.256312608590342e-08,0.0019212750356640664,3.128156304295171e-10,0.35352462155206865,3.104689398420122e-27,3.14502798157816e-26,1.5725139907890798e-28,1.6086011634867317e-14,8.585070546252276e-13,4.2925352731261384e-15,4.147705853938291e-06,0.0007456517423186104,3.728258711593052e-06,4.127373601930552e-28,3.7572565855004226e-27,1.8786282927502113e-29,1.3787107965415247e-26,1.5217037919292848e-25,7.608518959646424e-28,0.0019172815438445307,0.3835093542210424,0.0019175467711052118,7.574801756161266e-16,3.422228070027468e-14,1.711114035013734e-16,9.297739092487627e-20,2.4948757528953094e-18,1.2474378764476547e-20,3.707360127076822e-27,3.8148719607341715e-26,1.9074359803670858e-28,1.4443948000419967e-11,1.1685595664840443e-09,5.842797832420222e-12,5.537364915616596e-10,6.256312608590342e-08,3.128156304295171e-10,False,2,False,Et|Im,ng_only
244,Bt_plus_all_10_NG,30,0.15264179671752334,on,ng_low_bt_high,0.0001,0.001,1.0,hard_extinction,True,20,0.0019187035022341045,1.0818946064448688e-06,0.3838330098682754,0.00012224749772045575,0.001919165049341377,6.112374886022788e-07,0.2479746639553202,0.0,0.0,0.0,0.0,0.0,0.0,0.0,0.0,0.0,0.0,0.0,0.0,0.0,0.0,0.0,0.0019187035022341045,0.3838330098682754,0.001919165049341377,0.0,0.0,0.0,0.0,0.0,0.0,0.0,0.0,0.0,0.0,0.0,0.0,1.0818946064448688e-06,0.00012224749772045575,6.112374886022788e-07,False,1,True,Im,coexistence
245,Bt_plus_all_10_NG,30,0.15264179671752334,on,ng_low_bt_high,0.0001,0.001,1.0,no_extinction_control,False,20,0.0019187448001977334,1.0818920554479977e-06,0.3838363622918105,0.00012224733091296746,0.0019191818114590526,6.112366545648373e-07,0.5569179946323004,1.0134891346139291e-33,1.3939245258626579e-33,6.969622629313289e-36,1.89931267611179e-11,9.091562239460372e-10,4.545781119730186e-12,1.4203880780299528e-44,1.4203880780299528e-44,7.101940390149764e-47,9.008937374570004e-43,9.008937374570004e-43,4.504468687285002e-45,5.657305178897039e-43,5.657305178897039e-43,2.828652589448519e-45,0.0019186998021518957,0.3838327087405051,0.0019191635437025257,1.1620632402811665e-44,1.1620632402811665e-44,5.810316201405833e-47,3.0352749679191757e-44,3.0352749679191757e-44,1.5176374839595878e-46,8.83101248926585e-39,8.831012496192017e-39,4.4155062480960083e-41,4.4979052710892854e-08,3.6526421491426707e-06,1.8263210745713355e-08,1.0818920554479977e-06,0.00012224733091296746,6.112366545648373e-07,False,1,True,Im,coexistence
246,Bt_plus_all_10_NG,30,0.15264179671752334,on,ng_high_bt_low,0.1,1.0,0.001,hard_extinction,True,20,0.0019197644550491514,0.0,0.38395289100983027,0.0,0.0019197644550491514,0.0,0.0,0.0,0.0,0.0,0.0,0.0,0.0,0.0,0.0,0.0,0.0,0.0,0.0,0.0,0.0,0.0,0.0019197644550491514,0.38395289100983027,0.0019197644550491514,0.0,0.0,0.0,0.0,0.0,0.0,0.0,0.0,0.0,0.0,0.0,0.0,0.0,0.0,0.0,True,1,False,Im,ng_only
247,Bt_plus_all_10_NG,30,0.15264179671752334,on,ng_high_bt_low,0.1,1.0,0.001,no_extinction_control,False,20,0.0019197639080444963,5.707011880519568e-10,0.3839528288076558,6.44734902183417e-08,0.0019197641440382787,3.223674510917085e-10,0.35186556784859135,7.134489512045402e-43,9.804602968623404e-43,4.9023014843117017e-45,2.1717294671288015e-15,1.0378159407480183e-13,5.189079703740092e-16,1.9073486328125005e-45,1.9073486328125005e-45,9.536743164062502e-48,1.9073486328125005e-45,1.9073486328125005e-45,9.536743164062502e-48,1.9073486328125005e-45,1.9073486328125005e-45,9.536743164062502e-48,0.0019197638942540516,0.3839528276920791,0.0019197641384603955,1.9073486328125005e-45,1.9073486328125005e-45,9.536743164062502e-48,1.9073486328125005e-45,1.9073486328125005e-45,9.536743164062502e-48,1.9073486691195216e-45,1.9073486705978922e-45,9.536743352989461e-48,1.3788273111336155e-11,1.115472853817519e-09,5.5773642690875945e-12,5.707011880519568e-10,6.44734902183417e-08,3.223674510917085e-10,False,1,False,Im,ng_only
248,Bt_plus_all_10_NG,31,0.16768329368110074,off,ng_low_bt_high,0.0001,0.001,1.0,hard_extinction,True,20,0.0019217084860406657,0.0,0.38430398285132966,0.0,0.0019215199142566483,0.0,0.04944637576179112,0.0,0.0,0.0,0.0,0.0,0.0,4.863322586536013e-06,0.0008679939270288439,4.33996963514422e-06,0.0,0.0,0.0,0.0,0.0,0.0,0.0019168451634541297,0.3834359889243008,0.001917179944621504,0.0,0.0,0.0,0.0,0.0,0.0,0.0,0.0,0.0,0.0,0.0,0.0,0.0,0.0,0.0,False,2,False,Et|Im,ng_only
249,Bt_plus_all_10_NG,31,0.16768329368110074,off,ng_low_bt_high,0.0001,0.001,1.0,no_extinction_control,False,20,0.0019217090871625115,9.20613176903395e-10,0.3843040659650264,6.83276646985281e-08,0.0019215203298251324,3.416383234926405e-10,0.4297127390957396,1.6875118507767482e-23,1.7114632561975457e-22,8.557316280987729e-25,1.4143528086631869e-12,7.566185565807599e-11,3.7830927829037995e-13,4.864193478922885e-06,0.0008681404069413347,4.340702034706673e-06,4.435159531610627e-23,4.0387965751399655e-22,2.0193982875699826e-24,6.275151658884363e-21,6.928256572621481e-20,3.4641282863107404e-22,0.0019168435991398353,0.38343582074035376,0.0019171791037017687,6.436811249141316e-13,2.912200813542414e-11,1.4561004067712068e-13,5.75909831073811e-16,1.5471594670040132e-14,7.735797335020065e-17,1.9563715322676287e-21,2.0136213979997704e-20,1.0068106989998852e-22,1.2924851437236427e-09,1.0471293201929571e-07,5.235646600964786e-10,9.20613176903395e-10,6.83276646985281e-08,3.416383234926405e-10,False,2,False,Et|Im,ng_only
250,Bt_plus_all_10_NG,31,0.16768329368110074,off,ng_high_bt_low,0.1,1.0,0.001,hard_extinction,True,20,0.0019214462648284444,0.0,0.3842586593646219,0.0,0.0019212932968231094,0.0,0.045393284207846385,0.0,0.0,0.0,0.0,0.0,0.0,4.1392026886354735e-06,0.0007456815425460518,3.728407712730259e-06,0.0,0.0,0.0,0.0,0.0,0.0,0.001917307062139809,0.38351297782207583,0.0019175648891103791,0.0,0.0,0.0,0.0,0.0,0.0,0.0,0.0,0.0,0.0,0.0,0.0,0.0,0.0,0.0,False,2,False,Et|Im,ng_only
251,Bt_plus_all_10_NG,31,0.16768329368110074,off,ng_high_bt_low,0.1,1.0,0.001,no_extinction_control,False,20,0.0019214463058223556,2.5931512019674986e-13,0.384258665317303,1.924573625699843e-11,0.0019212933265865151,9.622868128499215e-14,0.3519637105540383,3.1055595008471152e-27,3.149604072968718e-26,1.5748020364843592e-28,1.6259031441167248e-14,8.697709515147078e-13,4.348854757573539e-15,4.139279546403667e-06,0.0007456946393704319,3.7284731968521593e-06,3.9822327478796117e-28,3.626331445362275e-27,1.8131657226811376e-29,1.323691832339841e-26,1.4614524833733735e-25,7.307262416866868e-28,0.0019173070122313332,0.3835129695405678,0.001917564847702839,7.401145177267266e-16,3.348448002879489e-14,1.6742240014397444e-16,9.087677275192708e-20,2.4413414774411427e-18,1.2206707387205714e-20,3.554036037172775e-27,3.6580259644234987e-26,1.8290129822117493e-28,1.4027619374734771e-11,1.1364615593702688e-09,5.682307796851344e-12,2.5931512019674986e-13,1.924573625699843e-11,9.622868128499215e-14,False,2,False,Et|Im,ng_only
252,Bt_plus_all_10_NG,31,0.16768329368110074,on,ng_low_bt_high,0.0001,0.001,1.0,hard_extinction,True,20,0.0019197644550539461,0.0,0.3839528910107893,0.0,0.0019197644550539464,0.0,0.0,0.0,0.0,0.0,0.0,0.0,0.0,0.0,0.0,0.0,0.0,0.0,0.0,0.0,0.0,0.0,0.0019197644550539461,0.3839528910107893,0.0019197644550539464,0.0,0.0,0.0,0.0,0.0,0.0,0.0,0.0,0.0,0.0,0.0,0.0,0.0,0.0,0.0,True,1,False,Im,ng_only
253,Bt_plus_all_10_NG,31,0.16768329368110074,on,ng_low_bt_high,0.0001,0.001,1.0,no_extinction_control,False,20,0.0019197647721288379,9.305635791042597e-10,0.383952922899079,6.905804557123768e-08,0.0019197646144953951,3.452902278561884e-10,0.4297722646500777,4.5790115000305103e-39,4.930540432193013e-39,2.465270216096507e-41,2.85595572375795e-13,1.3540242491933705e-11,6.770121245966853e-14,1.6820466268613404e-45,1.6820466268613404e-45,8.410233134306703e-48,1.4327357078591177e-43,1.4327357078591177e-43,7.163678539295588e-46,2.290826691988861e-43,2.290826691988861e-43,1.1454133459944305e-45,0.0019197634352167514,0.38395281460160874,0.0019197640730080436,3.992197518149207e-45,3.992197518149207e-45,1.9960987590746037e-47,8.417066095469715e-45,8.417066095469715e-45,4.2085330477348575e-47,8.850486001578524e-41,8.850486001588716e-41,4.4252430007943584e-43,1.3366264908394051e-09,1.0828393005126717e-07,5.414196502563359e-10,9.305635791042597e-10,6.905804557123768e-08,3.452902278561884e-10,False,1,False,Im,ng_only
254,Bt_plus_all_10_NG,31,0.16768329368110074,on,ng_high_bt_low,0.1,1.0,0.001,hard_extinction,True,20,0.0019197644550539464,0.0,0.3839528910107893,0.0,0.0019197644550539464,0.0,0.0,0.0,0.0,0.0,0.0,0.0,0.0,0.0,0.0,0.0,0.0,0.0,0.0,0.0,0.0,0.0,0.0019197644550539464,0.3839528910107893,0.0019197644550539464,0.0,0.0,0.0,0.0,0.0,0.0,0.0,0.0,0.0,0.0,0.0,0.0,0.0,0.0,0.0,True,1,False,Im,ng_only
255,Bt_plus_all_10_NG,31,0.16768329368110074,on,ng_high_bt_low,0.1,1.0,0.001,no_extinction_control,False,20,0.0019197644670128986,2.6602863865388383e-13,0.38395289198135746,1.974224391564328e-11,0.0019197644599067876,9.871121957821639e-14,0.3499682848872183,7.731321207530889e-45,8.324849704317833e-45,4.1624248521589163e-47,1.8222566593302744e-15,8.639409398424171e-14,4.3197046992120853e-16,1.9073486328125005e-45,1.9073486328125005e-45,9.536743164062502e-48,1.9073486328125005e-45,1.9073486328125005e-45,9.536743164062502e-48,1.9073486328125005e-45,1.9073486328125005e-45,9.536743164062502e-48,0.001919764453727214,0.38395289090510454,0.0019197644545255227,1.9073486328125005e-45,1.9073486328125005e-45,9.536743164062502e-48,1.9073486328125005e-45,1.9073486328125005e-45,9.536743164062502e-48,1.907348632872365e-45,1.9073486328745617e-45,9.536743164372809e-48,1.3283862200224969e-11,1.0761665663660004e-09,5.380832831830002e-12,2.6602863865388383e-13,1.974224391564328e-11,9.871121957821639e-14,False,1,False,Im,ng_only
256,Bt_plus_all_10_NG,32,0.18420699693267154,off,ng_low_bt_high,0.0001,0.001,1.0,hard_extinction,True,20,0.0019215892392996088,0.0,0.38428416168416574,0.0,0.0019214208084208288,0.0,0.046525542802840825,0.0,0.0,0.0,0.0,0.0,0.0,4.4787185394457956e-06,0.0008047448617096328,4.023724308548164e-06,0.0,0.0,0.0,0.0,0.0,0.0,0.001917110520760163,0.3834794168224561,0.0019173970841122807,0.0,0.0,0.0,0.0,0.0,0.0,0.0,0.0,0.0,0.0,0.0,0.0,0.0,0.0,0.0,False,2,False,Et|Im,ng_only
257,Bt_plus_all_10_NG,32,0.18420699693267154,off,ng_low_bt_high,0.0001,0.001,1.0,no_extinction_control,False,20,0.0019215895950890698,1.1232584383315085e-12,0.38428419749746007,5.683918212892074e-11,0.0019214209874873003,2.841959106446037e-13,0.3898081553667563,1.1121905477624894e-24,1.1292242222273435e-23,5.646121111136717e-26,3.0016964401636823e-13,1.609318423134066e-11,8.04659211567033e-14,4.4789246013033185e-06,0.000804779700599063,4.023898502995315e-06,1.3105870834872612e-24,1.1938341384795594e-23,5.969170692397797e-26,1.4860983616665129e-22,1.641269525859857e-21,8.206347629299284e-24,0.0019171103651091353,0.38347939303446765,0.0019173969651723384,7.682956050102176e-14,3.4805721725912578e-12,1.7402860862956287e-14,3.958132312398642e-17,1.0645001290023556e-15,5.322500645011778e-18,4.5929486451718034e-23,4.728479316970321e-22,2.3642396584851605e-24,3.0500159246386435e-10,2.4742818521612137e-08,1.237140926080607e-10,1.1232584383315085e-12,5.683918212892074e-11,2.841959106446037e-13,False,2,False,Et|Im,ng_only
258,Bt_plus_all_10_NG,32,0.18420699693267154,off,ng_high_bt_low,0.1,1.0,0.001,hard_extinction,True,20,0.0019214631889001837,0.0,0.38426230458109845,0.0,0.0019213115229054921,0.0,0.04455141154090825,0.0,0.0,0.0,0.0,0.0,0.0,4.137246020282971e-06,0.0007467752564437156,3.7338762822185782e-06,0.0,0.0,0.0,0.0,0.0,0.0,0.0019173259428799008,0.3835155293246547,0.0019175776466232735,0.0,0.0,0.0,0.0,0.0,0.0,0.0,0.0,0.0,0.0,0.0,0.0,0.0,0.0,0.0,False,2,False,Et|Im,ng_only
259,Bt_plus_all_10_NG,32,0.18420699693267154,off,ng_high_bt_low,0.1,1.0,0.001,no_extinction_control,False,20,0.0019214632096046297,2.393302369061376e-16,0.3842623069761527,1.2110455440709607e-14,0.0019213115348807636,6.055227720354803e-17,0.35160278784055166,3.14485774053992e-27,3.1930081919497003e-26,1.5965040959748503e-28,1.6629873108098968e-14,8.915798661845308e-13,4.4578993309226535e-15,4.1372667415380494e-06,0.0007467787894068219,3.7338939470341097e-06,3.952582688677961e-28,3.600464389968734e-27,1.8002321949843668e-29,1.3116507069809656e-26,1.4486050821398157e-25,7.243025410699078e-28,0.0019173259287682443,0.38351552704381053,0.0019175776352190527,7.441148816912818e-16,3.371009315056307e-14,1.6855046575281535e-16,9.125461740452247e-20,2.4541907908697448e-18,1.2270953954348724e-20,3.516126359276693e-27,3.6198784387632304e-26,1.8099392193816152e-28,1.4077473361395857e-11,1.1420100793200416e-09,5.710050396600208e-12,2.393302369061376e-16,1.2110455440709607e-14,6.055227720354803e-17,False,2,False,Et|Im,ng_only
260,Bt_plus_all_10_NG,32,0.18420699693267154,on,ng_low_bt_high,0.0001,0.001,1.0,hard_extinction,True,20,0.0019197644550541602,0.0,0.383952891010832,0.0,0.0019197644550541602,0.0,0.0,0.0,0.0,0.0,0.0,0.0,0.0,0.0,0.0,0.0,0.0,0.0,0.0,0.0,0.0,0.0,0.0019197644550541602,0.383952891010832,0.0019197644550541602,0.0,0.0,0.0,0.0,0.0,0.0,0.0,0.0,0.0,0.0,0.0,0.0,0.0,0.0,0.0,True,1,False,Im,ng_only
261,Bt_plus_all_10_NG,32,0.18420699693267154,on,ng_low_bt_high,0.0001,0.001,1.0,no_extinction_control,False,20,0.0019197647440084141,1.135997609892321e-12,0.38395291448393615,5.7478518044007956e-11,0.0019197645724196807,2.873925902200398e-13,0.38988862390408485,2.207996134145475e-41,2.2297702015658247e-41,1.1148851007829124e-43,4.4185053116273945e-14,2.075953791786254e-12,1.037976895893127e-14,1.0619035875055227e-45,1.0619035875055227e-45,5.309517937527614e-48,8.583160759306553e-44,8.583160759306553e-44,4.2915803796532766e-46,5.579236943488687e-44,5.579236943488687e-44,2.7896184717443436e-46,0.0019197644293927549,0.3839528889637466,0.0019197644448187329,1.2820999124146144e-45,1.2820999124146144e-45,6.410499562073072e-48,2.0151406190970395e-45,2.0151406190970395e-45,1.0075703095485198e-47,9.861180125158227e-42,9.861180125158236e-42,4.930590062579118e-44,3.145714741952107e-10,2.551811360509432e-08,1.2759056802547162e-10,1.135997609892321e-12,5.7478518044007956e-11,2.873925902200398e-13,False,1,False,Im,ng_only
262,Bt_plus_all_10_NG,32,0.18420699693267154,on,ng_high_bt_low,0.1,1.0,0.001,hard_extinction,True,20,0.0019197644550541602,0.0,0.383952891010832,0.0,0.0019197644550541602,0.0,0.0,0.0,0.0,0.0,0.0,0.0,0.0,0.0,0.0,0.0,0.0,0.0,0.0,0.0,0.0,0.0,0.0019197644550541602,0.383952891010832,0.0019197644550541602,0.0,0.0,0.0,0.0,0.0,0.0,0.0,0.0,0.0,0.0,0.0,0.0,0.0,0.0,0.0,True,1,False,Im,ng_only
263,Bt_plus_all_10_NG,32,0.18420699693267154,on,ng_high_bt_low,0.1,1.0,0.001,no_extinction_control,False,20,0.0019197644673098638,2.4456981490097107e-16,0.3839528920049943,1.2374595085383033e-14,0.0019197644600249715,6.187297542691517e-17,0.3495052275024708,2.302723024426117e-45,2.3254312351213476e-45,1.1627156175606738e-47,1.5232481128753183e-15,7.156702227626949e-14,3.578351113813474e-16,1.9073486328125005e-45,1.9073486328125005e-45,9.536743164062502e-48,1.9073486328125005e-45,1.9073486328125005e-45,9.536743164062502e-48,1.9073486328125005e-45,1.9073486328125005e-45,9.536743164062502e-48,0.0019197644540168602,0.3839528909267134,0.0019197644546335671,1.9073486328125005e-45,1.9073486328125005e-45,9.536743164062502e-48,1.9073486328125005e-45,1.9073486328125005e-45,9.536743164062502e-48,1.9073486328125528e-45,1.9073486328125543e-45,9.536743164062771e-48,1.3291480264088825e-11,1.078209326481857e-09,5.391046632409285e-12,2.4456981490097107e-16,1.2374595085383033e-14,6.187297542691517e-17,False,1,False,Im,ng_only
264,Bt_plus_all_10_NG,33,0.20235896477251566,off,ng_low_bt_high,0.0001,0.001,1.0,hard_extinction,True,20,0.0019215384420789622,0.0,0.38427605632809103,0.0,0.0019213802816404552,0.0,0.0446933688057074,0.0,0.0,0.0,0.0,0.0,0.0,4.295853891936771e-06,0.0007751506541552461,3.875753270776231e-06,0.0,0.0,0.0,0.0,0.0,0.0,0.0019172425881870253,0.3835009056739358,0.001917504528369679,0.0,0.0,0.0,0.0,0.0,0.0,0.0,0.0,0.0,0.0,0.0,0.0,0.0,0.0,0.0,False,2,False,Et|Im,ng_only
265,Bt_plus_all_10_NG,33,0.20235896477251566,off,ng_low_bt_high,0.0001,0.001,1.0,no_extinction_control,False,20,0.0019215386102575747,2.1739252762080496e-15,0.38427607362535154,7.759039145723601e-14,0.001921380368126758,3.8795195728618006e-16,0.3868349215123228,2.293787285417961e-25,2.3313623472525836e-24,1.1656811736262917e-26,1.3110988154946588e-13,7.043968679682699e-12,3.5219843398413497e-14,4.295959778575898e-06,0.0007751686449066387,3.875843224533194e-06,1.7473425412339477e-25,1.5921542669211434e-24,7.960771334605717e-27,1.7392931242237565e-23,1.9214609579736024e-22,9.607304789868011e-25,0.0019172425111072312,0.3835008936644439,0.0019175044683222195,2.384008238106169e-14,1.0813664234460076e-12,5.406832117230038e-15,8.842014249163227e-18,2.3804413116154534e-16,1.1902206558077268e-18,5.3286362121510095e-24,5.487122422086449e-23,2.7435612110432246e-25,1.3921680877027496e-10,1.130787544888032e-08,5.65393772444016e-11,2.1739252762080496e-15,7.759039145723601e-14,3.8795195728618006e-16,False,2,False,Et|Im,ng_only
266,Bt_plus_all_10_NG,33,0.20235896477251566,off,ng_high_bt_low,0.1,1.0,0.001,hard_extinction,True,20,0.001921479868791645,0.0,0.3842658814726443,0.0,0.0019213294073632215,0.0,0.04376422305720773,0.0,0.0,0.0,0.0,0.0,0.0,4.139246888574897e-06,0.0007484918786494553,3.7424593932472766e-06,0.0,0.0,0.0,0.0,0.0,0.0,0.00191734062190307,0.38351738959399484,0.0019175869479699742,0.0,0.0,0.0,0.0,0.0,0.0,0.0,0.0,0.0,0.0,0.0,0.0,0.0,0.0,0.0,False,2,False,Et|Im,ng_only
267,Bt_plus_all_10_NG,33,0.20235896477251566,off,ng_high_bt_low,0.1,1.0,0.001,no_extinction_control,False,20,0.0019214798872358556,4.1019585391421377e-19,0.38426588346155044,1.464038340855727e-17,0.0019213294173077522,7.320191704278635e-20,0.35149693936902615,3.1919699690910052e-27,3.244251770471247e-26,1.6221258852356236e-28,1.7033974816163096e-14,9.151583228881273e-13,4.575791614440637e-15,4.139260991681614e-06,0.0007484942844085545,3.7424714220427722e-06,3.950138325177066e-28,3.599309133660787e-27,1.7996545668303935e-29,1.3097510862016064e-26,1.4469292849072988e-25,7.234646424536494e-28,0.0019173406120076672,0.38351738802128027,0.0019175869401064013,7.525537398553423e-16,3.413513262625762e-14,1.706756631312881e-16,9.216946763101946e-20,2.4813754040003484e-18,1.2406877020001743e-20,3.505486401460602e-27,3.609746363440705e-26,1.8048731817203525e-28,1.4218720247574382e-11,1.154912314969156e-09,5.7745615748457806e-12,4.1019585391421377e-19,1.464038340855727e-17,7.320191704278635e-20,False,2,False,Et|Im,ng_only
268,Bt_plus_all_10_NG,33,0.20235896477251566,on,ng_low_bt_high,0.0001,0.001,1.0,hard_extinction,True,20,0.0019197644550541628,0.0,0.38395289101083224,0.0,0.0019197644550541613,0.0,0.0,0.0,0.0,0.0,0.0,0.0,0.0,0.0,0.0,0.0,0.0,0.0,0.0,0.0,0.0,0.0,0.0019197644550541628,0.38395289101083224,0.0019197644550541613,0.0,0.0,0.0,0.0,0.0,0.0,0.0,0.0,0.0,0.0,0.0,0.0,0.0,0.0,0.0,True,1,False,Im,ng_only
269,Bt_plus_all_10_NG,33,0.20235896477251566,on,ng_low_bt_high,0.0001,0.001,1.0,no_extinction_control,False,20,0.001919764586790036,2.1975917219872136e-15,0.38395290171045005,7.842902452437143e-14,0.0019197645085522502,3.9214512262185713e-16,0.38695576216453986,1.0613411709799063e-42,1.0621106048728945e-42,5.310553024364472e-45,1.440467577744133e-14,6.698536104784583e-13,3.3492680523922917e-15,8.447439106994713e-46,8.447439106994713e-46,4.223719553497356e-48,1.6545714290257317e-44,1.6545714290257317e-44,8.272857145128658e-47,8.335042442174664e-45,8.335042442174664e-45,4.1675212210873316e-47,0.0019197644442057085,0.38395289012998607,0.0019197644506499304,7.672728094833311e-46,7.672728094833311e-46,3.8363640474166555e-48,1.0985334245702299e-45,1.0985334245702299e-45,5.49266712285115e-48,1.2683462219995526e-42,1.2683462219995526e-42,6.341731109997762e-45,1.4256992286545123e-10,1.1579794129957566e-08,5.789897064978783e-11,2.1975917219872136e-15,7.842902452437143e-14,3.9214512262185713e-16,False,1,False,Im,ng_only
270,Bt_plus_all_10_NG,33,0.20235896477251566,on,ng_high_bt_low,0.1,1.0,0.001,hard_extinction,True,20,0.0019197644550541613,0.0,0.3839528910108326,0.0,0.0019197644550541628,0.0,0.0,0.0,0.0,0.0,0.0,0.0,0.0,0.0,0.0,0.0,0.0,0.0,0.0,0.0,0.0,0.0,0.0019197644550541613,0.3839528910108326,0.0019197644550541628,0.0,0.0,0.0,0.0,0.0,0.0,0.0,0.0,0.0,0.0,0.0,0.0,0.0,0.0,0.0,True,1,False,Im,ng_only
271,Bt_plus_all_10_NG,33,0.20235896477251566,on,ng_high_bt_low,0.1,1.0,0.001,no_extinction_control,False,20,0.0019197644674397885,4.17800229437127e-19,0.38395289201678945,1.4910715237573346e-17,0.001919764460083947,7.455357618786673e-20,0.34936203968341495,1.9345693814086203e-45,1.9359718740438552e-45,9.679859370219276e-48,1.2510569108989372e-15,5.817728911660927e-14,2.9088644558304633e-16,1.9073486328125005e-45,1.9073486328125005e-45,9.536743164062502e-48,1.9073486328125005e-45,1.9073486328125005e-45,9.536743164062502e-48,1.9073486328125005e-45,1.9073486328125005e-45,9.536743164062502e-48,0.0019197644540344652,0.38395289092802704,0.0019197644546401352,1.9073486328125005e-45,1.9073486328125005e-45,9.536743164062502e-48,1.9073486328125005e-45,1.9073486328125005e-45,9.536743164062502e-48,1.9073486328125005e-45,1.9073486328125005e-45,9.536743164062502e-48,1.3404072277733266e-11,1.0887042118494728e-09,5.4435210592473635e-12,4.17800229437127e-19,1.4910715237573346e-17,7.455357618786673e-20,False,1,False,Im,ng_only
272,Bt_plus_all_10_NG,34,0.22229964825261944,off,ng_low_bt_high,0.0001,0.001,1.0,hard_extinction,True,20,0.0019215084856230172,0.0,0.3842715086021057,0.0,0.0019213575430105285,0.0,0.04322543333810014,0.0,0.0,0.0,0.0,0.0,0.0,4.176862250540051e-06,0.0007562313969263911,3.7811569846319553e-06,0.0,0.0,0.0,0.0,0.0,0.0,0.001917331623372477,0.3835152772051793,0.0019175763860258966,0.0,0.0,0.0,0.0,0.0,0.0,0.0,0.0,0.0,0.0,0.0,0.0,0.0,0.0,0.0,False,2,False,Et|Im,ng_only
273,Bt_plus_all_10_NG,34,0.22229964825261944,off,ng_low_bt_high,0.0001,0.001,1.0,no_extinction_control,False,20,0.0019215085798815071,6.72461973928096e-18,0.3842715176778371,1.746108381087423e-16,0.0019213575883891857,8.730541905437115e-19,0.38354429413800517,7.954669074504328e-26,8.093000144378952e-25,4.046500072189476e-27,7.839376454410357e-14,4.220080826200539e-12,2.1100404131002694e-14,4.17690262972707e-06,0.0007562382825343349,3.7811914126716743e-06,4.788658139264054e-26,4.364584256509382e-25,2.182292128254691e-27,4.392729287083741e-24,4.854145230696249e-23,2.4270726153481243e-25,0.0019173315918743028,0.38351527245489553,0.0019175763622744776,1.1300396489684995e-14,5.131827184847591e-13,2.5659135924237953e-15,3.3799123361556065e-18,9.108313396634802e-17,4.554156698317401e-19,1.3217694769268947e-24,1.361374402694642e-23,6.806872013473209e-26,8.528777992213729e-11,6.935673936428723e-09,3.4678369682143616e-11,6.72461973928096e-18,1.746108381087423e-16,8.730541905437115e-19,False,2,False,Et|Im,ng_only
274,Bt_plus_all_10_NG,34,0.22229964825261944,off,ng_high_bt_low,0.1,1.0,0.001,hard_extinction,True,20,0.0019214962269593668,0.0,0.3842693762807374,0.0,0.0019213468814036868,0.0,0.043028653937228434,0.0,0.0,0.0,0.0,0.0,0.0,4.144431671680232e-06,0.0007506998251768146,3.753499125884073e-06,0.0,0.0,0.0,0.0,0.0,0.0,0.0019173517952876867,0.38351867645556054,0.0019175933822778027,0.0,0.0,0.0,0.0,0.0,0.0,0.0,0.0,0.0,0.0,0.0,0.0,0.0,0.0,0.0,False,2,False,Et|Im,ng_only
275,Bt_plus_all_10_NG,34,0.22229964825261944,off,ng_high_bt_low,0.1,1.0,0.001,no_extinction_control,False,20,0.0019214962435006068,1.2364286773770338e-21,0.3842693779233905,3.2104960081139666e-20,0.0019213468896169524,1.6052480040569832e-22,0.35147265454462406,3.2406471290104105e-27,3.2970003517924216e-26,1.6485001758962108e-28,1.7442139500170668e-14,9.389417355836705e-13,4.694708677918353e-15,4.144440164592667e-06,0.0007507012745999684,3.753506372999842e-06,3.9571431839997425e-28,3.606706158408336e-27,1.8033530792041682e-29,1.3114068256515956e-26,1.4491579232623361e-25,7.245789616311681e-28,0.0019173517889318563,0.38351867547793944,0.0019175933773896972,7.622745867210697e-16,3.4617011048663305e-14,1.7308505524331653e-16,9.324416283356857e-20,2.5127773216777987e-18,1.2563886608388993e-20,3.504567709641141e-27,3.6095767932804843e-26,1.804788396640242e-28,1.4385953080504461e-11,1.1698775388661075e-09,5.849387694330538e-12,1.2364286773770338e-21,3.2104960081139666e-20,1.6052480040569832e-22,False,2,False,Et|Im,ng_only
276,Bt_plus_all_10_NG,34,0.22229964825261944,on,ng_low_bt_high,0.0001,0.001,1.0,hard_extinction,True,20,0.0019197644550541597,0.0,0.38395289101083185,0.0,0.0019197644550541593,0.0,0.0,0.0,0.0,0.0,0.0,0.0,0.0,0.0,0.0,0.0,0.0,0.0,0.0,0.0,0.0,0.0,0.0019197644550541597,0.38395289101083185,0.0019197644550541593,0.0,0.0,0.0,0.0,0.0,0.0,0.0,0.0,0.0,0.0,0.0,0.0,0.0,0.0,0.0,True,1,False,Im,ng_only
277,Bt_plus_all_10_NG,34,0.22229964825261944,on,ng_low_bt_high,0.0001,0.001,1.0,no_extinction_control,False,20,0.0019197645353235902,6.7893667655968955e-18,0.383952897538034,1.762803763667717e-16,0.0019197644876901702,8.814018818338585e-19,0.38367646849265924,3.109886504352825e-43,3.1099738539742574e-43,1.5549869269871288e-45,6.436606867163664e-15,2.9586152522679757e-13,1.479307626133988e-15,1.340626274406849e-46,1.340626274406849e-46,6.703131372034245e-49,2.269216027130546e-45,2.269216027130546e-45,1.134608013565273e-47,1.9395674011178376e-45,1.9395674011178376e-45,9.697837005589189e-48,0.0019197644486072705,0.3839528904866688,0.001919764452433344,7.051373063604444e-46,7.051373063604444e-46,3.525686531802222e-48,1.0504771990279304e-45,1.0504771990279304e-45,5.252385995139652e-48,3.365456246463432e-43,3.365456246463432e-43,1.682728123231716e-45,8.670988291586046e-11,7.051069344214004e-09,3.5255346721070024e-11,6.7893667655968955e-18,1.762803763667717e-16,8.814018818338585e-19,False,1,False,Im,ng_only
278,Bt_plus_all_10_NG,34,0.22229964825261944,on,ng_high_bt_low,0.1,1.0,0.001,hard_extinction,True,20,0.0019197644550541597,0.0,0.38395289101083185,0.0,0.0019197644550541593,0.0,0.0,0.0,0.0,0.0,0.0,0.0,0.0,0.0,0.0,0.0,0.0,0.0,0.0,0.0,0.0,0.0,0.0019197644550541597,0.38395289101083185,0.0019197644550541593,0.0,0.0,0.0,0.0,0.0,0.0,0.0,0.0,0.0,0.0,0.0,0.0,0.0,0.0,0.0,True,1,False,Im,ng_only
279,Bt_plus_all_10_NG,34,0.22229964825261944,on,ng_high_bt_low,0.1,1.0,0.001,no_extinction_control,False,20,0.0019197644675958022,1.2558702021151945e-21,0.38395289203067134,3.260764653254213e-20,0.001919764460153357,1.6303823266271065e-22,0.34932358527618845,1.9084212287127832e-45,1.908474831912077e-45,9.542374159560384e-48,1.0053648237262154e-15,4.621204557455392e-14,2.3106022787276957e-16,1.9073486328125005e-45,1.9073486328125005e-45,9.536743164062502e-48,1.9073486328125005e-45,1.9073486328125005e-45,9.536743164062502e-48,1.9073486328125005e-45,1.9073486328125005e-45,9.536743164062502e-48,0.0019197644540468687,0.3839528909289352,0.001919764454644676,1.9073486328125005e-45,1.9073486328125005e-45,9.536743164062502e-48,1.9073486328125005e-45,1.9073486328125005e-45,9.536743164062502e-48,1.9073486328125005e-45,1.9073486328125005e-45,9.536743164062502e-48,1.3547928282662654e-11,1.1016899800671522e-09,5.508449900335761e-12,1.2558702021151945e-21,3.260764653254213e-20,1.6303823266271065e-22,False,1,False,Im,ng_only
280,Bt_plus_all_10_NG,35,0.2442053094548651,off,ng_low_bt_high,0.0001,0.001,1.0,hard_extinction,True,20,0.0019214899505710526,0.0,0.38426890356517757,0.0,0.0019213445178258878,0.0,0.04198067601492461,0.0,0.0,0.0,0.0,0.0,0.0,4.09381675222054e-06,0.0007433232339843074,3.716616169921537e-06,0.0,0.0,0.0,0.0,0.0,0.0,0.0019173961338188321,0.38352558033119327,0.0019176279016559663,0.0,0.0,0.0,0.0,0.0,0.0,0.0,0.0,0.0,0.0,0.0,0.0,0.0,0.0,0.0,False,2,False,Et|Im,ng_only
281,Bt_plus_all_10_NG,35,0.2442053094548651,off,ng_low_bt_high,0.0001,0.001,1.0,no_extinction_control,False,20,0.0019214900206628667,3.2788354444571406e-20,0.38426891052240525,6.371218917195419e-19,0.0019213445526120266,3.1856094585977096e-21,0.38025961588813395,3.6980971133222986e-26,3.7659321234420527e-25,1.8829660617210264e-27,5.5105286024993955e-14,2.9719523912706586e-12,1.4859761956353293e-14,4.093852066924716e-06,0.000743329272429736,3.71664636214868e-06,1.8746564904665746e-26,1.709093800645696e-25,8.54546900322848e-28,1.605333171923895e-24,1.7744198224190084e-23,8.872099112095042e-26,0.0019173961075289567,0.38352557628017947,0.0019176278814008975,6.7850998051970304e-15,3.0847440509743607e-13,1.5423720254871803e-15,1.738145649395617e-18,4.68836223283777e-17,2.344181116418885e-19,4.769133478019512e-25,4.913030020490658e-24,2.4565150102453293e-26,6.100509318984979e-11,4.966515591365633e-09,2.4832577956828166e-11,3.2788354444571406e-20,6.371218917195419e-19,3.1856094585977096e-21,False,2,False,Et|Im,ng_only
282,Bt_plus_all_10_NG,35,0.2442053094548651,off,ng_high_bt_low,0.1,1.0,0.001,hard_extinction,True,20,0.0019215122076744115,0.0,0.38427277916991737,0.0,0.001921363895849587,0.0,0.04234187680275259,0.0,0.0,0.0,0.0,0.0,0.0,4.15217939163605e-06,0.0007532934943227941,3.7664674716139707e-06,0.0,0.0,0.0,0.0,0.0,0.0,0.0019173600282827755,0.3835194856755946,0.001917597428377973,0.0,0.0,0.0,0.0,0.0,0.0,0.0,0.0,0.0,0.0,0.0,0.0,0.0,0.0,0.0,False,2,False,Et|Im,ng_only
283,Bt_plus_all_10_NG,35,0.2442053094548651,off,ng_high_bt_low,0.1,1.0,0.001,no_extinction_control,False,20,0.0019215122237888325,6.236497389098711e-24,0.3842727807225565,1.2118372607477341e-22,0.0019213639036127826,6.059186303738671e-25,0.35148083248650686,3.288900938238605e-27,3.349232462997595e-26,1.6746162314987975e-28,1.784582325014013e-14,9.624669321280107e-13,4.812334660640053e-15,4.152186224406552e-06,0.0007532946608751959,3.7664733043759793e-06,3.967975503236141e-28,3.6175394240770484e-27,1.8087697120385242e-29,1.314532287449731e-26,1.4529897407108616e-25,7.2649487035543085e-28,0.0019173600229851547,0.383519484875278,0.00191759742437639,7.723410465155798e-16,3.5113360562140226e-14,1.7556680281070112e-16,9.436310669861035e-20,2.5452915942868657e-18,1.2726457971434328e-20,3.5078342820690054e-27,3.6136749367981755e-26,1.8068374683990876e-28,1.456065301609678e-11,1.1854057370752858e-09,5.927028685376429e-12,6.236497389098711e-24,1.2118372607477341e-22,6.059186303738671e-25,False,2,False,Et|Im,ng_only
284,Bt_plus_all_10_NG,35,0.2442053094548651,on,ng_low_bt_high,0.0001,0.001,1.0,hard_extinction,True,20,0.0019197644550541636,0.0,0.38395289101083274,0.0,0.0019197644550541636,0.0,0.0,0.0,0.0,0.0,0.0,0.0,0.0,0.0,0.0,0.0,0.0,0.0,0.0,0.0,0.0,0.0,0.0019197644550541636,0.38395289101083274,0.0019197644550541636,0.0,0.0,0.0,0.0,0.0,0.0,0.0,0.0,0.0,0.0,0.0,0.0,0.0,0.0,0.0,True,1,False,Im,ng_only
285,Bt_plus_all_10_NG,35,0.2442053094548651,on,ng_low_bt_high,0.0001,0.001,1.0,no_extinction_control,False,20,0.0019197645120979424,3.3052574760464413e-20,0.38395289565461743,6.42219050572418e-19,0.0019197644782730874,3.21109525286209e-21,0.38035599790746843,4.3975708654494923e-44,4.397573437338383e-44,2.1987867186691914e-46,3.3541882740533134e-15,1.5217562172070485e-13,7.608781086035243e-16,4.533076467775451e-47,4.533076467775451e-47,2.266538233887725e-49,1.1207150884855575e-45,1.1207150884855575e-45,5.603575442427788e-48,1.6998752729584143e-45,1.6998752729584143e-45,8.499376364792071e-48,0.001919764450574196,0.3839528906461689,0.0019197644532308444,6.762624402236853e-46,6.762624402236853e-46,3.3813122011184264e-48,1.0458963444275433e-45,1.0458963444275433e-45,5.229481722137717e-48,6.605066809171673e-44,6.605066809171673e-44,3.3025334045858365e-46,6.15203923748071e-11,5.008296413261649e-09,2.5041482066308246e-11,3.3052574760464413e-20,6.42219050572418e-19,3.21109525286209e-21,False,1,False,Im,ng_only
286,Bt_plus_all_10_NG,35,0.2442053094548651,on,ng_high_bt_low,0.1,1.0,0.001,hard_extinction,True,20,0.0019197644550541636,0.0,0.38395289101083274,0.0,0.0019197644550541636,0.0,0.0,0.0,0.0,0.0,0.0,0.0,0.0,0.0,0.0,0.0,0.0,0.0,0.0,0.0,0.0,0.0,0.0019197644550541636,0.38395289101083274,0.0019197644550541636,0.0,0.0,0.0,0.0,0.0,0.0,0.0,0.0,0.0,0.0,0.0,0.0,0.0,0.0,0.0,True,1,False,Im,ng_only
287,Bt_plus_all_10_NG,35,0.2442053094548651,on,ng_high_bt_low,0.1,1.0,0.001,no_extinction_control,False,20,0.0019197644677589104,6.3198214993557065e-24,0.3839528920450927,1.2279557009152253e-22,0.0019197644602254637,6.139778504576127e-25,0.34932726619125454,1.9073715006318646e-45,1.9073726161448568e-45,9.536863080724284e-48,7.883427879665249e-16,3.5766195579021284e-14,1.7883097789510642e-16,1.9073486328125005e-45,1.9073486328125005e-45,9.536743164062502e-48,1.9073486328125005e-45,1.9073486328125005e-45,9.536743164062502e-48,1.9073486328125005e-45,1.9073486328125005e-45,9.536743164062502e-48,0.0019197644540563763,0.38395289092961515,0.0019197644546480757,1.9073486328125005e-45,1.9073486328125005e-45,9.536743164062502e-48,1.9073486328125005e-45,1.9073486328125005e-45,9.536743164062502e-48,1.9073486328125005e-45,1.9073486328125005e-45,9.536743164062502e-48,1.3701745680068477e-11,1.1154417915172394e-09,5.5772089575861974e-12,6.3198214993557065e-24,1.2279557009152253e-22,6.139778504576127e-25,False,1,False,Im,ng_only
288,Bt_plus_all_10_NG,36,0.2682695795279725,off,ng_low_bt_high,0.0001,0.001,1.0,hard_extinction,True,20,0.0019214809480417407,0.0,0.38426792332686377,0.0,0.001921339616634319,0.0,0.04093369860519047,0.0,0.0,0.0,0.0,0.0,0.0,4.040107354830351e-06,0.0007353416950965669,3.6767084754828344e-06,0.0,0.0,0.0,0.0,0.0,0.0,0.0019174408406869104,0.3835325816317672,0.001917662908158836,0.0,0.0,0.0,0.0,0.0,0.0,0.0,0.0,0.0,0.0,0.0,0.0,0.0,0.0,0.0,False,2,False,Et|Im,ng_only
289,Bt_plus_all_10_NG,36,0.2682695795279725,off,ng_low_bt_high,0.0001,0.001,1.0,no_extinction_control,False,20,0.0019214809970950523,2.4701078008985476e-22,0.38426792773507273,3.6854963006497215e-21,0.0019213396386753637,1.8427481503248606e-23,0.3771959726656764,2.080570047910312e-26,2.1206068776081924e-25,1.0603034388040962e-27,4.2535811680373476e-14,2.298087773430628e-12,1.149043886715314e-14,4.040118829686869e-06,0.0007353436615915122,3.676718307957561e-06,9.222518517466144e-27,8.410123133062817e-26,4.205061566531408e-28,7.507171624492895e-25,8.299922109321576e-24,4.1499610546607877e-26,0.001917440830186008,0.383532580156491,0.001917662900782455,4.683142054457439e-15,2.131362165401419e-13,1.0656810827007095e-15,1.0553416463422678e-18,2.8490999009770997e-17,1.4245499504885498e-19,2.2319724675899072e-25,2.2997564995771406e-24,1.1498782497885702e-26,4.80321374509417e-11,3.9144789880219044e-09,1.9572394940109522e-11,2.4701078008985476e-22,3.6854963006497215e-21,1.8427481503248606e-23,False,2,False,Et|Im,ng_only
290,Bt_plus_all_10_NG,36,0.2682695795279725,off,ng_high_bt_low,0.1,1.0,0.001,hard_extinction,True,20,0.001921527769088552,0.0,0.38427608284755727,0.0,0.0019213804142377863,0.0,0.04170121084513756,0.0,0.0,0.0,0.0,0.0,0.0,4.161980095728203e-06,0.0007561862448494072,3.7809312242470357e-06,0.0,0.0,0.0,0.0,0.0,0.0,0.0019173657889928239,0.38351989660270785,0.0019175994830135392,0.0,0.0,0.0,0.0,0.0,0.0,0.0,0.0,0.0,0.0,0.0,0.0,0.0,0.0,0.0,False,2,False,Et|Im,ng_only
291,Bt_plus_all_10_NG,36,0.2682695795279725,off,ng_high_bt_low,0.1,1.0,0.001,no_extinction_control,False,20,0.001921527785176225,5.030345075836563e-26,0.38427608437985944,7.50549054028379e-25,0.001921380421899297,3.752745270141895e-27,0.3515035657410337,3.3359344692946215e-27,3.400133789273146e-26,1.7000668946365731e-28,1.824153940501833e-14,9.855410321180128e-13,4.927705160590064e-15,4.161986342332416e-06,0.0007561873116717009,3.7809365583585045e-06,3.9803858774078517e-28,3.629762297352562e-27,1.814881148676281e-29,1.318291589088432e-26,1.4575026054518587e-25,7.287513027259294e-28,0.001917365784078955,0.38351989586623025,0.0019175994793311512,7.823935736110269e-16,3.5607869991760857e-14,1.7803934995880428e-16,9.548108521876441e-20,2.5777014271637e-18,1.28885071358185e-20,3.513066507018792e-27,3.619758051180052e-26,1.8098790255900262e-28,1.4735913360755226e-11,1.2009362907979154e-09,6.004681453989577e-12,5.030345075836563e-26,7.50549054028379e-25,3.752745270141895e-27,False,2,False,Et|Im,ng_only
292,Bt_plus_all_10_NG,36,0.2682695795279725,on,ng_low_bt_high,0.0001,0.001,1.0,hard_extinction,True,20,0.001919764455054166,0.0,0.3839528910108332,0.0,0.001919764455054166,0.0,0.0,0.0,0.0,0.0,0.0,0.0,0.0,0.0,0.0,0.0,0.0,0.0,0.0,0.0,0.0,0.0,0.001919764455054166,0.3839528910108332,0.001919764455054166,0.0,0.0,0.0,0.0,0.0,0.0,0.0,0.0,0.0,0.0,0.0,0.0,0.0,0.0,0.0,True,1,False,Im,ng_only
293,Bt_plus_all_10_NG,36,0.2682695795279725,on,ng_low_bt_high,0.0001,0.001,1.0,no_extinction_control,False,20,0.0019197644997571708,2.4865917370776535e-22,0.38395289465383353,3.709902869473348e-21,0.0019197644732691678,1.8549514347366742e-23,0.3772373925098069,1.2951674599553394e-44,1.295167470063644e-44,6.475837350318219e-47,1.8873404121783202e-15,8.438205698725128e-14,4.219102849362564e-16,4.2314642123613173e-47,4.2314642123613173e-47,2.1157321061806586e-49,1.1022989086492785e-45,1.1022989086492785e-45,5.511494543246393e-48,1.6964834432150268e-45,1.6964834432150268e-45,8.482417216075134e-48,0.0019197644516138403,0.38395289073049116,0.001919764453652456,6.4613129864393734e-46,6.4613129864393734e-46,3.2306564932196864e-48,1.0456943442128145e-45,1.0456943442128145e-45,5.2284717210640726e-48,9.345747743757567e-45,9.345747743757567e-45,4.672873871878784e-47,4.8141443054659475e-11,3.9232579849299605e-09,1.96162899246498e-11,2.4865917370776535e-22,3.709902869473348e-21,1.8549514347366742e-23,False,1,False,Im,ng_only
294,Bt_plus_all_10_NG,36,0.2682695795279725,on,ng_high_bt_low,0.1,1.0,0.001,hard_extinction,True,20,0.001919764455054166,0.0,0.3839528910108332,0.0,0.001919764455054166,0.0,0.0,0.0,0.0,0.0,0.0,0.0,0.0,0.0,0.0,0.0,0.0,0.0,0.0,0.0,0.0,0.0,0.001919764455054166,0.3839528910108332,0.001919764455054166,0.0,0.0,0.0,0.0,0.0,0.0,0.0,0.0,0.0,0.0,0.0,0.0,0.0,0.0,0.0,True,1,False,Im,ng_only
295,Bt_plus_all_10_NG,36,0.2682695795279725,on,ng_high_bt_low,0.1,1.0,0.001,no_extinction_control,False,20,0.0019197644679219746,5.087562226438804e-26,0.38395289205947275,7.5904546025381195e-25,0.0019197644602973634,3.79522730126906e-27,0.34934992180618174,1.907348942965083e-45,1.907348957851239e-45,9.536744789256195e-48,6.016423478428618e-16,2.6899131991936273e-14,1.3449565995968135e-16,1.9073486328125005e-45,1.9073486328125005e-45,9.536743164062502e-48,1.9073486328125005e-45,1.9073486328125005e-45,9.536743164062502e-48,1.9073486328125005e-45,1.9073486328125005e-45,9.536743164062502e-48,0.0019197644540638482,0.383952890930135,0.001919764454650675,1.9073486328125005e-45,1.9073486328125005e-45,9.536743164062502e-48,1.9073486328125005e-45,1.9073486328125005e-45,9.536743164062502e-48,1.9073486328125005e-45,1.9073486328125005e-45,9.536743164062502e-48,1.3857524750219024e-11,1.1293108093563112e-09,5.646554046781556e-12,5.087562226438804e-26,7.5904546025381195e-25,3.79522730126906e-27,False,1,False,Im,ng_only
296,Bt_plus_all_10_NG,37,0.29470517025518095,off,ng_low_bt_high,0.0001,0.001,1.0,hard_extinction,True,20,0.0019214798455442568,0.0,0.38426829048907957,0.0,0.0019213414524453978,0.0,0.040061215188958776,0.0,0.0,0.0,0.0,0.0,0.0,4.010333634282393e-06,0.0007313904320795346,3.656952160397673e-06,0.0,0.0,0.0,0.0,0.0,0.0,0.0019174695119099745,0.38353690005700003,0.001917684500285,0.0,0.0,0.0,0.0,0.0,0.0,0.0,0.0,0.0,0.0,0.0,0.0,0.0,0.0,0.0,False,2,False,Et|Im,ng_only
297,Bt_plus_all_10_NG,37,0.29470517025518095,off,ng_low_bt_high,0.0001,0.001,1.0,no_extinction_control,False,20,0.0019214798886068398,2.8063893966493886e-24,0.38426829452786376,3.2915164628702055e-23,0.0019213414726393188,1.6457582314351027e-25,0.37442166208590777,1.305335602692095e-26,1.3315623929990207e-25,6.657811964995103e-28,3.490985675086699e-14,1.8892051710842484e-12,9.446025855421242e-15,4.010348204308046e-06,0.0007313929323519641,3.6569646617598202e-06,5.4813370544724996e-27,4.999674014179004e-26,2.499837007089502e-28,4.347334226287909e-25,4.807519344344798e-24,2.403759672172399e-26,0.0019174695001576655,0.3835368983135095,0.0019176844915675475,3.5287920949837857e-15,1.607594969082186e-13,8.03797484541093e-16,7.205677915894061e-19,1.9469157254663127e-17,9.734578627331563e-20,1.2875921281939885e-25,1.3269349412714888e-24,6.634674706357444e-27,4.0206426958997654e-11,3.279952305209597e-09,1.6399761526047986e-11,2.8063893966493886e-24,3.2915164628702055e-23,1.6457582314351027e-25,False,2,False,Et|Im,ng_only
298,Bt_plus_all_10_NG,37,0.29470517025518095,off,ng_high_bt_low,0.1,1.0,0.001,hard_extinction,True,20,0.0019215428757273774,0.0,0.38427928125157057,0.0,0.0019213964062578528,0.0,0.04110402748243658,0.0,0.0,0.0,0.0,0.0,0.0,4.1734000331132036e-06,0.00075930449875278,3.7965224937639e-06,0.0,0.0,0.0,0.0,0.0,0.0,0.001917369475694264,0.3835199767528178,0.001917599883764089,0.0,0.0,0.0,0.0,0.0,0.0,0.0,0.0,0.0,0.0,0.0,0.0,0.0,0.0,0.0,False,2,False,Et|Im,ng_only
299,Bt_plus_all_10_NG,37,0.29470517025518095,off,ng_high_bt_low,0.1,1.0,0.001,no_extinction_control,False,20,0.0019215428923511216,6.225196443887489e-28,0.38427928286184015,7.301341437174173e-27,0.0019213964143092006,3.6506707185870867e-29,0.3515330883323049,3.3813832094321174e-27,3.4493290515973185e-26,1.7246645257986593e-28,1.862745434811622e-14,1.0080599297016518e-12,5.040299648508259e-15,4.173407176966784e-06,0.0007593057191064582,3.7965285955322912e-06,3.993336852317869e-28,3.642431392591405e-27,1.8212156962957025e-29,1.3222980273708153e-26,1.4622701308444112e-25,7.311350654222056e-28,0.0019173694702461202,0.38351997592547427,0.0019175998796273712,7.922679026712887e-16,3.609305943763563e-14,1.8046529718817816e-16,9.657745783804519e-20,2.6094499062500795e-18,1.3047249531250397e-20,3.519231849538506e-27,3.626764815161783e-26,1.8133824075808916e-28,1.4908614877128875e-11,1.2162152796209557e-09,6.081076398104778e-12,6.225196443887489e-28,7.301341437174173e-27,3.6506707185870867e-29,False,2,False,Et|Im,ng_only
300,Bt_plus_all_10_NG,37,0.29470517025518095,on,ng_low_bt_high,0.0001,0.001,1.0,hard_extinction,True,20,0.0019197644550541645,0.0,0.3839528910108329,0.0,0.0019197644550541645,0.0,0.0,0.0,0.0,0.0,0.0,0.0,0.0,0.0,0.0,0.0,0.0,0.0,0.0,0.0,0.0,0.0,0.0019197644550541645,0.3839528910108329,0.0019197644550541645,0.0,0.0,0.0,0.0,0.0,0.0,0.0,0.0,0.0,0.0,0.0,0.0,0.0,0.0,0.0,True,1,False,Im,ng_only
301,Bt_plus_all_10_NG,37,0.29470517025518095,on,ng_low_bt_high,0.0001,0.001,1.0,no_extinction_control,False,20,0.0019197644923543014,2.8221418330320966e-24,0.38395289405357275,3.309842714703194e-23,0.0019197644702678637,1.654921357351597e-25,0.3744028394215828,7.251607394625384e-45,7.251607395163284e-45,3.625803697581642e-47,1.1024141461328283e-15,4.8488912128864516e-14,2.4244456064432257e-16,4.229491749223683e-47,4.229491749223683e-47,2.1147458746118415e-49,1.1027263586890272e-45,1.1027263586890272e-45,5.513631793445136e-48,1.6971336407185008e-45,1.6971336407185008e-45,8.485668203592503e-48,0.001919764452235743,0.3839528907809352,0.001919764453904676,6.137779611517955e-46,6.137779611517955e-46,3.0688898057589773e-48,1.0455700459229272e-45,1.0455700459229272e-45,5.227850229614636e-48,4.4295964602346676e-45,4.4295964602346676e-45,2.214798230117334e-47,4.011745604223105e-11,3.2725890626018322e-09,1.636294531300916e-11,2.8221418330320966e-24,3.309842714703194e-23,1.654921357351597e-25,False,1,False,Im,ng_only
302,Bt_plus_all_10_NG,37,0.29470517025518095,on,ng_high_bt_low,0.1,1.0,0.001,hard_extinction,True,20,0.0019197644550541645,0.0,0.3839528910108329,0.0,0.0019197644550541645,0.0,0.0,0.0,0.0,0.0,0.0,0.0,0.0,0.0,0.0,0.0,0.0,0.0,0.0,0.0,0.0,0.0,0.0019197644550541645,0.3839528910108329,0.0019197644550541645,0.0,0.0,0.0,0.0,0.0,0.0,0.0,0.0,0.0,0.0,0.0,0.0,0.0,0.0,0.0,True,1,False,Im,ng_only
303,Bt_plus_all_10_NG,37,0.29470517025518095,on,ng_high_bt_low,0.1,1.0,0.001,no_extinction_control,False,20,0.0019197644680818758,6.285599105195312e-28,0.38395289207356054,7.371828076459027e-27,0.0019197644603678027,3.685914038229513e-29,0.34938144569117036,1.9073486358186347e-45,1.9073486359601153e-45,9.536743179800576e-48,4.456943341285388e-16,1.960355232474737e-14,9.801776162373684e-17,1.9073486328125005e-45,1.9073486328125005e-45,9.536743164062502e-48,1.9073486328125005e-45,1.9073486328125005e-45,9.536743164062502e-48,1.9073486328125005e-45,1.9073486328125005e-45,9.536743164062502e-48,0.0019197644540697642,0.38395289093053653,0.0019197644546526827,1.9073486328125005e-45,1.9073486328125005e-45,9.536743164062502e-48,1.9073486328125005e-45,1.9073486328125005e-45,9.536743164062502e-48,1.9073486328125005e-45,1.9073486328125005e-45,9.536743164062502e-48,1.4011665891580575e-11,1.143004413565832e-09,5.7150220678291596e-12,6.285599105195312e-28,7.371828076459027e-27,3.685914038229513e-29,False,1,False,Im,ng_only
304,Bt_plus_all_10_NG,38,0.32374575428176433,off,ng_low_bt_high,0.0001,0.001,1.0,hard_extinction,True,20,0.0019214845237994155,0.0,0.3842696394954894,0.0,0.0019213481974774472,0.0,0.039330140080576115,0.0,0.0,0.0,0.0,0.0,0.0,3.998229300768205e-06,0.0007304113998853587,3.6520569994267933e-06,0.0,0.0,0.0,0.0,0.0,0.0,0.0019174862944986474,0.3835392280956041,0.0019176961404780205,0.0,0.0,0.0,0.0,0.0,0.0,0.0,0.0,0.0,0.0,0.0,0.0,0.0,0.0,0.0,False,2,False,Et|Im,ng_only
305,Bt_plus_all_10_NG,38,0.32374575428176433,off,ng_low_bt_high,0.0001,0.001,1.0,no_extinction_control,False,20,0.0019214845592083328,4.679969107540079e-26,0.3842696426421763,4.408081154174894e-25,0.0019213482132108815,2.2040405770874472e-27,0.3719415825596979,8.708426879498971e-27,8.890360779398237e-26,4.4451803896991184e-28,3.001348916694642e-14,1.626763722601599e-12,8.133818613007996e-15,3.998236339393191e-06,0.0007304126091182117,3.652063045591058e-06,3.677177808923911e-27,3.35479655168122e-26,1.67739827584061e-28,2.8825936134860724e-25,3.1884227654209643e-24,1.594211382710482e-26,0.0019174862877709635,0.38353922716809796,0.0019176961358404899,2.826255343056332e-15,1.2887461111103539e-13,6.443730555551769e-16,5.356289364356476e-19,1.448348554750166e-17,7.241742773750829e-20,8.399123407348484e-26,8.657230836091234e-25,4.328615418045617e-27,3.5065135877215286e-11,2.8632044613440897e-09,1.4316022306720448e-11,4.679969107540079e-26,4.408081154174894e-25,2.2040405770874472e-27,False,2,False,Et|Im,ng_only
306,Bt_plus_all_10_NG,38,0.32374575428176433,off,ng_high_bt_low,0.1,1.0,0.001,hard_extinction,True,20,0.0019215574999215473,0.0,0.38428236978892577,0.0,0.001921411848944629,0.0,0.04054779854268631,0.0,0.0,0.0,0.0,0.0,0.0,4.186074005123436e-06,0.0007625864581242352,3.812932290621176e-06,0.0,0.0,0.0,0.0,0.0,0.0,0.0019173714259164238,0.38351978333080156,0.0019175989166540079,0.0,0.0,0.0,0.0,0.0,0.0,0.0,0.0,0.0,0.0,0.0,0.0,0.0,0.0,0.0,False,2,False,Et|Im,ng_only
307,Bt_plus_all_10_NG,38,0.32374575428176433,off,ng_high_bt_low,0.1,1.0,0.001,no_extinction_control,False,20,0.0019215575165019312,1.1381321389812764e-29,0.38428237137674476,1.0720149727888707e-28,0.0019214118568837233,5.360074863944353e-31,0.351565587822245,3.425069821614356e-27,3.4966336909271193e-26,1.7483168454635597e-28,1.900241555381411e-14,1.02995644464373e-12,5.1497822232186505e-15,4.18608055749189e-06,0.0007625875777079992,3.812937888539996e-06,4.006304595726841e-28,3.655070977714099e-27,1.8275354888570495e-29,1.3263553449553615e-26,1.4670761592340467e-25,7.335380796170234e-28,0.0019173714208474979,0.3835197825668598,0.001917598912834299,8.018791335087193e-16,3.656504517217889e-14,1.8282522586089443e-16,9.764180225235918e-20,2.6402549662796084e-18,1.3201274831398042e-20,3.525799868363775e-27,3.6341505820731893e-26,1.8170752910365947e-28,1.5077137226444363e-11,1.2311103629499364e-09,6.155551814749682e-12,1.1381321389812764e-29,1.0720149727888707e-28,5.360074863944353e-31,False,2,False,Et|Im,ng_only
308,Bt_plus_all_10_NG,38,0.32374575428176433,on,ng_low_bt_high,0.0001,0.001,1.0,hard_extinction,True,20,0.0019197644550541654,0.0,0.3839528910108327,0.0,0.0019197644550541634,0.0,4.440892098500626e-16,0.0,0.0,0.0,0.0,0.0,0.0,0.0,0.0,0.0,0.0,0.0,0.0,0.0,0.0,0.0,0.0019197644550541654,0.3839528910108327,0.0019197644550541634,0.0,0.0,0.0,0.0,0.0,0.0,0.0,0.0,0.0,0.0,0.0,0.0,0.0,0.0,0.0,True,1,False,Im,ng_only
309,Bt_plus_all_10_NG,38,0.32374575428176433,on,ng_low_bt_high,0.0001,0.001,1.0,no_extinction_control,False,20,0.001919764487487524,4.7023175832985624e-26,0.38395289365904167,4.428952270099062e-25,0.0019197644682952084,2.2144761350495313e-27,0.37185045722739574,2.3780038744766666e-45,2.3780038744782684e-45,1.1890019372391342e-47,6.558230065548955e-16,2.832507666974903e-14,1.4162538334874515e-16,4.228955357985695e-47,4.228955357985695e-47,2.1144776789928476e-49,1.1032808778582248e-45,1.1032808778582248e-45,5.516404389291125e-48,1.697906050337073e-45,1.697906050337073e-45,8.489530251685365e-48,0.001919764452643856,0.3839528908140362,0.001919764454070181,5.791379022170618e-46,5.791379022170618e-46,2.895689511085309e-48,1.045426498061561e-45,1.045426498061561e-45,5.227132490307805e-48,4.324208831703175e-45,4.324208831703175e-45,2.1621044158515875e-47,3.484301228262029e-11,2.8449771607838918e-09,1.422488580391946e-11,4.7023175832985624e-26,4.428952270099062e-25,2.2144761350495313e-27,False,1,False,Im,ng_only
310,Bt_plus_all_10_NG,38,0.32374575428176433,on,ng_high_bt_low,0.1,1.0,0.001,hard_extinction,True,20,0.0019197644550541654,0.0,0.3839528910108327,0.0,0.0019197644550541634,0.0,4.440892098500626e-16,0.0,0.0,0.0,0.0,0.0,0.0,0.0,0.0,0.0,0.0,0.0,0.0,0.0,0.0,0.0,0.0019197644550541654,0.3839528910108327,0.0019197644550541634,0.0,0.0,0.0,0.0,0.0,0.0,0.0,0.0,0.0,0.0,0.0,0.0,0.0,0.0,0.0,True,1,False,Im,ng_only
311,Bt_plus_all_10_NG,38,0.32374575428176433,on,ng_high_bt_low,0.1,1.0,0.001,no_extinction_control,False,20,0.0019197644682370887,1.1475725516339517e-29,0.3839528920872279,1.0808593776779858e-28,0.0019197644604361393,5.404296888389929e-31,0.34941687040774383,1.907348632840365e-45,1.9073486328416497e-45,9.536743164208249e-48,3.19571207787725e-16,1.38023199390424e-14,6.901159969521201e-17,1.9073486328125005e-45,1.9073486328125005e-45,9.536743164062502e-48,1.9073486328125005e-45,1.9073486328125005e-45,9.536743164062502e-48,1.9073486328125005e-45,1.9073486328125005e-45,9.536743164062502e-48,0.001919764454074449,0.3839528909308422,0.0019197644546542108,1.9073486328125005e-45,1.9073486328125005e-45,9.536743164062502e-48,1.9073486328125005e-45,1.9073486328125005e-45,9.536743164062502e-48,1.9073486328125005e-45,1.9073486328125005e-45,9.536743164062502e-48,1.4162320068351282e-11,1.156371904593825e-09,5.781859522969125e-12,1.1475725516339517e-29,1.0808593776779858e-28,5.404296888389929e-31,False,1,False,Im,ng_only
312,Bt_plus_all_10_NG,39,0.35564803062231287,off,ng_low_bt_high,0.0001,0.001,1.0,hard_extinction,True,20,0.0019214929673656862,0.0,0.3842716206453729,0.0,0.0019213581032268645,0.0,0.038707431980678386,0.0,0.0,0.0,0.0,0.0,0.0,3.998089728936366e-06,0.0007314339091717576,3.657169545858788e-06,0.0,0.0,0.0,0.0,0.0,0.0,0.0019174948776367498,0.38354018673620116,0.0019177009336810058,0.0,0.0,0.0,0.0,0.0,0.0,0.0,0.0,0.0,0.0,0.0,0.0,0.0,0.0,0.0,False,2,False,Et|Im,ng_only
313,Bt_plus_all_10_NG,39,0.35564803062231287,off,ng_low_bt_high,0.0001,0.001,1.0,no_extinction_control,False,20,0.001921492998527897,1.1136632428551539e-27,0.3842716233605478,8.589898458608585e-27,0.0019213581168027389,4.2949492293042924e-29,0.369738604884013,6.119129209271717e-27,6.251574715748223e-26,3.1257873578741117e-28,2.680227931319934e-14,1.4548436298174786e-12,7.274218149087393e-15,3.998094351574354e-06,0.0007314347039518256,3.6571735197591284e-06,2.6314824400581896e-27,2.4012794284460368e-26,1.2006397142230183e-28,2.0404172055777327e-25,2.257357436795844e-24,1.1286787183979219e-26,0.0019174948726699875,0.38354018608254614,0.0019177009304127306,2.3657919828646933e-15,1.0797266907794385e-13,5.398633453897192e-16,4.2199612952314866e-19,1.1419163176684566e-17,5.709581588342283e-20,5.796969449164751e-26,5.976066174918383e-25,2.9880330874591916e-27,3.147716659014372e-11,2.5724870340910433e-09,1.2862435170455217e-11,1.1136632428551539e-27,8.589898458608585e-27,4.2949492293042924e-29,False,2,False,Et|Im,ng_only
314,Bt_plus_all_10_NG,39,0.35564803062231287,off,ng_high_bt_low,0.1,1.0,0.001,hard_extinction,True,20,0.001921571618588258,0.0,0.38428534477524,0.0,0.0019214267238762,0.0,0.04003004825705503,0.0,0.0,0.0,0.0,0.0,0.0,4.199688144047308e-06,0.0007659792053304986,3.8298960266524925e-06,0.0,0.0,0.0,0.0,0.0,0.0,0.0019173719304442108,0.3835193655699095,0.0019175968278495475,0.0,0.0,0.0,0.0,0.0,0.0,0.0,0.0,0.0,0.0,0.0,0.0,0.0,0.0,0.0,False,2,False,Et|Im,ng_only
315,Bt_plus_all_10_NG,39,0.35564803062231287,off,ng_high_bt_low,0.1,1.0,0.001,no_extinction_control,False,20,0.0019215716352165573,2.9698899837016214e-31,0.38428534635701395,2.2907412680066457e-30,0.0019214267317850698,1.1453706340033229e-32,0.3515990290526627,3.466911491165807e-27,3.541960111764836e-26,1.7709800558824179e-28,1.93656367872137e-14,1.0511836037542897e-12,5.2559180187714485e-15,4.199694364248731e-06,0.0007659802683735562,3.829901341867781e-06,4.019010229301068e-28,3.667428448778213e-27,1.8337142243891066e-29,1.3303581334091638e-26,1.471804857329561e-25,7.359024286647805e-28,0.00191737192559157,0.3835193648420058,0.0019175968242100291,8.111801147600263e-16,3.702166093060263e-14,1.8510830465301317e-16,9.866859596864749e-20,2.6699667758446823e-18,1.3349833879223412e-20,3.5324793396477445e-27,3.641616925043458e-26,1.820808462521729e-28,1.524056191743939e-11,1.2455463392031438e-09,6.227731696015719e-12,2.9698899837016214e-31,2.2907412680066457e-30,1.1453706340033229e-32,False,2,False,Et|Im,ng_only
316,Bt_plus_all_10_NG,39,0.35564803062231287,on,ng_low_bt_high,0.0001,0.001,1.0,hard_extinction,True,20,0.0019197644550541652,0.0,0.3839528910108329,0.0,0.0019197644550541645,0.0,4.440892098500626e-16,0.0,0.0,0.0,0.0,0.0,0.0,0.0,0.0,0.0,0.0,0.0,0.0,0.0,0.0,0.0,0.0019197644550541652,0.3839528910108329,0.0019197644550541645,0.0,0.0,0.0,0.0,0.0,0.0,0.0,0.0,0.0,0.0,0.0,0.0,0.0,0.0,0.0,True,1,False,Im,ng_only
317,Bt_plus_all_10_NG,39,0.35564803062231287,on,ng_low_bt_high,0.0001,0.001,1.0,no_extinction_control,False,20,0.001919764484073825,1.118188823283905e-27,0.38395289338239486,8.624490908282382e-27,0.0019197644669119742,4.312245454141191e-29,0.36955904773078174,5.712092564762197e-46,5.712092564762236e-46,2.856046282381118e-48,3.929071422243774e-16,1.66294128127025e-14,8.31470640635125e-17,4.228331806313969e-47,4.228331806313969e-47,2.1141659031569847e-49,1.1038839296239873e-45,1.1038839296239873e-45,5.519419648119936e-48,1.6987444505680654e-45,1.6987444505680654e-45,8.493722252840327e-48,0.00191976445292976,0.38395289083722595,0.0019197644541861297,5.419865804775595e-46,5.419865804775595e-46,2.7099329023877973e-48,1.045259412177732e-45,1.045259412177732e-45,5.22629706088866e-48,4.320812212463563e-45,4.320812212463563e-45,2.1604061062317817e-47,3.114367230192569e-11,2.5451522739035406e-09,1.2725761369517703e-11,1.118188823283905e-27,8.624490908282382e-27,4.312245454141191e-29,False,1,False,Im,ng_only
318,Bt_plus_all_10_NG,39,0.35564803062231287,on,ng_high_bt_low,0.1,1.0,0.001,hard_extinction,True,20,0.0019197644550541652,0.0,0.3839528910108329,0.0,0.0019197644550541645,0.0,4.440892098500626e-16,0.0,0.0,0.0,0.0,0.0,0.0,0.0,0.0,0.0,0.0,0.0,0.0,0.0,0.0,0.0,0.0019197644550541652,0.3839528910108329,0.0019197644550541645,0.0,0.0,0.0,0.0,0.0,0.0,0.0,0.0,0.0,0.0,0.0,0.0,0.0,0.0,0.0,True,1,False,Im,ng_only
319,Bt_plus_all_10_NG,39,0.35564803062231287,on,ng_high_bt_low,0.1,1.0,0.001,no_extinction_control,False,20,0.0019197644683868,2.9909955906595177e-31,0.3839528921004093,2.3069282877582777e-30,0.0019197644605020465,1.1534641438791388e-32,0.3494535465527413,1.907348632812793e-45,1.9073486328128063e-45,9.536743164064032e-48,2.2109441317742117e-16,9.357606089272933e-15,4.678803044636467e-17,1.9073486328125005e-45,1.9073486328125005e-45,9.536743164062502e-48,1.9073486328125005e-45,1.9073486328125005e-45,9.536743164062502e-48,1.9073486328125005e-45,1.9073486328125005e-45,9.536743164062502e-48,0.0019197644540781258,0.38395289093107104,0.0019197644546553553,1.9073486328125005e-45,1.9073486328125005e-45,9.536743164062502e-48,1.9073486328125005e-45,1.9073486328125005e-45,9.536743164062502e-48,1.9073486328125005e-45,1.9073486328125005e-45,9.536743164062502e-48,1.4308453124811939e-11,1.1693288485415062e-09,5.8466442427075315e-12,2.9909955906595177e-31,2.3069282877582777e-30,1.1534641438791388e-32,False,1,False,Im,ng_only
320,Bt_plus_all_10_NG,40,0.3906939937054615,off,ng_low_bt_high,0.0001,0.001,1.0,hard_extinction,True,20,0.001921503663076968,0.0,0.3842739707696782,0.0,0.0019213698538483909,0.0,0.038167181761274094,0.0,0.0,0.0,0.0,0.0,0.0,4.005687398070209e-06,0.000733736051159613,3.6686802557980653e-06,0.0,0.0,0.0,0.0,0.0,0.0,0.001917497975678898,0.38354023471851856,0.0019177011735925927,0.0,0.0,0.0,0.0,0.0,0.0,0.0,0.0,0.0,0.0,0.0,0.0,0.0,0.0,0.0,False,2,False,Et|Im,ng_only
321,Bt_plus_all_10_NG,40,0.3906939937054615,off,ng_low_bt_high,0.0001,0.001,1.0,no_extinction_control,False,20,0.0019215036919121471,3.6774619066486056e-29,0.3842739733044996,2.3644472489656966e-28,0.0019213698665224979,1.1822236244828484e-30,0.3677906120601868,4.5539420302543074e-27,4.655734185318371e-26,2.3278670926591854e-28,2.468002115431728e-14,1.3414925496802743e-12,6.707462748401372e-15,4.0056922184071145e-06,0.0007337368802196394,3.668684401098197e-06,1.9491540203775516e-27,1.7789904338113635e-26,8.894952169056818e-29,1.4855404083638413e-25,1.6438014906024209e-24,8.219007453012105e-27,0.0019174979708030154,0.38354023406197624,0.0019177011703098812,2.047727838214126e-15,9.353364826454707e-14,4.676682413227353e-16,3.463936780826884e-19,9.3797976980763e-18,4.68989884903815e-20,4.1153976909331345e-26,4.243179360656878e-25,2.1215896803284392e-27,2.8863996374357748e-11,2.3608686749868866e-09,1.1804343374934433e-11,3.6774619066486056e-29,2.3644472489656966e-28,1.1822236244828484e-30,False,2,False,Et|Im,ng_only
322,Bt_plus_all_10_NG,40,0.3906939937054615,off,ng_high_bt_low,0.1,1.0,0.001,hard_extinction,True,20,0.0019215852149783873,0.0,0.384288203721431,0.0,0.0019214410186071552,0.0,0.03954840905762591,0.0,0.0,0.0,0.0,0.0,0.0,4.213977514930481e-06,0.0007694382832369049,3.847191416184524e-06,0.0,0.0,0.0,0.0,0.0,0.0,0.0019173712374634568,0.38351876543819413,0.0019175938271909707,0.0,0.0,0.0,0.0,0.0,0.0,0.0,0.0,0.0,0.0,0.0,0.0,0.0,0.0,0.0,False,2,False,Et|Im,ng_only
323,Bt_plus_all_10_NG,40,0.3906939937054615,off,ng_high_bt_low,0.1,1.0,0.001,no_extinction_control,False,20,0.0019215852316981181,1.0718466584187246e-32,0.3842882053052894,6.891528390493698e-32,0.0019214410265264471,3.4457641952468493e-34,0.3516322636880176,3.506877307853332e-27,3.585274386056503e-26,1.7926371930282513e-28,1.971655624708185e-14,1.0717070414912539e-12,5.35853520745627e-15,4.21398353676477e-06,0.0007694393125532354,3.847196562766177e-06,4.031301695731405e-28,3.679366762308397e-27,1.8396833811541985e-29,1.334248053095958e-26,1.4763923851284597e-25,7.381961925642298e-28,0.0019173712327424763,0.38351876473214874,0.0019175938236607438,8.201436521630274e-16,3.7461652863676737e-14,1.8730826431838367e-16,9.965489677630569e-20,2.6985054145215914e-18,1.3492527072607956e-20,3.539103126134392e-27,3.648993150674632e-26,1.824496575337316e-28,1.539834006726106e-11,1.2594782272928056e-09,6.297391136464028e-12,1.0718466584187246e-32,6.891528390493698e-32,3.4457641952468493e-34,False,2,False,Et|Im,ng_only
324,Bt_plus_all_10_NG,40,0.3906939937054615,on,ng_low_bt_high,0.0001,0.001,1.0,hard_extinction,True,20,0.0019197644550541628,0.0,0.38395289101083263,0.0,0.0019197644550541632,0.0,4.440892098500626e-16,0.0,0.0,0.0,0.0,0.0,0.0,0.0,0.0,0.0,0.0,0.0,0.0,0.0,0.0,0.0,0.0019197644550541628,0.38395289101083263,0.0019197644550541632,0.0,0.0,0.0,0.0,0.0,0.0,0.0,0.0,0.0,0.0,0.0,0.0,0.0,0.0,0.0,True,1,False,Im,ng_only
325,Bt_plus_all_10_NG,40,0.3906939937054615,on,ng_low_bt_high,0.0001,0.001,1.0,no_extinction_control,False,20,0.0019197644815726373,3.6901483112005897e-29,0.3839528931797801,2.372525831892561e-28,0.0019197644658989004,1.1862629159462804e-30,0.36750979127038796,2.1183224497240605e-46,2.1183224497240605e-46,1.0591612248620303e-48,2.3464344222482853e-16,9.710312463996497e-15,4.855156231998248e-17,4.2255935966505983e-47,4.2255935966505983e-47,2.112796798325299e-49,1.1045384788153738e-45,1.1045384788153738e-45,5.522692394076869e-48,1.699652355900049e-45,1.699652355900049e-45,8.498261779500245e-48,0.0019197644531391586,0.38395289085420664,0.0019197644542710331,5.0266881806034165e-46,5.0266881806034165e-46,2.5133440903017084e-48,1.0450637184063989e-45,1.0450637184063989e-45,5.2253185920319947e-48,4.317461067319173e-45,4.317461067319173e-45,2.1587305336595865e-47,2.843324407362588e-11,2.3255637546844106e-09,1.1627818773422053e-11,3.6901483112005897e-29,2.372525831892561e-28,1.1862629159462804e-30,False,1,False,Im,ng_only
326,Bt_plus_all_10_NG,40,0.3906939937054615,on,ng_high_bt_low,0.1,1.0,0.001,hard_extinction,True,20,0.0019197644550541628,0.0,0.38395289101083263,0.0,0.0019197644550541632,0.0,4.440892098500626e-16,0.0,0.0,0.0,0.0,0.0,0.0,0.0,0.0,0.0,0.0,0.0,0.0,0.0,0.0,0.0,0.0019197644550541628,0.38395289101083263,0.0019197644550541632,0.0,0.0,0.0,0.0,0.0,0.0,0.0,0.0,0.0,0.0,0.0,0.0,0.0,0.0,0.0,True,1,False,Im,ng_only
327,Bt_plus_all_10_NG,40,0.3906939937054615,on,ng_high_bt_low,0.1,1.0,0.001,no_extinction_control,False,20,0.0019197644685305744,1.0783878114548372e-32,0.3839528921130681,6.933333631745748e-32,0.0019197644605653402,3.4666668158728736e-34,0.3494899821848687,1.9073486328125005e-45,1.9073486328125005e-45,9.536743164062502e-48,1.4709265975674488e-16,6.087174964823219e-15,3.0435874824116095e-17,1.9073486328125005e-45,1.9073486328125005e-45,9.536743164062502e-48,1.9073486328125005e-45,1.9073486328125005e-45,9.536743164062502e-48,1.9073486328125005e-45,1.9073486328125005e-45,9.536743164062502e-48,0.0019197644540809716,0.3839528909312365,0.0019197644546561825,1.9073486328125005e-45,1.9073486328125005e-45,9.536743164062502e-48,1.9073486328125005e-45,1.9073486328125005e-45,9.536743164062502e-48,1.9073486328125005e-45,1.9073486328125005e-45,9.536743164062502e-48,1.4449455664611695e-11,1.1818254778948288e-09,5.9091273894741445e-12,1.0783878114548372e-32,6.933333631745748e-32,3.4666668158728736e-34,False,1,False,Im,ng_only
328,Bt_plus_all_10_NG,41,0.42919342601287763,off,ng_low_bt_high,0.0001,0.001,1.0,hard_extinction,True,20,0.0019215155987597696,0.0,0.3842765137415345,0.0,0.0019213825687076724,0.0,0.03769110299536482,0.0,0.0,0.0,0.0,0.0,0.0,4.018186113037363e-06,0.000736832767910411,3.684163839552055e-06,0.0,0.0,0.0,0.0,0.0,0.0,0.001917497412646732,0.38353968097362406,0.0019176984048681204,0.0,0.0,0.0,0.0,0.0,0.0,0.0,0.0,0.0,0.0,0.0,0.0,0.0,0.0,0.0,False,2,False,Et|Im,ng_only
329,Bt_plus_all_10_NG,41,0.42919342601287763,off,ng_low_bt_high,0.0001,0.001,1.0,no_extinction_control,False,20,0.0019215156268306594,1.6404065043169545e-30,0.384276516312529,8.935451826939936e-30,0.0019213825815626454,4.467725913469968e-32,0.3660786611229234,3.596381286623919e-27,3.6791626793630023e-26,1.8395813396815012e-28,2.3270262714348558e-14,1.2665011968818158e-12,6.332505984409079e-15,4.0181935565616225e-06,0.000736834048243803,3.684170241219015e-06,1.4818981988644838e-27,1.352776010777169e-26,6.763880053885845e-29,1.103956400763834e-25,1.2217864579002458e-24,6.108932289501229e-27,0.0019174974063425306,0.38353968006047456,0.0019176984003023729,1.8202184181814588e-15,8.320619984382836e-14,4.160309992191418e-16,2.9351247208971366e-19,7.952976073735555e-18,3.9764880368677774e-20,3.001746571126024e-26,3.095386256801332e-25,1.547693128400666e-27,2.6906476464206e-11,2.2024609620016493e-09,1.1012304810008246e-11,1.6404065043169545e-30,8.935451826939936e-30,4.467725913469968e-32,False,2,False,Et|Im,ng_only
330,Bt_plus_all_10_NG,41,0.42919342601287763,off,ng_high_bt_low,0.1,1.0,0.001,hard_extinction,True,20,0.001921598277517746,0.0,0.3842909451225733,0.0,0.0019214547256128666,0.0,0.03910061474776061,0.0,0.0,0.0,0.0,0.0,0.0,4.228717615421811e-06,0.0007729262484413952,3.864631242206976e-06,0.0,0.0,0.0,0.0,0.0,0.0,0.0019173695599023243,0.3835180188741319,0.0019175900943706596,0.0,0.0,0.0,0.0,0.0,0.0,0.0,0.0,0.0,0.0,0.0,0.0,0.0,0.0,0.0,False,2,False,Et|Im,ng_only
331,Bt_plus_all_10_NG,41,0.42919342601287763,off,ng_high_bt_low,0.1,1.0,0.001,no_extinction_control,False,20,0.001921598294349346,5.198825255734721e-34,0.38429094671264713,2.8318587476291812e-33,0.0019214547335632355,1.4159293738145905e-35,0.3516646288606964,3.544968356676977e-27,3.626576034716304e-26,1.813288017358152e-28,2.0054780003382536e-14,1.0915019958284152e-12,5.457509979142076e-15,4.228723512092606e-06,0.0007729272565056308,3.864636282528154e-06,4.043097283899281e-28,3.690813014320007e-27,1.8454065071600036e-29,1.3379928818428167e-26,1.4808037677873852e-25,7.4040188389369255e-28,0.0019173695552662249,0.3835180181821327,0.0019175900909106636,8.287544864114951e-16,3.788431686158086e-14,1.894215843079043e-16,1.0059927033283688e-19,2.7258320683222746e-18,1.3629160341611372e-20,3.5455731122200465e-27,3.656179633033307e-26,1.8280898165166536e-28,1.5550144907985033e-11,1.2728793301422709e-09,6.364396650711355e-12,5.198825255734721e-34,2.8318587476291812e-33,1.4159293738145905e-35,False,2,False,Et|Im,ng_only
332,Bt_plus_all_10_NG,41,0.42919342601287763,on,ng_low_bt_high,0.0001,0.001,1.0,hard_extinction,True,20,0.0019197644550541654,0.0,0.38395289101083313,0.0,0.0019197644550541656,0.0,0.0,0.0,0.0,0.0,0.0,0.0,0.0,0.0,0.0,0.0,0.0,0.0,0.0,0.0,0.0,0.0,0.0019197644550541654,0.38395289101083313,0.0019197644550541656,0.0,0.0,0.0,0.0,0.0,0.0,0.0,0.0,0.0,0.0,0.0,0.0,0.0,0.0,0.0,True,1,False,Im,ng_only
333,Bt_plus_all_10_NG,41,0.42919342601287763,on,ng_low_bt_high,0.0001,0.001,1.0,no_extinction_control,False,20,0.0019197644796916844,1.6452128360611823e-30,0.38395289302750013,8.961364333042275e-30,0.0019197644651375008,4.4806821665211376e-32,0.3656922013763584,1.836901458112892e-46,1.836901458112892e-46,9.184507290564459e-49,1.3818767984593027e-16,5.578002107704575e-15,2.7890010538522873e-17,4.2247330486706393e-47,4.2247330486706393e-47,2.1123665243353198e-49,1.1052471834785878e-45,1.1052471834785878e-45,5.526235917392938e-48,1.700632632963308e-45,1.700632632963308e-45,8.50316316481654e-48,0.0019197644532968521,0.38395289086699325,0.0019197644543349662,4.610441335086866e-46,4.610441335086866e-46,2.3052206675434328e-48,1.0448329319262319e-45,1.0448329319262319e-45,5.2241646596311594e-48,4.313734345182038e-45,4.313734345182038e-45,2.156867172591019e-47,2.6394694094322537e-11,2.16050133013714e-09,1.08025066506857e-11,1.6452128360611823e-30,8.961364333042275e-30,4.4806821665211376e-32,False,1,False,Im,ng_only
334,Bt_plus_all_10_NG,41,0.42919342601287763,on,ng_high_bt_low,0.1,1.0,0.001,hard_extinction,True,20,0.0019197644550541654,0.0,0.38395289101083313,0.0,0.0019197644550541656,0.0,0.0,0.0,0.0,0.0,0.0,0.0,0.0,0.0,0.0,0.0,0.0,0.0,0.0,0.0,0.0,0.0,0.0019197644550541654,0.38395289101083313,0.0019197644550541656,0.0,0.0,0.0,0.0,0.0,0.0,0.0,0.0,0.0,0.0,0.0,0.0,0.0,0.0,0.0,True,1,False,Im,ng_only
335,Bt_plus_all_10_NG,41,0.42919342601287763,on,ng_high_bt_low,0.1,1.0,0.001,no_extinction_control,False,20,0.001919764468668121,5.2261397273519664e-34,0.3839528921251814,2.8466433717313684e-33,0.001919764460625907,1.4233216858656842e-35,0.34952516086895713,1.9073486328125005e-45,1.9073486328125005e-45,9.536743164062502e-48,9.37149775171079e-17,3.782843323131903e-15,1.8914216615659516e-17,1.9073486328125005e-45,1.9073486328125005e-45,9.536743164062502e-48,1.9073486328125005e-45,1.9073486328125005e-45,9.536743164062502e-48,1.9073486328125005e-45,1.9073486328125005e-45,9.536743164062502e-48,0.0019197644540831253,0.3839528909313505,0.0019197644546567524,1.9073486328125005e-45,1.9073486328125005e-45,9.536743164062502e-48,1.9073486328125005e-45,1.9073486328125005e-45,9.536743164062502e-48,1.9073486328125005e-45,1.9073486328125005e-45,9.536743164062502e-48,1.4584902186462594e-11,1.1938271369462687e-09,5.969135684731343e-12,5.2261397273519664e-34,2.8466433717313684e-33,1.4233216858656842e-35,False,1,False,Im,ng_only
336,Bt_plus_all_10_NG,42,0.47148663634573923,off,ng_low_bt_high,0.0001,0.001,1.0,hard_extinction,True,20,0.0019215281373577576,0.0,0.3842791388369596,0.0,0.0019213956941847978,0.0,0.03726679578748282,0.0,0.0,0.0,0.0,0.0,0.0,4.033770189487212e-06,0.0007404135233110336,3.702067616555168e-06,0.0,0.0,0.0,0.0,0.0,0.0,0.0019174943671682705,0.3835387253136485,0.0019176936265682426,0.0,0.0,0.0,0.0,0.0,0.0,0.0,0.0,0.0,0.0,0.0,0.0,0.0,0.0,0.0,False,2,False,Et|Im,ng_only
337,Bt_plus_all_10_NG,42,0.47148663634573923,off,ng_low_bt_high,0.0001,0.001,1.0,no_extinction_control,False,20,0.0019215281646548707,9.636966270038799e-32,0.3842791414021098,4.513379827523174e-31,0.0019213957070105489,2.2566899137615873e-33,0.36458645709547355,2.9978441782067517e-27,3.0687220677943676e-26,1.5343610338971838e-28,2.2329195993392543e-14,1.2167581739071124e-12,6.083790869535562e-15,4.033779134032826e-06,0.0007404150619661805,3.7020753098309023e-06,1.1605894737218553e-27,1.0596472807081166e-26,5.298236403540582e-29,8.435982129623756e-26,9.337975442950785e-25,4.668987721475393e-27,0.0019174943600821829,0.3835387242569924,0.001917693621284962,1.653676001633491e-15,7.564817614881264e-14,3.7824088074406317e-16,2.5546712546485037e-19,6.926288469816453e-18,3.4631442349082267e-20,2.268585221476305e-26,2.339663675528416e-25,1.1698318377642082e-27,2.541467187440309e-11,2.081858756575689e-09,1.0409293782878444e-11,9.636966270038799e-32,4.513379827523174e-31,2.2566899137615873e-33,False,2,False,Et|Im,ng_only
338,Bt_plus_all_10_NG,42,0.47148663634573923,off,ng_high_bt_low,0.1,1.0,0.001,hard_extinction,True,20,0.0019216107993934863,0.0,0.3842935683766239,0.0,0.0019214678418831193,0.0,0.03868450350909214,0.0,0.0,0.0,0.0,0.0,0.0,4.243718940434966e-06,0.0007764117435987721,3.882058717993861e-06,0.0,0.0,0.0,0.0,0.0,0.0,0.0019173670804530515,0.3835171566330251,0.0019175857831651255,0.0,0.0,0.0,0.0,0.0,0.0,0.0,0.0,0.0,0.0,0.0,0.0,0.0,0.0,0.0,False,2,False,Et|Im,ng_only
339,Bt_plus_all_10_NG,42,0.47148663634573923,off,ng_high_bt_low,0.1,1.0,0.001,no_extinction_control,False,20,0.001921610816345629,3.3013279412907274e-35,0.384293569975004,1.5461492847781519e-34,0.0019214678498750202,7.73074642389076e-37,0.35169574676012694,3.581207270677398e-27,3.665887392687087e-26,1.8329436963435437e-28,2.0380053948885726e-14,1.1105518206353987e-12,5.552759103176993e-15,4.243724754209399e-06,0.0007764127376073137,3.882063688036569e-06,4.054356477181924e-28,3.7017318923486725e-27,1.8508659461743363e-29,1.341575694323954e-26,1.4850209487589482e-25,7.425104743794741e-28,0.0019173670758744043,0.3835171559505126,0.0019175857797525632,8.370052511278166e-16,3.82893156863455e-14,1.914465784317275e-16,1.0150124250425685e-19,2.7519343053500354e-18,1.3759671526750178e-20,3.551831776833104e-27,3.663118557498608e-26,1.8315592787493041e-28,1.5695798071075532e-11,1.2857352670707402e-09,6.428676335353701e-12,3.3013279412907274e-35,1.5461492847781519e-34,7.73074642389076e-37,False,2,False,Et|Im,ng_only
340,Bt_plus_all_10_NG,42,0.47148663634573923,on,ng_low_bt_high,0.0001,0.001,1.0,hard_extinction,True,20,0.001919764455054164,0.0,0.3839528910108328,0.0,0.001919764455054164,0.0,0.0,0.0,0.0,0.0,0.0,0.0,0.0,0.0,0.0,0.0,0.0,0.0,0.0,0.0,0.0,0.0,0.001919764455054164,0.3839528910108328,0.001919764455054164,0.0,0.0,0.0,0.0,0.0,0.0,0.0,0.0,0.0,0.0,0.0,0.0,0.0,0.0,0.0,True,1,False,Im,ng_only
341,Bt_plus_all_10_NG,42,0.47148663634573923,on,ng_low_bt_high,0.0001,0.001,1.0,no_extinction_control,False,20,0.0019197644782564134,9.661048671876548e-32,0.38395289291139867,4.524535591760548e-31,0.0019197644645569934,2.262267795880274e-33,0.3640979821934529,1.829491788549443e-46,1.829491788549443e-46,9.147458942747216e-49,7.940701855425694e-17,3.1181888322989747e-15,1.5590944161494874e-17,4.223710573492482e-47,4.223710573492482e-47,2.111855286746241e-49,1.1060121226498119e-45,1.1060121226498119e-45,5.53006061324906e-48,1.701687049003782e-45,1.701687049003782e-45,8.50843524501891e-48,0.0019197644534176845,0.3839528908767851,0.0019197644543839255,4.174849630214405e-46,4.174849630214405e-46,2.0874248151072027e-48,1.0445586625552988e-45,1.0445586625552988e-45,5.222793312776494e-48,4.3095802909769585e-45,4.3095802909769585e-45,2.1547901454884792e-47,2.483864964431996e-11,2.0346104567213764e-09,1.0173052283606883e-11,9.661048671876548e-32,4.524535591760548e-31,2.262267795880274e-33,False,1,False,Im,ng_only
342,Bt_plus_all_10_NG,42,0.47148663634573923,on,ng_high_bt_low,0.1,1.0,0.001,hard_extinction,True,20,0.001919764455054164,0.0,0.3839528910108328,0.0,0.001919764455054164,0.0,0.0,0.0,0.0,0.0,0.0,0.0,0.0,0.0,0.0,0.0,0.0,0.0,0.0,0.0,0.0,0.0,0.001919764455054164,0.3839528910108328,0.001919764455054164,0.0,0.0,0.0,0.0,0.0,0.0,0.0,0.0,0.0,0.0,0.0,0.0,0.0,0.0,0.0,True,1,False,Im,ng_only
343,Bt_plus_all_10_NG,42,0.47148663634573923,on,ng_high_bt_low,0.1,1.0,0.001,no_extinction_control,False,20,0.0019197644687995394,3.3162937776643184e-35,0.38395289213675743,1.5531118555037768e-34,0.0019197644606837874,7.765559277518884e-37,0.3495590710654053,1.907348632812536e-45,1.907348632812536e-45,9.53674316406268e-48,5.701903684731649e-17,2.239047972618733e-15,1.1195239863093665e-17,1.9073486328125005e-45,1.9073486328125005e-45,9.536743164062502e-48,1.9073486328125005e-45,1.9073486328125005e-45,9.536743164062502e-48,1.9073486328125005e-45,1.9073486328125005e-45,9.536743164062502e-48,0.0019197644540846833,0.38395289093142054,0.0019197644546571028,1.9073486328125005e-45,1.9073486328125005e-45,9.536743164062502e-48,1.9073486328125005e-45,1.9073486328125005e-45,9.536743164062502e-48,1.907348632812507e-45,1.907348632812507e-45,9.536743164062535e-48,1.4714799044017487e-11,1.2053346564271004e-09,6.026673282135502e-12,3.3162937776643184e-35,1.5531118555037768e-34,7.765559277518884e-37,False,1,False,Im,ng_only
344,Bt_plus_all_10_NG,43,0.517947467923121,off,ng_low_bt_high,0.0001,0.001,1.0,hard_extinction,True,20,0.0019215408836383678,0.0,0.38428177758213494,0.0,0.0019214088879106748,0.0,0.03688573193901057,0.0,0.0,0.0,0.0,0.0,0.0,4.051278132543515e-06,0.0007442799402004815,3.7213997010024074e-06,0.0,0.0,0.0,0.0,0.0,0.0,0.0019174896055058242,0.38353749764193446,0.0019176874882096723,0.0,0.0,0.0,0.0,0.0,0.0,0.0,0.0,0.0,0.0,0.0,0.0,0.0,0.0,0.0,False,2,False,Et|Im,ng_only
345,Bt_plus_all_10_NG,43,0.517947467923121,off,ng_low_bt_high,0.0001,0.001,1.0,no_extinction_control,False,20,0.001921540909526793,7.281764079921193e-33,0.3842817800005831,2.9719334177505205e-32,0.0019214089000029156,1.4859667088752602e-34,0.36329722795258057,2.61379096033161e-27,2.677122143747423e-26,1.3385610718737115e-28,2.169864002988507e-14,1.1837437165444373e-12,5.9187185827221865e-15,4.051286174570076e-06,0.0007442813237101847,3.7214066185509235e-06,9.406883406100383e-28,8.590115802434946e-27,4.295057901217473e-29,6.680275289242258e-26,7.395722336762304e-25,3.697861168381152e-27,0.0019174895990628758,0.38353749668649045,0.0019176874834324522,1.5297553274059943e-15,7.002712431697012e-14,3.501356215848506e-16,2.276392613784779e-19,6.175312305486523e-18,3.0876561527432615e-20,1.786586822318878e-26,1.8427924930436562e-25,9.21396246521828e-28,2.4266118523002926e-11,1.9891287104609398e-09,9.945643552304699e-12,7.281764079921193e-33,2.9719334177505205e-32,1.4859667088752602e-34,False,2,False,Et|Im,ng_only
346,Bt_plus_all_10_NG,43,0.517947467923121,off,ng_high_bt_low,0.1,1.0,0.001,hard_extinction,True,20,0.0019216227781031978,0.0,0.38429607369627083,0.0,0.001921480368481354,0.0,0.03829801918989961,0.0,0.0,0.0,0.0,0.0,0.0,4.258822318358129e-06,0.0007798686965801064,3.899343482900532e-06,0.0,0.0,0.0,0.0,0.0,0.0,0.0019173639557848396,0.38351620499969075,0.0019175810249984536,0.0,0.0,0.0,0.0,0.0,0.0,0.0,0.0,0.0,0.0,0.0,0.0,0.0,0.0,0.0,False,2,False,Et|Im,ng_only
347,Bt_plus_all_10_NG,43,0.517947467923121,off,ng_high_bt_low,0.1,1.0,0.001,no_extinction_control,False,20,0.0019216227951783255,2.6798679911653942e-36,0.38429607530396087,1.0937472285007154e-35,0.0019214803765198044,5.468736142503577e-38,0.35172541593274786,3.615632251106285e-27,3.703247492277572e-26,1.8516237461387861e-28,2.0692246912003823e-14,1.1288470826367575e-12,5.644235413183788e-15,4.2588280749015435e-06,0.0007798696808974922,3.8993484044874614e-06,4.065063981107742e-28,3.712111124529024e-27,1.856055562264512e-29,1.3449889316040284e-26,1.4890362400369737e-25,7.445181200184869e-28,0.0019173639512466579,0.3835162043238552,0.001917581021619276,8.448942408423465e-16,3.8676577762669754e-14,1.9338288881334878e-16,1.0236099669855213e-19,2.7768179203318373e-18,1.3884089601659187e-20,3.557846608348821e-27,3.6697778784031455e-26,1.8348889392015727e-28,1.583522884454343e-11,1.298040669480101e-09,6.4902033474005044e-12,2.6798679911653942e-36,1.0937472285007154e-35,5.468736142503577e-38,False,2,False,Et|Im,ng_only
348,Bt_plus_all_10_NG,43,0.517947467923121,on,ng_low_bt_high,0.0001,0.001,1.0,hard_extinction,True,20,0.0019197644550541643,0.0,0.38395289101083285,0.0,0.0019197644550541643,0.0,0.0,0.0,0.0,0.0,0.0,0.0,0.0,0.0,0.0,0.0,0.0,0.0,0.0,0.0,0.0,0.0,0.0019197644550541643,0.38395289101083285,0.0019197644550541643,0.0,0.0,0.0,0.0,0.0,0.0,0.0,0.0,0.0,0.0,0.0,0.0,0.0,0.0,0.0,True,1,False,Im,ng_only
349,Bt_plus_all_10_NG,43,0.517947467923121,on,ng_low_bt_high,0.0001,0.001,1.0,no_extinction_control,False,20,0.001919764477151798,7.29739987081946e-33,0.38395289282215017,2.9782412418656054e-32,0.001919764464110751,1.4891206209328026e-34,0.36271519846567557,1.8286965933466846e-46,1.828696593347053e-46,9.143482966735265e-49,4.408428453756896e-17,1.6792079059772968e-15,8.396039529886484e-18,4.2224853303094736e-47,4.2224853303107853e-47,2.1112426651553926e-49,1.1068344023046286e-45,1.1068344023050383e-45,5.534172011525191e-48,1.7028156107531818e-45,1.7028156107539634e-45,8.514078053769817e-48,0.0019197644535113815,0.3839528908843732,0.0019197644544218658,3.721352363888712e-46,3.721352363888712e-46,1.860676181944356e-48,1.0442299219173469e-45,1.04422992191758e-45,5.2211496095879005e-48,4.304937024195842e-45,4.3049370241976667e-45,2.1524685120988332e-47,2.364037240698743e-11,1.93777534743829e-09,9.68887673719145e-12,7.29739987081946e-33,2.9782412418656054e-32,1.4891206209328026e-34,False,1,False,Im,ng_only
350,Bt_plus_all_10_NG,43,0.517947467923121,on,ng_high_bt_low,0.1,1.0,0.001,hard_extinction,True,20,0.0019197644550541645,0.0,0.3839528910108329,0.0,0.0019197644550541645,0.0,0.0,0.0,0.0,0.0,0.0,0.0,0.0,0.0,0.0,0.0,0.0,0.0,0.0,0.0,0.0,0.0,0.0019197644550541645,0.3839528910108329,0.0019197644550541645,0.0,0.0,0.0,0.0,0.0,0.0,0.0,0.0,0.0,0.0,0.0,0.0,0.0,0.0,0.0,True,1,False,Im,ng_only
351,Bt_plus_all_10_NG,43,0.517947467923121,on,ng_high_bt_low,0.1,1.0,0.001,no_extinction_control,False,20,0.0019197644689246717,2.690378266633327e-36,0.3839528921477823,1.0980069136098297e-35,0.001919764460738911,5.490034568049148e-38,0.3495909862186526,1.9073486328185452e-45,1.9073486328189e-45,9.5367431640945e-48,3.2941451445211097e-17,1.2547679127834626e-15,6.273839563917313e-18,1.9073486328226564e-45,1.9073486328232168e-45,9.536743164116084e-48,1.9073486328254615e-45,1.9073486328262795e-45,9.536743164131397e-48,1.907348632827581e-45,1.9073486328286206e-45,9.536743164143103e-48,0.00191976445408577,0.3839528909314552,0.0019197644546572758,1.9073486328125005e-45,1.9073486328125005e-45,9.536743164062502e-48,1.907348632820844e-45,1.9073486328213104e-45,9.536743164106552e-48,1.9073486328247844e-45,1.907348632825391e-45,9.536743164126956e-48,1.4838868540173855e-11,1.2163257912078811e-09,6.081628956039406e-12,2.690378266633327e-36,1.0980069136098297e-35,5.490034568049148e-38,False,1,False,Im,ng_only
352,Bt_plus_all_10_NG,44,0.5689866029018296,off,ng_low_bt_high,0.0001,0.001,1.0,hard_extinction,True,20,0.0019215535875765598,0.0,0.38428438691519934,0.0,0.0019214219345759969,0.0,0.036541749667826195,0.0,0.0,0.0,0.0,0.0,0.0,4.069942877014721e-06,0.0007483013873950359,3.7415069369751796e-06,0.0,0.0,0.0,0.0,0.0,0.0,0.001917483644699545,0.3835360855278043,0.0019176804276390216,0.0,0.0,0.0,0.0,0.0,0.0,0.0,0.0,0.0,0.0,0.0,0.0,0.0,0.0,0.0,False,2,False,Et|Im,ng_only
353,Bt_plus_all_10_NG,44,0.5689866029018296,off,ng_low_bt_high,0.0001,0.001,1.0,no_extinction_control,False,20,0.0019215536124222255,6.923637246366733e-34,0.38428438922853975,2.4928933147741198e-33,0.0019214219461426989,1.24644665738706e-35,0.36219181367595077,2.3612944882522498e-27,2.4198076379203362e-26,1.2099038189601682e-28,2.1275609103906837e-14,1.1619035324484473e-12,5.809517662242236e-15,4.069950342376778e-06,0.0007483026717178151,3.7415133585890755e-06,7.895599205001753e-28,7.211150420923648e-27,3.605575210461824e-29,5.493177687767933e-26,6.082397222011967e-25,3.0411986110059832e-27,0.0019174836386811932,0.3835360846382103,0.0019176804231910516,1.4363287799526293e-15,6.57924387022605e-14,3.2896219351130255e-16,2.0702623512541406e-19,5.61911642282106e-18,2.80955821141053e-20,1.4656962453253267e-26,1.5119830733159425e-25,7.5599153665797125e-28,2.3375943399607556e-11,1.9173839403709004e-09,9.586919701854502e-12,6.923637246366733e-34,2.4928933147741198e-33,1.24644665738706e-35,False,2,False,Et|Im,ng_only
354,Bt_plus_all_10_NG,44,0.5689866029018296,off,ng_high_bt_low,0.1,1.0,0.001,hard_extinction,True,20,0.001921634215020938,0.0,0.38429846202434,0.0,0.0019214923101217,0.0,0.0379392107548826,0.0,0.0,0.0,0.0,0.0,0.0,4.273894966653989e-06,0.0007832756407937455,3.916378203968727e-06,0.0,0.0,0.0,0.0,0.0,0.0,0.0019173603200542842,0.38351518638354626,0.0019175759319177313,0.0,0.0,0.0,0.0,0.0,0.0,0.0,0.0,0.0,0.0,0.0,0.0,0.0,0.0,0.0,False,2,False,Et|Im,ng_only
355,Bt_plus_all_10_NG,44,0.5689866029018296,off,ng_high_bt_low,0.1,1.0,0.001,no_extinction_control,False,20,0.0019216342322181047,2.7209625999663398e-37,0.38429846364174697,9.796996203864395e-37,0.0019214923182087349,4.8984981019321975e-39,0.35175354852861673,3.648293509751263e-27,3.738708405217711e-26,1.8693542026088555e-28,2.099133979898533e-14,1.1463849755390668e-12,5.7319248776953336e-15,4.27390068230557e-06,0.0007832766181944219,3.91638309097211e-06,4.075220581945307e-28,3.721953149984985e-27,1.8609765749924926e-29,1.348231004382425e-26,1.49284857002658e-25,7.4642428501329e-28,0.0019173603155455052,0.38351518571256993,0.0019175759285628496,8.524241072753777e-16,3.904623792958578e-14,1.9523118964792891e-16,1.0317919828438564e-19,2.8005021928931996e-18,1.4002510964465998e-20,3.563601158279013e-27,3.676142109929447e-26,1.8380710549647235e-28,1.596845015392431e-11,1.309797229646184e-09,6.5489861482309205e-12,2.7209625999663398e-37,9.796996203864395e-37,4.8984981019321975e-39,False,2,False,Et|Im,ng_only
356,Bt_plus_all_10_NG,44,0.5689866029018296,on,ng_low_bt_high,0.0001,0.001,1.0,hard_extinction,True,20,0.0019197644550541597,0.0,0.38395289101083196,0.0,0.0019197644550541597,0.0,0.0,0.0,0.0,0.0,0.0,0.0,0.0,0.0,0.0,0.0,0.0,0.0,0.0,0.0,0.0,0.0,0.0019197644550541597,0.38395289101083196,0.0019197644550541597,0.0,0.0,0.0,0.0,0.0,0.0,0.0,0.0,0.0,0.0,0.0,0.0,0.0,0.0,0.0,True,1,False,Im,ng_only
357,Bt_plus_all_10_NG,44,0.5689866029018296,on,ng_low_bt_high,0.0001,0.001,1.0,no_extinction_control,False,20,0.001919764476296405,6.9365440023558206e-34,0.38395289275314826,2.4974842002439397e-33,0.001919764463765741,1.2487421001219697e-35,0.3615265855841603,1.8278061547666277e-46,1.8278061547748094e-46,9.139030773874047e-49,2.3432138632799277e-17,8.630497193710116e-16,4.315248596855058e-18,4.22100316754515e-47,4.221003167580561e-47,2.1105015837902803e-49,1.1077135672655972e-45,1.1077135672780084e-45,5.538567836390042e-48,1.7040155839221578e-45,1.7040155839448024e-45,8.520077919724012e-48,0.0019197644535847297,0.38395289089030893,0.0019197644544515446,3.2560151030055048e-46,3.2560151030089204e-46,1.6280075515044603e-48,9.577396404535252e-46,9.577396404601671e-46,4.788698202300836e-48,4.299729061520509e-45,4.299729061564768e-45,2.149864530782384e-47,2.271165187474158e-11,1.8628384618713612e-09,9.314192309356807e-12,6.9365440023558206e-34,2.4974842002439397e-33,1.2487421001219697e-35,False,1,False,Im,ng_only
358,Bt_plus_all_10_NG,44,0.5689866029018296,on,ng_high_bt_low,0.1,1.0,0.001,hard_extinction,True,20,0.0019197644550541597,0.0,0.38395289101083196,0.0,0.0019197644550541597,0.0,0.0,0.0,0.0,0.0,0.0,0.0,0.0,0.0,0.0,0.0,0.0,0.0,0.0,0.0,0.0,0.0,0.0019197644550541597,0.38395289101083196,0.0019197644550541597,0.0,0.0,0.0,0.0,0.0,0.0,0.0,0.0,0.0,0.0,0.0,0.0,0.0,0.0,0.0,True,1,False,Im,ng_only
359,Bt_plus_all_10_NG,44,0.5689866029018296,on,ng_high_bt_low,0.1,1.0,0.001,no_extinction_control,False,20,0.0019197644690436512,2.7302189141222765e-37,0.383952892158268,9.830080510785407e-37,0.00191976446079134,4.915040255392704e-39,0.34962096421869937,1.9073486329625075e-45,1.907348632970731e-45,9.536743164853654e-48,1.799105854709138e-17,6.62644510270653e-16,3.313222551353265e-18,1.9073486330795394e-45,1.90734863309549e-45,9.53674316547745e-48,1.9073486331678935e-45,1.907348633189435e-45,9.536743165947175e-48,1.9073486332325304e-45,1.9073486332577793e-45,9.536743166288897e-48,0.0019197644540864427,0.38395289093145957,0.001919764454657298,1.9073486328439594e-45,1.907348632845948e-45,9.53674316422974e-48,1.907348633030168e-45,1.907348633043451e-45,9.536743165217255e-48,1.9073486331437896e-45,1.907348633163492e-45,9.53674316581746e-48,1.4957190351075985e-11,1.2268077418573498e-09,6.134038709286749e-12,2.7302189141222765e-37,9.830080510785407e-37,4.915040255392704e-39,False,1,False,Im,ng_only
360,Bt_plus_all_10_NG,45,0.6250551925273969,off,ng_low_bt_high,0.0001,0.001,1.0,hard_extinction,True,20,0.0019215660848733809,0.0,0.38428693880239745,0.0,0.001921434694011987,0.0,0.03623011351250849,0.0,0.0,0.0,0.0,0.0,0.0,4.089233098635538e-06,0.0007523877920938923,3.7619389604694615e-06,0.0,0.0,0.0,0.0,0.0,0.0,0.0019174768517747453,0.38353455101030354,0.0019176727550515177,0.0,0.0,0.0,0.0,0.0,0.0,0.0,0.0,0.0,0.0,0.0,0.0,0.0,0.0,0.0,False,2,False,Et|Im,ng_only
361,Bt_plus_all_10_NG,45,0.6250551925273969,off,ng_low_bt_high,0.0001,0.001,1.0,no_extinction_control,False,20,0.0019215661089324618,8.118675993221436e-35,0.38428694103839794,2.607802992718327e-34,0.00192143470519199,1.3039014963591635e-36,0.36124880429991,2.1922933840754563e-27,2.24775077150314e-26,1.12387538575157e-28,2.0992295831772775e-14,1.1475763316190192e-12,5.737881658095096e-15,4.089240178496555e-06,0.0007523890100584827,3.7619450502924136e-06,6.841998078469156e-28,6.249777006454697e-27,3.1248885032273485e-29,4.677783592276559e-26,5.180266989975764e-25,2.590133494987882e-27,0.0019174768460493744,0.383534550165532,0.00191767275082766,1.3650287479320592e-15,6.256397467144815e-14,3.1281987335724075e-16,1.9156396761538368e-19,5.202031127011248e-18,2.601015563505624e-20,1.2471018189462445e-26,1.2866261892942875e-25,6.433130946471438e-28,2.2682233222458037e-11,1.8615973395416789e-09,9.307986697708394e-12,8.118675993221436e-35,2.607802992718327e-34,1.3039014963591635e-36,False,2,False,Et|Im,ng_only
362,Bt_plus_all_10_NG,45,0.6250551925273969,off,ng_high_bt_low,0.1,1.0,0.001,hard_extinction,True,20,0.0019216451149993493,0.0,0.38430073495647943,0.0,0.001921503674782397,0.0,0.03760623014949793,0.0,0.0,0.0,0.0,0.0,0.0,4.288827168820214e-06,0.0007866151412957478,3.933075706478739e-06,0.0,0.0,0.0,0.0,0.0,0.0,0.001917356287830529,0.3835141198151837,0.0019175705990759184,0.0,0.0,0.0,0.0,0.0,0.0,0.0,0.0,0.0,0.0,0.0,0.0,0.0,0.0,0.0,False,2,False,Et|Im,ng_only
363,Bt_plus_all_10_NG,45,0.6250551925273969,off,ng_high_bt_low,0.1,1.0,0.001,no_extinction_control,False,20,0.0019216451323157155,3.3876031931941707e-38,0.38430073658366826,1.0881354983369823e-37,0.001921503682918341,5.440677491684912e-40,0.35178013220736304,3.67925111502437e-27,3.7723330166910604e-26,1.8861665083455303e-28,2.1277418307797012e-14,1.1631689232470512e-12,5.815844616235256e-15,4.288832854450837e-06,0.0007866161136225021,3.933080568112511e-06,4.084837740965006e-28,3.731270193842006e-27,1.8656350969210032e-29,1.3513042810039444e-26,1.4964612613511806e-25,7.482306306755903e-28,0.0019173562833435837,0.3835141191478306,0.001917570595739153,8.596010670209479e-16,3.9398601373523714e-14,1.9699300686761858e-16,1.0395688933973465e-19,2.8230170399650386e-18,1.4115085199825194e-20,3.569089716322829e-27,3.682206846119951e-26,1.8411034230599754e-28,1.6095543719560564e-11,1.321012493860967e-09,6.605062469304835e-12,3.3876031931941707e-38,1.0881354983369823e-37,5.440677491684912e-40,False,2,False,Et|Im,ng_only
364,Bt_plus_all_10_NG,45,0.6250551925273969,on,ng_low_bt_high,0.0001,0.001,1.0,hard_extinction,True,20,0.0019197644550541645,0.0,0.3839528910108329,0.0,0.0019197644550541645,0.0,0.0,0.0,0.0,0.0,0.0,0.0,0.0,0.0,0.0,0.0,0.0,0.0,0.0,0.0,0.0,0.0,0.0019197644550541645,0.3839528910108329,0.0019197644550541645,0.0,0.0,0.0,0.0,0.0,0.0,0.0,0.0,0.0,0.0,0.0,0.0,0.0,0.0,0.0,True,1,False,Im,ng_only
365,Bt_plus_all_10_NG,45,0.6250551925273969,on,ng_low_bt_high,0.0001,0.001,1.0,no_extinction_control,False,20,0.0019197644756301993,8.131990544785392e-35,0.3839528926995153,2.612026141989676e-34,0.0019197644634975765,1.306013070994838e-36,0.36051077195281955,1.826718059236136e-46,1.8267180594099777e-46,9.133590297049889e-49,1.1824488062959736e-17,4.1966953470206085e-16,2.098347673510304e-18,4.219191300947179e-47,4.219191301718608e-47,2.109595650859304e-49,1.1086467215168509e-45,1.1086467217876908e-45,5.543233608938454e-48,1.705280033900437e-45,1.7052800343934038e-45,8.526400171967019e-48,0.0019197644536427072,0.38395289089499396,0.0019197644544749698,2.7853877971944117e-46,2.7853877972553265e-46,1.3926938986276632e-48,8.099249333731896e-46,8.099249334950753e-46,4.049624667475376e-48,4.293862692978032e-45,4.2938626939443026e-45,2.1469313469721513e-47,2.1987480095655857e-11,1.8045209053529181e-09,9.022604526764591e-12,8.131990544785392e-35,2.612026141989676e-34,1.306013070994838e-36,False,1,False,Im,ng_only
366,Bt_plus_all_10_NG,45,0.6250551925273969,on,ng_high_bt_low,0.1,1.0,0.001,hard_extinction,True,20,0.0019197644550541645,0.0,0.3839528910108329,0.0,0.0019197644550541645,0.0,0.0,0.0,0.0,0.0,0.0,0.0,0.0,0.0,0.0,0.0,0.0,0.0,0.0,0.0,0.0,0.0,0.0019197644550541645,0.3839528910108329,0.0019197644550541645,0.0,0.0,0.0,0.0,0.0,0.0,0.0,0.0,0.0,0.0,0.0,0.0,0.0,0.0,0.0,True,1,False,Im,ng_only
367,Bt_plus_all_10_NG,45,0.6250551925273969,on,ng_high_bt_low,0.1,1.0,0.001,no_extinction_control,False,20,0.001919764469156634,3.397625402826334e-38,0.38395289216822703,1.091330139125393e-37,0.0019197644608411352,5.456650695626965e-40,0.34964900901773355,1.907348636013251e-45,1.9073486361949165e-45,9.536743180974582e-48,9.23987584403467e-18,3.279376134704053e-16,1.6396880673520265e-18,1.9073486386838647e-45,1.9073486390326768e-45,9.536743195163384e-48,1.9073486406481084e-45,1.907348641113968e-45,9.53674320556984e-48,1.9073486420666547e-45,1.907348642617926e-45,9.53674321308963e-48,0.0019197644540867743,0.3839528909314383,0.0019197644546571915,1.9073486335106416e-45,1.9073486335524108e-45,9.536743167762053e-48,1.9073486376114266e-45,1.9073486378983142e-45,9.536743189491571e-48,1.907348640096801e-45,1.9073486405259867e-45,9.536743202629934e-48,1.5069850354070357e-11,1.2367884203463672e-09,6.183942101731836e-12,3.397625402826334e-38,1.091330139125393e-37,5.456650695626965e-40,False,1,False,Im,ng_only
368,Bt_plus_all_10_NG,46,0.6866488450042998,off,ng_low_bt_high,0.0001,0.001,1.0,hard_extinction,True,20,0.0019215782567425317,0.0,0.38428941320882154,0.0,0.0019214470660441076,0.0,0.03594686444731021,0.0,0.0,0.0,0.0,0.0,0.0,4.1087469088683516e-06,0.0007564713986133436,3.782356993066718e-06,0.0,0.0,0.0,0.0,0.0,0.0,0.0019174695098336633,0.3835329418102082,0.0019176647090510409,0.0,0.0,0.0,0.0,0.0,0.0,0.0,0.0,0.0,0.0,0.0,0.0,0.0,0.0,0.0,False,2,False,Et|Im,ng_only
369,Bt_plus_all_10_NG,46,0.6866488450042998,off,ng_low_bt_high,0.0001,0.001,1.0,no_extinction_control,False,20,0.001921578280196126,1.1525563616361216e-35,0.3842894153861578,3.3365234245314074e-35,0.0019214470769307892,1.6682617122657037e-37,0.36044585167761944,2.0782257444573288e-27,2.1318043224216542e-26,1.065902161210827e-28,2.0803122340261365e-14,1.1382984684453799e-12,5.691492342226899e-15,4.108753712534022e-06,0.0007564725689887311,3.7823628449436556e-06,6.0925109900932295e-28,5.565910051740756e-27,2.782955025870378e-29,4.104785854629975e-26,4.546316416662838e-25,2.273158208331419e-27,0.0019174695043230044,0.3835329409979814,0.001917664704989907,1.3099304751257717e-15,6.007238442910041e-14,3.0036192214550204e-16,1.7980399240670057e-19,4.884964558100702e-18,2.442482279050351e-20,1.0940092958169685e-26,1.1287976176483096e-25,5.643988088241547e-28,2.2138474417972608e-11,1.817989328787409e-09,9.089946643937045e-12,1.1525563616361216e-35,3.3365234245314074e-35,1.6682617122657037e-37,False,2,False,Et|Im,ng_only
370,Bt_plus_all_10_NG,46,0.6866488450042998,off,ng_high_bt_low,0.1,1.0,0.001,hard_extinction,True,20,0.0019216554860172577,0.0,0.38430289467287776,0.0,0.0019215144733643887,0.0,0.03729732890548565,0.0,0.0,0.0,0.0,0.0,0.0,4.303529482947623e-06,0.0007898733121000981,3.94936656050049e-06,0.0,0.0,0.0,0.0,0.0,0.0,0.00191735195653431,0.38351302136077764,0.0019175651068038882,0.0,0.0,0.0,0.0,0.0,0.0,0.0,0.0,0.0,0.0,0.0,0.0,0.0,0.0,0.0,False,2,False,Et|Im,ng_only
371,Bt_plus_all_10_NG,46,0.6866488450042998,off,ng_high_bt_low,0.1,1.0,0.001,no_extinction_control,False,20,0.0019216555034489663,5.078788636468159e-39,0.38430289630971853,1.4702558786558435e-38,0.0019215144815485927,7.351279393279218e-41,0.35180520625786116,3.708573731213974e-27,3.8041937169115943e-26,1.9020968584557971e-28,2.1550668205783944e-14,1.179208320674423e-12,5.896041603372115e-15,4.3035351460898064e-06,0.0007898742806275071,3.949371403137536e-06,4.093934336332467e-28,3.740081301545119e-27,1.8700406507725595e-29,1.3542138703881502e-26,1.4998806877005766e-25,7.499403438502882e-28,0.0019173519520638085,0.383513020696173,0.001917565103480865,8.664344176690617e-16,3.973412160859134e-14,1.986706080429567e-16,1.0469542545223784e-19,2.844401305400719e-18,1.4222006527003595e-20,3.5743140588891395e-27,3.687975417465511e-26,1.8439877087327554e-28,1.621665076047742e-11,1.3316991075160221e-09,6.658495537580111e-12,5.078788636468159e-39,1.4702558786558435e-38,7.351279393279218e-41,False,2,False,Et|Im,ng_only
372,Bt_plus_all_10_NG,46,0.6866488450042998,on,ng_low_bt_high,0.0001,0.001,1.0,hard_extinction,True,20,0.0019197644550541626,0.0,0.3839528910108325,0.0,0.0019197644550541626,0.0,0.0,0.0,0.0,0.0,0.0,0.0,0.0,0.0,0.0,0.0,0.0,0.0,0.0,0.0,0.0,0.0,0.0019197644550541626,0.3839528910108325,0.0019197644550541626,0.0,0.0,0.0,0.0,0.0,0.0,0.0,0.0,0.0,0.0,0.0,0.0,0.0,0.0,0.0,True,1,False,Im,ng_only
373,Bt_plus_all_10_NG,46,0.6866488450042998,on,ng_low_bt_high,0.0001,0.001,1.0,no_extinction_control,False,20,0.001919764475107936,1.1542470012499593e-35,0.3839528926575769,3.341355102321036e-35,0.0019197644632878844,1.670677551160518e-37,0.35964453265755303,1.82537249866791e-46,1.825372501816008e-46,9.126862509080041e-49,5.619249493040791e-18,1.9145314529396338e-16,9.57265726469817e-19,4.216950626677516e-47,4.2169506406475613e-47,2.1084753203237806e-49,1.1096272511653328e-45,1.1096272560767356e-45,5.548136280383678e-48,1.7065957237916873e-45,1.7065957327304028e-45,8.532978663652014e-48,0.0019197644536889694,0.3839528908987278,0.001919764454493639,2.3178784368121795e-46,2.3178784377296472e-46,1.1589392188648237e-48,6.642954882279596e-46,6.64295490038598e-46,3.32147745019299e-48,4.287219442631499e-45,4.2872194601091434e-45,2.1436097300545717e-47,2.1418960975291876e-11,1.7588489313617796e-09,8.794244656808897e-12,1.1542470012499593e-35,3.341355102321036e-35,1.670677551160518e-37,False,1,False,Im,ng_only
374,Bt_plus_all_10_NG,46,0.6866488450042998,on,ng_high_bt_low,0.1,1.0,0.001,hard_extinction,True,20,0.0019197644550541626,0.0,0.3839528910108325,0.0,0.0019197644550541626,0.0,0.0,0.0,0.0,0.0,0.0,0.0,0.0,0.0,0.0,0.0,0.0,0.0,0.0,0.0,0.0,0.0,0.0019197644550541626,0.3839528910108325,0.0019197644550541626,0.0,0.0,0.0,0.0,0.0,0.0,0.0,0.0,0.0,0.0,0.0,0.0,0.0,0.0,0.0,True,1,False,Im,ng_only
375,Bt_plus_all_10_NG,46,0.6866488450042998,on,ng_high_bt_low,0.1,1.0,0.001,no_extinction_control,False,20,0.001919764469263818,5.091890498738811e-39,0.38395289217767803,1.474018496871473e-38,0.00191976446088839,7.370092484357365e-41,0.34967519803663727,1.9073486888641895e-45,1.9073486921536953e-45,9.536743460768476e-48,4.4368084520289414e-18,1.5116626058369503e-16,7.558313029184751e-19,1.9073487375529804e-45,1.9073487438716752e-45,9.536743719358376e-48,1.907348772601939e-45,1.9073487810440912e-45,9.536743905220456e-48,1.907348797946587e-45,1.907348807936824e-45,9.53674403968412e-48,0.0019197644540868168,0.3839528909313968,0.001919764454656984,1.907348645274542e-45,1.9073486460296463e-45,9.536743230148231e-48,1.9073487184610387e-45,1.9073487236597286e-45,9.536743618298642e-48,1.9073487624694463e-45,1.9073487702450694e-45,9.536743851225347e-48,1.5176996906492122e-11,1.2462810640047413e-09,6.231405320023707e-12,5.091890498738811e-39,1.474018496871473e-38,7.370092484357365e-41,False,1,False,Im,ng_only
376,Bt_plus_all_10_NG,47,0.7543120063354615,off,ng_low_bt_high,0.0001,0.001,1.0,hard_extinction,True,20,0.0019215900047732876,0.0,0.38429179370098465,0.0,0.0019214589685049234,0.0,0.035688406484784,0.0,0.0,0.0,0.0,0.0,0.0,4.128145545946465e-06,0.0007604953815875179,3.8024769079375894e-06,0.0,0.0,0.0,0.0,0.0,0.0,0.001917461859227341,0.38353129831939714,0.0019176564915969858,0.0,0.0,0.0,0.0,0.0,0.0,0.0,0.0,0.0,0.0,0.0,0.0,0.0,0.0,0.0,False,2,False,Et|Im,ng_only
377,Bt_plus_all_10_NG,47,0.7543120063354615,off,ng_low_bt_high,0.0001,0.001,1.0,no_extinction_control,False,20,0.0019215900277531632,1.947655212240911e-36,0.38429179583278505,5.128800702756328e-36,0.0019214589791639253,2.564400351378164e-38,0.35976106791634166,2.0015455494399e-27,2.0540569255298204e-26,1.0270284627649103e-28,2.067638508156703e-14,1.1323543097259193e-12,5.6617715486295966e-15,4.128152140606866e-06,0.0007604965159121603,3.8024825795608015e-06,5.547377323012415e-28,5.0685331958984345e-27,2.5342665979492175e-29,3.6918649617349257e-26,4.089484866467644e-25,2.044742433233822e-27,0.0019174618538814695,0.38353129753201126,0.0019176564876600562,1.2667656767920996e-15,5.81234981549605e-14,2.906174907748025e-16,1.7072188626147783e-19,4.640252650362733e-18,2.3201263251813667e-20,9.836727185965857e-27,1.0150503252175884e-25,5.075251626087942e-28,2.1709143297391707e-11,1.7836711564408593e-09,8.918355782204296e-12,1.947655212240911e-36,5.128800702756328e-36,2.564400351378164e-38,False,2,False,Et|Im,ng_only
378,Bt_plus_all_10_NG,47,0.7543120063354615,off,ng_high_bt_low,0.1,1.0,0.001,hard_extinction,True,20,0.0019216653388682708,0.0,0.3843049438781069,0.0,0.0019215247193905343,0.0,0.03701085386420999,0.0,0.0,0.0,0.0,0.0,0.0,4.317930382902412e-06,0.0007930394078090743,3.965197039045372e-06,0.0,0.0,0.0,0.0,0.0,0.0,0.0019173474084853684,0.3835119044702978,0.001917559522351489,0.0,0.0,0.0,0.0,0.0,0.0,0.0,0.0,0.0,0.0,0.0,0.0,0.0,0.0,0.0,False,2,False,Et|Im,ng_only
379,Bt_plus_all_10_NG,47,0.7543120063354615,off,ng_high_bt_low,0.1,1.0,0.001,no_extinction_control,False,20,0.0019216653564109582,9.018956761049137e-40,0.3843049455243595,2.3749843029305012e-39,0.0019215247276217974,1.1874921514652505e-41,0.3518288462318111,3.736337940309293e-27,3.83437169556192e-26,1.9171858477809602e-28,2.181137233055105e-14,1.194518367727421e-12,5.972591838637105e-15,4.317936028971338e-06,0.0007930403734518071,3.965201867259035e-06,4.1025346857236685e-28,3.748410542990249e-27,1.8742052714951245e-29,1.3569668782999382e-26,1.5031154546624432e-25,7.515577273312216e-28,0.0019173474040273363,0.38351190380779876,0.0019175595190389937,8.729362470598061e-16,4.00533872960235e-14,2.002669364801175e-16,1.0539643860758207e-19,2.8647017583018664e-18,1.4323508791509332e-20,3.579281430221906e-27,3.693456818585774e-26,1.8467284092928872e-28,1.6331966200586902e-11,1.3418743468701582e-09,6.709371734350791e-12,9.018956761049137e-40,2.3749843029305012e-39,1.1874921514652505e-41,False,2,False,Et|Im,ng_only
380,Bt_plus_all_10_NG,47,0.7543120063354615,on,ng_low_bt_high,0.0001,0.001,1.0,hard_extinction,True,20,0.0019197644550541675,0.0,0.383952891010833,0.0,0.0019197644550541652,0.0,4.440892098500626e-16,0.0,0.0,0.0,0.0,0.0,0.0,0.0,0.0,0.0,0.0,0.0,0.0,0.0,0.0,0.0,0.0019197644550541675,0.383952891010833,0.0019197644550541652,0.0,0.0,0.0,0.0,0.0,0.0,0.0,0.0,0.0,0.0,0.0,0.0,0.0,0.0,0.0,True,1,False,Im,ng_only
381,Bt_plus_all_10_NG,47,0.7543120063354615,on,ng_low_bt_high,0.0001,0.001,1.0,no_extinction_control,False,20,0.0019197644746952204,1.9502627322065516e-36,0.3839528926245343,5.135579486631722e-36,0.001919764463122672,2.567789743315861e-38,0.3589048044232861,1.8236875440877853e-46,1.8236875875138396e-46,9.118437937569199e-49,2.4946250830025616e-18,8.12556199992867e-17,4.062780999964335e-19,4.214146083086028e-47,4.2141462758359072e-47,2.1070731379179537e-49,1.1106435251629321e-45,1.1106435930354368e-45,5.553217965177184e-48,1.7079410962791633e-45,1.7079412197910437e-45,8.539706098955218e-48,0.0019197644537262833,0.38395289090173396,0.0019197644545086699,1.8645695211708324e-46,1.864569531361776e-46,9.32284765680888e-49,5.246363052687038e-46,5.2463632501181066e-46,2.6231816250590534e-48,4.2796487020936077e-45,4.279648942979457e-45,2.1398244714897286e-47,2.0968934408071478e-11,1.722800309846664e-09,8.61400154923332e-12,1.9502627322065516e-36,5.135579486631722e-36,2.567789743315861e-38,False,1,False,Im,ng_only
382,Bt_plus_all_10_NG,47,0.7543120063354615,on,ng_high_bt_low,0.1,1.0,0.001,hard_extinction,True,20,0.0019197644550541675,0.0,0.383952891010833,0.0,0.0019197644550541652,0.0,4.440892098500626e-16,0.0,0.0,0.0,0.0,0.0,0.0,0.0,0.0,0.0,0.0,0.0,0.0,0.0,0.0,0.0,0.0019197644550541675,0.383952891010833,0.0019197644550541652,0.0,0.0,0.0,0.0,0.0,0.0,0.0,0.0,0.0,0.0,0.0,0.0,0.0,0.0,0.0,True,1,False,Im,ng_only
383,Bt_plus_all_10_NG,47,0.7543120063354615,on,ng_high_bt_low,0.1,1.0,0.001,no_extinction_control,False,20,0.0019197644693654467,9.039297873491048e-40,0.3839528921866433,2.3802963552097433e-39,0.0019197644609332163,1.1901481776048716e-41,0.3496996620685895,1.9073493938870792e-45,1.9073494393052437e-45,9.536747196526219e-48,1.9794807659405584e-18,6.447619644295086e-17,3.223809822147543e-19,1.907350068585397e-45,1.9073501558253224e-45,9.536750779126612e-48,1.9073505492318397e-45,1.9073506657919154e-45,9.536753328959577e-48,1.9073508969785323e-45,1.9073510349110856e-45,9.536755174555428e-48,0.0019197644540866108,0.38395289093133955,0.0019197644546566977,1.907348803699353e-45,1.9073488141241376e-45,9.536744070620688e-48,1.9073498074012584e-45,1.9073498791784557e-45,9.536749395892278e-48,1.907350407893275e-45,1.9073505152511115e-45,9.536752576255557e-48,1.5278833957716327e-11,1.255303678297118e-09,6.276518391485591e-12,9.039297873491048e-40,2.3802963552097433e-39,1.1901481776048716e-41,False,1,False,Im,ng_only
384,Bt_plus_all_10_NG,48,0.8286427728546842,off,ng_low_bt_high,0.0001,0.001,1.0,hard_extinction,True,20,0.0019216012335391372,0.0,0.3842940644038652,0.0,0.0019214703220193261,0.0,0.035451212472302096,0.0,0.0,0.0,0.0,0.0,0.0,4.147107655106972e-06,0.0007644059936751064,3.822029968375532e-06,0.0,0.0,0.0,0.0,0.0,0.0,0.0019174541258840303,0.3835296584101901,0.0019176482920509506,0.0,0.0,0.0,0.0,0.0,0.0,0.0,0.0,0.0,0.0,0.0,0.0,0.0,0.0,0.0,False,2,False,Et|Im,ng_only
385,Bt_plus_all_10_NG,48,0.8286427728546842,off,ng_low_bt_high,0.0001,0.001,1.0,no_extinction_control,False,20,0.001921601256142384,3.857491517944803e-37,0.38429406649957915,9.318618872515249e-37,0.0019214703324978955,4.6593094362576245e-39,0.3591739259653295,1.9510389588733576e-27,2.003057707779253e-26,1.0015288538896266e-28,2.0588747981131266e-14,1.128479192729137e-12,5.642395963645685e-15,4.147114084384473e-06,0.0007644070994450787,3.822035497225393e-06,5.141988293191295e-28,4.698693325340793e-27,2.3493466626703967e-29,3.386746277813441e-26,3.7519398951403807e-25,1.8759699475701902e-27,0.0019174541206694424,0.3835296576425444,0.0019176482882127218,1.23240768991826e-15,5.657499038043581e-14,2.8287495190217906e-16,1.6358705171089608e-19,4.448155488334169e-18,2.2240777441670844e-20,9.01903946864722e-27,9.307576046712557e-26,4.653788023356278e-28,2.136673586603036e-11,1.7564046157965578e-09,8.782023078982789e-12,3.857491517944803e-37,9.318618872515249e-37,4.6593094362576245e-39,False,2,False,Et|Im,ng_only
386,Bt_plus_all_10_NG,48,0.8286427728546842,off,ng_high_bt_low,0.1,1.0,0.001,hard_extinction,True,20,0.0019216746869291706,0.0,0.38430688575675115,0.0,0.0019215344287837558,0.0,0.03674524170112914,0.0,0.0,0.0,0.0,0.0,0.0,4.3319743627701225e-06,0.0007961054973355746,3.980527486677873e-06,0.0,0.0,0.0,0.0,0.0,0.0,0.0019173427125664005,0.3835107802594156,0.001917553901297078,0.0,0.0,0.0,0.0,0.0,0.0,0.0,0.0,0.0,0.0,0.0,0.0,0.0,0.0,0.0,False,2,False,Et|Im,ng_only
387,Bt_plus_all_10_NG,48,0.8286427728546842,off,ng_high_bt_low,0.1,1.0,0.001,no_extinction_control,False,20,0.0019216747045782447,1.8687246274785678e-40,0.38430688741211716,4.514321596739603e-40,0.001921534437060586,2.2571607983698017e-42,0.35185115442839354,3.762628162781346e-27,3.8629568687165404e-26,1.9314784343582702e-28,2.205991076124642e-14,1.2091200826644286e-12,6.045600413322143e-15,4.331979995789377e-06,0.0007961064607721402,3.980532303860701e-06,4.110667423657396e-28,3.756286001534525e-27,1.8781430007672625e-29,1.359571976061062e-26,1.5061759280737412e-25,7.530879640368706e-28,0.00191734270811778,0.38351077959853563,0.0019175538979926783,8.791213230343939e-16,4.0357117500174265e-14,2.0178558750087132e-16,1.060618225397058e-19,2.8839727122703984e-18,1.4419863561351992e-20,3.584003323514092e-27,3.698664463973104e-26,1.849332231986552e-28,1.644173616634012e-11,1.3515599260888983e-09,6.7577996304444914e-12,1.8687246274785678e-40,4.514321596739603e-40,2.2571607983698017e-42,False,2,False,Et|Im,ng_only
388,Bt_plus_all_10_NG,48,0.8286427728546842,on,ng_low_bt_high,0.0001,0.001,1.0,hard_extinction,True,20,0.0019197644550541643,0.0,0.38395289101083274,0.0,0.0019197644550541636,0.0,0.0,0.0,0.0,0.0,0.0,0.0,0.0,0.0,0.0,0.0,0.0,0.0,0.0,0.0,0.0,0.0,0.0019197644550541643,0.38395289101083274,0.0019197644550541636,0.0,0.0,0.0,0.0,0.0,0.0,0.0,0.0,0.0,0.0,0.0,0.0,0.0,0.0,0.0,True,1,False,Im,ng_only
389,Bt_plus_all_10_NG,48,0.8286427728546842,on,ng_low_bt_high,0.0001,0.001,1.0,no_extinction_control,False,20,0.001919764474365648,3.862319684393473e-37,0.38395289259824034,9.330137137260152e-37,0.0019197644629912018,4.665068568630076e-39,0.35826994813010415,1.8215523419887848e-46,1.821552773119185e-46,9.107763865595924e-49,1.0260914146550112e-18,3.1807980633068395e-17,1.5903990316534198e-19,4.2106070367704e-47,4.21060895099735e-47,2.105304475498675e-49,1.1116821663223521e-45,1.1116828415713442e-45,5.558414207856721e-48,1.7092927478020688e-45,1.709293976418906e-45,8.54646988209453e-48,0.0019197644537567405,0.3839528909041842,0.0019197644545209211,1.4381428319642175e-46,1.4381429100913632e-46,7.190714550456816e-49,3.951988305055178e-46,3.9519897832657196e-46,1.9759948916328598e-48,4.2709754565633676e-45,4.270977845878154e-45,2.135488922939077e-47,2.0608906396210323e-11,1.6940560894281893e-09,8.470280447140947e-12,3.862319684393473e-37,9.330137137260152e-37,4.665068568630076e-39,False,1,False,Im,ng_only
390,Bt_plus_all_10_NG,48,0.8286427728546842,on,ng_high_bt_low,0.1,1.0,0.001,hard_extinction,True,20,0.0019197644550541643,0.0,0.38395289101083274,0.0,0.0019197644550541636,0.0,0.0,0.0,0.0,0.0,0.0,0.0,0.0,0.0,0.0,0.0,0.0,0.0,0.0,0.0,0.0,0.0,0.0019197644550541643,0.38395289101083274,0.0019197644550541636,0.0,0.0,0.0,0.0,0.0,0.0,0.0,0.0,0.0,0.0,0.0,0.0,0.0,0.0,0.0,True,1,False,Im,ng_only
391,Bt_plus_all_10_NG,48,0.8286427728546842,on,ng_high_bt_low,0.1,1.0,0.001,no_extinction_control,False,20,0.0019197644694618182,1.8724190005008555e-40,0.38395289219514467,4.523169359435671e-40,0.0019197644609757238,2.2615846797178355e-42,0.3497225721247119,1.9073562942297903e-45,1.9073567456683213e-45,9.536783728341606e-48,8.149973590879452e-19,2.5264240439153298e-17,1.263212021957665e-19,1.90736314226476e-45,1.9073640093905598e-45,9.536820046952798e-48,1.90736799928421e-45,1.9073691578422708e-45,9.536845789211355e-48,1.9073715125498587e-45,1.9073728835430836e-45,9.536864417715418e-48,0.0019197644540861999,0.38395289093126594,0.0019197644546563297,1.907350359570848e-45,1.9073504631876615e-45,9.536752315938308e-48,1.9073605010792987e-45,1.9073612145127224e-45,9.536806072563612e-48,1.9073665649619063e-45,1.9073676320013168e-45,9.536838160006585e-48,1.5375617372936915e-11,1.2638787473821121e-09,6.31939373691056e-12,1.8724190005008555e-40,4.523169359435671e-40,2.2615846797178355e-42,False,1,False,Im,ng_only
392,Bt_plus_all_10_NG,49,0.9102981779915218,off,ng_low_bt_high,0.0001,0.001,1.0,hard_extinction,True,20,0.0019216118369685291,0.0,0.38429620761654704,0.0,0.0019214810380827352,0.0,0.035231586183995134,0.0,0.0,0.0,0.0,0.0,0.0,4.165293671834708e-06,0.0007681464489359487,3.840732244679743e-06,0.0,0.0,0.0,0.0,0.0,0.0,0.0019174465432966945,0.38352806116761107,0.0019176403058380554,0.0,0.0,0.0,0.0,0.0,0.0,0.0,0.0,0.0,0.0,0.0,0.0,0.0,0.0,0.0,False,2,False,Et|Im,ng_only
393,Bt_plus_all_10_NG,49,0.9102981779915218,off,ng_low_bt_high,0.0001,0.001,1.0,no_extinction_control,False,20,0.0019216118592665218,8.828418002644841e-38,0.38429620968301387,1.9715910253524594e-37,0.0019214810484150693,9.857955126762296e-40,0.3586655390111648,1.9191710253567907e-27,1.9711095800307787e-26,9.855547900153893e-29,2.05214219796816e-14,1.1256527291058012e-12,5.628263645529006e-15,4.165299964985873e-06,0.0007681475311877103,3.840737655938552e-06,4.833979188228643e-28,4.417730237084645e-27,2.2088651185423225e-29,3.155767999084375e-26,3.496437116803787e-25,1.7482185584018934e-27,0.001917446538190275,0.38352806041622406,0.0019176403020811203,1.2045130436575936e-15,5.532011737237911e-14,2.7660058686189553e-16,1.578703941109505e-19,4.2943703808368955e-18,2.147185190418448e-20,8.396684478851078e-27,8.666049909645999e-26,4.333024954823e-28,2.1089534680531136e-11,1.7344211154235764e-09,8.672105577117882e-12,8.828418002644841e-38,1.9715910253524594e-37,9.857955126762296e-40,False,2,False,Et|Im,ng_only
394,Bt_plus_all_10_NG,49,0.9102981779915218,off,ng_high_bt_low,0.1,1.0,0.001,hard_extinction,True,20,0.0019216835459853982,0.0,0.3843087239403598,0.0,0.0019215436197017992,0.0,0.03649901276431322,0.0,0.0,0.0,0.0,0.0,0.0,4.345620394335388e-06,0.0007990661998422919,3.995330999211459e-06,0.0,0.0,0.0,0.0,0.0,0.0,0.0019173379255910629,0.38350965774051754,0.0019175482887025877,0.0,0.0,0.0,0.0,0.0,0.0,0.0,0.0,0.0,0.0,0.0,0.0,0.0,0.0,0.0,False,2,False,Et|Im,ng_only
395,Bt_plus_all_10_NG,49,0.9102981779915218,off,ng_high_bt_low,0.1,1.0,0.001,no_extinction_control,False,20,0.001921683563736308,4.4562478507317917e-41,0.3843087256045117,9.951850206505004e-41,0.0019215436280225586,4.975925103252502e-43,0.35187225411718437,3.7875370166571025e-27,3.890048272110383e-26,1.9450241360551913e-28,2.2296763318399053e-14,1.2230404482322527e-12,6.115202241161263e-15,4.3456260173849004e-06,0.0007990671615913223,3.9953358079566116e-06,4.118364932392928e-28,3.763739272618266e-27,1.8818696363091328e-29,1.3620391708236915e-26,1.5090739870708703e-25,7.545369935354352e-28,0.0019173379211494834,0.3835096570808747,0.0019175482854043736,8.850071120180063e-16,4.064616300751468e-14,2.032308150375734e-16,1.0669373383858794e-19,2.902276083163428e-18,1.451138041581714e-20,3.588494776064421e-27,3.703615476727796e-26,1.851807738363898e-28,1.654625785784216e-11,1.3607820040375732e-09,6.803910020187866e-12,4.4562478507317917e-41,9.951850206505004e-41,4.975925103252502e-43,False,2,False,Et|Im,ng_only
396,Bt_plus_all_10_NG,49,0.9102981779915218,on,ng_low_bt_high,0.0001,0.001,1.0,hard_extinction,True,20,0.0019197644550541621,0.0,0.38395289101083313,0.0,0.0019197644550541656,0.0,8.881784197001252e-16,0.0,0.0,0.0,0.0,0.0,0.0,0.0,0.0,0.0,0.0,0.0,0.0,0.0,0.0,0.0,0.0019197644550541621,0.38395289101083313,0.0019197644550541656,0.0,0.0,0.0,0.0,0.0,0.0,0.0,0.0,0.0,0.0,0.0,0.0,0.0,0.0,0.0,True,1,False,Im,ng_only
397,Bt_plus_all_10_NG,49,0.9102981779915218,on,ng_low_bt_high,0.0001,0.001,1.0,no_extinction_control,False,20,0.0019197644740986685,8.839036748879042e-38,0.3839528925770203,1.9739344173269664e-37,0.0019197644628851014,9.869672086634832e-40,0.357720223957287,1.8188446385938854e-46,1.8188484454339616e-46,9.094242227169807e-49,3.8767906803451747e-19,1.1381011674203919e-17,5.69050583710196e-20,4.20624945042553e-47,4.206266363815161e-47,2.1031331819075803e-49,1.112776014120864e-45,1.1127819913199795e-45,5.563909956599897e-48,1.7107133783144373e-45,1.7107242521839234e-45,8.553621260919617e-48,0.0019197644537819595,0.38395289090620927,0.0019197644545310463,1.0522456370446773e-46,1.0522461425468773e-46,5.2612307127343865e-49,2.8039544866655967e-46,2.803963761323223e-46,1.4019818806616115e-48,4.2611640912292135e-45,4.261185171071191e-45,2.1305925855355956e-47,2.0316708687023388e-11,1.6708110305477348e-09,8.354055152738674e-12,8.839036748879042e-38,1.9739344173269664e-37,9.869672086634832e-40,False,1,False,Im,ng_only
398,Bt_plus_all_10_NG,49,0.9102981779915218,on,ng_high_bt_low,0.1,1.0,0.001,hard_extinction,True,20,0.0019197644550541621,0.0,0.38395289101083313,0.0,0.0019197644550541656,0.0,8.881784197001252e-16,0.0,0.0,0.0,0.0,0.0,0.0,0.0,0.0,0.0,0.0,0.0,0.0,0.0,0.0,0.0,0.0019197644550541621,0.38395289101083313,0.0019197644550541656,0.0,0.0,0.0,0.0,0.0,0.0,0.0,0.0,0.0,0.0,0.0,0.0,0.0,0.0,0.0,True,1,False,Im,ng_only
399,Bt_plus_all_10_NG,49,0.9102981779915218,on,ng_high_bt_low,0.1,1.0,0.001,no_extinction_control,False,20,0.001919764469553244,4.463989959955052e-41,0.3839528922032129,9.968986068025702e-41,0.0019197644610160645,4.984493034012851e-43,0.34974411306141384,1.9074157642227633e-45,1.90741975644214e-45,9.5370987822107e-48,3.073628831604445e-19,9.023186572895243e-18,4.5115932864476214e-20,1.907476160446097e-45,1.9074838304352624e-45,9.537419152176312e-48,1.9075188318454045e-45,1.9075290779504633e-45,9.537645389752317e-48,1.9075497232416446e-45,1.907561848269208e-45,9.53780924134604e-48,0.0019197644540855986,0.38395289093118046,0.0019197644546559024,1.9073638095527336e-45,1.907364725856458e-45,9.536823629282291e-48,1.907452954378379e-45,1.9074592636723794e-45,9.537296318361897e-48,1.9075061390686248e-45,1.9075155754403155e-45,9.537577877201578e-48,1.546764515876362e-11,1.2720324469453888e-09,6.360162234726944e-12,4.463989959955052e-41,9.968986068025702e-41,4.984493034012851e-43,False,1,False,Im,ng_only
400,Bt_plus_all_10_NG,50,0.9999999999999994,off,ng_low_bt_high,0.0001,0.001,1.0,hard_extinction,True,20,0.0019216216859027598,0.0,0.3842982016369533,0.0,0.0019214910081847664,0.0,0.035025437684713445,0.0,0.0,0.0,0.0,0.0,0.0,4.182313610178316e-06,0.0007716513929090907,3.858256964545454e-06,0.0,0.0,0.0,0.0,0.0,0.0,0.0019174393722925815,0.3835265502440442,0.001917632751220221,0.0,0.0,0.0,0.0,0.0,0.0,0.0,0.0,0.0,0.0,0.0,0.0,0.0,0.0,0.0,False,2,False,Et|Im,ng_only
401,Bt_plus_all_10_NG,50,0.9999999999999994,off,ng_low_bt_high,0.0001,0.001,1.0,no_extinction_control,False,20,0.0019216217079466955,2.3046759490584856e-38,0.3842982036790251,4.791573067324335e-38,0.001921491018395126,2.3957865336621678e-40,0.35821841028600865,1.9005095080109878e-27,1.952660212287885e-26,9.763301061439425e-29,2.045727953578877e-14,1.1229420788971625e-12,5.6147103944858126e-15,4.182319786828864e-06,0.0007716524550352584,3.8582622751762926e-06,4.594946298272701e-28,4.1997216101984544e-27,2.099860805099227e-29,2.9767406247754295e-26,3.2984233318843433e-25,1.6492116659421717e-27,0.0019174393672784168,0.383526549506537,0.001917632747532685,1.1812611556266946e-15,5.427588925951565e-14,2.7137944629757826e-16,1.5317834124680085e-19,4.168252449102021e-18,2.0841262245510105e-20,7.910559110228567e-27,8.16498663311825e-26,4.082493316559125e-28,2.085981122480177e-11,1.7162757006636216e-09,8.581378503318108e-12,2.3046759490584856e-38,4.791573067324335e-38,2.3957865336621678e-40,False,2,False,Et|Im,ng_only
402,Bt_plus_all_10_NG,50,0.9999999999999994,off,ng_high_bt_low,0.1,1.0,0.001,hard_extinction,True,20,0.0019216919341449963,0.0,0.38431046249189244,0.0,0.001921552312459462,0.0,0.03627076393233608,0.0,0.0,0.0,0.0,0.0,0.0,4.358840775212582e-06,0.0008019184913651046,4.009592456825523e-06,0.0,0.0,0.0,0.0,0.0,0.0,0.0019173330933697837,0.3835085440005273,0.0019175427200026364,0.0,0.0,0.0,0.0,0.0,0.0,0.0,0.0,0.0,0.0,0.0,0.0,0.0,0.0,0.0,False,2,False,Et|Im,ng_only
403,Bt_plus_all_10_NG,50,0.9999999999999994,off,ng_high_bt_low,0.1,1.0,0.001,no_extinction_control,False,20,0.0019216919519933274,1.2078078041758432e-41,0.3843104641644978,2.5111147904885184e-41,0.0019215523208224888,1.2555573952442592e-43,0.3518922867457892,3.811166233785214e-27,3.9157550538455587e-26,1.9578775269227792e-28,2.2522515978694126e-14,1.2363127838169929e-12,6.181563919084964e-15,4.358846390715178e-06,0.0008019194518341712,4.009597259170856e-06,4.125663214404842e-28,3.770805372855845e-27,1.8854026864279225e-29,1.3643797331455013e-26,1.5118229540860772e-25,7.559114770430386e-28,0.0019173330889333167,0.38350854334181494,0.0019175427167090746,8.906139517966486e-16,4.092151501722682e-14,2.046075750861341e-16,1.0729461065853078e-19,2.9196819440620503e-18,1.459840972031025e-20,3.592774050999133e-27,3.7083303811847183e-26,1.854165190592359e-28,1.6645882242602625e-11,1.369571432589674e-09,6.84785716294837e-12,1.2078078041758432e-41,2.5111147904885184e-41,1.2555573952442592e-43,False,2,False,Et|Im,ng_only
404,Bt_plus_all_10_NG,50,0.9999999999999994,on,ng_low_bt_high,0.0001,0.001,1.0,hard_extinction,True,20,0.0019197644550541604,0.0,0.38395289101083263,0.0,0.0019197644550541632,0.0,8.881784197001252e-16,0.0,0.0,0.0,0.0,0.0,0.0,0.0,0.0,0.0,0.0,0.0,0.0,0.0,0.0,0.0,0.0019197644550541604,0.38395289101083263,0.0019197644550541632,0.0,0.0,0.0,0.0,0.0,0.0,0.0,0.0,0.0,0.0,0.0,0.0,0.0,0.0,0.0,True,1,False,Im,ng_only
405,Bt_plus_all_10_NG,50,0.9999999999999994,on,ng_low_bt_high,0.0001,0.001,1.0,no_extinction_control,False,20,0.0019197644738778426,2.307420962512984e-38,0.3839528925595332,4.797218044327504e-38,0.001919764462797666,2.398609022163752e-40,0.3572376377452766,1.815587916813074e-46,1.8156139771299973e-46,9.078069885649986e-49,1.3331167969088748e-19,3.686337651082426e-18,1.843168825541213e-20,4.2018391212553434e-47,4.201954992315594e-47,2.100977496157797e-49,1.1151343769884586e-45,1.1151754558895563e-45,5.575877279447781e-48,1.6182101587582043e-45,1.6182807002568532e-45,8.091403501284267e-48,0.0019197644538032175,0.38395289090791174,0.0019197644545395588,7.2045718053955605e-47,7.204595541504155e-47,3.602297770752078e-49,1.8436800003742847e-46,1.843721823019302e-46,9.21860911509651e-49,4.253773630795755e-45,4.2539179468263243e-45,2.1269589734131623e-47,2.0074624798072096e-11,1.6516214761218995e-09,8.258107380609497e-12,2.307420962512984e-38,4.797218044327504e-38,2.398609022163752e-40,False,1,False,Im,ng_only
406,Bt_plus_all_10_NG,50,0.9999999999999994,on,ng_high_bt_low,0.1,1.0,0.001,hard_extinction,True,20,0.0019197644550541604,0.0,0.38395289101083263,0.0,0.0019197644550541632,0.0,8.881784197001252e-16,0.0,0.0,0.0,0.0,0.0,0.0,0.0,0.0,0.0,0.0,0.0,0.0,0.0,0.0,0.0,0.0019197644550541604,0.38395289101083263,0.0019197644550541632,0.0,0.0,0.0,0.0,0.0,0.0,0.0,0.0,0.0,0.0,0.0,0.0,0.0,0.0,0.0,True,1,False,Im,ng_only
407,Bt_plus_all_10_NG,50,0.9999999999999994,on,ng_high_bt_low,0.1,1.0,0.001,no_extinction_control,False,20,0.0019197644696401382,1.2096564297866339e-41,0.3839528922108805,2.5149228279614867e-41,0.0019197644610544026,1.2574614139807434e-43,0.3497645654015855,1.9078103053515778e-45,1.9078376893966965e-45,9.539188446983482e-48,1.0536388335144049e-19,2.9135245399666666e-18,1.4567622699833334e-20,1.908227156228433e-45,1.9082797780206305e-45,9.541398890103152e-48,1.908521176743845e-45,1.908591482130132e-45,9.542957410650661e-48,1.9087340656023503e-45,1.9088172717060997e-45,9.544086358530499e-48,0.0019197644540848383,0.38395289093108237,0.0019197644546554119,1.9074531641714568e-45,1.9074594484471873e-45,9.537297242235937e-48,1.9080672503586477e-45,1.9081105335855807e-45,9.540552667927903e-48,1.9084334803797562e-45,1.9084982270188327e-45,9.542491135094163e-48,1.5555299921190012e-11,1.2797981608959887e-09,6.398990804479944e-12,1.2096564297866339e-41,2.5149228279614867e-41,1.2574614139807434e-43,False,1,False,Im,ng_only
408,Bt_plus_all_10_NG,51,1.0985411419875584,off,ng_low_bt_high,0.0001,0.001,1.0,hard_extinction,True,20,0.0019216306150630228,0.0,0.38430001848362744,0.0,0.001921500092418137,0.0,0.03482804265024697,0.0,0.0,0.0,0.0,0.0,0.0,4.197693698308475e-06,0.0007748411726618303,3.874205863309152e-06,0.0,0.0,0.0,0.0,0.0,0.0,0.0019174329213647143,0.3835251773109656,0.0019176258865548279,0.0,0.0,0.0,0.0,0.0,0.0,0.0,0.0,0.0,0.0,0.0,0.0,0.0,0.0,0.0,False,2,False,Et|Im,ng_only
409,Bt_plus_all_10_NG,51,1.0985411419875584,off,ng_low_bt_high,0.0001,0.001,1.0,no_extinction_control,False,20,0.0019216306368871326,6.781475807250986e-39,0.38430002050451784,1.3209988266280865e-38,0.0019215001025225892,6.604994133140433e-41,0.35781578350884935,1.8907168113558124e-27,1.9432719161690958e-26,9.716359580845479e-29,2.0378423451829714e-14,1.119369287817863e-12,5.596846439089315e-15,4.197699770835103e-06,0.0007748422168233142,3.8742110841165704e-06,4.405254972684694e-28,4.026746530883623e-27,2.0133732654418115e-29,2.8345861251943274e-26,3.141212990426015e-25,1.5706064952130075e-27,0.001917432916432453,0.3835251765857986,0.001917625882928993,1.1611572722196905e-15,5.33740995601848e-14,2.66870497800924e-16,1.4920516552510901e-19,4.061527248516167e-18,2.0307636242580836e-20,7.520756638989642e-27,7.76323800171433e-26,3.881619000857165e-28,2.0662304519928596e-11,1.7007231699674762e-09,8.503615849837381e-12,6.781475807250986e-39,1.3209988266280865e-38,6.604994133140433e-41,False,2,False,Et|Im,ng_only
410,Bt_plus_all_10_NG,51,1.0985411419875584,off,ng_high_bt_low,0.1,1.0,0.001,hard_extinction,True,20,0.0019216998718255792,0.0,0.3843121059046913,0.0,0.0019215605295234564,0.0,0.03605916076389626,0.0,0.0,0.0,0.0,0.0,0.0,4.371620296993501e-06,0.0008046615694774778,4.023307847387389e-06,0.0,0.0,0.0,0.0,0.0,0.0,0.0019173282515285858,0.3835074443352138,0.001917537221676069,0.0,0.0,0.0,0.0,0.0,0.0,0.0,0.0,0.0,0.0,0.0,0.0,0.0,0.0,0.0,False,2,False,Et|Im,ng_only
411,Bt_plus_all_10_NG,51,1.0985411419875584,off,ng_high_bt_low,0.1,1.0,0.001,no_extinction_control,False,20,0.0019216998897671881,3.6785886019186293e-42,0.384312107585432,7.16572068051065e-42,0.0019215605379271602,3.582860340255325e-44,0.35191141116758473,3.83362807628788e-27,3.940198009355411e-26,1.9700990046777055e-28,2.2737870879409163e-14,1.2489773266748142e-12,6.244886633374071e-15,4.371625906905726e-06,0.000804662528995509,4.023312644977545e-06,4.132602096894462e-28,3.77752295983232e-27,1.8887614799161598e-29,1.3666062414917188e-26,1.514437657208627e-25,7.5721882860431345e-28,0.0019173282470956294,0.3835074436771821,0.0019175372183859105,8.959653610359618e-16,4.11843204247265e-14,2.059216021236325e-16,1.078672067052579e-19,2.93626951558705e-18,1.468134757793525e-20,3.596862601660603e-27,3.7128330924859757e-26,1.856416546242988e-28,1.6741019267925434e-11,1.3779642222202972e-09,6.889821111101486e-12,3.6785886019186293e-42,7.16572068051065e-42,3.582860340255325e-44,False,2,False,Et|Im,ng_only
412,Bt_plus_all_10_NG,51,1.0985411419875584,on,ng_low_bt_high,0.0001,0.001,1.0,hard_extinction,True,20,0.0019197644550541636,0.0,0.38395289101083224,0.0,0.0019197644550541613,0.0,4.440892098500626e-16,0.0,0.0,0.0,0.0,0.0,0.0,0.0,0.0,0.0,0.0,0.0,0.0,0.0,0.0,0.0,0.0019197644550541636,0.38395289101083224,0.0019197644550541613,0.0,0.0,0.0,0.0,0.0,0.0,0.0,0.0,0.0,0.0,0.0,0.0,0.0,0.0,0.0,True,1,False,Im,ng_only
413,Bt_plus_all_10_NG,51,1.0985411419875584,on,ng_low_bt_high,0.0001,0.001,1.0,no_extinction_control,False,20,0.0019197644736893898,6.789723601766824e-39,0.3839528925446578,1.3225898590901435e-38,0.001919764462723289,6.612949295450717e-41,0.3568053319785882,1.8128488481600203e-46,1.8130007174017744e-46,9.065003587008873e-49,4.131044999951679e-20,1.0696779728337812e-18,5.3483898641689065e-21,4.203069025895938e-47,4.203745425584893e-47,2.1018727127924467e-49,1.1586614548879182e-45,1.1589105465493377e-45,5.794552732746688e-48,1.0504103319012951e-45,1.05067756289815e-45,5.25338781449075e-48,0.0019197644538215628,0.3839528909093797,0.0019197644545468984,4.537090260580581e-47,4.537177488324777e-47,2.2685887441623885e-49,1.1011208981314528e-46,1.1012666644336535e-46,5.506333322168268e-49,4.3640090586081657e-45,4.364873098550046e-45,2.182436549275023e-47,1.986782691143162e-11,1.6352781304116703e-09,8.176390652058352e-12,6.789723601766824e-39,1.3225898590901435e-38,6.612949295450717e-41,False,1,False,Im,ng_only
414,Bt_plus_all_10_NG,51,1.0985411419875584,on,ng_high_bt_low,0.1,1.0,0.001,hard_extinction,True,20,0.0019197644550541636,0.0,0.38395289101083224,0.0,0.0019197644550541613,0.0,4.440892098500626e-16,0.0,0.0,0.0,0.0,0.0,0.0,0.0,0.0,0.0,0.0,0.0,0.0,0.0,0.0,0.0,0.0019197644550541636,0.38395289101083224,0.0019197644550541613,0.0,0.0,0.0,0.0,0.0,0.0,0.0,0.0,0.0,0.0,0.0,0.0,0.0,0.0,0.0,True,1,False,Im,ng_only
415,Bt_plus_all_10_NG,51,1.0985411419875584,on,ng_high_bt_low,0.1,1.0,0.001,no_extinction_control,False,20,0.001919764469722864,3.6835610143171735e-42,0.38395289221818113,7.175314826599418e-42,0.0019197644610909057,3.5876574132997085e-44,0.3497840687832827,1.9100468567479223e-45,1.9102068686372307e-45,9.551034343186154e-48,3.253162203968458e-20,8.423621508651614e-19,4.211810754325807e-21,1.9124904791813318e-45,1.9127982561806187e-45,9.563991280903094e-48,1.9142140504320222e-45,1.91462557250251e-45,9.573127862512549e-48,1.9154630135244715e-45,1.915950319368781e-45,9.579751596843906e-48,0.0019197644540839228,0.3839528909309735,0.0019197644546548676,1.9079598877493773e-45,1.9079965691968554e-45,9.539982845984276e-48,1.9115542422020373e-45,1.911807293611461e-45,9.559036468057306e-48,1.913698665404824e-45,1.914077562897932e-45,9.570387814489661e-48,1.5638940990807235e-11,1.287207642118847e-09,6.436038210594235e-12,3.6835610143171735e-42,7.175314826599418e-42,3.5876574132997085e-44,False,1,False,Im,ng_only
416,Bt_plus_all_10_NG,52,1.2067926406393277,off,ng_low_bt_high,0.0001,0.001,1.0,hard_extinction,True,20,0.0019216384088023444,0.0,0.38430162140483337,0.0,0.001921508107024167,0.0,0.03463377339740781,0.0,0.0,0.0,0.0,0.0,0.0,4.210840288276993e-06,0.0007776156334488245,3.888078167244123e-06,0.0,0.0,0.0,0.0,0.0,0.0,0.0019174275685140674,0.38352400577138457,0.0019176200288569228,0.0,0.0,0.0,0.0,0.0,0.0,0.0,0.0,0.0,0.0,0.0,0.0,0.0,0.0,0.0,False,2,False,Et|Im,ng_only
417,Bt_plus_all_10_NG,52,1.2067926406393277,off,ng_low_bt_high,0.0001,0.001,1.0,no_extinction_control,False,20,0.001921638430425297,2.224810813238043e-39,0.38430162340626783,4.0842257199701746e-39,0.0019215081170313392,2.0421128599850873e-41,0.35744069631364006,1.8858359444829384e-27,1.9388908775456686e-26,9.694454387728343e-29,2.026394882077894e-14,1.113788614882898e-12,5.56894307441449e-15,4.210846262788537e-06,0.0007776166607470821,3.88808330373541e-06,4.250764557890004e-28,3.8858972356395835e-27,1.9429486178197917e-29,2.7186581789030587e-26,3.013023669014601e-25,1.5065118345073006e-27,0.0019174275636582219,0.38352400505774586,0.0019176200252887293,1.142876228538304e-15,5.255419782763207e-14,2.6277098913816034e-16,1.4569766074129296e-19,3.967335697619117e-18,1.9836678488095584e-20,7.199305358583556e-27,7.431960297216366e-26,3.7159801486081826e-28,2.0482879787975603e-11,1.686608547009552e-09,8.43304273504776e-12,2.224810813238043e-39,4.0842257199701746e-39,2.0421128599850873e-41,False,2,False,Et|Im,ng_only
418,Bt_plus_all_10_NG,52,1.2067926406393277,off,ng_high_bt_low,0.1,1.0,0.001,hard_extinction,True,20,0.0019217073818793568,0.0,0.384313659128811,0.0,0.001921568295644055,0.0,0.03586292815668024,0.0,0.0,0.0,0.0,0.0,0.0,4.383955872005663e-06,0.0008072968036226091,4.0364840181130455e-06,0.0,0.0,0.0,0.0,0.0,0.0,0.0019173234260073512,0.38350636232518837,0.001917531811625942,0.0,0.0,0.0,0.0,0.0,0.0,0.0,0.0,0.0,0.0,0.0,0.0,0.0,0.0,0.0,False,2,False,Et|Im,ng_only
419,Bt_plus_all_10_NG,52,1.2067926406393277,off,ng_high_bt_low,0.1,1.0,0.001,no_extinction_control,False,20,0.0019217073999105144,1.2459731648468809e-42,0.38431366081739393,2.287313729193417e-42,0.00192156830408697,1.1436568645967085e-44,0.35192980520910844,3.8550476046019e-27,3.963512040367874e-26,1.981756020183937e-28,2.2943663403371006e-14,1.2610822255166536e-12,6.3054111275832684e-15,4.383961477951465e-06,0.0008072977624625583,4.036488812312791e-06,4.139225821209584e-28,3.7839349165499274e-27,1.8919674582749636e-29,1.3687327576100754e-26,1.516934642582861e-25,7.584673212914305e-28,0.0019173234215765708,0.3835063616676265,0.0019175318083381326,9.010885732687362e-16,4.143590798820392e-14,2.0717953994101959e-16,1.0841464939204604e-19,2.9521288489206628e-18,1.4760644244603314e-20,3.6007853299085255e-27,3.717151218949525e-26,1.8585756094747624e-28,1.6832147137538106e-11,1.386002360711961e-09,6.930011803559804e-12,1.2459731648468809e-42,2.287313729193417e-42,1.1436568645967085e-44,False,2,False,Et|Im,ng_only
420,Bt_plus_all_10_NG,52,1.2067926406393277,on,ng_low_bt_high,0.0001,0.001,1.0,hard_extinction,True,20,0.0019197644550541675,0.0,0.3839528910108338,0.0,0.001919764455054169,0.0,4.440892098500626e-16,0.0,0.0,0.0,0.0,0.0,0.0,0.0,0.0,0.0,0.0,0.0,0.0,0.0,0.0,0.0,0.0019197644550541675,0.3839528910108338,0.001919764455054169,0.0,0.0,0.0,0.0,0.0,0.0,0.0,0.0,0.0,0.0,0.0,0.0,0.0,0.0,0.0,True,1,False,Im,ng_only
421,Bt_plus_all_10_NG,52,1.2067926406393277,on,ng_low_bt_high,0.0001,0.001,1.0,no_extinction_control,False,20,0.0019197644735209486,2.2276548376408368e-39,0.38395289253138365,4.0894027616612416e-39,0.0019197644626569182,2.0447013808306208e-41,0.35640665273398753,1.8164882281025066e-46,1.817255418339474e-46,9.086277091697369e-49,1.1411665881259689e-20,2.7493427703448144e-19,1.3746713851724072e-21,4.2375018363148324e-47,4.240940680724274e-47,2.1204703403621368e-49,9.013658625241814e-46,9.023431375521757e-46,4.5117156877608785e-48,6.206892826640384e-46,6.214857164059406e-46,3.107428582029703e-48,0.0019197644538379271,0.3839528909106881,0.0019197644545534407,2.576085894989703e-47,2.5763355723912866e-47,1.2881677861956433e-49,5.85023196162276e-47,5.854137095425786e-47,2.927068547712893e-49,3.553146045714139e-45,3.556693848453701e-45,1.7783469242268505e-47,1.9683021430765968e-11,1.6206955254153671e-09,8.103477627076836e-12,2.2276548376408368e-39,4.0894027616612416e-39,2.0447013808306208e-41,False,1,False,Im,ng_only
422,Bt_plus_all_10_NG,52,1.2067926406393277,on,ng_high_bt_low,0.1,1.0,0.001,hard_extinction,True,20,0.0019197644550541675,0.0,0.3839528910108338,0.0,0.001919764455054169,0.0,4.440892098500626e-16,0.0,0.0,0.0,0.0,0.0,0.0,0.0,0.0,0.0,0.0,0.0,0.0,0.0,0.0,0.0,0.0019197644550541675,0.3839528910108338,0.001919764455054169,0.0,0.0,0.0,0.0,0.0,0.0,0.0,0.0,0.0,0.0,0.0,0.0,0.0,0.0,0.0,True,1,False,Im,ng_only
423,Bt_plus_all_10_NG,52,1.2067926406393277,on,ng_high_bt_low,0.1,1.0,0.001,no_extinction_control,False,20,0.0019197644698019927,1.2474638302354368e-42,0.3839528922251651,2.2900235468240022e-42,0.0019197644611258257,1.145011773412001e-44,0.3498030859348411,1.9209572132679343e-45,1.921768525779407e-45,9.608842628897034e-48,8.973860599966675e-21,2.1620172740990982e-19,1.0810086370495491e-21,1.933368577047872e-45,1.9349375566060196e-45,9.674687783030098e-48,1.942154541315714e-45,1.9442602557911013e-45,9.721301278955506e-48,1.9485420850172818e-45,1.9510423451578093e-45,9.755211725789047e-48,0.0019197644540828581,0.3839528909308551,0.0019197644546542756,1.9104272844114915e-45,1.9106124453659926e-45,9.553062226829962e-48,1.9286118543301426e-45,1.9298992370259552e-45,9.649496185129776e-48,1.9395186289379266e-45,1.9414552308819823e-45,9.707276154409911e-48,1.5719134499949135e-11,1.2943099948135358e-09,6.471549974067679e-12,1.2474638302354368e-42,2.2900235468240022e-42,1.145011773412001e-44,False,1,False,Im,ng_only
424,Bt_plus_all_10_NG,53,1.325711365590108,off,ng_low_bt_high,0.0001,0.001,1.0,hard_extinction,True,20,0.0019216447875807533,0.0,0.384302962508937,0.0,0.0019215148125446848,0.0,0.03443583824038843,0.0,0.0,0.0,0.0,0.0,0.0,4.221005954570144e-06,0.000779848271233553,3.899241356167765e-06,0.0,0.0,0.0,0.0,0.0,0.0,0.0019174237816261832,0.3835231142377034,0.001917615571188517,0.0,0.0,0.0,0.0,0.0,0.0,0.0,0.0,0.0,0.0,0.0,0.0,0.0,0.0,0.0,False,2,False,Et|Im,ng_only
425,Bt_plus_all_10_NG,53,1.325711365590108,off,ng_low_bt_high,0.0001,0.001,1.0,no_extinction_control,False,20,0.0019216448090055831,8.056943780714934e-40,0.3843029644911482,1.4012919048746447e-39,0.0019215148224557411,7.006459524373223e-42,0.35707482973813853,1.8817293558384534e-27,1.9352717477386134e-26,9.676358738693067e-29,2.008790766282177e-14,1.1047745259165435e-12,5.523872629582718e-15,4.221011830930421e-06,0.0007798492817186384,3.899246408593192e-06,4.120708063822952e-28,3.7673440956170674e-27,1.8836720478085338e-29,2.6210568855961503e-26,2.905111417817716e-25,1.452555708908858e-27,0.001917423776846106,0.3835231135355038,0.0019176155676775188,1.1251348453009393e-15,5.1757455479174084e-14,2.587872773958704e-16,1.4242824971037715e-19,3.8795058604725395e-18,1.9397529302362696e-20,6.925664219123949e-27,7.149970421443e-26,3.5749852107215e-28,2.0307333527860252e-11,1.6727692505138096e-09,8.363846252569048e-12,8.056943780714934e-40,1.4012919048746447e-39,7.006459524373223e-42,False,2,False,Et|Im,ng_only
426,Bt_plus_all_10_NG,53,1.325711365590108,off,ng_high_bt_low,0.1,1.0,0.001,hard_extinction,True,20,0.0019217144898091968,0.0,0.38431512761548353,0.0,0.0019215756380774177,0.0,0.03568084016737938,0.0,0.0,0.0,0.0,0.0,0.0,4.395856479945242e-06,0.0008098277449765543,4.049138724882772e-06,0.0,0.0,0.0,0.0,0.0,0.0,0.0019173186333292516,0.38350529987050697,0.001917526499352535,0.0,0.0,0.0,0.0,0.0,0.0,0.0,0.0,0.0,0.0,0.0,0.0,0.0,0.0,0.0,False,2,False,Et|Im,ng_only
427,Bt_plus_all_10_NG,53,1.325711365590108,off,ng_high_bt_low,0.1,1.0,0.001,no_extinction_control,False,20,0.00192171450792664,4.64910760389075e-43,0.38431512931164874,8.08589774467985e-43,0.0019215756465582438,4.042948872339925e-45,0.35194766860103144,3.875565645891665e-27,3.9858493790153725e-26,1.9929246895076862e-28,2.3140884866624262e-14,1.2726848632135842e-12,6.363424316067921e-15,4.395862083313191e-06,0.0008098287033719026,4.049143516859513e-06,4.145583932421697e-28,3.790089221881224e-27,1.8950446109406118e-29,1.3707751034702298e-26,1.51933250390833e-25,7.59666251954165e-28,0.0019173186288994548,0.38350529921322757,0.001917526496066138,9.06015256905519e-16,4.1677823571164685e-14,2.0838911785582343e-16,1.0894051792958103e-19,2.9673630837953723e-18,1.4836815418976863e-20,3.604571071937888e-27,3.7213166078036734e-26,1.8606583039018368e-28,1.691982498495718e-11,1.393734928680684e-09,6.968674643403421e-12,4.64910760389075e-43,8.08589774467985e-43,4.042948872339925e-45,False,2,False,Et|Im,ng_only
428,Bt_plus_all_10_NG,53,1.325711365590108,on,ng_low_bt_high,0.0001,0.001,1.0,hard_extinction,True,20,0.0019197644550541662,0.0,0.38395289101083246,0.0,0.0019197644550541623,0.0,8.881784197001252e-16,0.0,0.0,0.0,0.0,0.0,0.0,0.0,0.0,0.0,0.0,0.0,0.0,0.0,0.0,0.0,0.0019197644550541662,0.38395289101083246,0.0019197644550541623,0.0,0.0,0.0,0.0,0.0,0.0,0.0,0.0,0.0,0.0,0.0,0.0,0.0,0.0,0.0,True,1,False,Im,ng_only
429,Bt_plus_all_10_NG,53,1.325711365590108,on,ng_low_bt_high,0.0001,0.001,1.0,no_extinction_control,False,20,0.001919764473360438,8.068032052373396e-40,0.38395289251872194,1.4032067123590894e-39,0.0019197644625936097,7.016033561795448e-42,0.3560240047145289,1.849046643061041e-46,1.8523377277650417e-46,9.261688638825208e-49,2.7770727925064563e-21,6.182056072117345e-20,3.0910280360586724e-22,4.410096297385609e-47,4.42518842174144e-47,2.21259421087072e-49,5.164615263551453e-46,5.1882386969776744e-46,2.5941193484888372e-48,3.35045135395096e-46,3.368594239412742e-46,1.684297119706371e-48,0.0019197644538531808,0.38395289091190743,0.0019197644545595372,1.30026272232569e-47,1.3007935486610618e-47,6.503967743305309e-50,2.7465770404237356e-47,2.7543065847457414e-47,1.3771532923728706e-49,2.2465589903089842e-45,2.2560212335286807e-45,1.1280106167643403e-47,1.9507257403780505e-11,1.6068145266484719e-09,8.034072633242359e-12,8.068032052373396e-40,1.4032067123590894e-39,7.016033561795448e-42,False,1,False,Im,ng_only
430,Bt_plus_all_10_NG,53,1.325711365590108,on,ng_high_bt_low,0.1,1.0,0.001,hard_extinction,True,20,0.0019197644550541662,0.0,0.38395289101083246,0.0,0.0019197644550541623,0.0,8.881784197001252e-16,0.0,0.0,0.0,0.0,0.0,0.0,0.0,0.0,0.0,0.0,0.0,0.0,0.0,0.0,0.0,0.0019197644550541662,0.38395289101083246,0.0019197644550541623,0.0,0.0,0.0,0.0,0.0,0.0,0.0,0.0,0.0,0.0,0.0,0.0,0.0,0.0,0.0,True,1,False,Im,ng_only
431,Bt_plus_all_10_NG,53,1.325711365590108,on,ng_high_bt_low,0.1,1.0,0.001,no_extinction_control,False,20,0.0019197644698779766,4.65404166867957e-43,0.38395289223187146,8.09439336216044e-43,0.0019197644611593572,4.04719668108022e-45,0.3498217110061219,1.9656864559212747e-45,1.9691851457356683e-45,9.845925728678342e-48,2.1877210847603943e-21,4.8700971944575815e-20,2.4350485972287907e-22,2.020106625030081e-45,2.0270197848570443e-45,1.0135098924285221e-47,2.0593064161990907e-45,2.068725876469655e-45,1.0343629382348275e-47,2.0881652661575162e-45,2.099472800414564e-45,1.049736400207282e-47,0.001919764454081648,0.38395289093072643,0.0019197644546536323,1.9204323493986027e-45,1.9212163571647226e-45,9.606081785823613e-48,1.9991153286579122e-45,2.0047413316447432e-45,1.0023706658223716e-47,2.047483601871679e-45,2.0561073629240233e-45,1.0280536814620116e-47,1.5796328663739985e-11,1.3011450164437602e-09,6.5057250822188015e-12,4.65404166867957e-43,8.09439336216044e-43,4.04719668108022e-45,False,1,False,Im,ng_only
432,Bt_plus_all_10_NG,54,1.456348477501243,off,ng_low_bt_high,0.0001,0.001,1.0,hard_extinction,True,20,0.0019216494039537232,0.0,0.3843039820497716,0.0,0.001921519910248858,0.0,0.03422618307305125,0.0,0.0,0.0,0.0,0.0,0.0,4.227279875216557e-06,0.0007813845255426293,3.9069226277131465e-06,0.0,0.0,0.0,0.0,0.0,0.0,0.0019174221240785066,0.383522597524229,0.001917612987621145,0.0,0.0,0.0,0.0,0.0,0.0,0.0,0.0,0.0,0.0,0.0,0.0,0.0,0.0,0.0,False,2,False,Et|Im,ng_only
433,Bt_plus_all_10_NG,54,1.456348477501243,off,ng_low_bt_high,0.0001,0.001,1.0,no_extinction_control,False,20,0.0019216494251665924,3.1912404149541737e-40,0.38430398401137045,5.283933807442098e-40,0.0019215199200568525,2.6419669037210493e-42,0.35669733988620145,1.87363142226897e-27,1.9275178810058772e-26,9.637589405029387e-29,1.9818001484388564e-14,1.0905493861441493e-12,5.4527469307207466e-15,4.22728564636504e-06,0.0007813855180999313,3.906927590499656e-06,4.0062727777123e-28,3.6630399961956465e-27,1.8315199980978233e-29,2.535538297111251e-26,2.8105640283735986e-25,1.4052820141867993e-27,0.0019174221193788501,0.38352259683417117,0.0019176129841708559,1.1065956634548931e-15,5.092255663257377e-14,2.5461278316286887e-16,1.3917519594757678e-19,3.7920163858033174e-18,1.8960081929016587e-20,6.683823832318368e-27,6.900756733883888e-26,3.450378366941944e-28,2.012045233621654e-11,1.657957908759251e-09,8.289789543796255e-12,3.1912404149541737e-40,5.283933807442098e-40,2.6419669037210493e-42,False,2,False,Et|Im,ng_only
434,Bt_plus_all_10_NG,54,1.456348477501243,off,ng_high_bt_low,0.1,1.0,0.001,hard_extinction,True,20,0.001921721224214924,0.0,0.3843165174073011,0.0,0.0019215825870365054,0.0,0.03551170710766893,0.0,0.0,0.0,0.0,0.0,0.0,4.407343770247383e-06,0.0008122602616845489,4.0613013084227445e-06,0.0,0.0,0.0,0.0,0.0,0.0,0.0019173138804446765,0.38350425714561653,0.0019175212857280826,0.0,0.0,0.0,0.0,0.0,0.0,0.0,0.0,0.0,0.0,0.0,0.0,0.0,0.0,0.0,False,2,False,Et|Im,ng_only
435,Bt_plus_all_10_NG,54,1.456348477501243,off,ng_high_bt_low,0.1,1.0,0.001,no_extinction_control,False,20,0.0019217212424160095,1.8946033290016305e-43,0.3843165191108444,3.137014205519953e-43,0.001921582595554222,1.5685071027599767e-45,0.35196522844525546,3.895343197731365e-27,4.007384375435038e-26,2.0036921877175191e-28,2.3330717971624367e-14,1.2838539262451115e-12,6.419269631225558e-15,4.4073493722679446e-06,0.0008122612198423639,4.06130609921182e-06,4.151732672185544e-28,3.796040304107738e-27,1.898020152053869e-29,1.372751304142776e-26,1.5216524048663736e-25,7.608262024331868e-28,0.0019173138760147875,0.3835042564884565,0.0019175212824422824,9.107826115202197e-16,4.191188373900967e-14,2.0955941869504835e-16,1.0944896098884311e-19,2.982091847786929e-18,1.4910459238934645e-20,3.608253431947421e-27,3.725366267048244e-26,1.862683133524122e-28,1.7004712329661684e-11,1.4012198083838961e-09,7.006099041919481e-12,1.8946033290016305e-43,3.137014205519953e-43,1.5685071027599767e-45,False,2,False,Et|Im,ng_only
436,Bt_plus_all_10_NG,54,1.456348477501243,on,ng_low_bt_high,0.0001,0.001,1.0,hard_extinction,True,20,0.0019197644550541632,0.0,0.383952891010833,0.0,0.0019197644550541652,0.0,4.440892098500626e-16,0.0,0.0,0.0,0.0,0.0,0.0,0.0,0.0,0.0,0.0,0.0,0.0,0.0,0.0,0.0,0.0019197644550541632,0.383952891010833,0.0019197644550541652,0.0,0.0,0.0,0.0,0.0,0.0,0.0,0.0,0.0,0.0,0.0,0.0,0.0,0.0,0.0,True,1,False,Im,ng_only
437,Bt_plus_all_10_NG,54,1.456348477501243,on,ng_low_bt_high,0.0001,0.001,1.0,no_extinction_control,False,20,0.0019197644731950366,3.196043410425303e-40,0.38395289250562425,5.291839501640908e-40,0.001919764462528121,2.645919750820454e-42,0.35563744868695757,1.9979323051077086e-46,2.0117726352000175e-46,1.0058863176000088e-48,5.876530255184024e-22,1.1996617862558527e-20,5.998308931279263e-23,5.156388204745346e-47,5.225231352498654e-47,2.6126156762493268e-49,2.9166346899209746e-46,2.968768384724227e-46,1.4843841923621135e-48,1.8045276832964207e-46,1.842759264534811e-46,9.213796322674055e-49,0.0019197644538682303,0.3839528909131138,0.001919764454565569,5.992334905650233e-48,6.001837643611825e-48,3.0009188218059125e-50,1.2203300215103418e-47,1.2337166749178294e-47,6.168583374589147e-50,1.4442859091465498e-45,1.46804531084279e-45,7.34022655421395e-48,1.9326806124444655e-11,1.5925104322269189e-09,7.962552161134595e-12,3.196043410425303e-40,5.291839501640908e-40,2.645919750820454e-42,False,1,False,Im,ng_only
438,Bt_plus_all_10_NG,54,1.456348477501243,on,ng_high_bt_low,0.1,1.0,0.001,hard_extinction,True,20,0.0019197644550541632,0.0,0.383952891010833,0.0,0.0019197644550541652,0.0,4.440892098500626e-16,0.0,0.0,0.0,0.0,0.0,0.0,0.0,0.0,0.0,0.0,0.0,0.0,0.0,0.0,0.0,0.0019197644550541632,0.383952891010833,0.0019197644550541652,0.0,0.0,0.0,0.0,0.0,0.0,0.0,0.0,0.0,0.0,0.0,0.0,0.0,0.0,0.0,True,1,False,Im,ng_only
439,Bt_plus_all_10_NG,54,1.456348477501243,on,ng_high_bt_low,0.1,1.0,0.001,no_extinction_control,False,20,0.00191976446995148,1.8963906020183676e-43,0.38395289223835755,3.1399431764616424e-43,0.0019197644611917877,1.569971588230821e-45,0.3498403589503507,2.1406123062391052e-45,2.1554410273959412e-45,1.0777205136979707e-47,4.668989862092748e-22,9.531489628276909e-21,4.7657448141384543e-23,2.3767901114070036e-45,2.4085227326016522e-45,1.204261366300826e-47,2.5583981976528404e-45,2.604128556674253e-45,1.3020642783371264e-47,2.6985157512996796e-45,2.7556877889893238e-45,1.377843894494662e-47,0.001919764454080278,0.38395289093058554,0.0019197644546529277,1.957963826754793e-45,1.9610687962833147e-45,9.805343981416574e-48,2.2835843344068347e-45,2.3086345680747425e-45,1.1543172840373713e-47,2.5025164794748612e-45,2.543684432568199e-45,1.2718422162840995e-47,1.587120219489771e-11,1.307771975741385e-09,6.5388598787069245e-12,1.8963906020183676e-43,3.1399431764616424e-43,1.569971588230821e-45,False,1,False,Im,ng_only
440,Bt_plus_all_10_NG,55,1.5998587196060574,off,ng_low_bt_high,0.0001,0.001,1.0,hard_extinction,True,20,0.0019216518699071434,0.0,0.38430461317528897,0.0,0.001921523065876445,0.0,0.0339959531853502,0.0,0.0,0.0,0.0,0.0,0.0,4.228657077744315e-06,0.0007820535677885576,3.910267838942788e-06,0.0,0.0,0.0,0.0,0.0,0.0,0.0019174232128293992,0.3835225596075004,0.0019176127980375021,0.0,0.0,0.0,0.0,0.0,0.0,0.0,0.0,0.0,0.0,0.0,0.0,0.0,0.0,0.0,False,2,False,Et|Im,ng_only
441,Bt_plus_all_10_NG,55,1.5998587196060574,off,ng_low_bt_high,0.0001,0.001,1.0,no_extinction_control,False,20,0.0019216518908755924,1.370839550363872e-40,0.38430461511308317,2.1703758737619443e-40,0.0019215230755654162,1.0851879368809721e-42,0.35628414848518375,1.8558957024153447e-27,1.9098210519796905e-26,9.549105259898452e-29,1.9416443714199875e-14,1.0690304054720586e-12,5.345152027360293e-15,4.228662728625363e-06,0.0007820545399545221,3.910272699772611e-06,3.8996485062552216e-28,3.565851362046335e-27,1.7829256810231675e-29,2.456808269919898e-26,2.7235194668571165e-25,1.3617597334285584e-27,0.0019174232082207658,0.383522558931193,0.0019176127946559651,1.0858288079392702e-15,4.998385234654797e-14,2.4991926173273984e-16,1.3571230814183512e-19,3.698717321565662e-18,1.8493586607828312e-20,6.460385042454348e-27,6.670497548477058e-26,3.335248774238529e-28,1.990569882438351e-11,1.6408166620411403e-09,8.204083310205701e-12,1.370839550363872e-40,2.1703758737619443e-40,1.0851879368809721e-42,False,2,False,Et|Im,ng_only
442,Bt_plus_all_10_NG,55,1.5998587196060574,off,ng_high_bt_low,0.1,1.0,0.001,hard_extinction,True,20,0.0019217276173535904,0.0,0.3843178352511399,0.0,0.0019215891762556995,0.0,0.035354361622297326,0.0,0.0,0.0,0.0,0.0,0.0,4.418453014018805e-06,0.0008146027403948596,4.073013701974298e-06,0.0,0.0,0.0,0.0,0.0,0.0,0.0019173091643395715,0.38350323251074503,0.0019175161625537252,0.0,0.0,0.0,0.0,0.0,0.0,0.0,0.0,0.0,0.0,0.0,0.0,0.0,0.0,0.0,False,2,False,Et|Im,ng_only
443,Bt_plus_all_10_NG,55,1.5998587196060574,off,ng_high_bt_low,0.1,1.0,0.001,no_extinction_control,False,20,0.001921727635636424,8.366464594755982e-44,0.38431783696191757,1.3246179471242303e-43,0.001921589184809588,6.6230897356211516e-46,0.35198274583986056,3.9145669280301714e-27,4.0283194848353954e-26,2.0141597424176978e-28,2.3514581177547555e-14,1.2946719997128142e-12,6.473359998564071e-15,4.4184586158279896e-06,0.0008146036985065381,4.07301849253269e-06,4.157736754741816e-28,3.801850763017203e-27,1.9009253815086015e-29,1.3746821568368415e-26,1.5239187485383152e-25,7.619593742691576e-28,0.0019173091599085721,0.3835032318535484,0.001917516159267742,9.154347481225388e-16,4.2140243274296874e-14,2.1070121637148436e-16,1.0994484452735793e-19,2.9964555292544953e-18,1.4982277646272477e-20,3.611871880160206e-27,3.7293435736615434e-26,1.8646717868307717e-28,1.7087593652492196e-11,1.4085258423650632e-09,7.042629211825316e-12,8.366464594755982e-44,1.3246179471242303e-43,6.6230897356211516e-46,False,2,False,Et|Im,ng_only
444,Bt_plus_all_10_NG,55,1.5998587196060574,on,ng_low_bt_high,0.0001,0.001,1.0,hard_extinction,True,20,0.0019197644550541647,0.0,0.38395289101083274,0.0,0.0019197644550541636,0.0,0.0,0.0,0.0,0.0,0.0,0.0,0.0,0.0,0.0,0.0,0.0,0.0,0.0,0.0,0.0,0.0,0.0019197644550541647,0.38395289101083274,0.0019197644550541636,0.0,0.0,0.0,0.0,0.0,0.0,0.0,0.0,0.0,0.0,0.0,0.0,0.0,0.0,0.0,True,1,False,Im,ng_only
445,Bt_plus_all_10_NG,55,1.5998587196060574,on,ng_low_bt_high,0.0001,0.001,1.0,no_extinction_control,False,20,0.0019197644730105884,1.3731042048123342e-40,0.383952892490926,2.1739439147905175e-40,0.0019197644624546302,1.0869719573952588e-42,0.3552236256688648,2.570613860469025e-46,2.6286975649521497e-46,1.3143487824760749e-48,1.0660370213841964e-22,1.979563785777229e-21,9.897818928886144e-24,8.444436713537069e-47,8.814809139757186e-47,4.407404569878593e-49,2.0702796651554983e-46,2.192459541642035e-46,1.0962297708210175e-48,1.3150921444666124e-46,1.4074222595927776e-46,7.037111297963888e-49,0.0019197644538840586,0.3839528909143849,0.0019197644545719244,3.068975965981381e-48,3.08475607803862e-48,1.54237803901931e-50,6.991368009471756e-48,7.242647782229963e-48,3.6213238911149814e-50,1.19108533588999e-45,1.2556767490839737e-45,6.278383745419868e-48,1.912652975559233e-11,1.576541142543976e-09,7.88270571271988e-12,1.3731042048123342e-40,2.1739439147905175e-40,1.0869719573952588e-42,False,1,False,Im,ng_only
446,Bt_plus_all_10_NG,55,1.5998587196060574,on,ng_high_bt_low,0.1,1.0,0.001,hard_extinction,True,20,0.0019197644550541647,0.0,0.38395289101083274,0.0,0.0019197644550541636,0.0,0.0,0.0,0.0,0.0,0.0,0.0,0.0,0.0,0.0,0.0,0.0,0.0,0.0,0.0,0.0,0.0,0.0019197644550541647,0.38395289101083274,0.0019197644550541636,0.0,0.0,0.0,0.0,0.0,0.0,0.0,0.0,0.0,0.0,0.0,0.0,0.0,0.0,0.0,True,1,False,Im,ng_only
447,Bt_plus_all_10_NG,55,1.5998587196060574,on,ng_high_bt_low,0.1,1.0,0.001,no_extinction_control,False,20,0.001919764470023163,8.373493513992407e-44,0.3839528922446808,1.325719141081263e-43,0.0019197644612234039,6.628595705406315e-46,0.34985925337186785,2.7859781951087432e-45,2.848928114314601e-45,1.4244640571573004e-47,8.628266594560154e-23,1.6022149082437209e-21,8.011074541218605e-24,3.929161968074207e-45,4.1014947485059715e-45,2.0507473742529856e-47,5.004112875882815e-45,5.2994362113624416e-45,2.6497181056812206e-47,5.961875628451601e-45,6.380447565241658e-45,3.190223782620829e-47,0.0019197644540787312,0.3839528909304302,0.001919764454652151,2.078698563512607e-45,2.0893868506803437e-45,1.0446934253401719e-47,3.4453942489175416e-45,3.569226650181739e-45,1.7846133250908695e-47,4.653777928959531e-45,4.906147835117744e-45,2.4530739175588723e-47,1.594443167701596e-11,1.3142505821539392e-09,6.571252910769696e-12,8.373493513992407e-44,1.325719141081263e-43,6.628595705406315e-46,False,1,False,Im,ng_only
448,Bt_plus_all_10_NG,56,1.7575106248547911,off,ng_low_bt_high,0.0001,0.001,1.0,hard_extinction,True,20,0.0019216518539958258,0.0,0.38430479887600205,0.0,0.0019215239943800103,0.0,0.033737205199395603,0.0,0.0,0.0,0.0,0.0,0.0,4.224282047849298e-06,0.0007817100396673768,3.908550198336884e-06,0.0,0.0,0.0,0.0,0.0,0.0,0.0019174275719479766,0.3835230888363347,0.0019176154441816733,0.0,0.0,0.0,0.0,0.0,0.0,0.0,0.0,0.0,0.0,0.0,0.0,0.0,0.0,0.0,False,2,False,Et|Im,ng_only
449,Bt_plus_all_10_NG,56,1.7575106248547911,off,ng_low_bt_high,0.0001,0.001,1.0,no_extinction_control,False,20,0.001921651874668233,6.337091289831276e-41,0.3843048007849074,9.632284673662164e-41,0.0019215240039245369,4.816142336831082e-43,0.355808692655593,1.8221786945445164e-27,1.875649920698136e-26,9.37824960349068e-29,1.884561465091196e-14,1.0381407308074564e-12,5.190703654037282e-15,4.224287554614313e-06,0.0007817109874824131,3.908554937412066e-06,3.793486552202497e-28,3.469064180114693e-27,1.7345320900573465e-29,2.38012455956553e-26,2.6387254944889897e-25,1.3193627472444948e-27,0.0019174275674474217,0.38352308817637176,0.001917615440881859,1.0613918674209999e-15,4.88750434871308e-14,2.44375217435654e-16,1.3181543710995946e-19,3.593507962910192e-18,1.7967539814550957e-20,6.243324938611487e-27,6.446788402946917e-26,3.2233942014734584e-28,1.9646289833085824e-11,1.6199662010490354e-09,8.099831005245177e-12,6.337091289831276e-41,9.632284673662164e-41,4.816142336831082e-43,False,2,False,Et|Im,ng_only
450,Bt_plus_all_10_NG,56,1.7575106248547911,off,ng_high_bt_low,0.1,1.0,0.001,hard_extinction,True,20,0.0019217337060348052,0.0,0.3843190887776862,0.0,0.0019215954438884311,0.0,0.03520764063779591,0.0,0.0,0.0,0.0,0.0,0.0,4.429234954159029e-06,0.0008168664613950131,4.0843323069750655e-06,0.0,0.0,0.0,0.0,0.0,0.0,0.0019173044710806462,0.3835022223162912,0.001917511111581456,0.0,0.0,0.0,0.0,0.0,0.0,0.0,0.0,0.0,0.0,0.0,0.0,0.0,0.0,0.0,False,2,False,Et|Im,ng_only
451,Bt_plus_all_10_NG,56,1.7575106248547911,off,ng_high_bt_low,0.1,1.0,0.001,no_extinction_control,False,20,0.0019217337243983906,3.974947300024049e-44,0.3843190904956338,6.041865391557029e-44,0.0019215954524781692,3.0209326957785147e-46,0.3520005254133842,3.9334569422163985e-27,4.048893729799091e-26,2.024446864899546e-28,2.3694193441034443e-14,1.3052393575753645e-12,6.526196787876823e-15,4.429240556856859e-06,0.0008168674196461606,4.084337098230803e-06,4.163671871344749e-28,3.807593794834971e-27,1.9037968974174855e-29,1.3765920373266376e-26,1.5261601244081418e-25,7.630800622040709e-28,0.001917304466647506,0.38350222165890413,0.0019175111082945207,9.200246625975384e-16,4.236549171495623e-14,2.1182745857478115e-16,1.1043396161164157e-19,3.0106213435165206e-18,1.5053106717582602e-20,3.615473333650147e-27,3.733300007564904e-26,1.866650003782452e-28,1.7169413632365084e-11,1.415735927772706e-09,7.07867963886353e-12,3.974947300024049e-44,6.041865391557029e-44,3.0209326957785147e-46,False,2,False,Et|Im,ng_only
452,Bt_plus_all_10_NG,56,1.7575106248547911,on,ng_low_bt_high,0.0001,0.001,1.0,hard_extinction,True,20,0.0019197644550541654,0.0,0.3839528910108327,0.0,0.0019197644550541634,0.0,4.440892098500626e-16,0.0,0.0,0.0,0.0,0.0,0.0,0.0,0.0,0.0,0.0,0.0,0.0,0.0,0.0,0.0,0.0019197644550541654,0.3839528910108327,0.0019197644550541634,0.0,0.0,0.0,0.0,0.0,0.0,0.0,0.0,0.0,0.0,0.0,0.0,0.0,0.0,0.0,True,1,False,Im,ng_only
453,Bt_plus_all_10_NG,56,1.7575106248547911,on,ng_low_bt_high,0.0001,0.001,1.0,no_extinction_control,False,20,0.0019197644727919434,6.348449562144678e-41,0.38395289247338504,9.649479037986365e-41,0.001919764462366925,4.8247395189931825e-43,0.35475573909421954,5.35169722011574e-46,5.719865976933876e-46,2.859932988466938e-48,1.632768429427527e-23,2.733957847075978e-22,1.366978923537989e-24,1.7710681239758293e-46,2.0125173044367825e-46,1.0062586522183912e-48,4.0225540757024856e-46,4.771367488652797e-46,2.3856837443263984e-48,3.4594493225292593e-46,4.2338777002665834e-46,2.1169388501332916e-48,0.0019197644539016747,0.3839528909158058,0.001919764454579029,2.691608682645522e-48,2.733027651656402e-48,1.366513825828201e-50,1.351563193037729e-47,1.5013937580783364e-47,7.5069687903916815e-50,2.4942747756654398e-45,2.9189642001593875e-45,1.4594821000796939e-47,1.8890268776588603e-11,1.5575792163474173e-09,7.787896081737087e-12,6.348449562144678e-41,9.649479037986365e-41,4.8247395189931825e-43,False,1,False,Im,ng_only
454,Bt_plus_all_10_NG,56,1.7575106248547911,on,ng_high_bt_low,0.1,1.0,0.001,hard_extinction,True,20,0.0019197644550541654,0.0,0.3839528910108327,0.0,0.0019197644550541634,0.0,4.440892098500626e-16,0.0,0.0,0.0,0.0,0.0,0.0,0.0,0.0,0.0,0.0,0.0,0.0,0.0,0.0,0.0,0.0019197644550541654,0.3839528910108327,0.0019197644550541634,0.0,0.0,0.0,0.0,0.0,0.0,0.0,0.0,0.0,0.0,0.0,0.0,0.0,0.0,0.0,True,1,False,Im,ng_only
455,Bt_plus_all_10_NG,56,1.7575106248547911,on,ng_high_bt_low,0.1,1.0,0.001,no_extinction_control,False,20,0.001919764470093782,3.9779266054409693e-44,0.3839528922509101,6.046345492382362e-44,0.0019197644612545504,3.0231727461911808e-46,0.3498785925303025,5.906127191744023e-45,6.312437830127433e-45,3.1562189150637167e-47,1.3664569344728846e-23,2.2880376612144164e-22,1.1440188306072081e-24,1.6474590951565307e-44,1.8720566952072688e-44,9.360283476036345e-47,3.389215471308026e-44,4.020130548783446e-44,2.010065274391723e-46,5.71385393541346e-44,6.992950763692299e-44,3.4964753818461494e-46,0.0019197644540769854,0.3839528909302603,0.0019197644546513014,2.4654600458939877e-45,2.5033989983069204e-45,1.2516994991534603e-47,1.1131234321604758e-44,1.2365212240922913e-44,6.182606120461456e-47,2.7294928559051074e-44,3.194231851934672e-44,1.597115925967336e-46,1.6016796563563494e-11,1.3206498029885617e-09,6.6032490149428085e-12,3.9779266054409693e-44,6.046345492382362e-44,3.0231727461911808e-46,False,1,False,Im,ng_only
456,Bt_plus_all_10_NG,57,1.9306977288832496,off,ng_low_bt_high,0.0001,0.001,1.0,hard_extinction,True,20,0.0019216492710075913,0.0,0.38430452515478974,0.0,0.0019215226257739489,0.0,0.03344629003908661,0.0,0.0,0.0,0.0,0.0,0.0,4.213921451179377e-06,0.0007803153196310285,3.901576598155143e-06,0.0,0.0,0.0,0.0,0.0,0.0,0.001917435349556412,0.3835242098351587,0.0019176210491757936,0.0,0.0,0.0,0.0,0.0,0.0,0.0,0.0,0.0,0.0,0.0,0.0,0.0,0.0,0.0,False,2,False,Et|Im,ng_only
457,Bt_plus_all_10_NG,57,1.9306977288832496,off,ng_low_bt_high,0.0001,0.001,1.0,no_extinction_control,False,20,0.0019216492913443867,3.130651819404156e-41,0.3843045270326036,4.585117415481552e-41,0.001921522635163018,2.292558707740776e-43,0.3552524915915001,1.7663441348246996e-27,1.8186804311812817e-26,9.093402155906408e-29,1.8076160624510982e-14,9.96256054500783e-13,4.981280272503915e-15,4.213926840551949e-06,0.0007803162478354197,3.901581239177099e-06,3.709240370661991e-28,3.3923035163582625e-27,1.6961517581791313e-29,2.3184202573429614e-26,2.570525568662042e-25,1.285262784331021e-27,0.0019174353451512887,0.3835242091890359,0.0019176210459451795,9.581915539708913e-16,4.4137184131693144e-14,2.206859206584657e-16,1.27261384571508e-19,3.470307712845206e-18,1.7351538564226028e-20,5.527568966134118e-27,5.708069654754482e-26,2.854034827377241e-28,1.9333511581708207e-11,1.594691853705627e-09,7.973459268528136e-12,3.130651819404156e-41,4.585117415481552e-41,2.292558707740776e-43,False,2,False,Et|Im,ng_only
458,Bt_plus_all_10_NG,57,1.9306977288832496,off,ng_high_bt_low,0.1,1.0,0.001,hard_extinction,True,20,0.001921739532810747,0.0,0.3843202867396769,0.0,0.0019216014336983847,0.0,0.035070363857625075,0.0,0.0,0.0,0.0,0.0,0.0,4.4397584445355915e-06,0.0008190661265244616,4.095330632622308e-06,0.0,0.0,0.0,0.0,0.0,0.0,0.0019172997743662113,0.38350122061315245,0.0019175061030657623,0.0,0.0,0.0,0.0,0.0,0.0,0.0,0.0,0.0,0.0,0.0,0.0,0.0,0.0,0.0,False,2,False,Et|Im,ng_only
459,Bt_plus_all_10_NG,57,1.9306977288832496,off,ng_high_bt_low,0.1,1.0,0.001,no_extinction_control,False,20,0.0019217395512552426,2.0186174156938014e-44,0.38432028846483274,2.9564465560032817e-44,0.0019216014423241638,1.4782232780016408e-46,0.35201892699753756,3.9522769657729705e-27,4.069393805236741e-26,2.0346969026183706e-28,2.3871660040076177e-14,1.3156789943638936e-12,6.578394971819468e-15,4.439764049243545e-06,0.0008190670851045736,4.095335425522868e-06,4.169627955865285e-28,3.813356352645734e-27,1.9066781763228672e-29,1.378509953914677e-26,1.5284105452580344e-25,7.642052726290172e-28,0.0019172997699298789,0.3835012199554188,0.001917506099777094,9.246168382769353e-16,4.259078075471454e-14,2.129539037735727e-16,1.1092330813091148e-19,3.024791309259052e-18,1.512395654629526e-20,3.619114237563617e-27,3.737297431381687e-26,1.8686487156908436e-28,1.725132367207779e-11,1.4229511040513194e-09,7.114755520256597e-12,2.0186174156938014e-44,2.9564465560032817e-44,1.4782232780016408e-46,False,2,False,Et|Im,ng_only
460,Bt_plus_all_10_NG,57,1.9306977288832496,on,ng_low_bt_high,0.0001,0.001,1.0,hard_extinction,True,20,0.001919764455054164,0.0,0.3839528910108327,0.0,0.0019197644550541634,0.0,0.0,0.0,0.0,0.0,0.0,0.0,0.0,0.0,0.0,0.0,0.0,0.0,0.0,0.0,0.0,0.0,0.001919764455054164,0.3839528910108327,0.0019197644550541634,0.0,0.0,0.0,0.0,0.0,0.0,0.0,0.0,0.0,0.0,0.0,0.0,0.0,0.0,0.0,True,1,False,Im,ng_only
461,Bt_plus_all_10_NG,57,1.9306977288832496,on,ng_low_bt_high,0.0001,0.001,1.0,no_extinction_control,False,20,0.001919764472525131,3.1365606066630505e-41,0.38395289245185166,4.593741314985395e-41,0.0019197644622592582,2.2968706574926974e-43,0.35420594967931507,1.798102584833139e-45,2.157037101146471e-45,1.0785185505732356e-47,2.0789576120146565e-24,3.1099601641243034e-23,1.5549800820621516e-25,2.2177206938322554e-45,3.145789109678225e-45,1.5728945548391125e-47,1.7220151960989632e-44,2.7467465903305376e-44,1.3733732951652687e-46,4.588794351676727e-44,7.973180102035511e-44,3.986590051017755e-46,0.0019197644539220172,0.38395289091745227,0.0019197644545872613,4.0025412435625814e-48,4.173310309761721e-48,2.0866551548808605e-50,2.745270111433336e-46,3.65995596816044e-46,1.8299779840802197e-48,7.170910442434768e-44,1.1024240432574063e-43,5.5121202162870316e-46,1.8603113798533415e-11,1.5343993697396791e-09,7.671996848698396e-12,3.1365606066630505e-41,4.593741314985395e-41,2.2968706574926974e-43,False,1,False,Im,ng_only
462,Bt_plus_all_10_NG,57,1.9306977288832496,on,ng_high_bt_low,0.1,1.0,0.001,hard_extinction,True,20,0.001919764455054164,0.0,0.3839528910108327,0.0,0.0019197644550541634,0.0,0.0,0.0,0.0,0.0,0.0,0.0,0.0,0.0,0.0,0.0,0.0,0.0,0.0,0.0,0.0,0.0,0.001919764455054164,0.3839528910108327,0.0019197644550541634,0.0,0.0,0.0,0.0,0.0,0.0,0.0,0.0,0.0,0.0,0.0,0.0,0.0,0.0,0.0,True,1,False,Im,ng_only
463,Bt_plus_all_10_NG,57,1.9306977288832496,on,ng_high_bt_low,0.1,1.0,0.001,no_extinction_control,False,20,0.0019197644701640741,2.0199693897064492e-44,0.3839528922571091,2.958405082547269e-44,0.0019197644612855456,1.4792025412736345e-46,0.3498982453044306,4.165724762689041e-44,4.997280437361922e-44,2.498640218680961e-46,1.836363411741155e-24,2.747057960297421e-23,1.3735289801487106e-25,6.841230392648836e-43,9.704138196592677e-43,4.852069098296339e-45,4.892753986906103e-42,7.804318675902221e-42,3.9021593379511104e-44,2.0324429817753905e-41,3.531436088642327e-41,1.7657180443211637e-43,0.0019197644540750174,0.3839528909300711,0.0019197644546503556,3.842417656180072e-45,4.006355024459814e-45,2.003177512229907e-47,2.3472527563733253e-43,3.129324764657593e-43,1.5646623823287963e-45,2.7113341217334113e-42,4.168285120265884e-42,2.084142560132942e-44,1.608905680542919e-11,1.3270379973926738e-09,6.635189986963369e-12,2.0199693897064492e-44,2.958405082547269e-44,1.4792025412736345e-46,False,1,False,Im,ng_only
464,Bt_plus_all_10_NG,58,2.1209508879201904,off,ng_low_bt_high,0.0001,0.001,1.0,hard_extinction,True,20,0.001921644543851912,0.0,0.38430386698096547,0.0,0.0019215193349048274,0.0,0.033128548157076665,0.0,0.0,0.0,0.0,0.0,0.0,4.19861162183362e-06,0.0007780493475855392,3.890246737927696e-06,0.0,0.0,0.0,0.0,0.0,0.0,0.0019174459322300783,0.38352581763337995,0.0019176290881668997,0.0,0.0,0.0,0.0,0.0,0.0,0.0,0.0,0.0,0.0,0.0,0.0,0.0,0.0,0.0,False,2,False,Et|Im,ng_only
465,Bt_plus_all_10_NG,58,2.1209508879201904,off,ng_low_bt_high,0.0001,0.001,1.0,no_extinction_control,False,20,0.0019216445637499893,1.642636267195803e-41,0.3843038688136584,2.325826950359579e-41,0.001921519344068292,1.1629134751797895e-43,0.3546179080334593,1.684513768868377e-27,1.734908013137194e-26,8.67454006568597e-29,1.7119904640994636e-14,9.440203738338563e-13,4.720101869169282e-15,4.198616744460125e-06,0.0007780502305506101,3.890251152753051e-06,3.7230411846928994e-28,3.405211358532396e-27,1.7026056792661978e-29,2.3164602387449154e-26,2.5685641337131493e-25,1.2842820668565746e-27,0.0019174459280123374,0.38352581701647775,0.0019176290850823887,8.355948730428705e-16,3.85025136778872e-14,1.92512568389436e-16,1.2199298930354006e-19,3.327559160337254e-18,1.663779580168627e-20,4.0573647608408654e-27,4.190127393967014e-26,2.095063696983507e-28,1.8975236083484446e-11,1.565647518919658e-09,7.82823759459829e-12,1.642636267195803e-41,2.325826950359579e-41,1.1629134751797895e-43,False,2,False,Et|Im,ng_only
466,Bt_plus_all_10_NG,58,2.1209508879201904,off,ng_high_bt_low,0.1,1.0,0.001,hard_extinction,True,20,0.0019217451475466055,0.0,0.3843214393258695,0.0,0.0019216071966293474,0.0,0.03494130773190296,0.0,0.0,0.0,0.0,0.0,0.0,4.450114089483705e-06,0.0008212205813358902,4.106102906679451e-06,0.0,0.0,0.0,0.0,0.0,0.0,0.0019172950334571217,0.3835002187445336,0.001917501093722668,0.0,0.0,0.0,0.0,0.0,0.0,0.0,0.0,0.0,0.0,0.0,0.0,0.0,0.0,0.0,False,2,False,Et|Im,ng_only
467,Bt_plus_all_10_NG,58,2.1209508879201904,off,ng_high_bt_low,0.1,1.0,0.001,no_extinction_control,False,20,0.0019217451660735335,1.0892556633020011e-44,0.38432144105839544,1.5422903685558659e-44,0.0019216072052919773,7.711451842779329e-47,0.3520383796213249,3.971347757513461e-27,4.090168719944629e-26,2.0450843599723143e-28,2.4049586660509122e-14,1.3261433226095643e-12,6.630716613047821e-15,4.450119697405587e-06,0.0008212215404486383,4.106107702243191e-06,4.175713445333939e-28,3.819243268840661e-27,1.9096216344203303e-29,1.3804709242668123e-26,1.530711062482794e-25,7.653555312413971e-28,0.0019172950290164054,0.38350021808628193,0.0019175010904314096,9.292906879090715e-16,4.2819992860189244e-14,2.1409996430094622e-16,1.114214463356614e-19,3.0392127730270993e-18,1.5196063865135498e-20,3.6228632931209904e-27,3.741411076488778e-26,1.870705538244389e-28,1.733474344299486e-11,1.4302959637141002e-09,7.151479818570501e-12,1.0892556633020011e-44,1.5422903685558659e-44,7.711451842779329e-47,False,2,False,Et|Im,ng_only
468,Bt_plus_all_10_NG,58,2.1209508879201904,on,ng_low_bt_high,0.0001,0.001,1.0,hard_extinction,True,20,0.0019197644550541654,0.0,0.3839528910108331,0.0,0.0019197644550541654,0.0,0.0,0.0,0.0,0.0,0.0,0.0,0.0,0.0,0.0,0.0,0.0,0.0,0.0,0.0,0.0,0.0,0.0019197644550541654,0.3839528910108331,0.0019197644550541654,0.0,0.0,0.0,0.0,0.0,0.0,0.0,0.0,0.0,0.0,0.0,0.0,0.0,0.0,0.0,True,1,False,Im,ng_only
469,Bt_plus_all_10_NG,58,2.1209508879201904,on,ng_low_bt_high,0.0001,0.001,1.0,no_extinction_control,False,20,0.001919764472201199,1.645757555626861e-41,0.3839528924255924,2.3302327183999536e-41,0.001919764462127962,1.1651163591999767e-43,0.3535506549565621,5.280034767098553e-44,8.276398897879885e-44,4.1381994489399425e-46,2.166039049043077e-25,2.8667782094913017e-24,1.4333891047456508e-26,2.692176865386077e-44,4.486377373986496e-44,2.243188686993248e-46,1.0517106791577305e-39,3.329807227192275e-39,1.6649036135961375e-41,2.9880739114908997e-38,1.1681637682943787e-37,5.8408188414718935e-40,0.0019197644539456784,0.38395289091937407,0.0019197644545968704,1.1054301211917373e-47,1.2256021147580246e-47,6.128010573790123e-50,2.9555791273674445e-43,6.011401635968614e-43,3.005700817984307e-45,8.287563425524686e-40,2.3960773415812824e-39,1.1980386707906412e-41,1.8255520596831106e-11,1.5062183387152725e-09,7.531091693576363e-12,1.645757555626861e-41,2.3302327183999536e-41,1.1651163591999767e-43,False,1,False,Im,ng_only
470,Bt_plus_all_10_NG,58,2.1209508879201904,on,ng_high_bt_low,0.1,1.0,0.001,hard_extinction,True,20,0.0019197644550541654,0.0,0.3839528910108331,0.0,0.0019197644550541654,0.0,0.0,0.0,0.0,0.0,0.0,0.0,0.0,0.0,0.0,0.0,0.0,0.0,0.0,0.0,0.0,0.0,0.0019197644550541654,0.3839528910108331,0.0019197644550541654,0.0,0.0,0.0,0.0,0.0,0.0,0.0,0.0,0.0,0.0,0.0,0.0,0.0,0.0,0.0,True,1,False,Im,ng_only
471,Bt_plus_all_10_NG,58,2.1209508879201904,on,ng_high_bt_low,0.1,1.0,0.001,no_extinction_control,False,20,0.0019197644702346553,1.0899084848411259e-44,0.3839528922633377,1.5432044669937768e-44,0.0019197644613166884,7.716022334968884e-47,0.3499174717758571,3.710889231234924e-42,5.816779800868599e-42,2.9083899004342996e-44,2.0733620798480366e-25,2.744119148440541e-24,1.3720595742202705e-26,1.2609539937384668e-41,2.1013164253364884e-41,1.0506582126682442e-43,4.470965523284592e-37,1.415546467563092e-36,7.07773233781546e-39,1.469415485111894e-35,5.744563183702334e-35,2.872281591851167e-37,0.0019197644540728089,0.3839528909298633,0.0019197644546493165,1.0659799817999825e-44,1.1818633266942544e-44,5.909316633471271e-47,2.5893513121380464e-40,5.266524794015843e-40,2.6332623970079217e-42,1.0506170271694416e-37,3.0375148063507854e-37,1.5187574031753925e-39,1.616184634064427e-11,1.33347441006252e-09,6.6673720503126e-12,1.0899084848411259e-44,1.5432044669937768e-44,7.716022334968884e-47,False,1,False,Im,ng_only
472,Bt_plus_all_10_NG,59,2.329951810515372,off,ng_low_bt_high,0.0001,0.001,1.0,hard_extinction,True,20,0.0019216386556524826,0.0,0.3843029977463942,0.0,0.001921514988731971,0.0,0.032799228135192315,0.0,0.0,0.0,0.0,0.0,0.0,4.180777356098286e-06,0.0007753321619703161,3.87666080985158e-06,0.0,0.0,0.0,0.0,0.0,0.0,0.0019174578782963844,0.38352766558442386,0.0019176383279221193,0.0,0.0,0.0,0.0,0.0,0.0,0.0,0.0,0.0,0.0,0.0,0.0,0.0,0.0,0.0,False,2,False,Et|Im,ng_only
473,Bt_plus_all_10_NG,59,2.329951810515372,off,ng_low_bt_high,0.0001,0.001,1.0,no_extinction_control,False,20,0.0019216386750432295,9.105512138112991e-42,0.3843029995274485,1.2501895428427222e-41,0.0019215149976372426,6.250947714213611e-44,0.35386884009258424,1.5769199681937166e-27,1.6245584876376516e-26,8.122792438188258e-29,1.602771199602137e-14,8.842333004239465e-13,4.421166502119732e-15,4.180782189805255e-06,0.0007753329958635282,3.876664979317641e-06,3.9105996589114428e-28,3.577070087898373e-27,1.7885350439491864e-29,2.0357845424830983e-26,2.25753504996139e-25,1.128767524980695e-27,0.001917457874282584,0.3835276649992622,0.001917638324996311,7.258224137002376e-16,3.3455510348047966e-14,1.6727755174023983e-16,1.1606970092961027e-19,3.166885268665755e-18,1.5834426343328777e-20,3.0978282495919642e-27,3.1994082203398063e-26,1.5997041101699031e-28,1.8554086397402992e-11,1.5314050715693946e-09,7.657025357846972e-12,9.105512138112991e-42,1.2501895428427222e-41,6.250947714213611e-44,False,2,False,Et|Im,ng_only
474,Bt_plus_all_10_NG,59,2.329951810515372,off,ng_high_bt_low,0.1,1.0,0.001,hard_extinction,True,20,0.0019217506095832843,0.0,0.38432255859304243,0.0,0.001921612792965212,0.0,0.03481917195011075,0.0,0.0,0.0,0.0,0.0,0.0,4.460419416317692e-06,0.0008233538360214446,4.116769180107223e-06,0.0,0.0,0.0,0.0,0.0,0.0,0.0019172901901669667,0.383499204757021,0.0019174960237851048,0.0,0.0,0.0,0.0,0.0,0.0,0.0,0.0,0.0,0.0,0.0,0.0,0.0,0.0,0.0,False,2,False,Et|Im,ng_only
475,Bt_plus_all_10_NG,59,2.329951810515372,off,ng_high_bt_low,0.1,1.0,0.001,no_extinction_control,False,20,0.0019217506281959237,6.21167750122938e-45,0.38432256033325973,8.528658320772177e-45,0.001921612801666299,4.2643291603860885e-47,0.3520593984459275,3.9910652633527024e-27,4.111649632738859e-26,2.0558248163694297e-28,2.423123598747073e-14,1.336823377401163e-12,6.684116887005815e-15,4.460425028807377e-06,0.0008233547958960824,4.116773979480412e-06,4.1820609682756235e-28,3.825382759804965e-27,1.9126913799024826e-29,1.3825178150269194e-26,1.533111924494778e-25,7.665559622473889e-28,0.0019172901857205061,0.38349920409805777,0.0019174960204902888,9.341452370503636e-16,4.3057970900918674e-14,2.1528985450459337e-16,1.119389974617194e-19,3.0541926825437324e-18,1.5270963412718663e-20,3.6268051102078246e-27,3.745733540108347e-26,1.8728667700541734e-28,1.7421444672944706e-11,1.4379260242851937e-09,7.189630121425969e-12,6.21167750122938e-45,8.528658320772177e-45,4.2643291603860885e-47,False,2,False,Et|Im,ng_only
476,Bt_plus_all_10_NG,59,2.329951810515372,on,ng_low_bt_high,0.0001,0.001,1.0,hard_extinction,True,20,0.0019197644550541626,0.0,0.38395289101083235,0.0,0.0019197644550541617,0.0,0.0,0.0,0.0,0.0,0.0,0.0,0.0,0.0,0.0,0.0,0.0,0.0,0.0,0.0,0.0,0.0,0.0019197644550541626,0.38395289101083235,0.0019197644550541617,0.0,0.0,0.0,0.0,0.0,0.0,0.0,0.0,0.0,0.0,0.0,0.0,0.0,0.0,0.0,True,1,False,Im,ng_only
477,Bt_plus_all_10_NG,59,2.329951810515372,on,ng_low_bt_high,0.0001,0.001,1.0,no_extinction_control,False,20,0.0019197644718206733,9.121974591245324e-42,0.38395289239465447,1.2524432327825952e-41,0.0019197644619732724,6.262216163912976e-44,0.3527779063963372,3.864036991386409e-42,8.152115023654671e-42,4.0760575118273356e-44,1.8390900993459167e-26,2.132141310505645e-25,1.0660706552528225e-27,3.326084661718281e-44,5.543331215687565e-44,2.7716656078437828e-46,3.499359110479723e-38,1.2987647392086743e-37,6.493823696043372e-40,1.2340808769014714e-37,4.963041692702167e-37,2.4815208463510835e-39,0.001919764453972635,0.38395289092156853,0.0019197644546078427,9.608628306692103e-47,1.2093884452871506e-46,6.0469422264357534e-49,8.292633391598613e-40,2.615619596785309e-39,1.3078097983926545e-41,1.6684550946188832e-35,8.563537086203714e-35,4.281768543101857e-37,1.7848038403016356e-11,1.4730859310568636e-09,7.365429655284318e-12,9.121974591245324e-42,1.2524432327825952e-41,6.262216163912976e-44,False,1,False,Im,ng_only
478,Bt_plus_all_10_NG,59,2.329951810515372,on,ng_high_bt_low,0.1,1.0,0.001,hard_extinction,True,20,0.0019197644550541626,0.0,0.38395289101083235,0.0,0.0019197644550541617,0.0,0.0,0.0,0.0,0.0,0.0,0.0,0.0,0.0,0.0,0.0,0.0,0.0,0.0,0.0,0.0,0.0,0.0019197644550541626,0.38395289101083235,0.0019197644550541617,0.0,0.0,0.0,0.0,0.0,0.0,0.0,0.0,0.0,0.0,0.0,0.0,0.0,0.0,0.0,True,1,False,Im,ng_only
479,Bt_plus_all_10_NG,59,2.329951810515372,on,ng_high_bt_low,0.1,1.0,0.001,no_extinction_control,False,20,0.0019197644703050527,6.21501301982029e-45,0.38395289226956253,8.533186450427582e-45,0.0019197644613478126,4.266593225213791e-47,0.3499328671342088,7.793804497244362e-40,1.6442904370492267e-39,8.221452185246134e-42,1.9677347945291943e-26,2.281284992479217e-25,1.1406424962396086e-27,1.478573464355137e-41,2.46422544019461e-41,1.232112720097305e-43,1.300536792828008e-35,4.826859076881926e-35,2.413429538440963e-37,5.152634649864519e-35,2.0722094534641346e-34,1.0361047267320673e-36,0.001919764454070402,0.38395289092963736,0.0019197644546481867,9.188137916341412e-44,1.1564634911531919e-43,5.782317455765959e-46,6.628723598343343e-37,2.0907977631176156e-36,1.0453988815588078e-38,3.3947778501758456e-33,1.742408658529071e-32,8.712043292645354e-35,1.623465080314616e-11,1.3399251679482758e-09,6.699625839741379e-12,6.21501301982029e-45,8.533186450427582e-45,4.266593225213791e-47,False,1,False,Im,ng_only
480,Bt_plus_all_10_NG,60,2.5595479226995357,off,ng_low_bt_high,0.0001,0.001,1.0,hard_extinction,True,20,0.0019216328709604354,0.0,0.3843021408285033,0.0,0.0019215107041425166,0.0,0.03247840747808972,0.0,0.0,0.0,0.0,0.0,0.0,4.1635287305804444e-06,0.0007727039742446936,3.863519871223468e-06,0.0,0.0,0.0,0.0,0.0,0.0,0.001917469342229855,0.3835294368542586,0.001917647184271293,0.0,0.0,0.0,0.0,0.0,0.0,0.0,0.0,0.0,0.0,0.0,0.0,0.0,0.0,0.0,False,2,False,Et|Im,ng_only
481,Bt_plus_all_10_NG,60,2.5595479226995357,off,ng_low_bt_high,0.0001,0.001,1.0,no_extinction_control,False,20,0.0019216328897995328,5.308320123476137e-42,0.3843021425537714,7.086993247981877e-42,0.001921510712768857,3.543496623990938e-44,0.35302306677755446,1.4486749252407648e-27,1.492885283338119e-26,7.464426416690595e-29,1.488146708538177e-14,8.21411768025053e-13,4.107058840125265e-15,4.1635332644154176e-06,0.0007727047570772538,3.863523785386269e-06,4.050241050579956e-28,3.70514432560412e-27,1.8525721628020597e-29,1.617125363791872e-26,1.7934355328452342e-25,8.967177664226171e-28,0.0019174693384281989,0.38352943630211095,0.0019176471815105548,6.29054311659386e-16,2.900519147084608e-14,1.4502595735423039e-16,1.096838326161054e-19,2.9935366275185374e-18,1.4967683137592687e-20,2.457881720801936e-27,2.5386583179356663e-26,1.2693291589678332e-28,1.809140770920353e-11,1.4937327349390887e-09,7.468663674695444e-12,5.308320123476137e-42,7.086993247981877e-42,3.543496623990938e-44,False,2,False,Et|Im,ng_only
482,Bt_plus_all_10_NG,60,2.5595479226995357,off,ng_high_bt_low,0.1,1.0,0.001,hard_extinction,True,20,0.001921755990474187,0.0,0.3843236590124035,0.0,0.0019216182950620175,0.0,0.034702539154611856,0.0,0.0,0.0,0.0,0.0,0.0,4.470825535924023e-06,0.0008254963764432872,4.127481882216436e-06,0.0,0.0,0.0,0.0,0.0,0.0,0.001917285164938263,0.3834981626359602,0.001917490813179801,0.0,0.0,0.0,0.0,0.0,0.0,0.0,0.0,0.0,0.0,0.0,0.0,0.0,0.0,0.0,False,2,False,Et|Im,ng_only
483,Bt_plus_all_10_NG,60,2.5595479226995357,off,ng_high_bt_low,0.1,1.0,0.001,no_extinction_control,False,20,0.0019217560091780344,3.725213911169757e-45,0.38432366076083346,4.9734351619620474e-45,0.0019216183038041673,2.486717580981024e-47,0.3520826029862878,4.01192436005929e-27,4.134375824789748e-26,2.067187912394874e-28,2.442073328721576e-14,1.3479609198133616e-12,6.739804599066808e-15,4.470831154566261e-06,0.000825497337348317,4.127486686741585e-06,4.188834678687457e-28,3.831933524230476e-27,1.915966762115238e-29,1.3847037143734236e-26,1.5356753607572836e-25,7.678376803786418e-28,0.001917285160484447,0.38349816197605646,0.0019174908098802824,9.393052627734083e-16,4.331081947490542e-14,2.165540973745271e-16,1.124892859534328e-19,3.070116271182877e-18,1.5350581355914386e-20,3.631044917039391e-27,3.750379938710508e-26,1.8751899693552541e-28,1.7513660887334743e-11,1.4460373944113754e-09,7.230186972056877e-12,3.725213911169757e-45,4.9734351619620474e-45,2.486717580981024e-47,False,2,False,Et|Im,ng_only
484,Bt_plus_all_10_NG,60,2.5595479226995357,on,ng_low_bt_high,0.0001,0.001,1.0,hard_extinction,True,20,0.0019197644550541647,0.0,0.38395289101083296,0.0,0.0019197644550541647,0.0,0.0,0.0,0.0,0.0,0.0,0.0,0.0,0.0,0.0,0.0,0.0,0.0,0.0,0.0,0.0,0.0,0.0019197644550541647,0.38395289101083296,0.0019197644550541647,0.0,0.0,0.0,0.0,0.0,0.0,0.0,0.0,0.0,0.0,0.0,0.0,0.0,0.0,0.0,True,1,False,Im,ng_only
485,Bt_plus_all_10_NG,60,2.5595479226995357,on,ng_low_bt_high,0.0001,0.001,1.0,no_extinction_control,False,20,0.0019197644713973467,5.316921204238729e-42,0.3839528923601827,7.098442678716859e-42,0.0019197644618009135,3.5492213393584295e-44,0.35189630732054233,3.125371450658784e-42,6.595211356124064e-42,3.297605678062032e-44,1.2617345770100585e-27,1.2687476823573773e-26,6.343738411786887e-29,4.065997790725542e-44,6.776725765425123e-44,3.3883628827125616e-46,6.704711713860638e-38,2.4889645682868295e-37,1.2444822841434148e-39,2.476638435170354e-37,9.962414073105905e-37,4.981207036552952e-39,0.0019197644540020252,0.38395289092396506,0.0019197644546198253,7.102151700165319e-45,1.15515723315227e-44,5.77578616576135e-47,1.2297489156414177e-39,3.8807729434826564e-39,1.9403864717413282e-41,3.511237121003399e-35,1.80314409966066e-34,9.0157204983033e-37,1.7395321514891907e-11,1.4362176428167459e-09,7.181088214083729e-12,5.316921204238729e-42,7.098442678716859e-42,3.5492213393584295e-44,False,1,False,Im,ng_only
486,Bt_plus_all_10_NG,60,2.5595479226995357,on,ng_high_bt_low,0.1,1.0,0.001,hard_extinction,True,20,0.0019197644550541647,0.0,0.38395289101083296,0.0,0.0019197644550541647,0.0,0.0,0.0,0.0,0.0,0.0,0.0,0.0,0.0,0.0,0.0,0.0,0.0,0.0,0.0,0.0,0.0,0.0019197644550541647,0.38395289101083296,0.0019197644550541647,0.0,0.0,0.0,0.0,0.0,0.0,0.0,0.0,0.0,0.0,0.0,0.0,0.0,0.0,0.0,True,1,False,Im,ng_only
487,Bt_plus_all_10_NG,60,2.5595479226995357,on,ng_high_bt_low,0.1,1.0,0.001,no_extinction_control,False,20,0.001919764470377087,3.7270080317955e-45,0.3839528922759461,4.975803074850564e-45,0.0019197644613797307,2.487901537425282e-47,0.34994514085033224,9.932204985095586e-40,2.095910586731916e-39,1.047955293365958e-41,1.5595193971625622e-27,1.5681876812826573e-26,7.840938406413286e-29,1.7856758169452439e-41,2.9761539332341993e-41,1.4880769666170996e-43,1.9034021529704127e-35,7.065927246581669e-35,3.532963623290835e-37,7.69854696623162e-35,3.0967827822464115e-34,1.5483913911232057e-36,0.0019197644540677032,0.3839528909293872,0.0019197644546469362,6.551707034486354e-42,1.0656280091952664e-41,5.328140045976333e-44,8.008033026652096e-37,2.527130335719619e-36,1.2635651678598095e-38,5.3117609617144416e-33,2.7277765954609697e-32,1.3638882977304848e-34,1.630938372354912e-11,1.3465588855819402e-09,6.732794427909701e-12,3.7270080317955e-45,4.975803074850564e-45,2.487901537425282e-47,False,1,False,Im,ng_only
488,Bt_plus_all_10_NG,61,2.811768697974228,off,ng_low_bt_high,0.0001,0.001,1.0,hard_extinction,True,20,0.0019216282639621385,0.0,0.38430148707489603,0.0,0.0019215074353744802,0.0,0.032182359393799764,0.0,0.0,0.0,0.0,0.0,0.0,4.149489737498723e-06,0.0007706236321100699,3.85311816055035e-06,0.0,0.0,0.0,0.0,0.0,0.0,0.0019174787742246397,0.383530863442786,0.0019176543172139298,0.0,0.0,0.0,0.0,0.0,0.0,0.0,0.0,0.0,0.0,0.0,0.0,0.0,0.0,0.0,False,2,False,Et|Im,ng_only
489,Bt_plus_all_10_NG,61,2.811768697974228,off,ng_low_bt_high,0.0001,0.001,1.0,no_extinction_control,False,20,0.001921628282448454,3.241798581986705e-42,0.3843014887806187,4.2190584066617565e-42,0.0019215074439030936,2.1095292033308782e-44,0.352108984801367,1.3084252283131596e-27,1.3487885913742635e-26,6.743942956871318e-29,1.3768015756774543e-14,7.603549206618121e-13,3.80177460330906e-15,4.149494501662818e-06,0.0007706244553184252,3.853122276592126e-06,3.3405875309625605e-28,3.056263370008431e-27,1.5281316850042155e-29,1.3285798265217547e-26,1.4735760610179715e-25,7.367880305089857e-28,0.0019174787703192652,0.3835308628697268,0.0019176543143486341,5.457828013637209e-16,2.5174932436157377e-14,1.2587466218078688e-16,1.031151475031061e-19,2.815156434285065e-18,1.4075782171425325e-20,2.0191416482088428e-27,2.085661066922625e-26,1.0428305334613126e-28,1.76132121646468e-11,1.454787907483467e-09,7.273939537417335e-12,3.241798581986705e-42,4.2190584066617565e-42,2.1095292033308782e-44,False,2,False,Et|Im,ng_only
490,Bt_plus_all_10_NG,61,2.811768697974228,off,ng_high_bt_low,0.1,1.0,0.001,hard_extinction,True,20,0.0019217613775857033,0.0,0.384324758188302,0.0,0.0019216237909415097,0.0,0.03458982395136978,0.0,0.0,0.0,0.0,0.0,0.0,4.481526028293649e-06,0.0008276869099442111,4.138434549721055e-06,0.0,0.0,0.0,0.0,0.0,0.0,0.0019172798515574097,0.38349707127835775,0.0019174853563917887,0.0,0.0,0.0,0.0,0.0,0.0,0.0,0.0,0.0,0.0,0.0,0.0,0.0,0.0,0.0,False,2,False,Et|Im,ng_only
491,Bt_plus_all_10_NG,61,2.811768697974228,off,ng_high_bt_low,0.1,1.0,0.001,no_extinction_control,False,20,0.0019217613963890465,2.3388812364512863e-45,0.3843247599457246,3.043953432940611e-45,0.001921623799728623,1.5219767164703055e-47,0.35210873552681576,4.034550654620003e-27,4.1590295302722196e-26,2.07951476513611e-28,2.4623344048011543e-14,1.3598648119044184e-12,6.799324059522092e-15,4.481531655001745e-06,0.0008276878722038522,4.1384393610192615e-06,4.196239907512586e-28,3.839094088597185e-27,1.9195470442985926e-29,1.3870950547041723e-26,1.5384792475654943e-25,7.692396237827472e-28,0.0019172798470942418,0.38349707061723753,0.0019174853530861877,9.44929543026298e-16,4.3586310397434386e-14,2.1793155198717194e-16,1.130892023203438e-19,3.0874721150532123e-18,1.5437360575266062e-20,3.6357147548467334e-27,3.7554946878885997e-26,1.8777473439442998e-28,1.7614234828750155e-11,1.4548797762128784e-09,7.274398881064392e-12,2.3388812364512863e-45,3.043953432940611e-45,1.5219767164703055e-47,False,2,False,Et|Im,ng_only
492,Bt_plus_all_10_NG,61,2.811768697974228,on,ng_low_bt_high,0.0001,0.001,1.0,hard_extinction,True,20,0.001919764455054164,0.0,0.38395289101083313,0.0,0.0019197644550541656,0.0,4.440892098500626e-16,0.0,0.0,0.0,0.0,0.0,0.0,0.0,0.0,0.0,0.0,0.0,0.0,0.0,0.0,0.0,0.001919764455054164,0.38395289101083313,0.0019197644550541656,0.0,0.0,0.0,0.0,0.0,0.0,0.0,0.0,0.0,0.0,0.0,0.0,0.0,0.0,0.0,True,1,False,Im,ng_only
493,Bt_plus_all_10_NG,61,2.811768697974228,on,ng_low_bt_high,0.0001,0.001,1.0,no_extinction_control,False,20,0.0019197644709544118,3.24626559058902e-42,0.3839528923240986,4.224854019678052e-42,0.0019197644616204932,2.1124270098390262e-44,0.3509333390232481,3.6578592998507666e-42,7.718792666560487e-42,3.8593963332802436e-44,7.168105883372655e-29,6.1946395462822875e-28,3.0973197731411437e-30,4.185852101233415e-44,6.976484800210795e-44,3.4882424001053975e-46,9.46210999803528e-38,3.5128589260058637e-37,1.756429463002932e-39,3.4538322200410095e-37,1.3893229724142657e-36,6.946614862071328e-39,0.0019197644540323653,0.383952890926439,0.0019197644546321952,1.4869251329921202e-41,3.76466610988757e-41,1.882333054943785e-43,2.2880079046898805e-39,7.220519268573865e-39,3.6102596342869327e-41,5.816493608411235e-35,2.986974611035173e-34,1.4934873055175867e-36,1.6922046384168035e-11,1.3976596010957455e-09,6.988298005478727e-12,3.24626559058902e-42,4.224854019678052e-42,2.1124270098390262e-44,False,1,False,Im,ng_only
494,Bt_plus_all_10_NG,61,2.811768697974228,on,ng_high_bt_low,0.1,1.0,0.001,hard_extinction,True,20,0.001919764455054164,0.0,0.38395289101083313,0.0,0.0019197644550541656,0.0,4.440892098500626e-16,0.0,0.0,0.0,0.0,0.0,0.0,0.0,0.0,0.0,0.0,0.0,0.0,0.0,0.0,0.0,0.001919764455054164,0.38395289101083313,0.0019197644550541656,0.0,0.0,0.0,0.0,0.0,0.0,0.0,0.0,0.0,0.0,0.0,0.0,0.0,0.0,0.0,True,1,False,Im,ng_only
495,Bt_plus_all_10_NG,61,2.811768697974228,on,ng_high_bt_low,0.1,1.0,0.001,no_extinction_control,False,20,0.0019197644704592347,2.339892357568696e-45,0.3839528922832003,3.0452541101819155e-45,0.0019197644614160016,1.5226270550909577e-47,0.3499675315531956,1.2767352749615887e-39,2.6941590885998912e-39,1.3470795442999457e-41,1.0542070228220323e-28,9.110401854760797e-28,4.555200927380398e-30,1.785712217826439e-41,2.976214601931573e-41,1.4881073009657864e-43,3.085481667423752e-35,1.1455015655797478e-34,5.727507827898739e-37,1.273144128628991e-34,5.121292154364109e-34,2.5606460771820546e-36,0.0019197644540641858,0.38395289092906754,0.0019197644546453377,1.2777203311030918e-38,3.2349916789792805e-38,1.6174958394896403e-40,1.114281095568003e-36,3.5164599320940206e-36,1.7582299660470103e-38,8.962017011983146e-33,4.6023118195530303e-32,2.3011559097765153e-34,1.639504894364755e-11,1.3541327742972588e-09,6.770663871486294e-12,2.339892357568696e-45,3.0452541101819155e-45,1.5226270550909577e-47,False,1,False,Im,ng_only
496,Bt_plus_all_10_NG,62,3.0888435964774787,off,ng_low_bt_high,0.0001,0.001,1.0,hard_extinction,True,20,0.0019216254295858959,0.0,0.38430114402536525,0.0,0.0019215057201268262,0.0,0.031918150872401796,0.0,0.0,0.0,0.0,0.0,0.0,4.140091769554998e-06,0.0007693461850953143,3.8467309254765714e-06,0.0,0.0,0.0,0.0,0.0,0.0,0.001917485337816341,0.3835317978402699,0.0019176589892013496,0.0,0.0,0.0,0.0,0.0,0.0,0.0,0.0,0.0,0.0,0.0,0.0,0.0,0.0,0.0,False,2,False,Et|Im,ng_only
497,Bt_plus_all_10_NG,62,3.0888435964774787,off,ng_low_bt_high,0.0001,0.001,1.0,no_extinction_control,False,20,0.001921625447544159,2.0665009391086025e-42,0.38430114568003293,2.6277477681305082e-42,0.0019215057284001642,1.3138738840652541e-44,0.3511578241699205,1.1656064526127067e-27,1.201989617386172e-26,6.00994808693086e-29,1.2751896476310742e-14,7.046385675262883e-13,3.5231928376314414e-15,4.1400963123295675e-06,0.0007693469705440905,3.846734852720452e-06,2.805383662773138e-28,2.5668992597151212e-27,1.2834496298575606e-29,1.112692905665375e-26,1.234263628959898e-25,6.171318144799491e-28,0.0019174853340748893,0.383531797292178,0.00191765898646089,4.758937542637272e-16,2.1960144465856725e-14,1.0980072232928363e-16,9.663903709908296e-20,2.6392769817434956e-18,1.3196384908717479e-20,1.6949634149813112e-27,1.7509543281923028e-26,8.754771640961514e-29,1.7143712286184086e-11,1.4165841706586062e-09,7.082920853293031e-12,2.0665009391086025e-42,2.6277477681305082e-42,1.3138738840652541e-44,False,2,False,Et|Im,ng_only
498,Bt_plus_all_10_NG,62,3.0888435964774787,off,ng_high_bt_low,0.1,1.0,0.001,hard_extinction,True,20,0.0019217668785987676,0.0,0.38432587775680477,0.0,0.001921629388784024,0.0,0.034479211501144746,0.0,0.0,0.0,0.0,0.0,0.0,4.4927681613874486e-06,0.0008299745673169944,4.149872836584972e-06,0.0,0.0,0.0,0.0,0.0,0.0,0.0019172741104373802,0.3834959031894878,0.001917479515947439,0.0,0.0,0.0,0.0,0.0,0.0,0.0,0.0,0.0,0.0,0.0,0.0,0.0,0.0,0.0,False,2,False,Et|Im,ng_only
499,Bt_plus_all_10_NG,62,3.0888435964774787,off,ng_high_bt_low,0.1,1.0,0.001,no_extinction_control,False,20,0.001921766897513501,1.5311076652987164e-45,0.38432587952432623,1.9469469277516294e-45,0.0019216293976216312,9.734734638758147e-48,0.35213867528285014,4.0597423952590174e-27,4.1864819145083053e-26,2.0932409572541526e-28,2.4845841213955073e-14,1.372932723625518e-12,6.8646636181275905e-15,4.492773798524269e-06,0.0008299755313316442,4.149877656658221e-06,4.204535626588628e-28,3.8471148816684665e-27,1.9235574408342333e-29,1.3897756451049192e-26,1.5416218439740683e-25,7.708109219870341e-28,0.0019172741059623668,0.3834959025268041,0.0019174795126340204,9.512217531712573e-16,4.38944192285742e-14,2.19472096142871e-16,1.137603397311619e-19,3.1068851896402758e-18,1.553442594820138e-20,3.640981461837681e-27,3.761260242997358e-26,1.880630121498679e-28,1.7726812939788798e-11,1.4647736481336636e-09,7.323868240668318e-12,1.5311076652987164e-45,1.9469469277516294e-45,9.734734638758147e-48,False,2,False,Et|Im,ng_only
500,Bt_plus_all_10_NG,62,3.0888435964774787,on,ng_low_bt_high,0.0001,0.001,1.0,hard_extinction,True,20,0.0019197644550541643,0.0,0.3839528910108327,0.0,0.0019197644550541634,0.0,0.0,0.0,0.0,0.0,0.0,0.0,0.0,0.0,0.0,0.0,0.0,0.0,0.0,0.0,0.0,0.0,0.0019197644550541643,0.3839528910108327,0.0019197644550541634,0.0,0.0,0.0,0.0,0.0,0.0,0.0,0.0,0.0,0.0,0.0,0.0,0.0,0.0,0.0,True,1,False,Im,ng_only
501,Bt_plus_all_10_NG,62,3.0888435964774787,on,ng_low_bt_high,0.0001,0.001,1.0,no_extinction_control,False,20,0.001919764470515078,2.0688347554766495e-42,0.3839528922883309,2.630705331145528e-42,0.0019197644614416547,1.315352665572764e-44,0.3499223783134582,3.9992531737109323e-42,8.439792698208668e-42,4.2198963491043337e-44,3.459002300438322e-30,2.5497263778164326e-29,1.2748631889082164e-31,4.498541990514667e-44,7.497639443755751e-44,3.7488197218778754e-46,1.0764695643208085e-37,3.99678812098516e-37,1.99839406049258e-39,3.890602519643801e-37,1.5650162240496965e-36,7.825081120248483e-39,0.0019197644540621967,0.3839528909288691,0.0019197644546443454,4.878757122764608e-38,1.9301341710516206e-37,9.650670855258103e-40,2.3516022412080696e-39,7.421210942631199e-39,3.7106054713155993e-41,6.923494928848686e-35,3.5554588336577464e-34,1.7777294168288733e-36,1.6452881375148536e-11,1.3594618477560329e-09,6.797309238780164e-12,2.0688347554766495e-42,2.630705331145528e-42,1.315352665572764e-44,False,1,False,Im,ng_only
502,Bt_plus_all_10_NG,62,3.0888435964774787,on,ng_high_bt_low,0.1,1.0,0.001,hard_extinction,True,20,0.0019197644550541643,0.0,0.3839528910108327,0.0,0.0019197644550541634,0.0,0.0,0.0,0.0,0.0,0.0,0.0,0.0,0.0,0.0,0.0,0.0,0.0,0.0,0.0,0.0,0.0,0.0019197644550541643,0.3839528910108327,0.0019197644550541634,0.0,0.0,0.0,0.0,0.0,0.0,0.0,0.0,0.0,0.0,0.0,0.0,0.0,0.0,0.0,True,1,False,Im,ng_only
503,Bt_plus_all_10_NG,62,3.0888435964774787,on,ng_high_bt_low,0.1,1.0,0.001,no_extinction_control,False,20,0.0019197644705568886,1.5317021566428012e-45,0.3839528922917852,1.9476939946704935e-45,0.0019197644614589258,9.738469973352467e-48,0.3500055077355384,1.2805088720756816e-39,2.7023118965253267e-39,1.3511559482626633e-41,6.209665203323713e-30,4.5773161712918063e-29,2.288658085645903e-31,1.7857240463581138e-41,2.976234316333672e-41,1.488117158166836e-43,3.279305526423802e-35,1.2175624660007178e-34,6.087812330003589e-37,1.385791409427336e-34,5.574422028341863e-34,2.7872110141709316e-36,0.0019197644540595124,0.3839528909286468,0.001919764454643234,3.4257373422495316e-35,1.3552904026458962e-34,6.776452013229481e-37,1.6826508449499513e-36,5.3101271313447846e-36,2.655063565672392e-38,1.0049335381279319e-32,5.160688152516974e-32,2.580344076258487e-34,1.649737626757781e-11,1.363138352990941e-09,6.815691764954705e-12,1.5317021566428012e-45,1.9476939946704935e-45,9.738469973352467e-48,False,1,False,Im,ng_only
504,Bt_plus_all_10_NG,63,3.3932217718953264,off,ng_low_bt_high,0.0001,0.001,1.0,hard_extinction,True,20,0.001921624523087863,0.0,0.3843011426990115,0.0,0.0019215057134950575,0.0,0.03168412811698662,0.0,0.0,0.0,0.0,0.0,0.0,4.1356818098998036e-06,0.000768940927735226,3.8447046386761295e-06,0.0,0.0,0.0,0.0,0.0,0.0,0.0019174888412779633,0.3835322017712763,0.0019176610088563813,0.0,0.0,0.0,0.0,0.0,0.0,0.0,0.0,0.0,0.0,0.0,0.0,0.0,0.0,0.0,False,2,False,Et|Im,ng_only
505,Bt_plus_all_10_NG,63,3.3932217718953264,off,ng_low_bt_high,0.0001,0.001,1.0,no_extinction_control,False,20,0.0019216245405053248,1.3703956442215239e-42,0.3843011442981415,1.706153425366184e-42,0.0019215057214907075,8.530767126830921e-45,0.35019427066960596,1.0280676287359367e-27,1.0605824072845196e-26,5.302912036422598e-29,1.1864865419482344e-14,6.560340467142438e-13,3.2801702335712192e-15,4.13568604229209e-06,0.0007689416598859419,3.8447082994297095e-06,2.3954647611074755e-28,2.1921074353525305e-27,1.0960537176762653e-29,9.482462601678669e-27,1.0519816834296925e-25,5.259908417148462e-28,0.0019174888377508181,0.38353220125703363,0.001917661006285168,4.183572667378027e-16,1.9313977972109862e-14,9.656988986054932e-17,9.045427521235946e-20,2.4713473011140657e-18,1.2356736505570328e-20,1.4495157483104312e-27,1.4975463723344437e-26,7.487731861672219e-29,1.6699931051376217e-11,1.3805465808130884e-09,6.902732904065442e-12,1.3703956442215239e-42,1.706153425366184e-42,8.530767126830921e-45,False,2,False,Et|Im,ng_only
506,Bt_plus_all_10_NG,63,3.3932217718953264,off,ng_high_bt_low,0.1,1.0,0.001,hard_extinction,True,20,0.0019217726272187218,0.0,0.38432704452578553,0.0,0.0019216352226289278,0.0,0.03436858203275861,0.0,0.0,0.0,0.0,0.0,0.0,4.5048672438222e-06,0.0008324217185050209,4.162108592525104e-06,0.0,0.0,0.0,0.0,0.0,0.0,0.0019172677599748997,0.3834946228072805,0.0019174731140364026,0.0,0.0,0.0,0.0,0.0,0.0,0.0,0.0,0.0,0.0,0.0,0.0,0.0,0.0,0.0,False,2,False,Et|Im,ng_only
507,Bt_plus_all_10_NG,63,3.3932217718953264,off,ng_high_bt_low,0.1,1.0,0.001,no_extinction_control,False,20,0.001921772646261409,1.0411878876672522e-45,0.3843270463049416,1.2962880530452609e-45,0.0019216352315247077,6.481440265226304e-48,0.35217344134802175,4.0885264361807584e-27,4.2178545901618086e-26,2.1089272950809042e-28,2.5096998824340375e-14,1.3876803889467848e-12,6.938401944733924e-15,4.504872894352709e-06,0.0008324226847769769,4.162113423884884e-06,4.214050685016577e-28,3.85631397513183e-27,1.928156987565915e-29,1.392851923544385e-26,1.5452279646558275e-25,7.726139823279137e-28,0.0019172677554848952,0.38349462214259933,0.0019174731107129965,9.584450614817187e-16,4.424804546705109e-14,2.2124022733525543e-16,1.1453051087524045e-19,3.1291610709633344e-18,1.564580535481667e-20,3.6470570465325446e-27,3.7679084616912693e-26,1.8839542308456346e-28,1.785610555723158e-11,1.4761333026073272e-09,7.380666513036636e-12,1.0411878876672522e-45,1.2962880530452609e-45,6.481440265226304e-48,False,2,False,Et|Im,ng_only
508,Bt_plus_all_10_NG,63,3.3932217718953264,on,ng_low_bt_high,0.0001,0.001,1.0,hard_extinction,True,20,0.0019197644550541626,0.0,0.3839528910108323,0.0,0.0019197644550541615,0.0,0.0,0.0,0.0,0.0,0.0,0.0,0.0,0.0,0.0,0.0,0.0,0.0,0.0,0.0,0.0,0.0,0.0019197644550541626,0.3839528910108323,0.0019197644550541615,0.0,0.0,0.0,0.0,0.0,0.0,0.0,0.0,0.0,0.0,0.0,0.0,0.0,0.0,0.0,True,1,False,Im,ng_only
509,Bt_plus_all_10_NG,63,3.3932217718953264,on,ng_low_bt_high,0.0001,0.001,1.0,no_extinction_control,False,20,0.0019197644700976418,1.3716390708821318e-42,0.38395289225440915,1.7076955797241927e-42,0.0019197644612720458,8.538477898620963e-45,0.34889393655179823,4.547439017214502e-42,9.596544117852928e-42,4.798272058926463e-44,1.5043208087338445e-31,9.416379792650142e-31,4.708189896325071e-33,5.079600088655297e-44,8.466078579128715e-44,4.233039289564358e-46,1.3360846647730703e-37,4.960704411707827e-37,2.4803522058539134e-39,4.871395904866033e-37,1.959545749458238e-36,9.797728747291189e-39,0.0019197644540903736,0.38395289093116114,0.0019197644546558056,8.366903492221303e-38,3.3117329773294394e-37,1.6558664886647198e-39,2.4994674255652362e-39,7.887845440792353e-39,3.9439227203961765e-41,8.847009147136545e-35,4.543251228652408e-34,2.271625614326204e-36,1.6007268156457075e-11,1.3232480066489331e-09,6.6162400332446656e-12,1.3716390708821318e-42,1.7076955797241927e-42,8.538477898620963e-45,False,1,False,Im,ng_only
510,Bt_plus_all_10_NG,63,3.3932217718953264,on,ng_high_bt_low,0.1,1.0,0.001,hard_extinction,True,20,0.0019197644550541626,0.0,0.3839528910108323,0.0,0.0019197644550541615,0.0,0.0,0.0,0.0,0.0,0.0,0.0,0.0,0.0,0.0,0.0,0.0,0.0,0.0,0.0,0.0,0.0,0.0019197644550541626,0.3839528910108323,0.0019197644550541615,0.0,0.0,0.0,0.0,0.0,0.0,0.0,0.0,0.0,0.0,0.0,0.0,0.0,0.0,0.0,True,1,False,Im,ng_only
511,Bt_plus_all_10_NG,63,3.3932217718953264,on,ng_high_bt_low,0.1,1.0,0.001,no_extinction_control,False,20,0.0019197644706696042,1.0415510803571349e-45,0.38395289230168955,1.2967348435472515e-45,0.0019197644615084478,6.483674217736257e-48,0.3500512502762092,1.2842361095744656e-39,2.7101470600523362e-39,1.355073530026168e-41,3.364483402701873e-31,2.106017103679278e-30,1.053008551839639e-32,1.7857409808762717e-41,2.9762625407920793e-41,1.4881312703960396e-43,3.27947658089994e-35,1.217625976249491e-34,6.088129881247455e-37,1.3857708776431403e-34,5.574339441998852e-34,2.787169720999426e-36,0.0019197644540537293,0.3839528909281308,0.001919764454640654,4.231351208580571e-35,1.6748257403882594e-34,8.374128701941297e-37,1.7652669780075147e-36,5.5708479901909796e-36,2.78542399509549e-38,1.0056236558874167e-32,5.164232152833307e-32,2.5821160764166533e-34,1.6615874988943484e-11,1.3735587601175072e-09,6.8677938005875365e-12,1.0415510803571349e-45,1.2967348435472515e-45,6.483674217736257e-48,False,1,False,Im,ng_only
512,Bt_plus_all_10_NG,64,3.727593720314938,off,ng_low_bt_high,0.0001,0.001,1.0,hard_extinction,True,20,0.0019216254763663185,0.0,0.384301475571535,0.0,0.0019215073778576749,0.0,0.031473577845865464,0.0,0.0,0.0,0.0,0.0,0.0,4.136062031345142e-06,0.0007693845366677862,3.846922683338931e-06,0.0,0.0,0.0,0.0,0.0,0.0,0.0019174894143349733,0.3835320910348672,0.001917660455174336,0.0,0.0,0.0,0.0,0.0,0.0,0.0,0.0,0.0,0.0,0.0,0.0,0.0,0.0,0.0,False,2,False,Et|Im,ng_only
513,Bt_plus_all_10_NG,64,3.727593720314938,off,ng_low_bt_high,0.0001,0.001,1.0,no_extinction_control,False,20,0.0019216254932977112,9.423920125852939e-43,0.3843014771215653,1.1509400954181434e-42,0.0019215073856078267,5.754700477090718e-45,0.34923583754790855,9.011042981995663e-28,9.300350849983252e-27,4.650175424991626e-29,1.1113530938257486e-14,6.149270551577532e-13,3.074635275788766e-15,4.13606600526412e-06,0.000769385224368744,3.84692612184372e-06,2.0757110347163462e-28,1.8997814505012975e-27,9.498907252506487e-30,8.204622275805251e-27,9.103514703273632e-26,4.5517573516368165e-28,0.001917489410988151,0.3835320905489608,0.0019176604527448042,3.715447086202318e-16,1.716191228906741e-14,8.580956144533705e-17,8.467058638317729e-20,2.3143919214060086e-18,1.1571959607030042e-20,1.2590686177528379e-27,1.3009383826258077e-26,6.504691913129038e-29,1.6292811088577247e-11,1.3476036854173874e-09,6.738018427086937e-12,9.423920125852939e-43,1.1509400954181434e-42,5.754700477090718e-45,False,2,False,Et|Im,ng_only
514,Bt_plus_all_10_NG,64,3.727593720314938,off,ng_high_bt_low,0.1,1.0,0.001,hard_extinction,True,20,0.0019217787901730174,0.0,0.38432829187282186,0.0,0.0019216414593641094,0.0,0.034255421723750956,0.0,0.0,0.0,0.0,0.0,0.0,4.518224356928898e-06,0.0008351074508652558,4.175537254326279e-06,0.0,0.0,0.0,0.0,0.0,0.0,0.0019172605658160885,0.3834931844219566,0.0019174659221097832,0.0,0.0,0.0,0.0,0.0,0.0,0.0,0.0,0.0,0.0,0.0,0.0,0.0,0.0,0.0,False,2,False,Et|Im,ng_only
515,Bt_plus_all_10_NG,64,3.727593720314938,off,ng_high_bt_low,0.1,1.0,0.001,no_extinction_control,False,20,0.0019217788093662494,7.330080958382754e-46,0.384328293665704,8.952208235567881e-46,0.0019216414683285198,4.476104117783941e-48,0.35221417049796067,4.122232603630553e-27,4.2546015583958646e-26,2.127300779197932e-28,2.5388251551848705e-14,1.4047808243940469e-12,7.023904121970234e-15,4.5182300246129646e-06,0.0008351084200312946,4.175542100156473e-06,4.225204736377839e-28,3.8670973901582754e-27,1.9335486950791377e-29,1.396459724658794e-26,1.549456941025816e-25,7.74728470512908e-28,0.0019172605613070482,0.38349318375472563,0.001917465918773628,9.66941579734696e-16,4.466397489541953e-14,2.2331987447709765e-16,1.1543576142085459e-19,3.1553447486959596e-18,1.57767237434798e-20,3.6542120053497394e-27,3.775735201378184e-26,1.887867600689092e-28,1.800823300973625e-11,1.4894975729974445e-09,7.447487864987222e-12,7.330080958382754e-46,8.952208235567881e-46,4.476104117783941e-48,False,2,False,Et|Im,ng_only
516,Bt_plus_all_10_NG,64,3.727593720314938,on,ng_low_bt_high,0.0001,0.001,1.0,hard_extinction,True,20,0.001919764455054166,0.0,0.3839528910108327,0.0,0.0019197644550541634,0.0,4.440892098500626e-16,0.0,0.0,0.0,0.0,0.0,0.0,0.0,0.0,0.0,0.0,0.0,0.0,0.0,0.0,0.0,0.001919764455054166,0.3839528910108327,0.0019197644550541634,0.0,0.0,0.0,0.0,0.0,0.0,0.0,0.0,0.0,0.0,0.0,0.0,0.0,0.0,0.0,True,1,False,Im,ng_only
517,Bt_plus_all_10_NG,64,3.727593720314938,on,ng_low_bt_high,0.0001,0.001,1.0,no_extinction_control,False,20,0.0019197644697138377,9.430746045293152e-43,0.3839528922233223,1.1517701285649911e-42,0.0019197644611166113,5.758850642824955e-45,0.34787015365090923,5.3924349858178854e-42,1.1380120823261666e-41,5.690060411630833e-44,6.527918159746939e-33,3.4720081167315975e-32,1.7360040583657987e-34,6.060735384719286e-44,1.010131922175048e-43,5.05065961087524e-46,1.7963616231384802e-37,6.6696514553882886e-37,3.334825727694144e-39,6.744405218472994e-37,2.7129740325709692e-36,1.3564870162854847e-38,0.0019197644541161707,0.3839528909332515,0.0019197644546662576,1.2333486157773084e-37,4.882534911427853e-37,2.4412674557139264e-39,2.8048082342635756e-39,8.851443163475925e-39,4.4257215817379627e-41,1.1968797290942411e-34,6.146399550074094e-34,3.073199775037047e-36,1.5597666991163188e-11,1.2900707473248e-09,6.450353736624e-12,9.430746045293152e-43,1.1517701285649911e-42,5.758850642824955e-45,False,1,False,Im,ng_only
518,Bt_plus_all_10_NG,64,3.727593720314938,on,ng_high_bt_low,0.1,1.0,0.001,hard_extinction,True,20,0.001919764455054166,0.0,0.3839528910108327,0.0,0.0019197644550541634,0.0,4.440892098500626e-16,0.0,0.0,0.0,0.0,0.0,0.0,0.0,0.0,0.0,0.0,0.0,0.0,0.0,0.0,0.0,0.001919764455054166,0.3839528910108327,0.0019197644550541634,0.0,0.0,0.0,0.0,0.0,0.0,0.0,0.0,0.0,0.0,0.0,0.0,0.0,0.0,0.0,True,1,False,Im,ng_only
519,Bt_plus_all_10_NG,64,3.727593720314938,on,ng_high_bt_low,0.1,1.0,0.001,no_extinction_control,False,20,0.001919764470802312,7.332377989256547e-46,0.3839528923133494,8.954979700248331e-46,0.001919764461566747,4.4774898501241654e-48,0.35010563588510024,1.2905816520112698e-39,2.7236258148312688e-39,1.3618129074156343e-41,1.8518756897788726e-32,9.849583387585688e-32,4.924791693792844e-34,1.785764782437594e-41,2.9763022104284456e-41,1.4881511052142228e-43,3.2794219745679516e-35,1.217605701645706e-34,6.08802850822853e-37,1.385747855189555e-34,5.574246838732163e-34,2.7871234193660816e-36,0.001919764454046529,0.3839528909274918,0.001919764454637459,5.614059578960688e-35,2.2224731546672223e-34,1.1112365773336112e-36,1.7652633784391187e-36,5.5708366340138834e-36,2.785418317006942e-38,1.0065792126202307e-32,5.169139277065553e-32,2.5845696385327763e-34,1.675578311988433e-11,1.385857613121629e-09,6.929288065608145e-12,7.332377989256547e-46,8.954979700248331e-46,4.4774898501241654e-48,False,1,False,Im,ng_only
520,Bt_plus_all_10_NG,65,4.094915062380423,off,ng_low_bt_high,0.0001,0.001,1.0,hard_extinction,True,20,0.0019216281912409604,0.0,0.3843021306967318,0.0,0.0019215106534836589,0.0,0.03127795327251803,0.0,0.0,0.0,0.0,0.0,0.0,4.140967536004869e-06,0.0007706441044410457,3.853220522205228e-06,0.0,0.0,0.0,0.0,0.0,0.0,0.0019174872237049557,0.38353148659229075,0.0019176574329614537,0.0,0.0,0.0,0.0,0.0,0.0,0.0,0.0,0.0,0.0,0.0,0.0,0.0,0.0,0.0,False,2,False,Et|Im,ng_only
521,Bt_plus_all_10_NG,65,4.094915062380423,off,ng_low_bt_high,0.0001,0.001,1.0,no_extinction_control,False,20,0.0019216282077436063,6.700137744483453e-43,0.3843021322039609,8.040916959171659e-43,0.0019215106610198046,4.020458479585829e-45,0.3482946604791781,7.876127715892612e-28,8.133464334684548e-27,4.066732167342274e-29,1.0491438187230792e-14,5.809840029200124e-13,2.904920014600062e-15,4.140971292451454e-06,0.0007706447546928075,3.853223773464037e-06,1.821666526676429e-28,1.667564130399959e-27,8.337820651999794e-30,7.192165062352022e-27,7.981519989471425e-26,3.9907599947357123e-28,0.0019174872205107018,0.38353148613028376,0.0019176574306514187,3.336765837099877e-16,1.5422408907272787e-14,7.711204453636394e-17,7.932766631731782e-20,2.1695285376765044e-18,1.0847642688382522e-20,1.1079313042625684e-27,1.1449317540939455e-26,5.724658770469728e-29,1.5929627769280142e-11,1.3183879362836475e-09,6.5919396814182374e-12,6.700137744483453e-43,8.040916959171659e-43,4.020458479585829e-45,False,2,False,Et|Im,ng_only
522,Bt_plus_all_10_NG,65,4.094915062380423,off,ng_high_bt_low,0.1,1.0,0.001,hard_extinction,True,20,0.0019217855757238857,0.0,0.3843296614470841,0.0,0.0019216483072354205,0.0,0.034136718789023135,0.0,0.0,0.0,0.0,0.0,0.0,4.53334811376493e-06,0.0008381318383939014,4.1906591919695065e-06,0.0,0.0,0.0,0.0,0.0,0.0,0.0019172522276101208,0.3834915296086902,0.001917457648043451,0.0,0.0,0.0,0.0,0.0,0.0,0.0,0.0,0.0,0.0,0.0,0.0,0.0,0.0,0.0,False,2,False,Et|Im,ng_only
523,Bt_plus_all_10_NG,65,4.094915062380423,off,ng_high_bt_low,0.1,1.0,0.001,no_extinction_control,False,20,0.0019217855950981531,5.3260805480536175e-46,0.38432966325650747,6.3918980371508076e-46,0.001921648316282537,3.195949018575404e-48,0.3522620469803659,4.162593455650379e-27,4.2986194571523646e-26,2.149309728576182e-28,2.573458589883051e-14,1.425117535953959e-12,7.125587679769794e-15,4.533353803401741e-06,0.0008381328112664859,4.1906640563324295e-06,4.238535292036688e-28,3.879985379484019e-27,1.9399926897420094e-29,1.4007730254780905e-26,1.554512921033025e-25,7.7725646051651254e-28,0.001917252223076849,0.38349152893819943,0.0019174576446909972,9.771585487718857e-16,4.51641794080003e-14,2.258208970400015e-16,1.165230676311477e-19,3.1867996565129346e-18,1.5933998282564673e-20,3.662792453455034e-27,3.78511911372814e-26,1.8925595568640699e-28,1.8191190520518405e-11,1.5055712456275179e-09,7.52785622813759e-12,5.3260805480536175e-46,6.3918980371508076e-46,3.195949018575404e-48,False,2,False,Et|Im,ng_only
524,Bt_plus_all_10_NG,65,4.094915062380423,on,ng_low_bt_high,0.0001,0.001,1.0,hard_extinction,True,20,0.0019197644550541652,0.0,0.3839528910108327,0.0,0.0019197644550541634,0.0,4.440892098500626e-16,0.0,0.0,0.0,0.0,0.0,0.0,0.0,0.0,0.0,0.0,0.0,0.0,0.0,0.0,0.0,0.0019197644550541652,0.3839528910108327,0.0019197644550541634,0.0,0.0,0.0,0.0,0.0,0.0,0.0,0.0,0.0,0.0,0.0,0.0,0.0,0.0,0.0,True,1,False,Im,ng_only
525,Bt_plus_all_10_NG,65,4.094915062380423,on,ng_low_bt_high,0.0001,0.001,1.0,no_extinction_control,False,20,0.0019197644693709109,6.704020370170159e-43,0.3839528921957003,8.045553663985132e-43,0.0019197644609785013,4.022776831992566e-45,0.3468658759320018,6.677751726122772e-42,1.409263564064931e-41,7.046317820324654e-44,3.1654913203164798e-34,1.4418075264561203e-33,7.209037632280602e-36,7.681147472141005e-44,1.2802031054030521e-43,6.4010155270152604e-46,2.59033065756138e-37,9.617552734151994e-37,4.808776367075997e-39,1.0141059724634267e-36,4.07929696532408e-36,2.03964848266204e-38,0.001919764454139167,0.383952890935107,0.0019197644546755349,1.2816600176459463e-37,5.074050617265367e-37,2.5370253086326836e-39,3.455173439082039e-39,1.0903872489897399e-38,5.451936244948699e-41,1.7025985824606353e-34,8.743444240266827e-34,4.3717221201334134e-36,1.5231743749805007e-11,1.2605932781034488e-09,6.3029663905172436e-12,6.704020370170159e-43,8.045553663985132e-43,4.022776831992566e-45,False,1,False,Im,ng_only
526,Bt_plus_all_10_NG,65,4.094915062380423,on,ng_high_bt_low,0.1,1.0,0.001,hard_extinction,True,20,0.0019197644550541652,0.0,0.3839528910108327,0.0,0.0019197644550541634,0.0,4.440892098500626e-16,0.0,0.0,0.0,0.0,0.0,0.0,0.0,0.0,0.0,0.0,0.0,0.0,0.0,0.0,0.0,0.0019197644550541652,0.3839528910108327,0.0019197644550541634,0.0,0.0,0.0,0.0,0.0,0.0,0.0,0.0,0.0,0.0,0.0,0.0,0.0,0.0,0.0,True,1,False,Im,ng_only
527,Bt_plus_all_10_NG,65,4.094915062380423,on,ng_high_bt_low,0.1,1.0,0.001,no_extinction_control,False,20,0.0019197644709619828,5.3275793202780614e-46,0.38395289232737884,6.393674683806383e-46,0.0019197644616368943,3.1968373419031914e-48,0.3501705380100333,1.2973565436819282e-39,2.7379234532783486e-39,1.3689617266391742e-41,1.159527773617154e-33,5.281378787666183e-33,2.640689393833092e-35,1.7857957843088897e-41,2.976353880692629e-41,1.4881769403463144e-43,3.279356223645654e-35,1.2175812892039734e-34,6.087906446019867e-37,1.385720278525154e-34,5.574135919192172e-34,2.787067959596086e-36,0.00191976445403748,0.38395289092669127,0.0019197644546334563,7.870405639801949e-35,3.1158681744720153e-34,1.5579340872360076e-36,1.7652602032831884e-36,5.570826619112928e-36,2.7854133095564637e-38,1.0077789803263688e-32,5.175300512784593e-32,2.5876502563922964e-34,1.6924502866503773e-11,1.4006875869119247e-09,7.003437934559624e-12,5.3275793202780614e-46,6.393674683806383e-46,3.1968373419031914e-48,False,1,False,Im,ng_only
528,Bt_plus_all_10_NG,66,4.498432668969444,off,ng_low_bt_high,0.0001,0.001,1.0,hard_extinction,True,20,0.0019216326457380634,0.0,0.38430311065465883,0.0,0.0019215155532732943,0.0,0.03108850142287345,0.0,0.0,0.0,0.0,0.0,0.0,4.150327676869129e-06,0.0007727230601815221,3.863615300907611e-06,0.0,0.0,0.0,0.0,0.0,0.0,0.0019174823180611942,0.38353038759447733,0.0019176519379723866,0.0,0.0,0.0,0.0,0.0,0.0,0.0,0.0,0.0,0.0,0.0,0.0,0.0,0.0,0.0,False,2,False,Et|Im,ng_only
529,Bt_plus_all_10_NG,66,4.498432668969444,off,ng_low_bt_high,0.0001,0.001,1.0,no_extinction_control,False,20,0.001921632661863355,4.911092450910259e-43,0.3843031121238488,5.8007715543735e-43,0.0019215155606192437,2.90038577718675e-45,0.34738038618446687,6.886820315042669e-28,7.116543822203618e-27,3.558271911101809e-29,9.988358754948639e-15,5.536658147690419e-13,2.7683290738452093e-15,4.150331227658208e-06,0.0007727236749615647,3.8636183748078235e-06,1.6164123583775675e-28,1.4799900079488933e-27,7.399950039744467e-30,6.375796557291838e-27,7.077039129932267e-26,3.5385195649661335e-28,0.0019174823150088472,0.38353038715486953,0.0019176519357743476,3.031383482943583e-16,1.4021504815956187e-14,7.010752407978093e-17,7.442332186745471e-20,2.0367357693447633e-18,1.0183678846723816e-20,9.856229146928851e-28,1.0187072459753521e-26,5.09353622987676e-29,1.5616558262282377e-11,1.2934499894200214e-09,6.467249947100107e-12,4.911092450910259e-43,5.8007715543735e-43,2.90038577718675e-45,False,2,False,Et|Im,ng_only
530,Bt_plus_all_10_NG,66,4.498432668969444,off,ng_high_bt_low,0.1,1.0,0.001,hard_extinction,True,20,0.0019217932436738435,0.0,0.38433120517215985,0.0,0.0019216560258607993,0.0,0.03400884825688166,0.0,0.0,0.0,0.0,0.0,0.0,4.550880509344152e-06,0.0008416210170487272,4.208105085243636e-06,0.0,0.0,0.0,0.0,0.0,0.0,0.0019172423631644993,0.38348958415511114,0.0019174479207755557,0.0,0.0,0.0,0.0,0.0,0.0,0.0,0.0,0.0,0.0,0.0,0.0,0.0,0.0,0.0,False,2,False,Et|Im,ng_only
531,Bt_plus_all_10_NG,66,4.498432668969444,off,ng_high_bt_low,0.1,1.0,0.001,no_extinction_control,False,20,0.0019217932632699703,3.982996402035168e-46,0.3843312070018915,4.704546991163127e-46,0.0019216560350094577,2.3522734955815635e-48,0.35231814412970586,4.211877929685154e-27,4.3523958152400537e-26,2.1761979076200267e-28,2.6155745942549445e-14,1.4498568672383707e-12,7.249284336191853e-15,4.55088622708243e-06,0.0008416219946683557,4.208109973341779e-06,4.254732245430782e-28,3.895646020202799e-27,1.9478230101013995e-29,1.406015100392297e-26,1.560658026585657e-25,7.803290132928285e-28,0.0019172423586002701,0.38348958348044665,0.0019174479174022332,9.896835735572108e-16,4.577757332759132e-14,2.288878666379566e-16,1.1785394394776385e-19,3.225313758498681e-18,1.6126568792493405e-20,3.673241833529617e-27,3.796545491422574e-26,1.8982727457112872e-28,1.8415471956618764e-11,1.525280856607439e-09,7.626404283037194e-12,3.982996402035168e-46,4.704546991163127e-46,2.3522734955815635e-48,False,2,False,Et|Im,ng_only
532,Bt_plus_all_10_NG,66,4.498432668969444,on,ng_low_bt_high,0.0001,0.001,1.0,hard_extinction,True,20,0.0019197644550541626,0.0,0.3839528910108327,0.0,0.0019197644550541634,0.0,4.440892098500626e-16,0.0,0.0,0.0,0.0,0.0,0.0,0.0,0.0,0.0,0.0,0.0,0.0,0.0,0.0,0.0,0.0019197644550541626,0.3839528910108327,0.0019197644550541634,0.0,0.0,0.0,0.0,0.0,0.0,0.0,0.0,0.0,0.0,0.0,0.0,0.0,0.0,0.0,True,1,False,Im,ng_only
533,Bt_plus_all_10_NG,66,4.498432668969444,on,ng_low_bt_high,0.0001,0.001,1.0,no_extinction_control,False,20,0.0019197644690744484,4.913384892033109e-43,0.3839528921720381,5.803464307470363e-43,0.0019197644608601905,2.9017321537351813e-45,0.34589239648395775,8.394511763985012e-42,1.7715662474871946e-41,8.857831237435973e-44,2.049302867653778e-35,8.126608884508592e-35,4.063304442254296e-37,1.001546520461908e-43,1.6692596651103904e-43,8.346298325551953e-46,3.7941372422867015e-37,1.408712625231234e-36,7.04356312615617e-39,1.558161818501945e-36,6.267791497426665e-36,3.133895748713333e-38,0.001919764454159012,0.3839528909366936,0.001919764454683468,1.363616590473659e-37,5.398890218267727e-37,2.6994451091338635e-39,4.817161074590651e-39,1.5202047339716043e-38,7.601023669858022e-41,2.4292224280913665e-34,1.2474913992682346e-33,6.237456996341173e-36,1.4915436368232805e-11,1.2353445008475871e-09,6.176722504237936e-12,4.913384892033109e-43,5.803464307470363e-43,2.9017321537351813e-45,False,1,False,Im,ng_only
534,Bt_plus_all_10_NG,66,4.498432668969444,on,ng_high_bt_low,0.1,1.0,0.001,hard_extinction,True,20,0.0019197644550541626,0.0,0.3839528910108327,0.0,0.0019197644550541634,0.0,4.440892098500626e-16,0.0,0.0,0.0,0.0,0.0,0.0,0.0,0.0,0.0,0.0,0.0,0.0,0.0,0.0,0.0,0.0019197644550541626,0.3839528910108327,0.0019197644550541634,0.0,0.0,0.0,0.0,0.0,0.0,0.0,0.0,0.0,0.0,0.0,0.0,0.0,0.0,0.0,True,1,False,Im,ng_only
535,Bt_plus_all_10_NG,66,4.498432668969444,on,ng_high_bt_low,0.1,1.0,0.001,no_extinction_control,False,20,0.001919764471157751,3.984002038550715e-46,0.38395289234458363,4.705720015775041e-46,0.0019197644617229182,2.3528600078875203e-48,0.3502478898394301,1.3064084296777699e-39,2.7570264293145992e-39,1.3785132146572997e-41,9.865764521398511e-35,3.912316274922885e-34,1.9561581374614423e-36,1.7858337680468592e-41,2.9764171875090577e-41,1.4882085937545289e-43,3.279275308895977e-35,1.2175512466350938e-34,6.087756233175469e-37,1.3856863959308378e-34,5.573999636870365e-34,2.7869998184351824e-36,0.001919764454026002,0.38395289092567697,0.0019197644546283849,1.0187254689139948e-34,4.033382262758002e-34,2.016691131379001e-36,1.7652573989214175e-36,5.5708177762081205e-36,2.78540888810406e-38,1.0093067123796685e-32,5.183145963026329e-32,2.5915729815131647e-34,1.7131749242075878e-11,1.4189066613141357e-09,7.094533306570678e-12,3.984002038550715e-46,4.705720015775041e-46,2.3528600078875203e-48,False,1,False,Im,ng_only
536,Bt_plus_all_10_NG,67,4.941713361323833,off,ng_low_bt_high,0.0001,0.001,1.0,hard_extinction,True,20,0.0019216389355306662,0.0,0.3843044401618444,0.0,0.001921522200809222,0.0,0.030896682863876812,0.0,0.0,0.0,0.0,0.0,0.0,4.1643678013560154e-06,0.0007756796270250843,3.8783981351254216e-06,0.0,0.0,0.0,0.0,0.0,0.0,0.0019174745677293101,0.3835287605348193,0.0019176438026740966,0.0,0.0,0.0,0.0,0.0,0.0,0.0,0.0,0.0,0.0,0.0,0.0,0.0,0.0,0.0,False,2,False,Et|Im,ng_only
537,Bt_plus_all_10_NG,67,4.941713361323833,off,ng_low_bt_high,0.0001,0.001,1.0,no_extinction_control,False,20,0.0019216389513442714,3.7015167736373974e-43,0.3843044415997012,4.30921025793246e-43,0.001921522207998506,2.15460512896623e-45,0.346502526161208,6.04198209540306e-28,6.248584339937597e-27,3.1242921699687983e-29,9.595433930040924e-15,5.325141063373758e-13,2.662570531686879e-15,4.1643711770780476e-06,0.0007756802115789471,3.878401057894735e-06,1.4481867748948875e-28,1.3263099818192487e-27,6.631549909096244e-30,5.7076899765780524e-27,6.337080104433878e-26,3.1685400522169393e-28,0.0019174745647967055,0.38352876011415515,0.0019176438005707758,2.786151551923768e-16,1.2899072454312887e-14,6.449536227156444e-17,6.993722018679006e-20,1.9155023041899486e-18,9.577511520949743e-21,8.8502471360554e-28,9.149175808625884e-27,4.5745879043129417e-29,1.5360613765213266e-11,1.2734216997433232e-09,6.367108498716616e-12,3.7015167736373974e-43,4.30921025793246e-43,2.15460512896623e-45,False,2,False,Et|Im,ng_only
538,Bt_plus_all_10_NG,67,4.941713361323833,off,ng_high_bt_low,0.1,1.0,0.001,hard_extinction,True,20,0.0019218021169942348,0.0,0.38433298757776085,0.0,0.0019216649378888044,0.0,0.03386744837928912,0.0,0.0,0.0,0.0,0.0,0.0,4.571627379709533e-06,0.0008457331709948642,4.228665854974321e-06,0.0,0.0,0.0,0.0,0.0,0.0,0.0019172304896145254,0.383487254406766,0.0019174362720338302,0.0,0.0,0.0,0.0,0.0,0.0,0.0,0.0,0.0,0.0,0.0,0.0,0.0,0.0,0.0,False,2,False,Et|Im,ng_only
539,Bt_plus_all_10_NG,67,4.941713361323833,off,ng_high_bt_low,0.1,1.0,0.001,no_extinction_control,False,20,0.0019218021368666678,3.057803613147779e-46,0.3843329894328216,3.559817869096469e-46,0.0019216649471641082,1.7799089345482344e-48,0.3523831164262212,4.273073312678247e-27,4.419211803556901e-26,2.2096059017784506e-28,2.667789562856913e-14,1.4805483205259746e-12,7.402741602629873e-15,4.5716331334402015e-06,0.0008457341546961854,4.228670773480927e-06,4.274682224390887e-28,3.914938454640026e-27,1.957469227320013e-29,1.4124728420661992e-26,1.5682292780790872e-25,7.841146390395437e-28,0.0019172304850106235,0.3834872537267472,0.001917436268633736,1.0052928522323207e-15,4.654242913537451e-14,2.3271214567687253e-16,1.1950934500444181e-19,3.2732443395078657e-18,1.6366221697539328e-20,3.6861285648322966e-27,3.8106366885344486e-26,1.9053183442672243e-28,1.8694920708089764e-11,1.5498511848359827e-09,7.749255924179914e-12,3.057803613147779e-46,3.559817869096469e-46,1.7799089345482344e-48,False,2,False,Et|Im,ng_only
540,Bt_plus_all_10_NG,67,4.941713361323833,on,ng_low_bt_high,0.0001,0.001,1.0,hard_extinction,True,20,0.0019197644550541634,0.0,0.3839528910108326,0.0,0.0019197644550541628,0.0,4.440892098500626e-16,0.0,0.0,0.0,0.0,0.0,0.0,0.0,0.0,0.0,0.0,0.0,0.0,0.0,0.0,0.0,0.0019197644550541634,0.3839528910108326,0.0019197644550541628,0.0,0.0,0.0,0.0,0.0,0.0,0.0,0.0,0.0,0.0,0.0,0.0,0.0,0.0,0.0,True,1,False,Im,ng_only
541,Bt_plus_all_10_NG,67,4.941713361323833,on,ng_low_bt_high,0.0001,0.001,1.0,no_extinction_control,False,20,0.0019197644688304445,3.7029210015250034e-43,0.38395289215287876,4.31083491331207e-43,0.0019197644607643937,2.1554174566560348e-45,0.34496028875787665,1.0875180866377495e-41,2.2950832519945178e-41,1.147541625997259e-43,2.0114992458113628e-36,7.117644343391515e-36,3.5588221716957576e-38,1.354868986250605e-43,2.258135896886829e-43,1.1290679484434145e-45,5.720144834660641e-37,2.123813592436401e-36,1.0619067962182004e-38,2.462965548908942e-36,9.907414229163291e-36,4.953707114581645e-38,0.0019197644541753493,0.3839528909379798,0.001919764454689899,1.507977138352324e-37,5.970925504251125e-37,2.9854627521255625e-39,7.545437593292874e-39,2.381197097519795e-38,1.1905985487598976e-40,3.5416649016981453e-34,1.8187698507870147e-33,9.093849253935073e-36,1.4655095199317195e-11,1.2148989354548645e-09,6.074494677274322e-12,3.7029210015250034e-43,4.31083491331207e-43,2.1554174566560348e-45,False,1,False,Im,ng_only
542,Bt_plus_all_10_NG,67,4.941713361323833,on,ng_high_bt_low,0.1,1.0,0.001,hard_extinction,True,20,0.0019197644550541634,0.0,0.3839528910108326,0.0,0.0019197644550541628,0.0,4.440892098500626e-16,0.0,0.0,0.0,0.0,0.0,0.0,0.0,0.0,0.0,0.0,0.0,0.0,0.0,0.0,0.0,0.0019197644550541634,0.3839528910108326,0.0019197644550541628,0.0,0.0,0.0,0.0,0.0,0.0,0.0,0.0,0.0,0.0,0.0,0.0,0.0,0.0,0.0,True,1,False,Im,ng_only
543,Bt_plus_all_10_NG,67,4.941713361323833,on,ng_high_bt_low,0.1,1.0,0.001,no_extinction_control,False,20,0.0019197644714016727,3.058495386228779e-46,0.3839528923660312,3.5606130100391885e-46,0.001919764461830156,1.7803065050195943e-48,0.3503394169137781,1.3169775178766281e-39,2.779331288067839e-39,1.3896656440339194e-41,1.292617265404983e-35,4.5738968019093413e-35,2.2869484009546705e-37,1.785876425117884e-41,2.9764882832860845e-41,1.4882441416430422e-43,3.279184002454953e-35,1.2175173457696202e-34,6.087586728848101e-37,1.3856482391787226e-34,5.5738461658693385e-34,2.786923082934669e-36,0.0019197644540113299,0.38395289092438184,0.0019197644546219091,1.020165145725512e-34,4.039404797486626e-34,2.0197023987433132e-36,1.7652549230600778e-36,5.570809972518489e-36,2.7854049862592446e-38,1.0110543695432037e-32,5.192120808937113e-32,2.596060404468557e-34,1.7390342829411707e-11,1.441649369079859e-09,7.2082468453992944e-12,3.058495386228779e-46,3.5606130100391885e-46,1.7803065050195943e-48,False,1,False,Im,ng_only
544,Bt_plus_all_10_NG,68,5.428675439323859,off,ng_low_bt_high,0.0001,0.001,1.0,hard_extinction,True,20,0.0019216472856850467,0.0,0.3843061684966007,0.0,0.0019215308424830036,0.0,0.030694030336599454,0.0,0.0,0.0,0.0,0.0,0.0,4.1836389412035655e-06,0.0007796328940671938,3.898164470335969e-06,0.0,0.0,0.0,0.0,0.0,0.0,0.001917463646743843,0.3835265356025335,0.0019176326780126676,0.0,0.0,0.0,0.0,0.0,0.0,0.0,0.0,0.0,0.0,0.0,0.0,0.0,0.0,0.0,False,2,False,Et|Im,ng_only
545,Bt_plus_all_10_NG,68,5.428675439323859,off,ng_low_bt_high,0.0001,0.001,1.0,no_extinction_control,False,20,0.001921647301260062,2.861826437543497e-43,0.3843061699104019,3.2880696229565963e-43,0.0019215308495520098,1.644034811478298e-45,0.34567184354785674,5.3333232028436755e-28,5.521225817393794e-27,2.760612908696897e-29,9.307572016815748e-15,5.172869333902551e-13,2.5864346669512755e-15,4.183642169358528e-06,0.0007796334531184096,3.8981672655920485e-06,1.308729073899439e-28,1.1989776198785319e-27,5.994888099392659e-30,5.15442451711072e-27,5.724626961543772e-26,2.862313480771886e-28,0.0019174636439101206,0.38352653519761926,0.0019176326759880963,2.591135975140596e-16,1.2009879564124915e-14,6.004939782062457e-17,6.584781969564102e-20,1.8052911541727787e-18,9.026455770863893e-21,8.012113183427138e-28,8.284808773654035e-27,4.1424043868270175e-29,1.5171016176408615e-11,1.2591349621864792e-09,6.295674810932396e-12,2.861826437543497e-43,3.2880696229565963e-43,1.644034811478298e-45,False,2,False,Et|Im,ng_only
546,Bt_plus_all_10_NG,68,5.428675439323859,off,ng_high_bt_low,0.1,1.0,0.001,hard_extinction,True,20,0.0019218125948125084,0.0,0.38433508841066444,0.0,0.0019216754420533222,0.0,0.033707299138022506,0.0,0.0,0.0,0.0,0.0,0.0,4.596593092985439e-06,0.0008506653615795767,4.253326807897884e-06,0.0,0.0,0.0,0.0,0.0,0.0,0.001917216001719523,0.38348442304908487,0.0019174221152454243,0.0,0.0,0.0,0.0,0.0,0.0,0.0,0.0,0.0,0.0,0.0,0.0,0.0,0.0,0.0,False,2,False,Et|Im,ng_only
547,Bt_plus_all_10_NG,68,5.428675439323859,off,ng_high_bt_low,0.1,1.0,0.001,no_extinction_control,False,20,0.0019218126150337322,2.4043721152918095e-46,0.3843350902977371,2.762482941646478e-46,0.0019216754514886855,1.381241470823239e-48,0.35245664369707796,4.350135157397135e-27,4.503422178308142e-26,2.251711089154071e-28,2.7335937726350595e-14,1.5192654668745324e-12,7.596327334372661e-15,4.596598892838029e-06,0.0008506663530749217,4.253331765374608e-06,4.299525208259478e-28,3.9389682306399894e-27,1.9694841153199948e-29,1.4205150263553452e-26,1.577660234675125e-25,7.888301173375625e-28,0.0019172159970646321,0.3834844223621842,0.001917422111810921,1.0250178360979534e-15,4.750973592156352e-14,2.375486796078176e-16,1.2159638089510514e-19,3.333717418274456e-18,1.666858709137228e-20,3.7021809343687946e-27,3.8281905899333583e-26,1.914095294966679e-28,1.9047900832731658e-11,1.5809111680804899e-09,7.904555840402449e-12,2.4043721152918095e-46,2.762482941646478e-46,1.381241470823239e-48,False,2,False,Et|Im,ng_only
548,Bt_plus_all_10_NG,68,5.428675439323859,on,ng_low_bt_high,0.0001,0.001,1.0,hard_extinction,True,20,0.001919764455054164,0.0,0.38395289101083263,0.0,0.0019197644550541632,0.0,0.0,0.0,0.0,0.0,0.0,0.0,0.0,0.0,0.0,0.0,0.0,0.0,0.0,0.0,0.0,0.0,0.001919764455054164,0.38395289101083263,0.0019197644550541632,0.0,0.0,0.0,0.0,0.0,0.0,0.0,0.0,0.0,0.0,0.0,0.0,0.0,0.0,0.0,True,1,False,Im,ng_only
549,Bt_plus_all_10_NG,68,5.428675439323859,on,ng_low_bt_high,0.0001,0.001,1.0,no_extinction_control,False,20,0.0019197644686469002,2.8627172150475433e-43,0.3839528921389445,3.289086057409331e-43,0.0019197644606947224,1.6445430287046654e-45,0.34408173470129455,1.422269481276024e-41,3.001538003281826e-41,1.5007690016409132e-43,3.2404068689819915e-37,1.0522906350793821e-36,5.2614531753969107e-39,1.364240932632787e-43,2.2737559522309785e-43,1.1368779761154892e-45,8.622000339347549e-37,3.201233892495299e-36,1.6006169462476496e-38,3.882749406799877e-36,1.561857285947462e-35,7.80928642973731e-38,0.001919764454187691,0.3839528909389203,0.0019197644546946017,1.7510450748293207e-37,6.93336750967968e-37,3.46668375483984e-39,1.218148115504372e-38,3.844244588743903e-38,1.9221222943719518e-40,5.144216543671096e-34,2.6417366523547494e-33,1.3208683261773746e-35,1.4459209153152678e-11,1.2000241716457827e-09,6.000120858228914e-12,2.8627172150475433e-43,3.289086057409331e-43,1.6445430287046654e-45,False,1,False,Im,ng_only
550,Bt_plus_all_10_NG,68,5.428675439323859,on,ng_high_bt_low,0.1,1.0,0.001,hard_extinction,True,20,0.001919764455054164,0.0,0.38395289101083263,0.0,0.0019197644550541632,0.0,0.0,0.0,0.0,0.0,0.0,0.0,0.0,0.0,0.0,0.0,0.0,0.0,0.0,0.0,0.0,0.0,0.001919764455054164,0.38395289101083263,0.0019197644550541632,0.0,0.0,0.0,0.0,0.0,0.0,0.0,0.0,0.0,0.0,0.0,0.0,0.0,0.0,0.0,True,1,False,Im,ng_only
551,Bt_plus_all_10_NG,68,5.428675439323859,on,ng_high_bt_low,0.1,1.0,0.001,no_extinction_control,False,20,0.001919764471709701,2.404858583371437e-46,0.3839528923931386,2.7630346424170696e-46,0.0019197644619656931,1.3815173212085348e-48,0.3504460407243304,1.3320886141129305e-39,2.8112215382782403e-39,1.40561076913912e-41,2.8140712549600594e-36,9.138422882739927e-36,4.569211441369964e-38,1.7862767026039985e-41,2.977155418610082e-41,1.4885777093050411e-43,3.279035729464562e-35,1.2174622939830877e-34,6.087311469915438e-37,1.3855769807959528e-34,5.573559547539436e-34,2.7867797737697182e-36,0.0019197644539924496,0.3839528909227173,0.0019197644546135864,1.0202264618764859e-34,4.039647582446934e-34,2.019823791223467e-36,1.7652527412919314e-36,5.570803100300409e-36,2.7854015501502047e-38,1.0144714932130934e-32,5.209668957785986e-32,2.6048344788929927e-34,1.7717251428738362e-11,1.4704213386121958e-09,7.35210669306098e-12,2.404858583371437e-46,2.7630346424170696e-46,1.3815173212085348e-48,False,1,False,Im,ng_only
552,Bt_plus_all_10_NG,69,5.963623316594643,off,ng_low_bt_high,0.0001,0.001,1.0,hard_extinction,True,20,0.001921658053881824,0.0,0.3843083704552795,0.0,0.0019215418522763976,0.0,0.03047184804842651,0.0,0.0,0.0,0.0,0.0,0.0,4.209027993653244e-06,0.0007847655940438052,3.923827970219026e-06,0.0,0.0,0.0,0.0,0.0,0.0,0.0019174490258881708,0.3835236048612357,0.0019176180243061787,0.0,0.0,0.0,0.0,0.0,0.0,0.0,0.0,0.0,0.0,0.0,0.0,0.0,0.0,0.0,False,2,False,Et|Im,ng_only
553,Bt_plus_all_10_NG,69,5.963623316594643,off,ng_low_bt_high,0.0001,0.001,1.0,no_extinction_control,False,20,0.0019216580693022236,2.264699536447881e-43,0.3843083718532024,2.571031880243819e-43,0.0019215418592660118,1.2855159401219095e-45,0.34490080471480944,4.749057114948487e-28,4.922529307529712e-27,2.461264653764856e-29,9.124620179388997e-15,5.080284869939539e-13,2.5401424349697695e-15,4.209031099419063e-06,0.0007847661319216893,3.923830659608447e-06,1.192153938224068e-28,1.092620377640966e-27,5.46310188820483e-30,4.692269958491835e-27,5.213414897810978e-26,2.606707448905489e-28,0.0019174490231330702,0.38352360446903544,0.0019176180223451772,2.4393176416347516e-16,1.1322278655784592e-14,5.661139327892296e-17,6.214394918328164e-20,1.7058594144662309e-18,8.529297072331154e-21,7.307034242431072e-28,7.55809290679026e-27,3.7790464533951305e-29,1.5060365742236355e-11,1.2517258903294347e-09,6.2586294516471735e-12,2.264699536447881e-43,2.571031880243819e-43,1.2855159401219095e-45,False,2,False,Et|Im,ng_only
554,Bt_plus_all_10_NG,69,5.963623316594643,off,ng_high_bt_low,0.1,1.0,0.001,hard_extinction,True,20,0.0019218251664400601,0.0,0.3843376054655322,0.0,0.0019216880273276607,0.0,0.03352221691751467,0.0,0.0,0.0,0.0,0.0,0.0,4.627019102873287e-06,0.0008566611339095662,4.283305669547831e-06,0.0,0.0,0.0,0.0,0.0,0.0,0.0019171981473371869,0.3834809443316226,0.001917404721658113,0.0,0.0,0.0,0.0,0.0,0.0,0.0,0.0,0.0,0.0,0.0,0.0,0.0,0.0,0.0,False,2,False,Et|Im,ng_only
555,Bt_plus_all_10_NG,69,5.963623316594643,off,ng_high_bt_low,0.1,1.0,0.001,no_extinction_control,False,20,0.0019218251871065996,1.932292737376888e-46,0.3843376073935172,2.1936633773214486e-46,0.001921688036967586,1.0968316886607243e-48,0.3525364836995699,4.4483364569799044e-27,4.6108488118275336e-26,2.305424405913767e-28,2.8176816152953893e-14,1.5688081510223637e-12,7.844040755111818e-15,4.627024961842436e-06,0.0008566621353941814,4.283310676970908e-06,4.33072693752728e-28,3.969158306679026e-27,1.984579153339513e-29,1.4306156457376045e-26,1.5895087278261475e-25,7.947543639130738e-28,0.001917198142616592,0.38348094363586216,0.0019174047181793109,1.0502390679661932e-15,4.8747958763035646e-14,2.4373979381517823e-16,1.2425767196073515e-19,3.4109072634830003e-18,1.7054536317415003e-20,3.722331071326821e-27,3.850229226123826e-26,1.925114613061913e-28,1.9498937791240653e-11,1.620643309155771e-09,8.103216545778854e-12,1.932292737376888e-46,2.1936633773214486e-46,1.0968316886607243e-48,False,2,False,Et|Im,ng_only
556,Bt_plus_all_10_NG,69,5.963623316594643,on,ng_low_bt_high,0.0001,0.001,1.0,hard_extinction,True,20,0.0019197644550541647,0.0,0.3839528910108326,0.0,0.0019197644550541628,0.0,4.440892098500626e-16,0.0,0.0,0.0,0.0,0.0,0.0,0.0,0.0,0.0,0.0,0.0,0.0,0.0,0.0,0.0,0.0019197644550541647,0.3839528910108326,0.0019197644550541628,0.0,0.0,0.0,0.0,0.0,0.0,0.0,0.0,0.0,0.0,0.0,0.0,0.0,0.0,0.0,True,1,False,Im,ng_only
557,Bt_plus_all_10_NG,69,5.963623316594643,on,ng_low_bt_high,0.0001,0.001,1.0,no_extinction_control,False,20,0.0019197644685347776,2.26528337862699e-43,0.38395289213122824,2.5716897008789933e-43,0.0019197644606561413,1.2858448504394966e-45,0.34327091987092295,1.8871903844664817e-41,3.9827006998154566e-41,1.9913503499077283e-43,8.665626362823247e-38,2.6607980452110238e-37,1.3303990226055118e-39,1.2083548165417873e-43,2.0139433517923956e-43,1.0069716758961979e-45,1.3047591503603997e-36,4.8443969488328256e-36,2.4221984744164127e-38,6.133522206683031e-36,2.467243025596342e-35,1.233621512798171e-37,0.0019197644541953354,0.3839528909394545,0.0019197644546972725,2.195951793888388e-37,8.695002224344577e-37,4.347501112172288e-39,1.9871199102833107e-38,6.270973855200716e-38,3.1354869276003578e-40,7.504099211390936e-34,3.85361965752052e-33,1.92680982876026e-35,1.4339442125310627e-11,1.1917737497052636e-09,5.958868748526318e-12,2.26528337862699e-43,2.5716897008789933e-43,1.2858448504394966e-45,False,1,False,Im,ng_only
558,Bt_plus_all_10_NG,69,5.963623316594643,on,ng_high_bt_low,0.1,1.0,0.001,hard_extinction,True,20,0.0019197644550541647,0.0,0.3839528910108326,0.0,0.0019197644550541628,0.0,4.440892098500626e-16,0.0,0.0,0.0,0.0,0.0,0.0,0.0,0.0,0.0,0.0,0.0,0.0,0.0,0.0,0.0,0.0019197644550541647,0.3839528910108326,0.0019197644550541628,0.0,0.0,0.0,0.0,0.0,0.0,0.0,0.0,0.0,0.0,0.0,0.0,0.0,0.0,0.0,True,1,False,Im,ng_only
559,Bt_plus_all_10_NG,69,5.963623316594643,on,ng_high_bt_low,0.1,1.0,0.001,no_extinction_control,False,20,0.001919764472103225,1.932641494517519e-46,0.3839528924278078,2.1940540745778447e-46,0.0019197644621390389,1.0970270372889224e-48,0.3505671559488057,1.3425153487998754e-39,2.8332259761326732e-39,1.4166129880663367e-41,1.0292260792592168e-36,3.160259426318768e-36,1.5801297131593843e-38,1.786457805145461e-41,2.9774572589754847e-41,1.4887286294877424e-43,3.2788736390709005e-35,1.2174021119787448e-34,6.087010559893724e-37,1.3855065218598826e-34,5.57327614996224e-34,2.78663807498112e-36,0.0019197644539679939,0.38395289092056,0.0019197644546028,1.0202777217932285e-34,4.039850549147454e-34,2.019925274573727e-36,1.7652508183133173e-36,5.570797047640775e-36,2.7853985238203873e-38,1.01784297972198e-32,5.2269827467599e-32,2.6134913733799503e-34,1.8135231245302196e-11,1.507247772158262e-09,7.53623886079131e-12,1.932641494517519e-46,2.1940540745778447e-46,1.0970270372889224e-48,False,1,False,Im,ng_only
560,Bt_plus_all_10_NG,70,6.551285568595502,off,ng_low_bt_high,0.0001,0.001,1.0,hard_extinction,True,20,0.001921671733509933,0.0,0.38431114731046223,0.0,0.0019215557365523113,0.0,0.03022093635057388,0.0,0.0,0.0,0.0,0.0,0.0,4.241769511901677e-06,0.0007913272443755395,3.956636221877698e-06,0.0,0.0,0.0,0.0,0.0,0.0,0.0019174299639980311,0.3835198200660867,0.0019175991003304335,0.0,0.0,0.0,0.0,0.0,0.0,0.0,0.0,0.0,0.0,0.0,0.0,0.0,0.0,0.0,False,2,False,Et|Im,ng_only
561,Bt_plus_all_10_NG,70,6.551285568595502,off,ng_low_bt_high,0.0001,0.001,1.0,no_extinction_control,False,20,0.0019216717489777089,1.8306524357867452e-43,0.38431114872003813,2.055776441914876e-43,0.0019215557436001902,1.0278882209574381e-45,0.3442031006300432,4.276532797838705e-28,4.439707740044708e-27,2.219853870022354e-29,9.052300728917428e-15,5.051284026378235e-13,2.5256420131891175e-15,4.241772772626042e-06,0.0007913278090706276,3.956639045353138e-06,1.0942352768874707e-28,1.0033854011408874e-27,5.016927005704437e-30,4.304228596743338e-27,4.784654084270851e-26,2.3923270421354256e-28,0.0019174299611498511,0.383519819657697,0.0019175990982884849,2.3263061774223057e-16,1.0816985293982634e-14,5.4084926469913167e-17,5.883254879476975e-20,1.6174756913428237e-18,8.087378456714119e-21,6.710116389879658e-28,6.943382982254943e-27,3.4716914911274713e-29,1.504594678799211e-11,1.2527545445423e-09,6.2637727227115e-12,1.8306524357867452e-43,2.055776441914876e-43,1.0278882209574381e-45,False,2,False,Et|Im,ng_only
562,Bt_plus_all_10_NG,70,6.551285568595502,off,ng_high_bt_low,0.1,1.0,0.001,hard_extinction,True,20,0.0019218404258183454,0.0,0.38434065751713115,0.0,0.0019217032875856557,0.0,0.03330498654034475,0.0,0.0,0.0,0.0,0.0,0.0,4.6644254230650735e-06,0.0008640187267309576,4.320093633654787e-06,0.0,0.0,0.0,0.0,0.0,0.0,0.0019171760003952804,0.38347663879040017,0.0019173831939520009,0.0,0.0,0.0,0.0,0.0,0.0,0.0,0.0,0.0,0.0,0.0,0.0,0.0,0.0,0.0,False,2,False,Et|Im,ng_only
563,Bt_plus_all_10_NG,70,6.551285568595502,off,ng_high_bt_low,0.1,1.0,0.001,no_extinction_control,False,20,0.001921840447059014,1.5841405274884023e-46,0.3843406594979134,1.7789505237754256e-46,0.001921703297489567,8.894752618877129e-49,0.3526169292321466,4.574765193035687e-27,4.7493453371746955e-26,2.374672668587348e-28,2.926432475662209e-14,1.6329994282662473e-12,8.164997141331237e-15,4.664431357800456e-06,0.000864019741015435,4.320098705077175e-06,4.370171839012693e-28,4.0073405421149635e-27,2.0036702710574817e-29,1.44338381172763e-26,1.604492544248957e-25,8.022462721244785e-28,0.0019171759955898026,0.38347663808321575,0.0019173831904160787,1.0828210405428857e-15,5.034992993433473e-14,2.5174964967167364e-16,1.276846341708618e-19,3.510436138553453e-18,1.7552180692767265e-20,3.747770346679394e-27,3.8780602302065293e-26,1.9390301151032646e-28,2.0081063598793053e-11,1.6719988814321635e-09,8.359994407160818e-12,1.5841405274884023e-46,1.7789505237754256e-46,8.894752618877129e-49,False,2,False,Et|Im,ng_only
564,Bt_plus_all_10_NG,70,6.551285568595502,on,ng_low_bt_high,0.0001,0.001,1.0,hard_extinction,True,20,0.0019197644550541654,0.0,0.383952891010833,0.0,0.0019197644550541652,0.0,0.0,0.0,0.0,0.0,0.0,0.0,0.0,0.0,0.0,0.0,0.0,0.0,0.0,0.0,0.0,0.0,0.0019197644550541654,0.383952891010833,0.0019197644550541652,0.0,0.0,0.0,0.0,0.0,0.0,0.0,0.0,0.0,0.0,0.0,0.0,0.0,0.0,0.0,True,1,False,Im,ng_only
565,Bt_plus_all_10_NG,70,6.551285568595502,on,ng_low_bt_high,0.0001,0.001,1.0,no_extinction_control,False,20,0.0019197644685094186,1.831046864038682e-43,0.3839528921311118,2.0562157360772246e-43,0.001919764460655559,1.0281078680386123e-45,0.34254420619764403,1.7610794868732162e-41,3.7165579914627637e-41,1.8582789957313818e-43,3.389088253804462e-38,1.0055402624576768e-37,5.027701312288384e-40,1.0783863227953591e-43,1.7973271887748217e-43,8.986635943874108e-46,1.9131977172833212e-36,7.10344831194414e-36,3.55172415597207e-38,9.328450909782198e-36,3.752420683412548e-35,1.876210341706274e-37,0.001919764454197314,0.38395289093949175,0.0019197644546974587,3.023998640173956e-37,1.1973703145900612e-36,5.986851572950306e-39,3.1557515619921615e-38,9.958953915253314e-38,4.979476957626657e-40,1.0676181092223228e-33,5.4825956236750976e-33,2.741297811837549e-35,1.4312104610633145e-11,1.1916200489440476e-09,5.958100244720238e-12,1.831046864038682e-43,2.0562157360772246e-43,1.0281078680386123e-45,False,1,False,Im,ng_only
566,Bt_plus_all_10_NG,70,6.551285568595502,on,ng_high_bt_low,0.1,1.0,0.001,hard_extinction,True,20,0.0019197644550541654,0.0,0.383952891010833,0.0,0.0019197644550541652,0.0,0.0,0.0,0.0,0.0,0.0,0.0,0.0,0.0,0.0,0.0,0.0,0.0,0.0,0.0,0.0,0.0,0.0019197644550541654,0.383952891010833,0.0019197644550541652,0.0,0.0,0.0,0.0,0.0,0.0,0.0,0.0,0.0,0.0,0.0,0.0,0.0,0.0,0.0,True,1,False,Im,ng_only
567,Bt_plus_all_10_NG,70,6.551285568595502,on,ng_high_bt_low,0.1,1.0,0.001,no_extinction_control,False,20,0.0019197644726109766,1.5843947599219408e-46,0.383952892472606,1.7792321439165504e-46,0.0019197644623630303,8.896160719582752e-49,0.3506988488756111,1.3425114338243063e-39,2.833217714021939e-39,1.4166088570109695e-41,5.581315066055695e-37,1.655972520080104e-36,8.27986260040052e-39,1.786696356280725e-41,2.977854847884266e-41,1.4889274239421329e-43,3.278660995365946e-35,1.217323160203228e-34,6.0866158010161406e-37,1.3854141447424901e-34,5.57290459273628e-34,2.7864522963681402e-36,0.001919764453936122,0.3839528909177452,0.001919764454588726,1.0202765099567932e-34,4.039845750808727e-34,2.0199228754043634e-36,1.7652491331872113e-36,5.5707917499229184e-36,2.785395874961459e-38,1.0223080110929447e-32,5.249912278975567e-32,2.6249561394877837e-34,1.8674854598853185e-11,1.5548608221303006e-09,7.774304110651502e-12,1.5843947599219408e-46,1.7792321439165504e-46,8.896160719582752e-49,False,1,False,Im,ng_only
568,Bt_plus_all_10_NG,71,7.196856730011514,off,ng_low_bt_high,0.0001,0.001,1.0,hard_extinction,True,20,0.0019216889580963004,0.0,0.3843146280169356,0.0,0.0019215731400846782,0.0,0.029931414466593864,0.0,0.0,0.0,0.0,0.0,0.0,4.283463383145738e-06,0.0007996383837504739,3.998191918752369e-06,0.0,0.0,0.0,0.0,0.0,0.0,0.0019174054947131546,0.38351498963318514,0.0019175749481659258,0.0,0.0,0.0,0.0,0.0,0.0,0.0,0.0,0.0,0.0,0.0,0.0,0.0,0.0,0.0,False,2,False,Et|Im,ng_only
569,Bt_plus_all_10_NG,71,7.196856730011514,off,ng_low_bt_high,0.0001,0.001,1.0,no_extinction_control,False,20,0.0019216889745947228,1.5087959900792071e-43,0.3843146296011247,1.6776691237050329e-43,0.0019215731480056236,8.388345618525164e-46,0.343592049232214,3.904063361160399e-28,4.061039558321257e-27,2.0305197791606286e-29,9.103524314584576e-15,5.094063508065647e-13,2.5470317540328234e-15,4.283468961744691e-06,0.0007996393496621726,3.9981967483108625e-06,1.0119290213049156e-28,9.285040338324582e-28,4.6425201691622914e-30,3.978072666239613e-27,4.4248579767222383e-26,2.212428988361119e-28,0.001917405490472141,0.38351498898657194,0.0019175749449328596,2.2501425515257443e-16,1.0486314465929119e-14,5.2431572329645595e-17,5.594349959602741e-20,1.5410619266645525e-18,7.705309633322762e-21,6.203391769352174e-28,6.422200972255907e-27,3.2111004861279537e-29,1.515150858873019e-11,1.2643707284618589e-09,6.321853642309294e-12,1.5087959900792071e-43,1.6776691237050329e-43,8.388345618525164e-46,False,2,False,Et|Im,ng_only
570,Bt_plus_all_10_NG,71,7.196856730011514,off,ng_high_bt_low,0.1,1.0,0.001,hard_extinction,True,20,0.0019218590854546422,0.0,0.38434438717536457,0.0,0.0019217219358768226,0.0,0.03304735954293658,0.0,0.0,0.0,0.0,0.0,0.0,4.710653564776334e-06,0.0008730996114720131,4.365498057360065e-06,0.0,0.0,0.0,0.0,0.0,0.0,0.001917148431889866,0.38347128756389254,0.0019173564378194626,0.0,0.0,0.0,0.0,0.0,0.0,0.0,0.0,0.0,0.0,0.0,0.0,0.0,0.0,0.0,False,2,False,Et|Im,ng_only
571,Bt_plus_all_10_NG,71,7.196856730011514,off,ng_high_bt_low,0.1,1.0,0.001,no_extinction_control,False,20,0.0019218591074420923,1.3225454600058626e-46,0.3843443892248879,1.4705729169897845e-46,0.0019217219461244396,7.352864584948922e-49,0.35268640358904335,4.739049507626754e-27,4.929626387426644e-26,2.464813193713322e-28,3.0686283445853064e-14,1.7171327133417087e-12,8.585663566708543e-15,4.710659596579972e-06,0.0008731006421490293,4.365503210745146e-06,4.420283044152497e-28,4.055874439332669e-27,2.0279372196663345e-29,1.4596023093521209e-26,1.6235356561067883e-25,8.117678280533942e-28,0.0019171484269744543,0.383471286841954,0.00191735643420977,1.1253106052066402e-15,5.2443070678662e-14,2.6221535339331003e-16,1.3213677094373905e-19,3.6399592556469215e-18,1.819979627823461e-20,3.780019303278332e-27,3.913354746817681e-26,1.9566773734088405e-28,2.0839246310234228e-11,1.7390153115216025e-09,8.695076557608012e-12,1.3225454600058626e-46,1.4705729169897845e-46,7.352864584948922e-49,False,2,False,Et|Im,ng_only
572,Bt_plus_all_10_NG,71,7.196856730011514,on,ng_low_bt_high,0.0001,0.001,1.0,hard_extinction,True,20,0.0019197644550541693,0.0,0.38395289101083313,0.0,0.0019197644550541656,0.0,8.881784197001252e-16,0.0,0.0,0.0,0.0,0.0,0.0,0.0,0.0,0.0,0.0,0.0,0.0,0.0,0.0,0.0,0.0019197644550541693,0.38395289101083313,0.0019197644550541656,0.0,0.0,0.0,0.0,0.0,0.0,0.0,0.0,0.0,0.0,0.0,0.0,0.0,0.0,0.0,True,1,False,Im,ng_only
573,Bt_plus_all_10_NG,71,7.196856730011514,on,ng_low_bt_high,0.0001,0.001,1.0,no_extinction_control,False,20,0.0019197644685921122,1.5090700064380563e-43,0.38395289214052314,1.6779711011998184e-43,0.0019197644607026154,8.389855505999092e-46,0.34191857419924254,1.5046085532674913e-41,3.175305251325149e-41,1.5876526256625744e-43,1.7349662259517089e-38,5.052305770320982e-38,2.5261528851604907e-40,9.700036158554597e-44,1.616687670395969e-43,8.083438351979845e-46,2.2880014271119518e-36,8.495044567700269e-36,4.2475222838501344e-38,1.2588317649955565e-35,5.063720045782211e-35,2.5318600228911054e-37,0.0019197644541922767,0.3839528909389121,0.0019197644546945605,4.640041105845375e-37,1.8372519765079337e-36,9.186259882539669e-39,4.796294725178845e-38,1.5136197320587994e-37,7.568098660293997e-40,1.4505553142326778e-33,7.449113299977027e-33,3.7245566499885133e-35,1.439983540656831e-11,1.201611010836593e-09,6.008055054182965e-12,1.5090700064380563e-43,1.6779711011998184e-43,8.389855505999092e-46,False,1,False,Im,ng_only
574,Bt_plus_all_10_NG,71,7.196856730011514,on,ng_high_bt_low,0.1,1.0,0.001,hard_extinction,True,20,0.0019197644550541693,0.0,0.38395289101083313,0.0,0.0019197644550541656,0.0,8.881784197001252e-16,0.0,0.0,0.0,0.0,0.0,0.0,0.0,0.0,0.0,0.0,0.0,0.0,0.0,0.0,0.0,0.0019197644550541693,0.38395289101083313,0.0019197644550541656,0.0,0.0,0.0,0.0,0.0,0.0,0.0,0.0,0.0,0.0,0.0,0.0,0.0,0.0,0.0,True,1,False,Im,ng_only
575,Bt_plus_all_10_NG,71,7.196856730011514,on,ng_high_bt_low,0.1,1.0,0.001,no_extinction_control,False,20,0.0019197644732721442,1.3227334293221559e-46,0.3839528925310534,1.4707789960229746e-46,0.0019197644626552672,7.353894980114872e-49,0.3508316692228135,1.3425078924888549e-39,2.8332102404361858e-39,1.4166051202180928e-41,3.998159788969618e-37,1.1642835157493933e-36,5.821417578746967e-39,1.786939756324815e-41,2.978260518382629e-41,1.4891302591913144e-43,3.278443672199239e-35,1.217242471005881e-34,6.086212355029405e-37,1.3853197967102422e-34,5.572525113747295e-34,2.7862625568736473e-36,0.001919764453894324,0.3839528909140487,0.0019197644545702437,1.0202754260517498e-34,4.039841459022018e-34,2.0199207295110088e-36,1.7652476577543464e-36,5.5707871176492895e-36,2.7853935588246446e-38,1.0268464891075616e-32,5.273218989565622e-32,2.636609494782811e-34,1.937782008406322e-11,1.6170046970096715e-09,8.085023485048358e-12,1.3227334293221559e-46,1.4707789960229746e-46,7.353894980114872e-49,False,1,False,Im,ng_only
576,Bt_plus_all_10_NG,72,7.9060432109076935,off,ng_low_bt_high,0.0001,0.001,1.0,hard_extinction,True,20,0.0019217105104759131,0.0,0.38431897124602865,0.0,0.0019215948562301434,0.0,0.02959276056778215,0.0,0.0,0.0,0.0,0.0,0.0,4.3361078870716075e-06,0.0008100975289054311,4.050487644527155e-06,0.0,0.0,0.0,0.0,0.0,0.0,0.0019173744025888415,0.3835088737171232,0.0019175443685856162,0.0,0.0,0.0,0.0,0.0,0.0,0.0,0.0,0.0,0.0,0.0,0.0,0.0,0.0,0.0,False,2,False,Et|Im,ng_only
577,Bt_plus_all_10_NG,72,7.9060432109076935,off,ng_low_bt_high,0.0001,0.001,1.0,no_extinction_control,False,20,0.001921710527161491,1.2657763400348355e-43,0.38431897284404926,1.394870137969289e-43,0.001921594864220246,6.974350689846444e-46,0.34307743053989626,3.622182985546702e-28,3.777209942659236e-27,1.8886049713296177e-29,9.300579909403519e-15,5.222528180705809e-13,2.6112640903529046e-15,4.336113341256319e-06,0.000810098473153856,4.05049236576928e-06,9.243477239263914e-29,8.488233390851402e-28,4.244116695425701e-30,3.7057889411084914e-27,4.1252365852907296e-26,2.0626182926453648e-28,0.001917374398400798,0.38350887308079973,0.0019175443654039987,2.2112042508757313e-16,1.0333969975720072e-14,5.166984987860036e-17,5.3532466066059475e-20,1.4782871602100144e-18,7.391435801050072e-21,5.774736030994962e-28,5.982126354232366e-27,2.991063177116183e-29,1.5409914780729497e-11,1.289563050452776e-09,6.4478152522638794e-12,1.2657763400348355e-43,1.394870137969289e-43,6.974350689846444e-46,False,2,False,Et|Im,ng_only
578,Bt_plus_all_10_NG,72,7.9060432109076935,off,ng_high_bt_low,0.1,1.0,0.001,hard_extinction,True,20,0.001921881988644072,0.0,0.3843489634304489,0.0,0.0019217448171522445,0.0,0.032740153200908395,0.0,0.0,0.0,0.0,0.0,0.0,4.767909106384841e-06,0.0008843370141805851,4.421685070902926e-06,0.0,0.0,0.0,0.0,0.0,0.0,0.0019171140795376871,0.38346462641626833,0.0019173231320813416,0.0,0.0,0.0,0.0,0.0,0.0,0.0,0.0,0.0,0.0,0.0,0.0,0.0,0.0,0.0,False,2,False,Et|Im,ng_only
579,Bt_plus_all_10_NG,72,7.9060432109076935,off,ng_high_bt_low,0.1,1.0,0.001,no_extinction_control,False,20,0.0019218820116112599,1.1226372826054974e-46,0.3843489655702587,1.237133067880021e-46,0.0019217448278512936,6.185665339400105e-49,0.3527238804498527,4.954441773780676e-27,5.16651741633671e-26,2.5832587081683553e-28,3.256552961699294e-14,1.8286632913945e-12,9.143316456972499e-15,4.7679152624754195e-06,0.0008843380658356567,4.421690329178284e-06,4.484179155721838e-28,4.117803136257701e-27,2.0589015681288504e-29,1.4802778546311274e-26,1.647828828417857e-25,8.239144142089286e-28,0.0019171140744795034,0.3834646256752426,0.001917323128376213,1.1812365479107175e-15,5.520496090331666e-14,2.760248045165833e-16,1.3797039801267045e-19,3.810042998957027e-18,1.9050214994785135e-20,3.82101652145885e-27,3.958246953364431e-26,1.9791234766822157e-28,2.1835534288763184e-11,1.8272966025932683e-09,9.136483012966341e-12,1.1226372826054974e-46,1.237133067880021e-46,6.185665339400105e-49,False,2,False,Et|Im,ng_only
580,Bt_plus_all_10_NG,72,7.9060432109076935,on,ng_low_bt_high,0.0001,0.001,1.0,hard_extinction,True,20,0.0019197644550541623,0.0,0.3839528910108326,0.0,0.0019197644550541628,0.0,0.0,0.0,0.0,0.0,0.0,0.0,0.0,0.0,0.0,0.0,0.0,0.0,0.0,0.0,0.0,0.0,0.0019197644550541623,0.3839528910108326,0.0019197644550541628,0.0,0.0,0.0,0.0,0.0,0.0,0.0,0.0,0.0,0.0,0.0,0.0,0.0,0.0,0.0,True,1,False,Im,ng_only
581,Bt_plus_all_10_NG,72,7.9060432109076935,on,ng_low_bt_high,0.0001,0.001,1.0,no_extinction_control,False,20,0.001919764468815356,1.2659716790151398e-43,0.38395289216239165,1.395083343390249e-43,0.0019197644608119585,6.9754167169512455e-46,0.3414153922693828,1.300008586476181e-41,2.7435202880119067e-41,1.3717601440059533e-43,1.0599227826682577e-38,3.0580789676158517e-38,1.5290394838079259e-40,8.794117640568315e-44,1.4656998519515848e-43,7.328499259757923e-46,1.809374751089809e-36,6.717967466297118e-36,3.358983733148559e-38,9.802864241300322e-36,3.9432561182364744e-35,1.971628059118237e-37,0.001919764454178135,0.38395289093752516,0.001919764454687626,7.231719216583943e-37,2.8634423965514742e-36,1.4317211982757372e-38,6.123680950741239e-38,1.9325176823527275e-37,9.662588411763637e-40,1.1832434227162565e-33,6.0763724628364776e-33,3.038186231418239e-35,1.4637220915757347e-11,1.2248664974440504e-09,6.1243324872202524e-12,1.2659716790151398e-43,1.395083343390249e-43,6.9754167169512455e-46,False,1,False,Im,ng_only
582,Bt_plus_all_10_NG,72,7.9060432109076935,on,ng_high_bt_low,0.1,1.0,0.001,hard_extinction,True,20,0.0019197644550541623,0.0,0.3839528910108326,0.0,0.0019197644550541628,0.0,0.0,0.0,0.0,0.0,0.0,0.0,0.0,0.0,0.0,0.0,0.0,0.0,0.0,0.0,0.0,0.0,0.0019197644550541623,0.3839528910108326,0.0019197644550541628,0.0,0.0,0.0,0.0,0.0,0.0,0.0,0.0,0.0,0.0,0.0,0.0,0.0,0.0,0.0,True,1,False,Im,ng_only
583,Bt_plus_all_10_NG,72,7.9060432109076935,on,ng_high_bt_low,0.1,1.0,0.001,no_extinction_control,False,20,0.0019197644741407282,1.1227779050243568e-46,0.38395289260802784,1.2372857778678182e-46,0.001919764463040139,6.186428889339091e-49,0.35094678924612666,1.3425046882048026e-39,2.8332034781590762e-39,1.416601739079538e-41,3.3886429595436945e-37,9.776879913157754e-37,4.888439956578877e-39,1.7872396622993357e-41,2.978760366304177e-41,1.4893801831520886e-43,3.278175485049261e-35,1.2171428966889904e-34,6.085714483444952e-37,1.3852034245197558e-34,5.572057048109302e-34,2.786028524054651e-36,0.0019197644538391171,0.38395289090915596,0.0019197644545457797,1.0202744557582882e-34,4.039837617087133e-34,2.0199188085435663e-36,1.765246372647751e-36,5.57078308992871e-36,2.785391544964355e-38,1.0324626375393096e-32,5.3020599221337e-32,2.6510299610668497e-34,2.0301611080099996e-11,1.6988718556295484e-09,8.494359278147742e-12,1.1227779050243568e-46,1.2372857778678182e-46,6.186428889339091e-49,False,1,False,Im,ng_only
584,Bt_plus_all_10_NG,73,8.68511373751352,off,ng_low_bt_high,0.0001,0.001,1.0,hard_extinction,True,20,0.0019217373221235077,0.0,0.3843243656579116,0.0,0.0019216218282895581,0.0,0.029193869854826637,0.0,0.0,0.0,0.0,0.0,0.0,4.402113397659648e-06,0.0008231848038328747,4.115924019164373e-06,0.0,0.0,0.0,0.0,0.0,0.0,0.001917335208725848,0.38350118085407875,0.0019175059042703937,0.0,0.0,0.0,0.0,0.0,0.0,0.0,0.0,0.0,0.0,0.0,0.0,0.0,0.0,0.0,False,2,False,Et|Im,ng_only
585,Bt_plus_all_10_NG,73,8.68511373751352,off,ng_low_bt_high,0.0001,0.001,1.0,no_extinction_control,False,20,0.0019217373391870838,1.0792525681965116e-43,0.38432436728715796,1.1796741985497173e-43,0.00192162183643579,5.8983709927485865e-46,0.3426600374783533,3.4245850551519017e-28,3.582351267467454e-27,1.791175633733727e-29,9.678814773064613e-15,5.458659349289128e-13,2.729329674644564e-15,4.402118740663151e-06,0.000823185728646614,4.11592864323307e-06,7.634611413005654e-29,7.017895336911879e-28,3.5089476684559394e-30,3.483843314703892e-27,3.882008250746447e-26,1.9410041253732235e-28,0.0019173352045693752,0.3835011802254133,0.0019175059011270665,1.5468927536542913e-16,7.110701537566611e-15,3.5553507687833054e-17,5.168332553826551e-20,1.4316600109189563e-18,7.158300054594782e-21,5.417989270493964e-28,5.6169376489780256e-27,2.808468824489013e-29,1.5867211923899447e-11,1.332545085406257e-09,6.662725427031285e-12,1.0792525681965116e-43,1.1796741985497173e-43,5.8983709927485865e-46,False,2,False,Et|Im,ng_only
586,Bt_plus_all_10_NG,73,8.68511373751352,off,ng_high_bt_low,0.1,1.0,0.001,hard_extinction,True,20,0.001921910117921575,0.0,0.3843545834977041,0.0,0.0019217729174885205,0.0,0.032373479319043774,0.0,0.0,0.0,0.0,0.0,0.0,4.838800271511482e-06,0.0008982437534897159,4.49121876744858e-06,0.0,0.0,0.0,0.0,0.0,0.0,0.0019170713176500636,0.3834563397442144,0.001917281698721072,0.0,0.0,0.0,0.0,0.0,0.0,0.0,0.0,0.0,0.0,0.0,0.0,0.0,0.0,0.0,False,2,False,Et|Im,ng_only
587,Bt_plus_all_10_NG,73,8.68511373751352,off,ng_high_bt_low,0.1,1.0,0.001,no_extinction_control,False,20,0.001921910142167577,9.675176322108968e-47,0.38435458575414044,1.057542959409236e-46,0.0019217729287707023,5.28771479704618e-49,0.3526931181824402,5.23942616922642e-27,5.480830918237141e-26,2.7404154591185708e-28,3.507651852623482e-14,1.9782683714470017e-12,9.891341857235009e-15,4.8388065427119375e-06,0.0008982448244697583,4.4912241223487916e-06,4.565869404841028e-28,4.197049913990278e-27,2.098524956995139e-29,1.506703185363576e-26,1.6789054202280155e-25,8.394527101140077e-28,0.0019170713124326466,0.3834563389829521,0.0019172816949147606,8.893055409715722e-16,4.087955736907458e-14,2.0439778684537288e-16,1.456790304803042e-19,4.03542173602945e-18,2.0177108680147248e-20,3.873216042288226e-27,4.015445336039268e-26,2.0077226680196338e-28,2.3156252453549814e-11,1.944699434091627e-09,9.723497170458134e-12,9.675176322108968e-47,1.057542959409236e-46,5.28771479704618e-49,False,2,False,Et|Im,ng_only
588,Bt_plus_all_10_NG,73,8.68511373751352,on,ng_low_bt_high,0.0001,0.001,1.0,hard_extinction,True,20,0.001919764455054166,0.0,0.3839528910108333,0.0,0.0019197644550541665,0.0,0.0,0.0,0.0,0.0,0.0,0.0,0.0,0.0,0.0,0.0,0.0,0.0,0.0,0.0,0.0,0.0,0.001919764455054166,0.3839528910108333,0.0019197644550541665,0.0,0.0,0.0,0.0,0.0,0.0,0.0,0.0,0.0,0.0,0.0,0.0,0.0,0.0,0.0,True,1,False,Im,ng_only
589,Bt_plus_all_10_NG,73,8.68511373751352,on,ng_low_bt_high,0.0001,0.001,1.0,no_extinction_control,False,20,0.001919764469217506,1.0793951852042505e-43,0.3839528922002518,1.1798284968521024e-43,0.001919764461001259,5.899142484260512e-46,0.3410321482121166,1.1366843158694707e-41,2.398842987726648e-41,1.199421493863324e-43,7.356472935721609e-39,2.1136094063686708e-38,1.0568047031843353e-40,8.034160155188314e-44,1.3390390976454818e-43,6.6951954882274086e-46,1.4512758420314041e-36,5.388393910944981e-36,2.6941969554724906e-38,7.750989633355573e-36,3.117878290629931e-35,1.5589391453149656e-37,0.0019197644541524186,0.3839528909351057,0.0019197644546755286,1.0674071309030604e-36,4.226462258103228e-36,2.113231129051614e-38,5.00696855343097e-38,1.5801044174780905e-37,7.900522087390452e-40,9.189766591174611e-34,4.719269421091023e-33,2.3596347105455114e-35,1.5065087401597028e-11,1.265146122640427e-09,6.3257306132021345e-12,1.0793951852042505e-43,1.1798284968521024e-43,5.899142484260512e-46,False,1,False,Im,ng_only
590,Bt_plus_all_10_NG,73,8.68511373751352,on,ng_high_bt_low,0.1,1.0,0.001,hard_extinction,True,20,0.001919764455054166,0.0,0.3839528910108333,0.0,0.0019197644550541665,0.0,0.0,0.0,0.0,0.0,0.0,0.0,0.0,0.0,0.0,0.0,0.0,0.0,0.0,0.0,0.0,0.0,0.001919764455054166,0.3839528910108333,0.0019197644550541665,0.0,0.0,0.0,0.0,0.0,0.0,0.0,0.0,0.0,0.0,0.0,0.0,0.0,0.0,0.0,True,1,False,Im,ng_only
591,Bt_plus_all_10_NG,73,8.68511373751352,on,ng_high_bt_low,0.1,1.0,0.001,no_extinction_control,False,20,0.0019197644752925586,9.676238781878572e-47,0.38395289271042676,1.0576573264097582e-46,0.001919764463552134,5.288286632048791e-49,0.35101088914727363,1.3425017883749573e-39,2.833197358397946e-39,1.416598679198973e-41,3.1444046933295818e-37,9.034279600198113e-37,4.517139800099056e-39,1.7875736158001328e-41,2.9793169606285713e-41,1.4896584803142856e-43,3.2778756287221624e-35,1.2170315640284238e-34,6.085157820142119e-37,1.3850733949059025e-34,5.571534053305971e-34,2.7857670266529854e-36,0.0019197644537656303,0.38395289090262386,0.0019197644545131192,1.0202735866388674e-34,4.039834175756896e-34,2.0199170878784483e-36,1.7652452640566166e-36,5.57077962424353e-36,2.785389812121765e-38,1.0387190284831334e-32,5.334188731236808e-32,2.667094365618404e-34,2.1526928349254786e-11,1.8078029325577553e-09,9.039014662788776e-12,9.676238781878572e-47,1.0576573264097582e-46,5.288286632048791e-49,False,1,False,Im,ng_only
592,Bt_plus_all_10_NG,74,9.540954763499935,off,ng_low_bt_high,0.0001,0.001,1.0,hard_extinction,True,20,0.0019217704791762286,0.0,0.3843310312796214,0.0,0.0019216551563981071,0.0,0.0287235017255707,0.0,0.0,0.0,0.0,0.0,0.0,4.484339568276366e-06,0.0008394696099020698,4.197348049510349e-06,0.0,0.0,0.0,0.0,0.0,0.0,0.0019172861396079522,0.38349156166971937,0.0019174578083485968,0.0,0.0,0.0,0.0,0.0,0.0,0.0,0.0,0.0,0.0,0.0,0.0,0.0,0.0,0.0,False,2,False,Et|Im,ng_only
593,Bt_plus_all_10_NG,74,9.540954763499935,off,ng_low_bt_high,0.0001,0.001,1.0,no_extinction_control,False,20,0.0019217704968816965,9.339557115320895e-44,0.3843310329651357,1.0133458926026001e-43,0.0019216551648256785,5.0667294630130005e-46,0.34232365161993883,3.309026686754366e-28,3.475097282655357e-27,1.7375486413276784e-29,1.0292942335717135e-14,5.836586044019131e-13,2.9182930220095654e-15,4.484344841686288e-06,0.0008394705224015495,4.197352612007747e-06,6.394086379589738e-29,5.885027332714353e-28,2.9425136663571763e-30,3.303093473722407e-27,3.6851760837098025e-26,1.8425880418549012e-28,0.0019172861354403033,0.38349156104275267,0.0019174578052137633,9.662753917429249e-17,4.341182215945742e-15,2.170591107972871e-17,5.0513037187286977e-20,1.4047045978512876e-18,7.023522989256438e-21,5.120567123752585e-28,5.313784186996592e-27,2.656892093498296e-29,1.658931727282208e-11,1.3993935001749528e-09,6.996967500874764e-12,9.339557115320895e-44,1.0133458926026001e-43,5.0667294630130005e-46,False,2,False,Et|Im,ng_only
594,Bt_plus_all_10_NG,74,9.540954763499935,off,ng_high_bt_low,0.1,1.0,0.001,hard_extinction,True,20,0.0019219446005191015,0.0,0.384361474054627,0.0,0.001921807370273135,0.0,0.03193718582114613,0.0,0.0,0.0,0.0,0.0,0.0,4.926376543918409e-06,0.0009154200215993337,4.577100107996668e-06,0.0,0.0,0.0,0.0,0.0,0.0,0.0019170182239751832,0.3834460540330277,0.0019172302701651383,0.0,0.0,0.0,0.0,0.0,0.0,0.0,0.0,0.0,0.0,0.0,0.0,0.0,0.0,0.0,False,2,False,Et|Im,ng_only
595,Bt_plus_all_10_NG,74,9.540954763499935,off,ng_high_bt_low,0.1,1.0,0.001,no_extinction_control,False,20,0.0019219446264771138,8.454819992469017e-47,0.3843614764676396,9.173518146492205e-47,0.001921807382338198,4.586759073246102e-49,0.3525379516736127,5.620486826323366e-27,5.902597131187626e-26,2.951298565593813e-28,3.847491944893959e-14,2.1817353532313646e-12,1.0908676766156824e-14,4.926382964089212e-06,0.0009154211175702877,4.577105587851439e-06,4.670567289278627e-28,4.298731598822991e-27,2.1493657994114953e-29,1.5405580059994993e-26,1.7187635400373463e-25,8.59381770018673e-28,0.001917018218547603,0.3834460532451818,0.001917230266225909,6.001924569321552e-16,2.6965012489529405e-14,1.3482506244764701e-16,1.5597113606460424e-19,4.3373876852818875e-18,2.1686938426409436e-20,3.9397796195932895e-27,4.088446515610807e-26,2.0442232578054035e-28,2.492634626470066e-11,2.1026787918180605e-09,1.0513393959090302e-11,8.454819992469017e-47,9.173518146492205e-47,4.586759073246102e-49,False,2,False,Et|Im,ng_only
596,Bt_plus_all_10_NG,74,9.540954763499935,on,ng_low_bt_high,0.0001,0.001,1.0,hard_extinction,True,20,0.001919764455054164,0.0,0.3839528910108328,0.0,0.001919764455054164,0.0,0.0,0.0,0.0,0.0,0.0,0.0,0.0,0.0,0.0,0.0,0.0,0.0,0.0,0.0,0.0,0.0,0.001919764455054164,0.3839528910108328,0.001919764455054164,0.0,0.0,0.0,0.0,0.0,0.0,0.0,0.0,0.0,0.0,0.0,0.0,0.0,0.0,0.0,True,1,False,Im,ng_only
597,Bt_plus_all_10_NG,74,9.540954763499935,on,ng_low_bt_high,0.0001,0.001,1.0,no_extinction_control,False,20,0.0019197644698569808,9.340621618002705e-44,0.3839528922594906,1.0134601430318304e-43,0.001919764461297453,5.067300715159152e-46,0.3407550958340586,1.0043814554661475e-41,2.119632845997971e-41,1.0598164229989855e-43,5.62064634860941e-39,1.6120997072633702e-38,8.060498536316851e-41,7.393862508649813e-44,1.2323218345732815e-43,6.161609172866408e-46,1.1814143043662286e-36,4.3864339635390616e-36,2.193216981769531e-38,6.226794304789485e-36,2.504762349248115e-35,1.2523811746240574e-37,0.001919764454111362,0.383952890931305,0.0019197644546565251,1.5062010820366898e-36,5.9638931032403365e-36,2.981946551620168e-38,4.1568111144787694e-38,1.3118108447772984e-37,6.559054223886492e-40,7.263242005381967e-34,3.7299310930480825e-33,1.8649655465240413e-35,1.5745618697721103e-11,1.328185581616555e-09,6.640927908082775e-12,9.340621618002705e-44,1.0134601430318304e-43,5.067300715159152e-46,False,1,False,Im,ng_only
598,Bt_plus_all_10_NG,74,9.540954763499935,on,ng_high_bt_low,0.1,1.0,0.001,hard_extinction,True,20,0.001919764455054164,0.0,0.3839528910108328,0.0,0.001919764455054164,0.0,0.0,0.0,0.0,0.0,0.0,0.0,0.0,0.0,0.0,0.0,0.0,0.0,0.0,0.0,0.0,0.0,0.001919764455054164,0.3839528910108328,0.001919764455054164,0.0,0.0,0.0,0.0,0.0,0.0,0.0,0.0,0.0,0.0,0.0,0.0,0.0,0.0,0.0,True,1,False,Im,ng_only
599,Bt_plus_all_10_NG,74,9.540954763499935,on,ng_high_bt_low,0.1,1.0,0.001,no_extinction_control,False,20,0.001919764476836102,8.45562906116658e-47,0.38395289284819867,9.174381950398417e-47,0.0019197644642409933,4.5871909751992085e-49,0.35096906024016405,1.3424030565256204e-39,2.8329889960574576e-39,1.4164944980287289e-41,3.0489557526041592e-37,8.7449385201955e-37,4.37246926009775e-39,1.7879518313986473e-41,2.9799473257992503e-41,1.4899736628996251e-43,3.277534194859989e-35,1.2169047941828405e-34,6.084523970914203e-37,1.3849254217689026e-34,5.5709388863144445e-34,2.785469443157222e-36,0.0019197644536668535,0.38395289089380985,0.0019197644544690492,1.0202728078529827e-34,4.039831092107681e-34,2.0199155460538404e-36,1.7652443113935418e-36,5.570776654492874e-36,2.7853883272464373e-38,1.0458151945285253e-32,5.370630085845682e-32,2.685315042922841e-34,2.3169248535759637e-11,1.954388802078256e-09,9.77194401039128e-12,8.45562906116658e-47,9.174381950398417e-47,4.5871909751992085e-49,False,1,False,Im,ng_only
600,Bt_plus_all_10_NG,75,10.481131341546853,off,ng_low_bt_high,0.0001,0.001,1.0,hard_extinction,True,20,0.0019218112173779232,0.0,0.3843392188130757,0.0,0.0019216960940653784,0.0,0.028170853726270373,0.0,0.0,0.0,0.0,0.0,0.0,4.586114197729278e-06,0.0008596150300875688,4.298075150437844e-06,0.0,0.0,0.0,0.0,0.0,0.0,0.001917225103180194,0.3834796037829881,0.0019173980189149406,0.0,0.0,0.0,0.0,0.0,0.0,0.0,0.0,0.0,0.0,0.0,0.0,0.0,0.0,0.0,False,2,False,Et|Im,ng_only
601,Bt_plus_all_10_NG,75,10.481131341546853,off,ng_low_bt_high,0.0001,0.001,1.0,no_extinction_control,False,20,0.001921811236206619,8.192528848672966e-44,0.3843392206106058,8.829660086533771e-44,0.001921696103053029,4.4148300432668856e-46,0.34202284670161553,3.278488903013977e-28,3.459986933810684e-27,1.7299934669053422e-29,1.1227611416841591e-14,6.409478369752614e-13,3.2047391848763072e-15,4.586119764492357e-06,0.0008596159929386585,4.298079964693292e-06,5.444153892880957e-29,5.018675017161051e-28,2.5093375085805256e-30,2.7865371748322545e-27,3.1137072106876596e-26,1.5568536053438297e-28,0.001917225098758315,0.3834796031179578,0.001917398015589789,5.84838429006622e-17,2.563220965710516e-15,1.281610482855258e-17,5.018223481553798e-20,1.402321955596183e-18,7.011609777980915e-21,4.885348435001582e-28,5.075895707656676e-27,2.537947853828338e-29,1.7672525487511992e-11,1.499065845717817e-09,7.495329228589086e-12,8.192528848672966e-44,8.829660086533771e-44,4.4148300432668856e-46,False,2,False,Et|Im,ng_only
602,Bt_plus_all_10_NG,75,10.481131341546853,off,ng_high_bt_low,0.1,1.0,0.001,hard_extinction,True,20,0.0019219867046286253,0.0,0.38436989073579464,0.0,0.0019218494536789733,0.0,0.0314214594818667,0.0,0.0,0.0,0.0,0.0,0.0,5.034154007154876e-06,0.0009365587533551543,4.682793766775771e-06,0.0,0.0,0.0,0.0,0.0,0.0,0.0019169525506214705,0.3834333319824395,0.0019171666599121975,0.0,0.0,0.0,0.0,0.0,0.0,0.0,0.0,0.0,0.0,0.0,0.0,0.0,0.0,0.0,False,2,False,Et|Im,ng_only
603,Bt_plus_all_10_NG,75,10.481131341546853,off,ng_high_bt_low,0.1,1.0,0.001,no_extinction_control,False,20,0.00192198673188454,7.482772440355258e-47,0.3843698931839841,8.064708306428085e-47,0.0019218494659199205,4.032354153214043e-49,0.35217233159816885,6.136213954530898e-27,6.475954605645691e-26,3.2379773028228455e-28,4.314236922003496e-14,2.4628865166429553e-12,1.2314432583214777e-14,5.034157978205397e-06,0.0009365594310311205,4.682797155155603e-06,4.805022854678032e-28,4.429501611082888e-27,2.2147508055414437e-29,1.5840111990319584e-26,1.7699943904227213e-25,8.849971952113607e-28,0.0019169525465346086,0.38343333143235236,0.0019171666571617617,3.916933482338381e-16,1.7167197513518133e-14,8.583598756759066e-17,1.6987290882455815e-19,4.747056416485633e-18,2.3735282082428163e-20,4.024708669706059e-27,4.181693031609357e-26,2.0908465158046786e-28,2.732819187632555e-11,2.318120562732215e-09,1.1590602813661075e-11,7.482772440355258e-47,8.064708306428085e-47,4.032354153214043e-49,False,2,False,Et|Im,ng_only
604,Bt_plus_all_10_NG,75,10.481131341546853,on,ng_low_bt_high,0.0001,0.001,1.0,hard_extinction,True,20,0.0019197644550541645,0.0,0.38395289101083296,0.0,0.0019197644550541647,0.0,0.0,0.0,0.0,0.0,0.0,0.0,0.0,0.0,0.0,0.0,0.0,0.0,0.0,0.0,0.0,0.0,0.0019197644550541645,0.38395289101083296,0.0019197644550541647,0.0,0.0,0.0,0.0,0.0,0.0,0.0,0.0,0.0,0.0,0.0,0.0,0.0,0.0,0.0,True,1,False,Im,ng_only
605,Bt_plus_all_10_NG,75,10.481131341546853,on,ng_low_bt_high,0.0001,0.001,1.0,no_extinction_control,False,20,0.001919764470819729,8.193339884554457e-44,0.38395289234810265,8.830524233865262e-44,0.001919764461740513,4.415262116932631e-46,0.34054158683021285,8.969238743414794e-42,1.8928558408434587e-41,9.464279204217294e-44,4.600851752013506e-39,1.3187540963521757e-38,6.593770481760879e-41,6.851823184419129e-44,1.141981110267767e-43,5.709905551338835e-46,9.762882506702559e-37,3.624828246210764e-36,1.812414123105382e-38,5.0833965530002616e-36,2.0448243238243154e-35,1.0224121619121577e-37,0.0019197644540494125,0.38395289092560686,0.0019197644546280342,2.018181162552922e-36,7.991108796817177e-36,3.9955543984085886e-38,3.50232209378206e-38,1.1052665160603496e-37,5.526332580301748e-40,5.841674638355655e-34,2.9999061067947116e-33,1.4999530533973557e-35,1.6770316561609784e-11,1.4224957701191911e-09,7.112478850595956e-12,8.193339884554457e-44,8.830524233865262e-44,4.415262116932631e-46,False,1,False,Im,ng_only
606,Bt_plus_all_10_NG,75,10.481131341546853,on,ng_high_bt_low,0.1,1.0,0.001,hard_extinction,True,20,0.0019197644550541645,0.0,0.38395289101083296,0.0,0.0019197644550541647,0.0,0.0,0.0,0.0,0.0,0.0,0.0,0.0,0.0,0.0,0.0,0.0,0.0,0.0,0.0,0.0,0.0,0.0019197644550541645,0.38395289101083296,0.0019197644550541647,0.0,0.0,0.0,0.0,0.0,0.0,0.0,0.0,0.0,0.0,0.0,0.0,0.0,0.0,0.0,True,1,False,Im,ng_only
607,Bt_plus_all_10_NG,75,10.481131341546853,on,ng_high_bt_low,0.1,1.0,0.001,no_extinction_control,False,20,0.0019197644789303062,7.483393323234389e-47,0.38395289303606045,8.065366141721401e-47,0.0019197644651803023,4.0326830708607005e-49,0.3507362635095639,1.3424967879741572e-39,2.8331868056206863e-39,1.416593402810343e-41,3.014021030489912e-37,8.639166821038459e-37,4.31958341051923e-39,1.7883143081364522e-41,2.9805514592923996e-41,1.4902757296461998e-43,3.277205289508044e-35,1.2167826760062408e-34,6.083913380031204e-37,1.3847829876719878e-34,5.5703660080158986e-34,2.7851830040079494e-36,0.0019197644535325154,0.3839528908817631,0.0019197644544088155,1.020272109918844e-34,4.039828328595809e-34,2.0199141642979046e-36,1.7652435015910234e-36,5.570774140007148e-36,2.785387070003574e-38,1.0525424223191326e-32,5.405176816796096e-32,2.702588408398048e-34,2.5397790911680904e-11,2.154297366318675e-09,1.0771486831593374e-11,7.483393323234389e-47,8.065366141721401e-47,4.0326830708607005e-49,False,1,False,Im,ng_only
608,Bt_plus_all_10_NG,76,11.513953993264469,off,ng_low_bt_high,0.0001,0.001,1.0,hard_extinction,True,20,0.0019218609110944027,0.0,0.3843492077102115,0.0,0.0019217460385510575,0.0,0.027526397522600554,0.0,0.0,0.0,0.0,0.0,0.0,4.711248928222689e-06,0.0008843814889787811,4.4219074448939055e-06,0.0,0.0,0.0,0.0,0.0,0.0,0.00191714966216618,0.38346482622123274,0.0019173241311061637,0.0,0.0,0.0,0.0,0.0,0.0,0.0,0.0,0.0,0.0,0.0,0.0,0.0,0.0,0.0,False,2,False,Et|Im,ng_only
609,Bt_plus_all_10_NG,76,11.513953993264469,off,ng_low_bt_high,0.0001,0.001,1.0,no_extinction_control,False,20,0.0019218609313996758,7.276094978485869e-44,0.3843492096418972,7.794629615673227e-44,0.001921746048209486,3.897314807836613e-46,0.3416679664488207,3.3430931144970305e-28,3.5498088270473275e-27,1.7749044135236638e-29,1.2615764072492813e-14,7.261648993588858e-13,3.630824496794429e-15,4.711254489438098e-06,0.000884382450330268,4.42191225165134e-06,4.707187060467796e-29,4.347895465088625e-28,2.1739477325443124e-30,2.354057629693141e-27,2.6355580255461535e-26,1.3177790127730767e-28,0.0019171496576360593,0.3834648255456785,0.0019173241277283925,3.4299146893759905e-17,1.4636346003811333e-15,7.318173001905667e-18,5.091724563037097e-20,1.4315168652612447e-18,7.157584326306223e-21,4.701061298350439e-28,4.891878387075812e-27,2.445939193537906e-29,1.9261528371027146e-11,1.6451608497001166e-09,8.225804248500583e-12,7.276094978485869e-44,7.794629615673227e-44,3.897314807836613e-46,False,2,False,Et|Im,ng_only
610,Bt_plus_all_10_NG,76,11.513953993264469,off,ng_high_bt_low,0.1,1.0,0.001,hard_extinction,True,20,0.0019220378245544047,0.0,0.38438011548405193,0.0,0.0019219005774202599,0.0,0.030817594636689982,0.0,0.0,0.0,0.0,0.0,0.0,5.1661248982211974e-06,0.0009624480490104809,4.812240245052405e-06,0.0,0.0,0.0,0.0,0.0,0.0,0.0019168716996561836,0.38341766743504146,0.0019170883371752074,0.0,0.0,0.0,0.0,0.0,0.0,0.0,0.0,0.0,0.0,0.0,0.0,0.0,0.0,0.0,False,2,False,Et|Im,ng_only
611,Bt_plus_all_10_NG,76,11.513953993264469,off,ng_high_bt_low,0.1,1.0,0.001,no_extinction_control,False,20,0.0019220378549805383,6.699865499751966e-47,0.3843801182230037,7.177336700405924e-47,0.001921900591115018,3.588668350202962e-49,0.3514722061725717,6.84453481010227e-27,7.267801362297189e-26,3.6339006811485945e-28,4.9666043286513893e-14,2.8588177668913072e-12,1.4294088834456536e-14,5.1661290488040984e-06,0.0009624487568512319,4.8122437842561596e-06,4.978132739223151e-28,4.5981681806922474e-27,2.2990840903461237e-29,1.639920347646601e-26,1.8360266212286137e-25,9.180133106143068e-28,0.0019168716952455297,0.38341766684656514,0.0019170883342328256,2.468918697523639e-16,1.0535600135934014e-14,5.267800067967007e-17,1.889179229042204e-19,5.311379359391762e-18,2.655689679695881e-20,4.133182215815116e-27,4.3009545805493863e-26,2.150477290274693e-28,3.063629150583507e-11,2.6167179285392004e-09,1.3083589642696003e-11,6.699865499751966e-47,7.177336700405924e-47,3.588668350202962e-49,False,2,False,Et|Im,ng_only
612,Bt_plus_all_10_NG,76,11.513953993264469,on,ng_low_bt_high,0.0001,0.001,1.0,hard_extinction,True,20,0.0019197644551626927,0.0,0.3839528910325386,0.0,0.001919764455162693,0.0,4.440892098500626e-16,0.0,0.0,0.0,0.0,0.0,0.0,0.0,0.0,0.0,0.0,0.0,0.0,0.0,0.0,0.0,0.0019197644551626927,0.3839528910325386,0.001919764455162693,0.0,0.0,0.0,0.0,0.0,0.0,0.0,0.0,0.0,0.0,0.0,0.0,0.0,0.0,0.0,True,1,False,Im,ng_only
613,Bt_plus_all_10_NG,76,11.513953993264469,on,ng_low_bt_high,0.0001,0.001,1.0,no_extinction_control,False,20,0.00191976447234326,7.276724817571579e-44,0.3839528924999187,7.795296279149169e-44,0.0019197644624995935,3.897648139574585e-46,0.3403030268807008,8.084697984684553e-42,1.7061835724911465e-41,8.530917862455733e-44,3.931156344940826e-39,1.1265529430050033e-38,5.632764715025016e-41,6.390727197175989e-44,1.0651310671070907e-43,5.325655335535454e-46,8.187621372538151e-37,3.0399547674654214e-36,1.5199773837327107e-38,4.215839117585108e-36,1.6958445794981495e-35,8.479222897490747e-38,0.001919764454066728,0.38395289093893287,0.0019197644546946643,2.5954393028072282e-36,1.0276796864971244e-35,5.138398432485621e-38,2.9926310859850503e-38,9.444176953897956e-38,4.722088476948978e-40,4.7786092766419e-34,2.4539845441110463e-33,1.226992272055523e-35,1.827653190160009e-11,1.560985865628157e-09,7.804929328140785e-12,7.276724817571579e-44,7.795296279149169e-44,3.897648139574585e-46,False,1,False,Im,ng_only
614,Bt_plus_all_10_NG,76,11.513953993264469,on,ng_high_bt_low,0.1,1.0,0.001,hard_extinction,True,20,0.0019197644551626927,0.0,0.3839528910325386,0.0,0.001919764455162693,0.0,4.440892098500626e-16,0.0,0.0,0.0,0.0,0.0,0.0,0.0,0.0,0.0,0.0,0.0,0.0,0.0,0.0,0.0,0.0019197644551626927,0.3839528910325386,0.001919764455162693,0.0,0.0,0.0,0.0,0.0,0.0,0.0,0.0,0.0,0.0,0.0,0.0,0.0,0.0,0.0,True,1,False,Im,ng_only
615,Bt_plus_all_10_NG,76,11.513953993264469,on,ng_high_bt_low,0.1,1.0,0.001,no_extinction_control,False,20,0.001919764481922676,6.700345793162761e-47,0.3839528933180892,7.177841946756314e-47,0.001919764466590446,3.588920973378157e-49,0.35018788300506287,1.3424946377818103e-39,2.8331822678842495e-39,1.4165911339421248e-41,3.0023419250991145e-37,8.603822475747751e-37,4.301911237873875e-39,1.7887539948154425e-41,2.981284277213022e-41,1.490642138606511e-43,3.2768039138094424e-35,1.216633650555138e-34,6.08316825277569e-37,1.38460923499231e-34,5.569667153783151e-34,2.7848335768915754e-36,0.0019197644534556574,0.38395289088674106,0.0019197644544337053,1.0202714845127602e-34,4.039825852263079e-34,2.0199129261315395e-36,1.7652428156699987e-36,5.570772019263791e-36,2.785386009631896e-38,1.0607400994867428e-32,5.447274826607428e-32,2.723637413303714e-34,2.8467018627066456e-11,2.431348134889067e-09,1.2156740674445336e-11,6.700345793162761e-47,7.177841946756314e-47,3.588920973378157e-49,False,1,False,Im,ng_only
616,Bt_plus_all_10_NG,77,12.648552168552959,off,ng_low_bt_high,0.0001,0.001,1.0,hard_extinction,True,20,0.0019219210547316151,0.0,0.3843613027320382,0.0,0.001921806513660191,0.0,0.026782877715624487,0.0,0.0,0.0,0.0,0.0,0.0,4.864039678243048e-06,0.000914627428748421,4.573137143742105e-06,0.0,0.0,0.0,0.0,0.0,0.0,0.001917057015053372,0.3834466753032898,0.001917233376516449,0.0,0.0,0.0,0.0,0.0,0.0,0.0,0.0,0.0,0.0,0.0,0.0,0.0,0.0,0.0,False,2,False,Et|Im,ng_only
617,Bt_plus_all_10_NG,77,12.648552168552959,off,ng_low_bt_high,0.0001,0.001,1.0,no_extinction_control,False,20,0.0019219210772286352,6.535989823546786e-44,0.3843613048663665,6.963583823717424e-44,0.0019218065243318328,3.481791911858712e-46,0.3411110467059242,3.523424566450796e-28,3.769704121547678e-27,1.8848520607738392e-29,1.4670966312247055e-14,8.530175127010224e-13,4.265087563505112e-15,4.864045310686298e-06,0.0009146284016788798,4.573142008394399e-06,4.1443940528221307e-29,3.837469488516833e-28,1.9187347442584165e-30,2.027210624470165e-27,2.275098865061727e-26,1.1375494325308635e-28,0.0019170570103201037,0.38344667460460996,0.00191723337302305,1.9481606186869248e-17,8.077953656295709e-16,4.038976828147855e-18,5.305125409922712e-20,1.502748421048911e-18,7.513742105244555e-21,4.0509106868238535e-28,4.223328792577677e-27,2.1116643962888385e-29,2.1583154707776554e-11,1.8592238455653147e-09,9.296119227826574e-12,6.535989823546786e-44,6.963583823717424e-44,3.481791911858712e-46,False,2,False,Et|Im,ng_only
618,Bt_plus_all_10_NG,77,12.648552168552959,off,ng_high_bt_low,0.1,1.0,0.001,hard_extinction,True,20,0.001922099468260707,0.0,0.3843924541272232,0.0,0.0019219622706361163,0.0,0.030119109700818214,0.0,0.0,0.0,0.0,0.0,0.0,5.32677829875695e-06,0.000993975092722111,4.969875463610555e-06,0.0,0.0,0.0,0.0,0.0,0.0,0.00191677268996195,0.38339847903450114,0.0019169923951725058,0.0,0.0,0.0,0.0,0.0,0.0,0.0,0.0,0.0,0.0,0.0,0.0,0.0,0.0,0.0,False,2,False,Et|Im,ng_only
619,Bt_plus_all_10_NG,77,12.648552168552959,off,ng_high_bt_low,0.1,1.0,0.001,no_extinction_control,False,20,0.0019220995031320682,6.063017927932001e-47,0.384392457276854,6.459670975414215e-47,0.0019219622863842702,3.2298354877071075e-49,0.3502680702230503,7.835017992150583e-27,8.38272030685027e-26,4.191360153425135e-28,5.897752160956176e-14,3.4291864911018835e-12,1.7145932455509417e-14,5.3267826969233975e-06,0.0009939758421398802,4.969879210699401e-06,5.201722140557331e-28,4.8165026789352626e-27,2.4082513394676312e-29,1.7120779643986108e-26,1.9214349471641108e-25,9.607174735820554e-28,0.001916772685099692,0.3833984783924707,0.0019169923919623536,1.5026605889556374e-16,6.230755779000345e-15,3.115377889500172e-17,2.1546527148954635e-19,6.103382240886653e-18,3.0516911204433265e-20,4.2719186581724705e-27,4.4537494478053964e-26,2.226874723902698e-28,3.5276324760900877e-11,3.0388080248955957e-09,1.5194040124477978e-11,6.063017927932001e-47,6.459670975414215e-47,3.2298354877071075e-49,False,2,False,Et|Im,ng_only
620,Bt_plus_all_10_NG,77,12.648552168552959,on,ng_low_bt_high,0.0001,0.001,1.0,hard_extinction,True,20,0.0019197644600675303,0.0,0.3839528920135069,0.0,0.0019197644600675344,0.0,8.881784197001252e-16,0.0,0.0,0.0,0.0,0.0,0.0,0.0,0.0,0.0,0.0,0.0,0.0,0.0,0.0,0.0,0.0019197644600675303,0.3839528920135069,0.0019197644600675344,0.0,0.0,0.0,0.0,0.0,0.0,0.0,0.0,0.0,0.0,0.0,0.0,0.0,0.0,0.0,True,1,False,Im,ng_only
621,Bt_plus_all_10_NG,77,12.648552168552959,on,ng_low_bt_high,0.0001,0.001,1.0,no_extinction_control,False,20,0.0019197644793149161,6.536487661597204e-44,0.38395289367147395,6.964107624845443e-44,0.0019197644683573698,3.4820538124227213e-46,0.3398870105415792,7.354304474762796e-42,1.5520423280756678e-41,7.760211640378339e-44,3.4436965637926056e-39,9.867969699745695e-39,4.933984849872847e-41,5.996590288993737e-44,9.994409738444683e-44,4.997204869222341e-46,6.964497708896811e-37,2.585825241525506e-36,1.2929126207627529e-38,3.549580840225262e-36,1.4278385268845966e-35,7.139192634422983e-38,0.0019197644588381498,0.38395289190760784,0.0019197644595380392,2.5157723553196605e-36,9.961350830345626e-36,4.980675415172813e-38,2.591133231586267e-38,8.177125831639438e-38,4.088562915819719e-40,3.9725930246294054e-34,2.0400667655786057e-33,1.0200333827893028e-35,2.0476766316580507e-11,1.7638661152372664e-09,8.819330576186333e-12,6.536487661597204e-44,6.964107624845443e-44,3.4820538124227213e-46,False,1,False,Im,ng_only
622,Bt_plus_all_10_NG,77,12.648552168552959,on,ng_high_bt_low,0.1,1.0,0.001,hard_extinction,True,20,0.0019197644600675303,0.0,0.3839528920135069,0.0,0.0019197644600675344,0.0,8.881784197001252e-16,0.0,0.0,0.0,0.0,0.0,0.0,0.0,0.0,0.0,0.0,0.0,0.0,0.0,0.0,0.0,0.0019197644600675303,0.3839528920135069,0.0019197644600675344,0.0,0.0,0.0,0.0,0.0,0.0,0.0,0.0,0.0,0.0,0.0,0.0,0.0,0.0,0.0,True,1,False,Im,ng_only
623,Bt_plus_all_10_NG,77,12.648552168552959,on,ng_high_bt_low,0.1,1.0,0.001,no_extinction_control,False,20,0.0019197644908714824,6.063392618215799e-47,0.3839528946669539,6.460062490920435e-47,0.0019197644733347696,3.2300312454602177e-49,0.3491518430210778,1.3424926921647689e-39,2.8331781618807384e-39,1.4165890809403692e-41,2.9988341832319226e-37,8.593209159550487e-37,4.2966045797752436e-39,1.7891762200574873e-41,2.981987992469117e-41,1.4909939962345584e-43,3.2764187559949557e-35,1.2164906465884066e-34,6.082453232942033e-37,1.384442569969031e-34,5.568996815791526e-34,2.784498407895763e-36,0.001919764458100004,0.383952891844023,0.0019197644592201149,1.0202709242984984e-34,4.039823634061267e-34,2.0199118170306335e-36,1.7652422446116796e-36,5.5707702643598165e-36,2.785385132179908e-38,1.0684360565036756e-32,5.486796328712202e-32,2.743398164356101e-34,3.2771478545324913e-11,2.8229309526900714e-09,1.4114654763450356e-11,6.063392618215799e-47,6.460062490920435e-47,3.2300312454602177e-49,False,1,False,Im,ng_only
624,Bt_plus_all_10_NG,78,13.894954943731374,off,ng_low_bt_high,0.0001,0.001,1.0,hard_extinction,True,20,0.001921993214886626,0.0,0.3843758245188293,0.0,0.0019218791225941467,0.0,0.025936457322396578,0.0,0.0,0.0,0.0,0.0,0.0,5.049256869214364e-06,0.0009513076694114881,4.75653834705744e-06,0.0,0.0,0.0,0.0,0.0,0.0,0.0019169439580174117,0.3834245168494178,0.0019171225842470891,0.0,0.0,0.0,0.0,0.0,0.0,0.0,0.0,0.0,0.0,0.0,0.0,0.0,0.0,0.0,False,2,False,Et|Im,ng_only
625,Bt_plus_all_10_NG,78,13.894954943731374,off,ng_low_bt_high,0.0001,0.001,1.0,no_extinction_control,False,20,0.0019219932406268753,5.932531557913964e-44,0.3843758269569955,6.289522485529106e-44,0.0019218791347849777,3.144761242764553e-46,0.3401192756046676,3.856533064516887e-28,4.1646426078495396e-27,2.0823213039247698e-29,1.7746628022507654e-14,1.0445106961481807e-12,5.2225534807409035e-15,5.049262662708836e-06,0.0009513086691635436,4.756543345817718e-06,3.721337789286664e-29,3.45620446359907e-28,1.728102231799535e-30,1.7824884299865532e-27,2.0064089151521844e-26,1.0032044575760923e-28,0.0019169439529548163,0.38342451611134953,0.0019171225805567477,1.070396766006682e-17,4.3038043078726235e-16,2.1519021539363116e-18,5.709928459246556e-20,1.6324029558450082e-18,8.162014779225041e-21,3.5438509926958653e-28,3.703336757784483e-27,1.8516683788922415e-29,2.4991592470610196e-11,2.1754375044721835e-09,1.0877187522360917e-11,5.932531557913964e-44,6.289522485529106e-44,3.144761242764553e-46,False,2,False,Et|Im,ng_only
626,Bt_plus_all_10_NG,78,13.894954943731374,off,ng_high_bt_low,0.1,1.0,0.001,hard_extinction,True,20,0.001922173202476692,0.0,0.38440722568445823,0.0,0.0019220361284222913,0.0,0.029322766245812204,0.0,0.0,0.0,0.0,0.0,0.0,5.521077484026849e-06,0.0010321220732468915,5.160610366234458e-06,0.0,0.0,0.0,0.0,0.0,0.0,0.0019166521249926651,0.38337510361121135,0.0019168755180560568,0.0,0.0,0.0,0.0,0.0,0.0,0.0,0.0,0.0,0.0,0.0,0.0,0.0,0.0,0.0,False,2,False,Et|Im,ng_only
627,Bt_plus_all_10_NG,78,13.894954943731374,off,ng_high_bt_low,0.1,1.0,0.001,no_extinction_control,False,20,0.0019221732438281004,5.540401991811301e-47,0.3844072294468734,5.873797799588724e-47,0.0019220361472343666,2.9368988997943616e-49,0.34834149636777845,9.250698977727902e-27,9.989827856926936e-26,4.994913928463468e-28,7.260348969453537e-14,4.273267409588551e-12,2.1366337047942755e-14,5.5210825185031705e-06,0.001032122930103132,5.16061465051566e-06,5.491667646823845e-28,5.1004132668417476e-27,2.550206633420874e-29,1.8055617069668506e-26,2.0323843231505072e-25,1.0161921615752536e-27,0.0019166521193071844,0.383375102862619,0.001916875514313095,8.822067313729432e-17,3.54716544341318e-15,1.77358272170659e-17,2.5325873144840927e-19,7.24042201781934e-18,3.6202110089096705e-20,4.449657570734038e-27,4.649914242740873e-26,2.3249571213704365e-28,4.1929720953833594e-11,3.649874432937494e-09,1.824937216468747e-11,5.540401991811301e-47,5.873797799588724e-47,2.9368988997943616e-49,False,2,False,Et|Im,ng_only
628,Bt_plus_all_10_NG,78,13.894954943731374,on,ng_low_bt_high,0.0001,0.001,1.0,hard_extinction,True,20,0.001919764465500465,0.0,0.383952893100093,0.0,0.001919764465500465,0.0,0.0,0.0,0.0,0.0,0.0,0.0,0.0,0.0,0.0,0.0,0.0,0.0,0.0,0.0,0.0,0.0,0.001919764465500465,0.383952893100093,0.001919764465500465,0.0,0.0,0.0,0.0,0.0,0.0,0.0,0.0,0.0,0.0,0.0,0.0,0.0,0.0,0.0,True,1,False,Im,ng_only
629,Bt_plus_all_10_NG,78,13.894954943731374,on,ng_low_bt_high,0.0001,0.001,1.0,no_extinction_control,False,20,0.001919764487785545,5.932931477967232e-44,0.38395289503988156,6.289940995644629e-44,0.0019197644751994076,3.144970497822314e-46,0.33906177770821166,6.746071819696756e-42,1.4236817428945922e-41,7.118408714472961e-44,3.063614726509158e-39,8.778686371849566e-39,4.389343185924783e-41,5.658110068757519e-44,9.430270811760166e-44,4.715135405880083e-46,6.004085683386575e-37,2.229237047856277e-36,1.1146185239281384e-38,3.031641618460414e-36,1.2194946289336119e-35,6.09747314466806e-38,0.0019197644640746609,0.3839528929759854,0.0019197644648799269,2.1584425087799362e-36,8.546481970685424e-36,4.273240985342712e-38,2.2713318400464645e-38,7.167893260878931e-38,3.5839466304394656e-40,3.3530303530331386e-34,1.7218994769344565e-33,8.609497384672283e-36,2.37108841421884e-11,2.0638961580774785e-09,1.0319480790387393e-11,5.932931477967232e-44,6.289940995644629e-44,3.144970497822314e-46,False,1,False,Im,ng_only
630,Bt_plus_all_10_NG,78,13.894954943731374,on,ng_high_bt_low,0.1,1.0,0.001,hard_extinction,True,20,0.001919764465500465,0.0,0.383952893100093,0.0,0.001919764465500465,0.0,0.0,0.0,0.0,0.0,0.0,0.0,0.0,0.0,0.0,0.0,0.0,0.0,0.0,0.0,0.0,0.0,0.001919764465500465,0.383952893100093,0.001919764465500465,0.0,0.0,0.0,0.0,0.0,0.0,0.0,0.0,0.0,0.0,0.0,0.0,0.0,0.0,0.0,True,1,False,Im,ng_only
631,Bt_plus_all_10_NG,78,13.894954943731374,on,ng_high_bt_low,0.1,1.0,0.001,no_extinction_control,False,20,0.0019197645021015054,5.540697781752348e-47,0.38395289628600265,5.874104943135856e-47,0.0019197644814300133,2.937052471567928e-49,0.34740469680203745,1.342490932204047e-39,2.833174447683769e-39,1.4165872238418844e-41,2.9978990945188743e-37,8.590380408316191e-37,4.2951902041580954e-39,1.789624973527236e-41,2.9827359218476605e-41,1.4913679609238302e-43,3.2760106804619956e-35,1.216339133578038e-34,6.08169566789019e-37,1.3842660056461518e-34,5.568286662320437e-34,2.7841433311602186e-36,0.001919764463158725,0.3839528928962577,0.0019197644644812885,1.0202704227825006e-34,4.039821648278732e-34,2.019910824139366e-36,1.7652417760607457e-36,5.57076883586897e-36,2.785384417934485e-38,1.076454065735837e-32,5.52797168340637e-32,2.7639858417031846e-34,3.894278039840122e-11,3.389744935682514e-09,1.694872467841257e-11,5.540697781752348e-47,5.874104943135856e-47,2.937052471567928e-49,False,1,False,Im,ng_only
632,Bt_plus_all_10_NG,79,15.264179671752318,off,ng_low_bt_high,0.0001,0.001,1.0,hard_extinction,True,20,0.0019219426853357541,0.0,0.38436567636221963,0.0,0.0019218283818110981,0.0,0.026498072637917147,0.0,0.0,0.0,0.0,0.0,0.0,4.918368297721116e-06,0.0009254500089742335,4.627250044871168e-06,0.0,0.0,0.0,0.0,0.0,0.0,0.001917024317038033,0.3834402263532454,0.001917201131766227,0.0,0.0,0.0,0.0,0.0,0.0,0.0,0.0,0.0,0.0,0.0,0.0,0.0,0.0,0.0,False,2,False,Et|Im,ng_only
633,Bt_plus_all_10_NG,79,15.264179671752318,off,ng_low_bt_high,0.0001,0.001,1.0,no_extinction_control,False,20,0.0019219427163338282,5.436293362637003e-44,0.38436567933246046,5.737847079413211e-44,0.0019218283966623026,2.8689235397066053e-46,0.338379566504754,4.407257474077735e-28,4.8136662573576945e-27,2.406833128678847e-29,2.2442275203531346e-14,1.3403423235798014e-12,6.701711617899007e-15,4.918375290198312e-06,0.0009254512165672647,4.627256082836323e-06,3.4173341676149824e-29,3.185688853166303e-28,1.5928444265831514e-30,1.6047649141954984e-27,1.8129629626721264e-26,9.064814813360632e-29,0.0019170243109494392,0.38344022546342904,0.0019172011273171452,5.2447347847276314e-18,2.0314490687037287e-16,1.0157245343518644e-18,6.389360034897925e-20,1.847320664820959e-18,9.236603324104795e-21,3.166093387727154e-28,3.318088194034381e-27,1.6590440970171906e-29,3.007174322881662e-11,2.6511236230503243e-09,1.3255618115251621e-11,5.436293362637003e-44,5.737847079413211e-44,2.8689235397066053e-46,False,2,False,Et|Im,ng_only
634,Bt_plus_all_10_NG,79,15.264179671752318,off,ng_high_bt_low,0.1,1.0,0.001,hard_extinction,True,20,0.0019221226756517581,0.0,0.3843970954598883,0.0,0.0019219854772994415,0.0,0.029870876568611315,0.0,0.0,0.0,0.0,0.0,0.0,5.386617595312208e-06,0.0010057157668648192,5.028578834324096e-06,0.0,0.0,0.0,0.0,0.0,0.0,0.001916736058056446,0.3833913796930235,0.0019169568984651175,0.0,0.0,0.0,0.0,0.0,0.0,0.0,0.0,0.0,0.0,0.0,0.0,0.0,0.0,0.0,False,2,False,Et|Im,ng_only
635,Bt_plus_all_10_NG,79,15.264179671752318,off,ng_high_bt_low,0.1,1.0,0.001,no_extinction_control,False,20,0.0019221227267459773,5.108191390898369e-47,0.38439710017293016,5.39154623205466e-47,0.001921985500864651,2.69577311602733e-49,0.3454233967826763,1.1327750383754545e-26,1.2372399893460864e-25,6.186199946730432e-28,9.306920938874968e-14,5.55853445180996e-12,2.77926722590498e-14,5.386624068231213e-06,0.001005716869384767,5.0285843469238345e-06,5.86956492797294e-28,5.471703938719656e-27,2.735851969359828e-29,1.9272525127345988e-26,2.1772930644315318e-25,1.088646532215766e-27,0.001916736050892853,0.3833913787408066,0.001916956893704033,4.612790761097432e-17,1.7866910552134824e-15,8.933455276067413e-18,3.083713764656776e-19,8.915828026700229e-18,4.4579140133501144e-20,4.677620718284049e-27,4.902186133718487e-26,2.4510930668592433e-28,5.169177751934524e-11,4.557178509707694e-09,2.2785892548538467e-11,5.108191390898369e-47,5.39154623205466e-47,2.69577311602733e-49,False,2,False,Et|Im,ng_only
636,Bt_plus_all_10_NG,79,15.264179671752318,on,ng_low_bt_high,0.0001,0.001,1.0,hard_extinction,True,20,0.001919764470838351,0.0,0.38395289416766976,0.0,0.0019197644708383488,0.0,4.440892098500626e-16,0.0,0.0,0.0,0.0,0.0,0.0,0.0,0.0,0.0,0.0,0.0,0.0,0.0,0.0,0.0,0.001919764470838351,0.38395289416766976,0.0019197644708383488,0.0,0.0,0.0,0.0,0.0,0.0,0.0,0.0,0.0,0.0,0.0,0.0,0.0,0.0,0.0,True,1,False,Im,ng_only
637,Bt_plus_all_10_NG,79,15.264179671752318,on,ng_low_bt_high,0.0001,0.001,1.0,no_extinction_control,False,20,0.0019197644976610404,5.436611947934306e-44,0.3839528965322906,5.738178853287827e-44,0.001919764482661453,2.8690894266439135e-46,0.33751006532112626,6.235544575262453e-42,1.3159407735456944e-41,6.579703867728472e-44,2.7561917790381685e-39,7.897744185338641e-39,3.948872092669321e-41,5.366129564577486e-44,8.943632129813024e-44,4.471816064906512e-46,5.24160584221511e-37,1.9461384380402572e-36,9.730692190201286e-39,2.6237495201087065e-36,1.0554177908304307e-35,5.277088954152154e-38,0.0019197644691185758,0.38395289401605986,0.0019197644700802994,1.875693235473575e-36,7.42691934313915e-36,3.713459671569575e-38,2.0138937442650751e-38,6.355467430934809e-38,3.1777337154674045e-40,2.8704090366222265e-34,1.4740564041114608e-33,7.370282020557304e-36,2.854246467019007e-11,2.516230710526957e-09,1.2581153552634784e-11,5.436611947934306e-44,5.738178853287827e-44,2.8690894266439135e-46,False,1,False,Im,ng_only
638,Bt_plus_all_10_NG,79,15.264179671752318,on,ng_high_bt_low,0.1,1.0,0.001,hard_extinction,True,20,0.001919764470838351,0.0,0.38395289416766976,0.0,0.0019197644708383488,0.0,4.440892098500626e-16,0.0,0.0,0.0,0.0,0.0,0.0,0.0,0.0,0.0,0.0,0.0,0.0,0.0,0.0,0.0,0.001919764470838351,0.38395289416766976,0.0019197644708383488,0.0,0.0,0.0,0.0,0.0,0.0,0.0,0.0,0.0,0.0,0.0,0.0,0.0,0.0,0.0,True,1,False,Im,ng_only
639,Bt_plus_all_10_NG,79,15.264179671752318,on,ng_high_bt_low,0.1,1.0,0.001,no_extinction_control,False,20,0.001919764515973281,5.108418742495094e-47,0.3839528981466505,5.391780889042803e-47,0.0019197644907332524,2.6958904445214015e-49,0.3446761883585392,1.3424893410103576e-39,2.8331710896504385e-39,1.4165855448252192e-41,2.997679445669335e-37,8.589716285927716e-37,4.294858142963858e-39,1.7900549399126468e-41,2.983452539128877e-41,1.4917262695644385e-43,3.275622589040383e-35,1.2161950404020536e-34,6.080975202010268e-37,1.384098095433304e-34,5.567611324858108e-34,2.783805662429054e-36,0.0019197644679444586,0.38395289391255266,0.0019197644695627633,1.020269974190093e-34,4.0398198720503045e-34,2.019909936025152e-36,1.765241399293565e-36,5.5707676995849365e-36,2.785383849792468e-38,1.0838156123503148e-32,5.565775869223776e-32,2.782887934611888e-34,4.8028822499625193e-11,4.234097826673625e-09,2.1170489133368124e-11,5.108418742495094e-47,5.391780889042803e-47,2.6958904445214015e-49,False,1,False,Im,ng_only
640,Bt_plus_all_10_NG,80,16.768329368110066,off,ng_low_bt_high,0.0001,0.001,1.0,hard_extinction,True,20,0.0019208321145428799,0.0,0.38414553804276846,0.0,0.0019207276902138424,0.0,0.04699245495506599,0.0,0.0,0.0,0.0,0.0,0.0,2.262444556696096e-06,0.00040608361259051787,2.0304180629525895e-06,0.0,0.0,0.0,0.0,0.0,0.0,0.0019185696699861837,0.38373945443017793,0.0019186972721508897,0.0,0.0,0.0,0.0,0.0,0.0,0.0,0.0,0.0,0.0,0.0,0.0,0.0,0.0,0.0,False,2,False,Et|Im,ng_only
641,Bt_plus_all_10_NG,80,16.768329368110066,off,ng_low_bt_high,0.0001,0.001,1.0,no_extinction_control,False,20,0.0019208321514834037,5.025181767399419e-44,0.38414554147104807,5.282756112949344e-44,0.0019207277073552407,2.641378056474672e-46,0.3354928026913502,5.29066125201875e-28,5.858395750514365e-27,2.9291978752571824e-29,2.9772794425807304e-14,1.8092739703449071e-12,9.046369851724535e-15,2.262447765049749e-06,0.00040608416591894603,2.0304208295947303e-06,3.2180313815353e-29,3.013530028850598e-28,1.506765014425299e-30,1.4831755814907887e-27,1.6830690394191726e-26,8.415345197095863e-29,0.00191856966592253,0.38373945392244835,0.0019186972696122418,2.483851279934521e-18,9.248882066886994e-17,4.624441033443497e-19,7.483174916212652e-20,2.193240847331152e-18,1.096620423665576e-20,2.893580730607574e-28,3.0431232404399874e-27,1.5215616202199937e-29,3.776604862742775e-11,3.3808714388659184e-09,1.6904357194329592e-11,5.025181767399419e-44,5.282756112949344e-44,2.641378056474672e-46,False,2,False,Et|Im,ng_only
642,Bt_plus_all_10_NG,80,16.768329368110066,off,ng_high_bt_low,0.1,1.0,0.001,hard_extinction,True,20,0.0019209739997515557,0.0,0.3841701702914719,0.0,0.0019208508514573595,0.0,0.049399745432779696,0.0,0.0,0.0,0.0,0.0,0.0,2.5819565423000844e-06,0.00046087076327162315,2.304353816358116e-06,0.0,0.0,0.0,0.0,0.0,0.0,0.0019183920432092557,0.38370929952820026,0.0019185464976410012,0.0,0.0,0.0,0.0,0.0,0.0,0.0,0.0,0.0,0.0,0.0,0.0,0.0,0.0,0.0,False,2,False,Et|Im,ng_only
643,Bt_plus_all_10_NG,80,16.768329368110066,off,ng_high_bt_low,0.1,1.0,0.001,no_extinction_control,False,20,0.0019209740642249333,4.748347218049825e-47,0.3841701762552576,4.991732490933078e-47,0.0019208508812762883,2.4958662454665388e-49,0.341180427476953,1.4459495722793277e-26,1.6011187772706345e-25,8.005593886353172e-28,1.2405127261807303e-13,7.53857499902477e-12,3.769287499512385e-14,2.581961828178224e-06,0.00046087166529425644,2.304358326471282e-06,6.364209463741658e-28,5.959779363845335e-27,2.9798896819226676e-29,2.0862571356920704e-26,2.367432791205413e-25,1.1837163956027065e-27,0.0019183920362209237,0.3837092986693489,0.0019185464933467445,2.3140102613176036e-17,8.616501232625425e-16,4.3082506163127125e-18,3.9006227233258635e-19,1.1432363141925467e-17,5.716181570962733e-20,4.968032138193324e-27,5.224788183167895e-26,2.6123940915839477e-28,6.605175657132858e-11,5.9130750528542625e-09,2.9565375264271313e-11,4.748347218049825e-47,4.991732490933078e-47,2.4958662454665388e-49,False,2,False,Et|Im,ng_only
644,Bt_plus_all_10_NG,80,16.768329368110066,on,ng_low_bt_high,0.0001,0.001,1.0,hard_extinction,True,20,0.0019197644772788159,0.0,0.3839528954557632,0.0,0.001919764477278816,0.0,0.0,0.0,0.0,0.0,0.0,0.0,0.0,0.0,0.0,0.0,0.0,0.0,0.0,0.0,0.0,0.0,0.0019197644772788159,0.3839528954557632,0.001919764477278816,0.0,0.0,0.0,0.0,0.0,0.0,0.0,0.0,0.0,0.0,0.0,0.0,0.0,0.0,0.0,True,1,False,Im,ng_only
645,Bt_plus_all_10_NG,80,16.768329368110066,on,ng_low_bt_high,0.0001,0.001,1.0,no_extinction_control,False,20,0.001919764511051241,5.025393754731711e-44,0.38395289847905606,5.282976197963638e-44,0.0019197644923952802,2.641488098981819e-46,0.33484091273963834,5.803685258240329e-42,1.2248017756850135e-41,6.124008878425067e-44,2.5029228889050127e-39,7.172007693197327e-39,3.586003846598664e-41,5.113203529905662e-44,8.522084833398628e-44,4.2610424166993135e-46,4.6297777268750325e-37,1.718974807546086e-36,8.594874037730429e-39,2.2999286345702735e-36,9.251590595521525e-36,4.625795297760763e-38,0.0019197644751077787,0.3839528952614132,0.0019197644763070659,1.649481177713267e-36,6.531219195770885e-36,3.265609597885443e-38,1.8045827328999748e-38,5.694921555694706e-38,2.847460777847353e-40,2.489630627662993e-34,1.2785132556114354e-33,6.392566278057177e-36,3.59434623213484e-11,3.217642862600507e-09,1.6088214313002535e-11,5.025393754731711e-44,5.282976197963638e-44,2.641488098981819e-46,False,1,False,Im,ng_only
646,Bt_plus_all_10_NG,80,16.768329368110066,on,ng_high_bt_low,0.1,1.0,0.001,hard_extinction,True,20,0.0019197644772788159,0.0,0.3839528954557632,0.0,0.001919764477278816,0.0,0.0,0.0,0.0,0.0,0.0,0.0,0.0,0.0,0.0,0.0,0.0,0.0,0.0,0.0,0.0,0.0,0.0019197644772788159,0.3839528954557632,0.001919764477278816,0.0,0.0,0.0,0.0,0.0,0.0,0.0,0.0,0.0,0.0,0.0,0.0,0.0,0.0,0.0,True,1,False,Im,ng_only
647,Bt_plus_all_10_NG,80,16.768329368110066,on,ng_high_bt_low,0.1,1.0,0.001,no_extinction_control,False,20,0.0019197645353793433,4.748467477410179e-47,0.38395290065689663,4.991855739947415e-47,0.0019197645032844833,2.4959278699737075e-49,0.34066484610596426,1.3424879029910946e-39,2.8331680548743107e-39,1.4165840274371553e-41,2.9976334651120414e-37,8.589577556891853e-37,4.2947887784459263e-39,1.7905383112474468e-41,2.9842581654836935e-41,1.4921290827418468e-43,3.275188804300379e-35,1.2160339819055206e-34,6.080169909527603e-37,1.3839103692464548e-34,5.566856277502466e-34,2.783428138751233e-36,0.0019197644735438595,0.3839528951214121,0.0019197644756070607,1.0202695733604517e-34,4.039818284941414e-34,2.019909142470707e-36,1.765241096929411e-36,5.570766798675037e-36,2.7853833993375184e-38,1.0919076685314809e-32,5.607331472342935e-32,2.8036657361714676e-34,6.183548387824893e-11,5.535484538772069e-09,2.7677422693860346e-11,4.748467477410179e-47,4.991855739947415e-47,2.4959278699737075e-49,False,1,False,Im,ng_only
648,Bt_plus_all_10_NG,81,18.420699693267146,off,ng_low_bt_high,0.0001,0.001,1.0,hard_extinction,True,20,0.0019201462460882964,0.0,0.3840165137610154,0.0,0.001920082568805077,0.0,0.08050019417233667,0.0,0.0,0.0,0.0,0.0,0.0,7.821899867831036e-07,0.00012996964731618225,6.498482365809113e-07,0.0,0.0,0.0,0.0,0.0,0.0,0.0019193640561015132,0.3838865441136992,0.0019194327205684961,0.0,0.0,0.0,0.0,0.0,0.0,0.0,0.0,0.0,0.0,0.0,0.0,0.0,0.0,0.0,False,2,False,Et|Im,ng_only
649,Bt_plus_all_10_NG,81,18.420699693267146,off,ng_low_bt_high,0.0001,0.001,1.0,no_extinction_control,False,20,0.0019201462938284192,4.682277207308284e-44,0.384016518171454,4.904630674039123e-44,0.0019200825908572698,2.4523153370195614e-46,0.33108680934379464,6.710284120930659e-28,7.553784717110405e-27,3.776892358555202e-29,4.172736524904157e-14,2.5879698667529243e-12,1.2939849333764621e-14,7.821916368808386e-07,0.00012996991797618065,6.498495898809033e-07,3.114974902366377e-29,2.933087284321481e-28,1.4665436421607405e-30,1.4105159182295156e-27,1.6092636929541004e-26,8.046318464770502e-29,0.001919364052203206,0.38388654369689806,0.0019194327184844902,1.1497967397896748e-18,4.108874298664128e-17,2.0544371493320642e-19,9.238984596404753e-20,2.752493010344138e-18,1.376246505172069e-20,2.7101816327090786e-28,2.8623554831569072e-27,1.4311777415784536e-29,4.994660366665855e-11,4.553991748338651e-09,2.2769958741693255e-11,4.682277207308284e-44,4.904630674039123e-44,2.4523153370195614e-46,False,2,False,Et|Im,ng_only
650,Bt_plus_all_10_NG,81,18.420699693267146,off,ng_high_bt_low,0.1,1.0,0.001,hard_extinction,True,20,0.0019202255239999858,0.0,0.384029562195528,0.0,0.00192014781097764,0.0,0.081712936691555,0.0,0.0,0.0,0.0,0.0,0.0,9.480533144013197e-07,0.0001570904287397495,7.854521436987474e-07,0.0,0.0,0.0,0.0,0.0,0.0,0.0019192774706855845,0.38387247176678824,0.0019193623588339413,0.0,0.0,0.0,0.0,0.0,0.0,0.0,0.0,0.0,0.0,0.0,0.0,0.0,0.0,0.0,False,2,False,Et|Im,ng_only
651,Bt_plus_all_10_NG,81,18.420699693267146,off,ng_high_bt_low,0.1,1.0,0.001,no_extinction_control,False,20,0.0019202256085068408,4.446893031310173e-47,0.38402956997694504,4.65806878686693e-47,0.001920147849884725,2.329034393433465e-49,0.33540048019792934,1.938298996587217e-26,2.181953380977875e-25,1.0909766904889374e-27,1.7412515237969554e-13,1.0799453121564734e-11,5.3997265607823673e-14,9.480556007345962e-07,0.00015709080177323608,7.854540088661804e-07,7.019579210345792e-28,6.609700757285726e-27,3.304850378642863e-29,2.2965690049283806e-26,2.6201671576224474e-25,1.3100835788112237e-27,0.0019192774640574336,0.38387247107925476,0.0019193623553962738,1.1263186978145335e-17,4.024985336372758e-16,2.0124926681863792e-18,5.174854106632217e-19,1.5417043001858257e-17,7.708521500929128e-20,5.345006463923845e-27,5.645125712756536e-26,2.822562856378268e-28,8.86745358974241e-11,8.085117140963048e-09,4.042558570481524e-11,4.446893031310173e-47,4.65806878686693e-47,2.329034393433465e-49,False,2,False,Et|Im,ng_only
652,Bt_plus_all_10_NG,81,18.420699693267146,on,ng_low_bt_high,0.0001,0.001,1.0,hard_extinction,True,20,0.0019197644838558022,0.0,0.3839528967711617,0.0,0.0019197644838558083,0.0,1.3322676295501878e-15,0.0,0.0,0.0,0.0,0.0,0.0,0.0,0.0,0.0,0.0,0.0,0.0,0.0,0.0,0.0,0.0019197644838558022,0.3839528967711617,0.0019197644838558083,0.0,0.0,0.0,0.0,0.0,0.0,0.0,0.0,0.0,0.0,0.0,0.0,0.0,0.0,0.0,True,1,False,Im,ng_only
653,Bt_plus_all_10_NG,81,18.420699693267146,on,ng_low_bt_high,0.0001,0.001,1.0,no_extinction_control,False,20,0.0019197645286311866,4.682423072971637e-44,0.3839529008536095,4.904782190817276e-44,0.0019197645042680475,2.452391095408638e-46,0.33062530514896515,5.4365458514620006e-42,1.1473211789025558e-41,5.736605894512779e-44,2.29205040349719e-39,6.56776160988204e-39,3.28388080494102e-41,4.893252468541737e-44,8.1554963349795e-44,4.07774816748975e-46,4.133900333820632e-37,1.534862135928156e-36,7.674310679640781e-39,2.0391058160533313e-36,8.202416465787132e-36,4.101208232893566e-38,0.0019197644809683745,0.38395289650789777,0.0019197644825394889,1.4666501007712224e-36,5.807288631759993e-36,2.9036443158799966e-38,1.632812582392905e-38,5.152847520656389e-38,2.5764237603281946e-40,2.1855700050555364e-34,1.1223673952897178e-33,5.6118369764485885e-36,4.766281204088891e-11,4.345711739992542e-09,2.172855869996271e-11,4.682423072971637e-44,4.904782190817276e-44,2.452391095408638e-46,False,1,False,Im,ng_only
654,Bt_plus_all_10_NG,81,18.420699693267146,on,ng_high_bt_low,0.1,1.0,0.001,hard_extinction,True,20,0.0019197644838558022,0.0,0.3839528967711617,0.0,0.0019197644838558083,0.0,1.3322676295501878e-15,0.0,0.0,0.0,0.0,0.0,0.0,0.0,0.0,0.0,0.0,0.0,0.0,0.0,0.0,0.0,0.0019197644838558022,0.3839528967711617,0.0019197644838558083,0.0,0.0,0.0,0.0,0.0,0.0,0.0,0.0,0.0,0.0,0.0,0.0,0.0,0.0,0.0,True,1,False,Im,ng_only
655,Bt_plus_all_10_NG,81,18.420699693267146,on,ng_high_bt_low,0.1,1.0,0.001,no_extinction_control,False,20,0.0019197645623966557,4.4469522936651825e-47,0.3839529039322138,4.658129364555419e-47,0.0019197645196610692,2.3290646822777093e-49,0.33506491375195147,1.3424866047414701e-39,2.833165315066121e-39,1.4165826575330604e-41,2.997623928006832e-37,8.589549045338538e-37,4.294774522669269e-39,1.7909992326116046e-41,2.9850263748741326e-41,1.4925131874370663e-43,3.2747808234802544e-35,1.215882504060765e-34,6.079412520303825e-37,1.3837337531944305e-34,5.566145921468234e-34,2.7830729607341168e-36,0.0019197644787909455,0.38395289630936824,0.0019197644815468413,1.0202692156571828e-34,4.039816868593966e-34,2.019908434296983e-36,1.7652408601907615e-36,5.5707661049898264e-36,2.7853830524949134e-38,1.0991130014234222e-32,5.644333424063761e-32,2.8221667120318802e-34,8.360571026026623e-11,7.622845581551188e-09,3.8114227907755935e-11,4.4469522936651825e-47,4.658129364555419e-47,2.3290646822777093e-49,False,1,False,Im,ng_only
656,Bt_plus_all_10_NG,82,20.235896477251554,off,ng_low_bt_high,0.0001,0.001,1.0,hard_extinction,True,20,0.0019197644607628237,0.0,0.383952892158566,0.0,0.00191976446079283,0.0,6.788347661768057e-12,0.0,0.0,0.0,0.0,0.0,0.0,0.0,0.0,0.0,0.0,0.0,0.0,0.0,0.0,0.0,0.0019197644607628237,0.383952892158566,0.00191976446079283,0.0,0.0,0.0,0.0,0.0,0.0,0.0,0.0,0.0,0.0,0.0,0.0,0.0,0.0,0.0,False,1,False,Im,ng_only
657,Bt_plus_all_10_NG,82,20.235896477251554,off,ng_low_bt_high,0.0001,0.001,1.0,no_extinction_control,False,20,0.001919862956497441,4.394609404262136e-44,0.38396768827425987,4.5885158577741e-44,0.0019198384413712994,2.29425792888705e-46,0.32475837253713813,9.050846812657248e-28,1.0390270530824551e-26,5.195135265412276e-29,6.207386956197855e-14,3.942220175404771e-12,1.9711100877023854e-14,1.9899256653002528e-07,2.9868709515907597e-05,1.49343547579538e-07,3.1074226384108966e-29,2.9453699059594766e-28,1.4726849529797383e-30,1.3836876930444543e-27,1.5889197946319827e-26,7.944598973159914e-29,0.0019196638938422917,0.38393781303580143,0.0019196890651790072,5.192633824416223e-19,1.7780243618098437e-17,8.890121809049219e-20,1.2111741294127904e-19,3.679263844045299e-18,1.8396319220226496e-20,2.605981414462437e-28,2.7663824910067573e-27,1.3831912455033786e-29,7.002654465470534e-11,6.525000337561757e-09,3.262500168780879e-11,4.394609404262136e-44,4.5885158577741e-44,2.29425792888705e-46,False,1,False,Im,ng_only
658,Bt_plus_all_10_NG,82,20.235896477251554,off,ng_high_bt_low,0.1,1.0,0.001,hard_extinction,True,20,0.0019197644549328186,0.0,0.3839528921527357,0.0,0.0019197644607636785,0.0,1.3190732950363326e-09,0.0,0.0,0.0,0.0,0.0,0.0,0.0,0.0,0.0,0.0,0.0,0.0,0.0,0.0,0.0,0.0019197644549328186,0.3839528921527357,0.0019197644607636785,0.0,0.0,0.0,0.0,0.0,0.0,0.0,0.0,0.0,0.0,0.0,0.0,0.0,0.0,0.0,False,1,False,Im,ng_only
659,Bt_plus_all_10_NG,82,20.235896477251554,off,ng_high_bt_low,0.1,1.0,0.001,no_extinction_control,False,20,0.0019198921328606015,4.193053511466022e-47,0.38397205791305816,4.3780666885152776e-47,0.0019198602895652908,2.1890333442576387e-49,0.32780378840117663,2.747180264393734e-26,3.153735559385933e-25,1.5768677796929665e-27,2.585524253268414e-13,1.642032027658045e-11,8.210160138290225e-14,2.5819855374850175e-07,3.8720039448723505e-05,1.9360019724361751e-07,7.898093689119917e-28,7.486208791113485e-27,3.7431043955567427e-29,2.577906109030772e-26,2.9602686428752376e-25,1.4801343214376188e-27,0.0019196338082182898,0.3839333261324682,0.0019196666306623411,5.330577047975132e-18,1.8252603248024565e-16,9.126301624012282e-19,7.248190958056929e-19,2.2018333455254408e-17,1.1009166727627203e-19,5.8376112470223054e-27,6.196924120552297e-26,3.0984620602761485e-28,1.2583000458726253e-10,1.17247206892419e-08,5.86236034462095e-11,4.193053511466022e-47,4.3780666885152776e-47,2.1890333442576387e-49,False,1,False,Im,ng_only
660,Bt_plus_all_10_NG,82,20.235896477251554,on,ng_low_bt_high,0.0001,0.001,1.0,hard_extinction,True,20,0.001919764460792961,0.0,0.3839528921585966,0.0,0.0019197644607929832,0.0,4.884981308350689e-15,0.0,0.0,0.0,0.0,0.0,0.0,0.0,0.0,0.0,0.0,0.0,0.0,0.0,0.0,0.0,0.001919764460792961,0.3839528921585966,0.0019197644607929832,0.0,0.0,0.0,0.0,0.0,0.0,0.0,0.0,0.0,0.0,0.0,0.0,0.0,0.0,0.0,True,1,False,Im,ng_only
661,Bt_plus_all_10_NG,82,20.235896477251554,on,ng_low_bt_high,0.0001,0.001,1.0,no_extinction_control,False,20,0.0019197645237151758,4.3947110065659795e-44,0.3839528980215972,4.588621541714219e-44,0.0019197644901079861,2.2943107708571095e-46,0.32445271103240536,5.122665245570185e-42,1.0810802464013413e-41,5.405401232006707e-44,2.1151206318129328e-39,6.060777583794126e-39,3.030388791897063e-41,4.70128862747728e-44,7.835553635861762e-44,3.917776817930881e-46,3.728188115581154e-37,1.3842265928395577e-36,6.921132964197788e-39,1.8271690680596013e-36,7.349889239559715e-36,3.6749446197798574e-38,0.0019197644567202278,0.3839528917791046,0.001919764458895523,1.3175394841422182e-36,5.2168762434411846e-36,2.6084381217205923e-38,1.4906317080851703e-38,4.704151632187574e-38,2.352075816093787e-40,1.9399927387838927e-34,9.962547995068998e-34,4.981273997534499e-36,6.699494796194639e-11,6.242492629498546e-09,3.121246314749273e-11,4.3947110065659795e-44,4.588621541714219e-44,2.2943107708571095e-46,False,1,False,Im,ng_only
662,Bt_plus_all_10_NG,82,20.235896477251554,on,ng_high_bt_low,0.1,1.0,0.001,hard_extinction,True,20,0.001919764460792961,0.0,0.3839528921585966,0.0,0.0019197644607929832,0.0,4.884981308350689e-15,0.0,0.0,0.0,0.0,0.0,0.0,0.0,0.0,0.0,0.0,0.0,0.0,0.0,0.0,0.0,0.001919764460792961,0.3839528921585966,0.0019197644607929832,0.0,0.0,0.0,0.0,0.0,0.0,0.0,0.0,0.0,0.0,0.0,0.0,0.0,0.0,0.0,True,1,False,Im,ng_only
663,Bt_plus_all_10_NG,82,20.235896477251554,on,ng_high_bt_low,0.1,1.0,0.001,no_extinction_control,False,20,0.0019197645729563486,4.1930785353752606e-47,0.3839529026098169,4.3780923170801442e-47,0.0019197645130490846,2.1890461585400722e-49,0.3275992385346562,1.3424854335159637e-39,2.8331628433278705e-39,1.4165814216639352e-41,2.9976206020235833e-37,8.589539280268715e-37,4.2947696401343575e-39,1.791423661221063e-41,2.985733762443266e-41,1.4928668812216331e-43,3.274413551969673e-35,1.2157461410404533e-34,6.078730705202267e-37,1.3835746425530192e-34,5.565505981462027e-34,2.7827529907310136e-36,0.001919764453533013,0.38395289148212547,0.0019197644574106274,1.0202688968931626e-34,4.0398156064288e-34,2.0199078032144e-36,1.7652406780954238e-36,5.5707655834944906e-36,2.7853827917472455e-38,1.10504507600507e-32,5.674796717769035e-32,2.8373983588845176e-34,1.1942333563564266e-10,1.1127691419907923e-08,5.5638457099539615e-11,4.1930785353752606e-47,4.3780923170801442e-47,2.1890461585400722e-49,False,1,False,Im,ng_only
664,Bt_plus_all_10_NG,83,22.229964825261934,off,ng_low_bt_high,0.0001,0.001,1.0,hard_extinction,True,20,0.0019197645006449587,0.0,0.38395290012900823,0.0,0.001919764500645041,0.0,1.865174681370263e-14,0.0,0.0,0.0,0.0,0.0,0.0,0.0,0.0,0.0,0.0,0.0,0.0,0.0,0.0,0.0,0.0019197645006449587,0.38395290012900823,0.001919764500645041,0.0,0.0,0.0,0.0,0.0,0.0,0.0,0.0,0.0,0.0,0.0,0.0,0.0,0.0,0.0,True,1,False,Im,ng_only
665,Bt_plus_all_10_NG,83,22.229964825261934,off,ng_low_bt_high,0.0001,0.001,1.0,no_extinction_control,False,20,0.0019198254115841158,4.1968594759405257e-44,0.38396173539867995,4.372059525573845e-44,0.0019198086769934,2.1860297627869226e-46,0.3042043588149337,2.1282177009117314e-27,2.5689424210480706e-26,1.2844712105240354e-28,2.514809835542267e-13,1.7319843682752197e-11,8.659921841376098e-14,1.2256234661877135e-07,1.7781051217333256e-05,8.890525608666628e-08,3.681498733971604e-29,3.544129375163266e-28,1.772064687581633e-30,1.6092156298835585e-27,1.8762598536990472e-26,9.381299268495236e-29,0.0019197026683239722,0.38394393649623554,0.0019197196824811778,4.085625750481474e-19,1.3818576983017906e-17,6.909288491508953e-20,2.7426109784657565e-19,8.756398688345113e-18,4.378199344172557e-20,2.8611454784866943e-28,3.0737304456081848e-27,1.5368652228040925e-29,1.8066204304840637e-10,1.7833907219252076e-08,8.916953609626038e-11,4.1968594759405257e-44,4.372059525573845e-44,2.1860297627869226e-46,False,1,False,Im,ng_only
666,Bt_plus_all_10_NG,83,22.229964825261934,off,ng_high_bt_low,0.1,1.0,0.001,hard_extinction,True,20,0.0019197645006175537,0.0,0.383952900128981,0.0,0.001919764500644905,0.0,6.1874949608409224e-12,0.0,0.0,0.0,0.0,0.0,0.0,0.0,0.0,0.0,0.0,0.0,0.0,0.0,0.0,0.0,0.0019197645006175537,0.383952900128981,0.001919764500644905,0.0,0.0,0.0,0.0,0.0,0.0,0.0,0.0,0.0,0.0,0.0,0.0,0.0,0.0,0.0,False,1,False,Im,ng_only
667,Bt_plus_all_10_NG,83,22.229964825261934,off,ng_high_bt_low,0.1,1.0,0.001,no_extinction_control,False,20,0.0019198461133776473,4.021142782147737e-47,0.38396473028397893,4.1890075248816205e-47,0.0019198236514198946,2.0945037624408104e-49,0.3052717279669892,6.710912030514908e-26,8.100656649474307e-25,4.0503283247371534e-27,1.0094710004262217e-12,6.952378086365493e-11,3.4761890431827464e-13,1.642118862217132e-07,2.38086126605007e-05,1.190430633025035e-07,1.0419968823365453e-27,1.0031166352337061e-26,5.0155831761685303e-29,3.38215738354359e-26,3.943416564941257e-25,1.9717082824706284e-27,0.0019196815787532848,0.3839408898426012,0.0019197044492130061,4.286078737875129e-18,1.449657222610361e-16,7.248286113051805e-19,1.7243219417832706e-18,5.505287798715494e-17,2.752643899357747e-19,7.17466901164065e-27,7.70775259229045e-26,3.8538762961452246e-28,3.217286636205649e-10,3.1759193212279134e-08,1.5879596606139567e-10,4.021142782147737e-47,4.1890075248816205e-47,2.0945037624408104e-49,False,1,False,Im,ng_only
668,Bt_plus_all_10_NG,83,22.229964825261934,on,ng_low_bt_high,0.0001,0.001,1.0,hard_extinction,True,20,0.0019197645006450994,0.0,0.38395290012900823,0.0,0.001919764500645041,0.0,1.2878587085651816e-14,0.0,0.0,0.0,0.0,0.0,0.0,0.0,0.0,0.0,0.0,0.0,0.0,0.0,0.0,0.0,0.0019197645006450994,0.38395290012900823,0.001919764500645041,0.0,0.0,0.0,0.0,0.0,0.0,0.0,0.0,0.0,0.0,0.0,0.0,0.0,0.0,0.0,True,1,False,Im,ng_only
669,Bt_plus_all_10_NG,83,22.229964825261934,on,ng_low_bt_high,0.0001,0.001,1.0,no_extinction_control,False,20,0.0019197646634222143,4.1969232204693304e-44,0.38395291619737465,4.3721256992886426e-44,0.001919764580986873,2.1860628496443212e-46,0.3041042653415946,4.853105638607914e-42,1.0241927567168238e-41,5.120963783584119e-44,1.9657899136778995e-39,5.6328774908782574e-39,2.8164387454391286e-41,4.533310218660704e-44,7.555587027503298e-44,3.777793513751649e-46,3.3935501294705594e-37,1.2599799655267797e-36,6.299899827633899e-39,1.6530935092698805e-36,6.64966072859138e-36,3.32483036429569e-38,0.0019197644900050654,0.3839528990786896,0.001919764495393448,1.1949230201508613e-36,4.731369034169395e-36,2.3656845170846976e-38,1.3720824086092254e-38,4.330032514992384e-38,2.165016257496192e-40,1.7357587705084654e-34,8.913734198662507e-34,4.456867099331253e-36,1.7341714886449966e-10,1.7118685005123575e-08,8.559342502561788e-11,4.1969232204693304e-44,4.3721256992886426e-44,2.1860628496443212e-46,False,1,False,Im,ng_only
670,Bt_plus_all_10_NG,83,22.229964825261934,on,ng_high_bt_low,0.1,1.0,0.001,hard_extinction,True,20,0.0019197645006450994,0.0,0.38395290012900823,0.0,0.001919764500645041,0.0,1.2878587085651816e-14,0.0,0.0,0.0,0.0,0.0,0.0,0.0,0.0,0.0,0.0,0.0,0.0,0.0,0.0,0.0,0.0019197645006450994,0.38395290012900823,0.001919764500645041,0.0,0.0,0.0,0.0,0.0,0.0,0.0,0.0,0.0,0.0,0.0,0.0,0.0,0.0,0.0,True,1,False,Im,ng_only
671,Bt_plus_all_10_NG,83,22.229964825261934,on,ng_high_bt_low,0.1,1.0,0.001,no_extinction_control,False,20,0.0019197647881901588,4.0212218075652647e-47,0.38395292851368973,4.1890895506147677e-47,0.0019197646425684488,2.094544775307384e-49,0.3052044467790225,1.3424844202169307e-39,2.8331607048754913e-39,1.4165803524377457e-41,2.9976187997789532e-37,8.589534082976841e-37,4.29476704148842e-39,1.7918490851042422e-41,2.9864428088173077e-41,1.4932214044086538e-43,3.274081014415067e-35,1.2156226742753806e-34,6.0781133713769036e-37,1.3834298939847554e-34,5.5649238141723096e-34,2.7824619070861547e-36,0.001919764481849493,0.38395289827362467,0.0019197644913681233,1.0202686710671803e-34,4.039814712257337e-34,2.0199073561286685e-36,1.765240629940627e-36,5.5707654849799876e-36,2.785382742489994e-38,1.106548186879853e-32,5.682515422413751e-32,2.8412577112068757e-34,3.0634066571844014e-10,3.024006507450246e-08,1.512003253725123e-10,4.0212218075652647e-47,4.1890895506147677e-47,2.094544775307384e-49,False,1,False,Im,ng_only
672,Bt_plus_all_10_NG,84,24.420530945486497,off,ng_low_bt_high,0.0001,0.001,1.0,hard_extinction,True,20,0.0019197644580828772,0.0,0.3839528916166013,0.0,0.0019197644580830064,0.0,2.930988785010413e-14,0.0,0.0,0.0,0.0,0.0,0.0,0.0,0.0,0.0,0.0,0.0,0.0,0.0,0.0,0.0,0.0019197644580828772,0.3839528916166013,0.0019197644580830064,0.0,0.0,0.0,0.0,0.0,0.0,0.0,0.0,0.0,0.0,0.0,0.0,0.0,0.0,0.0,True,1,False,Im,ng_only
673,Bt_plus_all_10_NG,84,24.420530945486497,off,ng_low_bt_high,0.0001,0.001,1.0,no_extinction_control,False,20,0.0019198210838061204,4.042481029524976e-44,0.38396105245873324,4.2035394509656823e-44,0.001919805262293666,2.1017697254828413e-46,0.27279035552546027,6.739768119632217e-27,8.694873331764272e-26,4.347436665882136e-28,1.6570633366913394e-12,1.2730723334963745e-10,6.365361667481873e-13,1.1301792047468202e-07,1.6322535290076977e-05,8.161267645038488e-08,4.8138036209439025e-29,4.730131203391591e-28,2.3650656016957956e-30,2.064307585924071e-27,2.4557298541986147e-26,1.2278649270993073e-28,0.0019197074265854543,0.38394466184111065,0.0019197233092055532,3.9185319487008924e-19,1.3235013268980059e-17,6.61750663449003e-20,8.329751083106087e-19,2.8406299093010714e-17,1.4203149546505357e-19,3.391803692712045e-28,3.7016487574230004e-27,1.8508243787115002e-29,6.376431267169327e-10,6.795502519160393e-08,3.397751259580197e-10,4.042481029524976e-44,4.2035394509656823e-44,2.1017697254828413e-46,False,1,False,Im,ng_only
674,Bt_plus_all_10_NG,84,24.420530945486497,off,ng_high_bt_low,0.1,1.0,0.001,hard_extinction,True,20,0.0019197644580567499,0.0,0.38395289161657487,0.0,0.0019197644580828744,0.0,5.909939204684633e-12,0.0,0.0,0.0,0.0,0.0,0.0,0.0,0.0,0.0,0.0,0.0,0.0,0.0,0.0,0.0,0.0019197644580567499,0.38395289161657487,0.0019197644580828744,0.0,0.0,0.0,0.0,0.0,0.0,0.0,0.0,0.0,0.0,0.0,0.0,0.0,0.0,0.0,False,1,False,Im,ng_only
675,Bt_plus_all_10_NG,84,24.420530945486497,off,ng_high_bt_low,0.1,1.0,0.001,no_extinction_control,False,20,0.0019198420435538235,3.8880940207158886e-47,0.3839640605628844,4.043001502956251e-47,0.0019198203028144222,2.0215007514781254e-49,0.3288478199759215,2.1931057350300805e-25,2.8292950282025954e-24,1.4146475141012976e-26,6.258957663302813e-12,4.808578344625634e-10,2.404289172312817e-12,1.5454050662596406e-07,2.230559154251097e-05,1.1152795771255485e-07,1.5024909893824313e-27,1.476375386058437e-26,7.381876930292184e-29,4.8411125370347155e-26,5.759058097804589e-25,2.8795290489022945e-27,0.001919686389428296,0.38394163647689245,0.0019197081823844621,4.171205183794996e-18,1.4088442331234135e-16,7.044221165617067e-19,5.437592275367828e-18,1.8543411215367287e-16,9.271705607683644e-19,9.412644556828374e-27,1.0272500274588767e-25,5.136250137294384e-28,1.1073599345087654e-09,1.1801359129350055e-07,5.900679564675028e-10,3.8880940207158886e-47,4.043001502956251e-47,2.0215007514781254e-49,False,1,False,Im,ng_only
676,Bt_plus_all_10_NG,84,24.420530945486497,on,ng_low_bt_high,0.0001,0.001,1.0,hard_extinction,True,20,0.0019197644580830084,0.0,0.3839528916166017,0.0,0.0019197644580830084,0.0,0.0,0.0,0.0,0.0,0.0,0.0,0.0,0.0,0.0,0.0,0.0,0.0,0.0,0.0,0.0,0.0,0.0019197644580830084,0.3839528916166017,0.0019197644580830084,0.0,0.0,0.0,0.0,0.0,0.0,0.0,0.0,0.0,0.0,0.0,0.0,0.0,0.0,0.0,True,1,False,Im,ng_only
677,Bt_plus_all_10_NG,84,24.420530945486497,on,ng_low_bt_high,0.0001,0.001,1.0,no_extinction_control,False,20,0.0019197650343268592,4.042519973825459e-44,0.383952953028028,4.203579758537238e-44,0.00191976476514014,2.101789879268619e-46,0.27276893754322806,4.62041618596931e-42,9.750862938240792e-42,4.875431469120396e-44,1.838938945885171e-39,5.269392076590565e-39,2.6346960382952826e-41,4.3858145603095607e-44,7.309758652850372e-44,3.654879326425186e-46,3.115147812170922e-37,1.1566128930596632e-36,5.783064465298316e-39,1.5097369605318886e-36,6.073001116568989e-36,3.0365005582844943e-38,0.0019197644199564707,0.38395288755339535,0.0019197644377669768,1.093210696993777e-36,4.3286330184902496e-36,2.1643165092451248e-38,1.2724705308870675e-38,4.01567630820542e-38,2.00783815410271e-40,1.5651313648279216e-34,8.037501001116455e-34,4.0187505005582276e-36,6.143703886026148e-10,6.547463267995665e-08,3.2737316339978324e-10,4.042519973825459e-44,4.203579758537238e-44,2.101789879268619e-46,False,1,False,Im,ng_only
678,Bt_plus_all_10_NG,84,24.420530945486497,on,ng_high_bt_low,0.1,1.0,0.001,hard_extinction,True,20,0.0019197644580830084,0.0,0.3839528916166017,0.0,0.0019197644580830084,0.0,0.0,0.0,0.0,0.0,0.0,0.0,0.0,0.0,0.0,0.0,0.0,0.0,0.0,0.0,0.0,0.0,0.0019197644580830084,0.3839528916166017,0.0019197644580830084,0.0,0.0,0.0,0.0,0.0,0.0,0.0,0.0,0.0,0.0,0.0,0.0,0.0,0.0,0.0,True,1,False,Im,ng_only
679,Bt_plus_all_10_NG,84,24.420530945486497,on,ng_high_bt_low,0.1,1.0,0.001,no_extinction_control,False,20,0.0019197654492586166,3.8881717708354494e-47,0.38395299724787174,4.04308210223612e-47,0.0019197649862393586,2.02154105111806e-49,0.2730284447601754,1.3424835231403672e-39,2.8331588116974147e-39,1.4165794058487073e-41,2.9976174070699386e-37,8.589530092235391e-37,4.2947650461176956e-39,1.792247657738921e-41,2.987107102695919e-41,1.4935535513479594e-43,3.273792987951851e-35,1.215515733885716e-34,6.077578669428581e-37,1.3833040103234976e-34,5.564417523625384e-34,2.7822087618126922e-36,0.001919764392502653,0.38395288462762805,0.0019197644231381402,1.0202684913973322e-34,4.039814000843851e-34,2.0199070004219255e-36,1.7652406249248926e-36,5.570765517729284e-36,2.785382758864642e-38,1.1043129876092214e-32,5.671035379742464e-32,2.835517689871232e-34,1.0567559635753387e-09,1.1262024368606022e-07,5.631012184303011e-10,3.8881717708354494e-47,4.04308210223612e-47,2.02154105111806e-49,False,1,False,Im,ng_only
680,Bt_plus_all_10_NG,85,26.826957952797247,off,ng_low_bt_high,0.0001,0.001,1.0,hard_extinction,True,20,0.0019197644632140175,0.0,0.3839528926428262,0.0,0.0019197644632141311,0.0,2.5757174171303632e-14,0.0,0.0,0.0,0.0,0.0,0.0,0.0,0.0,0.0,0.0,0.0,0.0,0.0,0.0,0.0,0.0019197644632140175,0.3839528926428262,0.0019197644632141311,0.0,0.0,0.0,0.0,0.0,0.0,0.0,0.0,0.0,0.0,0.0,0.0,0.0,0.0,0.0,True,1,False,Im,ng_only
681,Bt_plus_all_10_NG,85,26.826957952797247,off,ng_low_bt_high,0.0001,0.001,1.0,no_extinction_control,False,20,0.0019198176666259093,3.908437191067443e-44,0.38396047305346065,4.057480547449045e-44,0.0019198023652673031,2.0287402737245223e-46,0.3239583941275921,1.652234169839257e-26,2.2454007140107097e-25,1.1227003570053549e-27,1.2443962002992722e-11,1.0752604114618474e-09,5.376302057309237e-12,1.0253212908652582e-07,1.472671179045446e-05,7.36335589522723e-08,6.617356480778326e-29,6.652288119150278e-28,3.326144059575139e-30,2.784653871970602e-27,3.387565752127902e-26,1.693782876063951e-28,0.0019197126130513049,0.3839454545066435,0.0019197272725332175,2.9191752920084504e-19,9.703027662696361e-18,4.851513831348181e-20,2.856838688891225e-18,1.0474291286828009e-16,5.237145643414005e-19,4.183563254855176e-28,4.646473102440997e-27,2.3232365512204985e-29,2.509001552634851e-09,2.907597661519629e-07,1.4537988307598144e-09,3.908437191067443e-44,4.057480547449045e-44,2.0287402737245223e-46,False,1,False,Im,ng_only
682,Bt_plus_all_10_NG,85,26.826957952797247,off,ng_high_bt_low,0.1,1.0,0.001,hard_extinction,True,20,0.0019197644631893751,0.0,0.3839528926428018,0.0,0.001919764463214009,0.0,5.572875494408436e-12,0.0,0.0,0.0,0.0,0.0,0.0,0.0,0.0,0.0,0.0,0.0,0.0,0.0,0.0,0.0,0.0019197644631893751,0.3839528926428018,0.001919764463214009,0.0,0.0,0.0,0.0,0.0,0.0,0.0,0.0,0.0,0.0,0.0,0.0,0.0,0.0,0.0,False,1,False,Im,ng_only
683,Bt_plus_all_10_NG,85,26.826957952797247,off,ng_high_bt_low,0.1,1.0,0.001,no_extinction_control,False,20,0.0019198395127802705,3.772308646194276e-47,0.38396356393373754,3.916160970442097e-47,0.0019198178196686878,1.9580804852210485e-49,0.3518139004736689,5.553453707871122e-25,7.547198739735474e-24,3.773599369867737e-26,4.3440524256042126e-11,3.75362312948725e-09,1.876811564743625e-11,1.4348498079106916e-07,2.0596264057899916e-05,1.0298132028949958e-07,2.2575906153568154e-27,2.269508494568213e-26,1.1347542472841065e-28,7.214908841000986e-26,8.7770275328608e-25,4.3885137664304e-27,0.0019196917893658507,0.38394247777673796,0.0019197123888836899,3.15759635309839e-18,1.049552445990946e-16,5.24776222995473e-19,1.9172840218163233e-17,7.029521098483862e-16,3.514760549241931e-18,1.2718986474777503e-26,1.4126331159325431e-25,7.063165579662716e-28,4.19499308210598e-09,4.861393177235496e-07,2.430696588617748e-09,3.772308646194276e-47,3.916160970442097e-47,1.9580804852210485e-49,False,1,False,Im,ng_only
684,Bt_plus_all_10_NG,85,26.826957952797247,on,ng_low_bt_high,0.0001,0.001,1.0,hard_extinction,True,20,0.0019197644632141394,0.0,0.383952892642826,0.0,0.00191976446321413,0.0,1.7763568394002505e-15,0.0,0.0,0.0,0.0,0.0,0.0,0.0,0.0,0.0,0.0,0.0,0.0,0.0,0.0,0.0,0.0019197644632141394,0.383952892642826,0.00191976446321413,0.0,0.0,0.0,0.0,0.0,0.0,0.0,0.0,0.0,0.0,0.0,0.0,0.0,0.0,0.0,True,1,False,Im,ng_only
685,Bt_plus_all_10_NG,85,26.826957952797247,on,ng_low_bt_high,0.0001,0.001,1.0,no_extinction_control,False,20,0.0019197667382125404,3.9084571263762647e-44,0.3839531562844229,4.057501091609841e-44,0.0019197657814221147,2.0287505458049206e-46,0.23686767422963229,4.418649133285751e-42,9.325056517999995e-42,4.662528258999998e-44,1.7305658677807015e-39,4.958854176266465e-39,2.4794270881332326e-41,4.255922586858025e-44,7.093270024839102e-44,3.546635012419551e-46,2.8815188935605174e-37,1.0698695872041142e-36,5.349347936020571e-39,1.3898858746144831e-36,5.5908935235186775e-36,2.7954467617593386e-38,0.0019197643108534229,0.3839528749864744,0.001919764374932372,1.0081749616016952e-36,3.991928947644646e-36,1.995964473822323e-38,1.1881938849029145e-38,3.749715187009495e-38,1.8748575935047475e-40,1.421605556434281e-34,7.300440209812571e-34,3.650220104906285e-36,2.427359117562781e-09,2.8129794851269007e-07,1.4064897425634503e-09,3.9084571263762647e-44,4.057501091609841e-44,2.0287505458049206e-46,False,1,False,Im,ng_only
686,Bt_plus_all_10_NG,85,26.826957952797247,on,ng_high_bt_low,0.1,1.0,0.001,hard_extinction,True,20,0.0019197644632141398,0.0,0.38395289264282606,0.0,0.0019197644632141303,0.0,2.220446049250313e-15,0.0,0.0,0.0,0.0,0.0,0.0,0.0,0.0,0.0,0.0,0.0,0.0,0.0,0.0,0.0,0.0019197644632141398,0.38395289264282606,0.0019197644632141303,0.0,0.0,0.0,0.0,0.0,0.0,0.0,0.0,0.0,0.0,0.0,0.0,0.0,0.0,0.0,True,1,False,Im,ng_only
687,Bt_plus_all_10_NG,85,26.826957952797247,on,ng_high_bt_low,0.1,1.0,0.001,no_extinction_control,False,20,0.0019197682268013998,3.7723806892432285e-47,0.3839533287878953,3.916235555598607e-47,0.0019197666439394764,1.9581177777993037e-49,0.23692305060350094,1.3424827153292493e-39,2.8331571069039175e-39,1.4165785534519588e-41,2.997616154549952e-37,8.589526503198939e-37,4.294763251599469e-39,1.7926465522706718e-41,2.9877719330746167e-41,1.4938859665373084e-43,3.2735108599233334e-35,1.2154109835062952e-34,6.0770549175314755e-37,1.3831817380467486e-34,5.56392575990335e-34,2.781962879951675e-36,0.0019197642111555566,0.3839528634334415,0.0019197643171672074,1.0202683304320205e-34,4.039813363492092e-34,2.0199066817460462e-36,1.765240638032338e-36,5.570765607580895e-36,2.7853828037904476e-38,1.0996771685537769e-32,5.64722221337963e-32,2.823611106689815e-34,4.015645843206267e-09,4.6535445379770596e-07,2.32677226898853e-09,3.7723806892432285e-47,3.916235555598607e-47,1.9581177777993037e-49,False,1,False,Im,ng_only
688,Bt_plus_all_10_NG,86,29.4705170255181,off,ng_low_bt_high,0.0001,0.001,1.0,hard_extinction,True,20,0.0019197644688697755,0.0,0.38395289377397457,0.0,0.0019197644688698729,0.0,2.220446049250313e-14,0.0,0.0,0.0,0.0,0.0,0.0,0.0,0.0,0.0,0.0,0.0,0.0,0.0,0.0,0.0,0.0019197644688697755,0.38395289377397457,0.0019197644688698729,0.0,0.0,0.0,0.0,0.0,0.0,0.0,0.0,0.0,0.0,0.0,0.0,0.0,0.0,0.0,True,1,False,Im,ng_only
689,Bt_plus_all_10_NG,86,29.4705170255181,off,ng_low_bt_high,0.0001,0.001,1.0,no_extinction_control,False,20,0.0019198200242167547,3.791748199750377e-44,0.38396065888885855,3.930539469587962e-44,0.0019198032944442928,1.965269734793981e-46,0.3055923149830555,1.9613298351344415e-26,2.696279877746841e-25,1.3481399388734205e-27,1.0585962204150446e-10,1.0374292378444586e-08,5.187146189222293e-11,9.11632124174759e-08,1.3005624676748886e-05,6.502812338374443e-08,9.599617141554374e-29,9.898001943007173e-28,4.949000971503587e-30,3.964419716215161e-27,4.9441446965186726e-26,2.4720723482593365e-28,0.0019197177945296955,0.3839462511959629,0.0019197312559798144,2.187519070539774e-19,7.155468591885852e-18,3.577734295942926e-20,1.1150298452465499e-17,4.425980234697047e-16,2.2129901173485235e-18,5.379692922975011e-28,6.0925829578743345e-27,3.0462914789371674e-29,1.0960615008505327e-08,1.3916939261101612e-06,6.958469630550806e-09,3.791748199750377e-44,3.930539469587962e-44,1.965269734793981e-46,False,1,False,Im,ng_only
690,Bt_plus_all_10_NG,86,29.4705170255181,off,ng_high_bt_low,0.1,1.0,0.001,hard_extinction,True,20,0.0019197644688468429,0.0,0.3839528937739514,0.0,0.001919764468869757,0.0,5.183853346579781e-12,0.0,0.0,0.0,0.0,0.0,0.0,0.0,0.0,0.0,0.0,0.0,0.0,0.0,0.0,0.0,0.0019197644688468429,0.3839528937739514,0.001919764468869757,0.0,0.0,0.0,0.0,0.0,0.0,0.0,0.0,0.0,0.0,0.0,0.0,0.0,0.0,0.0,False,1,False,Im,ng_only
691,Bt_plus_all_10_NG,86,29.4705170255181,off,ng_high_bt_low,0.1,1.0,0.001,no_extinction_control,False,20,0.0019198458830632123,3.6713557061031094e-47,0.3839642453432759,3.805740241242334e-47,0.0019198212267163793,1.902870120621167e-49,0.30845461911815164,6.830140925678634e-25,9.38954131861262e-24,4.69477065930631e-26,3.339775228308496e-10,3.2729947867824736e-08,1.636497393391237e-10,1.3099178403914647e-07,1.8676727369727897e-05,9.338363684863948e-08,3.550125424384911e-27,3.660474790670872e-26,1.830237395335436e-28,1.1243242315407405e-25,1.4021782141463034e-24,7.010891070731517e-27,0.0019196971824295738,0.3839433298485357,0.0019197166492426784,2.3921932606187616e-18,7.824974667061723e-17,3.9124873335308617e-19,7.611964325844764e-17,3.021482469591836e-15,1.510741234795918e-17,1.77452923775014e-26,2.0096757960029344e-25,1.0048378980014672e-27,1.7374871997982342e-08,2.206037419502528e-06,1.103018709751264e-08,3.6713557061031094e-47,3.805740241242334e-47,1.902870120621167e-49,False,1,False,Im,ng_only
692,Bt_plus_all_10_NG,86,29.4705170255181,on,ng_low_bt_high,0.0001,0.001,1.0,hard_extinction,True,20,0.0019197644688698859,0.0,0.38395289377397457,0.0,0.0019197644688698729,0.0,2.6645352591003757e-15,0.0,0.0,0.0,0.0,0.0,0.0,0.0,0.0,0.0,0.0,0.0,0.0,0.0,0.0,0.0,0.0019197644688698859,0.38395289377397457,0.0019197644688698729,0.0,0.0,0.0,0.0,0.0,0.0,0.0,0.0,0.0,0.0,0.0,0.0,0.0,0.0,0.0,True,1,False,Im,ng_only
693,Bt_plus_all_10_NG,86,29.4705170255181,on,ng_low_bt_high,0.0001,0.001,1.0,no_extinction_control,False,20,0.0019197744449429637,3.7917542380279864e-44,0.38395416046157566,3.930545608860234e-44,0.0019197708023078782,1.965272804430117e-46,0.1972978306689308,4.24303307278707e-42,8.954438792939545e-42,4.4772193964697724e-44,1.637521009506482e-39,4.692238560748205e-39,2.3461192803741024e-41,4.1412633488945665e-44,6.902169524508451e-44,3.4510847622542255e-46,2.684754151079295e-37,9.968134589638476e-37,4.984067294819238e-39,1.2892070116796259e-36,5.185907239873127e-36,2.5929536199365633e-38,0.0019197637926444014,0.38395280791556,0.0019197640395778,9.365899664129656e-37,3.708483885631893e-36,1.8542419428159464e-38,1.1164650778220953e-38,3.523352662275597e-38,1.7616763311377986e-40,1.2987524038618924e-34,6.66952259235838e-34,3.33476129617919e-36,1.0652298562360474e-08,1.3525460156335477e-06,6.762730078167739e-09,3.7917542380279864e-44,3.930545608860234e-44,1.965272804430117e-46,False,1,False,Im,ng_only
694,Bt_plus_all_10_NG,86,29.4705170255181,on,ng_high_bt_low,0.1,1.0,0.001,hard_extinction,True,20,0.0019197644688698859,0.0,0.38395289377397457,0.0,0.0019197644688698729,0.0,2.6645352591003757e-15,0.0,0.0,0.0,0.0,0.0,0.0,0.0,0.0,0.0,0.0,0.0,0.0,0.0,0.0,0.0,0.0019197644688698859,0.38395289377397457,0.0019197644688698729,0.0,0.0,0.0,0.0,0.0,0.0,0.0,0.0,0.0,0.0,0.0,0.0,0.0,0.0,0.0,True,1,False,Im,ng_only
695,Bt_plus_all_10_NG,86,29.4705170255181,on,ng_high_bt_low,0.1,1.0,0.001,no_extinction_control,False,20,0.0019197801100032208,3.671394312945805e-47,0.38395487969437975,3.8057800934062563e-47,0.0019197743984718987,1.902890046703128e-49,0.19732326775501985,1.3424819891843183e-39,2.833155574457614e-39,1.416577787228807e-41,2.9976150293696525e-37,8.589523279048315e-37,4.294761639524157e-39,1.7928502191610212e-41,2.9881113810365796e-41,1.4940556905182898e-43,3.273416481205638e-35,1.215375941945413e-34,6.076879709727064e-37,1.383139370385392e-34,5.563755401301935e-34,2.7818777006509674e-36,0.0019197634085692836,0.3839527591589565,0.0019197637957947824,1.0202681863191299e-34,4.0398127928685e-34,2.0199063964342497e-36,1.7652406289998532e-36,5.570765618456969e-36,2.7853828092284844e-38,1.087999319655569e-32,5.587221537148398e-32,2.793610768574199e-34,1.6701433937264582e-08,2.120535423236081e-06,1.0602677116180404e-08,3.671394312945805e-47,3.8057800934062563e-47,1.902890046703128e-49,False,1,False,Im,ng_only
696,Bt_plus_all_10_NG,87,32.374575428176435,off,ng_low_bt_high,0.0001,0.001,1.0,hard_extinction,True,20,0.0019197644751087891,0.0,0.3839528950217539,0.0,0.0019197644751087694,0.0,4.440892098500626e-15,0.0,0.0,0.0,0.0,0.0,0.0,0.0,0.0,0.0,0.0,0.0,0.0,0.0,0.0,0.0,0.0019197644751087891,0.3839528950217539,0.0019197644751087694,0.0,0.0,0.0,0.0,0.0,0.0,0.0,0.0,0.0,0.0,0.0,0.0,0.0,0.0,0.0,True,1,False,Im,ng_only
697,Bt_plus_all_10_NG,87,32.374575428176435,off,ng_low_bt_high,0.0001,0.001,1.0,no_extinction_control,False,20,0.0019198538134591473,3.6907854761884657e-44,0.3839654641581794,3.8208255271034657e-44,0.001919827320790897,1.910412763551733e-46,0.2715540455733052,2.4067052528200258e-26,3.3495997707398516e-25,1.6747998853699257e-27,4.54815604175627e-10,4.85826219185357e-08,2.4291310959267847e-10,8.030023169124005e-08,1.136092685885741e-05,5.6804634294287046e-08,1.488080348810594e-28,1.5781389316693337e-27,7.890694658346668e-30,6.033118932351724e-27,7.734709120484832e-26,3.867354560242416e-28,0.0019197204894179087,0.38394668449922453,0.0019197334224961226,1.6593970947122453e-19,5.342165358053557e-18,2.6710826790267787e-20,5.052684984712555e-17,2.1874849972541015e-15,1.0937424986270508e-17,7.272101751833068e-28,8.416047436215818e-27,4.208023718107909e-29,5.2568993892260483e-08,7.370149471899141e-06,3.6850747359495704e-08,3.6907854761884657e-44,3.8208255271034657e-44,1.910412763551733e-46,False,1,False,Im,ng_only
698,Bt_plus_all_10_NG,87,32.374575428176435,off,ng_high_bt_low,0.1,1.0,0.001,hard_extinction,True,20,0.001919764475108639,0.0,0.38395289502175395,0.0,0.0019197644751087698,0.0,2.9753977059954195e-14,0.0,0.0,0.0,0.0,0.0,0.0,0.0,0.0,0.0,0.0,0.0,0.0,0.0,0.0,0.0,0.001919764475108639,0.38395289502175395,0.0019197644751087698,0.0,0.0,0.0,0.0,0.0,0.0,0.0,0.0,0.0,0.0,0.0,0.0,0.0,0.0,0.0,True,1,False,Im,ng_only
699,Bt_plus_all_10_NG,87,32.374575428176435,off,ng_high_bt_low,0.1,1.0,0.001,no_extinction_control,False,20,0.0019198957099283995,3.5832371408003267e-47,0.3839713394903198,3.7094879102669456e-47,0.0019198566974515992,1.854743955133473e-49,0.27209932013741245,8.53504535147342e-25,1.18788998817201e-23,5.93944994086005e-26,1.3158541924825001e-09,1.405564698547165e-07,7.027823492735826e-10,1.170777551853702e-07,1.6555335389577533e-05,8.277667694788767e-08,5.8706481198879594e-27,6.22594098612103e-26,3.1129704930605147e-28,1.8406140056515425e-25,2.3597441444283866e-24,1.1798720722141932e-26,0.0019197000336466461,0.38394381049964066,0.0019197190524982033,1.8181535874000406e-18,5.853262951698528e-17,2.926631475849264e-19,3.4245042913915124e-16,1.4825894988272736e-14,7.412947494136368e-17,2.5615206447182925e-26,2.964429045121094e-25,1.4822145225605469e-27,7.728267203115549e-08,1.0833098804851836e-05,5.416549402425918e-08,3.5832371408003267e-47,3.7094879102669456e-47,1.854743955133473e-49,False,1,False,Im,ng_only
700,Bt_plus_all_10_NG,87,32.374575428176435,on,ng_low_bt_high,0.0001,0.001,1.0,hard_extinction,True,20,0.001919764475108791,0.0,0.38395289502175395,0.0,0.0019197644751087698,0.0,4.440892098500626e-15,0.0,0.0,0.0,0.0,0.0,0.0,0.0,0.0,0.0,0.0,0.0,0.0,0.0,0.0,0.0,0.001919764475108791,0.38395289502175395,0.0019197644751087698,0.0,0.0,0.0,0.0,0.0,0.0,0.0,0.0,0.0,0.0,0.0,0.0,0.0,0.0,0.0,True,1,False,Im,ng_only
701,Bt_plus_all_10_NG,87,32.374575428176435,on,ng_low_bt_high,0.0001,0.001,1.0,no_extinction_control,False,20,0.0019198124809040472,3.690784499076553e-44,0.38395962553318097,3.8208244203574403e-44,0.0019197981276659047,1.91041221017872e-46,0.15427668300818986,4.099834640883775e-42,8.652234786577478e-42,4.326117393288739e-44,1.5625699205842668e-39,4.477469780641435e-39,2.2387348903207175e-41,4.0466053448282683e-44,6.74440472283468e-44,3.37220236141734e-46,2.5285223935247782e-37,9.388066881817597e-37,4.694033440908799e-39,1.2096498091680778e-36,4.865883994608687e-36,2.4329419973043436e-38,0.0019197611812587063,0.3839524332949465,0.0019197621664747324,8.799164085020248e-37,3.484081549720604e-36,1.742040774860302e-38,1.0591202733608462e-38,3.3423833221063053e-38,1.6711916610531526e-40,1.1955430740468062e-34,6.139388694323984e-34,3.069694347161992e-36,5.1299645340813466e-08,7.192238234467613e-06,3.596119117233806e-08,3.690784499076553e-44,3.8208244203574403e-44,1.91041221017872e-46,False,1,False,Im,ng_only
702,Bt_plus_all_10_NG,87,32.374575428176435,on,ng_high_bt_low,0.1,1.0,0.001,hard_extinction,True,20,0.0019197644751087891,0.0,0.3839528950217539,0.0,0.0019197644751087694,0.0,4.440892098500626e-15,0.0,0.0,0.0,0.0,0.0,0.0,0.0,0.0,0.0,0.0,0.0,0.0,0.0,0.0,0.0,0.0019197644751087891,0.3839528950217539,0.0019197644751087694,0.0,0.0,0.0,0.0,0.0,0.0,0.0,0.0,0.0,0.0,0.0,0.0,0.0,0.0,0.0,True,1,False,Im,ng_only
703,Bt_plus_all_10_NG,87,32.374575428176435,on,ng_high_bt_low,0.1,1.0,0.001,no_extinction_control,False,20,0.00191983439737264,3.5831652713708466e-47,0.3839626966802265,3.7094133726299647e-47,0.0019198134834011325,1.8547066863149825e-49,0.15435027497686882,1.3424813378235012e-39,2.833154199834681e-39,1.4165770999173405e-41,2.9976140204511873e-37,8.58952038804043e-37,4.2947601940202155e-39,1.7928878800969928e-41,2.988174149844698e-41,1.494087074922349e-43,3.273480169250324e-35,1.2153995884681695e-34,6.076997942340848e-37,1.3831652444705594e-34,5.563859535158033e-34,2.7819297675790163e-36,0.0019197596762569702,0.38395222248684074,0.0019197611124342037,1.0202680573854258e-34,4.039812282347801e-34,2.0199061411739004e-36,1.765240595151856e-36,5.570765542990875e-36,2.7853827714954374e-38,1.0683989624750891e-32,5.48641418631544e-32,2.74320709315772e-34,7.472111566985657e-08,1.0474193385757506e-05,5.237096692878753e-08,3.5831652713708466e-47,3.7094133726299647e-47,1.8547066863149825e-49,False,1,False,Im,ng_only
704,Bt_plus_all_10_NG,88,35.56480306223125,off,ng_low_bt_high,0.0001,0.001,1.0,hard_extinction,True,20,0.0019197644812917164,0.0,0.3839528964002627,0.0,0.0019197644820013134,0.0,1.6052670304134153e-10,0.0,0.0,0.0,0.0,0.0,0.0,0.0,0.0,0.0,0.0,0.0,0.0,0.0,0.0,0.0,0.0019197644812917164,0.3839528964002627,0.0019197644820013134,0.0,0.0,0.0,0.0,0.0,0.0,0.0,0.0,0.0,0.0,0.0,0.0,0.0,0.0,0.0,False,1,False,Im,ng_only
705,Bt_plus_all_10_NG,88,35.56480306223125,off,ng_low_bt_high,0.0001,0.001,1.0,no_extinction_control,False,20,0.0019200474845227065,3.6028990519367086e-44,0.3839964506550615,3.7254297554612745e-44,0.0019199822532753074,1.8627148777306372e-46,0.26436076773182116,2.9722675729319336e-26,4.191407469870733e-25,2.0957037349353665e-27,6.126207452777223e-10,6.656813750010682e-08,3.3284068750053407e-10,6.9223092286487e-08,9.693714376988214e-06,4.846857188494107e-08,2.4655794227173667e-28,2.69776186007893e-27,1.348880930039465e-29,9.812708262330385e-27,1.2971716851200975e-25,6.485858425600488e-28,0.0019197121431012503,0.383945303833236,0.00191972651916618,1.197683033520614e-19,3.7956641911265964e-18,1.897832095563298e-20,2.660990282194011e-16,1.2663743928175068e-14,6.331871964087533e-17,1.0299787111711237e-27,1.220902945474956e-26,6.10451472737478e-29,2.6550570815821146e-07,4.1386539298341675e-05,2.0693269649170837e-07,3.6028990519367086e-44,3.7254297554612745e-44,1.8627148777306372e-46,False,1,False,Im,ng_only
706,Bt_plus_all_10_NG,88,35.56480306223125,off,ng_high_bt_low,0.1,1.0,0.001,hard_extinction,True,20,0.001919764333609309,0.0,0.38395289625258155,0.0,0.0019197644812629078,0.0,3.340261045536863e-08,0.0,0.0,0.0,0.0,0.0,0.0,0.0,0.0,0.0,0.0,0.0,0.0,0.0,0.0,0.0,0.001919764333609309,0.38395289625258155,0.0019197644812629078,0.0,0.0,0.0,0.0,0.0,0.0,0.0,0.0,0.0,0.0,0.0,0.0,0.0,0.0,0.0,False,1,False,Im,ng_only
707,Bt_plus_all_10_NG,88,35.56480306223125,off,ng_high_bt_low,0.1,1.0,0.001,no_extinction_control,False,20,0.0019201475311412797,3.506334826920514e-47,0.3840117189860075,3.625581520110273e-47,0.0019200585949300374,1.8127907600551365e-49,0.264747383244206,1.084098872778383e-24,1.5287668102457362e-23,7.64383405122868e-26,1.7250353631730678e-09,1.8744297148768334e-07,9.372148574384167e-10,1.0188011788129944e-07,1.4260137186334913e-05,7.130068593167456e-08,1.026446113523087e-26,1.123106266728048e-25,5.61553133364024e-28,3.18238811168608e-25,4.2068962060049476e-24,2.1034481030024738e-26,0.0019196894757998967,0.3839420592155544,0.0019197102960777721,1.3875567699418848e-18,4.397412413987611e-17,2.1987062069938055e-19,1.7560189468641458e-15,8.356959994455161e-14,4.1784799972275803e-16,3.829490649438661e-26,4.539139816415456e-25,2.2695699082077278e-27,3.5445018638088307e-07,5.521219021162316e-05,2.760609510581158e-07,3.506334826920514e-47,3.625581520110273e-47,1.8127907600551365e-49,False,1,False,Im,ng_only
708,Bt_plus_all_10_NG,88,35.56480306223125,on,ng_low_bt_high,0.0001,0.001,1.0,hard_extinction,True,20,0.0019197644813056414,0.0,0.3839528964002767,0.0,0.0019197644820013835,0.0,1.5739276548742964e-10,0.0,0.0,0.0,0.0,0.0,0.0,0.0,0.0,0.0,0.0,0.0,0.0,0.0,0.0,0.0,0.0019197644813056414,0.3839528964002767,0.0019197644820013835,0.0,0.0,0.0,0.0,0.0,0.0,0.0,0.0,0.0,0.0,0.0,0.0,0.0,0.0,0.0,False,1,False,Im,ng_only
709,Bt_plus_all_10_NG,88,35.56480306223125,on,ng_low_bt_high,0.0001,0.001,1.0,no_extinction_control,False,20,0.0019200079290763435,3.602888388792956e-44,0.3839908475124167,3.7254186555811263e-44,0.0019199542375620835,1.8627093277905633e-46,0.10822739301943063,3.978390273750255e-42,8.395940260093867e-42,4.1979701300469335e-44,1.4996739744001725e-39,4.297244438623575e-39,2.1486222193117876e-41,3.96546893415719e-44,6.609176118932585e-44,3.3045880594662927e-46,2.3990622866283213e-37,8.907398747264544e-37,4.453699373632272e-39,1.1439789139763498e-36,4.6017191816925794e-36,2.3008595908462897e-38,0.0019197475492846855,0.38395025841389696,0.0019197512920694848,8.330618213720266e-37,3.298558014800607e-36,1.6492790074003035e-38,1.0113069617351661e-38,3.1914935653149167e-38,1.5957467826574584e-40,1.1018326450519803e-34,5.657531458152339e-34,2.8287657290761693e-36,2.603797916579927e-07,4.05890985197108e-05,2.02945492598554e-07,3.602888388792956e-44,3.7254186555811263e-44,1.8627093277905633e-46,False,1,False,Im,ng_only
710,Bt_plus_all_10_NG,88,35.56480306223125,on,ng_high_bt_low,0.1,1.0,0.001,hard_extinction,True,20,0.001919764337423207,0.0,0.38395289625639484,0.0,0.0019197644812819741,0.0,3.254413316611249e-08,0.0,0.0,0.0,0.0,0.0,0.0,0.0,0.0,0.0,0.0,0.0,0.0,0.0,0.0,0.0,0.001919764337423207,0.38395289625639484,0.0019197644812819741,0.0,0.0,0.0,0.0,0.0,0.0,0.0,0.0,0.0,0.0,0.0,0.0,0.0,0.0,0.0,False,1,False,Im,ng_only
711,Bt_plus_all_10_NG,88,35.56480306223125,on,ng_high_bt_low,0.1,1.0,0.001,no_extinction_control,False,20,0.0019200874189791133,3.505975202556359e-47,0.38400320603821336,3.6252095580787796e-47,0.0019200160301910667,1.81260477903939e-49,0.10851994931833264,1.3424807549989797e-39,2.833152969849803e-39,1.4165764849249013e-41,2.997613117803561e-37,8.589517801546585e-37,4.2947589007732924e-39,1.7930335448756106e-41,2.9884169267248603e-41,1.4942084633624302e-43,3.2762219507795237e-35,1.2164175754330996e-34,6.082087877165498e-37,1.383931521395806e-34,5.5669419691624276e-34,2.7834709845812138e-36,0.0019197419994347537,0.3839493968306409,0.0019197469841532044,1.0202849835378411e-34,4.039879302458761e-34,2.0199396512293805e-36,1.7652680570233117e-36,5.570852231951671e-36,2.7854261159758354e-38,1.0457067628437544e-32,5.369106465495678e-32,2.684553232747839e-34,3.4541954435963104e-07,5.3809207572472664e-05,2.690460378623633e-07,3.505975202556359e-47,3.6252095580787796e-47,1.81260477903939e-49,False,1,False,Im,ng_only
712,Bt_plus_all_10_NG,89,39.06939937054613,off,ng_low_bt_high,0.0001,0.001,1.0,hard_extinction,True,20,0.001920965219892701,0.0,0.38416124775763943,0.0,0.001920806238788197,0.0,0.061736643321141926,0.0,0.0,0.0,0.0,0.0,0.0,0.0,0.0,0.0,0.0,0.0,0.0,0.0,0.0,0.0,0.0019196791050908272,0.383938110013942,0.00191969055006971,0.0,0.0,0.0,0.0,0.0,0.0,0.0,0.0,0.0,1.2861148018738592e-06,0.00022313774369739416,1.1156887184869708e-06,0.0,0.0,0.0,False,2,False,Im|Va,ng_only
713,Bt_plus_all_10_NG,89,39.06939937054613,off,ng_low_bt_high,0.0001,0.001,1.0,no_extinction_control,False,20,0.0019209943405299448,3.5259633217929665e-44,0.38416526033623893,3.642020955980351e-44,0.001920826301681195,1.8210104779901756e-46,0.25663147950180765,3.7309859027408976e-26,5.3347853913441835e-25,2.6673926956720918e-27,8.417246092108995e-10,9.314352394234176e-08,4.657176197117088e-10,5.7553333161050606e-08,7.957850936966425e-06,3.978925468483213e-08,4.371588069173066e-28,4.951794506006983e-27,2.4758972530034916e-29,1.707153530547114e-26,2.3347153358262604e-25,1.1673576679131302e-27,0.0019196498434821874,0.3839340734678894,0.001919670367339447,8.35315524568916e-20,2.60699384618429e-18,1.3034969230921449e-20,1.6292916556297899e-15,8.593672687702917e-14,4.2968363438514583e-16,1.5197191097888467e-27,1.849053168766898e-26,9.24526584383449e-29,1.2861019883579456e-06,0.0002231358738027554,1.115679369013777e-06,3.5259633217929665e-44,3.642020955980351e-44,1.8210104779901756e-46,False,2,False,Im|Va,ng_only
714,Bt_plus_all_10_NG,89,39.06939937054613,off,ng_high_bt_low,0.1,1.0,0.001,hard_extinction,True,20,0.001921199582204726,0.0,0.38420137105131386,0.0,0.0019210068552565694,0.0,0.06269672459009179,0.0,0.0,0.0,0.0,0.0,0.0,0.0,0.0,0.0,0.0,0.0,0.0,0.0,0.0,0.0,0.0019196621543208917,0.3839352201258375,0.0019196761006291874,0.0,0.0,0.0,0.0,0.0,0.0,0.0,0.0,0.0,1.5374278838343087e-06,0.0002661509254763749,1.3307546273818745e-06,0.0,0.0,0.0,False,2,False,Im|Va,ng_only
715,Bt_plus_all_10_NG,89,39.06939937054613,off,ng_high_bt_low,0.1,1.0,0.001,no_extinction_control,False,20,0.0019212436296043556,3.4393728097028145e-47,0.3842074203613769,3.5525803147315405e-47,0.0019210371018068848,1.7762901573657704e-49,0.25690028708628887,1.4023299553779936e-24,2.0051362357983782e-23,1.0025681178991891e-25,2.3034507751935216e-09,2.548921794227262e-07,1.2744608971136308e-09,8.574542842233338e-08,1.1851188082686895e-05,5.925594041343448e-08,1.9098375162420352e-26,2.1633153024042963e-25,1.0816576512021481e-27,5.847790586574095e-25,7.997480456721244e-24,3.9987402283606224e-26,0.001919618175734206,0.3839291666771556,0.001919645833385778,1.0586919232839933e-18,3.304150630347616e-17,1.652075315173808e-19,1.0331693817913963e-14,5.449436521183759e-13,2.7247182605918797e-15,5.921584037113878e-26,7.203771616553577e-25,3.601885808276788e-27,1.537404980619675e-06,0.0002661476034142802,1.3307380170714008e-06,3.4393728097028145e-47,3.5525803147315405e-47,1.7762901573657704e-49,False,2,False,Im|Va,ng_only
716,Bt_plus_all_10_NG,89,39.06939937054613,on,ng_low_bt_high,0.0001,0.001,1.0,hard_extinction,True,20,0.0019209497761801502,0.0,0.38415859760922655,0.0,0.0019207929880461327,0.0,0.06167330522449532,0.0,0.0,0.0,0.0,0.0,0.0,0.0,0.0,0.0,0.0,0.0,0.0,0.0,0.0,0.0,0.001919680218773775,0.38393830040699245,0.0019196915020349623,0.0,0.0,0.0,0.0,0.0,0.0,0.0,0.0,0.0,1.2695574063753482e-06,0.00022029720223408286,1.1014860111704143e-06,0.0,0.0,0.0,False,2,False,Im|Va,ng_only
717,Bt_plus_all_10_NG,89,39.06939937054613,on,ng_low_bt_high,0.0001,0.001,1.0,no_extinction_control,False,20,0.0019209497755107337,3.5259445381135893e-44,0.3841585974943382,3.642001499018582e-44,0.0019207929874716912,1.821000749509291e-46,0.06167330247888092,3.871312782578703e-42,8.169965391562508e-42,4.084982695781254e-44,1.4447430821242479e-39,4.1398425797057024e-39,2.0699212898528513e-41,3.893250438749381e-44,6.488810844832678e-44,3.244405422416339e-46,2.287286595719734e-37,8.49239049394692e-37,4.24619524697346e-39,1.0874564555947723e-36,4.3743544460409335e-36,2.1871772230204666e-38,0.0019196802188220377,0.38393830041524524,0.0019196915020762261,7.926803495474817e-37,3.138665166371997e-36,1.5693325831859984e-38,9.697843131258452e-39,3.060455942992468e-38,1.530227971496234e-40,1.0077117894980439e-34,5.171126319503269e-34,2.5855631597516347e-36,1.269556688695891e-06,0.0002202970790930146,1.101485395465073e-06,3.5259445381135893e-44,3.642001499018582e-44,1.821000749509291e-46,False,2,False,Im|Va,ng_only
718,Bt_plus_all_10_NG,89,39.06939937054613,on,ng_high_bt_low,0.1,1.0,0.001,hard_extinction,True,20,0.0019211764326195317,0.0,0.3841974155779125,0.0,0.0019209870778895623,0.0,0.06260198162590846,0.0,0.0,0.0,0.0,0.0,0.0,0.0,0.0,0.0,0.0,0.0,0.0,0.0,0.0,0.0,0.0019196638328818248,0.38393550563236517,0.0019196775281618257,0.0,0.0,0.0,0.0,0.0,0.0,0.0,0.0,0.0,1.5125997377069656e-06,0.00026190994554729313,1.3095497277364657e-06,0.0,0.0,0.0,False,2,False,Im|Va,ng_only
719,Bt_plus_all_10_NG,89,39.06939937054613,on,ng_high_bt_low,0.1,1.0,0.001,no_extinction_control,False,20,0.0019211764305361932,3.438671926185949e-47,0.3841974152218644,3.551856280448375e-47,0.0019209870761093218,1.7759281402241875e-49,0.06260197309865845,1.3424803112632062e-39,2.8331520333959172e-39,1.4165760166979585e-41,2.997612414906536e-37,8.589515787428613e-37,4.2947578937143067e-39,1.7929971167517286e-41,2.9883562126225885e-41,1.4941781063112943e-43,3.2736091074365847e-35,1.2154474614994403e-34,6.0772373074972015e-37,1.3832168146069767e-34,5.564067040443156e-34,2.782033520221578e-36,0.0019196638330328433,0.3839355056580584,0.001919677528290292,1.0202678403958173e-34,4.039811423164486e-34,2.019905711582243e-36,1.765240418616778e-36,5.570765021263459e-36,2.7853825106317297e-38,1.0008864783333016e-32,5.135379492408794e-32,2.567689746204397e-34,1.5125975033499488e-06,0.00026190956380598476,1.3095478190299238e-06,3.438671926185949e-47,3.551856280448375e-47,1.7759281402241875e-49,False,2,False,Im|Va,ng_only
720,Bt_plus_all_10_NG,90,42.91934260128774,off,ng_low_bt_high,0.0001,0.001,1.0,hard_extinction,True,20,0.0019244122492015517,0.0,0.3848332527273184,0.0,0.0019241662636365919,0.0,0.023708062236267757,0.0,0.0,0.0,0.0,0.0,0.0,0.0,0.0,0.0,0.0,0.0,0.0,0.0,0.0,0.0,0.0019194163261112144,0.3838871513547014,0.001919435756773507,0.0,0.0,0.0,0.0,0.0,0.0,0.0,0.0,0.0,4.995923090337206e-06,0.0009461013726169628,4.730506863084814e-06,0.0,0.0,0.0,False,2,False,Im|Va,ng_only
721,Bt_plus_all_10_NG,90,42.91934260128774,off,ng_low_bt_high,0.0001,0.001,1.0,no_extinction_control,False,20,0.0019244443623447414,3.452728612300135e-44,0.38483769597316936,3.563007688908639e-44,0.0019241884798658466,1.7815038444543193e-46,0.24835405633404406,4.502390149917492e-26,6.5318817076233155e-25,3.265940853811658e-27,1.1191286245491758e-09,1.262572796316905e-07,6.312863981584524e-10,6.325821128784162e-08,8.786708064176809e-06,4.393354032088404e-08,7.796427598043717e-28,9.176416243046127e-27,4.588208121523064e-29,2.972735484760072e-26,4.221403648729525e-25,2.1107018243647625e-27,0.0019193840949002215,0.3838826861185348,0.0019194134305926742,6.158977132835442e-20,1.894026931735426e-18,9.470134658677129e-21,1.0774345115976017e-14,6.352584131114268e-13,3.176292065557134e-15,2.1909885060914282e-27,2.739036208939929e-26,1.3695181044699644e-28,4.99589009383316e-06,0.0009460968886554291,4.730484443277145e-06,3.452728612300135e-44,3.563007688908639e-44,1.7815038444543193e-46,False,2,False,Im|Va,ng_only
722,Bt_plus_all_10_NG,90,42.91934260128774,off,ng_high_bt_low,0.1,1.0,0.001,hard_extinction,True,20,0.0019247927912513778,0.0,0.3849016388567441,0.0,0.0019245081942837207,0.0,0.025411227292653216,0.0,0.0,0.0,0.0,0.0,0.0,0.0,0.0,0.0,0.0,0.0,0.0,0.0,0.0,0.0,0.0019193860317038083,0.3838817430191329,0.0019194087150956646,0.0,0.0,0.0,0.0,0.0,0.0,0.0,0.0,0.0,5.406759547569546e-06,0.001019895837611214,5.09947918805607e-06,0.0,0.0,0.0,False,2,False,Im|Va,ng_only
723,Bt_plus_all_10_NG,90,42.91934260128774,off,ng_high_bt_low,0.1,1.0,0.001,no_extinction_control,False,20,0.0019248385895624712,3.375429060306598e-47,0.38490794910256865,3.4832391919163363e-47,0.0019245397455128431,1.741619595958168e-49,0.24855144255249684,1.764100130270917e-24,2.5592849234910665e-23,1.2796424617455332e-25,3.0656826644370915e-09,3.458568030064325e-07,1.7292840150321627e-09,8.832387771881025e-08,1.2263992990719825e-05,6.131996495359913e-08,3.737505659948019e-26,4.399053321442273e-25,2.1995266607211363e-27,1.1298761226952405e-24,1.604469105901915e-23,8.022345529509574e-26,0.0019193404931274174,0.3838754506131442,0.001919377253065721,8.077687234007795e-19,2.484080352663527e-17,1.2420401763317635e-19,6.823160387312287e-14,4.0229522866383416e-12,2.0114761433191708e-14,9.332424272590025e-26,1.1663757137237285e-24,5.831878568618642e-27,5.406706806438044e-06,0.0010198886356076833,5.099443178038417e-06,3.375429060306598e-47,3.4832391919163363e-47,1.741619595958168e-49,False,2,False,Im|Va,ng_only
724,Bt_plus_all_10_NG,90,42.91934260128774,on,ng_low_bt_high,0.0001,0.001,1.0,hard_extinction,True,20,0.001924382435059328,0.0,0.38482787250321326,0.0,0.0019241393625160663,0.0,0.023574354029947564,0.0,0.0,0.0,0.0,0.0,0.0,0.0,0.0,0.0,0.0,0.0,0.0,0.0,0.0,0.0,0.0019194186874809493,0.38388757490900277,0.0019194378745450138,0.0,0.0,0.0,0.0,0.0,0.0,0.0,0.0,0.0,4.963747578378806e-06,0.0009402975942104787,4.7014879710523935e-06,0.0,0.0,0.0,False,2,False,Im|Va,ng_only
725,Bt_plus_all_10_NG,90,42.91934260128774,on,ng_low_bt_high,0.0001,0.001,1.0,no_extinction_control,False,20,0.0019243824339763213,3.4526833699762706e-44,0.38482787230771637,3.562960950508501e-44,0.001924139361538582,1.7814804752542505e-46,0.02357434917224932,3.708225538871777e-42,7.825788309595139e-42,3.91289415479757e-44,1.3620555479480195e-39,3.902905383723215e-39,1.9514526918616074e-41,3.7819768584311553e-44,6.303353159520212e-44,3.151676579760106e-46,2.1213286406970218e-37,7.876210710325919e-37,3.9381053551629595e-39,1.003857020852396e-36,4.038071047746856e-36,2.019035523873428e-38,0.001919418687566694,0.38388757492438846,0.0019194378746219423,7.3286983488060855e-37,2.901841862911958e-36,1.450920931455979e-38,9.07704450971597e-39,2.864543636851996e-38,1.432271818425998e-40,8.773165733166197e-35,4.4908875643758035e-34,2.2454437821879018e-36,4.963746409627545e-06,0.0009402973833278973,4.701486916639486e-06,3.4526833699762706e-44,3.562960950508501e-44,1.7814804752542505e-46,False,2,False,Im|Va,ng_only
726,Bt_plus_all_10_NG,90,42.91934260128774,on,ng_high_bt_low,0.1,1.0,0.001,hard_extinction,True,20,0.001924759752592763,0.0,0.3848957225146341,0.0,0.0019244786125731707,0.0,0.025263612130006052,0.0,0.0,0.0,0.0,0.0,0.0,0.0,0.0,0.0,0.0,0.0,0.0,0.0,0.0,0.0,0.0019193886732652334,0.383882212731034,0.00191941106365517,0.0,0.0,0.0,0.0,0.0,0.0,0.0,0.0,0.0,5.371079327529441e-06,0.0010135097836001044,5.067548918000522e-06,0.0,0.0,0.0,False,2,False,Im|Va,ng_only
727,Bt_plus_all_10_NG,90,42.91934260128774,on,ng_high_bt_low,0.1,1.0,0.001,no_extinction_control,False,20,0.00192475974934565,3.3760685545997223e-47,0.38489572193296845,3.4838990393561414e-47,0.0019244786096648423,1.7419495196780707e-49,0.025263597619701983,1.3424788858477546e-39,2.8331490252187053e-39,1.4165745126093526e-41,2.997610414159137e-37,8.589510054382114e-37,4.294755027191057e-39,1.7930326050188356e-41,2.9884153602823936e-41,1.4942076801411967e-43,3.276444005197284e-35,1.216500021280943e-34,6.082500106404715e-37,1.3840234107600394e-34,5.567311626788793e-34,2.7836558133943964e-36,0.0019193886735247429,0.38388221277719703,0.0019194110638859853,1.0202847825372546e-34,4.039878506584936e-34,2.019939253292468e-36,1.7652677874711666e-36,5.5708513956379535e-36,2.7854256978189766e-38,9.426877667173551e-33,4.824281956156715e-32,2.4121409780783574e-34,5.371075820907076e-06,0.0010135091557714403,5.067545778857202e-06,3.3760685545997223e-47,3.4838990393561414e-47,1.7419495196780707e-49,False,2,False,Im|Va,ng_only
728,Bt_plus_all_10_NG,91,47.1486636345739,off,ng_low_bt_high,0.0001,0.001,1.0,hard_extinction,True,20,0.0019319481104294917,0.0,0.3863612650254427,0.0,0.0019318063251272137,0.0,0.005148654186073465,0.0,0.0,0.0,0.0,0.0,0.0,0.0,0.0,0.0,0.0,0.0,0.0,0.0,0.0,0.0,0.0019187478163923382,0.3837523198894846,0.001918761599447423,0.0,0.0,0.0,0.0,0.0,0.0,0.0,0.0,0.0,1.3200294037153521e-05,0.002608945135958107,1.3044725679790534e-05,0.0,0.0,0.0,False,2,False,Im|Va,ng_only
729,Bt_plus_all_10_NG,91,47.1486636345739,off,ng_low_bt_high,0.0001,0.001,1.0,no_extinction_control,False,20,0.0019319869282542464,3.393267365058393e-44,0.3863667069777367,3.49869939379618e-44,0.0019318335348886832,1.74934969689809e-46,0.23956497407204225,5.779270018487098e-26,8.511334124334915e-25,4.255667062167458e-27,1.5828120690264745e-09,1.822604197663375e-07,9.113020988316875e-10,7.615622715094316e-08,1.0717327552912368e-05,5.358663776456184e-08,1.5962170868286782e-27,1.9601581556148008e-26,9.800790778074004e-29,5.962746410460341e-26,8.827198064787535e-25,4.413599032393768e-27,0.0019187089186080938,0.3837468619375197,0.0019187343096875985,4.4814394787921696e-20,1.3590110027168958e-18,6.79505501358448e-21,8.933773060331989e-14,5.940570033293942e-12,2.970285016646971e-14,3.410420259899409e-27,4.378849835421785e-26,2.1894249177108925e-28,1.3200270517594693e-05,0.002608945446303697,1.3044727231518483e-05,3.393267365058393e-44,3.49869939379618e-44,1.74934969689809e-46,False,2,False,Im|Va,ng_only
730,Bt_plus_all_10_NG,91,47.1486636345739,off,ng_high_bt_low,0.1,1.0,0.001,hard_extinction,True,20,0.0019322015349656873,0.0,0.38640473530193326,0.0,0.0019320236765096664,0.0,0.006337570534429737,0.0,0.0,0.0,0.0,0.0,0.0,0.0,0.0,0.0,0.0,0.0,0.0,0.0,0.0,0.0,0.001918723046340735,0.38374808971240454,0.0019187404485620228,0.0,0.0,0.0,0.0,0.0,0.0,0.0,0.0,0.0,1.3478488624952308e-05,0.002656645589528716,1.3283227947643579e-05,0.0,0.0,0.0,False,2,False,Im|Va,ng_only
731,Bt_plus_all_10_NG,91,47.1486636345739,off,ng_high_bt_low,0.1,1.0,0.001,no_extinction_control,False,20,0.00193225622338736,3.323378156086193e-47,0.3864123662131307,3.426638654088682e-47,0.0019320618310656535,1.713319327044341e-49,0.23970099560371416,2.3061874959542022e-24,3.3964058993425224e-23,1.6982029496712612e-25,4.207402436226376e-09,4.844701391789377e-07,2.4223506958946884e-09,1.0479351483794785e-07,1.4741287226270495e-05,7.370643613135247e-08,7.953286131324718e-26,9.766652204320075e-25,4.8833261021600375e-27,2.368993491860343e-24,3.5070370773984987e-23,1.7535185386992493e-25,0.0019186688000342115,0.3837405000435859,0.0019187025002179296,6.314269185056309e-19,1.914826999379817e-17,9.574134996899086e-20,5.2744292811376e-13,3.507265163769519e-11,1.7536325818847594e-13,1.5134391854798683e-25,1.942843377287897e-24,9.714216886439486e-27,1.347842190843076e-05,0.0026566403771066593,1.3283201885533296e-05,3.323378156086193e-47,3.426638654088682e-47,1.713319327044341e-49,False,2,False,Im|Va,ng_only
732,Bt_plus_all_10_NG,91,47.1486636345739,on,ng_low_bt_high,0.0001,0.001,1.0,hard_extinction,True,20,0.0019319255507604647,0.0,0.38635738410248366,0.0,0.0019317869205124182,0.0,0.005042671615997918,0.0,0.0,0.0,0.0,0.0,0.0,0.0,0.0,0.0,0.0,0.0,0.0,0.0,0.0,0.0,0.0019187500130316557,0.3837526963219172,0.0019187634816095862,0.0,0.0,0.0,0.0,0.0,0.0,0.0,0.0,0.0,1.3175537728809051e-05,0.0026046877805664297,1.302343890283215e-05,0.0,0.0,0.0,False,2,False,Im|Va,ng_only
733,Bt_plus_all_10_NG,91,47.1486636345739,on,ng_low_bt_high,0.0001,0.001,1.0,no_extinction_control,False,20,0.0019319255500610305,3.3932016387238687e-44,0.3863573839821321,3.498631570489227e-44,0.0019317869199106602,1.7493157852446135e-46,0.005042668329760858,3.6208530846752984e-42,7.641398680791862e-42,3.820699340395931e-44,1.3182534262364705e-39,3.777392487495115e-39,1.8886962437475576e-41,3.7216991439182864e-44,6.202889371283e-44,3.1014446856415002e-46,2.034600029758455e-37,7.5541989290012e-37,3.7770994645006e-39,9.603282876802384e-37,3.862974272960739e-36,1.9314871364803695e-38,0.0019187500130997406,0.38375269633358816,0.0019187634816679408,7.016757600462522e-37,2.778327061345731e-36,1.3891635306728655e-38,8.750324205123717e-39,2.761436880154892e-38,1.380718440077446e-40,7.605956354889774e-35,3.870009016145084e-34,1.9350045080725422e-36,1.3175536961289961e-05,0.0026046876485439183,1.3023438242719592e-05,3.3932016387238687e-44,3.498631570489227e-44,1.7493157852446135e-46,False,2,False,Im|Va,ng_only
734,Bt_plus_all_10_NG,91,47.1486636345739,on,ng_high_bt_low,0.1,1.0,0.001,hard_extinction,True,20,0.0019321782727051563,0.0,0.3864007547213227,0.0,0.0019320037736066135,0.0,0.006228563237358209,0.0,0.0,0.0,0.0,0.0,0.0,0.0,0.0,0.0,0.0,0.0,0.0,0.0,0.0,0.0,0.0019187253272508436,0.3837484781238113,0.0019187423906190564,0.0,0.0,0.0,0.0,0.0,0.0,0.0,0.0,0.0,1.3452945454312602e-05,0.0026522765975114044,1.3261382987557022e-05,0.0,0.0,0.0,False,2,False,Im|Va,ng_only
735,Bt_plus_all_10_NG,91,47.1486636345739,on,ng_high_bt_low,0.1,1.0,0.001,no_extinction_control,False,20,0.0019321782705366067,3.32437247471608e-47,0.38640075435015475,3.4276637908358026e-47,0.0019320037717507738,1.7138318954179015e-49,0.006228553074326015,1.3424785258956816e-39,2.8331482655807892e-39,1.4165741327903947e-41,2.997609845788127e-37,8.58950842574202e-37,4.29475421287101e-39,1.7930324005245063e-41,2.9884150194553563e-41,1.494207509727678e-43,3.277263334752147e-35,1.2168042274322956e-34,6.084021137161478e-37,1.3842530800472277e-34,5.568235470796532e-34,2.784117735398266e-36,0.0019187253274634058,0.383748478160018,0.00191874239080009,1.0202885328105859e-34,4.039893356016093e-34,2.0199466780080464e-36,1.7652737779926584e-36,5.570870289533354e-36,2.785435144766677e-38,8.549020276064171e-33,4.3490726889738697e-32,2.174536344486935e-34,1.3452943073200854e-05,0.002652276190136768,1.326138095068384e-05,3.32437247471608e-47,3.4276637908358026e-47,1.7138318954179015e-49,False,2,False,Im|Va,ng_only
736,Bt_plus_all_10_NG,92,51.794746792312075,off,ng_low_bt_high,0.0001,0.001,1.0,hard_extinction,True,20,0.0019417410474758265,0.0,0.38834159285642944,0.0,0.0019417079642821474,0.0,0.0006745810898642901,0.0,0.0,0.0,0.0,0.0,0.0,0.0,0.0,0.0,0.0,0.0,0.0,0.0,0.0,0.0,0.0019176262990950798,0.38352612875850156,0.0019176306437925078,0.0,0.0,0.0,0.0,0.0,0.0,0.0,0.0,0.0,2.4114748380746767e-05,0.004815464097927901,2.4077320489639506e-05,0.0,0.0,0.0,False,2,False,Im|Va,ng_only
737,Bt_plus_all_10_NG,92,51.794746792312075,off,ng_low_bt_high,0.0001,0.001,1.0,no_extinction_control,False,20,0.001941791240466879,3.341095898588079e-44,0.3883487579786983,3.4423267618606854e-44,0.0019417437898934914,1.7211633809303426e-46,0.23023324918847443,7.487168702584481e-26,1.1197897884296885e-24,5.5989489421484426e-27,2.2746858393710712e-09,2.6766073338082423e-07,1.338303666904121e-09,9.819125697979506e-08,1.406882814560172e-05,7.03441407280086e-08,3.559648667114924e-27,4.5810152582709045e-26,2.2905076291354523e-28,1.3016333491809123e-25,2.0176308086589974e-24,1.0088154043294987e-26,0.0019175760364537734,0.383518950169398,0.0019175947508469902,3.3836432119549916e-20,1.0129083773205196e-18,5.064541886602598e-21,1.6372969060343373e-13,1.1278321182153665e-11,5.639160591076832e-14,5.483757816102455e-27,7.236652822791808e-26,3.618326411395904e-28,2.4114737906556733e-05,0.004815471309142943,2.4077356545714716e-05,3.341095898588079e-44,3.4423267618606854e-44,1.7211633809303426e-46,False,2,False,Im|Va,ng_only
738,Bt_plus_all_10_NG,92,51.794746792312075,off,ng_high_bt_low,0.1,1.0,0.001,hard_extinction,True,20,0.0019418167943358587,0.0,0.38835315611220306,0.0,0.0019417657805610154,0.0,0.0010372009634052048,0.0,0.0,0.0,0.0,0.0,0.0,0.0,0.0,0.0,0.0,0.0,0.0,0.0,0.0,0.0,0.001917616334116517,0.3835246095948113,0.0019176230479740566,0.0,0.0,0.0,0.0,0.0,0.0,0.0,0.0,0.0,2.420046021934168e-05,0.004828546517391754,2.414273258695877e-05,0.0,0.0,0.0,False,2,False,Im|Va,ng_only
739,Bt_plus_all_10_NG,92,51.794746792312075,off,ng_high_bt_low,0.1,1.0,0.001,no_extinction_control,False,20,0.0019418864011428807,3.277734507712107e-47,0.38836304308942166,3.3770456215612295e-47,0.0019418152154471085,1.6885228107806148e-49,0.23032918309282024,3.0362087677506445e-24,4.540994066750774e-23,2.2704970333753868e-25,5.869444735138797e-09,6.906309981713122e-07,3.453154990856561e-09,1.3280317524298998e-07,1.9018295264406942e-05,9.509147632203471e-08,1.8316529749359218e-25,2.3572077529650147e-24,1.1786038764825073e-26,5.36785317327081e-24,8.320582349732708e-23,4.160291174866354e-25,0.0019175473606239152,0.3835147896287167,0.0019175739481435835,5.025863922253472e-19,1.5045168480639725e-17,7.522584240319863e-20,9.60697695159978e-13,6.61765482751548e-11,3.30882741375774e-13,2.526837348224868e-25,3.334361097153754e-24,1.667180548576877e-26,2.420036693828918e-05,0.004828544468265815,2.4142722341329072e-05,3.277734507712107e-47,3.3770456215612295e-47,1.6885228107806148e-49,False,2,False,Im|Va,ng_only
740,Bt_plus_all_10_NG,92,51.794746792312075,on,ng_low_bt_high,0.0001,0.001,1.0,hard_extinction,True,20,0.0019417332101585047,0.0,0.38834039541031184,0.0,0.0019417019770515593,0.0,0.0006370473345693739,0.0,0.0,0.0,0.0,0.0,0.0,0.0,0.0,0.0,0.0,0.0,0.0,0.0,0.0,0.0,0.001917627328758769,0.38352628591630156,0.0019176314295815079,0.0,0.0,0.0,0.0,0.0,0.0,0.0,0.0,0.0,2.41058813997357e-05,0.004814109494010293,2.4070547470051466e-05,0.0,0.0,0.0,False,2,False,Im|Va,ng_only
741,Bt_plus_all_10_NG,92,51.794746792312075,on,ng_low_bt_high,0.0001,0.001,1.0,no_extinction_control,False,20,0.001941733209969068,3.3410088021829725e-44,0.38834039538136567,3.4422369628959144e-44,0.0019417019769068285,1.7211184814479573e-46,0.0006370464273031118,3.543278229959002e-42,7.477685771532826e-42,3.738842885766413e-44,1.2796622928544971e-39,3.666811430454221e-39,1.8334057152271104e-41,3.667777462509424e-44,6.113019069692589e-44,3.0565095348462945e-46,1.958882150687518e-37,7.273068528618854e-37,3.6365342643094266e-39,9.220791112387261e-37,3.7091148056969296e-36,1.8545574028484647e-38,0.001917627328783654,0.38352628592009996,0.0019176314296004999,6.744806895749039e-37,2.6706465562919974e-36,1.3353232781459987e-38,8.463724362382802e-39,2.6709913797933235e-38,1.3354956898966618e-40,6.39217629880417e-35,3.2240580988307283e-34,1.612029049415364e-36,2.410588118541392e-05,0.0048141094612657205,2.4070547306328603e-05,3.3410088021829725e-44,3.4422369628959144e-44,1.7211184814479573e-46,False,2,False,Im|Va,ng_only
742,Bt_plus_all_10_NG,92,51.794746792312075,on,ng_high_bt_low,0.1,1.0,0.001,hard_extinction,True,20,0.0019418082905820575,0.0,0.3883518588520862,0.0,0.0019417592942604308,0.0,0.0009965038298469509,0.0,0.0,0.0,0.0,0.0,0.0,0.0,0.0,0.0,0.0,0.0,0.0,0.0,0.0,0.0,0.0019176174540707657,0.38352478016736347,0.0019176239008368173,0.0,0.0,0.0,0.0,0.0,0.0,0.0,0.0,0.0,2.419083651129172e-05,0.0048270786847227,2.41353934236135e-05,0.0,0.0,0.0,False,2,False,Im|Va,ng_only
743,Bt_plus_all_10_NG,92,51.794746792312075,on,ng_high_bt_low,0.1,1.0,0.001,no_extinction_control,False,20,0.0019418082899176838,3.279022136909099e-47,0.3883518587507268,3.378372177914994e-47,0.0019417592937536342,1.689186088957497e-49,0.0009965006501779783,1.3424781981229615e-39,2.8331475738537308e-39,1.4165737869268654e-41,2.997609329844704e-37,8.589506947330694e-37,4.294753473665347e-39,1.7930338261409105e-41,2.9884173955046986e-41,1.4942086977523492e-43,3.2789444778728036e-35,1.2174284134824153e-34,6.087142067412076e-37,1.3846920895523987e-34,5.57000138919884e-34,2.78500069459942e-36,0.0019176174541582513,0.3835247801806901,0.0019176239009034504,1.0202969518969151e-34,4.039926691891013e-34,2.0199633459455067e-36,1.765287261336692e-36,5.570912822661304e-36,2.785456411330652e-38,7.511723994783026e-33,3.7885254082839147e-32,1.8942627041419573e-34,2.4190835759432496e-05,0.004827078570036752,2.4135392850183758e-05,3.279022136909099e-47,3.378372177914994e-47,1.689186088957497e-49,False,2,False,Im|Va,ng_only
744,Bt_plus_all_10_NG,93,56.89866029018293,off,ng_low_bt_high,0.0001,0.001,1.0,hard_extinction,True,20,0.0019514233890373337,0.0,0.3902837428392691,0.0,0.0019514187141963456,0.0,6.815089774470096e-05,0.0,0.0,0.0,0.0,0.0,0.0,0.0,0.0,0.0,0.0,0.0,0.0,0.0,0.0,0.0,0.0019160899021195186,0.38321815429779177,0.001916090771488959,0.0,0.0,0.0,0.0,0.0,0.0,0.0,0.0,0.0,3.533348691781519e-05,0.0070655885414773216,3.532794270738661e-05,0.0,0.0,0.0,False,2,False,Im|Va,ng_only
745,Bt_plus_all_10_NG,93,56.89866029018293,off,ng_low_bt_high,0.0001,0.001,1.0,no_extinction_control,False,20,0.0019514933236579632,3.295333450305598e-44,0.3902939645089807,3.3929210475768596e-44,0.0019514698225449034,1.6964605237884298e-46,0.22033097607950403,1.0008430681195996e-25,1.5226727171828748e-24,7.613363585914374e-27,3.3081505317208505e-09,3.9828827103524126e-07,1.9914413551762063e-09,1.3665039398923175e-07,2.0046356219792278e-05,1.002317810989614e-07,8.708455881220783e-27,1.180225761950563e-25,5.901128809752815e-28,3.1140403324556e-25,5.078463300827736e-24,2.539231650413868e-26,0.0019160198280395143,0.3832079097986907,0.0019160395489934534,2.6110753468713703e-20,7.726327554755552e-19,3.863163777377776e-21,2.637025443778948e-13,1.8675340488322503e-11,9.337670244161252e-14,9.250971219418633e-27,1.2580352526887412e-25,6.290176263443706e-28,3.533353681022544e-05,0.007065610047123876,3.532805023561938e-05,3.295333450305598e-44,3.3929210475768596e-44,1.6964605237884298e-46,False,2,False,Im|Va,ng_only
746,Bt_plus_all_10_NG,93,56.89866029018293,off,ng_high_bt_low,0.1,1.0,0.001,hard_extinction,True,20,0.0019514376241253296,0.0,0.3902856354293594,0.0,0.001951428177146797,0.0,0.0001376757295163955,0.0,0.0,0.0,0.0,0.0,0.0,0.0,0.0,0.0,0.0,0.0,0.0,0.0,0.0,0.0,0.001916087253854376,0.38321780230477354,0.0019160890115238677,0.0,0.0,0.0,0.0,0.0,0.0,0.0,0.0,0.0,3.5350370270953626e-05,0.007067833124585869,3.533916562292935e-05,0.0,0.0,0.0,False,2,False,Im|Va,ng_only
747,Bt_plus_all_10_NG,93,56.89866029018293,off,ng_high_bt_low,0.1,1.0,0.001,no_extinction_control,False,20,0.0019515326982876917,3.237735345424859e-47,0.39029946081169853,3.3336172661658273e-47,0.0019514973040584927,1.6668086330829137e-49,0.22040384426214565,4.1065283629667195e-24,6.247638144348487e-23,3.1238190721742433e-25,8.32810222425451e-09,1.0026231330556114e-06,5.013115665278057e-09,1.8108237813579918e-07,2.6546591207881665e-05,1.3273295603940831e-07,4.5983706835406505e-25,6.232008304302739e-24,3.1160041521513694e-26,1.3238200924633108e-23,2.1589230487049083e-22,1.0794615243524542e-24,0.0019159929827958994,0.38320406711513827,0.0019160203355756914,4.0975589199169205e-19,1.212493792259088e-17,6.06246896129544e-20,1.5358048228766443e-12,1.0876537753301934e-10,5.438268876650967e-13,4.404273728454001e-25,5.989288735742614e-24,2.994644367871307e-26,3.5350303475626877e-05,0.007067844373453918,3.5339221867269594e-05,3.237735345424859e-47,3.3336172661658273e-47,1.6668086330829137e-49,False,2,False,Im|Va,ng_only
748,Bt_plus_all_10_NG,93,56.89866029018293,on,ng_low_bt_high,0.0001,0.001,1.0,hard_extinction,True,20,0.0019514213680234625,0.0,0.39028347409893616,0.0,0.0019514173704946807,0.0,5.827958358128882e-05,0.0,0.0,0.0,0.0,0.0,0.0,0.0,0.0,0.0,0.0,0.0,0.0,0.0,0.0,0.0,0.001916090277982105,0.38321820426901254,0.0019160910213450626,0.0,0.0,0.0,0.0,0.0,0.0,0.0,0.0,0.0,3.533109004135735e-05,0.0070652698299236046,3.5326349149618024e-05,0.0,0.0,0.0,False,2,False,Im|Va,ng_only
749,Bt_plus_all_10_NG,93,56.89866029018293,on,ng_low_bt_high,0.0001,0.001,1.0,no_extinction_control,False,20,0.0019514213679931599,3.2952242013621027e-44,0.3902834740949064,3.3928084868731044e-44,0.001951417370474532,1.6964042434365522e-46,5.827943555924975e-05,3.4742773402545574e-42,7.332067240421318e-42,3.666033620210659e-44,1.2440254926113742e-39,3.5643706336757745e-39,1.7821853168378872e-41,3.6194874278745114e-44,6.032534933013989e-44,3.0162674665069942e-46,1.892543639986854e-37,7.026762473789025e-37,3.513381236894512e-39,8.892828040320662e-37,3.577189805473381e-36,1.7885949027366905e-38,0.0019160902779877436,0.38321820426976194,0.0019160910213488096,6.506899351364904e-37,2.5764456438054028e-36,1.2882228219027014e-38,8.211584980455109e-39,2.5914209468694e-38,1.2957104734347e-40,5.257235309801412e-35,2.6254184289250253e-34,1.3127092144625127e-36,3.533109000541634e-05,0.00706526982514445,3.532634912572225e-05,3.2952242013621027e-44,3.3928084868731044e-44,1.6964042434365522e-46,False,2,False,Im|Va,ng_only
750,Bt_plus_all_10_NG,93,56.89866029018293,on,ng_high_bt_low,0.1,1.0,0.001,hard_extinction,True,20,0.0019514350743150652,0.0,0.3902852964606935,0.0,0.0019514264823034674,0.0,0.00012522277019488826,0.0,0.0,0.0,0.0,0.0,0.0,0.0,0.0,0.0,0.0,0.0,0.0,0.0,0.0,0.0,0.001916087728351486,0.3832178653572565,0.0019160893267862824,0.0,0.0,0.0,0.0,0.0,0.0,0.0,0.0,0.0,3.534734596357928e-05,0.007067431103436989,3.533715551718494e-05,0.0,0.0,0.0,False,2,False,Im|Va,ng_only
751,Bt_plus_all_10_NG,93,56.89866029018293,on,ng_high_bt_low,0.1,1.0,0.001,no_extinction_control,False,20,0.0019514350741915616,3.239263639821557e-47,0.390285296444274,3.335190717630463e-47,0.0019514264822213703,1.6675953588152315e-49,0.000125222167025818,1.3424778993880634e-39,2.8331469434076984e-39,1.416573471703849e-41,2.9938736460724853e-37,8.578019798459639e-37,4.28900989922982e-39,1.793026882589456e-41,2.98840582281173e-41,1.4942029114058648e-43,3.274859837211448e-35,1.215911840806799e-34,6.079559204033995e-37,1.3836578213816227e-34,5.565840956823758e-34,2.782920478411879e-36,0.0019160877283744648,0.3832178653603095,0.0019160893268015476,1.020272868209295e-34,4.039831331092107e-34,2.0199156655460534e-36,1.765248264867681e-36,5.570789732883209e-36,2.7853948664416044e-38,6.409212836927372e-33,3.2006739753813624e-32,1.6003369876906812e-34,3.534734581709672e-05,0.007067431083964522,3.533715541982261e-05,3.239263639821557e-47,3.335190717630463e-47,1.6675953588152315e-49,False,2,False,Im|Va,ng_only
752,Bt_plus_all_10_NG,94,62.505519252739695,off,ng_low_bt_high,0.0001,0.001,1.0,hard_extinction,True,20,0.0019599943119009947,0.0,0.3919987131457921,0.0,0.0019599935657289604,0.0,8.970781168571307e-06,0.0,0.0,0.0,0.0,0.0,0.0,0.0,0.0,0.0,0.0,0.0,0.0,0.0,0.0,0.0,0.0019141400221909014,0.38282804463494347,0.0019141402231747174,0.0,0.0,0.0,0.0,0.0,0.0,0.0,0.0,0.0,4.5854289710093174e-05,0.009170668510848608,4.585334255424304e-05,0.0,0.0,0.0,False,2,False,Im|Va,ng_only
753,Bt_plus_all_10_NG,94,62.505519252739695,off,ng_low_bt_high,0.0001,0.001,1.0,no_extinction_control,False,20,0.001960099851203726,3.2552339262187796e-44,0.3920146116979555,3.3496630298531974e-44,0.0019600730584897774,1.6748315149265986e-46,0.20981134473177399,1.4669565211964399e-25,2.281975630014038e-24,1.1409878150070191e-26,4.914234676902541e-09,6.06205189011024e-07,3.03102594505512e-09,2.068115525839902e-07,3.126064175663324e-05,1.5630320878316622e-07,2.3553118487905262e-26,3.3794775113860434e-25,1.6897387556930217e-27,8.227112428447913e-25,1.418995420265978e-23,7.09497710132989e-26,0.001914033839360097,0.3828120528584354,0.0019140602642921769,2.1260296110356018e-20,6.229430683873336e-19,3.114715341936668e-21,4.4080969176992757e-13,3.2155495417710906e-11,1.6077747708855454e-13,1.6683974910292503e-26,2.3469696664955323e-25,1.1734848332477662e-27,4.5854285615558173e-05,0.00917069196041894,4.5853459802094704e-05,3.2552339262187796e-44,3.3496630298531974e-44,1.6748315149265986e-46,False,2,False,Im|Va,ng_only
754,Bt_plus_all_10_NG,94,62.505519252739695,off,ng_high_bt_low,0.1,1.0,0.001,hard_extinction,True,20,0.0019599969379550625,0.0,0.3919990187051755,0.0,0.0019599950935258775,0.0,2.224543929862932e-05,0.0,0.0,0.0,0.0,0.0,0.0,0.0,0.0,0.0,0.0,0.0,0.0,0.0,0.0,0.0,0.0019141393072613238,0.3828279623384736,0.001914139811692368,0.0,0.0,0.0,0.0,0.0,0.0,0.0,0.0,0.0,4.585763069373876e-05,0.009171056366701917,4.585528183350959e-05,0.0,0.0,0.0,False,2,False,Im|Va,ng_only
755,Bt_plus_all_10_NG,94,62.505519252739695,off,ng_high_bt_low,0.1,1.0,0.001,no_extinction_control,False,20,0.001960137096486084,3.2027991477856255e-47,0.3920200242959859,3.295707234102078e-47,0.0019601001214799296,1.647853617051039e-49,0.2640523369775991,6.0610673165255094e-24,9.428517720482734e-23,4.714258860241367e-25,1.2052529262415751e-08,1.4866602473850084e-06,7.433301236925043e-09,2.68053585130683e-07,4.047906848023809e-05,2.0239534240119046e-07,1.269001649310727e-24,1.8208051711919973e-23,9.104025855959987e-26,3.5828140361005106e-23,6.179565974855885e-22,3.0897829874279424e-24,0.0019139996258174569,0.38280700144533925,0.0019140350072266961,3.4481026975604294e-19,1.0103222660573543e-17,5.051611330286771e-20,2.5350683087104908e-12,1.8492442424426875e-10,9.246221212213438e-13,8.160779975804291e-25,1.147992090904485e-23,5.739960454522425e-26,4.5857362019165396e-05,0.009171056936994642,4.585528468497321e-05,3.2027991477856255e-47,3.295707234102078e-47,1.647853617051039e-49,False,2,False,Im|Va,ng_only
756,Bt_plus_all_10_NG,94,62.505519252739695,on,ng_low_bt_high,0.0001,0.001,1.0,hard_extinction,True,20,0.001959993509518256,0.0,0.3919986199907741,0.0,0.0019599930999538704,0.0,4.923798025302517e-06,0.0,0.0,0.0,0.0,0.0,0.0,0.0,0.0,0.0,0.0,0.0,0.0,0.0,0.0,0.0,0.0019141402383122219,0.3828280697209419,0.0019141403486047095,0.0,0.0,0.0,0.0,0.0,0.0,0.0,0.0,0.0,4.585327120603389e-05,0.009170550269832193,4.585275134916096e-05,0.0,0.0,0.0,True,2,False,Im|Va,ng_only
757,Bt_plus_all_10_NG,94,62.505519252739695,on,ng_low_bt_high,0.0001,0.001,1.0,no_extinction_control,False,20,0.0019599935095142747,3.2551009383314244e-44,0.3919986199903123,3.349526086833908e-44,0.0019599930999515615,1.674763043416954e-46,4.923777959575659e-06,3.4128047787656604e-42,7.202336389905914e-42,3.601168194952957e-44,1.2154063122609851e-39,3.4826889745289676e-39,1.741344487264484e-41,3.576199033829419e-44,5.960386941212719e-44,2.9801934706063597e-46,1.8342613312519268e-37,6.81036802387967e-37,3.405184011939835e-39,8.602292292186004e-37,3.460320153167098e-36,1.7301600765835493e-38,0.0019141402383132905,0.38282806972106637,0.0019141403486053318,6.298127755221257e-37,2.4937812839637558e-36,1.2468906419818778e-38,7.98918528043346e-39,2.521235793811745e-38,1.2606178969058725e-40,4.281953700421234e-35,2.116474924288107e-34,1.0582374621440533e-36,4.585327120098422e-05,0.009170550269245976,4.5852751346229876e-05,3.2551009383314244e-44,3.349526086833908e-44,1.674763043416954e-46,True,2,False,Im|Va,ng_only
758,Bt_plus_all_10_NG,94,62.505519252739695,on,ng_high_bt_low,0.1,1.0,0.001,hard_extinction,True,20,0.0019599956615169284,0.0,0.39199886982091264,0.0,0.001959994349104563,0.0,1.5777395063309996e-05,0.0,0.0,0.0,0.0,0.0,0.0,0.0,0.0,0.0,0.0,0.0,0.0,0.0,0.0,0.0,0.0019141396587607335,0.3828280024422908,0.001914140012211454,0.0,0.0,0.0,0.0,0.0,0.0,0.0,0.0,0.0,4.5856002756194845e-05,0.009170867378621831,4.585433689310915e-05,0.0,0.0,0.0,False,2,False,Im|Va,ng_only
759,Bt_plus_all_10_NG,94,62.505519252739695,on,ng_high_bt_low,0.1,1.0,0.001,no_extinction_control,False,20,0.0019599956614978725,3.20445589193829e-47,0.3919988698187001,3.297411910870032e-47,0.0019599943490935007,1.6487059554350159e-49,1.5777298946417773e-05,1.3424776267507802e-39,2.8331463680377208e-39,1.4165731840188603e-41,2.9976084349148813e-37,8.589504382951828e-37,4.294752191475914e-39,1.7930307263814958e-41,2.988412229191152e-41,1.494206114595576e-43,3.277858760515368e-35,1.2170253010878996e-34,6.085126505439498e-37,1.3844679307795305e-34,5.569099630148943e-34,2.7845498150744716e-36,0.0019141396587658678,0.38282800244288645,0.0019141400122144323,1.0202894179587723e-34,4.03989686081317e-34,2.019948430406585e-36,1.765274809926492e-36,5.570873475168116e-36,2.7854367375840583e-38,5.432876545370393e-33,2.6853462456833334e-32,1.3426731228416667e-34,4.585600273200467e-05,0.009170867375813638,4.585433687906819e-05,3.20445589193829e-47,3.297411910870032e-47,1.6487059554350159e-49,False,2,False,Im|Va,ng_only
760,Bt_plus_all_10_NG,95,68.66488450042998,off,ng_low_bt_high,0.0001,0.001,1.0,hard_extinction,True,20,0.0019618984251930853,0.0,0.39237972768722845,0.0,0.001961898638436142,0.0,9.880024464337112e-06,0.0,0.0,0.0,0.0,0.0,0.0,0.0,0.0,0.0,0.0,0.0,0.0,0.0,0.0,0.0,0.0019135921684817316,0.38271869613203724,0.0019135934806601862,0.0,0.0,0.0,0.0,0.0,0.0,0.0,0.0,0.0,4.830625671135379e-05,0.009661031555191218,4.830515777595609e-05,0.0,0.0,0.0,False,2,False,Im|Va,ng_only
761,Bt_plus_all_10_NG,95,68.66488450042998,off,ng_low_bt_high,0.0001,0.001,1.0,no_extinction_control,False,20,0.0019620643187087342,3.219803794199937e-44,0.3924054381880843,3.311467458444812e-44,0.0019620271909404218,1.6557337292224059e-46,0.199645773914348,2.264854076185538e-25,3.612336379915913e-24,1.8061681899579564e-26,7.187923825566069e-09,9.077210882658247e-07,4.538605441329124e-09,3.25756608001331e-07,5.091261734748788e-05,2.5456308673743937e-07,7.071750006662339e-26,1.0802306846069299e-24,5.4011534230346495e-27,2.4101505564137873e-24,4.420558619437346e-23,2.210279309718673e-25,0.0019134259030121426,0.382692641547448,0.00191346320773724,1.758423702322617e-20,5.105679501272615e-19,2.5528397506363075e-21,7.505945740258346e-13,5.644342507923323e-11,2.8221712539616614e-13,3.72452178488893e-26,5.487367920005713e-25,2.7436839600028567e-27,4.830547041416996e-05,0.009660976245757163,4.8304881228785815e-05,3.219803794199937e-44,3.311467458444812e-44,1.6557337292224059e-46,False,2,False,Im|Va,ng_only
762,Bt_plus_all_10_NG,95,68.66488450042998,off,ng_high_bt_low,0.1,1.0,0.001,hard_extinction,True,20,0.001961690745552664,0.0,0.39237978998434986,0.0,0.0019618989499217494,0.0,4.740711632678085e-05,0.0,0.0,0.0,0.0,0.0,0.0,0.0,0.0,0.0,0.0,0.0,0.0,0.0,0.0,0.0,0.0019133831531788486,0.3827184054832615,0.0019135920274163077,0.0,0.0,0.0,0.0,0.0,0.0,0.0,0.0,0.0,4.830759237381549e-05,0.00966138450108832,4.8306922505441605e-05,0.0,0.0,0.0,False,2,False,Im|Va,ng_only
763,Bt_plus_all_10_NG,95,68.66488450042998,off,ng_high_bt_low,0.1,1.0,0.001,no_extinction_control,False,20,0.001962115363196793,3.1720141594989857e-47,0.39241313188736654,3.262317351854794e-47,0.001962065659436833,1.631158675927397e-49,0.305358139344138,9.408274426556503e-24,1.5005782584529421e-22,7.5028912922647105e-25,1.7187848488970156e-08,2.170336002173328e-06,1.0851680010866641e-08,4.132676500016245e-07,6.449907012791595e-05,3.224953506395797e-07,3.864855548814071e-24,5.903683577137623e-23,2.9518417885688115e-25,1.0683045145188953e-22,1.9594231589459765e-21,9.797115794729882e-24,0.0019133772637188419,0.38268523154348777,0.001913426157717439,2.937941136944381e-19,8.530490338323149e-18,4.265245169161574e-20,4.241572656809148e-12,3.1895950004176926e-10,1.5947975002088463e-12,1.8608973308915604e-24,2.7416722072489875e-23,1.3708361036244938e-25,4.8307639737887444e-05,0.009661230618789174,4.8306153093945874e-05,3.1720141594989857e-47,3.262317351854794e-47,1.631158675927397e-49,False,2,False,Im|Va,ng_only
764,Bt_plus_all_10_NG,95,68.66488450042998,on,ng_low_bt_high,0.0001,0.001,1.0,hard_extinction,True,20,0.0019618980691357424,0.0,0.3923795679121022,0.0,0.001961897839560511,0.0,2.67416503252349e-06,0.0,0.0,0.0,0.0,0.0,0.0,0.0,0.0,0.0,0.0,0.0,0.0,0.0,0.0,0.0,0.0019135936558950266,0.38271874475059,0.0019135937237529498,0.0,0.0,0.0,0.0,0.0,0.0,0.0,0.0,0.0,4.830441324071571e-05,0.009660823161512226,4.830411580756113e-05,0.0,0.0,0.0,True,2,False,Im|Va,ng_only
765,Bt_plus_all_10_NG,95,68.66488450042998,on,ng_low_bt_high,0.0001,0.001,1.0,no_extinction_control,False,20,0.001961898069133383,3.219648467307331e-44,0.39237956791183665,3.311307582623895e-44,0.0019618978395591832,1.6556537913119474e-46,2.6741530003704383e-06,3.3579680292247196e-42,7.086609665898674e-42,3.543304832949337e-44,1.1886491699049303e-39,3.4060176558651794e-39,1.7030088279325897e-41,3.5373660664788835e-44,5.895664729362882e-44,2.947832364681441e-46,1.7829214649718443e-37,6.6197499381647485e-37,3.309874969082374e-39,8.346841264135618e-37,3.357563555450795e-36,1.6787817777253973e-38,0.0019135936558957254,0.3827187447506684,0.001913593723753342,6.114433611178175e-37,2.4210464909915806e-36,1.2105232454957904e-38,7.792583538026974e-39,2.4591920033261734e-38,1.2295960016630866e-40,3.967583010948413e-35,1.9561173267737974e-34,9.780586633868987e-37,4.830441323765758e-05,0.009660823161168234,4.830411580584117e-05,3.219648467307331e-44,3.311307582623895e-44,1.6556537913119474e-46,True,2,False,Im|Va,ng_only
766,Bt_plus_all_10_NG,95,68.66488450042998,on,ng_high_bt_low,0.1,1.0,0.001,hard_extinction,True,20,0.0019618994594738657,0.0,0.3923797243013538,0.0,0.0019618986215067693,0.0,9.760741358277869e-06,0.0,0.0,0.0,0.0,0.0,0.0,0.0,0.0,0.0,0.0,0.0,0.0,0.0,0.0,0.0,0.0019135932449219977,0.38271869852437573,0.0019135934926218787,0.0,0.0,0.0,0.0,0.0,0.0,0.0,0.0,0.0,4.8306214551868e-05,0.009661025776978105,4.8305128884890525e-05,0.0,0.0,0.0,True,2,False,Im|Va,ng_only
767,Bt_plus_all_10_NG,95,68.66488450042998,on,ng_high_bt_low,0.1,1.0,0.001,no_extinction_control,False,20,0.001961899459461956,3.173748328333865e-47,0.3923797243000144,3.2641007278627577e-47,0.001961898621500072,1.632050363931379e-49,9.760680653947418e-06,1.3424773824248915e-39,2.8331458524157144e-39,1.4165729262078573e-41,2.9976080554998808e-37,8.589503295756188e-37,4.294751647878094e-39,1.7930232321213194e-41,2.9883997386418096e-41,1.4941998693209049e-43,3.2742526053264975e-35,1.2156863836954358e-34,6.078431918477179e-37,1.3834818196477645e-34,5.565132953029214e-34,2.7825664765146068e-36,0.0019135932449255181,0.38271869852477186,0.0019135934926238593,1.020267418599375e-34,4.039809753036297e-34,2.0199048765181484e-36,1.7652392946834263e-36,5.570761399292158e-36,2.7853806996460794e-38,5.1866798711586756e-33,2.557159758353213e-32,1.2785798791766065e-34,4.830621453643789e-05,0.009661025775242521,4.8305128876212605e-05,3.173748328333865e-47,3.2641007278627577e-47,1.632050363931379e-49,True,2,False,Im|Va,ng_only
768,Bt_plus_all_10_NG,96,75.43120063354615,off,ng_low_bt_high,0.0001,0.001,1.0,hard_extinction,True,20,0.0019631370409920745,0.0,0.39262747609291765,0.0,0.001963137380464588,0.0,8.935961182565677e-06,0.0,0.0,0.0,0.0,0.0,0.0,0.0,0.0,0.0,0.0,0.0,0.0,0.0,0.0,0.0,0.0019132077444119174,0.38264182224193055,0.0019132091112096527,0.0,0.0,0.0,0.0,0.0,0.0,0.0,0.0,0.0,4.9929296580157205e-05,0.009985653850987077,4.9928269254935385e-05,0.0,0.0,0.0,False,2,False,Im|Va,ng_only
769,Bt_plus_all_10_NG,96,75.43120063354615,off,ng_low_bt_high,0.0001,0.001,1.0,no_extinction_control,False,20,0.0019633124863689135,3.184942278231333e-44,0.3926548058669787,3.2738819361224037e-44,0.0019632740293348936,1.6369409680612018e-46,0.19998838242670303,2.9950283505198116e-25,4.8552112209570595e-24,2.4276056104785298e-26,7.091728567515605e-09,8.948657795088035e-07,4.474328897544018e-09,3.45354744973127e-07,5.423091860844138e-05,2.7115459304220694e-07,2.260915458384687e-25,3.6887554767494694e-24,1.8443777383747346e-26,7.516705438082818e-24,1.4708326015360671e-22,7.354163007680336e-25,0.001913031589868454,0.38261408460919044,0.0019130704230459522,1.1630349052290126e-20,3.3069678242969664e-19,1.6534839121484832e-21,1.0413369345999455e-12,7.982235610351486e-11,3.991117805175743e-13,8.897683243003695e-26,1.3779458052790817e-24,6.889729026395409e-27,4.992844898558217e-05,0.009985595393577951,4.992797696788976e-05,3.184942278231333e-44,3.2738819361224037e-44,1.6369409680612018e-46,False,2,False,Im|Va,ng_only
770,Bt_plus_all_10_NG,96,75.43120063354615,off,ng_high_bt_low,0.1,1.0,0.001,hard_extinction,True,20,0.0019629158216139596,0.0,0.3926274885687959,0.0,0.0019631374428439796,0.0,5.038088109454719e-05,0.0,0.0,0.0,0.0,0.0,0.0,0.0,0.0,0.0,0.0,0.0,0.0,0.0,0.0,0.0,0.001912985691775227,0.3826415245948786,0.001913207622974393,0.0,0.0,0.0,0.0,0.0,0.0,0.0,0.0,0.0,4.993012983873255e-05,0.009985963973917327,4.992981986958664e-05,0.0,0.0,0.0,False,2,False,Im|Va,ng_only
771,Bt_plus_all_10_NG,96,75.43120063354615,off,ng_high_bt_low,0.1,1.0,0.001,no_extinction_control,False,20,0.0019633661460890434,3.1413978777085886e-47,0.39266295071771856,3.229121591375781e-47,0.001963314753588593,1.6145607956878904e-49,0.32520219964381525,1.2546077296730845e-23,2.0338358460850973e-22,1.0169179230425486e-24,1.709968253168754e-08,2.1574980399431473e-06,1.0787490199715736e-08,4.390312179796693e-07,6.883685961722101e-05,3.4418429808610506e-07,1.2467663930540624e-23,2.0341399789580772e-22,1.0170699894790386e-24,3.3714868872528525e-22,6.5971656806402576e-21,3.2985828403201287e-23,0.0019129798316844028,0.38260615903170214,0.0019130307951585107,2.0386245287939784e-19,5.796627460140961e-18,2.89831373007048e-20,5.878415078663033e-12,4.5060317124909534e-10,2.2530158562454766e-12,4.5185177690464195e-24,6.997628293106551e-23,3.4988141465532756e-25,4.993017762571411e-05,0.009985796877756085,4.9928984388780424e-05,3.1413978777085886e-47,3.229121591375781e-47,1.6145607956878904e-49,False,2,False,Im|Va,ng_only
772,Bt_plus_all_10_NG,96,75.43120063354615,on,ng_low_bt_high,0.0001,0.001,1.0,hard_extinction,True,20,0.0019631367642099187,0.0,0.3926273217871117,0.0,0.0019631366089355585,0.0,1.7759237191938837e-06,0.0,0.0,0.0,0.0,0.0,0.0,0.0,0.0,0.0,0.0,0.0,0.0,0.0,0.0,0.0,0.001913209312702729,0.3826418723184126,0.001913209361592063,0.0,0.0,0.0,0.0,0.0,0.0,0.0,0.0,0.0,4.99274515071896e-05,0.009985449468699054,4.992724734349527e-05,0.0,0.0,0.0,True,2,False,Im|Va,ng_only
773,Bt_plus_all_10_NG,96,75.43120063354615,on,ng_low_bt_high,0.0001,0.001,1.0,no_extinction_control,False,20,0.0019631367642082695,3.1847901181619753e-44,0.3926273217869294,3.2737254081340596e-44,0.001963136608934647,1.6368627040670298e-46,1.7759152335372619e-06,3.309007942600932e-42,6.983284970698573e-42,3.4916424853492864e-44,1.1648864210455218e-39,3.3379266293316655e-39,1.6689633146658329e-41,3.502517543144209e-44,5.837583319061138e-44,2.918791659530569e-46,1.7376053490520319e-37,6.451497235254614e-37,3.225748617627307e-39,8.121741528193018e-37,3.267015904409205e-36,1.6335079522046025e-38,0.0019132093127032512,0.3826418723184695,0.0019132093615923476,5.952459051070941e-37,2.3569116969428573e-36,1.1784558484714286e-38,7.618488233415685e-39,2.40425080685397e-38,1.2021254034269852e-40,3.736947779612386e-35,1.8392623403583824e-34,9.196311701791912e-37,4.992745150501819e-05,0.009985449468459879,4.99272473422994e-05,3.1847901181619753e-44,3.2737254081340596e-44,1.6368627040670298e-46,True,2,False,Im|Va,ng_only
774,Bt_plus_all_10_NG,96,75.43120063354615,on,ng_high_bt_low,0.1,1.0,0.001,hard_extinction,True,20,0.0019631378111731536,0.0,0.3926274371332473,0.0,0.0019631371856662365,0.0,7.154045817081567e-06,0.0,0.0,0.0,0.0,0.0,0.0,0.0,0.0,0.0,0.0,0.0,0.0,0.0,0.0,0.0,0.0019132089830480928,0.38264183600039614,0.0019132091800019807,0.0,0.0,0.0,0.0,0.0,0.0,0.0,0.0,0.0,4.992882812506082e-05,0.00998560113285116,4.99280056642558e-05,0.0,0.0,0.0,True,2,False,Im|Va,ng_only
775,Bt_plus_all_10_NG,96,75.43120063354615,on,ng_high_bt_low,0.1,1.0,0.001,no_extinction_control,False,20,0.00196313781116447,3.1432408150484684e-47,0.39262743713229087,3.231015840524781e-47,0.0019631371856614543,1.6155079202623905e-49,7.154001214537686e-06,1.3424771797931304e-39,2.8331454247844274e-39,1.4165727123922138e-41,2.997607731693037e-37,8.589502367903094e-37,4.294751183951547e-39,1.793025258232707e-41,2.9884031155254073e-41,1.4942015577627036e-43,3.2743602811382383e-35,1.2157263622902374e-34,6.078631811451187e-37,1.383524858383835e-34,5.565306037864591e-34,2.7826530189322956e-36,0.001913208983050826,0.3826418360006975,0.0019132091800034875,1.0202680216995489e-34,4.0398121410474355e-34,2.019906070523718e-36,1.7652401725551028e-36,5.570764145227172e-36,2.785382072613586e-38,5.0349213651751646e-33,2.4781009417617365e-32,1.2390504708808683e-34,4.992882811364398e-05,0.009985601131593372,4.992800565796686e-05,3.1432408150484684e-47,3.231015840524781e-47,1.6155079202623905e-49,True,2,False,Im|Va,ng_only
776,Bt_plus_all_10_NG,97,82.86427728546842,off,ng_low_bt_high,0.0001,0.001,1.0,hard_extinction,True,20,0.001964316774845129,0.0,0.39286328680833993,0.0,0.0019643164340416995,0.0,3.837541542317524e-06,0.0,0.0,0.0,0.0,0.0,0.0,0.0,0.0,0.0,0.0,0.0,0.0,0.0,0.0,0.0,0.001912819500386023,0.38256392292484104,0.0019128196146242051,0.0,0.0,0.0,0.0,0.0,0.0,0.0,0.0,0.0,5.1497274459105635e-05,0.010299363883498877,5.1496819417494384e-05,0.0,0.0,0.0,False,2,False,Im|Va,ng_only
777,Bt_plus_all_10_NG,97,82.86427728546842,off,ng_low_bt_high,0.0001,0.001,1.0,no_extinction_control,False,20,0.001964418781724087,3.153930831267036e-44,0.3928785970639781,3.2404671373858106e-44,0.0019643929853198905,1.6202335686929053e-46,0.202540922009522,4.0762083212957746e-25,6.726388380466144e-24,3.363194190233072e-26,6.436713130914333e-09,8.074453443994176e-07,4.037226721997088e-09,1.9754662143989697e-07,2.979555054823141e-05,1.4897775274115706e-07,8.081144279030719e-25,1.416696156873648e-23,7.08348078436824e-26,2.617884837721866e-23,5.497389997236898e-22,2.748694998618449e-24,0.0019127174942581667,0.3825486030399688,0.001912743015199844,7.268669201533403e-21,2.0226355249689248e-19,1.0113177624844624e-21,1.40682413921783e-12,1.097837490044913e-10,5.489187450224566e-13,2.331549243744095e-25,3.81430679923837e-24,1.9071533996191852e-26,5.14973027245253e-05,0.010299390918332957,5.1496954591664785e-05,3.153930831267036e-44,3.2404671373858106e-44,1.6202335686929053e-46,False,2,False,Im|Va,ng_only
778,Bt_plus_all_10_NG,97,82.86427728546842,off,ng_high_bt_low,0.1,1.0,0.001,hard_extinction,True,20,0.001964317968795168,0.0,0.3928634163948953,0.0,0.0019643170819744764,0.0,1.0051730449767149e-05,0.0,0.0,0.0,0.0,0.0,0.0,0.0,0.0,0.0,0.0,0.0,0.0,0.0,0.0,0.0,0.001912819092364563,0.38256387949395554,0.0019128193974697776,0.0,0.0,0.0,0.0,0.0,0.0,0.0,0.0,0.0,5.149887643060508e-05,0.010299536900939755,5.149768450469878e-05,0.0,0.0,0.0,False,2,False,Im|Va,ng_only
779,Bt_plus_all_10_NG,97,82.86427728546842,off,ng_high_bt_low,0.1,1.0,0.001,no_extinction_control,False,20,0.0019644575961882543,3.1141426431273234e-47,0.3928842511963367,3.1995872808916856e-47,0.0019644212559816834,1.5997936404458428e-49,0.33890121942887497,1.716531101581303e-23,2.83255162104085e-22,1.4162758105204251e-24,1.574403178526841e-08,1.9748066251565884e-06,9.874033125782942e-09,2.61934322333478e-07,3.9467501809187126e-05,1.9733750904593564e-07,4.466916745612888e-23,7.83090344575051e-22,3.915451722875255e-24,1.1798436536045929e-21,2.477596755940995e-20,1.2387983779704975e-22,0.0019126812676245448,0.3825432639109914,0.001912716319554957,1.3967014281955558e-19,3.886574811493904e-18,1.943287405746952e-20,7.959632325406843e-12,6.211433199259931e-10,3.1057165996299654e-12,1.1966614272217138e-23,1.9576816621934048e-22,9.788408310967024e-25,5.1498642249958566e-05,0.010299544355767624,5.1497721778838125e-05,3.1141426431273234e-47,3.1995872808916856e-47,1.5997936404458428e-49,False,2,False,Im|Va,ng_only
780,Bt_plus_all_10_NG,97,82.86427728546842,on,ng_low_bt_high,0.0001,0.001,1.0,hard_extinction,True,20,0.0019643162653675984,0.0,0.392863231780819,0.0,0.001964316158904095,0.0,1.1987093300191987e-06,0.0,0.0,0.0,0.0,0.0,0.0,0.0,0.0,0.0,0.0,0.0,0.0,0.0,0.0,0.0,0.0019128196711438539,0.38256394136349275,0.0019128197068174638,0.0,0.0,0.0,0.0,0.0,0.0,0.0,0.0,0.0,5.14965942237445e-05,0.010299290417326249,5.149645208663124e-05,0.0,0.0,0.0,True,2,False,Im|Va,ng_only
781,Bt_plus_all_10_NG,97,82.86427728546842,on,ng_low_bt_high,0.0001,0.001,1.0,no_extinction_control,False,20,0.00196431626536643,3.153788442724413e-44,0.392863231780693,3.240320772331081e-44,0.001964316158903465,1.6201603861655405e-46,1.1987032833005173e-06,3.265100201081347e-42,6.890622675300753e-42,3.4453113376503764e-44,1.143679099318868e-39,3.277158057693016e-39,1.638579028846508e-41,3.471120304931545e-44,5.785254103918855e-44,2.8926270519594276e-46,1.6973863474202573e-37,6.302169438828546e-37,3.151084719414273e-39,7.922267475665204e-37,3.186776364069225e-36,1.5933881820346125e-38,0.0019128196711442442,0.3825639413635351,0.0019128197068176756,5.8088379743082385e-37,2.3000440741931178e-36,1.150022037096559e-38,7.463521239251584e-39,2.355346158441229e-38,1.1776730792206146e-40,3.5298483735092304e-35,1.7344271403560885e-34,8.672135701780442e-37,5.1496594222185654e-05,0.010299290417157861,5.1496452085789306e-05,3.153788442724413e-44,3.240320772331081e-44,1.6201603861655405e-46,True,2,False,Im|Va,ng_only
782,Bt_plus_all_10_NG,97,82.86427728546842,on,ng_high_bt_low,0.1,1.0,0.001,hard_extinction,True,20,0.0019643170614625006,0.0,0.3928633177599883,0.0,0.0019643165887999413,0.0,5.3218297395574155e-06,0.0,0.0,0.0,0.0,0.0,0.0,0.0,0.0,0.0,0.0,0.0,0.0,0.0,0.0,0.0,0.0019128194043833383,0.38256391255349104,0.001912819562767455,0.0,0.0,0.0,0.0,0.0,0.0,0.0,0.0,0.0,5.149765707916212e-05,0.010299405206497267,5.149702603248633e-05,0.0,0.0,0.0,True,2,False,Im|Va,ng_only
783,Bt_plus_all_10_NG,97,82.86427728546842,on,ng_high_bt_low,0.1,1.0,0.001,no_extinction_control,False,20,0.001964317061456116,3.1161121918402084e-47,0.3928633177592986,3.201610776300557e-47,0.001964316588796493,1.6008053881502786e-49,5.321796674451207e-06,1.3424769937647323e-39,2.833145032192646e-39,1.416572516096323e-41,2.9976074357611286e-37,8.58950151992432e-37,4.29475075996216e-39,1.7930272323129063e-41,2.988406405689559e-41,1.4942032028447796e-43,3.2752844818836317e-35,1.2160695057178864e-34,6.080347528589432e-37,1.3838084320419072e-34,5.566446749209856e-34,2.783223374604928e-36,0.0019128194043854774,0.38256391255372196,0.0019128195627686098,1.0202738569626543e-34,4.039835246120059e-34,2.0199176230600296e-36,1.765249634914639e-36,5.5707940166609875e-36,2.785397008330494e-38,4.89318636833176e-33,2.4043157431701283e-32,1.2021578715850642e-34,5.149765707063836e-05,0.010299405205576673,5.1497026027883365e-05,3.1161121918402084e-47,3.201610776300557e-47,1.6008053881502786e-49,True,2,False,Im|Va,ng_only
784,Bt_plus_all_10_NG,98,91.02981779915208,off,ng_low_bt_high,0.0001,0.001,1.0,hard_extinction,True,20,0.0019654267024538058,0.0,0.39308530918564405,0.0,0.0019654265459282203,0.0,1.7393282174538172e-06,0.0,0.0,0.0,0.0,0.0,0.0,0.0,0.0,0.0,0.0,0.0,0.0,0.0,0.0,0.0,0.001912429627508827,0.38248593664670416,0.0019124296832335208,0.0,0.0,0.0,0.0,0.0,0.0,0.0,0.0,0.0,5.299707494497868e-05,0.01059937253893988,5.29968626946994e-05,0.0,0.0,0.0,True,2,False,Im|Va,ng_only
785,Bt_plus_all_10_NG,98,91.02981779915208,off,ng_low_bt_high,0.0001,0.001,1.0,no_extinction_control,False,20,0.0019654717590914935,3.12632202721747e-44,0.3930916761237879,3.210736020549161e-44,0.0019654583806189394,1.6053680102745805e-46,0.21544427864871984,5.696696720297632e-25,9.584193010175664e-24,4.792096505087832e-26,5.25322259071266e-09,6.510384325463894e-07,3.2551921627319467e-09,8.356768705983126e-08,1.1915201998175746e-05,5.957600999087873e-08,3.2546314941707056e-24,6.170027915305874e-23,3.0850139576529367e-25,1.0263394863611232e-22,2.3275885578341594e-21,1.1637942789170797e-23,0.0019123856856297537,0.38247970637536693,0.0019123985318768347,4.400145356993997e-21,1.1975242160980202e-19,5.987621080490101e-22,1.8413583924660103e-12,1.4602839120172378e-10,7.301419560086189e-13,6.756577480427663e-25,1.1739342455335505e-23,5.869671227667753e-26,5.299725071073096e-05,0.010599403361961846,5.299701680980923e-05,3.12632202721747e-44,3.210736020549161e-44,1.6053680102745805e-46,False,2,False,Im|Va,ng_only
786,Bt_plus_all_10_NG,98,91.02981779915208,off,ng_high_bt_low,0.1,1.0,0.001,hard_extinction,True,20,0.0019654274723766717,0.0,0.3930853907866949,0.0,0.0019654269539334745,0.0,5.760957338729611e-06,0.0,0.0,0.0,0.0,0.0,0.0,0.0,0.0,0.0,0.0,0.0,0.0,0.0,0.0,0.0,0.0019124293534013037,0.3824859075957026,0.001912429537978513,0.0,0.0,0.0,0.0,0.0,0.0,0.0,0.0,0.0,5.299811897536787e-05,0.010599483190992305,5.299741595496152e-05,0.0,0.0,0.0,True,2,False,Im|Va,ng_only
787,Bt_plus_all_10_NG,98,91.02981779915208,off,ng_high_bt_low,0.1,1.0,0.001,no_extinction_control,False,20,0.001965497703589945,3.0899602737182014e-47,0.39309525181371874,3.173392476900521e-47,0.0019654762590685937,1.5866962384502605e-49,0.3475966809319182,2.419832363182636e-23,4.071159966629482e-22,2.035579983314741e-24,1.3219385705562928e-08,1.6381657506130101e-06,8.190828753065051e-09,1.2380954725876324e-07,1.764248895122977e-05,8.821244475614885e-08,1.7908333952723383e-22,3.395006434875074e-21,1.6975032174375368e-23,4.612415256599861e-21,1.0460289025217031e-19,5.230144512608515e-22,0.00191236235783386,0.3824764485451669,0.0019123822427258345,9.465294827251665e-20,2.5760362255504376e-18,1.2880181127752188e-20,1.0464559373325161e-11,8.298896235714242e-10,4.149448117857121e-12,3.4817153118675296e-23,6.049368839951625e-22,3.0246844199758125e-24,5.2998306358561014e-05,0.010599521783960396,5.299760891980198e-05,3.0899602737182014e-47,3.173392476900521e-47,1.5866962384502605e-49,False,2,False,Im|Va,ng_only
788,Bt_plus_all_10_NG,98,91.02981779915208,on,ng_low_bt_high,0.0001,0.001,1.0,hard_extinction,True,20,0.001965426527818699,0.0,0.39308529067664544,0.0,0.0019654264533832274,0.0,8.271356968236887e-07,0.0,0.0,0.0,0.0,0.0,0.0,0.0,0.0,0.0,0.0,0.0,0.0,0.0,0.0,0.0,0.0019124296896806676,0.3824859432360494,0.001912429716180247,0.0,0.0,0.0,0.0,0.0,0.0,0.0,0.0,0.0,5.2996838138031396e-05,0.010599347440596055,5.299673720298027e-05,0.0,0.0,0.0,True,2,False,Im|Va,ng_only
789,Bt_plus_all_10_NG,98,91.02981779915208,on,ng_low_bt_high,0.0001,0.001,1.0,no_extinction_control,False,20,0.0019654265278178616,3.1262145246613553e-44,0.3930852906765576,3.210625584287765e-44,0.001965426453382788,1.6053127921438826e-46,8.271313234331501e-07,3.225677276466756e-42,6.807425075978667e-42,3.403712537989333e-44,1.1247221056135802e-39,3.222837693958182e-39,1.611418846979091e-41,3.442811258144241e-44,5.738071922168585e-44,2.8690359610842926e-46,1.661616023470068e-37,6.169358990129846e-37,3.084679495064923e-39,7.745103186025764e-37,3.115511018570906e-36,1.5577555092854532e-38,0.0019124296896809655,0.38248594323608187,0.0019124297161804095,5.6812118331238704e-37,2.2495097416740205e-36,1.1247548708370103e-38,7.325325073383462e-39,2.311734053075444e-38,1.155867026537722e-40,3.344090582800861e-35,1.6404962110060961e-34,8.20248105503048e-37,5.299683813689613e-05,0.010599347440475741,5.2996737202378704e-05,3.1262145246613553e-44,3.210625584287765e-44,1.6053127921438826e-46,True,2,False,Im|Va,ng_only
790,Bt_plus_all_10_NG,98,91.02981779915208,on,ng_high_bt_low,0.1,1.0,0.001,hard_extinction,True,20,0.0019654271414167018,0.0,0.3930853557096687,0.0,0.0019654267785483436,0.0,4.032214984128757e-06,0.0,0.0,0.0,0.0,0.0,0.0,0.0,0.0,0.0,0.0,0.0,0.0,0.0,0.0,0.0,0.0019124294712310323,0.38248592008364557,0.001912429600418228,0.0,0.0,0.0,0.0,0.0,0.0,0.0,0.0,0.0,5.2997670185669555e-05,0.01059943562602313,5.299717813011565e-05,0.0,0.0,0.0,True,2,False,Im|Va,ng_only
791,Bt_plus_all_10_NG,98,91.02981779915208,on,ng_high_bt_low,0.1,1.0,0.001,no_extinction_control,False,20,0.001965427141411962,3.0919903262242415e-47,0.39308535570916603,3.175477296773151e-47,0.0019654267785458304,1.5877386483865755e-49,4.032190224378951e-06,1.3424768228456621e-39,2.8331446714873784e-39,1.4165723357436892e-41,2.997607164815806e-37,8.589500743543368e-37,4.294750371771684e-39,1.793021457991626e-41,2.9883967817315975e-41,1.4941983908657987e-43,3.274351840245039e-35,1.2157232282990133e-34,6.078616141495066e-37,1.3835226180619296e-34,5.565297010877156e-34,2.7826485054385783e-36,0.0019124294712327197,0.38248592008382404,0.0019124296004191202,1.0202672864860608e-34,4.039809229925739e-34,2.0199046149628693e-36,1.7652389168280845e-36,5.570760171001539e-36,2.7853800855007696e-38,4.7500545165295016e-33,2.3302128088998136e-32,1.1651064044499068e-34,5.2997670179242465e-05,0.010599435625342003,5.299717812671002e-05,3.0919903262242415e-47,3.175477296773151e-47,1.5877386483865755e-49,True,2,False,Im|Va,ng_only
792,Bt_plus_all_10_NG,99,100.0,off,ng_low_bt_high,0.0001,0.001,1.0,hard_extinction,True,20,0.001966456793203798,0.0,0.3932913430110953,0.0,0.0019664567150554763,0.0,8.591026245952094e-07,0.0,0.0,0.0,0.0,0.0,0.0,0.0,0.0,0.0,0.0,0.0,0.0,0.0,0.0,0.0,0.0019120457108266148,0.38240914806236936,0.0019120457403118468,0.0,0.0,0.0,0.0,0.0,0.0,0.0,0.0,0.0,5.441108237718294e-05,0.010882194948725919,5.441097474362959e-05,0.0,0.0,0.0,True,2,False,Im|Va,ng_only
793,Bt_plus_all_10_NG,99,100.0,off,ng_low_bt_high,0.0001,0.001,1.0,no_extinction_control,False,20,0.0019664760416420782,3.0981883163091543e-44,0.3932938960596579,3.1806327351710034e-44,0.00196646948029829,1.5903163675855017e-46,0.22736191533917705,7.945242718240219e-25,1.365088520529955e-23,6.825442602649776e-26,6.083644947840425e-09,7.625137833214082e-07,3.812568916607041e-09,3.049979761674416e-08,4.100208809926271e-06,2.0501044049631356e-08,1.3788467248551828e-23,2.845913010409248e-22,1.4229565052046241e-24,4.2189437302826083e-22,1.0402410500163425e-20,5.2012052500817125e-23,0.0019120282573659607,0.3824068205455743,0.0019120341027278715,2.418178316667393e-21,6.432796351372124e-20,3.216398175686062e-22,2.1405800221419433e-12,1.721156573707726e-10,8.605782868538631e-13,2.0694035420050247e-24,3.84077599338338e-23,1.92038799669169e-25,5.4411198692972866e-05,0.010882212619374748,5.441106309687374e-05,3.0981883163091543e-44,3.1806327351710034e-44,1.5903163675855017e-46,False,2,False,Im|Va,ng_only
794,Bt_plus_all_10_NG,99,100.0,off,ng_high_bt_low,0.1,1.0,0.001,hard_extinction,True,20,0.0019664573940484853,0.0,0.393291405585409,0.0,0.001966457027927045,0.0,4.0248399493236775e-06,0.0,0.0,0.0,0.0,0.0,0.0,0.0,0.0,0.0,0.0,0.0,0.0,0.0,0.0,0.0,0.0019120454841245519,0.3824091244530287,0.0019120456222651435,0.0,0.0,0.0,0.0,0.0,0.0,0.0,0.0,0.0,5.44119099239335e-05,0.010882281132380257,5.4411405661901285e-05,0.0,0.0,0.0,True,2,False,Im|Va,ng_only
795,Bt_plus_all_10_NG,99,100.0,off,ng_high_bt_low,0.1,1.0,0.001,no_extinction_control,False,20,0.0019664954247916168,3.067229881436637e-47,0.39329642830905814,3.148850490113613e-47,0.0019664821415452905,1.5744252450568064e-49,0.3525932986182436,3.5071897715121625e-23,6.025779679460483e-22,3.0128898397302414e-24,1.5556613198077597e-08,1.9496530054776498e-06,9.748265027388249e-09,5.566375734944043e-08,7.4804870713050504e-06,3.740243535652525e-08,8.061939455559876e-22,1.663969037441452e-20,8.31984518720726e-23,2.022026523014637e-20,4.98559711667236e-19,2.4927985583361802e-21,0.0019120120993194344,0.38240468636932345,0.0019120234318466172,6.535142047569759e-20,1.7384689369330514e-18,8.692344684665257e-21,1.3239550315703111e-11,1.0645411648006946e-09,5.322705824003473e-12,1.118370266277363e-22,2.0756743651567877e-21,1.0378371825783938e-23,5.441209186208449e-05,0.010882310735116748,5.441155367558374e-05,3.067229881436637e-47,3.148850490113613e-47,1.5744252450568064e-49,False,2,False,Im|Va,ng_only
796,Bt_plus_all_10_NG,99,100.0,on,ng_low_bt_high,0.0001,0.001,1.0,hard_extinction,True,20,0.0019664567183046884,0.0,0.39329133521077336,0.0,0.001966456676053867,0.0,4.644733024861125e-07,0.0,0.0,0.0,0.0,0.0,0.0,0.0,0.0,0.0,0.0,0.0,0.0,0.0,0.0,0.0,0.0019120457390859281,0.38240915100540734,0.0019120457550270368,0.0,0.0,0.0,0.0,0.0,0.0,0.0,0.0,0.0,5.441097921876026e-05,0.010882184205366033,5.4410921026830164e-05,0.0,0.0,0.0,True,2,False,Im|Va,ng_only
797,Bt_plus_all_10_NG,99,100.0,on,ng_low_bt_high,0.0001,0.001,1.0,no_extinction_control,False,20,0.001966456718304059,3.098122692244263e-44,0.3932913352107083,3.1805653529875195e-44,0.0019664566760535414,1.5902826764937597e-46,4.644699886924286e-07,3.151009060157761e-42,6.649846296542547e-42,3.3249231482712734e-44,1.089039167651838e-39,3.120589932559795e-39,1.5602949662798976e-41,3.388879128404259e-44,5.648184206531648e-44,2.824092103265824e-46,1.5947270533378257e-37,5.921009152744402e-37,2.960504576372201e-39,7.414464925296973e-37,2.9825099322669195e-36,1.4912549661334598e-38,0.0019120457390861645,0.3824091510054324,0.001912045755027162,5.44293745811759e-37,2.1551635804126523e-36,1.0775817902063262e-38,7.066042934654595e-39,2.2299095135900416e-38,1.1149547567950208e-40,3.140959142921288e-35,1.538473581784788e-34,7.69236790892394e-37,5.4410979217894584e-05,0.010882184205275909,5.441092102637954e-05,3.098122692244263e-44,3.1805653529875195e-44,1.5902826764937597e-46,True,2,False,Im|Va,ng_only
798,Bt_plus_all_10_NG,99,100.0,on,ng_high_bt_low,0.1,1.0,0.001,hard_extinction,True,20,0.0019664572005587224,0.0,0.39329138543468406,0.0,0.0019664569271734206,0.0,3.0053789270567677e-06,0.0,0.0,0.0,0.0,0.0,0.0,0.0,0.0,0.0,0.0,0.0,0.0,0.0,0.0,0.0,0.0019120455571301686,0.38240913205596,0.0019120456602798,0.0,0.0,0.0,0.0,0.0,0.0,0.0,0.0,0.0,5.441164342855364e-05,0.010882253378724087,5.4411266893620436e-05,0.0,0.0,0.0,True,2,False,Im|Va,ng_only
799,Bt_plus_all_10_NG,99,100.0,on,ng_high_bt_low,0.1,1.0,0.001,no_extinction_control,False,20,0.0019664572005550374,3.068017316006973e-47,0.39329138543430064,3.1496588570140732e-47,0.0019664569271715033,1.5748294285070365e-49,3.005359511476513e-06,1.3424759084803911e-39,2.8331427418234553e-39,1.4165713709117275e-41,2.9976059039589416e-37,8.589497130617982e-37,4.294748565308991e-39,1.7929040329914645e-41,2.9882010715848957e-41,1.4941005357924478e-43,3.2744310889677276e-35,1.2157526522942616e-34,6.078763261471308e-37,1.3835574779208169e-34,5.56543723833785e-34,2.782718619168925e-36,0.0019120455571315581,0.382409132056105,0.001912045660280525,1.0202672440796858e-34,4.039809062015173e-34,2.0199045310075865e-36,1.7652388500877766e-36,5.5707599599534306e-36,2.7853799799767154e-38,4.637465189366789e-33,2.271476530850652e-32,1.1357382654253261e-34,5.441164342347911e-05,0.010882253378195674,5.441126689097837e-05,3.068017316006973e-47,3.1496588570140732e-47,1.5748294285070365e-49,True,2,False,Im|Va,ng_only
